Profiling information for program='/home/gmap/mrpm/marguina/gpupack/pack/49t2_openacc-bench-notransfer.01.INTEL2302.2d/bin/MASTERODB', proc#1:
	No. of instrumented routines called : 1748
	Instrumentation started : 20240717 084447
	Instrumentation   ended : 20240717 090044
	Instrumentation overhead: 0.59%
	Memory usage : 13976 MB (heap), 24645 MB (rss), 1502 MB (stack), 166722 MB (vmpeak), 0 (paging)
	Wall-time is 953.49 sec on proc#1 (12 procs, 32 threads)
	Thread#1:      951.55 sec (99.80%) -- Cycles: 2153466452048 (2154292455015)
	Thread#2:       41.73 sec (4.38%) -- Cycles: 94513771967 (2154292463182)
	Thread#3:       41.71 sec (4.37%) -- Cycles: 94481904758 (2154292452923)
	Thread#4:       41.73 sec (4.38%) -- Cycles: 94527128507 (2154292452383)
	Thread#5:       42.18 sec (4.42%) -- Cycles: 95544866638 (2154292473465)
	Thread#6:       42.00 sec (4.40%) -- Cycles: 95132685997 (2154292484243)
	Thread#7:       42.12 sec (4.42%) -- Cycles: 95417174815 (2154292475557)
	Thread#8:       41.81 sec (4.38%) -- Cycles: 94665639090 (2154292474522)
	Thread#9:       41.72 sec (4.38%) -- Cycles: 94535374927 (2154292476930)
	Thread#10:       41.77 sec (4.38%) -- Cycles: 94627173922 (2154292487393)
	Thread#11:       41.81 sec (4.38%) -- Cycles: 94715114202 (2154292477222)
	Thread#12:       41.84 sec (4.39%) -- Cycles: 94787895290 (2154292477898)
	Thread#13:       41.21 sec (4.32%) -- Cycles: 93377829521 (2154292466985)
	Thread#14:       41.11 sec (4.31%) -- Cycles: 93150592046 (2154292472677)
	Thread#15:       41.07 sec (4.31%) -- Cycles: 93005333781 (2154292468470)
	Thread#16:       40.99 sec (4.30%) -- Cycles: 92829696910 (2154292468358)
	Thread#17:       38.75 sec (4.06%) -- Cycles: 87867376113 (2154292476727)
	Thread#18:       38.78 sec (4.07%) -- Cycles: 87909416854 (2154292494525)
	Thread#19:       38.83 sec (4.07%) -- Cycles: 88016513190 (2154292479585)
	Thread#20:       38.85 sec (4.07%) -- Cycles: 88086077589 (2154292472633)
	Thread#21:       38.81 sec (4.07%) -- Cycles: 88001711769 (2154292519815)
	Thread#22:       38.84 sec (4.07%) -- Cycles: 88051729039 (2154292537253)
	Thread#23:       38.81 sec (4.07%) -- Cycles: 87949686576 (2154292521255)
	Thread#24:       38.82 sec (4.07%) -- Cycles: 87963649732 (2154292518600)
	Thread#25:       38.90 sec (4.08%) -- Cycles: 88206132691 (2154292497202)
	Thread#26:       38.73 sec (4.06%) -- Cycles: 87820045280 (2154292508025)
	Thread#27:       38.93 sec (4.08%) -- Cycles: 88217752728 (2154292499115)
	Thread#28:       38.91 sec (4.08%) -- Cycles: 88171196675 (2154292495470)
	Thread#29:       38.83 sec (4.07%) -- Cycles: 88014815512 (2154292494615)
	Thread#30:       38.63 sec (4.05%) -- Cycles: 87564796818 (2154292507305)
	Thread#31:       38.75 sec (4.06%) -- Cycles: 87883745720 (2154292494773)
	Thread#32:       38.68 sec (4.06%) -- Cycles: 87662226176 (2154292499227)

    #  % Time         Cumul         Self        Total     # of calls        Self       Total    Routine@<thread-id>
                                                                             (Size; Size/sec; Size/call; MinSize; MaxSize)
        (self)        (sec)        (sec)        (sec)                    ms/call     ms/call

    1     8.44       80.491       80.491      149.706          15764        5.11        9.50    radiation_mcica_sw:solver_mcica_sw_CPU@1
    2     6.55      142.907       62.416       62.691         923482        0.07        0.07    RANDOM_NUMBERS_MIX:INITIALIZE_RANDOM_NUMBERS@1
    3     6.45      204.370       61.463       61.498          83324        0.74        0.74    CONVECT_TRIGGER_SHAL@1
    4     5.15      253.445       49.075       49.450         916564        0.05        0.05    LAITRI_VECTOR@1
    5     5.09      301.987       48.542      118.207          15764        3.08        7.50    radiation_mcica_lw:solver_mcica_lw_CPU@1
    6     4.27      342.685       40.698       40.698             74      549.97      549.98    SLCOMM3:SLCOMM3_INT@1
    7     3.49      375.932       33.247       97.355        1008812        0.03        0.10    radiation_cloud_generator:cloud_generator_CPU@1
    8     3.49      409.162       33.230       33.230             37      898.11      898.12    ACVPPKF_PARALLEL:PART3:COMPUTE@1
    9     3.17      439.342       30.180       30.180             37      815.68      815.68    ACVPPKF_PARALLEL:PART0:COMPUTE@1
   10     3.09      468.832       29.490       29.645          15764        1.87        1.88    radiation_aerosol_optics:add_aerosol_optics_CPU@1
   11     3.01      497.524       28.692      122.781          15764        1.82        7.79    radiation_ifs_rrtm:gas_optics_rrtm_CPU@1
   12     2.82      524.378       26.854       26.856           3300        8.14        8.14    DELETE_TEMPORARIES@1
   13     2.62      549.396       25.018       25.018             37      676.17      676.17    APL_ARPEGE_INIT_PARALLEL:3:COMPUTE@1
   14     2.30      571.341       21.945       22.339         966147        0.02        0.02    radiation_adding_ica_sw:adding_ica_sw_CPU@1
   15     2.08      591.205       19.864       19.874          23615        0.84        0.84   *VERINT@1
   16     1.50      605.517       14.312       16.691             37      386.81      451.12    LATTEX_PARALLEL:MAIN:COMPUTE@1
   17     1.49      619.705       14.188       15.121          17752        0.80        0.85    CONVECT_CLOSURE_SHAL@1
   18     1.47      633.740       14.035      778.013             37      379.34    21027.37    CPG_DRV@1
   19     1.11      644.344       10.603       10.603             37      286.58      286.58    APL_ARPEGE_INIT_PARALLEL:4:COMPUTE@1
   20     0.96      653.456        9.112        9.120          15764        0.58        0.58    radiation_ifs_rrtm:planck_function_atmos_CPU@1
   21     0.94      662.422        8.966       49.905          15764        0.57        3.17    RRTM_GAS_OPTICAL_DEPTH_CPU@1
   22     0.87      670.705        8.283        8.650         966147        0.01        0.01    radiation_adding_ica_lw:calc_fluxes_no_scattering_lw_CPU@1
   23     0.84      678.699        7.994       28.355          15764        0.51        1.80    SRTM_GAS_OPTICAL_DEPTH_CPU@1
   24     0.76      685.955        7.256       68.776          83324        0.09        0.83    SHALLOW_CONVECTION_PART1@1
   25     0.73      692.868        6.913        6.913              7      987.62      987.62    RECMWF_PARALLEL:PREPARE:COMPUTE@1
   26     0.69      699.448        6.581        7.393        2982336        0.00        0.00    CONVECT_CONDENS@1
   27     0.65      705.673        6.225        6.225             37      168.24      168.25    TRLTOM@1
   28     0.63      711.637        5.963        5.964             37      161.17      161.18    APL_ARPEGE_INIT_PARALLEL:5:COMPUTE@1
   29     0.59      717.236        5.600        5.759         504406        0.01        0.01    radiation_lw_derivatives:calc_lw_derivatives_ica_CPU@1
   30     0.58      722.784        5.548        5.673         356939        0.02        0.02   *LAITLI@1
   31     0.57      728.242        5.458        5.492          83324        0.07        0.07    ARP_GROUND_PARAM@1
   32     0.57      733.648        5.406        5.406             41      131.85      131.86    TRLTOG@1
   33     0.56      738.995        5.347        5.354          15764        0.34        0.34    RRTM_TAUMOL3_CPU@1
   34     0.56      744.313        5.318        8.995          83324        0.06        0.11    ACDIFV1@1
   35     0.54      749.439        5.126        5.126             37      138.55      138.55    MF_PHYS_INIT_PARALLEL:ZERO:COMPUTE@1
   36     0.53      754.445        5.006       45.705             74       67.65      617.63    SLCOMM3@1
   37     0.52      759.442        4.997        5.004          15764        0.32        0.32    RRTM_TAUMOL5_CPU@1
   38     0.49      764.086        4.644        4.767         412659        0.01        0.01    radiation_lw_derivatives:modify_lw_derivatives_ica_CPU@1
   39     0.48      764.086        4.533        4.545          21016        0.22        0.22    VERINT@12
   40     0.47      764.086        4.518        4.530          21016        0.21        0.22    VERINT@10
   41     0.47      764.086        4.517        4.528          21016        0.21        0.22    VERINT@2
   42     0.47      764.086        4.516        4.528          21016        0.21        0.22    VERINT@11
   43     0.47      764.086        4.515        4.528          21016        0.21        0.22    VERINT@9
   44     0.47      764.086        4.511        4.524          21016        0.21        0.22    VERINT@5
   45     0.47      764.086        4.511        4.520          21016        0.21        0.22    VERINT@8
   46     0.47      764.086        4.510        4.521          21016        0.21        0.22    VERINT@7
   47     0.47      764.086        4.508        4.519          21016        0.21        0.22    VERINT@6
   48     0.47      764.086        4.500        4.511          21016        0.21        0.21    VERINT@3
   49     0.47      764.086        4.498        4.510          21016        0.21        0.21    VERINT@4
   50     0.47      764.086        4.478        4.487          20720        0.22        0.22    VERINT@27
   51     0.47      764.086        4.475        4.484          20720        0.22        0.22    VERINT@15
   52     0.47      764.086        4.474        4.483          20720        0.22        0.22    VERINT@30
   53     0.47      764.086        4.471        4.484          20720        0.22        0.22    VERINT@21
   54     0.47      764.086        4.469        4.481          20720        0.22        0.22    VERINT@18
   55     0.47      764.086        4.463        4.472          20720        0.22        0.22    VERINT@16
   56     0.47      764.086        4.462        4.475          20720        0.22        0.22    VERINT@13
   57     0.47      764.086        4.459        4.473          20720        0.22        0.22    VERINT@31
   58     0.47      764.086        4.457        4.470          20720        0.22        0.22    VERINT@14
   59     0.47      764.086        4.457        4.469          20720        0.22        0.22    VERINT@26
   60     0.47      764.086        4.456        4.466          20720        0.22        0.22    VERINT@28
   61     0.47      764.086        4.456        4.468          20720        0.22        0.22    VERINT@25
   62     0.47      764.086        4.454        4.464          20720        0.21        0.22    VERINT@24
   63     0.47      764.086        4.454        4.463          20720        0.21        0.22    VERINT@23
   64     0.47      764.086        4.453        4.465          20720        0.21        0.22    VERINT@22
   65     0.47      764.086        4.452        4.464          20720        0.21        0.22    VERINT@19
   66     0.47      764.086        4.450        4.460          20720        0.21        0.22    VERINT@29
   67     0.47      764.086        4.450        4.462          20720        0.21        0.22    VERINT@20
   68     0.47      764.086        4.450        4.462          20720        0.21        0.22    VERINT@17
   69     0.47      768.531        4.445        4.914             72       61.74       68.25    EXCHANGE_MS:EXCHANGE@1
   70     0.47      768.531        4.434        4.443          20720        0.21        0.21    VERINT@32
   71     0.46      772.928        4.397        4.404          15764        0.28        0.28    RRTM_TAUMOL9_CPU@1
   72     0.46      777.300        4.372        4.378          15764        0.28        0.28    ACRALU@1
   73     0.39      781.022        3.722        3.723             57       65.30       65.31    TRGTOL@1
   74     0.39      784.724        3.702        3.708          15764        0.23        0.24    RRTM_TAUMOL4_CPU@1
   75     0.38      788.335        3.611        3.619          15764        0.23        0.23    RRTM_SETCOEF_140GP_CPU@1
   76     0.38      791.938        3.603        3.610          15764        0.23        0.23    radiation_cloud_optics:cloud_optics_CPU@1
   77     0.37      795.511        3.573        3.580          15764        0.23        0.23    RRTM_TAUMOL7_CPU@1
   78     0.37      799.033        3.522        3.654         416620        0.01        0.01    TRIDIFV1@1
   79     0.33      802.187        3.154       11.776          17752        0.18        0.66    CONVECT_UPDRAFT_SHAL@1
   80     0.31      805.129        2.942        2.944             39       75.44       75.48    COMMSPNORM@1
   81     0.30      807.992        2.863        2.863             37       77.38       77.38    APL_ARPEGE_INIT_PARALLEL:2:COMPUTE@1
   82     0.28      810.677        2.684        2.710          83324        0.03        0.03    ACDAYD@1
   83     0.27      813.294        2.617        2.647          83324        0.03        0.03    ACDIFV2@1
   84     0.26      815.807        2.513        2.520          15764        0.16        0.16    RRTM_TAUMOL1_CPU@1
   85     0.26      818.306        2.499      954.041              1     2499.31   954040.67    CNT4@1
   86     0.26      820.787        2.480        2.481             41       60.49       60.50    TRMTOL@1
   87     0.26      823.234        2.447        2.454          15764        0.16        0.16    SRTM_TAUMOL17_CPU@1
   88     0.25      825.612        2.378        2.384          15764        0.15        0.15    RRTM_TAUMOL8_CPU@1
   89     0.24      827.909        2.297        2.379         249972        0.01        0.01    LATTEX_DNT@1
   90     0.24      830.152        2.244      430.440          15764        0.14       27.31    RADIATION_SCHEME_CPU@1
   91     0.23      832.376        2.223        2.226           2627        0.85        0.85   *CPTEND_NEW@12
   92     0.23      832.376        2.220        2.222           2627        0.85        0.85    CPTEND_NEW@8
   93     0.23      832.376        2.215        2.217           2627        0.84        0.84    CPTEND_NEW@9
   94     0.23      834.588        2.212        2.219          15764        0.14        0.14    SRTM_TAUMOL21_CPU@1
   95     0.23      834.588        2.208        2.210           2627        0.84        0.84    CPTEND_NEW@11
   96     0.23      834.588        2.203        2.205           2590        0.85        0.85    CPTEND_NEW@16
   97     0.23      834.588        2.201        2.204           2627        0.84        0.84    CPTEND_NEW@7
   98     0.23      834.588        2.198        2.200           2590        0.85        0.85    CPTEND_NEW@13
   99     0.23      834.588        2.188        2.190           2627        0.83        0.83    CPTEND_NEW@3
  100     0.23      834.588        2.184        2.186           2590        0.84        0.84    CPTEND_NEW@25
  101     0.23      834.588        2.183        2.186           2627        0.83        0.83    CPTEND_NEW@10
  102     0.23      834.588        2.180        2.182           2590        0.84        0.84    CPTEND_NEW@15
  103     0.23      834.588        2.180        2.182           2627        0.83        0.83    CPTEND_NEW@4
  104     0.23      834.588        2.177        2.179           2590        0.84        0.84    CPTEND_NEW@20
  105     0.23      834.588        2.176        2.179           2627        0.83        0.83    CPTEND_NEW@5
  106     0.23      834.588        2.174        2.177           2590        0.84        0.84    CPTEND_NEW@14
  107     0.23      834.588        2.172        2.175           2590        0.84        0.84    CPTEND_NEW@28
  108     0.23      834.588        2.172        2.175           2590        0.84        0.84    CPTEND_NEW@21
  109     0.23      834.588        2.172        2.174           2590        0.84        0.84    CPTEND_NEW@29
  110     0.23      834.588        2.172        2.174           2627        0.83        0.83    CPTEND_NEW@6
  111     0.23      834.588        2.169        2.172           2590        0.84        0.84    CPTEND_NEW@24
  112     0.23      834.588        2.169        2.171           2590        0.84        0.84    CPTEND_NEW@32
  113     0.23      834.588        2.165        2.167           2627        0.82        0.83    CPTEND_NEW@2
  114     0.23      834.588        2.164        2.166           2627        0.82        0.82    CPTEND_NEW@1
  115     0.23      834.588        2.162        2.165           2590        0.83        0.84    CPTEND_NEW@17
  116     0.23      834.588        2.158        2.161           2590        0.83        0.83    CPTEND_NEW@23
  117     0.23      834.588        2.152        2.154           2590        0.83        0.83    CPTEND_NEW@27
  118     0.23      834.588        2.151        2.154           2590        0.83        0.83    CPTEND_NEW@22
  119     0.23      834.588        2.146        2.149           2590        0.83        0.83    CPTEND_NEW@30
  120     0.23      834.588        2.146        2.149           2590        0.83        0.83    CPTEND_NEW@26
  121     0.22      834.588        2.143        2.145           2590        0.83        0.83    CPTEND_NEW@19
  122     0.22      834.588        2.138        2.141           2590        0.83        0.83    CPTEND_NEW@31
  123     0.22      836.726        2.138        2.145          15764        0.14        0.14    RRTM_TAUMOL13_CPU@1
  124     0.22      836.726        2.137        2.139           2590        0.83        0.83    CPTEND_NEW@18
  125     0.22      838.782        2.056        2.060           2590        0.79        0.80   *CPG_SL1B_TYPE_SHUFFLE_PB1@28
  126     0.22      838.782        2.056        2.059           2590        0.79        0.80    CPG_SL1B_TYPE_SHUFFLE_PB1@27
  127     0.22      838.782        2.055        2.059           2590        0.79        0.79    CPG_SL1B_TYPE_SHUFFLE_PB1@25
  128     0.22      838.782        2.054        2.058           2590        0.79        0.79    CPG_SL1B_TYPE_SHUFFLE_PB1@26
  129     0.22      840.834        2.052        2.059          15764        0.13        0.13    RRTM_TAUMOL12_CPU@1
  130     0.22      840.834        2.050        2.054           2627        0.78        0.78    CPG_SL1B_TYPE_SHUFFLE_PB1@12
  131     0.22      840.834        2.050        2.054           2627        0.78        0.78    CPG_SL1B_TYPE_SHUFFLE_PB1@9
  132     0.21      840.834        2.050        2.053           2627        0.78        0.78    CPG_SL1B_TYPE_SHUFFLE_PB1@11
  133     0.21      840.834        2.049        2.052           2627        0.78        0.78    CPG_SL1B_TYPE_SHUFFLE_PB1@7
  134     0.21      840.834        2.049        2.052           2627        0.78        0.78    CPG_SL1B_TYPE_SHUFFLE_PB1@8
  135     0.21      840.834        2.048        2.052           2627        0.78        0.78    CPG_SL1B_TYPE_SHUFFLE_PB1@5
  136     0.21      840.834        2.048        2.051           2627        0.78        0.78    CPG_SL1B_TYPE_SHUFFLE_PB1@10
  137     0.21      840.834        2.047        2.050           2627        0.78        0.78    CPG_SL1B_TYPE_SHUFFLE_PB1@6
  138     0.21      840.834        2.044        2.047           2590        0.79        0.79    CPG_SL1B_TYPE_SHUFFLE_PB1@32
  139     0.21      840.834        2.044        2.047           2590        0.79        0.79    CPG_SL1B_TYPE_SHUFFLE_PB1@16
  140     0.21      840.834        2.043        2.046           2590        0.79        0.79    CPG_SL1B_TYPE_SHUFFLE_PB1@19
  141     0.21      840.834        2.042        2.045           2590        0.79        0.79    CPG_SL1B_TYPE_SHUFFLE_PB1@20
  142     0.21      840.834        2.042        2.045           2590        0.79        0.79    CPG_SL1B_TYPE_SHUFFLE_PB1@17
  143     0.21      840.834        2.041        2.044           2590        0.79        0.79    CPG_SL1B_TYPE_SHUFFLE_PB1@24
  144     0.21      840.834        2.039        2.042           2590        0.79        0.79    CPG_SL1B_TYPE_SHUFFLE_PB1@21
  145     0.21      840.834        2.038        2.042           2590        0.79        0.79    CPG_SL1B_TYPE_SHUFFLE_PB1@18
  146     0.21      840.834        2.038        2.041           2590        0.79        0.79    CPG_SL1B_TYPE_SHUFFLE_PB1@23
  147     0.21      840.834        2.038        2.041           2590        0.79        0.79    CPG_SL1B_TYPE_SHUFFLE_PB1@15
  148     0.21      840.834        2.037        2.040           2590        0.79        0.79    CPG_SL1B_TYPE_SHUFFLE_PB1@31
  149     0.21      840.834        2.037        2.040           2590        0.79        0.79    CPG_SL1B_TYPE_SHUFFLE_PB1@22
  150     0.21      840.834        2.036        2.040           2590        0.79        0.79    CPG_SL1B_TYPE_SHUFFLE_PB1@13
  151     0.21      840.834        2.036        2.040           2627        0.78        0.78    CPG_SL1B_TYPE_SHUFFLE_PB1@1
  152     0.21      840.834        2.035        2.038           2590        0.79        0.79    CPG_SL1B_TYPE_SHUFFLE_PB1@14
  153     0.21      840.834        2.035        2.039           2590        0.79        0.79    CPG_SL1B_TYPE_SHUFFLE_PB1@29
  154     0.21      840.834        2.033        2.037           2627        0.77        0.78    CPG_SL1B_TYPE_SHUFFLE_PB1@4
  155     0.21      840.834        2.030        2.033           2590        0.78        0.78    CPG_SL1B_TYPE_SHUFFLE_PB1@30
  156     0.21      840.834        2.029        2.032           2627        0.77        0.77    CPG_SL1B_TYPE_SHUFFLE_PB1@3
  157     0.21      840.834        2.027        2.030           2627        0.77        0.77    CPG_SL1B_TYPE_SHUFFLE_PB1@2
  158     0.21      842.854        2.020        3.623          10508        0.19        0.34   *LASCAW@9
  159     0.21      844.872        2.018        2.025          15764        0.13        0.13    RRTM_TAUMOL2_CPU@1
  160     0.21      844.872        2.014        3.616          10508        0.19        0.34    LASCAW@12
  161     0.21      844.872        2.014        3.605          10508        0.19        0.34    LASCAW@10
  162     0.21      844.872        2.011        3.611          10508        0.19        0.34    LASCAW@11
  163     0.21      844.872        2.003        3.598          10508        0.19        0.34    LASCAW@8
  164     0.21      844.872        2.003        3.583          10508        0.19        0.34    LASCAW@6
  165     0.21      844.872        1.997        3.599          10508        0.19        0.34    LASCAW@5
  166     0.21      844.872        1.996        3.592          10508        0.19        0.34    LASCAW@7
  167     0.21      844.872        1.996        3.547          10360        0.19        0.34    LASCAW@22
  168     0.21      844.872        1.995        3.552          10360        0.19        0.34    LASCAW@18
  169     0.21      844.872        1.994        3.578          10360        0.19        0.35    LASCAW@20
  170     0.21      844.872        1.991        3.583          10360        0.19        0.35    LASCAW@14
  171     0.21      844.872        1.991        3.588          10360        0.19        0.35    LASCAW@16
  172     0.21      844.872        1.989        3.571          10360        0.19        0.34    LASCAW@25
  173     0.21      844.872        1.989        3.595          10360        0.19        0.35    LASCAW@13
  174     0.21      844.872        1.988        3.575          10360        0.19        0.35    LASCAW@21
  175     0.21      844.872        1.988        3.581          10360        0.19        0.35    LASCAW@15
  176     0.21      844.872        1.987        3.572          10360        0.19        0.34    LASCAW@17
  177     0.21      844.872        1.986        3.565          10360        0.19        0.34    LASCAW@26
  178     0.21      844.872        1.982        3.538          10508        0.19        0.34    LASCAW@1
  179     0.21      844.872        1.982        3.576          10360        0.19        0.35    LASCAW@28
  180     0.21      844.872        1.981        3.560          10360        0.19        0.34    LASCAW@19
  181     0.21      844.872        1.977        3.568          10360        0.19        0.34    LASCAW@27
  182     0.21      844.872        1.974        3.528          10508        0.19        0.34    LASCAW@2
  183     0.21      844.872        1.972        3.553          10360        0.19        0.34    LASCAW@23
  184     0.21      844.872        1.971        3.527          10508        0.19        0.34    LASCAW@4
  185     0.21      846.841        1.969        1.998          83324        0.02        0.02    LAIDDI@1
  186     0.21      846.841        1.968        3.553          10360        0.19        0.34    LASCAW@24
  187     0.21      848.807        1.965        1.972          15764        0.12        0.13    SRTM_TAUMOL24_CPU@1
  188     0.21      848.807        1.965        3.462          10360        0.19        0.33    LASCAW@30
  189     0.21      848.807        1.964        3.511          10360        0.19        0.34    LASCAW@29
  190     0.21      848.807        1.960        3.522          10508        0.19        0.34    LASCAW@3
  191     0.20      848.807        1.953        3.482          10360        0.19        0.34    LASCAW@31
  192     0.20      848.807        1.950        3.476          10360        0.19        0.34    LASCAW@32
  193     0.20      850.680        1.873        1.874            314        5.96        5.97   *FFT992@2
  194     0.20      852.549        1.870        1.877          15764        0.12        0.12    SRTM_TAUMOL20_CPU@1
  195     0.19      852.549        1.852        1.853            321        5.77        5.77    FFT992@5
  196     0.19      852.549        1.852        1.853            347        5.34        5.34    FFT992@4
  197     0.19      852.549        1.842        1.843            342        5.39        5.39    FFT992@1
  198     0.19      852.549        1.809        1.810            332        5.45        5.45    FFT992@3
  199     0.18      854.309        1.759        1.766          15764        0.11        0.11    SRTM_TAUMOL19_CPU@1
  200     0.18      856.056        1.747        1.754          15764        0.11        0.11    SRTM_TAUMOL18_CPU@1
  201     0.18      857.790        1.734        1.741          15764        0.11        0.11    RRTM_TAUMOL11_CPU@1
  202     0.18      859.520        1.730        1.736          15764        0.11        0.11    SRTM_SETCOEF_CPU@1
  203     0.18      859.520        1.713        1.715            358        4.79        4.79    FFT992@7
  204     0.18      859.520        1.690        1.692            365        4.63        4.63    FFT992@6
  205     0.17      861.187        1.667        1.673          15764        0.11        0.11    SRTM_TAUMOL23_CPU@1
  206     0.17      862.844        1.657        1.664          15764        0.11        0.11    RRTM_TAUMOL6_CPU@1
  207     0.17      862.844        1.615        1.617            964        1.68        1.68    FFT992@32
  208     0.17      862.844        1.587        1.589            374        4.24        4.25    FFT992@8
  209     0.16      862.844        1.547        1.549            925        1.67        1.67    FFT992@31
  210     0.16      864.360        1.516        1.522          15764        0.10        0.10    RRTM_TAUMOL10_CPU@1
  211     0.16      864.360        1.505        1.507            830        1.81        1.82    FFT992@24
  212     0.16      864.360        1.505        1.507            927        1.62        1.63    FFT992@30
  213     0.16      864.360        1.500        1.502            899        1.67        1.67    FFT992@29
  214     0.16      864.360        1.499        1.501            466        3.22        3.22    FFT992@12
  215     0.16      864.360        1.499        1.501            756        1.98        1.99    FFT992@21
  216     0.16      864.360        1.484        1.486            813        1.83        1.83    FFT992@23
  217     0.16      864.360        1.482        1.483            400        3.70        3.71    FFT992@10
  218     0.15      864.360        1.477        1.479            817        1.81        1.81    FFT992@25
  219     0.15      864.360        1.474        1.476            404        3.65        3.65    FFT992@9
  220     0.15      864.360        1.474        1.476            783        1.88        1.88    FFT992@22
  221     0.15      864.360        1.469        1.471            456        3.22        3.23    FFT992@11
  222     0.15      864.360        1.463        1.465            693        2.11        2.11    FFT992@17
  223     0.15      864.360        1.461        1.463            845        1.73        1.73    FFT992@27
  224     0.15      864.360        1.453        1.455            842        1.73        1.73    FFT992@26
  225     0.15      864.360        1.444        1.445            732        1.97        1.97    FFT992@19
  226     0.15      865.798        1.437        1.444          15764        0.09        0.09    SRTM_TAUMOL16_CPU@1
  227     0.15      865.798        1.434        1.435            725        1.98        1.98    FFT992@20
  228     0.15      865.798        1.428        1.430            858        1.66        1.67    FFT992@28
  229     0.15      865.798        1.406        1.408            535        2.63        2.63    FFT992@13
  230     0.15      865.798        1.402        1.403            715        1.96        1.96    FFT992@18
  231     0.15      867.192        1.394        1.395             37       37.69       37.70    CPG_SL1B_TYPE_SET_HOST_PARALLEL@1
  232     0.15      868.582        1.390        1.396          15764        0.09        0.09    SRTM_TAUMOL29_CPU@1
  233     0.14      869.933        1.351        3.176             37       36.52       85.84    LARMES_PARALLEL:LARMES:COMPUTE@1
  234     0.14      869.933        1.341        1.342            562        2.39        2.39    FFT992@14
  235     0.14      869.933        1.340        1.341            588        2.28        2.28    FFT992@15
  236     0.13      869.933        1.250        1.252            624        2.00        2.01    FFT992@16
  237     0.13      871.167        1.234        1.240          15764        0.08        0.08    SRTM_TAUMOL28_CPU@1
  238     0.13      872.396        1.229        3.395             37       33.21       91.76    APL_ARPEGE_ATMOSPHERE_UPDATE_PARALLEL:CPTEND_NEW:COMPUTE@1
  239     0.13      873.615        1.218        1.226          15764        0.08        0.08    RRTM_PREPARE_GASES_CPU@1
  240     0.13      874.811        1.197        1.199           2627        0.46        0.46   *ACTURB@5
  241     0.13      874.811        1.193        1.196           2627        0.45        0.46    ACTURB@7
  242     0.13      874.811        1.193        1.195           2627        0.45        0.46    ACTURB@9
  243     0.13      876.004        1.193        1.195           2627        0.45        0.45   *ADVPRCS@6
  244     0.12      876.004        1.192        1.194           2627        0.45        0.45    ACTURB@8
  245     0.12      876.004        1.191        1.194           2627        0.45        0.45    ACTURB@4
  246     0.12      876.004        1.191        1.194           2627        0.45        0.45    ACTURB@3
  247     0.12      876.004        1.191        1.194           2627        0.45        0.45    ACTURB@10
  248     0.12      876.004        1.191        1.193           2627        0.45        0.45    ACTURB@6
  249     0.12      876.004        1.190        1.192           2627        0.45        0.45    ACTURB@1
  250     0.12      876.004        1.187        1.189           2627        0.45        0.45    ACTURB@12
  251     0.12      876.004        1.186        1.188           2627        0.45        0.45    ACTURB@11
  252     0.12      876.004        1.186        1.188           2627        0.45        0.45    ADVPRCS@10
  253     0.12      876.004        1.185        1.187           2627        0.45        0.45    ACTURB@2
  254     0.12      876.004        1.184        1.187           2627        0.45        0.45    ADVPRCS@12
  255     0.12      876.004        1.184        1.187           2627        0.45        0.45    ADVPRCS@9
  256     0.12      876.004        1.183        1.185           2627        0.45        0.45    ADVPRCS@11
  257     0.12      876.004        1.183        1.186           2627        0.45        0.45    ADVPRCS@7
  258     0.12      876.004        1.183        1.185           2627        0.45        0.45    ADVPRCS@4
  259     0.12      876.004        1.183        1.185           2627        0.45        0.45    ADVPRCS@8
  260     0.12      876.004        1.182        1.184           2627        0.45        0.45    ADVPRCS@5
  261     0.12      876.004        1.181        1.183           2627        0.45        0.45    ADVPRCS@2
  262     0.12      876.004        1.180        1.183           2627        0.45        0.45    ADVPRCS@3
  263     0.12      876.004        1.180        1.182           2627        0.45        0.45    ADVPRCS@1
  264     0.12      876.004        1.178        1.180           2590        0.46        0.46    ADVPRCS@23
  265     0.12      876.004        1.174        1.175           2590        0.45        0.45    ADVPRCS@28
  266     0.12      876.004        1.174        1.176           2590        0.45        0.45    ADVPRCS@26
  267     0.12      876.004        1.172        1.175           2590        0.45        0.45    ACTURB@13
  268     0.12      876.004        1.172        1.174           2590        0.45        0.45    ACTURB@14
  269     0.12      876.004        1.172        1.174           2590        0.45        0.45    ADVPRCS@15
  270     0.12      876.004        1.172        1.174           2590        0.45        0.45    ADVPRCS@14
  271     0.12      876.004        1.171        1.173           2590        0.45        0.45    ADVPRCS@16
  272     0.12      876.004        1.170        1.172           2590        0.45        0.45    ACTURB@16
  273     0.12      876.004        1.170        1.171           2590        0.45        0.45    ACTURB@15
  274     0.12      876.004        1.169        1.171           2590        0.45        0.45    ADVPRCS@25
  275     0.12      876.004        1.167        1.170           2590        0.45        0.45    ADVPRCS@17
  276     0.12      876.004        1.167        1.170           2590        0.45        0.45    ADVPRCS@21
  277     0.12      876.004        1.167        1.168           2590        0.45        0.45    ADVPRCS@24
  278     0.12      876.004        1.166        1.169           2590        0.45        0.45    ADVPRCS@13
  279     0.12      876.004        1.166        1.169           2590        0.45        0.45    ADVPRCS@31
  280     0.12      876.004        1.165        1.167           2590        0.45        0.45    ADVPRCS@20
  281     0.12      876.004        1.165        1.167           2590        0.45        0.45    ADVPRCS@27
  282     0.12      876.004        1.165        1.167           2590        0.45        0.45    ADVPRCS@22
  283     0.12      877.167        1.163        1.167           5254        0.22        0.22   *ACNEBSM@1
  284     0.12      877.167        1.163        1.165           2590        0.45        0.45    ADVPRCS@19
  285     0.12      877.167        1.163        1.165           2590        0.45        0.45    ADVPRCS@18
  286     0.12      877.167        1.163        1.165           2590        0.45        0.45    ADVPRCS@32
  287     0.12      877.167        1.163        1.165           2590        0.45        0.45    ADVPRCS@29
  288     0.12      877.167        1.161        1.162           2590        0.45        0.45    ADVPRCS@30
  289     0.12      878.322        1.155        2.985            273        4.23       10.93   *LTINV_MOD@18
  290     0.12      879.474        1.152        1.158          15764        0.07        0.07    RRTM_TAUMOL15_CPU@1
  291     0.12      880.613        1.139        1.140            156        7.30        7.31   *LEINV_DGEMM_1@7
  292     0.12      880.613        1.138        1.138            149        7.64        7.64    LEINV_DGEMM_1@5
  293     0.12      881.749        1.136        1.142          15764        0.07        0.07    RRTM_TAUMOL16_CPU@1
  294     0.12      881.749        1.133        2.877            274        4.14       10.50    LTINV_MOD@20
  295     0.12      881.749        1.129        1.130           2590        0.44        0.44    ACTURB@23
  296     0.12      881.749        1.128        1.131           5254        0.21        0.22    ACNEBSM@6
  297     0.12      881.749        1.127        1.127            156        7.22        7.23    LEINV_DGEMM_1@6
  298     0.12      881.749        1.127        1.129           2590        0.44        0.44    ACTURB@17
  299     0.12      881.749        1.126        1.128           2590        0.43        0.44    ACTURB@22
  300     0.12      881.749        1.125        1.127           2590        0.43        0.44    ACTURB@24
  301     0.12      881.749        1.125        1.126           2590        0.43        0.43    ACTURB@29
  302     0.12      881.749        1.124        1.127           2590        0.43        0.44    ACTURB@21
  303     0.12      881.749        1.124        1.127           2590        0.43        0.44    ACTURB@31
  304     0.12      881.749        1.124        1.127           5254        0.21        0.21    ACNEBSM@8
  305     0.12      881.749        1.124        1.126           2590        0.43        0.43    ACTURB@19
  306     0.12      881.749        1.124        1.127           5254        0.21        0.21    ACNEBSM@2
  307     0.12      881.749        1.124        1.126           2590        0.43        0.43    ACTURB@25
  308     0.12      881.749        1.123        1.125           2590        0.43        0.43    ACTURB@30
  309     0.12      881.749        1.123        1.127           5254        0.21        0.21    ACNEBSM@3
  310     0.12      881.749        1.123        1.125           2590        0.43        0.43    ACTURB@18
  311     0.12      881.749        1.123        1.124           2590        0.43        0.43    ACTURB@27
  312     0.12      881.749        1.122        1.126           5254        0.21        0.21    ACNEBSM@5
  313     0.12      881.749        1.122        1.126           5254        0.21        0.21    ACNEBSM@7
  314     0.12      881.749        1.121        1.126           5254        0.21        0.21    ACNEBSM@4
  315     0.12      881.749        1.121        1.123           2590        0.43        0.43    ACTURB@20
  316     0.12      881.749        1.121        1.123           2590        0.43        0.43    ACTURB@32
  317     0.12      881.749        1.121        1.123           2590        0.43        0.43    ACTURB@28
  318     0.12      881.749        1.121        1.123           2590        0.43        0.43    ACTURB@26
  319     0.12      881.749        1.120        1.125           5254        0.21        0.21    ACNEBSM@9
  320     0.12      881.749        1.119        1.120            154        7.27        7.27    LEINV_DGEMM_1@1
  321     0.12      881.749        1.118        1.122           5254        0.21        0.21    ACNEBSM@10
  322     0.12      881.749        1.117        1.121           5254        0.21        0.21    ACNEBSM@11
  323     0.12      881.749        1.116        1.120           5254        0.21        0.21    ACNEBSM@12
  324     0.12      881.749        1.114        1.114            130        8.57        8.57    LEINV_DGEMM_1@4
  325     0.12      881.749        1.105        1.108           5180        0.21        0.21    ACNEBSM@15
  326     0.12      881.749        1.101        1.106           5180        0.21        0.21    ACNEBSM@13
  327     0.12      881.749        1.099        1.102           5180        0.21        0.21    ACNEBSM@16
  328     0.12      881.749        1.098        2.931            311        3.53        9.43    LTINV_MOD@23
  329     0.12      881.749        1.097        1.102           5180        0.21        0.21    ACNEBSM@14
  330     0.11      881.749        1.095        1.095            194        5.64        5.65    LEINV_DGEMM_1@11
  331     0.11      881.749        1.090        1.090            351        3.11        3.11    LEINV_DGEMM_1@30
  332     0.11      881.749        1.087        1.088            193        5.63        5.64    LEINV_DGEMM_1@12
  333     0.11      881.749        1.085        2.793            245        4.43       11.40    LTINV_MOD@17
  334     0.11      881.749        1.084        2.932            306        3.54        9.58    LTINV_MOD@22
  335     0.11      881.749        1.083        2.911            273        3.97       10.66    LTINV_MOD@19
  336     0.11      881.749        1.083        1.083            123        8.80        8.80    LEINV_DGEMM_1@3
  337     0.11      881.749        1.080        2.909            312        3.46        9.32    LTINV_MOD@24
  338     0.11      881.749        1.079        1.080            351        3.07        3.08    LEINV_DGEMM_1@32
  339     0.11      881.749        1.079        1.079            157        6.87        6.88    LEINV_DGEMM_1@8
  340     0.11      881.749        1.075        2.793            278        3.87       10.05    LTINV_MOD@21
  341     0.11      881.749        1.072        1.072            187        5.73        5.73    LEINV_DGEMM_1@10
  342     0.11      881.749        1.065        1.065            117        9.10        9.11    LEINV_DGEMM_1@2
  343     0.11      881.749        1.065        1.065            353        3.02        3.02    LEINV_DGEMM_1@31
  344     0.11      882.801        1.051       12.991             37       28.41      351.11    DIR_TRANS@1
  345     0.11      882.801        1.042        2.877            312        3.34        9.22    LTINV_MOD@25
  346     0.11      882.801        1.042        1.043            349        2.99        2.99    LEINV_DGEMM_1@29
  347     0.11      882.801        1.029        1.030            342        3.01        3.01    LEINV_DGEMM_1@28
  348     0.11      882.801        1.021        1.022            220        4.64        4.64    LEINV_DGEMM_1@14
  349     0.11      883.815        1.014       13.301             41       24.74      324.42    INV_TRANS@1
  350     0.11      883.815        1.011        1.011            333        3.04        3.04    LEINV_DGEMM_1@27
  351     0.11      883.815        1.010        1.010            249        4.05        4.06    LEINV_DGEMM_1@16
  352     0.11      883.815        1.008        1.008            311        3.24        3.24    LEINV_DGEMM_1@23
  353     0.11      883.815        1.007        1.007            234        4.30        4.31    LEINV_DGEMM_1@15
  354     0.11      883.815        1.005        1.006            306        3.29        3.29    LEINV_DGEMM_1@22
  355     0.11      883.815        1.003        1.003            161        6.23        6.23    LEINV_DGEMM_1@9
  356     0.10      883.815        0.999        1.000            312        3.20        3.20    LEINV_DGEMM_1@24
  357     0.10      883.815        0.997        2.838            220        4.53       12.90    LTINV_MOD@14
  358     0.10      883.815        0.997        0.997            273        3.65        3.65    LEINV_DGEMM_1@19
  359     0.10      883.815        0.994        0.999           5180        0.19        0.19    ACNEBSM@17
  360     0.10      883.815        0.993        2.806            234        4.24       11.99    LTINV_MOD@15
  361     0.10      883.815        0.992        0.997           5180        0.19        0.19    ACNEBSM@19
  362     0.10      884.807        0.992        1.924            296        3.35        6.50   *LTDIR_MOD@27
  363     0.10      884.807        0.992        1.920            266        3.73        7.22    LTDIR_MOD@21
  364     0.10      884.807        0.992        0.992            273        3.63        3.63    LEINV_DGEMM_1@18
  365     0.10      884.807        0.992        2.822            249        3.98       11.33    LTINV_MOD@16
  366     0.10      884.807        0.989        0.993           5180        0.19        0.19    ACNEBSM@27
  367     0.10      884.807        0.989        0.994           5180        0.19        0.19    ACNEBSM@31
  368     0.10      884.807        0.989        0.993           5180        0.19        0.19    ACNEBSM@18
  369     0.10      884.807        0.988        0.992           5180        0.19        0.19    ACNEBSM@30
  370     0.10      884.807        0.988        0.993           5180        0.19        0.19    ACNEBSM@25
  371     0.10      884.807        0.987        0.991           5180        0.19        0.19    ACNEBSM@29
  372     0.10      884.807        0.987        0.992           5180        0.19        0.19    ACNEBSM@20
  373     0.10      885.794        0.987        0.995          13135        0.08        0.08   *LARCHE@10
  374     0.10      885.794        0.986        0.990           5180        0.19        0.19    ACNEBSM@32
  375     0.10      885.794        0.986        0.989           5180        0.19        0.19    ACNEBSM@24
  376     0.10      885.794        0.986        0.991           5180        0.19        0.19    ACNEBSM@21
  377     0.10      885.794        0.985        1.942            303        3.25        6.41    LTDIR_MOD@26
  378     0.10      885.794        0.984        0.989           5180        0.19        0.19    ACNEBSM@26
  379     0.10      885.794        0.984        0.984            319        3.08        3.09    LEINV_DGEMM_1@26
  380     0.10      885.794        0.984        0.992          13135        0.07        0.08    LARCHE@11
  381     0.10      885.794        0.984        0.988           5180        0.19        0.19    ACNEBSM@22
  382     0.10      885.794        0.983        2.904            187        5.26       15.53    LTINV_MOD@10
  383     0.10      885.794        0.983        0.987           5180        0.19        0.19    ACNEBSM@28
  384     0.10      885.794        0.983        0.986           5180        0.19        0.19    ACNEBSM@23
  385     0.10      885.794        0.982        0.990          13135        0.07        0.08    LARCHE@12
  386     0.10      885.794        0.982        1.926            266        3.69        7.24    LTDIR_MOD@22
  387     0.10      885.794        0.982        0.991          13135        0.07        0.08    LARCHE@9
  388     0.10      885.794        0.981        0.989          13135        0.07        0.08    LARCHE@6
  389     0.10      885.794        0.977        0.986          13135        0.07        0.08    LARCHE@7
  390     0.10      885.794        0.977        2.927            194        5.04       15.09    LTINV_MOD@11
  391     0.10      885.794        0.975        1.953            315        3.10        6.20    LTDIR_MOD@29
  392     0.10      885.794        0.975        0.982          13135        0.07        0.07    LARCHE@8
  393     0.10      885.794        0.975        0.984          13135        0.07        0.07    LARCHE@5
  394     0.10      885.794        0.975        0.984          12950        0.08        0.08    LARCHE@14
  395     0.10      885.794        0.974        0.981          12950        0.08        0.08    LARCHE@15
  396     0.10      885.794        0.972        0.972            199        4.88        4.89    LEINV_DGEMM_1@13
  397     0.10      885.794        0.972        0.979          13135        0.07        0.07    LARCHE@1
  398     0.10      885.794        0.971        0.980          12950        0.08        0.08    LARCHE@13
  399     0.10      885.794        0.970        1.920            307        3.16        6.26    LTDIR_MOD@28
  400     0.10      885.794        0.970        1.933            265        3.66        7.30    LTDIR_MOD@20
  401     0.10      885.794        0.970        0.977          12950        0.07        0.08    LARCHE@16
  402     0.10      885.794        0.967        2.895            342        2.83        8.46    LTINV_MOD@28
  403     0.10      885.794        0.965        0.973          13135        0.07        0.07    LARCHE@2
  404     0.10      885.794        0.965        0.973          13135        0.07        0.07    LARCHE@3
  405     0.10      885.794        0.965        0.973          13135        0.07        0.07    LARCHE@4
  406     0.10      885.794        0.963        0.964            312        3.09        3.09    LEINV_DGEMM_1@25
  407     0.10      886.755        0.961        0.962            349        2.75        2.76   *LEINV_DGEMM_2@29
  408     0.10      886.755        0.958        0.967          12950        0.07        0.07    LARCHE@26
  409     0.10      886.755        0.958        1.868            266        3.60        7.02    LTDIR_MOD@23
  410     0.10      886.755        0.958        1.900            286        3.35        6.64    LTDIR_MOD@25
  411     0.10      887.712        0.957        0.957             37       25.86       25.87    MF_PHYS_PREP_PARALLEL:PREP:COMPUTE@1
  412     0.10      887.712        0.956        0.965          12950        0.07        0.07    LARCHE@25
  413     0.10      887.712        0.955        0.962          12950        0.07        0.07    LARCHE@27
  414     0.10      887.712        0.955        2.737            199        4.80       13.75    LTINV_MOD@13
  415     0.10      887.712        0.955        0.963          12950        0.07        0.07    LARCHE@22
  416     0.10      888.667        0.955        0.957           2627        0.36        0.36   *APLPAR_INIT@3
  417     0.10      888.667        0.954        0.956           2627        0.36        0.36    APLPAR_INIT@8
  418     0.10      888.667        0.954        0.956           2627        0.36        0.36    APLPAR_INIT@4
  419     0.10      888.667        0.954        0.955           2627        0.36        0.36    APLPAR_INIT@11
  420     0.10      888.667        0.954        2.860            333        2.86        8.59    LTINV_MOD@27
  421     0.10      888.667        0.954        0.955           2627        0.36        0.36    APLPAR_INIT@7
  422     0.10      888.667        0.953        0.955           2627        0.36        0.36    APLPAR_INIT@12
  423     0.10      888.667        0.952        0.954           2627        0.36        0.36    APLPAR_INIT@9
  424     0.10      888.667        0.952        0.954           2627        0.36        0.36    APLPAR_INIT@5
  425     0.10      888.667        0.951        1.849            267        3.56        6.92    LTDIR_MOD@24
  426     0.10      888.667        0.950        0.957          12950        0.07        0.07    LARCHE@23
  427     0.10      888.667        0.950        0.951           2627        0.36        0.36    APLPAR_INIT@2
  428     0.10      888.667        0.950        0.951           2590        0.37        0.37    APLPAR_INIT@19
  429     0.10      888.667        0.950        0.951           2590        0.37        0.37    APLPAR_INIT@32
  430     0.10      888.667        0.950        0.951           2627        0.36        0.36    APLPAR_INIT@1
  431     0.10      888.667        0.949        0.957          12950        0.07        0.07    LARCHE@19
  432     0.10      888.667        0.949        0.951           2627        0.36        0.36    APLPAR_INIT@10
  433     0.10      888.667        0.949        0.950           2590        0.37        0.37    APLPAR_INIT@24
  434     0.10      888.667        0.949        0.950           2590        0.37        0.37    APLPAR_INIT@23
  435     0.10      888.667        0.949        0.958          12950        0.07        0.07    LARCHE@21
  436     0.10      888.667        0.949        0.950           2590        0.37        0.37    APLPAR_INIT@28
  437     0.10      888.667        0.949        0.958          12950        0.07        0.07    LARCHE@17
  438     0.10      888.667        0.949        0.950           2590        0.37        0.37    APLPAR_INIT@31
  439     0.10      888.667        0.948        0.950           2590        0.37        0.37    APLPAR_INIT@20
  440     0.10      888.667        0.948        0.956          12950        0.07        0.07    LARCHE@30
  441     0.10      888.667        0.948        0.956          12950        0.07        0.07    LARCHE@28
  442     0.10      888.667        0.948        1.872            250        3.79        7.49    LTDIR_MOD@19
  443     0.10      888.667        0.948        0.949           2590        0.37        0.37    APLPAR_INIT@27
  444     0.10      888.667        0.948        0.950           2590        0.37        0.37    APLPAR_INIT@29
  445     0.10      888.667        0.948        0.949           2627        0.36        0.36    APLPAR_INIT@6
  446     0.10      888.667        0.947        0.949           2590        0.37        0.37    APLPAR_INIT@21
  447     0.10      888.667        0.947        0.949           2590        0.37        0.37    APLPAR_INIT@17
  448     0.10      888.667        0.947        0.948           2590        0.37        0.37    APLPAR_INIT@16
  449     0.10      888.667        0.947        0.954          12950        0.07        0.07    LARCHE@29
  450     0.10      888.667        0.946        0.955          12950        0.07        0.07    LARCHE@18
  451     0.10      888.667        0.946        0.948           2590        0.37        0.37    APLPAR_INIT@25
  452     0.10      888.667        0.946        0.953          12950        0.07        0.07    LARCHE@24
  453     0.10      888.667        0.946        0.947           2590        0.37        0.37    APLPAR_INIT@15
  454     0.10      888.667        0.946        0.954          12950        0.07        0.07    LARCHE@20
  455     0.10      888.667        0.944        0.945            351        2.69        2.69    LEINV_DGEMM_2@30
  456     0.10      888.667        0.944        0.951          12950        0.07        0.07    LARCHE@32
  457     0.10      888.667        0.944        0.945           2590        0.36        0.36    APLPAR_INIT@30
  458     0.10      888.667        0.943        0.945           2590        0.36        0.36    APLPAR_INIT@13
  459     0.10      888.667        0.943        0.944           2590        0.36        0.36    APLPAR_INIT@22
  460     0.10      888.667        0.942        0.951          12950        0.07        0.07    LARCHE@31
  461     0.10      888.667        0.941        0.943           2590        0.36        0.36    APLPAR_INIT@26
  462     0.10      888.667        0.941        0.942           2590        0.36        0.36    APLPAR_INIT@18
  463     0.10      888.667        0.940        0.941           2590        0.36        0.36    APLPAR_INIT@14
  464     0.10      888.667        0.939        0.939            274        3.43        3.43    LEINV_DGEMM_1@20
  465     0.10      889.603        0.936        0.940           5254        0.18        0.18   *LASCAW_CLO@9
  466     0.10      889.603        0.935        0.940           5254        0.18        0.18    LASCAW_CLO@5
  467     0.10      889.603        0.935        0.939           5180        0.18        0.18    LASCAW_CLO@13
  468     0.10      889.603        0.933        0.933            149        6.26        6.26    LEINV_DGEMM_2@5
  469     0.10      889.603        0.933        0.937           5254        0.18        0.18    LASCAW_CLO@12
  470     0.10      889.603        0.932        0.936           5180        0.18        0.18    LASCAW_CLO@16
  471     0.10      889.603        0.932        1.872            243        3.83        7.71    LTDIR_MOD@18
  472     0.10      889.603        0.931        2.780            319        2.92        8.72    LTINV_MOD@26
  473     0.10      889.603        0.931        0.935           5254        0.18        0.18    LASCAW_CLO@7
  474     0.10      889.603        0.931        0.934           5254        0.18        0.18    LASCAW_CLO@8
  475     0.10      889.603        0.930        0.934           5254        0.18        0.18    LASCAW_CLO@11
  476     0.10      889.603        0.930        0.934           5180        0.18        0.18    LASCAW_CLO@28
  477     0.10      890.532        0.930        0.935          15764        0.06        0.06    RADOZCMF@1
  478     0.10      890.532        0.930        2.870            353        2.63        8.13    LTINV_MOD@31
  479     0.10      890.532        0.928        0.928            154        6.03        6.03    LEINV_DGEMM_2@1
  480     0.10      890.532        0.927        0.932           5180        0.18        0.18    LASCAW_CLO@14
  481     0.10      890.532        0.927        0.930           5180        0.18        0.18    LASCAW_CLO@27
  482     0.10      890.532        0.926        0.929           5180        0.18        0.18    LASCAW_CLO@24
  483     0.10      890.532        0.925        0.930           5180        0.18        0.18    LASCAW_CLO@21
  484     0.10      890.532        0.925        0.929           5254        0.18        0.18    LASCAW_CLO@10
  485     0.10      890.532        0.925        0.928           5180        0.18        0.18    LASCAW_CLO@15
  486     0.10      890.532        0.924        0.927           5180        0.18        0.18    LASCAW_CLO@23
  487     0.10      890.532        0.923        0.927           5180        0.18        0.18    LASCAW_CLO@20
  488     0.10      890.532        0.923        0.923            117        7.89        7.89    LEINV_DGEMM_2@2
  489     0.10      890.532        0.923        0.927           5180        0.18        0.18    LASCAW_CLO@17
  490     0.10      890.532        0.922        1.911            249        3.70        7.67    LTDIR_MOD@17
  491     0.10      890.532        0.921        0.925           5254        0.18        0.18    LASCAW_CLO@6
  492     0.10      890.532        0.920        2.925            349        2.64        8.38    LTINV_MOD@29
  493     0.10      890.532        0.919        0.923           5180        0.18        0.18    LASCAW_CLO@19
  494     0.10      890.532        0.918        0.922           5180        0.18        0.18    LASCAW_CLO@25
  495     0.10      890.532        0.918        0.922           5180        0.18        0.18    LASCAW_CLO@26
  496     0.10      890.532        0.917        0.918            278        3.30        3.30    LEINV_DGEMM_1@21
  497     0.10      890.532        0.917        2.920            156        5.88       18.72    LTINV_MOD@6
  498     0.10      891.447        0.914        1.319           2627        0.35        0.50   *CUASCN@1
  499     0.10      891.447        0.914        2.859            193        4.73       14.82    LTINV_MOD@12
  500     0.10      891.447        0.909        0.913           5254        0.17        0.17    LASCAW_CLO@3
  501     0.10      891.447        0.908        0.909            245        3.71        3.71    LEINV_DGEMM_1@17
  502     0.10      891.447        0.907        0.911           5254        0.17        0.17    LASCAW_CLO@4
  503     0.10      891.447        0.907        0.911           5180        0.18        0.18    LASCAW_CLO@18
  504     0.09      891.447        0.906        0.910           5254        0.17        0.17    LASCAW_CLO@1
  505     0.09      891.447        0.903        0.907           5254        0.17        0.17    LASCAW_CLO@2
  506     0.09      891.447        0.903        0.907           5180        0.17        0.18    LASCAW_CLO@22
  507     0.09      891.447        0.903        1.902            321        2.81        5.93    LTDIR_MOD@30
  508     0.09      891.447        0.902        2.745            161        5.60       17.05    LTINV_MOD@9
  509     0.09      891.447        0.899        0.899            130        6.91        6.92    LEINV_DGEMM_2@4
  510     0.09      891.447        0.899        2.947            154        5.83       19.13    LTINV_MOD@1
  511     0.09      891.447        0.898        0.902           5180        0.17        0.17    LASCAW_CLO@29
  512     0.09      891.447        0.897        0.897            342        2.62        2.62    LEINV_DGEMM_2@28
  513     0.09      891.447        0.894        0.894            333        2.68        2.69    LEINV_DGEMM_2@27
  514     0.09      891.447        0.894        0.894            156        5.73        5.73    LEINV_DGEMM_2@7
  515     0.09      891.447        0.893        2.847            351        2.54        8.11    LTINV_MOD@32
  516     0.09      891.447        0.892        0.896           5180        0.17        0.17    LASCAW_CLO@31
  517     0.09      891.447        0.890        0.894           5180        0.17        0.17    LASCAW_CLO@32
  518     0.09      892.336        0.889        0.893           5254        0.17        0.17   *GPMPFC_EXPL_PART1@12
  519     0.09      892.336        0.889        0.893           5254        0.17        0.17    GPMPFC_EXPL_PART1@7
  520     0.09      892.336        0.889        0.892           5254        0.17        0.17    GPMPFC_EXPL_PART1@8
  521     0.09      892.336        0.888        0.893           5254        0.17        0.17    GPMPFC_EXPL_PART1@9
  522     0.09      892.336        0.888        0.892           5254        0.17        0.17    GPMPFC_EXPL_PART1@10
  523     0.09      892.336        0.888        0.892           5254        0.17        0.17    GPMPFC_EXPL_PART1@6
  524     0.09      892.336        0.888        0.892           5254        0.17        0.17    GPMPFC_EXPL_PART1@11
  525     0.09      892.336        0.888        0.891           5254        0.17        0.17    GPMPFC_EXPL_PART1@1
  526     0.09      892.336        0.887        0.891           5254        0.17        0.17    GPMPFC_EXPL_PART1@5
  527     0.09      892.336        0.886        0.890           5254        0.17        0.17    GPMPFC_EXPL_PART1@3
  528     0.09      892.336        0.885        0.889           5254        0.17        0.17    GPMPFC_EXPL_PART1@4
  529     0.09      892.336        0.885        0.888           5180        0.17        0.17    GPMPFC_EXPL_PART1@15
  530     0.09      892.336        0.885        0.889           5254        0.17        0.17    GPMPFC_EXPL_PART1@2
  531     0.09      892.336        0.885        0.888           5180        0.17        0.17    GPMPFC_EXPL_PART1@16
  532     0.09      892.336        0.884        0.888           5180        0.17        0.17    GPMPFC_EXPL_PART1@13
  533     0.09      892.336        0.883        0.887           5180        0.17        0.17    GPMPFC_EXPL_PART1@14
  534     0.09      893.216        0.880       27.783          17752        0.05        1.57    SHALLOW_CONVECTION_PART2@1
  535     0.09      893.216        0.879        2.913            156        5.63       18.67    LTINV_MOD@7
  536     0.09      894.092        0.875        0.881          15764        0.06        0.06    SRTM_TAUMOL27_CPU@1
  537     0.09      894.092        0.875        0.875            156        5.61        5.61    LEINV_DGEMM_2@6
  538     0.09      894.092        0.875        0.875            353        2.48        2.48    LEINV_DGEMM_2@31
  539     0.09      894.092        0.874        0.875            123        7.11        7.11    LEINV_DGEMM_2@3
  540     0.09      894.092        0.874        0.874            351        2.49        2.49    LEINV_DGEMM_2@32
  541     0.09      894.092        0.873        1.903            323        2.70        5.89    LTDIR_MOD@31
  542     0.09      894.092        0.871        0.875           5180        0.17        0.17    LASCAW_CLO@30
  543     0.09      894.962        0.870        0.870             37       23.51       23.51    LAVENT_PARALLEL:0:COMPUTE@1
  544     0.09      894.962        0.870        0.870            312        2.79        2.79    LEINV_DGEMM_2@25
  545     0.09      894.962        0.864        0.864            319        2.71        2.71    LEINV_DGEMM_2@26
  546     0.09      894.962        0.862        2.898            351        2.46        8.26    LTINV_MOD@30
  547     0.09      894.962        0.860        1.892            324        2.65        5.84    LTDIR_MOD@32
  548     0.09      894.962        0.858        1.267           2627        0.33        0.48    CUASCN@2
  549     0.09      894.962        0.857        0.857            193        4.44        4.44    LEINV_DGEMM_2@12
  550     0.09      895.818        0.856        0.858           5254        0.16        0.16   *PPWETPOINT@1
  551     0.09      895.818        0.854        0.854            194        4.40        4.40    LEINV_DGEMM_2@11
  552     0.09      895.818        0.853        2.925            149        5.73       19.63    LTINV_MOD@5
  553     0.09      895.818        0.849        2.766            157        5.41       17.62    LTINV_MOD@8
  554     0.09      896.666        0.849        1.128        1008812        0.00        0.00    radiation_cloud_cover:cum_cloud_cover_exp_ran_CPU@1
  555     0.09      896.666        0.848        0.848            187        4.53        4.54    LEINV_DGEMM_2@10
  556     0.09      896.666        0.848        0.851           5254        0.16        0.16    PPWETPOINT@9
  557     0.09      896.666        0.847        0.850           5254        0.16        0.16    PPWETPOINT@3
  558     0.09      896.666        0.847        0.850           5254        0.16        0.16    PPWETPOINT@11
  559     0.09      896.666        0.847        0.850           5254        0.16        0.16    PPWETPOINT@12
  560     0.09      896.666        0.847        0.850           5254        0.16        0.16    PPWETPOINT@4
  561     0.09      896.666        0.847        0.850           5254        0.16        0.16    PPWETPOINT@10
  562     0.09      896.666        0.847        0.849           5254        0.16        0.16    PPWETPOINT@6
  563     0.09      896.666        0.847        0.849           5254        0.16        0.16    PPWETPOINT@7
  564     0.09      896.666        0.847        0.849           5254        0.16        0.16    PPWETPOINT@8
  565     0.09      896.666        0.847        0.849           5254        0.16        0.16    PPWETPOINT@2
  566     0.09      896.666        0.846        0.848           5180        0.16        0.16    PPWETPOINT@27
  567     0.09      896.666        0.846        0.849           5254        0.16        0.16    PPWETPOINT@5
  568     0.09      896.666        0.845        0.848           5180        0.16        0.16    PPWETPOINT@26
  569     0.09      896.666        0.845        0.848           5180        0.16        0.16    PPWETPOINT@25
  570     0.09      896.666        0.845        0.847           5180        0.16        0.16    PPWETPOINT@29
  571     0.09      896.666        0.844        0.847           5180        0.16        0.16    PPWETPOINT@24
  572     0.09      896.666        0.844        0.847           5180        0.16        0.16    PPWETPOINT@28
  573     0.09      896.666        0.844        0.847           5180        0.16        0.16    PPWETPOINT@31
  574     0.09      896.666        0.844        0.847           5180        0.16        0.16    PPWETPOINT@21
  575     0.09      896.666        0.844        0.846           5180        0.16        0.16    PPWETPOINT@32
  576     0.09      896.666        0.844        0.846           5180        0.16        0.16    PPWETPOINT@30
  577     0.09      896.666        0.844        0.847           5180        0.16        0.16    PPWETPOINT@22
  578     0.09      896.666        0.844        0.846           5180        0.16        0.16    PPWETPOINT@19
  579     0.09      896.666        0.843        0.845           5180        0.16        0.16    PPWETPOINT@23
  580     0.09      896.666        0.843        0.846           5180        0.16        0.16    PPWETPOINT@20
  581     0.09      896.666        0.842        0.845           5180        0.16        0.16    PPWETPOINT@17
  582     0.09      896.666        0.842        0.844           5180        0.16        0.16    PPWETPOINT@18
  583     0.09      896.666        0.842        0.842            306        2.75        2.75    LEINV_DGEMM_2@22
  584     0.09      896.666        0.838        0.839            161        5.21        5.21    LEINV_DGEMM_2@9
  585     0.09      896.666        0.837        0.837            273        3.07        3.07    LEINV_DGEMM_2@18
  586     0.09      896.666        0.837        0.837            157        5.33        5.33    LEINV_DGEMM_2@8
  587     0.09      897.501        0.834       65.644             37       22.55     1774.15    LAPINEB_DRV@1
  588     0.09      897.501        0.834        1.245           2627        0.32        0.47    CUASCN@3
  589     0.09      897.501        0.834        0.837           5180        0.16        0.16    PPWETPOINT@13
  590     0.09      897.501        0.833        0.835           5180        0.16        0.16    PPWETPOINT@15
  591     0.09      897.501        0.832        0.835           5180        0.16        0.16    PPWETPOINT@14
  592     0.09      897.501        0.832        0.835           5180        0.16        0.16    PPWETPOINT@16
  593     0.09      898.330        0.830        3.602           2627        0.32        1.37   *CUMASTRN@1
  594     0.09      898.330        0.829        0.829            273        3.04        3.04    LEINV_DGEMM_2@19
  595     0.09      898.330        0.828        0.828            312        2.65        2.65    LEINV_DGEMM_2@24
  596     0.09      898.330        0.824        0.825            311        2.65        2.65    LEINV_DGEMM_2@23
  597     0.09      898.330        0.823        1.230           2627        0.31        0.47    CUASCN@4
  598     0.09      899.152        0.822        0.822            324        2.54        2.54    SCAN2M_TS_PARALLEL:0:COMPUTE@1
  599     0.09      899.152        0.819        0.820            249        3.29        3.29    LEINV_DGEMM_2@16
  600     0.09      899.971        0.819        1.224        1491168        0.00        0.00    CONVECT_MIXING_FUNCT@1
  601     0.09      899.971        0.818        0.818            220        3.72        3.72    LEINV_DGEMM_2@14
  602     0.08      899.971        0.809        1.221           2627        0.31        0.46    CUASCN@5
  603     0.08      899.971        0.809        0.809            199        4.06        4.07    LEINV_DGEMM_2@13
  604     0.08      899.971        0.807        2.765            123        6.56       22.48    LTINV_MOD@3
  605     0.08      899.971        0.805        0.806            234        3.44        3.44    LEINV_DGEMM_2@15
  606     0.08      899.971        0.805        1.217           2627        0.31        0.46    CUASCN@6
  607     0.08      900.776        0.805        0.806           2627        0.31        0.31   *CUBASEN@5
  608     0.08      901.580        0.804        0.805            555        1.45        1.45    GPRCP_EXPL_PARALLEL:1:COMPUTE@1
  609     0.08      902.384        0.804        0.810          15764        0.05        0.05    SRTM_TAUMOL22_CPU@1
  610     0.08      902.384        0.804        0.804            274        2.93        2.93    LEINV_DGEMM_2@20
  611     0.08      902.384        0.802        2.791            117        6.85       23.85    LTINV_MOD@2
  612     0.08      902.384        0.800        1.228           2627        0.30        0.47    CUASCN@7
  613     0.08      902.384        0.799        0.799            278        2.87        2.88    LEINV_DGEMM_2@21
  614     0.08      902.384        0.799        0.799            245        3.26        3.26    LEINV_DGEMM_2@17
  615     0.08      903.182        0.798        0.825          83324        0.01        0.01    RADHEAT@1
  616     0.08      903.182        0.795        1.217           2627        0.30        0.46    CUASCN@8
  617     0.08      903.182        0.780        0.781           2627        0.30        0.30    CUBASEN@4
  618     0.08      903.182        0.777        1.207           2627        0.30        0.46    CUASCN@10
  619     0.08      903.182        0.777        1.201           2627        0.30        0.46    CUASCN@9
  620     0.08      903.182        0.775        0.777           2627        0.30        0.30    CUBASEN@7
  621     0.08      903.957        0.775        0.784          18389        0.04        0.04   *ROTUV@12
  622     0.08      903.957        0.774        0.784          18389        0.04        0.04    ROTUV@7
  623     0.08      903.957        0.773        0.783          18389        0.04        0.04    ROTUV@11
  624     0.08      904.730        0.773        0.773              1      773.26      773.27    SETUP_TRANS@1
  625     0.08      904.730        0.773        0.783          18389        0.04        0.04    ROTUV@6
  626     0.08      904.730        0.773        0.784          18389        0.04        0.04    ROTUV@9
  627     0.08      904.730        0.773        2.787            130        5.94       21.43    LTINV_MOD@4
  628     0.08      904.730        0.773        0.781          18389        0.04        0.04    ROTUV@8
  629     0.08      904.730        0.772        0.783          18130        0.04        0.04    ROTUV@14
  630     0.08      904.730        0.772        0.782          18389        0.04        0.04    ROTUV@5
  631     0.08      904.730        0.772        0.782          18389        0.04        0.04    ROTUV@10
  632     0.08      904.730        0.772        0.782          18130        0.04        0.04    ROTUV@13
  633     0.08      904.730        0.771        0.773           2627        0.29        0.29    CUBASEN@6
  634     0.08      904.730        0.771        0.779          18130        0.04        0.04    ROTUV@15
  635     0.08      904.730        0.771        1.200           2627        0.29        0.46    CUASCN@11
  636     0.08      904.730        0.770        0.778          18130        0.04        0.04    ROTUV@16
  637     0.08      904.730        0.768        0.777          18389        0.04        0.04    ROTUV@3
  638     0.08      904.730        0.767        0.777          18389        0.04        0.04    ROTUV@2
  639     0.08      904.730        0.765        0.775          18389        0.04        0.04    ROTUV@4
  640     0.08      904.730        0.764        0.773          18389        0.04        0.04    ROTUV@1
  641     0.08      904.730        0.761        0.762           2627        0.29        0.29    CUBASEN@8
  642     0.08      904.730        0.761        1.185           2627        0.29        0.45    CUASCN@12
  643     0.08      904.730        0.757        1.183           2590        0.29        0.46    CUASCN@13
  644     0.08      904.730        0.757        0.759           2627        0.29        0.29    CUBASEN@9
  645     0.08      904.730        0.757        1.180           2590        0.29        0.46    CUASCN@18
  646     0.08      904.730        0.756        1.179           2590        0.29        0.46    CUASCN@16
  647     0.08      904.730        0.755        1.175           2590        0.29        0.45    CUASCN@14
  648     0.08      904.730        0.754        1.174           2590        0.29        0.45    CUASCN@19
  649     0.08      905.484        0.754       50.450         916564        0.00        0.06    LAITRI@1
  650     0.08      905.484        0.752        1.172           2590        0.29        0.45    CUASCN@15
  651     0.08      905.484        0.749        0.751           2627        0.29        0.29    CUBASEN@10
  652     0.08      905.484        0.749        1.173           2590        0.29        0.45    CUASCN@20
  653     0.08      905.484        0.749        1.171           2590        0.29        0.45    CUASCN@17
  654     0.08      905.484        0.748        1.172           2590        0.29        0.45    CUASCN@21
  655     0.08      905.484        0.748        1.171           2590        0.29        0.45    CUASCN@29
  656     0.08      905.484        0.747        1.170           2590        0.29        0.45    CUASCN@24
  657     0.08      905.484        0.744        1.159           2590        0.29        0.45    CUASCN@32
  658     0.08      905.484        0.744        1.172           2590        0.29        0.45    CUASCN@25
  659     0.08      905.484        0.743        1.168           2590        0.29        0.45    CUASCN@23
  660     0.08      905.484        0.742        0.744           2627        0.28        0.28    CUBASEN@11
  661     0.08      905.484        0.742        1.165           2590        0.29        0.45    CUASCN@30
  662     0.08      905.484        0.742        3.500           2627        0.28        1.33    CUMASTRN@2
  663     0.08      905.484        0.740        1.158           2590        0.29        0.45    CUASCN@31
  664     0.08      905.484        0.738        1.160           2590        0.28        0.45    CUASCN@27
  665     0.08      905.484        0.737        1.160           2590        0.28        0.45    CUASCN@28
  666     0.08      905.484        0.737        1.158           2590        0.28        0.45    CUASCN@22
  667     0.08      905.484        0.733        1.157           2590        0.28        0.45    CUASCN@26
  668     0.08      905.484        0.731        0.732           2627        0.28        0.28    CUBASEN@12
  669     0.08      905.484        0.718        3.556           2627        0.27        1.35    CUMASTRN@6
  670     0.07      905.484        0.713        1.889            254        2.81        7.44    LTDIR_MOD@15
  671     0.07      906.197        0.713        0.713            160        4.46        4.46   *LEDIR_DGEMM_1@7
  672     0.07      906.197        0.712        0.712            124        5.74        5.74    LEDIR_DGEMM_1@3
  673     0.07      906.908        0.711        0.711             37       19.21       19.21    APL_ARPEGE_DEEP_CONVECTION_PARALLEL:INIT:COMPUTE@1
  674     0.07      906.908        0.710        0.710            123        5.77        5.77    LEDIR_DGEMM_1@4
  675     0.07      906.908        0.709        0.709            123        5.77        5.77    LEDIR_DGEMM_1@2
  676     0.07      906.908        0.707        1.911            219        3.23        8.73    LTDIR_MOD@13
  677     0.07      906.908        0.706        3.550           2627        0.27        1.35    CUMASTRN@7
  678     0.07      906.908        0.706        3.503           2627        0.27        1.33    CUMASTRN@3
  679     0.07      906.908        0.702        0.704           2590        0.27        0.27    CUBASEN@14
  680     0.07      906.908        0.702        3.517           2627        0.27        1.34    CUMASTRN@8
  681     0.07      907.609        0.701        0.702            333        2.11        2.11    CPUTQY0_PARALLEL:PVAR:COMPUTE@1
  682     0.07      907.609        0.699        0.701           2590        0.27        0.27    CUBASEN@13
  683     0.07      908.308        0.699        0.722          71008        0.01        0.01    CONVECT_CLOSURE_THRVLCL@1
  684     0.07      908.308        0.698        3.486           2627        0.27        1.33    CUMASTRN@9
  685     0.07      908.308        0.697        0.699           2627        0.27        0.27    CUBASEN@3
  686     0.07      908.308        0.695        3.477           2627        0.26        1.32    CUMASTRN@10
  687     0.07      908.308        0.695        1.857            264        2.63        7.04    LTDIR_MOD@16
  688     0.07      908.308        0.691        0.692           2590        0.27        0.27    CUBASEN@19
  689     0.07      908.308        0.690        0.690            164        4.21        4.21    LEDIR_DGEMM_1@8
  690     0.07      908.998        0.690        0.693           2627        0.26        0.26   *QNGCOR@12
  691     0.07      908.998        0.690        0.692           2590        0.27        0.27    CUBASEN@18
  692     0.07      908.998        0.689        0.692           2627        0.26        0.26    QNGCOR@9
  693     0.07      908.998        0.689        0.689            127        5.43        5.43    LEDIR_DGEMM_1@5
  694     0.07      908.998        0.689        0.690           2590        0.27        0.27    CUBASEN@16
  695     0.07      908.998        0.688        1.850            226        3.04        8.19    LTDIR_MOD@14
  696     0.07      908.998        0.688        3.447           2627        0.26        1.31    CUMASTRN@11
  697     0.07      908.998        0.687        1.904            172        4.00       11.07    LTDIR_MOD@9
  698     0.07      908.998        0.687        0.687            213        3.22        3.22    LEDIR_DGEMM_1@12
  699     0.07      908.998        0.686        1.932            213        3.22        9.07    LTDIR_MOD@12
  700     0.07      908.998        0.686        0.687            128        5.36        5.36    LEDIR_DGEMM_1@1
  701     0.07      908.998        0.685        0.687           2590        0.26        0.27    CUBASEN@15
  702     0.07      908.998        0.685        0.686            144        4.76        4.76    LEDIR_DGEMM_1@6
  703     0.07      908.998        0.684        3.415           2627        0.26        1.30    CUMASTRN@12
  704     0.07      908.998        0.684        0.687           2627        0.26        0.26    QNGCOR@10
  705     0.07      909.681        0.684        0.689          15764        0.04        0.04    radiation_flux:calc_surface_spectral_CPU@1
  706     0.07      909.681        0.683        0.686           2590        0.26        0.26    QNGCOR@13
  707     0.07      909.681        0.682        0.685           2627        0.26        0.26    QNGCOR@11
  708     0.07      909.681        0.682        3.541           2627        0.26        1.35    CUMASTRN@5
  709     0.07      909.681        0.681        0.684           2590        0.26        0.26    QNGCOR@16
  710     0.07      909.681        0.681        0.683           2590        0.26        0.26    CUBASEN@17
  711     0.07      909.681        0.681        0.684           2627        0.26        0.26    QNGCOR@7
  712     0.07      909.681        0.681        0.683           2590        0.26        0.26    CUBASEN@20
  713     0.07      909.681        0.681        0.684           2590        0.26        0.26    QNGCOR@14
  714     0.07      909.681        0.680        0.683           2627        0.26        0.26    QNGCOR@5
  715     0.07      909.681        0.679        3.523           2627        0.26        1.34    CUMASTRN@4
  716     0.07      909.681        0.679        1.862            180        3.77       10.35    LTDIR_MOD@10
  717     0.07      909.681        0.679        0.681           2627        0.26        0.26    QNGCOR@8
  718     0.07      909.681        0.678        0.680           2590        0.26        0.26    CUBASEN@21
  719     0.07      909.681        0.677        0.679           2590        0.26        0.26    CUBASEN@27
  720     0.07      909.681        0.676        0.678           2590        0.26        0.26    QNGCOR@15
  721     0.07      910.356        0.675        1.333             37       18.24       36.04    APL_ARPEGE_PARALLEL:QNGCOR:COMPUTE@1
  722     0.07      911.029        0.673        0.673            222        3.03        3.03    LAPINEB_PARALLEL:CVGQ:COMPUTE@1
  723     0.07      911.700        0.670        0.676          15764        0.04        0.04    SRTM_TAUMOL25_CPU@1
  724     0.07      911.700        0.670        0.673           2627        0.26        0.26    QNGCOR@6
  725     0.07      911.700        0.670        1.884            195        3.43        9.66    LTDIR_MOD@11
  726     0.07      911.700        0.669        0.670            172        3.89        3.89    LEDIR_DGEMM_1@9
  727     0.07      911.700        0.669        0.670           2590        0.26        0.26    CUBASEN@24
  728     0.07      911.700        0.668        0.669           2590        0.26        0.26    CUBASEN@23
  729     0.07      911.700        0.667        1.948            124        5.38       15.71    LTDIR_MOD@3
  730     0.07      911.700        0.667        0.669           2627        0.25        0.25    QNGCOR@3
  731     0.07      911.700        0.666        1.914            164        4.06       11.67    LTDIR_MOD@8
  732     0.07      911.700        0.666        0.669           2627        0.25        0.25    QNGCOR@2
  733     0.07      911.700        0.666        0.666            195        3.41        3.41    LEDIR_DGEMM_1@11
  734     0.07      911.700        0.666        0.667           2590        0.26        0.26    CUBASEN@29
  735     0.07      911.700        0.665        0.667           2590        0.26        0.26    CUBASEN@26
  736     0.07      911.700        0.665        0.666           2590        0.26        0.26    CUBASEN@25
  737     0.07      911.700        0.664        0.666           2590        0.26        0.26    CUBASEN@22
  738     0.07      911.700        0.663        0.665           2590        0.26        0.26    CUBASEN@31
  739     0.07      911.700        0.663        0.666           2627        0.25        0.25    QNGCOR@4
  740     0.07      912.362        0.663        0.665           2627        0.25        0.25   *GPINISLB_PART1_EXPL@11
  741     0.07      912.362        0.663        0.665           2627        0.25        0.25    GPINISLB_PART1_EXPL@9
  742     0.07      912.362        0.663        0.665           2627        0.25        0.25    GPINISLB_PART1_EXPL@12
  743     0.07      912.362        0.662        0.664           2627        0.25        0.25    GPINISLB_PART1_EXPL@10
  744     0.07      912.362        0.662        0.662            219        3.02        3.02    LEDIR_DGEMM_1@13
  745     0.07      912.362        0.661        0.662           2590        0.26        0.26    CUBASEN@28
  746     0.07      912.362        0.660        1.938            123        5.36       15.75    LTDIR_MOD@2
  747     0.07      912.362        0.659        0.661           2627        0.25        0.25    GPINISLB_PART1_EXPL@8
  748     0.07      912.362        0.659        0.661           2627        0.25        0.25    GPINISLB_PART1_EXPL@7
  749     0.07      912.362        0.659        0.661           2627        0.25        0.25    GPINISLB_PART1_EXPL@6
  750     0.07      912.362        0.658        0.660           2590        0.25        0.25    GPINISLB_PART1_EXPL@14
  751     0.07      912.362        0.658        0.660           2590        0.25        0.25    GPINISLB_PART1_EXPL@15
  752     0.07      912.362        0.658        0.660           2627        0.25        0.25    GPINISLB_PART1_EXPL@5
  753     0.07      912.362        0.658        0.660           2590        0.25        0.25    GPINISLB_PART1_EXPL@16
  754     0.07      912.362        0.658        0.660           2590        0.25        0.25    GPINISLB_PART1_EXPL@13
  755     0.07      912.362        0.656        0.658           2627        0.25        0.25    QNGCOR@1
  756     0.07      912.362        0.655        3.318           2590        0.25        1.28    CUMASTRN@14
  757     0.07      912.362        0.654        3.327           2590        0.25        1.28    CUMASTRN@13
  758     0.07      912.362        0.654        1.926            160        4.09       12.04    LTDIR_MOD@7
  759     0.07      912.362        0.653        0.654           2590        0.25        0.25    CUBASEN@30
  760     0.07      912.362        0.653        0.653            180        3.63        3.63    LEDIR_DGEMM_1@10
  761     0.07      912.362        0.647        1.890            144        4.49       13.12    LTDIR_MOD@6
  762     0.07      912.362        0.647        0.649           2627        0.25        0.25    GPINISLB_PART1_EXPL@3
  763     0.07      912.362        0.646        0.647           2590        0.25        0.25    CUBASEN@32
  764     0.07      912.362        0.646        0.647           2627        0.25        0.25    GPINISLB_PART1_EXPL@2
  765     0.07      912.362        0.645        0.647           2627        0.25        0.25    GPINISLB_PART1_EXPL@4
  766     0.07      912.362        0.645        0.646           2627        0.25        0.25    GPINISLB_PART1_EXPL@1
  767     0.07      913.003        0.640        5.018              7       91.45      716.92    RECMWF_PARALLEL:FINISH:COMPUTE@1
  768     0.07      913.003        0.640        0.640            254        2.52        2.52    LEDIR_DGEMM_1@15
  769     0.07      913.639        0.636        0.636             37       17.19       17.20    APL_ARPEGE_DEEP_CONVECTION_PARALLEL:ZERO:COMPUTE@1
  770     0.07      913.639        0.636        3.261           2590        0.25        1.26    CUMASTRN@15
  771     0.07      913.639        0.635        0.636            226        2.81        2.81    LEDIR_DGEMM_1@14
  772     0.07      913.639        0.634        3.267           2590        0.24        1.26    CUMASTRN@17
  773     0.07      913.639        0.631        1.878            127        4.97       14.78    LTDIR_MOD@5
  774     0.07      913.639        0.630        3.204           2590        0.24        1.24    CUMASTRN@32
  775     0.07      913.639        0.629        3.222           2590        0.24        1.24    CUMASTRN@31
  776     0.07      913.639        0.629        3.263           2590        0.24        1.26    CUMASTRN@19
  777     0.07      913.639        0.628        3.269           2590        0.24        1.26    CUMASTRN@18
  778     0.07      913.639        0.627        3.265           2590        0.24        1.26    CUMASTRN@16
  779     0.07      913.639        0.626        0.626            264        2.37        2.37    LEDIR_DGEMM_1@16
  780     0.07      913.639        0.625        3.224           2590        0.24        1.24    CUMASTRN@29
  781     0.07      913.639        0.623        3.217           2590        0.24        1.24    CUMASTRN@27
  782     0.07      914.261        0.622        0.626           5180        0.12        0.12   *ACUPTQ@13
  783     0.07      914.261        0.622        3.195           2590        0.24        1.23    CUMASTRN@30
  784     0.07      914.261        0.621        0.625           5254        0.12        0.12    ACUPTQ@11
  785     0.07      914.261        0.620        0.624           5254        0.12        0.12    ACUPTQ@12
  786     0.06      914.261        0.620        0.624           5254        0.12        0.12    ACUPTQ@9
  787     0.06      914.261        0.617        3.230           2590        0.24        1.25    CUMASTRN@20
  788     0.06      914.261        0.617        1.898            123        5.01       15.43    LTDIR_MOD@4
  789     0.06      914.261        0.615        0.620           5254        0.12        0.12    ACUPTQ@10
  790     0.06      914.261        0.615        3.210           2590        0.24        1.24    CUMASTRN@25
  791     0.06      914.261        0.615        0.618           5180        0.12        0.12    ACUPTQ@16
  792     0.06      914.261        0.614        0.618           5180        0.12        0.12    ACUPTQ@14
  793     0.06      914.261        0.613        0.617           5254        0.12        0.12    ACUPTQ@6
  794     0.06      914.261        0.613        3.186           2590        0.24        1.23    CUMASTRN@22
  795     0.06      914.261        0.613        0.617           5254        0.12        0.12    ACUPTQ@5
  796     0.06      914.261        0.613        0.616           5254        0.12        0.12    ACUPTQ@8
  797     0.06      914.261        0.612        0.616           5180        0.12        0.12    ACUPTQ@15
  798     0.06      914.261        0.612        3.189           2590        0.24        1.23    CUMASTRN@28
  799     0.06      914.261        0.612        3.205           2590        0.24        1.24    CUMASTRN@24
  800     0.06      914.261        0.610        3.216           2590        0.24        1.24    CUMASTRN@21
  801     0.06      914.261        0.610        3.192           2590        0.24        1.23    CUMASTRN@23
  802     0.06      914.261        0.610        0.614           5254        0.12        0.12    ACUPTQ@7
  803     0.06      914.261        0.608        0.612           5254        0.12        0.12    ACUPTQ@3
  804     0.06      914.261        0.607        0.609           2627        0.23        0.23    CUBASEN@2
  805     0.06      914.261        0.603        0.607           5254        0.11        0.12    ACUPTQ@4
  806     0.06      914.261        0.603        0.607           5254        0.11        0.12    ACUPTQ@2
  807     0.06      914.261        0.600        3.165           2590        0.23        1.22    CUMASTRN@26
  808     0.06      914.261        0.598        0.602           5254        0.11        0.11    ACUPTQ@1
  809     0.06      914.261        0.596        1.862            128        4.65       14.55    LTDIR_MOD@1
  810     0.06      914.840        0.579        0.579            128        4.52        4.53   *LEDIR_DGEMM_2@1
  811     0.06      914.840        0.575        0.575            324        1.77        1.78    LEDIR_DGEMM_1@32
  812     0.06      914.840        0.571        0.571            123        4.64        4.65    LEDIR_DGEMM_2@4
  813     0.06      915.410        0.570        0.570             37       15.41       15.41    APL_ARPEGE_DEEP_CONVECTION_PARALLEL:COPY:COMPUTE@1
  814     0.06      915.980        0.570        1.044             37       15.40       28.23    LAPINEB_PARALLEL:LARCHE:COMPUTE@1
  815     0.06      915.980        0.569        0.569            124        4.59        4.59    LEDIR_DGEMM_2@3
  816     0.06      915.980        0.568        0.568            123        4.62        4.62    LEDIR_DGEMM_2@2
  817     0.06      915.980        0.563        0.563            323        1.74        1.74    LEDIR_DGEMM_1@31
  818     0.06      915.980        0.558        0.558            213        2.62        2.62    LEDIR_DGEMM_2@12
  819     0.06      915.980        0.558        0.558            160        3.49        3.49    LEDIR_DGEMM_2@7
  820     0.06      915.980        0.557        0.557            164        3.40        3.40    LEDIR_DGEMM_2@8
  821     0.06      915.980        0.556        0.557            127        4.38        4.38    LEDIR_DGEMM_2@5
  822     0.06      915.980        0.556        0.556            144        3.86        3.86    LEDIR_DGEMM_2@6
  823     0.06      916.530        0.550        0.550             37       14.88       14.88    CPG_DIA_FLU_PARALLEL:0:COMPUTE@1
  824     0.06      916.530        0.548        0.548            195        2.81        2.81    LEDIR_DGEMM_2@11
  825     0.06      916.530        0.546        0.546            172        3.17        3.17    LEDIR_DGEMM_2@9
  826     0.06      917.075        0.545        0.547           2627        0.21        0.21   *ACTQSAT@5
  827     0.06      917.075        0.544        0.547           2627        0.21        0.21    ACTQSAT@9
  828     0.06      917.075        0.543        0.545           2627        0.21        0.21    ACTQSAT@11
  829     0.06      917.075        0.543        0.545           2627        0.21        0.21    ACTQSAT@12
  830     0.06      917.075        0.543        0.545           2627        0.21        0.21    ACTQSAT@10
  831     0.06      917.075        0.543        0.545           2590        0.21        0.21    ACTQSAT@13
  832     0.06      917.075        0.542        0.544           2627        0.21        0.21    ACTQSAT@6
  833     0.06      917.075        0.542        0.544           2627        0.21        0.21    ACTQSAT@7
  834     0.06      917.075        0.542        0.544           2627        0.21        0.21    ACTQSAT@8
  835     0.06      917.075        0.541        0.542            219        2.47        2.47    LEDIR_DGEMM_2@13
  836     0.06      917.075        0.540        0.542           2590        0.21        0.21    ACTQSAT@15
  837     0.06      917.075        0.540        0.542           2590        0.21        0.21    ACTQSAT@16
  838     0.06      917.075        0.539        0.541           2590        0.21        0.21    ACTQSAT@14
  839     0.06      917.075        0.539        0.539            321        1.68        1.68    LEDIR_DGEMM_1@30
  840     0.06      917.075        0.537        0.547           5180        0.10        0.11    GPMPFC_EXPL_PART1@27
  841     0.06      917.075        0.536        0.536            264        2.03        2.03    LEDIR_DGEMM_2@16
  842     0.06      917.075        0.536        0.536            254        2.11        2.11    LEDIR_DGEMM_2@15
  843     0.06      917.075        0.536        0.547           5180        0.10        0.11    GPMPFC_EXPL_PART1@28
  844     0.06      917.611        0.536        0.541          15764        0.03        0.03    LIQUID_EFFECTIVE_RADIUS_CPU@1
  845     0.06      917.611        0.536        0.536            249        2.15        2.15    LEDIR_DGEMM_1@17
  846     0.06      917.611        0.535        0.544           5180        0.10        0.11    GPMPFC_EXPL_PART1@19
  847     0.06      917.611        0.535        0.544           5180        0.10        0.10    GPMPFC_EXPL_PART1@23
  848     0.06      917.611        0.534        0.543           5180        0.10        0.10    GPMPFC_EXPL_PART1@24
  849     0.06      917.611        0.534        0.543           5180        0.10        0.10    GPMPFC_EXPL_PART1@20
  850     0.06      917.611        0.532        0.542           5180        0.10        0.10    GPMPFC_EXPL_PART1@32
  851     0.06      917.611        0.531        0.542           5180        0.10        0.10    GPMPFC_EXPL_PART1@31
  852     0.06      917.611        0.531        0.533           2627        0.20        0.20    ACTQSAT@4
  853     0.06      917.611        0.531        0.533           2627        0.20        0.20    ACTQSAT@3
  854     0.06      917.611        0.530        0.532           2627        0.20        0.20    ACTQSAT@2
  855     0.06      917.611        0.530        0.530            180        2.94        2.95    LEDIR_DGEMM_2@10
  856     0.06      917.611        0.530        0.539           5180        0.10        0.10    GPMPFC_EXPL_PART1@25
  857     0.06      917.611        0.528        0.538           5180        0.10        0.10    GPMPFC_EXPL_PART1@26
  858     0.06      917.611        0.528        0.528            315        1.68        1.68    LEDIR_DGEMM_1@29
  859     0.06      917.611        0.526        0.526            226        2.33        2.33    LEDIR_DGEMM_2@14
  860     0.06      917.611        0.526        0.535           5180        0.10        0.10    GPMPFC_EXPL_PART1@17
  861     0.06      918.136        0.525        0.527           2630        0.20        0.20   *GPHPRE_EXPL_VERTFE1@1
  862     0.06      918.136        0.525        0.534           5180        0.10        0.10    GPMPFC_EXPL_PART1@18
  863     0.06      918.136        0.524        0.534           5180        0.10        0.10    GPMPFC_EXPL_PART1@21
  864     0.05      918.136        0.524        0.525           2627        0.20        0.20    GPHPRE_EXPL_VERTFE1@4
  865     0.05      918.136        0.523        0.533           5180        0.10        0.10    GPMPFC_EXPL_PART1@22
  866     0.05      918.136        0.523        0.524           2627        0.20        0.20    GPHPRE_EXPL_VERTFE1@2
  867     0.05      918.136        0.523        0.524           2627        0.20        0.20    GPHPRE_EXPL_VERTFE1@6
  868     0.05      918.136        0.522        0.524           2627        0.20        0.20    GPHPRE_EXPL_VERTFE1@8
  869     0.05      918.136        0.522        0.524           2627        0.20        0.20    GPHPRE_EXPL_VERTFE1@11
  870     0.05      918.136        0.522        0.524           2627        0.20        0.20    GPHPRE_EXPL_VERTFE1@10
  871     0.05      918.136        0.522        0.524           2627        0.20        0.20    GPHPRE_EXPL_VERTFE1@5
  872     0.05      918.136        0.522        0.524           2627        0.20        0.20    GPHPRE_EXPL_VERTFE1@12
  873     0.05      918.136        0.521        0.523           2627        0.20        0.20    GPHPRE_EXPL_VERTFE1@7
  874     0.05      918.136        0.520        0.522           2627        0.20        0.20    GPHPRE_EXPL_VERTFE1@9
  875     0.05      918.136        0.519        0.520           2590        0.20        0.20    GPHPRE_EXPL_VERTFE1@15
  876     0.05      918.136        0.519        0.521           2627        0.20        0.20    ACTQSAT@1
  877     0.05      918.136        0.519        0.520           2627        0.20        0.20    GPHPRE_EXPL_VERTFE1@3
  878     0.05      918.136        0.519        0.520           2590        0.20        0.20    GPHPRE_EXPL_VERTFE1@14
  879     0.05      918.136        0.518        0.530           5180        0.10        0.10    GPMPFC_EXPL_PART1@29
  880     0.05      918.136        0.518        0.519           2590        0.20        0.20    GPHPRE_EXPL_VERTFE1@13
  881     0.05      918.136        0.518        0.528           5180        0.10        0.10    GPMPFC_EXPL_PART1@30
  882     0.05      918.136        0.517        0.518           2590        0.20        0.20    GPHPRE_EXPL_VERTFE1@16
  883     0.05      918.136        0.517        0.518           2627        0.20        0.20    CUBASEN@1
  884     0.05      918.136        0.517        0.518           2590        0.20        0.20    GPHPRE_EXPL_VERTFE1@27
  885     0.05      918.136        0.516        0.518           2590        0.20        0.20    GPHPRE_EXPL_VERTFE1@23
  886     0.05      918.136        0.516        0.517           2590        0.20        0.20    GPHPRE_EXPL_VERTFE1@30
  887     0.05      918.136        0.516        0.518           2590        0.20        0.20    GPHPRE_EXPL_VERTFE1@22
  888     0.05      918.136        0.516        0.517           2590        0.20        0.20    GPHPRE_EXPL_VERTFE1@32
  889     0.05      918.136        0.516        0.517           2590        0.20        0.20    GPHPRE_EXPL_VERTFE1@17
  890     0.05      918.136        0.516        0.517           2590        0.20        0.20    GPHPRE_EXPL_VERTFE1@28
  891     0.05      918.136        0.515        0.517           2590        0.20        0.20    GPHPRE_EXPL_VERTFE1@29
  892     0.05      918.136        0.515        0.517           2590        0.20        0.20    GPHPRE_EXPL_VERTFE1@31
  893     0.05      918.136        0.515        0.517           2590        0.20        0.20    GPHPRE_EXPL_VERTFE1@18
  894     0.05      918.136        0.515        0.517           2590        0.20        0.20    GPHPRE_EXPL_VERTFE1@19
  895     0.05      918.136        0.515        0.517           2590        0.20        0.20    GPHPRE_EXPL_VERTFE1@20
  896     0.05      918.136        0.515        0.517           2590        0.20        0.20    GPHPRE_EXPL_VERTFE1@21
  897     0.05      918.136        0.515        0.515            265        1.94        1.94    LEDIR_DGEMM_1@20
  898     0.05      918.136        0.515        0.515            307        1.68        1.68    LEDIR_DGEMM_1@28
  899     0.05      918.136        0.514        0.515           2590        0.20        0.20    GPHPRE_EXPL_VERTFE1@24
  900     0.05      918.136        0.514        0.516           2590        0.20        0.20    GPHPRE_EXPL_VERTFE1@25
  901     0.05      918.136        0.514        0.516           2590        0.20        0.20    GPHPRE_EXPL_VERTFE1@26
  902     0.05      918.649        0.513        0.519          15764        0.03        0.03    RRTM_TAUMOL14_CPU@1
  903     0.05      918.649        0.511        0.522          18130        0.03        0.03    ROTUV@27
  904     0.05      918.649        0.508        0.521          18130        0.03        0.03    ROTUV@28
  905     0.05      918.649        0.508        0.508            266        1.91        1.91    LEDIR_DGEMM_1@22
  906     0.05      918.649        0.508        0.520          18130        0.03        0.03    ROTUV@26
  907     0.05      918.649        0.508        0.521          18130        0.03        0.03    ROTUV@25
  908     0.05      918.649        0.506        0.507            303        1.67        1.67    LEDIR_DGEMM_1@26
  909     0.05      919.154        0.505       30.861         499944        0.00        0.06    LAITRE_GFL@1
  910     0.05      919.154        0.504        0.514          18130        0.03        0.03    ROTUV@24
  911     0.05      919.154        0.503        0.515          18130        0.03        0.03    ROTUV@19
  912     0.05      919.154        0.503        0.514          18130        0.03        0.03    ROTUV@23
  913     0.05      919.154        0.503        0.503            243        2.07        2.07    LEDIR_DGEMM_1@18
  914     0.05      919.656        0.502        0.502             37       13.56       13.57    CPG_SL2_TYPE_SET_HOST_PARALLEL@1
  915     0.05      919.656        0.501        0.513          18130        0.03        0.03    ROTUV@22
  916     0.05      919.656        0.501        0.515          18130        0.03        0.03    ROTUV@21
  917     0.05      919.656        0.501        0.513          18130        0.03        0.03    ROTUV@20
  918     0.05      919.656        0.500        0.502           2590        0.19        0.19    GPINISLB_PART1_EXPL@27
  919     0.05      919.656        0.500        0.503           2590        0.19        0.19    GPINISLB_PART1_EXPL@25
  920     0.05      919.656        0.499        0.512          18130        0.03        0.03    ROTUV@17
  921     0.05      919.656        0.499        0.502           2590        0.19        0.19    GPINISLB_PART1_EXPL@26
  922     0.05      919.656        0.499        0.502           2590        0.19        0.19    GPINISLB_PART1_EXPL@19
  923     0.05      919.656        0.499        0.501           2590        0.19        0.19    GPINISLB_PART1_EXPL@32
  924     0.05      919.656        0.499        0.502           2590        0.19        0.19    GPINISLB_PART1_EXPL@28
  925     0.05      919.656        0.499        0.502           2590        0.19        0.19    GPINISLB_PART1_EXPL@21
  926     0.05      919.656        0.499        0.499            296        1.69        1.69    LEDIR_DGEMM_1@27
  927     0.05      919.656        0.499        0.502           2590        0.19        0.19    GPINISLB_PART1_EXPL@20
  928     0.05      919.656        0.499        0.501           2590        0.19        0.19    GPINISLB_PART1_EXPL@24
  929     0.05      919.656        0.499        0.500           2590        0.19        0.19    GPINISLB_PART1_EXPL@30
  930     0.05      919.656        0.498        0.501           2590        0.19        0.19    GPINISLB_PART1_EXPL@17
  931     0.05      919.656        0.498        0.500           2590        0.19        0.19    GPINISLB_PART1_EXPL@23
  932     0.05      919.656        0.498        0.500           2590        0.19        0.19    GPINISLB_PART1_EXPL@18
  933     0.05      919.656        0.498        0.500           2590        0.19        0.19    GPINISLB_PART1_EXPL@22
  934     0.05      919.656        0.498        0.509          18130        0.03        0.03    ROTUV@18
  935     0.05      919.656        0.497        0.500           2590        0.19        0.19    GPINISLB_PART1_EXPL@29
  936     0.05      919.656        0.497        0.499           2590        0.19        0.19    GPINISLB_PART1_EXPL@31
  937     0.05      919.656        0.497        0.497            266        1.87        1.87    LEDIR_DGEMM_1@21
  938     0.05      919.656        0.497        0.509          18130        0.03        0.03    ROTUV@32
  939     0.05      919.656        0.496        0.496            250        1.98        1.98    LEDIR_DGEMM_1@19
  940     0.05      919.656        0.495        0.510          18130        0.03        0.03    ROTUV@31
  941     0.05      920.149        0.493        0.493             37       13.33       13.34    APL_ARPEGE_PARALLEL:DIFTQ:COMPUTE@1
  942     0.05      920.642        0.492        0.494           2592        0.19        0.19   *SGEMMX@21
  943     0.05      920.642        0.492        0.505          18130        0.03        0.03    ROTUV@30
  944     0.05      920.642        0.491        0.506          18130        0.03        0.03    ROTUV@29
  945     0.05      921.133        0.491        0.493           2590        0.19        0.19   *LASCAW_VINTW@15
  946     0.05      921.133        0.491        0.493           2592        0.19        0.19    SGEMMX@22
  947     0.05      921.133        0.491        0.492           2592        0.19        0.19    SGEMMX@24
  948     0.05      921.133        0.490        0.491           2592        0.19        0.19    SGEMMX@23
  949     0.05      921.133        0.490        0.492           2627        0.19        0.19    LASCAW_VINTW@11
  950     0.05      921.133        0.489        0.492           2590        0.19        0.19    LASCAW_VINTW@13
  951     0.05      921.133        0.488        0.490           2592        0.19        0.19    SGEMMX@17
  952     0.05      921.133        0.488        0.490           2627        0.19        0.19    LASCAW_VINTW@12
  953     0.05      921.621        0.488        2.611             37       13.19       70.57    APL_ARPEGE_SHALLOW_CONVECTION_AND_TURBULENCE_PARALLEL:ACTKE:COMPUTE@1
  954     0.05      921.621        0.487        0.489           2627        0.19        0.19    LASCAW_VINTW@10
  955     0.05      922.108        0.487        0.487            222        2.19        2.19    LATTEX_EXPL_2TL_PARALLEL:3:COMPUTE@1
  956     0.05      922.108        0.487        0.487            266        1.83        1.83    LEDIR_DGEMM_1@23
  957     0.05      922.108        0.487        0.489           2590        0.19        0.19    LASCAW_VINTW@16
  958     0.05      922.108        0.487        0.488           2592        0.19        0.19    SGEMMX@18
  959     0.05      922.108        0.487        0.488           2592        0.19        0.19    SGEMMX@20
  960     0.05      922.108        0.486        0.488           2590        0.19        0.19    LASCAW_VINTW@27
  961     0.05      922.108        0.486        0.486            286        1.70        1.70    LEDIR_DGEMM_1@25
  962     0.05      922.108        0.486        0.488           2627        0.18        0.19    LASCAW_VINTW@9
  963     0.05      922.108        0.486        0.487           2592        0.19        0.19    SGEMMX@25
  964     0.05      922.593        0.485        0.487           2627        0.18        0.19   *ACBL89@3
  965     0.05      922.593        0.485        0.486           2592        0.19        0.19    SGEMMX@19
  966     0.05      922.593        0.485        0.487           2627        0.18        0.19    ACBL89@4
  967     0.05      922.593        0.485        0.487           2627        0.18        0.19    LASCAW_VINTW@8
  968     0.05      922.593        0.485        0.487           2627        0.18        0.19    LASCAW_VINTW@5
  969     0.05      922.593        0.484        0.486           2592        0.19        0.19    SGEMMX@28
  970     0.05      922.593        0.484        0.486           2590        0.19        0.19    LASCAW_VINTW@28
  971     0.05      922.593        0.484        0.487           2590        0.19        0.19    LASCAW_VINTW@25
  972     0.05      922.593        0.484        0.486           2627        0.18        0.19    LASCAW_VINTW@7
  973     0.05      922.593        0.484        0.485           2592        0.19        0.19    SGEMMX@26
  974     0.05      922.593        0.483        0.485           2592        0.19        0.19    SGEMMX@27
  975     0.05      922.593        0.483        0.485           2590        0.19        0.19    LASCAW_VINTW@17
  976     0.05      922.593        0.482        0.485           2590        0.19        0.19    LASCAW_VINTW@14
  977     0.05      922.593        0.482        0.485           2590        0.19        0.19    LASCAW_VINTW@21
  978     0.05      922.593        0.482        0.484           2590        0.19        0.19    LASCAW_VINTW@20
  979     0.05      922.593        0.482        0.484           2590        0.19        0.19    LASCAW_VINTW@24
  980     0.05      922.593        0.482        0.484           2627        0.18        0.18    ACBL89@2
  981     0.05      922.593        0.482        0.484           2590        0.19        0.19    LASCAW_VINTW@26
  982     0.05      922.593        0.481        0.483           2590        0.19        0.19    LASCAW_VINTW@23
  983     0.05      922.593        0.481        0.483           2590        0.19        0.19    LASCAW_VINTW@19
  984     0.05      922.593        0.481        0.483           2590        0.19        0.19    QNGCOR@28
  985     0.05      922.593        0.481        0.483           2590        0.19        0.19    QNGCOR@25
  986     0.05      922.593        0.480        0.482           2627        0.18        0.18    LASCAW_VINTW@6
  987     0.05      922.593        0.479        0.481           2592        0.18        0.19    SGEMMX@29
  988     0.05      922.593        0.479        0.481           2627        0.18        0.18    ACBL89@5
  989     0.05      923.070        0.478        0.478             37       12.91       12.91    CPUTQY_APLPAR_EXPL_PARALLEL:ZDEC:COMPUTE@1
  990     0.05      923.070        0.477        0.479           2627        0.18        0.18    ACBL89@8
  991     0.05      923.070        0.477        0.478           2592        0.18        0.18    SGEMMX@30
  992     0.05      923.070        0.476        0.479           2590        0.18        0.18    QNGCOR@20
  993     0.05      923.070        0.476        0.478           2627        0.18        0.18    ACBL89@1
  994     0.05      923.070        0.476        0.478           2627        0.18        0.18    LASCAW_VINTW@3
  995     0.05      923.070        0.476        0.478           2590        0.18        0.18    QNGCOR@17
  996     0.05      923.070        0.476        0.478           2590        0.18        0.18    QNGCOR@27
  997     0.05      923.070        0.475        0.477           2592        0.18        0.18    SGEMMX@12
  998     0.05      923.070        0.475        0.477           2590        0.18        0.18    QNGCOR@19
  999     0.05      923.070        0.474        0.477           2627        0.18        0.18    LASCAW_VINTW@1
 1000     0.05      923.070        0.474        0.476           2627        0.18        0.18    LASCAW_VINTW@2
 1001     0.05      923.070        0.474        0.475           2592        0.18        0.18    SGEMMX@16
 1002     0.05      923.070        0.474        0.475           2592        0.18        0.18    SGEMMX@31
 1003     0.05      923.070        0.474        0.475           2592        0.18        0.18    SGEMMX@13
 1004     0.05      923.070        0.474        0.486          23643        0.02        0.02    LAITLI@9
 1005     0.05      923.070        0.473        0.475           2627        0.18        0.18    ACBL89@6
 1006     0.05      923.070        0.473        0.475           2590        0.18        0.18    LASCAW_VINTW@29
 1007     0.05      923.070        0.473        0.475           2627        0.18        0.18    LASCAW_VINTW@4
 1008     0.05      923.070        0.472        0.474           2592        0.18        0.18    SGEMMX@9
 1009     0.05      923.070        0.472        0.474           2592        0.18        0.18    SGEMMX@14
 1010     0.05      923.070        0.472        0.474           2590        0.18        0.18    LASCAW_VINTW@22
 1011     0.05      923.070        0.472        0.473           2592        0.18        0.18    SGEMMX@11
 1012     0.05      923.070        0.472        0.473           2592        0.18        0.18    SGEMMX@10
 1013     0.05      923.070        0.472        0.473           2592        0.18        0.18    SGEMMX@15
 1014     0.05      923.070        0.471        0.474           2590        0.18        0.18    LASCAW_VINTW@18
 1015     0.05      923.070        0.471        0.484          23643        0.02        0.02    LAITLI@12
 1016     0.05      923.070        0.471        0.474           2590        0.18        0.18    QNGCOR@21
 1017     0.05      923.070        0.471        0.483          23643        0.02        0.02    LAITLI@10
 1018     0.05      923.070        0.471        0.473           2627        0.18        0.18    ACBL89@7
 1019     0.05      923.070        0.470        0.473           2590        0.18        0.18    QNGCOR@26
 1020     0.05      923.070        0.470        0.482          23643        0.02        0.02    LAITLI@5
 1021     0.05      923.070        0.470        0.481          23643        0.02        0.02    LAITLI@8
 1022     0.05      923.070        0.469        0.482          23643        0.02        0.02    LAITLI@11
 1023     0.05      923.070        0.469        0.482          23643        0.02        0.02    LAITLI@7
 1024     0.05      923.070        0.469        0.471           2627        0.18        0.18    ACBL89@11
 1025     0.05      923.070        0.469        0.471           2590        0.18        0.18    QNGCOR@18
 1026     0.05      923.070        0.469        0.471           2590        0.18        0.18    QNGCOR@22
 1027     0.05      923.070        0.468        0.481          23310        0.02        0.02    LAITLI@13
 1028     0.05      923.070        0.468        0.470           2627        0.18        0.18    ACBL89@9
 1029     0.05      923.070        0.467        0.479          23643        0.02        0.02    LAITLI@6
 1030     0.05      923.070        0.466        0.477          23310        0.02        0.02    LAITLI@15
 1031     0.05      923.070        0.466        0.466            323        1.44        1.44    LEDIR_DGEMM_2@31
 1032     0.05      923.070        0.466        0.467           2627        0.18        0.18    ACBL89@12
 1033     0.05      923.070        0.465        0.467           2590        0.18        0.18    LASCAW_VINTW@32
 1034     0.05      923.070        0.465        0.477          23643        0.02        0.02    LAITLI@4
 1035     0.05      923.070        0.464        0.464            267        1.74        1.74    LEDIR_DGEMM_1@24
 1036     0.05      923.070        0.464        0.466           2590        0.18        0.18    LASCAW_VINTW@31
 1037     0.05      923.070        0.463        0.476          23310        0.02        0.02    LAITLI@14
 1038     0.05      923.070        0.463        0.474          23310        0.02        0.02    LAITLI@16
 1039     0.05      923.070        0.462        0.465           2590        0.18        0.18    QNGCOR@24
 1040     0.05      923.070        0.461        0.463           2627        0.18        0.18    ACBL89@10
 1041     0.05      923.532        0.461       17.154           1296        0.36       13.24    SPCSINEW@1
 1042     0.05      923.532        0.460        0.472          23310        0.02        0.02    LAITLI@29
 1043     0.05      923.532        0.460        0.472          23643        0.02        0.02    LAITLI@3
 1044     0.05      923.532        0.460        0.473          23310        0.02        0.02    LAITLI@31
 1045     0.05      923.532        0.460        0.471          23310        0.02        0.02    LAITLI@28
 1046     0.05      923.532        0.459        0.460            321        1.43        1.43    LEDIR_DGEMM_2@30
 1047     0.05      923.532        0.459        0.461           2590        0.18        0.18    QNGCOR@23
 1048     0.05      923.532        0.459        0.471          23310        0.02        0.02    LAITLI@26
 1049     0.05      923.532        0.459        0.471          23310        0.02        0.02    LAITLI@25
 1050     0.05      923.532        0.458        0.461           2590        0.18        0.18    QNGCOR@29
 1051     0.05      923.532        0.458        0.469          23310        0.02        0.02    LAITLI@27
 1052     0.05      923.532        0.457        0.470          23310        0.02        0.02    LAITLI@17
 1053     0.05      923.532        0.457        0.468          23310        0.02        0.02    LAITLI@30
 1054     0.05      923.532        0.457        0.468          23310        0.02        0.02    LAITLI@32
 1055     0.05      923.532        0.457        0.468          23643        0.02        0.02    LAITLI@2
 1056     0.05      923.532        0.457        0.457            324        1.41        1.41    LEDIR_DGEMM_2@32
 1057     0.05      923.532        0.456        0.458           2590        0.18        0.18    LASCAW_VINTW@30
 1058     0.05      923.532        0.456        0.456            286        1.59        1.60    LEDIR_DGEMM_2@25
 1059     0.05      923.532        0.456        0.467          23310        0.02        0.02    LAITLI@24
 1060     0.05      923.532        0.455        0.457           2590        0.18        0.18    ACBL89@13
 1061     0.05      923.532        0.455        0.457           2590        0.18        0.18    QNGCOR@30
 1062     0.05      923.532        0.455        0.457           2590        0.18        0.18    ACBL89@14
 1063     0.05      923.532        0.455        0.458           2590        0.18        0.18    QNGCOR@31
 1064     0.05      923.532        0.455        0.456           2590        0.18        0.18    ACBL89@15
 1065     0.05      923.532        0.455        0.467          23310        0.02        0.02    LAITLI@19
 1066     0.05      923.532        0.454        0.457           2590        0.18        0.18    QNGCOR@32
 1067     0.05      923.532        0.454        0.467          23310        0.02        0.02    LAITLI@22
 1068     0.05      923.986        0.454        0.456           2627        0.17        0.17   *CPPHINP@11
 1069     0.05      923.986        0.454        0.466          23310        0.02        0.02    LAITLI@21
 1070     0.05      923.986        0.454        0.466          23310        0.02        0.02    LAITLI@20
 1071     0.05      923.986        0.454        0.456           2627        0.17        0.17    CPPHINP@9
 1072     0.05      923.986        0.453        0.456           2627        0.17        0.17    CPPHINP@10
 1073     0.05      923.986        0.453        0.455           2627        0.17        0.17    CPPHINP@8
 1074     0.05      923.986        0.453        0.456           2627        0.17        0.17    CPPHINP@12
 1075     0.05      923.986        0.453        0.464          23310        0.02        0.02    LAITLI@23
 1076     0.05      923.986        0.453        0.465          23310        0.02        0.02    LAITLI@18
 1077     0.05      923.986        0.452        0.455           2627        0.17        0.17    CPPHINP@7
 1078     0.05      923.986        0.452        0.454           2627        0.17        0.17    CPPHINP@6
 1079     0.05      923.986        0.452        0.455           2627        0.17        0.17    CPPHINP@5
 1080     0.05      923.986        0.452        0.452            249        1.81        1.82    LEDIR_DGEMM_2@17
 1081     0.05      923.986        0.451        0.453           2590        0.17        0.17    ACBL89@16
 1082     0.05      923.986        0.451        0.454           2590        0.17        0.18    CPPHINP@13
 1083     0.05      923.986        0.451        0.453           2590        0.17        0.17    CPPHINP@16
 1084     0.05      923.986        0.451        0.453           2590        0.17        0.17    CPPHINP@15
 1085     0.05      923.986        0.451        0.453           2590        0.17        0.18    CPPHINP@14
 1086     0.05      923.986        0.450        0.450            303        1.49        1.49    LEDIR_DGEMM_2@26
 1087     0.05      923.986        0.450        0.452           2627        0.17        0.17    CPPHINP@3
 1088     0.05      923.986        0.449        0.451           2627        0.17        0.17    CPPHINP@2
 1089     0.05      923.986        0.449        0.449            315        1.43        1.43    LEDIR_DGEMM_2@29
 1090     0.05      923.986        0.449        0.451           2627        0.17        0.17    CPPHINP@4
 1091     0.05      923.986        0.448        0.449            265        1.69        1.69    LEDIR_DGEMM_2@20
 1092     0.05      924.433        0.447        0.447             37       12.09       12.09    ACVPPKF_PARALLEL:PART2:GET_DATA@1
 1093     0.05      924.433        0.446        0.448           2627        0.17        0.17    CPPHINP@1
 1094     0.05      924.433        0.446        0.448           2592        0.17        0.17    SGEMMX@5
 1095     0.05      924.433        0.445        0.447           2590        0.17        0.17    ACTQSAT@28
 1096     0.05      924.433        0.445        0.446           2592        0.17        0.17    SGEMMX@8
 1097     0.05      924.433        0.445        0.447           2590        0.17        0.17    ACTQSAT@26
 1098     0.05      924.433        0.445        0.446           2590        0.17        0.17    ACTQSAT@27
 1099     0.05      924.433        0.445        0.447           2590        0.17        0.17    ACTQSAT@25
 1100     0.05      924.433        0.443        0.445           2592        0.17        0.17    SGEMMX@6
 1101     0.05      924.433        0.442        0.443           2592        0.17        0.17    SGEMMX@7
 1102     0.05      924.874        0.441        0.446           7881        0.06        0.06   *ROTUVGEO@10
 1103     0.05      924.874        0.441        0.446           7881        0.06        0.06    ROTUVGEO@9
 1104     0.05      924.874        0.441        0.446           7881        0.06        0.06    ROTUVGEO@12
 1105     0.05      924.874        0.441        0.445           7881        0.06        0.06    ROTUVGEO@8
 1106     0.05      924.874        0.441        0.445           7881        0.06        0.06    ROTUVGEO@11
 1107     0.05      924.874        0.441        0.445           7881        0.06        0.06    ROTUVGEO@5
 1108     0.05      924.874        0.440        0.445           7881        0.06        0.06    ROTUVGEO@6
 1109     0.05      924.874        0.440        0.445           7881        0.06        0.06    ROTUVGEO@7
 1110     0.05      924.874        0.440        0.443           7770        0.06        0.06    ROTUVGEO@16
 1111     0.05      924.874        0.440        0.444           7881        0.06        0.06    ROTUVGEO@4
 1112     0.05      924.874        0.440        0.443           7770        0.06        0.06    ROTUVGEO@15
 1113     0.05      925.313        0.439        0.441           2590        0.17        0.17   *ACNEBN@14
 1114     0.05      925.313        0.439        0.441           2627        0.17        0.17    ACNEBN@10
 1115     0.05      925.313        0.439        0.443           7770        0.06        0.06    ROTUVGEO@13
 1116     0.05      925.313        0.439        0.441           2590        0.17        0.17    ACBL89@26
 1117     0.05      925.313        0.439        0.443           7770        0.06        0.06    ROTUVGEO@14
 1118     0.05      925.313        0.439        0.443           7881        0.06        0.06    ROTUVGEO@2
 1119     0.05      925.313        0.439        0.443           7881        0.06        0.06    ROTUVGEO@3
 1120     0.05      925.313        0.438        0.440           2627        0.17        0.17    ACNEBN@11
 1121     0.05      925.313        0.437        0.441           7881        0.06        0.06    ROTUVGEO@1
 1122     0.05      925.313        0.437        0.438            243        1.80        1.80    LEDIR_DGEMM_2@18
 1123     0.05      925.313        0.437        0.439           2627        0.17        0.17    ACNEBN@9
 1124     0.05      925.313        0.437        0.439           2590        0.17        0.17    ACNEBN@13
 1125     0.05      925.313        0.436        0.438           2590        0.17        0.17    ACNEBN@16
 1126     0.05      925.313        0.436        0.438           2627        0.17        0.17    ACNEBN@7
 1127     0.05      925.313        0.436        0.438           2627        0.17        0.17    ACNEBN@12
 1128     0.05      925.313        0.436        0.436            266        1.64        1.64    LEDIR_DGEMM_2@22
 1129     0.05      925.313        0.436        0.437           2627        0.17        0.17    ACNEBN@8
 1130     0.05      925.313        0.436        0.438           2627        0.17        0.17    ACNEBN@5
 1131     0.05      925.313        0.436        0.437           2590        0.17        0.17    ACBL89@27
 1132     0.05      925.313        0.435        0.437           2590        0.17        0.17    ACTQSAT@18
 1133     0.05      925.313        0.435        0.437           2590        0.17        0.17    ACTQSAT@19
 1134     0.05      925.313        0.435        0.437           2590        0.17        0.17    ACTQSAT@20
 1135     0.05      925.313        0.435        0.437           2590        0.17        0.17    ACBL89@21
 1136     0.05      925.313        0.435        0.435            307        1.42        1.42    LEDIR_DGEMM_2@28
 1137     0.05      925.313        0.435        0.436           2590        0.17        0.17    ACTQSAT@24
 1138     0.05      925.313        0.434        0.436           2590        0.17        0.17    ACBL89@24
 1139     0.05      925.313        0.434        0.436           2590        0.17        0.17    ACTQSAT@23
 1140     0.05      925.313        0.434        0.437           2590        0.17        0.17    ACTQSAT@17
 1141     0.05      925.313        0.434        0.437           2590        0.17        0.17    ACTQSAT@21
 1142     0.05      925.313        0.434        0.436           2590        0.17        0.17    ACBL89@23
 1143     0.05      925.313        0.434        0.435           2590        0.17        0.17    ACBL89@28
 1144     0.05      925.313        0.434        0.435           2590        0.17        0.17    ACBL89@22
 1145     0.05      925.313        0.434        0.436           2590        0.17        0.17    ACTQSAT@22
 1146     0.05      925.747        0.434        0.435           2627        0.17        0.17   *ACDRME@10
 1147     0.05      925.747        0.433        0.435           2627        0.16        0.17    ACDRME@12
 1148     0.05      925.747        0.433        0.435           2590        0.17        0.17    ACDRME@16
 1149     0.05      925.747        0.433        0.433            267        1.62        1.62    LEDIR_DGEMM_2@24
 1150     0.05      925.747        0.433        0.435           2627        0.16        0.17    ACDRME@11
 1151     0.05      925.747        0.433        0.434           2590        0.17        0.17    ACDRME@13
 1152     0.05      925.747        0.433        0.434           2627        0.16        0.17    ACDRME@9
 1153     0.05      925.747        0.432        0.434           2590        0.17        0.17    ACDRME@15
 1154     0.05      925.747        0.432        0.434           2627        0.16        0.17    ACDRME@6
 1155     0.05      926.179        0.432        0.432             37       11.68       11.69    CPGLAG_PARALLEL:0:COMPUTE@1
 1156     0.05      926.179        0.432        0.434           2590        0.17        0.17    ACBL89@25
 1157     0.05      926.179        0.432        0.434           2627        0.16        0.17    ACDRME@5
 1158     0.05      926.179        0.432        0.432            296        1.46        1.46    LEDIR_DGEMM_2@27
 1159     0.05      926.179        0.432        0.433           2627        0.16        0.16    ACDRME@7
 1160     0.05      926.179        0.432        0.433           2590        0.17        0.17    ACDRME@14
 1161     0.05      926.179        0.431        0.433           2590        0.17        0.17    ACBL89@30
 1162     0.05      926.179        0.431        0.433           2627        0.16        0.16    ACDRME@1
 1163     0.05      926.179        0.431        0.432           2627        0.16        0.16    ACDRME@8
 1164     0.05      926.179        0.431        0.432           2590        0.17        0.17    ACBL89@20
 1165     0.05      926.179        0.430        0.430            266        1.62        1.62    LEDIR_DGEMM_2@21
 1166     0.05      926.179        0.430        0.432           2627        0.16        0.16    ACNEBN@6
 1167     0.05      926.179        0.430        0.432           2590        0.17        0.17    ACBL89@19
 1168     0.05      926.179        0.430        0.431           2590        0.17        0.17    ACBL89@29
 1169     0.05      926.179        0.430        0.431           2590        0.17        0.17    ACNEBN@15
 1170     0.04      926.179        0.429        0.431           2590        0.17        0.17    ACBL89@18
 1171     0.04      926.179        0.429        0.430           2590        0.17        0.17    ACBL89@32
 1172     0.04      926.179        0.429        0.431           2627        0.16        0.16    ACNEBN@4
 1173     0.04      926.179        0.428        0.430           2590        0.17        0.17    ACBL89@31
 1174     0.04      926.179        0.427        0.429           2627        0.16        0.16    ACDRME@2
 1175     0.04      926.179        0.427        0.429           2590        0.17        0.17    ACBL89@17
 1176     0.04      926.179        0.427        0.432           5180        0.08        0.08    ACUPTQ@28
 1177     0.04      926.179        0.427        0.429           2627        0.16        0.16    ACDRME@4
 1178     0.04      926.179        0.427        0.429           2627        0.16        0.16    ACNEBN@3
 1179     0.04      926.179        0.427        0.427            250        1.71        1.71    LEDIR_DGEMM_2@19
 1180     0.04      926.179        0.426        0.428           2627        0.16        0.16    ACDRME@3
 1181     0.04      926.179        0.425        0.430           5180        0.08        0.08    ACUPTQ@26
 1182     0.04      926.179        0.425        0.429           5180        0.08        0.08    ACUPTQ@19
 1183     0.04      926.179        0.425        0.426           2590        0.16        0.16    ACTQSAT@32
 1184     0.04      926.179        0.424        0.430           5180        0.08        0.08    ACUPTQ@31
 1185     0.04      926.179        0.424        0.426           2590        0.16        0.16    ACTQSAT@29
 1186     0.04      926.603        0.424        0.426           2627        0.16        0.16   *ACDRAG@9
 1187     0.04      926.603        0.423        0.426           2627        0.16        0.16    ACDRAG@12
 1188     0.04      926.603        0.423        0.425           2627        0.16        0.16    ACDRAG@8
 1189     0.04      926.603        0.423        0.425           2627        0.16        0.16    ACDRAG@11
 1190     0.04      926.603        0.423        0.427           5180        0.08        0.08    ACUPTQ@24
 1191     0.04      926.603        0.423        0.425           2590        0.16        0.16    ACTQSAT@31
 1192     0.04      926.603        0.423        0.425           2627        0.16        0.16    ACDRAG@10
 1193     0.04      926.603        0.423        0.425           2627        0.16        0.16    ACDRAG@7
 1194     0.04      926.603        0.423        0.423            266        1.59        1.59    LEDIR_DGEMM_2@23
 1195     0.04      926.603        0.423        0.424           2590        0.16        0.16    ACTQSAT@30
 1196     0.04      926.603        0.423        0.425           2627        0.16        0.16    ACDRAG@5
 1197     0.04      926.603        0.422        0.424           2627        0.16        0.16    ACNEBN@2
 1198     0.04      926.603        0.422        0.426           5180        0.08        0.08    ACUPTQ@23
 1199     0.04      926.603        0.422        0.424           2627        0.16        0.16    ACDRAG@6
 1200     0.04      926.603        0.422        0.423           2627        0.16        0.16    ACNEBN@1
 1201     0.04      926.603        0.421        0.427           5180        0.08        0.08    ACUPTQ@29
 1202     0.04      926.603        0.421        0.426           5180        0.08        0.08    ACUPTQ@32
 1203     0.04      926.603        0.420        0.426           5180        0.08        0.08    ACUPTQ@25
 1204     0.04      926.603        0.420        0.425           5180        0.08        0.08    ACUPTQ@22
 1205     0.04      926.603        0.420        0.422           2590        0.16        0.16    ACDRAG@16
 1206     0.04      926.603        0.420        0.422           2590        0.16        0.16    ACDRAG@13
 1207     0.04      926.603        0.420        0.424           5180        0.08        0.08    ACUPTQ@18
 1208     0.04      926.603        0.420        0.421           2590        0.16        0.16    ACDRAG@15
 1209     0.04      926.603        0.419        0.424           5180        0.08        0.08    ACUPTQ@17
 1210     0.04      926.603        0.419        0.424           5180        0.08        0.08    ACUPTQ@20
 1211     0.04      926.603        0.419        0.423           5180        0.08        0.08    ACUPTQ@27
 1212     0.04      927.022        0.419        0.421           5254        0.08        0.08   *VERDER@7
 1213     0.04      927.022        0.418        0.421           2590        0.16        0.16    ACDRAG@14
 1214     0.04      927.022        0.418        0.420           2627        0.16        0.16    ACDRAG@4
 1215     0.04      927.022        0.418        0.420           2627        0.16        0.16    ACDRAG@3
 1216     0.04      927.022        0.418        0.419           2627        0.16        0.16    ACDRAG@1
 1217     0.04      927.022        0.417        0.423           5180        0.08        0.08    ACUPTQ@21
 1218     0.04      927.022        0.417        0.419           2627        0.16        0.16    ACDRAG@2
 1219     0.04      927.022        0.415        0.420           5180        0.08        0.08    ACUPTQ@30
 1220     0.04      927.022        0.415        0.418           5254        0.08        0.08    VERDER@6
 1221     0.04      927.022        0.415        0.417           5254        0.08        0.08    VERDER@4
 1222     0.04      927.022        0.413        0.415           5254        0.08        0.08    VERDER@5
 1223     0.04      927.434        0.413        0.423             37       11.15       11.43    LATTES_PARALLEL:0:COMPUTE@1
 1224     0.04      927.434        0.412        0.415           5254        0.08        0.08    VERDER@3
 1225     0.04      927.434        0.409        0.411           5254        0.08        0.08    VERDER@10
 1226     0.04      927.843        0.408        0.409             37       11.04       11.04    APL_ARPEGE_PARALLEL:ZBAY_QRCONV:COMPUTE@1
 1227     0.04      927.843        0.408        0.411           5254        0.08        0.08    VERDER@2
 1228     0.04      927.843        0.408        0.411           5180        0.08        0.08    VERDER@31
 1229     0.04      928.250        0.407        3.900             37       10.99      105.40    CPG_GP_HYD_PARALLEL:2:COMPUTE@1
 1230     0.04      928.250        0.406        0.409           5254        0.08        0.08    VERDER@8
 1231     0.04      928.250        0.406        0.409           5254        0.08        0.08    VERDER@12
 1232     0.04      928.250        0.405        0.407           5180        0.08        0.08    VERDER@32
 1233     0.04      928.250        0.405        0.407           5254        0.08        0.08    VERDER@11
 1234     0.04      928.250        0.405        0.407           5254        0.08        0.08    VERDER@9
 1235     0.04      928.654        0.404        0.404            148        2.73        2.73    GPRCP_EXPL_PARALLEL:0:COMPUTE@1
 1236     0.04      928.654        0.404        0.407           5180        0.08        0.08    VERDER@13
 1237     0.04      928.654        0.403        0.406           5180        0.08        0.08    VERDER@29
 1238     0.04      928.654        0.402        0.405           5180        0.08        0.08    VERDER@30
 1239     0.04      928.654        0.402        0.404           5180        0.08        0.08    VERDER@23
 1240     0.04      928.654        0.402        0.404           5180        0.08        0.08    VERDER@19
 1241     0.04      928.654        0.402        0.404           5180        0.08        0.08    VERDER@28
 1242     0.04      928.654        0.401        0.404           5180        0.08        0.08    VERDER@27
 1243     0.04      928.654        0.401        0.404           5180        0.08        0.08    VERDER@26
 1244     0.04      928.654        0.401        0.404           5180        0.08        0.08    VERDER@14
 1245     0.04      928.654        0.401        0.403           5180        0.08        0.08    VERDER@15
 1246     0.04      928.654        0.400        0.403           5180        0.08        0.08    VERDER@17
 1247     0.04      928.654        0.400        0.403           5180        0.08        0.08    VERDER@20
 1248     0.04      928.654        0.400        0.403           5180        0.08        0.08    VERDER@16
 1249     0.04      928.654        0.400        0.403           5180        0.08        0.08    VERDER@18
 1250     0.04      928.654        0.400        0.403           5180        0.08        0.08    VERDER@21
 1251     0.04      928.654        0.400        0.401           2592        0.15        0.15    SGEMMX@32
 1252     0.04      929.053        0.400        0.400            148        2.70        2.70    GPINISLB_PART2_EXPL_PARALLEL:1:COMPUTE@1
 1253     0.04      929.053        0.400        0.402           5180        0.08        0.08    VERDER@24
 1254     0.04      929.053        0.399        0.402           5180        0.08        0.08    VERDER@25
 1255     0.04      929.053        0.397        0.400           5180        0.08        0.08    VERDER@22
 1256     0.04      929.446        0.393        2.520             37       10.62       68.11    APL_ARPEGE_PRECIPITATION_PARALLEL:ACUPTQ:COMPUTE@1
 1257     0.04      929.446        0.392        0.394           5254        0.07        0.08    VERDER@1
 1258     0.04      929.837        0.391        0.559             37       10.57       15.10    APL_ARPEGE_PARALLEL:ACCLPH:COMPUTE@1
 1259     0.04      929.837        0.379        0.385           7770        0.05        0.05    ROTUVGEO@25
 1260     0.04      929.837        0.379        0.385           7770        0.05        0.05    ROTUVGEO@21
 1261     0.04      929.837        0.379        0.383           7770        0.05        0.05    ROTUVGEO@27
 1262     0.04      929.837        0.378        0.384           7770        0.05        0.05    ROTUVGEO@26
 1263     0.04      929.837        0.378        0.384           7770        0.05        0.05    ROTUVGEO@20
 1264     0.04      929.837        0.378        0.384           7770        0.05        0.05    ROTUVGEO@28
 1265     0.04      929.837        0.378        0.382           7770        0.05        0.05    ROTUVGEO@18
 1266     0.04      929.837        0.377        0.382           7770        0.05        0.05    ROTUVGEO@17
 1267     0.04      929.837        0.376        0.382           7770        0.05        0.05    ROTUVGEO@29
 1268     0.04      929.837        0.376        0.380           7770        0.05        0.05    ROTUVGEO@24
 1269     0.04      929.837        0.376        0.381           7770        0.05        0.05    ROTUVGEO@22
 1270     0.04      929.837        0.376        0.381           7770        0.05        0.05    ROTUVGEO@19
 1271     0.04      929.837        0.376        0.379           7770        0.05        0.05    ROTUVGEO@23
 1272     0.04      929.837        0.375        0.381           7770        0.05        0.05    ROTUVGEO@31
 1273     0.04      929.837        0.375        0.379           7770        0.05        0.05    ROTUVGEO@32
 1274     0.04      929.837        0.374        0.379           7770        0.05        0.05    ROTUVGEO@30
 1275     0.04      930.210        0.373        0.414         141876        0.00        0.00    radiation_gas:put_gas_CPU@1
 1276     0.04      930.210        0.360        0.361           2592        0.14        0.14    SGEMMX@4
 1277     0.04      930.210        0.358        0.359           2592        0.14        0.14    SGEMMX@2
 1278     0.04      930.210        0.358        0.360           2590        0.14        0.14    CPPHINP@25
 1279     0.04      930.210        0.358        0.360           2590        0.14        0.14    CPPHINP@28
 1280     0.04      930.210        0.358        0.360           2590        0.14        0.14    CPPHINP@26
 1281     0.04      930.210        0.357        0.359           2590        0.14        0.14    CPPHINP@27
 1282     0.04      930.210        0.355        0.357           2590        0.14        0.14    CPPHINP@24
 1283     0.04      930.210        0.355        0.357           2590        0.14        0.14    CPPHINP@22
 1284     0.04      930.210        0.355        0.356           2590        0.14        0.14    CPPHINP@23
 1285     0.04      930.210        0.354        0.357           2590        0.14        0.14    CPPHINP@21
 1286     0.04      930.210        0.354        0.356           2590        0.14        0.14    CPPHINP@18
 1287     0.04      930.210        0.353        0.356           2590        0.14        0.14    CPPHINP@19
 1288     0.04      930.210        0.353        0.356           2590        0.14        0.14    CPPHINP@20
 1289     0.04      930.210        0.353        0.356           2590        0.14        0.14    CPPHINP@17
 1290     0.04      930.210        0.353        0.355           2590        0.14        0.14    CPPHINP@32
 1291     0.04      930.210        0.353        0.355           2590        0.14        0.14    CPPHINP@29
 1292     0.04      930.210        0.352        0.355           2590        0.14        0.14    CPPHINP@31
 1293     0.04      930.210        0.352        0.354           2590        0.14        0.14    CPPHINP@30
 1294     0.04      930.210        0.351        0.352           2592        0.14        0.14    SGEMMX@3
 1295     0.04      930.561        0.350        1.122             37        9.47       30.31    CPG_GP_HYD_PARALLEL:0:COMPUTE@1
 1296     0.04      930.907        0.346       20.685         416620        0.00        0.05    LAITRE_GMV@1
 1297     0.04      930.907        0.345        0.347           2590        0.13        0.13    ACDRAG@22
 1298     0.04      930.907        0.343        0.345           2590        0.13        0.13    ACDRME@25
 1299     0.04      930.907        0.343        0.344           2590        0.13        0.13    ACDRAG@27
 1300     0.04      930.907        0.343        0.345           2590        0.13        0.13    ACDRAG@25
 1301     0.04      930.907        0.343        0.344           2590        0.13        0.13    ACDRAG@28
 1302     0.04      930.907        0.343        0.344           2590        0.13        0.13    ACDRME@24
 1303     0.04      930.907        0.342        0.344           2590        0.13        0.13    ACDRAG@26
 1304     0.04      930.907        0.342        0.344           2590        0.13        0.13    ACDRAG@23
 1305     0.04      930.907        0.342        0.344           2590        0.13        0.13    ACDRAG@19
 1306     0.04      930.907        0.342        0.344           2590        0.13        0.13    ACDRAG@21
 1307     0.04      930.907        0.342        0.344           2590        0.13        0.13    ACDRAG@20
 1308     0.04      930.907        0.341        0.343           2590        0.13        0.13    ACDRME@18
 1309     0.04      930.907        0.341        0.343           2590        0.13        0.13    ACDRAG@18
 1310     0.04      930.907        0.341        0.343           2590        0.13        0.13    ACDRME@21
 1311     0.04      930.907        0.341        0.343           2590        0.13        0.13    ACDRAG@17
 1312     0.04      930.907        0.341        0.342           2590        0.13        0.13    ACDRAG@24
 1313     0.04      930.907        0.341        0.342           2590        0.13        0.13    ACDRAG@32
 1314     0.04      930.907        0.340        0.343           2590        0.13        0.13    ACDRAG@31
 1315     0.04      930.907        0.340        0.342           2590        0.13        0.13    ACDRAG@30
 1316     0.04      930.907        0.340        0.341           2590        0.13        0.13    ACDRME@22
 1317     0.04      930.907        0.340        0.342           2590        0.13        0.13    ACDRAG@29
 1318     0.04      930.907        0.340        0.342           2590        0.13        0.13    ACDRME@28
 1319     0.04      930.907        0.340        0.341           2590        0.13        0.13    ACDRME@20
 1320     0.04      930.907        0.340        0.341           2590        0.13        0.13    ACDRME@26
 1321     0.04      930.907        0.339        0.341           2590        0.13        0.13    ACDRME@30
 1322     0.04      930.907        0.339        0.341           2590        0.13        0.13    ACDRME@23
 1323     0.04      930.907        0.339        0.340           2590        0.13        0.13    ACDRME@17
 1324     0.04      930.907        0.339        0.340           2590        0.13        0.13    ACDRME@27
 1325     0.04      930.907        0.339        0.340           2590        0.13        0.13    ACDRME@19
 1326     0.04      930.907        0.338        0.340           2590        0.13        0.13    ACDRME@32
 1327     0.04      930.907        0.337        0.339           2590        0.13        0.13    ACDRME@31
 1328     0.04      930.907        0.337        0.339           2590        0.13        0.13    ACDRME@29
 1329     0.04      931.241        0.335        0.335            222        1.51        1.51    LAPINEB_PARALLEL:ZERO_GMV9:COMPUTE@1
 1330     0.03      931.572        0.331        0.336          15764        0.02        0.02    radiation_gas:allocate_gas_CPU@1
 1331     0.03      931.902        0.329       28.575             37        8.90      772.31    ACVPPKF_PARALLEL:PART2@1
 1332     0.03      932.211        0.309        0.314          15764        0.02        0.02    SATUR_CPU@1
 1333     0.03      932.518        0.307        2.122           2627        0.12        0.81   *ACTKE@12
 1334     0.03      932.518        0.306        2.132           2627        0.12        0.81    ACTKE@6
 1335     0.03      932.518        0.306        2.133           2627        0.12        0.81    ACTKE@7
 1336     0.03      932.518        0.306        2.124           2627        0.12        0.81    ACTKE@11
 1337     0.03      932.518        0.306        2.134           2627        0.12        0.81    ACTKE@8
 1338     0.03      932.518        0.304        0.308           2590        0.12        0.12    ACNEBN@28
 1339     0.03      932.518        0.304        0.307           2590        0.12        0.12    ACNEBN@19
 1340     0.03      932.518        0.304        2.126           2627        0.12        0.81    ACTKE@9
 1341     0.03      932.518        0.304        0.307           2590        0.12        0.12    ACNEBN@20
 1342     0.03      932.518        0.304        2.119           2627        0.12        0.81    ACTKE@10
 1343     0.03      932.518        0.304        2.083           2590        0.12        0.80    ACTKE@16
 1344     0.03      932.518        0.303        0.306           2590        0.12        0.12    ACNEBN@23
 1345     0.03      932.518        0.302        0.306           2590        0.12        0.12    ACNEBN@22
 1346     0.03      932.518        0.302        0.306           2590        0.12        0.12    ACNEBN@17
 1347     0.03      932.518        0.302        0.305           2590        0.12        0.12    ACNEBN@24
 1348     0.03      932.518        0.302        0.305           2590        0.12        0.12    ACNEBN@18
 1349     0.03      932.518        0.301        0.305           2590        0.12        0.12    ACNEBN@26
 1350     0.03      932.518        0.301        2.090           2590        0.12        0.81    ACTKE@13
 1351     0.03      932.518        0.301        0.305           2590        0.12        0.12    ACNEBN@25
 1352     0.03      932.518        0.301        0.304           2590        0.12        0.12    ACNEBN@27
 1353     0.03      932.518        0.301        2.083           2590        0.12        0.80    ACTKE@15
 1354     0.03      932.518        0.301        2.085           2590        0.12        0.81    ACTKE@14
 1355     0.03      932.518        0.300        0.304           2590        0.12        0.12    ACNEBN@21
 1356     0.03      932.518        0.300        0.303           2590        0.12        0.12    ACNEBN@31
 1357     0.03      932.518        0.300        2.135           2627        0.11        0.81    ACTKE@5
 1358     0.03      932.518        0.300        2.135           2627        0.11        0.81    ACTKE@3
 1359     0.03      932.518        0.299        2.133           2627        0.11        0.81    ACTKE@4
 1360     0.03      932.518        0.299        2.123           2627        0.11        0.81    ACTKE@1
 1361     0.03      932.518        0.299        2.124           2627        0.11        0.81    ACTKE@2
 1362     0.03      932.518        0.299        0.302           2590        0.12        0.12    ACNEBN@32
 1363     0.03      932.518        0.298        0.302           2590        0.12        0.12    ACNEBN@29
 1364     0.03      932.518        0.296        0.299           2590        0.11        0.12    ACNEBN@30
 1365     0.03      932.807        0.289        0.290             37        7.82        7.82    CPG_DIA_FLU_PARALLEL:2:COMPUTE@1
 1366     0.03      933.095        0.288        0.289           2627        0.11        0.11   *CUFLXN@1
 1367     0.03      933.374        0.279        0.279            222        1.26        1.26    GPINISLB_PART2_EXPL_PARALLEL:0:COMPUTE@1
 1368     0.03      933.650        0.276        0.709             37        7.46       19.16    APL_ARPEGE_PARALLEL:ACDRME:COMPUTE@1
 1369     0.03      933.923        0.273        0.513           2592        0.11        0.20    MXMAOP@1
 1370     0.03      934.196        0.273      430.713              7       38.97    61530.46    RECMWF_PARALLEL:ECRAD_CPU:COMPUTE@1
 1371     0.03      934.467        0.271        0.271             74        3.66        3.66    GPMPFC_EXPL_PART2_PARALLEL:0:COMPUTE@1
 1372     0.03      934.467        0.270        0.272           2627        0.10        0.10    CUFLXN@2
 1373     0.03      934.735        0.268        0.271           5254        0.05        0.05   *LACONE@11
 1374     0.03      934.735        0.268        0.271           5254        0.05        0.05    LACONE@12
 1375     0.03      934.735        0.268        0.271           5254        0.05        0.05    LACONE@5
 1376     0.03      934.735        0.268        0.271           5254        0.05        0.05    LACONE@9
 1377     0.03      934.735        0.268        0.271           5254        0.05        0.05    LACONE@10
 1378     0.03      934.735        0.268        0.270           5254        0.05        0.05    LACONE@6
 1379     0.03      934.735        0.268        0.270           5254        0.05        0.05    LACONE@8
 1380     0.03      934.735        0.267        0.270           5254        0.05        0.05    LACONE@7
 1381     0.03      934.735        0.267        0.270           5254        0.05        0.05    LACONE@3
 1382     0.03      934.735        0.266        0.269           5254        0.05        0.05    LACONE@2
 1383     0.03      934.735        0.266        0.268           5180        0.05        0.05    LACONE@16
 1384     0.03      934.735        0.266        0.269           5254        0.05        0.05    LACONE@4
 1385     0.03      934.735        0.266        0.269           5180        0.05        0.05    LACONE@14
 1386     0.03      934.735        0.266        0.269           5180        0.05        0.05    LACONE@13
 1387     0.03      934.735        0.265        0.268           5180        0.05        0.05    LACONE@15
 1388     0.03      934.735        0.265        0.268           5254        0.05        0.05    LACONE@1
 1389     0.03      935.000        0.265        5.566         333296        0.00        0.02    LAITLIF@1
 1390     0.03      935.000        0.262        0.263           2627        0.10        0.10    CUFLXN@3
 1391     0.03      935.000        0.260        0.261           2627        0.10        0.10    CUFLXN@6
 1392     0.03      935.257        0.257        0.262          15764        0.02        0.02    radiation_flux:allocate_flux_type_CPU@1
 1393     0.03      935.257        0.257        0.258           2627        0.10        0.10    CUFLXN@7
 1394     0.03      935.257        0.256        0.258           2627        0.10        0.10    CUFLXN@8
 1395     0.03      935.257        0.255        0.257           2627        0.10        0.10    CUFLXN@4
 1396     0.03      935.511        0.254        1.189             37        6.86       32.13    APL_ARPEGE_INIT_PARALLEL:1:COMPUTE@1
 1397     0.03      935.511        0.253        0.255           2627        0.10        0.10    CUFLXN@5
 1398     0.03      935.511        0.253        0.255           2627        0.10        0.10    CUFLXN@9
 1399     0.03      935.511        0.253        0.254           2627        0.10        0.10    CUFLXN@10
 1400     0.03      935.511        0.252        0.253           2627        0.10        0.10    CUFLXN@12
 1401     0.03      935.511        0.251        0.252           2627        0.10        0.10    CUFLXN@11
 1402     0.03      935.761        0.250      425.226          15764        0.02       26.97    radiation_interface_CPU:radiation_CPU@1
 1403     0.03      935.761        0.249        1.935           2590        0.10        0.75    ACTKE@31
 1404     0.03      936.009        0.248        0.249            288        0.86        0.86    EXCHANGE_MS:MESSAGE_M@1
 1405     0.03      936.256        0.247        3.735           2627        0.09        1.42   *CUCALLN_MF@11
 1406     0.03      936.256        0.246        1.931           2590        0.10        0.75    ACTKE@29
 1407     0.03      936.256        0.246        1.932           2590        0.10        0.75    ACTKE@28
 1408     0.03      936.256        0.246        1.926           2590        0.09        0.74    ACTKE@32
 1409     0.03      936.256        0.246        3.550           2590        0.09        1.37    CUCALLN_MF@19
 1410     0.03      936.256        0.246        3.556           2590        0.09        1.37    CUCALLN_MF@18
 1411     0.03      936.256        0.246        1.937           2590        0.09        0.75    ACTKE@26
 1412     0.03      936.256        0.245        3.516           2590        0.09        1.36    CUCALLN_MF@20
 1413     0.03      936.256        0.245        1.930           2590        0.09        0.75    ACTKE@30
 1414     0.03      936.256        0.245        3.478           2590        0.09        1.34    CUCALLN_MF@23
 1415     0.03      936.256        0.245        3.472           2590        0.09        1.34    CUCALLN_MF@22
 1416     0.03      936.256        0.245        3.552           2590        0.09        1.37    CUCALLN_MF@16
 1417     0.03      936.256        0.245        3.701           2627        0.09        1.41    CUCALLN_MF@12
 1418     0.03      936.256        0.245        3.604           2590        0.09        1.39    CUCALLN_MF@14
 1419     0.03      936.256        0.245        1.936           2590        0.09        0.75    ACTKE@21
 1420     0.03      936.256        0.245        1.936           2590        0.09        0.75    ACTKE@22
 1421     0.03      936.256        0.245        0.246           2590        0.09        0.10    CUFLXN@13
 1422     0.03      936.256        0.245        3.502           2590        0.09        1.35    CUCALLN_MF@21
 1423     0.03      936.500        0.245        0.882           2627        0.09        0.34   *ACNEBCOND@7
 1424     0.03      936.500        0.245        1.933           2590        0.09        0.75    ACTKE@27
 1425     0.03      936.500        0.244        3.480           2590        0.09        1.34    CUCALLN_MF@30
 1426     0.03      936.500        0.244        3.764           2627        0.09        1.43    CUCALLN_MF@10
 1427     0.03      936.500        0.244        3.502           2590        0.09        1.35    CUCALLN_MF@27
 1428     0.03      936.500        0.244        3.451           2590        0.09        1.33    CUCALLN_MF@26
 1429     0.03      936.500        0.244        3.490           2590        0.09        1.35    CUCALLN_MF@24
 1430     0.03      936.500        0.244        3.789           2627        0.09        1.44    CUCALLN_MF@3
 1431     0.03      936.500        0.244        3.474           2590        0.09        1.34    CUCALLN_MF@28
 1432     0.03      936.500        0.244        3.553           2590        0.09        1.37    CUCALLN_MF@17
 1433     0.03      936.500        0.243        3.612           2590        0.09        1.39    CUCALLN_MF@13
 1434     0.03      936.500        0.243        0.872           2590        0.09        0.34    ACNEBCOND@13
 1435     0.03      936.500        0.243        1.936           2590        0.09        0.75    ACTKE@23
 1436     0.03      936.500        0.243        0.870           2590        0.09        0.34    ACNEBCOND@14
 1437     0.03      936.500        0.243        1.932           2590        0.09        0.75    ACTKE@24
 1438     0.03      936.743        0.243        0.248          15764        0.02        0.02    radiation_cloud:set_overlap_param_var_CPU@1
 1439     0.03      936.743        0.243        0.879           2627        0.09        0.33    ACNEBCOND@10
 1440     0.03      936.743        0.243        3.770           2627        0.09        1.44    CUCALLN_MF@9
 1441     0.03      936.743        0.243        0.244           2590        0.09        0.09    CUFLXN@14
 1442     0.03      936.743        0.243        0.880           2627        0.09        0.33    ACNEBCOND@11
 1443     0.03      936.743        0.243        3.545           2590        0.09        1.37    CUCALLN_MF@15
 1444     0.03      936.743        0.243        3.506           2590        0.09        1.35    CUCALLN_MF@31
 1445     0.03      936.743        0.243        0.881           2627        0.09        0.34    ACNEBCOND@9
 1446     0.03      936.986        0.242        0.249          12950        0.02        0.02   *MCOORDS@14
 1447     0.03      936.986        0.242        0.244           2590        0.09        0.09    CUFLXN@17
 1448     0.03      936.986        0.242        3.801           2627        0.09        1.45    CUCALLN_MF@8
 1449     0.03      936.986        0.242        0.244           2590        0.09        0.09    CUFLXN@31
 1450     0.03      936.986        0.242        3.507           2590        0.09        1.35    CUCALLN_MF@29
 1451     0.03      936.986        0.242        3.834           2627        0.09        1.46    CUCALLN_MF@7
 1452     0.03      936.986        0.242        1.927           2590        0.09        0.74    ACTKE@25
 1453     0.03      936.986        0.242        0.879           2627        0.09        0.33    ACNEBCOND@12
 1454     0.03      936.986        0.242        3.494           2590        0.09        1.35    CUCALLN_MF@25
 1455     0.03      936.986        0.241        0.880           2627        0.09        0.33    ACNEBCOND@5
 1456     0.03      936.986        0.241        3.839           2627        0.09        1.46    CUCALLN_MF@6
 1457     0.03      936.986        0.241        0.881           2627        0.09        0.34    ACNEBCOND@8
 1458     0.03      936.986        0.241        0.869           2590        0.09        0.34    ACNEBCOND@16
 1459     0.03      936.986        0.241        3.487           2590        0.09        1.35    CUCALLN_MF@32
 1460     0.03      936.986        0.241        3.782           2627        0.09        1.44    CUCALLN_MF@2
 1461     0.03      936.986        0.241        0.242           2590        0.09        0.09    CUFLXN@32
 1462     0.03      936.986        0.241        3.823           2627        0.09        1.46    CUCALLN_MF@5
 1463     0.03      936.986        0.240        0.242           2590        0.09        0.09    CUFLXN@16
 1464     0.03      936.986        0.240        0.242           2590        0.09        0.09    CUFLXN@19
 1465     0.03      936.986        0.240        0.241           2590        0.09        0.09    CUFLXN@18
 1466     0.03      936.986        0.240        0.241           2590        0.09        0.09    CUFLXN@15
 1467     0.03      936.986        0.240        0.246          13135        0.02        0.02    MCOORDS@12
 1468     0.03      936.986        0.239        1.922           2590        0.09        0.74    ACTKE@20
 1469     0.03      936.986        0.239        3.804           2627        0.09        1.45    CUCALLN_MF@4
 1470     0.03      936.986        0.239        0.240           2590        0.09        0.09    CUFLXN@29
 1471     0.03      936.986        0.239        0.246          12950        0.02        0.02    MCOORDS@13
 1472     0.03      936.986        0.239        0.883           2627        0.09        0.34    ACNEBCOND@6
 1473     0.03      936.986        0.239        0.245          13135        0.02        0.02    MCOORDS@7
 1474     0.03      936.986        0.239        0.873           2590        0.09        0.34    ACNEBCOND@15
 1475     0.03      936.986        0.239        0.245          13135        0.02        0.02    MCOORDS@10
 1476     0.03      936.986        0.238        0.245          13135        0.02        0.02    MCOORDS@11
 1477     0.03      936.986        0.238        0.878           2627        0.09        0.33    ACNEBCOND@4
 1478     0.02      936.986        0.238        1.921           2590        0.09        0.74    ACTKE@19
 1479     0.02      936.986        0.238        0.239           2592        0.09        0.09    SGEMMX@1
 1480     0.02      936.986        0.238        0.244          13135        0.02        0.02    MCOORDS@9
 1481     0.02      936.986        0.238        0.239           2590        0.09        0.09    CUFLXN@30
 1482     0.02      936.986        0.237        0.239           2590        0.09        0.09    CUFLXN@25
 1483     0.02      936.986        0.237        0.239           2590        0.09        0.09    CUFLXN@27
 1484     0.02      936.986        0.237        0.891           2627        0.09        0.34    ACNEBCOND@1
 1485     0.02      936.986        0.237        0.243          12950        0.02        0.02    MCOORDS@16
 1486     0.02      936.986        0.237        0.238           2590        0.09        0.09    CUFLXN@24
 1487     0.02      936.986        0.237        0.238           2590        0.09        0.09    CUFLXN@20
 1488     0.02      936.986        0.237        0.881           2627        0.09        0.34    ACNEBCOND@2
 1489     0.02      936.986        0.237        0.238           2590        0.09        0.09    CUFLXN@28
 1490     0.02      936.986        0.237        0.238           2590        0.09        0.09    CUFLXN@22
 1491     0.02      937.222        0.236       19.433             37        6.39      525.21    LARCINB_PARALLEL:LRHS_CURV_F:COMPUTE@1
 1492     0.02      937.222        0.236        0.238           2590        0.09        0.09    CUFLXN@21
 1493     0.02      937.458        0.236       31.097            222        1.06      140.08    LARCINB_PARALLEL:LAITRE_GFL:COMPUTE@1
 1494     0.02      937.458        0.236        0.878           2627        0.09        0.33    ACNEBCOND@3
 1495     0.02      937.458        0.236        1.915           2590        0.09        0.74    ACTKE@18
 1496     0.02      937.458        0.236        0.242          12950        0.02        0.02    MCOORDS@15
 1497     0.02      937.458        0.236        3.880           2627        0.09        1.48    CUCALLN_MF@1
 1498     0.02      937.458        0.236        0.242          13135        0.02        0.02    MCOORDS@5
 1499     0.02      937.458        0.235        0.241          13135        0.02        0.02    MCOORDS@8
 1500     0.02      937.458        0.235        0.236           2590        0.09        0.09    CUFLXN@23
 1501     0.02      937.458        0.234        0.241          13135        0.02        0.02    MCOORDS@6
 1502     0.02      937.458        0.234        1.916           2590        0.09        0.74    ACTKE@17
 1503     0.02      937.458        0.234        0.235           2590        0.09        0.09    CUFLXN@26
 1504     0.02      937.458        0.233        0.240          13135        0.02        0.02    MCOORDS@3
 1505     0.02      937.458        0.232        0.238          13135        0.02        0.02    MCOORDS@2
 1506     0.02      937.458        0.232        0.238          13135        0.02        0.02    MCOORDS@4
 1507     0.02      937.458        0.230        0.236          13135        0.02        0.02    MCOORDS@1
 1508     0.02      937.687        0.229        0.869           2590        0.09        0.34   *GPCTY_EXPL@14
 1509     0.02      937.915        0.229        0.229             37        6.18        6.18    APL_ARPEGE_PARALLEL:ZDE2MR:COMPUTE@1
 1510     0.02      937.915        0.228        0.876           2627        0.09        0.33    GPCTY_EXPL@11
 1511     0.02      937.915        0.228        0.871           2590        0.09        0.34    GPCTY_EXPL@13
 1512     0.02      937.915        0.228        0.876           2627        0.09        0.33    GPCTY_EXPL@10
 1513     0.02      937.915        0.228        0.877           2627        0.09        0.33    GPCTY_EXPL@12
 1514     0.02      937.915        0.228        0.880           2627        0.09        0.34    GPCTY_EXPL@9
 1515     0.02      937.915        0.228        0.870           2590        0.09        0.34    GPCTY_EXPL@16
 1516     0.02      937.915        0.228        0.869           2590        0.09        0.34    GPCTY_EXPL@15
 1517     0.02      938.142        0.226        0.237          28870        0.01        0.01   *VERINTS@1
 1518     0.02      938.368        0.226        0.226            288        0.78        0.79    EXCHANGE_MS:MESSAGE_S@1
 1519     0.02      938.368        0.226        0.871           2627        0.09        0.33    GPCTY_EXPL@5
 1520     0.02      938.368        0.225        0.871           2627        0.09        0.33    GPCTY_EXPL@7
 1521     0.02      938.368        0.224        0.868           2627        0.09        0.33    GPCTY_EXPL@6
 1522     0.02      938.368        0.223        0.868           2627        0.08        0.33    GPCTY_EXPL@8
 1523     0.02      938.368        0.223        0.866           2627        0.08        0.33    GPCTY_EXPL@3
 1524     0.02      938.368        0.222        0.872           2627        0.08        0.33    GPCTY_EXPL@2
 1525     0.02      938.368        0.221        0.866           2627        0.08        0.33    GPCTY_EXPL@4
 1526     0.02      938.588        0.221      118.464             37        5.96     3201.74    CALL_SL@1
 1527     0.02      938.588        0.220        0.862           2627        0.08        0.33    GPCTY_EXPL@1
 1528     0.02      938.803        0.215        0.215             37        5.81        5.81    GPTF1_YDVARS_PARALLEL:LTWOTL:COMPUTE@1
 1529     0.02      938.803        0.213        0.847           2590        0.08        0.33    GPCTY_EXPL@27
 1530     0.02      938.803        0.213        0.846           2590        0.08        0.33    GPCTY_EXPL@21
 1531     0.02      938.803        0.213        0.848           2590        0.08        0.33    GPCTY_EXPL@26
 1532     0.02      938.803        0.212        0.846           2590        0.08        0.33    GPCTY_EXPL@28
 1533     0.02      938.803        0.212        0.845           2590        0.08        0.33    GPCTY_EXPL@25
 1534     0.02      938.803        0.212        0.847           2590        0.08        0.33    GPCTY_EXPL@31
 1535     0.02      938.803        0.212        0.843           2590        0.08        0.33    GPCTY_EXPL@24
 1536     0.02      938.803        0.212        0.843           2590        0.08        0.33    GPCTY_EXPL@19
 1537     0.02      938.803        0.212        0.843           2590        0.08        0.33    GPCTY_EXPL@18
 1538     0.02      938.803        0.212        0.843           2590        0.08        0.33    GPCTY_EXPL@22
 1539     0.02      938.803        0.212        0.839           2590        0.08        0.32    GPCTY_EXPL@32
 1540     0.02      938.803        0.211        0.842           2590        0.08        0.33    GPCTY_EXPL@20
 1541     0.02      938.803        0.211        0.842           2590        0.08        0.33    GPCTY_EXPL@30
 1542     0.02      938.803        0.211        0.843           2590        0.08        0.33    GPCTY_EXPL@23
 1543     0.02      938.803        0.211        0.841           2590        0.08        0.32    GPCTY_EXPL@29
 1544     0.02      938.803        0.210        0.840           2590        0.08        0.32    GPCTY_EXPL@17
 1545     0.02      939.011        0.208        0.213          15764        0.01        0.01    radiation_single_level:get_albedos_CPU@1
 1546     0.02      939.216        0.205        1.259             37        5.53       34.02    CPG_GP_HYD_PARALLEL:1:COMPUTE@1
 1547     0.02      939.419        0.204        0.205           2590        0.08        0.08   *GP_TNDLAGADIAB_UV@20
 1548     0.02      939.419        0.203        0.204           2627        0.08        0.08    GP_TNDLAGADIAB_UV@3
 1549     0.02      939.419        0.203        0.204           2590        0.08        0.08    GP_TNDLAGADIAB_UV@23
 1550     0.02      939.419        0.202        0.203           2627        0.08        0.08    GP_TNDLAGADIAB_UV@11
 1551     0.02      939.419        0.202        0.203           2627        0.08        0.08    GP_TNDLAGADIAB_UV@12
 1552     0.02      939.419        0.202        0.203           2590        0.08        0.08    GP_TNDLAGADIAB_UV@22
 1553     0.02      939.419        0.202        0.203           2627        0.08        0.08    GP_TNDLAGADIAB_UV@8
 1554     0.02      939.621        0.201        0.203           2627        0.08        0.08   *GPRT@10
 1555     0.02      939.621        0.201        0.203           2627        0.08        0.08    GPRT@9
 1556     0.02      939.621        0.201        0.203           2590        0.08        0.08    GP_TNDLAGADIAB_UV@19
 1557     0.02      939.621        0.201        0.203           2590        0.08        0.08    GP_TNDLAGADIAB_UV@27
 1558     0.02      939.621        0.201        0.203           2627        0.08        0.08    GPRT@12
 1559     0.02      939.621        0.201        0.202           2627        0.08        0.08    GP_TNDLAGADIAB_UV@2
 1560     0.02      939.621        0.201        0.202           2590        0.08        0.08    GP_TNDLAGADIAB_UV@17
 1561     0.02      939.621        0.201        0.202           2627        0.08        0.08    GPRT@11
 1562     0.02      939.621        0.201        0.202           2627        0.08        0.08    GP_TNDLAGADIAB_UV@7
 1563     0.02      939.621        0.201        0.202           2590        0.08        0.08    GP_TNDLAGADIAB_UV@24
 1564     0.02      939.621        0.201        0.202           2590        0.08        0.08    GP_TNDLAGADIAB_UV@13
 1565     0.02      939.621        0.201        0.202           2590        0.08        0.08    GP_TNDLAGADIAB_UV@26
 1566     0.02      939.621        0.201        0.202           2590        0.08        0.08    GP_TNDLAGADIAB_UV@18
 1567     0.02      939.621        0.200        0.202           2590        0.08        0.08    GPRT@16
 1568     0.02      939.621        0.200        0.202           2627        0.08        0.08    GP_TNDLAGADIAB_UV@5
 1569     0.02      939.621        0.200        0.202           2590        0.08        0.08    GP_TNDLAGADIAB_UV@25
 1570     0.02      939.621        0.200        0.202           2590        0.08        0.08    GPRT@15
 1571     0.02      939.621        0.200        0.202           2590        0.08        0.08    GP_TNDLAGADIAB_UV@28
 1572     0.02      939.621        0.200        0.202           2627        0.08        0.08    GP_TNDLAGADIAB_UV@9
 1573     0.02      939.621        0.200        0.201           2590        0.08        0.08    GPRT@13
 1574     0.02      939.621        0.200        0.201           2590        0.08        0.08    GPRT@14
 1575     0.02      939.621        0.200        0.201           2590        0.08        0.08    GP_TNDLAGADIAB_UV@21
 1576     0.02      939.621        0.200        0.201           2627        0.08        0.08    GP_TNDLAGADIAB_UV@6
 1577     0.02      939.621        0.199        0.200           2627        0.08        0.08    GP_TNDLAGADIAB_UV@4
 1578     0.02      939.621        0.199        0.200           2627        0.08        0.08    GPRT@7
 1579     0.02      939.621        0.199        0.200           2590        0.08        0.08    GP_TNDLAGADIAB_UV@31
 1580     0.02      939.621        0.199        0.200           2627        0.08        0.08    GP_TNDLAGADIAB_UV@10
 1581     0.02      939.621        0.199        0.200           2590        0.08        0.08    GP_TNDLAGADIAB_UV@15
 1582     0.02      939.621        0.198        0.199           2590        0.08        0.08    GP_TNDLAGADIAB_UV@16
 1583     0.02      939.621        0.198        0.199           2627        0.08        0.08    GPRT@6
 1584     0.02      939.621        0.198        0.199           2590        0.08        0.08    GP_TNDLAGADIAB_UV@14
 1585     0.02      939.621        0.197        0.199           2627        0.08        0.08    GPRT@8
 1586     0.02      939.621        0.197        0.199           2627        0.08        0.08    GPRT@5
 1587     0.02      939.621        0.197        0.198           2627        0.07        0.08    GP_TNDLAGADIAB_UV@1
 1588     0.02      939.818        0.197        0.198           2627        0.07        0.08   *CUININ@12
 1589     0.02      939.818        0.197        0.198           2590        0.08        0.08    GP_TNDLAGADIAB_UV@29
 1590     0.02      939.818        0.196        0.198           2590        0.08        0.08    GP_TNDLAGADIAB_UV@30
 1591     0.02      939.818        0.196        0.198           2627        0.07        0.08    CUININ@11
 1592     0.02      939.818        0.196        0.197           2590        0.08        0.08    GP_TNDLAGADIAB_UV@32
 1593     0.02      939.818        0.196        0.197           2590        0.08        0.08    CUININ@16
 1594     0.02      939.818        0.196        0.197           2627        0.07        0.08    CUININ@5
 1595     0.02      939.818        0.195        0.197           2590        0.08        0.08    CUININ@17
 1596     0.02      939.818        0.195        0.196           2590        0.08        0.08    CUININ@32
 1597     0.02      939.818        0.195        0.196           2590        0.08        0.08    CUININ@27
 1598     0.02      939.818        0.195        0.196           2590        0.08        0.08    CUININ@24
 1599     0.02      939.818        0.195        0.196           2627        0.07        0.07    CUININ@4
 1600     0.02      939.818        0.195        0.196           2590        0.08        0.08    CUININ@28
 1601     0.02      939.818        0.195        0.196           2590        0.08        0.08    CUININ@26
 1602     0.02      939.818        0.195        0.196           2627        0.07        0.07    CUININ@10
 1603     0.02      939.818        0.195        0.196           2590        0.08        0.08    CUININ@14
 1604     0.02      939.818        0.194        0.196           2627        0.07        0.07    CUININ@6
 1605     0.02      939.818        0.194        0.196           2590        0.08        0.08    CUININ@22
 1606     0.02      939.818        0.194        0.196           2627        0.07        0.07    CUININ@9
 1607     0.02      939.818        0.194        0.196           2627        0.07        0.07    CUININ@8
 1608     0.02      939.818        0.194        0.196           2590        0.08        0.08    CUININ@23
 1609     0.02      939.818        0.194        0.196           2590        0.08        0.08    CUININ@21
 1610     0.02      939.818        0.194        0.196           2627        0.07        0.07    GPRT@3
 1611     0.02      939.818        0.194        0.196           2590        0.07        0.08    CUININ@18
 1612     0.02      939.818        0.194        0.196           2590        0.07        0.08    CUININ@19
 1613     0.02      939.818        0.194        0.196           2590        0.07        0.08    CUININ@20
 1614     0.02      939.818        0.194        0.196           2627        0.07        0.07    CUININ@3
 1615     0.02      939.818        0.194        0.196           2590        0.07        0.08    CUININ@25
 1616     0.02      939.818        0.194        0.195           2590        0.07        0.08    CUININ@30
 1617     0.02      939.818        0.194        0.195           2627        0.07        0.07    CUININ@7
 1618     0.02      939.818        0.194        0.195           2627        0.07        0.07    CUININ@2
 1619     0.02      939.818        0.194        0.195           2590        0.07        0.08    CUININ@15
 1620     0.02      939.818        0.194        0.195           2590        0.07        0.08    CUININ@13
 1621     0.02      939.818        0.194        0.195           2590        0.07        0.08    CUININ@31
 1622     0.02      939.818        0.194        0.195           2590        0.07        0.08    CUININ@29
 1623     0.02      939.818        0.193        0.194           2627        0.07        0.07    GPRT@2
 1624     0.02      939.818        0.192        0.194           2627        0.07        0.07    CUININ@1
 1625     0.02      940.010        0.192        0.192            234        0.82        0.82    SPNORMB@1
 1626     0.02      940.010        0.192        0.193           2627        0.07        0.07    GPRT@4
 1627     0.02      940.201        0.192        0.192             37        5.18        5.18    APL_ARPEGE_PARALLEL:ZRDG_LCVQ:COMPUTE@1
 1628     0.02      940.201        0.191        0.195           5180        0.04        0.04    LACONE@27
 1629     0.02      940.201        0.191        0.197           5180        0.04        0.04    LACONE@31
 1630     0.02      940.201        0.191        0.196           5180        0.04        0.04    LACONE@25
 1631     0.02      940.201        0.191        0.196           5180        0.04        0.04    LACONE@28
 1632     0.02      940.201        0.191        0.195           5180        0.04        0.04    LACONE@26
 1633     0.02      940.201        0.190        0.191           2627        0.07        0.07    GPRT@1
 1634     0.02      940.201        0.190        0.195           5180        0.04        0.04    LACONE@29
 1635     0.02      940.201        0.190        0.194           5180        0.04        0.04    LACONE@32
 1636     0.02      940.201        0.190        0.194           5180        0.04        0.04    LACONE@19
 1637     0.02      940.201        0.190        0.194           5180        0.04        0.04    LACONE@30
 1638     0.02      940.201        0.190        0.194           5180        0.04        0.04    LACONE@21
 1639     0.02      940.201        0.189        0.194           5180        0.04        0.04    LACONE@20
 1640     0.02      940.201        0.189        0.194           5180        0.04        0.04    LACONE@22
 1641     0.02      940.201        0.189        0.193           5180        0.04        0.04    LACONE@23
 1642     0.02      940.390        0.189        0.190            702        0.27        0.27   *MXTURHDMULTNEW@32
 1643     0.02      940.390        0.189        0.193           5180        0.04        0.04    LACONE@17
 1644     0.02      940.390        0.189        0.192           5180        0.04        0.04    LACONE@24
 1645     0.02      940.579        0.188        0.194          15764        0.01        0.01    SRTM_TAUMOL26_CPU@1
 1646     0.02      940.579        0.188        0.193           5180        0.04        0.04    LACONE@18
 1647     0.02      940.766        0.188        0.447             20        9.38       22.35    GPNORM_TRANS_CTL@1
 1648     0.02      940.766        0.185        0.186            690        0.27        0.27    MXTURHDMULTNEW@31
 1649     0.02      940.766        0.185        0.186            628        0.29        0.30    MXTURHDMULTNEW@27
 1650     0.02      940.951        0.184        0.206          71008        0.00        0.00    CONVECT_CLOSURE_ADJUST_SHAL@1
 1651     0.02      940.951        0.184        0.185           2590        0.07        0.07    GPRT@28
 1652     0.02      940.951        0.184        0.185           2590        0.07        0.07    GPRT@26
 1653     0.02      940.951        0.184        0.185           2590        0.07        0.07    GPRT@24
 1654     0.02      940.951        0.184        0.185           2590        0.07        0.07    GPRT@21
 1655     0.02      940.951        0.184        0.185           2590        0.07        0.07    GPRT@25
 1656     0.02      940.951        0.183        0.185           2590        0.07        0.07    GPRT@22
 1657     0.02      940.951        0.183        0.184           2590        0.07        0.07    GPRT@27
 1658     0.02      940.951        0.183        0.185           2590        0.07        0.07    GPRT@31
 1659     0.02      941.134        0.183        0.183            185        0.99        0.99    GPRCP_EXPL_PARALLEL:2:COMPUTE@1
 1660     0.02      941.134        0.183        0.184           2590        0.07        0.07    GPRT@23
 1661     0.02      941.134        0.183        0.184           2590        0.07        0.07    GPRT@20
 1662     0.02      941.134        0.183        0.184           2590        0.07        0.07    GPRT@32
 1663     0.02      941.134        0.182        0.184           2590        0.07        0.07    GPRT@18
 1664     0.02      941.134        0.182        0.183           2590        0.07        0.07    GPRT@19
 1665     0.02      941.134        0.182        0.183           2590        0.07        0.07    GPRT@17
 1666     0.02      941.134        0.182        0.183           2590        0.07        0.07    GPRT@30
 1667     0.02      941.134        0.181        0.183           2590        0.07        0.07    GPRT@29
 1668     0.02      941.315        0.181        0.182             37        4.90        4.91    CPG_DRV:EXIT@1
 1669     0.02      941.315        0.180        0.691           2590        0.07        0.27    ACNEBCOND@20
 1670     0.02      941.315        0.179        0.690           2590        0.07        0.27    ACNEBCOND@25
 1671     0.02      941.315        0.179        0.687           2590        0.07        0.27    ACNEBCOND@28
 1672     0.02      941.315        0.179        0.688           2590        0.07        0.27    ACNEBCOND@22
 1673     0.02      941.494        0.179        0.189             37        4.83        5.10    LAPINEB_PARALLEL:NVLAG3:COMPUTE@1
 1674     0.02      941.494        0.178        0.689           2590        0.07        0.27    ACNEBCOND@19
 1675     0.02      941.494        0.178        0.690           2590        0.07        0.27    ACNEBCOND@21
 1676     0.02      941.494        0.178        0.686           2590        0.07        0.26    ACNEBCOND@26
 1677     0.02      941.494        0.177        0.689           2590        0.07        0.27    ACNEBCOND@17
 1678     0.02      941.494        0.177        0.687           2590        0.07        0.27    ACNEBCOND@27
 1679     0.02      941.494        0.177        0.687           2590        0.07        0.27    ACNEBCOND@29
 1680     0.02      941.494        0.176        0.687           2590        0.07        0.27    ACNEBCOND@18
 1681     0.02      941.494        0.176        0.684           2590        0.07        0.26    ACNEBCOND@23
 1682     0.02      941.494        0.176        0.176            302        0.58        0.58    MXTURHDMULTNEW@9
 1683     0.02      941.494        0.176        0.689           2590        0.07        0.27    ACNEBCOND@31
 1684     0.02      941.494        0.176        0.685           2590        0.07        0.26    ACNEBCOND@24
 1685     0.02      941.494        0.175        0.176            308        0.57        0.57    MXTURHDMULTNEW@10
 1686     0.02      941.494        0.175        0.176            670        0.26        0.26    MXTURHDMULTNEW@30
 1687     0.02      941.494        0.175        0.175            278        0.63        0.63    MXTURHDMULTNEW@6
 1688     0.02      941.494        0.174        0.175            632        0.28        0.28    MXTURHDMULTNEW@28
 1689     0.02      941.667        0.174        0.175           2627        0.07        0.07   *GPGRXYB_EXPL@3
 1690     0.02      941.667        0.173        0.683           2590        0.07        0.26    ACNEBCOND@32
 1691     0.02      941.667        0.173        0.173            316        0.55        0.55    MXTURHDMULTNEW@11
 1692     0.02      941.667        0.173        0.173            294        0.59        0.59    MXTURHDMULTNEW@7
 1693     0.02      941.840        0.172        0.177          15764        0.01        0.01    radiation_flux:deallocate_flux_type_CPU@1
 1694     0.02      941.840        0.172        0.683           2590        0.07        0.26    ACNEBCOND@30
 1695     0.02      941.840        0.172        0.173            562        0.31        0.31    MXTURHDMULTNEW@22
 1696     0.02      941.840        0.172        0.172            370        0.46        0.47    MXTURHDMULTNEW@14
 1697     0.02      942.011        0.171        0.172           1296        0.13        0.13    MXTURENEW@1
 1698     0.02      942.011        0.171        0.172            584        0.29        0.29    MXTURHDMULTNEW@24
 1699     0.02      942.011        0.171        0.172           2627        0.07        0.07    GPGRXYB_EXPL@9
 1700     0.02      942.011        0.171        0.172           2627        0.06        0.07    GPGRXYB_EXPL@7
 1701     0.02      942.011        0.171        0.172           2627        0.06        0.07    GPGRXYB_EXPL@11
 1702     0.02      942.011        0.171        0.172           2627        0.06        0.07    GPGRXYB_EXPL@5
 1703     0.02      942.011        0.171        0.172           2627        0.06        0.07    GPGRXYB_EXPL@10
 1704     0.02      942.011        0.171        0.171            244        0.70        0.70    MXTURHDMULTNEW@3
 1705     0.02      942.181        0.171        0.171             41        4.16        4.16    GRIB_API:IGRIB_GET_REAL8_ARRAY@1
 1706     0.02      942.181        0.171        0.172           2627        0.06        0.07    GPGRXYB_EXPL@8
 1707     0.02      942.181        0.171        0.172           2627        0.06        0.07    GPGRXYB_EXPL@1
 1708     0.02      942.181        0.170        0.171            300        0.57        0.57    MXTURHDMULTNEW@8
 1709     0.02      942.181        0.170        0.172           2627        0.06        0.07    GPGRXYB_EXPL@6
 1710     0.02      942.181        0.170        0.172           2627        0.06        0.07    GPGRXYB_EXPL@4
 1711     0.02      942.181        0.170        0.172           2627        0.06        0.07    GPGRXYB_EXPL@12
 1712     0.02      942.181        0.170        0.171            574        0.30        0.30    MXTURHDMULTNEW@23
 1713     0.02      942.181        0.170        0.171            614        0.28        0.28    MXTURHDMULTNEW@26
 1714     0.02      942.181        0.170        0.171           2627        0.06        0.07    GPGRXYB_EXPL@2
 1715     0.02      942.181        0.170        0.171           2590        0.07        0.07    GPGRXYB_EXPL@16
 1716     0.02      942.181        0.170        0.171           2590        0.07        0.07    GPGRXYB_EXPL@13
 1717     0.02      942.181        0.170        0.170            250        0.68        0.68    MXTURHDMULTNEW@4
 1718     0.02      942.181        0.170        0.170            344        0.49        0.49    MXTURHDMULTNEW@13
 1719     0.02      942.181        0.170        0.171           2590        0.07        0.07    GPGRXYB_EXPL@19
 1720     0.02      942.181        0.170        0.170            384        0.44        0.44    MXTURHDMULTNEW@15
 1721     0.02      942.181        0.169        0.171           2590        0.07        0.07    GPGRXYB_EXPL@14
 1722     0.02      942.181        0.169        0.170           2590        0.07        0.07    GPGRXYB_EXPL@15
 1723     0.02      942.350        0.169        0.170           2627        0.06        0.06   *ACCLPH@9
 1724     0.02      942.350        0.169        0.170            656        0.26        0.26    MXTURHDMULTNEW@29
 1725     0.02      942.350        0.169        0.170           2590        0.07        0.07    GPGRXYB_EXPL@25
 1726     0.02      942.350        0.168        0.170           2627        0.06        0.06    ACCLPH@11
 1727     0.02      942.350        0.168        0.169           2627        0.06        0.06    ACCLPH@8
 1728     0.02      942.350        0.168        0.169           2590        0.06        0.07    GPGRXYB_EXPL@29
 1729     0.02      942.350        0.168        0.169           2590        0.06        0.07    GPGRXYB_EXPL@31
 1730     0.02      942.350        0.168        0.169           2590        0.06        0.07    GPGRXYB_EXPL@17
 1731     0.02      942.350        0.168        0.169           2627        0.06        0.06    ACCLPH@12
 1732     0.02      942.350        0.168        0.169            542        0.31        0.31    MXTURHDMULTNEW@20
 1733     0.02      942.518        0.168        0.169           2590        0.06        0.07   *LASCAW_CLA@14
 1734     0.02      942.518        0.168        0.175          12950        0.01        0.01    MCOORDS@20
 1735     0.02      942.518        0.168        0.168            258        0.65        0.65    MXTURHDMULTNEW@5
 1736     0.02      942.518        0.168        0.169           2590        0.06        0.07    LASCAW_CLA@13
 1737     0.02      942.518        0.168        0.169           2590        0.06        0.07    GPGRXYB_EXPL@21
 1738     0.02      942.518        0.168        0.175          12950        0.01        0.01    MCOORDS@28
 1739     0.02      942.518        0.168        0.168            526        0.32        0.32    MXTURHDMULTNEW@19
 1740     0.02      942.518        0.167        0.169           2590        0.06        0.07    GPGRXYB_EXPL@20
 1741     0.02      942.518        0.167        0.169           2590        0.06        0.07    GPGRXYB_EXPL@26
 1742     0.02      942.518        0.167        0.168           2627        0.06        0.06    ACCLPH@7
 1743     0.02      942.518        0.167        0.169           2627        0.06        0.06    LASCAW_CLA@8
 1744     0.02      942.518        0.167        0.169           2627        0.06        0.06    LASCAW_CLA@5
 1745     0.02      942.518        0.167        0.169           2627        0.06        0.06    LASCAW_CLA@7
 1746     0.02      942.518        0.167        0.168           2590        0.06        0.06    GPGRXYB_EXPL@32
 1747     0.02      942.518        0.167        0.168            320        0.52        0.52    MXTURHDMULTNEW@12
 1748     0.02      942.518        0.167        0.169           2627        0.06        0.06    LASCAW_CLA@9
 1749     0.02      942.518        0.167        0.174          12950        0.01        0.01    MCOORDS@31
 1750     0.02      942.518        0.167        0.168           2590        0.06        0.06    GPGRXYB_EXPL@30
 1751     0.02      942.518        0.167        0.168           2590        0.06        0.06    GPGRXYB_EXPL@18
 1752     0.02      942.518        0.167        0.169           2590        0.06        0.07    LASCAW_CLA@28
 1753     0.02      942.518        0.167        0.168           2627        0.06        0.06    ACCLPH@5
 1754     0.02      942.518        0.167        0.168           2627        0.06        0.06    ACCLPH@3
 1755     0.02      942.518        0.167        0.169           2627        0.06        0.06    LASCAW_CLA@11
 1756     0.02      942.518        0.167        0.168           2627        0.06        0.06    LASCAW_CLA@12
 1757     0.02      942.518        0.167        0.168           2590        0.06        0.06    ACCLPH@13
 1758     0.02      942.518        0.167        0.168           2590        0.06        0.06    GPGRXYB_EXPL@27
 1759     0.02      942.518        0.167        0.168           2590        0.06        0.06    GPGRXYB_EXPL@28
 1760     0.02      942.518        0.167        0.168           2627        0.06        0.06    ACCLPH@10
 1761     0.02      942.518        0.167        0.168           2590        0.06        0.06    GPGRXYB_EXPL@24
 1762     0.02      942.518        0.167        0.168           2627        0.06        0.06    ACCLPH@4
 1763     0.02      942.518        0.167        0.168           2590        0.06        0.06    GPGRXYB_EXPL@22
 1764     0.02      942.518        0.167        0.168           2627        0.06        0.06    ACCLPH@1
 1765     0.02      942.518        0.167        0.168           2590        0.06        0.06    LASCAW_CLA@27
 1766     0.02      942.518        0.166        0.168           2590        0.06        0.06    ACCLPH@14
 1767     0.02      942.684        0.166        7.793           1296        0.13        6.01    SIGAM_GP_OPENMP@1
 1768     0.02      942.684        0.166        0.168           2590        0.06        0.06    LASCAW_CLA@26
 1769     0.02      942.684        0.166        0.168           2627        0.06        0.06    LASCAW_CLA@6
 1770     0.02      942.684        0.166        0.167           2590        0.06        0.06    GPGRXYB_EXPL@23
 1771     0.02      942.684        0.166        0.167           2590        0.06        0.06    ACCLPH@16
 1772     0.02      942.684        0.166        0.166            234        0.71        0.71    MXTURHDMULTNEW@2
 1773     0.02      942.684        0.166        0.173          12950        0.01        0.01    MCOORDS@27
 1774     0.02      942.684        0.166        0.167           2590        0.06        0.06    LASCAW_CLA@24
 1775     0.02      942.684        0.166        0.167           2627        0.06        0.06    LASCAW_CLA@10
 1776     0.02      942.684        0.166        0.167           2590        0.06        0.06    LASCAW_CLA@19
 1777     0.02      942.684        0.166        0.167           2627        0.06        0.06    ACCLPH@2
 1778     0.02      942.684        0.166        0.167           2590        0.06        0.06    LASCAW_CLA@20
 1779     0.02      942.684        0.166        0.167           2590        0.06        0.06    LASCAW_CLA@17
 1780     0.02      942.684        0.165        0.167           2590        0.06        0.06    LASCAW_CLA@16
 1781     0.02      942.684        0.165        0.166           2627        0.06        0.06    ACCLPH@6
 1782     0.02      942.684        0.165        0.167           2590        0.06        0.06    LASCAW_CLA@25
 1783     0.02      942.684        0.165        0.166           2590        0.06        0.06    ACCLPH@15
 1784     0.02      942.684        0.165        0.166           2590        0.06        0.06    LASCAW_CLA@15
 1785     0.02      942.684        0.165        0.166           2590        0.06        0.06    LASCAW_CLA@23
 1786     0.02      942.684        0.165        0.172          12950        0.01        0.01    MCOORDS@25
 1787     0.02      942.684        0.165        0.167           2590        0.06        0.06    LASCAW_CLA@18
 1788     0.02      942.684        0.165        0.172          12950        0.01        0.01    MCOORDS@19
 1789     0.02      942.684        0.165        0.172          12950        0.01        0.01    MCOORDS@21
 1790     0.02      942.684        0.165        0.166           2590        0.06        0.06    LASCAW_CLA@21
 1791     0.02      942.684        0.164        0.170          12950        0.01        0.01    MCOORDS@32
 1792     0.02      942.684        0.164        0.165           2627        0.06        0.06    LASCAW_CLA@3
 1793     0.02      942.684        0.163        0.170          12950        0.01        0.01    MCOORDS@26
 1794     0.02      942.684        0.163        0.165           2627        0.06        0.06    LASCAW_CLA@1
 1795     0.02      942.684        0.163        0.165           2627        0.06        0.06    LASCAW_CLA@2
 1796     0.02      942.684        0.163        0.164            588        0.28        0.28    MXTURHDMULTNEW@25
 1797     0.02      942.684        0.163        0.169          12950        0.01        0.01    MCOORDS@24
 1798     0.02      942.684        0.163        0.163            394        0.41        0.41    MXTURHDMULTNEW@16
 1799     0.02      942.684        0.163        0.164           2590        0.06        0.06    LASCAW_CLA@29
 1800     0.02      942.684        0.163        0.164           2590        0.06        0.06    LASCAW_CLA@22
 1801     0.02      942.684        0.162        0.164           2627        0.06        0.06    LASCAW_CLA@4
 1802     0.02      942.684        0.162        0.169          12950        0.01        0.01    MCOORDS@23
 1803     0.02      942.684        0.162        0.169          12950        0.01        0.01    MCOORDS@29
 1804     0.02      942.684        0.162        0.162            226        0.72        0.72    MXTURHDMULTNEW@1
 1805     0.02      942.684        0.162        0.163            486        0.33        0.33    MXTURHDMULTNEW@17
 1806     0.02      942.846        0.162        0.162            113        1.43        1.43    "lfilec_alts"@1:lfi_alts.c
 1807     0.02      942.846        0.161        0.162            552        0.29        0.29    MXTURHDMULTNEW@21
 1808     0.02      942.846        0.161        0.167          12950        0.01        0.01    MCOORDS@22
 1809     0.02      942.846        0.160        0.161            500        0.32        0.32    MXTURHDMULTNEW@18
 1810     0.02      942.846        0.159        0.161           2590        0.06        0.06    LASCAW_CLA@31
 1811     0.02      942.846        0.159        0.160           2590        0.06        0.06    LASCAW_CLA@32
 1812     0.02      942.846        0.158        0.165          12950        0.01        0.01    MCOORDS@17
 1813     0.02      942.846        0.158        0.159           2590        0.06        0.06    LASCAW_CLA@30
 1814     0.02      942.846        0.158        0.164          12950        0.01        0.01    MCOORDS@30
 1815     0.02      943.003        0.156        0.159           5254        0.03        0.03   *ACCLDIA@12
 1816     0.02      943.158        0.155        0.166             38        4.08        4.36    SUHEG@1
 1817     0.02      943.158        0.155        0.161          12950        0.01        0.01    MCOORDS@18
 1818     0.02      943.312        0.155        5.647             37        4.18      152.61    APL_ARPEGE_SURFACE_PARALLEL:LMSE_F:COMPUTE@1
 1819     0.02      943.467        0.155        0.175             37        4.18        4.73    APL_ARPEGE_SURFACE_UPDATE_PARALLEL:LMSE_F:COMPUTE@1
 1820     0.02      943.620        0.153        1.892           2590        0.06        0.73   *ACPLUIZ@14
 1821     0.02      943.620        0.152        1.890           2590        0.06        0.73    ACPLUIZ@15
 1822     0.02      943.620        0.152        1.913           2627        0.06        0.73    ACPLUIZ@11
 1823     0.02      943.772        0.152        0.152             37        4.11        4.11    CPGLAG_PARALLEL:STR:COMPUTE@1
 1824     0.02      943.924        0.152        0.185           2627        0.06        0.07   *CUDTDQN@1
 1825     0.02      943.924        0.152        1.912           2627        0.06        0.73    ACPLUIZ@12
 1826     0.02      943.924        0.152        1.915           2627        0.06        0.73    ACPLUIZ@5
 1827     0.02      943.924        0.151        1.915           2627        0.06        0.73    ACPLUIZ@9
 1828     0.02      943.924        0.151        1.914           2627        0.06        0.73    ACPLUIZ@8
 1829     0.02      943.924        0.151        1.888           2590        0.06        0.73    ACPLUIZ@16
 1830     0.02      943.924        0.150        1.915           2627        0.06        0.73    ACPLUIZ@10
 1831     0.02      943.924        0.150        1.916           2627        0.06        0.73    ACPLUIZ@7
 1832     0.02      943.924        0.150        1.923           2627        0.06        0.73    ACPLUIZ@6
 1833     0.02      943.924        0.150        1.886           2590        0.06        0.73    ACPLUIZ@13
 1834     0.02      944.073        0.150        0.151            490        0.31        0.31   *RADAER@27
 1835     0.02      944.073        0.149        1.907           2627        0.06        0.73    ACPLUIZ@2
 1836     0.02      944.073        0.149        0.151           2590        0.06        0.06    ACCLPH@28
 1837     0.02      944.073        0.149        0.150            490        0.30        0.31    RADAER@26
 1838     0.02      944.073        0.149        0.150            490        0.30        0.31    RADAER@28
 1839     0.02      944.073        0.149        0.150            490        0.30        0.31    RADAER@25
 1840     0.02      944.073        0.149        1.908           2627        0.06        0.73    ACPLUIZ@3
 1841     0.02      944.073        0.149        0.150           2590        0.06        0.06    ACCLPH@25
 1842     0.02      944.073        0.149        0.150           2590        0.06        0.06    ACCLPH@32
 1843     0.02      944.073        0.149        0.150           2590        0.06        0.06    ACCLPH@29
 1844     0.02      944.073        0.149        0.150           2590        0.06        0.06    ACCLPH@26
 1845     0.02      944.073        0.149        0.150            490        0.30        0.31    RADAER@22
 1846     0.02      944.073        0.149        0.150           2590        0.06        0.06    ACCLPH@22
 1847     0.02      944.073        0.149        0.149            490        0.30        0.30    RADAER@23
 1848     0.02      944.073        0.149        0.149            490        0.30        0.30    RADAER@24
 1849     0.02      944.073        0.149        0.150           2590        0.06        0.06    ACCLPH@21
 1850     0.02      944.073        0.149        0.150           2590        0.06        0.06    ACCLPH@31
 1851     0.02      944.073        0.148        0.150           2590        0.06        0.06    ACCLPH@24
 1852     0.02      944.073        0.148        0.149           2590        0.06        0.06    ACCLPH@17
 1853     0.02      944.073        0.148        0.149            490        0.30        0.30    RADAER@21
 1854     0.02      944.073        0.148        0.149            490        0.30        0.30    RADAER@19
 1855     0.02      944.073        0.148        1.909           2627        0.06        0.73    ACPLUIZ@4
 1856     0.02      944.221        0.148        0.148            185        0.80        0.80    ACCTND0_PARALLEL:PACC:COMPUTE@1
 1857     0.02      944.221        0.148        0.149           2590        0.06        0.06    ACCLPH@30
 1858     0.02      944.221        0.148        0.149           2590        0.06        0.06    ACCLPH@20
 1859     0.02      944.221        0.148        0.149            490        0.30        0.30    RADAER@20
 1860     0.02      944.221        0.148        0.149            490        0.30        0.30    RADAER@17
 1861     0.02      944.221        0.148        0.149           2590        0.06        0.06    ACCLPH@27
 1862     0.02      944.221        0.148        0.149            490        0.30        0.30    RADAER@18
 1863     0.02      944.221        0.148        0.149           2590        0.06        0.06    ACCLPH@23
 1864     0.02      944.369        0.147        1.345           2627        0.06        0.51   *GPGRGEO_EXPL@12
 1865     0.02      944.369        0.147        0.148           2590        0.06        0.06    ACCLPH@18
 1866     0.02      944.369        0.147        0.148           2590        0.06        0.06    ACCLPH@19
 1867     0.02      944.516        0.147        0.149           5254        0.03        0.03   *DPRECIPS@3
 1868     0.02      944.516        0.147        1.344           2627        0.06        0.51    GPGRGEO_EXPL@7
 1869     0.02      944.516        0.147        1.344           2627        0.06        0.51    GPGRGEO_EXPL@9
 1870     0.02      944.516        0.147        1.928           2627        0.06        0.73    ACPLUIZ@1
 1871     0.02      944.516        0.147        0.149           5254        0.03        0.03    DPRECIPS@10
 1872     0.02      944.516        0.146        0.149           5254        0.03        0.03    DPRECIPS@11
 1873     0.02      944.516        0.146        0.149           5254        0.03        0.03    DPRECIPS@2
 1874     0.02      944.516        0.146        1.344           2627        0.06        0.51    GPGRGEO_EXPL@8
 1875     0.02      944.516        0.146        0.148           5254        0.03        0.03    DPRECIPS@7
 1876     0.02      944.516        0.146        0.148           5254        0.03        0.03    DPRECIPS@4
 1877     0.02      944.516        0.146        1.344           2627        0.06        0.51    GPGRGEO_EXPL@4
 1878     0.02      944.516        0.146        0.148           5254        0.03        0.03    DPRECIPS@8
 1879     0.02      944.516        0.146        0.149           5254        0.03        0.03    DPRECIPS@9
 1880     0.02      944.516        0.146        1.345           2627        0.06        0.51    GPGRGEO_EXPL@10
 1881     0.02      944.516        0.146        0.147            490        0.30        0.30    RADAER@32
 1882     0.02      944.516        0.146        1.345           2627        0.06        0.51    GPGRGEO_EXPL@11
 1883     0.02      944.516        0.146        1.346           2627        0.06        0.51    GPGRGEO_EXPL@3
 1884     0.02      944.516        0.146        0.146            497        0.29        0.29    RADAER@12
 1885     0.02      944.516        0.146        0.148           5254        0.03        0.03    DPRECIPS@12
 1886     0.02      944.516        0.146        0.147            490        0.30        0.30    RADAER@31
 1887     0.02      944.516        0.146        0.147            490        0.30        0.30    RADAER@30
 1888     0.02      944.516        0.146        0.148           5254        0.03        0.03    DPRECIPS@5
 1889     0.02      944.516        0.146        0.146            490        0.30        0.30    RADAER@16
 1890     0.02      944.516        0.146        0.146            490        0.30        0.30    RADAER@14
 1891     0.02      944.516        0.146        1.329           2590        0.06        0.51    GPGRGEO_EXPL@14
 1892     0.02      944.516        0.146        0.146            490        0.30        0.30    RADAER@15
 1893     0.02      944.516        0.146        0.148           5254        0.03        0.03    DPRECIPS@1
 1894     0.02      944.516        0.146        0.147            490        0.30        0.30    RADAER@29
 1895     0.02      944.661        0.145        0.145             37        3.93        3.93    MF_PHYS_MOCON_PARALLEL:PPWETPOINT:COMPUTE@1
 1896     0.02      944.807        0.145        0.146            948        0.15        0.15   *MXTURHDNEW@28
 1897     0.02      944.807        0.145        0.146            490        0.30        0.30    RADAER@13
 1898     0.02      944.807        0.145        0.147           5254        0.03        0.03    DPRECIPS@6
 1899     0.02      944.807        0.145        0.147           5254        0.03        0.03    ACCLDIA@1
 1900     0.02      944.807        0.145        0.145            497        0.29        0.29    RADAER@1
 1901     0.02      944.807        0.145        0.148           5254        0.03        0.03    ACCLDIA@5
 1902     0.02      944.807        0.145        0.145            497        0.29        0.29    RADAER@6
 1903     0.02      944.807        0.145        0.147           5180        0.03        0.03    ACCLDIA@27
 1904     0.02      944.807        0.144        0.145            497        0.29        0.29    RADAER@4
 1905     0.02      944.807        0.144        0.145            497        0.29        0.29    RADAER@9
 1906     0.02      944.807        0.144        0.145            497        0.29        0.29    RADAER@10
 1907     0.02      944.807        0.144        0.146           5254        0.03        0.03    ACCLDIA@8
 1908     0.02      944.807        0.144        0.145            497        0.29        0.29    RADAER@2
 1909     0.02      944.807        0.144        0.145            497        0.29        0.29    RADAER@11
 1910     0.02      944.807        0.144        0.145            497        0.29        0.29    RADAER@7
 1911     0.02      944.807        0.144        1.327           2590        0.06        0.51    GPGRGEO_EXPL@15
 1912     0.02      944.807        0.144        1.347           2627        0.05        0.51    GPGRGEO_EXPL@2
 1913     0.02      944.807        0.144        0.144            497        0.29        0.29    RADAER@8
 1914     0.02      944.807        0.144        0.147           5254        0.03        0.03    ACCLDIA@2
 1915     0.02      944.807        0.144        1.342           2627        0.05        0.51    GPGRGEO_EXPL@5
 1916     0.02      944.807        0.144        0.144            497        0.29        0.29    RADAER@3
 1917     0.02      944.807        0.144        0.144            497        0.29        0.29    RADAER@5
 1918     0.02      944.807        0.144        0.146           5180        0.03        0.03    DPRECIPS@16
 1919     0.02      944.807        0.144        0.146           5180        0.03        0.03    DPRECIPS@14
 1920     0.02      944.807        0.144        0.146           5180        0.03        0.03    DPRECIPS@13
 1921     0.02      944.807        0.144        0.146           5254        0.03        0.03    ACCLDIA@6
 1922     0.02      944.807        0.144        0.144            942        0.15        0.15    MXTURHDNEW@27
 1923     0.02      944.807        0.144        1.329           2590        0.06        0.51    GPGRGEO_EXPL@16
 1924     0.02      944.807        0.144        0.146           5254        0.03        0.03    ACCLDIA@7
 1925     0.02      944.807        0.144        0.146           5180        0.03        0.03    DPRECIPS@27
 1926     0.02      944.950        0.144        0.222         228549        0.00        0.00   *CUBASMCN@11
 1927     0.02      944.950        0.143        0.146           5180        0.03        0.03    DPRECIPS@19
 1928     0.02      944.950        0.143        0.145           5180        0.03        0.03    DPRECIPS@23
 1929     0.02      944.950        0.143        0.146           5180        0.03        0.03    DPRECIPS@31
 1930     0.02      944.950        0.143        0.145           5180        0.03        0.03    DPRECIPS@15
 1931     0.02      944.950        0.143        0.146           5180        0.03        0.03    DPRECIPS@20
 1932     0.02      944.950        0.143        0.145           5180        0.03        0.03    DPRECIPS@24
 1933     0.02      944.950        0.143        0.146           5180        0.03        0.03    DPRECIPS@17
 1934     0.02      944.950        0.143        0.146           5254        0.03        0.03    ACCLDIA@10
 1935     0.02      944.950        0.143        0.145           5180        0.03        0.03    DPRECIPS@32
 1936     0.02      944.950        0.143        0.145           5180        0.03        0.03    DPRECIPS@18
 1937     0.02      944.950        0.143        1.327           2590        0.06        0.51    GPGRGEO_EXPL@13
 1938     0.01      944.950        0.143        0.145           5180        0.03        0.03    DPRECIPS@22
 1939     0.01      944.950        0.143        0.145           5180        0.03        0.03    DPRECIPS@28
 1940     0.01      944.950        0.143        0.145           5180        0.03        0.03    DPRECIPS@26
 1941     0.01      944.950        0.143        0.145           5180        0.03        0.03    DPRECIPS@21
 1942     0.01      944.950        0.143        0.145           5180        0.03        0.03    ACCLDIA@15
 1943     0.01      944.950        0.143        0.145           5180        0.03        0.03    ACCLDIA@14
 1944     0.01      944.950        0.143        0.145           5180        0.03        0.03    DPRECIPS@25
 1945     0.01      944.950        0.143        0.145           5180        0.03        0.03    DPRECIPS@30
 1946     0.01      944.950        0.143        0.145           5180        0.03        0.03    DPRECIPS@29
 1947     0.01      944.950        0.142        1.338           2627        0.05        0.51    GPGRGEO_EXPL@6
 1948     0.01      944.950        0.142        0.143            984        0.14        0.15    MXTURHDNEW@29
 1949     0.01      944.950        0.142        0.144           5254        0.03        0.03    ACCLDIA@4
 1950     0.01      944.950        0.142        0.220         228549        0.00        0.00    CUBASMCN@10
 1951     0.01      944.950        0.142        0.220         225330        0.00        0.00    CUBASMCN@13
 1952     0.01      944.950        0.141        1.344           2627        0.05        0.51    GPGRGEO_EXPL@1
 1953     0.01      944.950        0.141        1.326           2590        0.05        0.51    GPGRGEO_EXPL@28
 1954     0.01      944.950        0.141        0.220         225330        0.00        0.00    CUBASMCN@25
 1955     0.01      944.950        0.141        0.219         225330        0.00        0.00    CUBASMCN@23
 1956     0.01      944.950        0.141        0.220         228549        0.00        0.00    CUBASMCN@12
 1957     0.01      944.950        0.141        0.218         225330        0.00        0.00    CUBASMCN@24
 1958     0.01      944.950        0.141        1.324           2590        0.05        0.51    GPGRGEO_EXPL@19
 1959     0.01      944.950        0.141        0.141            843        0.17        0.17    MXTURHDNEW@22
 1960     0.01      944.950        0.141        0.143           5180        0.03        0.03    ACCLDIA@13
 1961     0.01      944.950        0.141        1.326           2590        0.05        0.51    GPGRGEO_EXPL@30
 1962     0.01      944.950        0.141        1.324           2590        0.05        0.51    GPGRGEO_EXPL@29
 1963     0.01      944.950        0.141        0.143           5254        0.03        0.03    ACCLDIA@9
 1964     0.01      944.950        0.141        1.328           2590        0.05        0.51    GPGRGEO_EXPL@31
 1965     0.01      944.950        0.140        1.323           2590        0.05        0.51    GPGRGEO_EXPL@18
 1966     0.01      944.950        0.140        1.323           2590        0.05        0.51    GPGRGEO_EXPL@23
 1967     0.01      944.950        0.140        0.143           5254        0.03        0.03    ACCLDIA@11
 1968     0.01      944.950        0.140        1.325           2590        0.05        0.51    GPGRGEO_EXPL@25
 1969     0.01      944.950        0.140        1.324           2590        0.05        0.51    GPGRGEO_EXPL@20
 1970     0.01      944.950        0.140        1.325           2590        0.05        0.51    GPGRGEO_EXPL@22
 1971     0.01      944.950        0.140        0.217         225330        0.00        0.00    CUBASMCN@16
 1972     0.01      944.950        0.140        0.219         228549        0.00        0.00    CUBASMCN@7
 1973     0.01      944.950        0.140        0.218         225330        0.00        0.00    CUBASMCN@18
 1974     0.01      944.950        0.140        0.141            729        0.19        0.19    MXTURHDNEW@17
 1975     0.01      944.950        0.140        0.218         228549        0.00        0.00    CUBASMCN@9
 1976     0.01      944.950        0.140        0.142           5180        0.03        0.03    ACCLDIA@16
 1977     0.01      944.950        0.140        0.217         228549        0.00        0.00    CUBASMCN@8
 1978     0.01      944.950        0.140        1.323           2590        0.05        0.51    GPGRGEO_EXPL@27
 1979     0.01      944.950        0.140        1.320           2590        0.05        0.51    GPGRGEO_EXPL@32
 1980     0.01      944.950        0.139        0.217         225330        0.00        0.00    CUBASMCN@17
 1981     0.01      944.950        0.139        1.324           2590        0.05        0.51    GPGRGEO_EXPL@26
 1982     0.01      944.950        0.139        0.217         225330        0.00        0.00    CUBASMCN@14
 1983     0.01      944.950        0.139        0.218         225330        0.00        0.00    CUBASMCN@21
 1984     0.01      944.950        0.139        1.322           2590        0.05        0.51    GPGRGEO_EXPL@24
 1985     0.01      944.950        0.139        0.142           5254        0.03        0.03    ACCLDIA@3
 1986     0.01      944.950        0.139        0.140            882        0.16        0.16    MXTURHDNEW@25
 1987     0.01      944.950        0.139        1.323           2590        0.05        0.51    GPGRGEO_EXPL@17
 1988     0.01      944.950        0.139        0.216         225330        0.00        0.00    CUBASMCN@15
 1989     0.01      944.950        0.139        0.139           1053        0.13        0.13    MXTURHDNEW@32
 1990     0.01      944.950        0.139        1.323           2590        0.05        0.51    GPGRGEO_EXPL@21
 1991     0.01      944.950        0.139        0.217         225330        0.00        0.00    CUBASMCN@22
 1992     0.01      944.950        0.139        0.217         225330        0.00        0.00    CUBASMCN@27
 1993     0.01      944.950        0.139        0.139            828        0.17        0.17    MXTURHDNEW@21
 1994     0.01      944.950        0.138        0.139            789        0.18        0.18    MXTURHDNEW@19
 1995     0.01      944.950        0.138        0.139            750        0.18        0.19    MXTURHDNEW@18
 1996     0.01      944.950        0.138        0.217         225330        0.00        0.00    CUBASMCN@20
 1997     0.01      944.950        0.138        0.139            876        0.16        0.16    MXTURHDNEW@24
 1998     0.01      944.950        0.138        0.217         225330        0.00        0.00    CUBASMCN@29
 1999     0.01      944.950        0.138        0.217         225330        0.00        0.00    CUBASMCN@30
 2000     0.01      944.950        0.138        0.218         225330        0.00        0.00    CUBASMCN@26
 2001     0.01      944.950        0.138        0.139            861        0.16        0.16    MXTURHDNEW@23
 2002     0.01      944.950        0.138        0.139            813        0.17        0.17    MXTURHDNEW@20
 2003     0.01      944.950        0.138        0.216         225330        0.00        0.00    CUBASMCN@19
 2004     0.01      944.950        0.138        0.139            921        0.15        0.15    MXTURHDNEW@26
 2005     0.01      944.950        0.137        0.216         225330        0.00        0.00    CUBASMCN@28
 2006     0.01      944.950        0.137        0.138            387        0.35        0.36    MXTURHDNEW@5
 2007     0.01      944.950        0.136        0.137            441        0.31        0.31    MXTURHDNEW@7
 2008     0.01      944.950        0.136        0.136            417        0.33        0.33    MXTURHDNEW@6
 2009     0.01      944.950        0.136        0.138           5180        0.03        0.03    ACCLDIA@22
 2010     0.01      944.950        0.136        0.138           5180        0.03        0.03    ACCLDIA@21
 2011     0.01      944.950        0.135        0.138           5180        0.03        0.03    ACCLDIA@31
 2012     0.01      944.950        0.135        0.137           5180        0.03        0.03    ACCLDIA@30
 2013     0.01      944.950        0.135        0.135            366        0.37        0.37    MXTURHDNEW@3
 2014     0.01      944.950        0.135        0.214         225330        0.00        0.00    CUBASMCN@31
 2015     0.01      944.950        0.134        0.135            375        0.36        0.36    MXTURHDNEW@4
 2016     0.01      944.950        0.134        0.135            450        0.30        0.30    MXTURHDNEW@8
 2017     0.01      944.950        0.134        0.136           5180        0.03        0.03    ACCLDIA@24
 2018     0.01      944.950        0.134        0.137           5180        0.03        0.03    ACCLDIA@25
 2019     0.01      944.950        0.134        0.134            474        0.28        0.28    MXTURHDNEW@11
 2020     0.01      944.950        0.134        0.137           5180        0.03        0.03    ACCLDIA@17
 2021     0.01      944.950        0.134        0.134           1035        0.13        0.13    MXTURHDNEW@31
 2022     0.01      944.950        0.134        0.134            480        0.28        0.28    MXTURHDNEW@12
 2023     0.01      944.950        0.134        0.136           5180        0.03        0.03    ACCLDIA@18
 2024     0.01      944.950        0.134        0.136           5180        0.03        0.03    ACCLDIA@28
 2025     0.01      944.950        0.134        0.136           5180        0.03        0.03    ACCLDIA@20
 2026     0.01      944.950        0.133        0.135           5180        0.03        0.03    ACCLDIA@32
 2027     0.01      944.950        0.133        0.134            453        0.29        0.30    MXTURHDNEW@9
 2028     0.01      945.083        0.133        0.139          15764        0.01        0.01    radiation_gas:get_gas_CPU@1
 2029     0.01      945.083        0.133        1.866           2590        0.05        0.72    ACPLUIZ@22
 2030     0.01      945.083        0.133        1.868           2590        0.05        0.72    ACPLUIZ@24
 2031     0.01      945.083        0.133        0.133            591        0.23        0.23    MXTURHDNEW@16
 2032     0.01      945.083        0.133        0.136           5180        0.03        0.03    ACCLDIA@29
 2033     0.01      945.083        0.133        0.211         225330        0.00        0.00    CUBASMCN@32
 2034     0.01      945.083        0.133        0.133            351        0.38        0.38    MXTURHDNEW@2
 2035     0.01      945.083        0.133        1.864           2590        0.05        0.72    ACPLUIZ@32
 2036     0.01      945.083        0.133        1.869           2590        0.05        0.72    ACPLUIZ@27
 2037     0.01      945.083        0.133        0.135           5180        0.03        0.03    ACCLDIA@23
 2038     0.01      945.083        0.133        0.210         228549        0.00        0.00    CUBASMCN@6
 2039     0.01      945.083        0.132        0.133            516        0.26        0.26    MXTURHDNEW@13
 2040     0.01      945.083        0.132        0.210         228549        0.00        0.00    CUBASMCN@5
 2041     0.01      945.083        0.132        1.869           2590        0.05        0.72    ACPLUIZ@19
 2042     0.01      945.083        0.132        0.132            576        0.23        0.23    MXTURHDNEW@15
 2043     0.01      945.083        0.132        0.135           5180        0.03        0.03    ACCLDIA@19
 2044     0.01      945.083        0.132        0.135           5180        0.03        0.03    ACCLDIA@26
 2045     0.01      945.083        0.132        1.870           2590        0.05        0.72    ACPLUIZ@25
 2046     0.01      945.083        0.132        0.132            462        0.29        0.29    MXTURHDNEW@10
 2047     0.01      945.083        0.132        0.132            555        0.24        0.24    MXTURHDNEW@14
 2048     0.01      945.083        0.132        1.873           2590        0.05        0.72    ACPLUIZ@26
 2049     0.01      945.083        0.131        0.163           2627        0.05        0.06    CUDTDQN@2
 2050     0.01      945.083        0.131        1.872           2590        0.05        0.72    ACPLUIZ@28
 2051     0.01      945.083        0.131        1.862           2590        0.05        0.72    ACPLUIZ@29
 2052     0.01      945.083        0.131        1.866           2590        0.05        0.72    ACPLUIZ@20
 2053     0.01      945.083        0.131        1.861           2590        0.05        0.72    ACPLUIZ@30
 2054     0.01      945.083        0.131        1.864           2590        0.05        0.72    ACPLUIZ@18
 2055     0.01      945.214        0.131        0.208         228549        0.00        0.00   *CUENTR@10
 2056     0.01      945.214        0.130        0.131            339        0.38        0.39    MXTURHDNEW@1
 2057     0.01      945.214        0.130        0.208         228549        0.00        0.00    CUENTR@7
 2058     0.01      945.214        0.130        0.208         228549        0.00        0.00    CUBASMCN@3
 2059     0.01      945.214        0.130        1.865           2590        0.05        0.72    ACPLUIZ@21
 2060     0.01      945.214        0.130        1.865           2590        0.05        0.72    ACPLUIZ@31
 2061     0.01      945.214        0.130        1.872           2590        0.05        0.72    ACPLUIZ@17
 2062     0.01      945.214        0.130        0.130           1005        0.13        0.13    MXTURHDNEW@30
 2063     0.01      945.214        0.129        1.873           2590        0.05        0.72    ACPLUIZ@23
 2064     0.01      945.214        0.129        0.206         228549        0.00        0.00    CUBASMCN@2
 2065     0.01      945.214        0.129        0.205         225330        0.00        0.00    CUENTR@16
 2066     0.01      945.214        0.128        0.204         228549        0.00        0.00    CUENTR@8
 2067     0.01      945.214        0.128        0.206         228549        0.00        0.00    CUENTR@11
 2068     0.01      945.214        0.128        0.207         225330        0.00        0.00    CUENTR@25
 2069     0.01      945.214        0.128        0.206         228549        0.00        0.00    CUENTR@9
 2070     0.01      945.214        0.128        0.206         228549        0.00        0.00    CUBASMCN@4
 2071     0.01      945.214        0.128        0.205         225330        0.00        0.00    CUENTR@13
 2072     0.01      945.214        0.127        0.205         225330        0.00        0.00    CUENTR@18
 2073     0.01      945.214        0.127        0.205         225330        0.00        0.00    CUENTR@23
 2074     0.01      945.214        0.127        0.204         225330        0.00        0.00    CUENTR@24
 2075     0.01      945.214        0.127        0.206         225330        0.00        0.00    CUENTR@28
 2076     0.01      945.214        0.127        0.205         225330        0.00        0.00    CUENTR@21
 2077     0.01      945.214        0.127        0.203         225330        0.00        0.00    CUENTR@15
 2078     0.01      945.214        0.127        0.205         225330        0.00        0.00    CUENTR@20
 2079     0.01      945.214        0.127        0.205         225330        0.00        0.00    CUENTR@29
 2080     0.01      945.214        0.127        0.204         225330        0.00        0.00    CUENTR@17
 2081     0.01      945.214        0.127        0.205         225330        0.00        0.00    CUENTR@30
 2082     0.01      945.214        0.127        0.204         225330        0.00        0.00    CUENTR@27
 2083     0.01      945.214        0.127        0.205         225330        0.00        0.00    CUENTR@26
 2084     0.01      945.214        0.126        0.204         228549        0.00        0.00    CUENTR@12
 2085     0.01      945.214        0.126        0.204         225330        0.00        0.00    CUENTR@22
 2086     0.01      945.214        0.126        0.156           2627        0.05        0.06    CUDTDQN@6
 2087     0.01      945.214        0.126        0.203         225330        0.00        0.00    CUENTR@19
 2088     0.01      945.214        0.126        0.202         225330        0.00        0.00    CUENTR@14
 2089     0.01      945.214        0.126        0.204         225330        0.00        0.00    CUENTR@31
 2090     0.01      945.214        0.125        0.202         228549        0.00        0.00    CUENTR@1
 2091     0.01      945.214        0.125        0.156           2627        0.05        0.06    CUDTDQN@8
 2092     0.01      945.214        0.125        0.202         228549        0.00        0.00    CUENTR@3
 2093     0.01      945.214        0.125        0.202         228549        0.00        0.00    CUENTR@2
 2094     0.01      945.214        0.125        0.156           2627        0.05        0.06    CUDTDQN@7
 2095     0.01      945.214        0.125        0.202         228549        0.00        0.00    CUBASMCN@1
 2096     0.01      945.214        0.125        0.202         228549        0.00        0.00    CUENTR@5
 2097     0.01      945.214        0.125        0.201         228549        0.00        0.00    CUENTR@6
 2098     0.01      945.214        0.125        0.155           2627        0.05        0.06    CUDTDQN@9
 2099     0.01      945.214        0.125        0.203         225330        0.00        0.00    CUENTR@32
 2100     0.01      945.214        0.124        0.201         228549        0.00        0.00    CUENTR@4
 2101     0.01      945.214        0.124        0.154           2627        0.05        0.06    CUDTDQN@10
 2102     0.01      945.336        0.121        0.121              1      121.36      121.37    SUGRIDUA_FIXUP@1
 2103     0.01      945.336        0.119        0.150           2627        0.05        0.06    CUDTDQN@3
 2104     0.01      945.336        0.119        0.149           2627        0.05        0.06    CUDTDQN@11
 2105     0.01      945.336        0.118        0.148           2627        0.04        0.06    CUDTDQN@12
 2106     0.01      945.453        0.117        0.119           2627        0.04        0.05   *GPINISLB_PART3_EXPL@11
 2107     0.01      945.453        0.117        0.119           2627        0.04        0.05    GPINISLB_PART3_EXPL@7
 2108     0.01      945.453        0.117        0.119           2627        0.04        0.05    GPINISLB_PART3_EXPL@12
 2109     0.01      945.453        0.117        0.119           2627        0.04        0.05    GPINISLB_PART3_EXPL@9
 2110     0.01      945.453        0.117        0.119           2627        0.04        0.05    GPINISLB_PART3_EXPL@6
 2111     0.01      945.453        0.117        0.119           2627        0.04        0.05    GPINISLB_PART3_EXPL@5
 2112     0.01      945.453        0.117        0.119           2627        0.04        0.05    GPINISLB_PART3_EXPL@4
 2113     0.01      945.453        0.117        0.118           2627        0.04        0.05    GPINISLB_PART3_EXPL@8
 2114     0.01      945.453        0.117        0.118           2627        0.04        0.05    GPINISLB_PART3_EXPL@2
 2115     0.01      945.453        0.117        0.118           2627        0.04        0.05    GPINISLB_PART3_EXPL@3
 2116     0.01      945.570        0.117        0.117             37        3.16        3.16    APL_ARPEGE_RADIATION_PARALLEL:LMSE_F:COMPUTE@1
 2117     0.01      945.570        0.117        0.118           2627        0.04        0.05    GPINISLB_PART3_EXPL@10
 2118     0.01      945.570        0.117        0.118           2590        0.05        0.05    GPINISLB_PART3_EXPL@15
 2119     0.01      945.570        0.117        0.118           2590        0.05        0.05    GPINISLB_PART3_EXPL@14
 2120     0.01      945.570        0.117        0.118           2590        0.05        0.05    GPINISLB_PART3_EXPL@13
 2121     0.01      945.570        0.117        0.118           2590        0.05        0.05    GPINISLB_PART3_EXPL@16
 2122     0.01      945.686        0.116        0.621              1      116.44      620.56    SU0YOMB@1
 2123     0.01      945.686        0.116        0.118           2627        0.04        0.04    GPINISLB_PART3_EXPL@1
 2124     0.01      945.801        0.115        0.116             37        3.12        3.12    LAPINEB_PARALLEL:TEMP_EQ:COMPUTE@1
 2125     0.01      945.917        0.115        0.120          15764        0.01        0.01    radiation_ifs_rrtm:planck_function_surf_CPU@1
 2126     0.01      946.031        0.115        0.116           2627        0.04        0.04   *ACVISIH@1
 2127     0.01      946.031        0.114        0.115           2590        0.04        0.04    GPINISLB_PART3_EXPL@31
 2128     0.01      946.031        0.113        0.143           2627        0.04        0.05    CUDTDQN@5
 2129     0.01      946.031        0.113        0.115           2590        0.04        0.04    GPINISLB_PART3_EXPL@32
 2130     0.01      946.031        0.113        0.115           2590        0.04        0.04    GPINISLB_PART3_EXPL@25
 2131     0.01      946.031        0.113        0.115           2590        0.04        0.04    GPINISLB_PART3_EXPL@30
 2132     0.01      946.031        0.113        0.115           2590        0.04        0.04    GPINISLB_PART3_EXPL@26
 2133     0.01      946.031        0.113        0.115           2590        0.04        0.04    GPINISLB_PART3_EXPL@29
 2134     0.01      946.031        0.113        0.115           2590        0.04        0.04    GPINISLB_PART3_EXPL@27
 2135     0.01      946.031        0.113        0.114           2627        0.04        0.04    ACVISIH@10
 2136     0.01      946.031        0.113        0.115           2590        0.04        0.04    GPINISLB_PART3_EXPL@19
 2137     0.01      946.031        0.113        0.115           2590        0.04        0.04    GPINISLB_PART3_EXPL@18
 2138     0.01      946.031        0.113        0.115           2590        0.04        0.04    GPINISLB_PART3_EXPL@28
 2139     0.01      946.031        0.113        0.114           2627        0.04        0.04    ACVISIH@9
 2140     0.01      946.031        0.113        0.115           2590        0.04        0.04    GPINISLB_PART3_EXPL@22
 2141     0.01      946.031        0.113        0.115           2590        0.04        0.04    GPINISLB_PART3_EXPL@21
 2142     0.01      946.031        0.113        0.115           2590        0.04        0.04    GPINISLB_PART3_EXPL@20
 2143     0.01      946.031        0.113        0.114           2590        0.04        0.04    GPINISLB_PART3_EXPL@24
 2144     0.01      946.031        0.113        0.114           2627        0.04        0.04    ACVISIH@2
 2145     0.01      946.031        0.113        0.114           2590        0.04        0.04    GPINISLB_PART3_EXPL@17
 2146     0.01      946.031        0.113        0.114           2627        0.04        0.04    ACVISIH@7
 2147     0.01      946.031        0.112        0.114           2627        0.04        0.04    ACVISIH@8
 2148     0.01      946.031        0.112        0.113           2627        0.04        0.04    ACVISIH@12
 2149     0.01      946.031        0.112        0.113           2590        0.04        0.04    ACVISIH@16
 2150     0.01      946.031        0.112        0.113           2627        0.04        0.04    ACVISIH@4
 2151     0.01      946.031        0.112        0.113           2627        0.04        0.04    ACVISIH@5
 2152     0.01      946.031        0.112        0.113           2590        0.04        0.04    ACVISIH@13
 2153     0.01      946.031        0.112        0.113           2627        0.04        0.04    ACVISIH@3
 2154     0.01      946.031        0.112        0.113           2590        0.04        0.04    ACVISIH@15
 2155     0.01      946.031        0.112        0.113           2627        0.04        0.04    ACVISIH@11
 2156     0.01      946.031        0.112        0.113           2590        0.04        0.04    ACVISIH@14
 2157     0.01      946.031        0.111        0.112           2627        0.04        0.04    ACVISIH@6
 2158     0.01      946.031        0.110        0.140           2627        0.04        0.05    CUDTDQN@4
 2159     0.01      946.031        0.110        0.111           2590        0.04        0.04    GPINISLB_PART3_EXPL@23
 2160     0.01      946.141        0.109        0.110              1      109.39      109.55    IOSPECA_MOD:IOSPECA_SELECTFY@1
 2161     0.01      946.250        0.109        0.109             37        2.94        2.94    LAPINEB_PARALLEL:L_RDRY_VD:COMPUTE@1
 2162     0.01      946.250        0.108        0.137           2590        0.04        0.05    CUDTDQN@13
 2163     0.01      946.250        0.105        0.134           2590        0.04        0.05    CUDTDQN@14
 2164     0.01      946.354        0.104        0.105           2627        0.04        0.04   *CUDDRAFN@1
 2165     0.01      946.458        0.104        3.254             37        2.80       87.95    LAPINEA_PARALLEL:LARCINA:COMPUTE@1
 2166     0.01      946.458        0.102        0.131           2590        0.04        0.05    CUDTDQN@17
 2167     0.01      946.560        0.102        0.102             37        2.76        2.76    MF_PHYS_FPL_PART1_PARALLEL:PART1:COMPUTE@1
 2168     0.01      946.660        0.100        0.102           2627        0.04        0.04   *GPGRP_EXPL@3
 2169     0.01      946.660        0.099        0.100           2627        0.04        0.04    CUDDRAFN@2
 2170     0.01      946.660        0.099        0.127           2590        0.04        0.05    CUDTDQN@18
 2171     0.01      946.660        0.099        0.100           2627        0.04        0.04    GPGRP_EXPL@7
 2172     0.01      946.660        0.098        0.100           2627        0.04        0.04    GPGRP_EXPL@8
 2173     0.01      946.758        0.098        1.083             37        2.66       29.27    APL_ARPEGE_DPRECIPS_PARALLEL:0:COMPUTE@1
 2174     0.01      946.758        0.098        0.099           2627        0.04        0.04    GPGRP_EXPL@5
 2175     0.01      946.758        0.098        0.126           2590        0.04        0.05    CUDTDQN@16
 2176     0.01      946.758        0.098        0.099           2590        0.04        0.04    GPGRP_EXPL@17
 2177     0.01      946.758        0.098        0.099           2627        0.04        0.04    GPGRP_EXPL@4
 2178     0.01      946.758        0.098        0.099           2627        0.04        0.04    GPGRP_EXPL@6
 2179     0.01      946.758        0.098        0.126           2590        0.04        0.05    CUDTDQN@15
 2180     0.01      946.758        0.098        0.099           2590        0.04        0.04    GPGRP_EXPL@20
 2181     0.01      946.758        0.098        0.099           2590        0.04        0.04    GPGRP_EXPL@25
 2182     0.01      946.758        0.098        0.099           2590        0.04        0.04    GPGRP_EXPL@23
 2183     0.01      946.758        0.097        0.099           2590        0.04        0.04    GPGRP_EXPL@22
 2184     0.01      946.758        0.097        0.099           2590        0.04        0.04    GPGRP_EXPL@13
 2185     0.01      946.758        0.097        0.126           2590        0.04        0.05    CUDTDQN@19
 2186     0.01      946.758        0.097        0.099           2627        0.04        0.04    GPGRP_EXPL@9
 2187     0.01      946.758        0.097        0.098           2590        0.04        0.04    GPGRP_EXPL@28
 2188     0.01      946.758        0.097        0.098           2590        0.04        0.04    GPGRP_EXPL@24
 2189     0.01      946.758        0.097        0.098           2590        0.04        0.04    GPGRP_EXPL@19
 2190     0.01      946.758        0.097        0.098           2627        0.04        0.04    GPGRP_EXPL@2
 2191     0.01      946.758        0.097        0.126           2590        0.04        0.05    CUDTDQN@31
 2192     0.01      946.758        0.097        0.098           2590        0.04        0.04    GPGRP_EXPL@21
 2193     0.01      946.758        0.097        0.098           2627        0.04        0.04    GPGRP_EXPL@11
 2194     0.01      946.758        0.097        0.098           2590        0.04        0.04    GPGRP_EXPL@14
 2195     0.01      946.855        0.097        0.097             37        2.62        2.62    CPUTQY_APLPAR_EXPL_PARALLEL:PFDIS:COMPUTE@1
 2196     0.01      946.855        0.097        0.098           2590        0.04        0.04    GPGRP_EXPL@29
 2197     0.01      946.855        0.097        0.098           2627        0.04        0.04    GPGRP_EXPL@12
 2198     0.01      946.855        0.097        0.098           2590        0.04        0.04    GPGRP_EXPL@26
 2199     0.01      946.855        0.096        0.098           2590        0.04        0.04    GPGRP_EXPL@32
 2200     0.01      946.855        0.096        0.097           2627        0.04        0.04    GPGRP_EXPL@1
 2201     0.01      946.855        0.096        0.098           2590        0.04        0.04    GPGRP_EXPL@31
 2202     0.01      946.855        0.096        0.097           2627        0.04        0.04    GPGRP_EXPL@10
 2203     0.01      946.855        0.096        0.097           2590        0.04        0.04    GPGRP_EXPL@15
 2204     0.01      946.855        0.096        0.124           2590        0.04        0.05    CUDTDQN@32
 2205     0.01      946.855        0.096        0.097           2590        0.04        0.04    GPGRP_EXPL@30
 2206     0.01      946.855        0.096        0.097           2590        0.04        0.04    GPGRP_EXPL@18
 2207     0.01      946.855        0.096        0.097           2590        0.04        0.04    GPGRP_EXPL@27
 2208     0.01      946.855        0.096        0.124           2590        0.04        0.05    CUDTDQN@29
 2209     0.01      946.855        0.095        0.097           2590        0.04        0.04    GPGRP_EXPL@16
 2210     0.01      946.855        0.094        0.122           2590        0.04        0.05    CUDTDQN@27
 2211     0.01      946.948        0.093        8.057           1296        0.07        6.22    SITNU_GP_OPENMP@1
 2212     0.01      947.042        0.093        0.098          15764        0.01        0.01    radiation_cloud:crop_cloud_fraction_CPU@1
 2213     0.01      947.042        0.093        0.094           2627        0.04        0.04    CUDDRAFN@3
 2214     0.01      947.042        0.093        0.121           2590        0.04        0.05    CUDTDQN@25
 2215     0.01      947.042        0.093        0.120           2590        0.04        0.05    CUDTDQN@30
 2216     0.01      947.042        0.092        0.120           2590        0.04        0.05    CUDTDQN@20
 2217     0.01      947.042        0.092        0.119           2590        0.04        0.05    CUDTDQN@24
 2218     0.01      947.042        0.091        0.119           2590        0.04        0.05    CUDTDQN@28
 2219     0.01      947.132        0.091        0.384             36        2.52       10.65    SPCHOR_TOT@1
 2220     0.01      947.222        0.090        0.122           2627        0.03        0.05   *CUDUDV@1
 2221     0.01      947.222        0.090        0.091           2627        0.03        0.03    CUDDRAFN@4
 2222     0.01      947.222        0.090        0.118           2590        0.03        0.05    CUDTDQN@21
 2223     0.01      947.311        0.089        0.090           2627        0.03        0.03   *GPHLUV_EXPL@3
 2224     0.01      947.311        0.088        0.090           2627        0.03        0.03    CUDDRAFN@5
 2225     0.01      947.311        0.088        0.116           2590        0.03        0.04    CUDTDQN@22
 2226     0.01      947.311        0.088        0.089           2627        0.03        0.03    GPHLUV_EXPL@7
 2227     0.01      947.399        0.088        0.089           2627        0.03        0.03   *ACMICRO@11
 2228     0.01      947.399        0.088        0.089           2627        0.03        0.03    ACMICRO@3
 2229     0.01      947.399        0.088        0.089           2627        0.03        0.03    ACMICRO@7
 2230     0.01      947.399        0.088        0.089           2627        0.03        0.03    ACMICRO@10
 2231     0.01      947.487        0.088        0.089           2627        0.03        0.03   *ACFLUSO@5
 2232     0.01      947.487        0.088        0.089           2590        0.03        0.03    GPHLUV_EXPL@13
 2233     0.01      947.487        0.088        0.089           2627        0.03        0.03    ACMICRO@9
 2234     0.01      947.487        0.087        0.089           2627        0.03        0.03    ACFLUSO@4
 2235     0.01      947.487        0.087        0.089           2590        0.03        0.03    GPHLUV_EXPL@19
 2236     0.01      947.487        0.087        0.088           2627        0.03        0.03    ACFLUSO@6
 2237     0.01      947.487        0.087        0.089           2590        0.03        0.03    GPHLUV_EXPL@20
 2238     0.01      947.487        0.087        0.088           2627        0.03        0.03    GPHLUV_EXPL@6
 2239     0.01      947.487        0.087        0.089           2627        0.03        0.03    ACMICRO@8
 2240     0.01      947.487        0.087        0.088           2627        0.03        0.03    GPHLUV_EXPL@2
 2241     0.01      947.487        0.087        0.089           2627        0.03        0.03    ACMICRO@2
 2242     0.01      947.574        0.087        0.087              6       14.53       14.53    GRIB_API:IGRIB_NEW_FROM_SAMPLES@1
 2243     0.01      947.574        0.087        0.089           2627        0.03        0.03    ACMICRO@12
 2244     0.01      947.574        0.087        0.089           2627        0.03        0.03    ACMICRO@6
 2245     0.01      947.574        0.087        0.088           2627        0.03        0.03    GPHLUV_EXPL@4
 2246     0.01      947.574        0.087        0.088           2590        0.03        0.03    GPHLUV_EXPL@17
 2247     0.01      947.574        0.087        0.115           2590        0.03        0.04    CUDTDQN@23
 2248     0.01      947.574        0.087        0.088           2627        0.03        0.03    ACMICRO@5
 2249     0.01      947.574        0.087        0.088           2590        0.03        0.03    GPHLUV_EXPL@22
 2250     0.01      947.661        0.087        0.087              1       86.99       86.99    DIST_GRID@1
 2251     0.01      947.661        0.087        0.088           2590        0.03        0.03    GPHLUV_EXPL@23
 2252     0.01      947.661        0.087        0.088           2590        0.03        0.03    ACMICRO@15
 2253     0.01      947.661        0.087        0.088           2590        0.03        0.03    GPHLUV_EXPL@25
 2254     0.01      947.661        0.087        0.088           2590        0.03        0.03    GPHLUV_EXPL@28
 2255     0.01      947.661        0.087        0.088           2590        0.03        0.03    ACMICRO@14
 2256     0.01      947.661        0.087        0.088           2627        0.03        0.03    ACMICRO@4
 2257     0.01      947.661        0.087        0.088           2627        0.03        0.03    GPHLUV_EXPL@1
 2258     0.01      947.661        0.087        0.088           2627        0.03        0.03    GPHLUV_EXPL@9
 2259     0.01      947.661        0.087        0.088           2627        0.03        0.03    GPHLUV_EXPL@5
 2260     0.01      947.661        0.087        0.088           2627        0.03        0.03    GPHLUV_EXPL@8
 2261     0.01      947.661        0.086        0.088           2590        0.03        0.03    GPHLUV_EXPL@31
 2262     0.01      947.661        0.086        0.088           2590        0.03        0.03    GPHLUV_EXPL@26
 2263     0.01      947.661        0.086        0.088           2590        0.03        0.03    GPHLUV_EXPL@30
 2264     0.01      947.661        0.086        0.116           2627        0.03        0.04    CUDUDV@9
 2265     0.01      947.661        0.086        0.088           2590        0.03        0.03    ACMICRO@16
 2266     0.01      947.661        0.086        0.087           2590        0.03        0.03    GPHLUV_EXPL@27
 2267     0.01      947.661        0.086        0.088           2590        0.03        0.03    ACMICRO@13
 2268     0.01      947.661        0.086        0.087           2627        0.03        0.03    GPHLUV_EXPL@10
 2269     0.01      947.747        0.086        1.157           5254        0.02        0.22   *SIGAM_GP@5
 2270     0.01      947.747        0.086        0.087           2627        0.03        0.03    ACFLUSO@7
 2271     0.01      947.747        0.086        1.156           5254        0.02        0.22    SIGAM_GP@7
 2272     0.01      947.747        0.086        0.087           2590        0.03        0.03    GPHLUV_EXPL@21
 2273     0.01      947.747        0.086        0.087           2590        0.03        0.03    GPHLUV_EXPL@24
 2274     0.01      947.747        0.086        0.087           2590        0.03        0.03    GPHLUV_EXPL@29
 2275     0.01      947.747        0.086        1.157           5254        0.02        0.22    SIGAM_GP@6
 2276     0.01      947.833        0.086        0.087           3300        0.03        0.03    CREATE_TEMPORARIES@1
 2277     0.01      947.833        0.086        0.087           2590        0.03        0.03    GPHLUV_EXPL@32
 2278     0.01      947.833        0.086        0.087           2627        0.03        0.03    ACFLUSO@3
 2279     0.01      947.833        0.086        0.115           2627        0.03        0.04    CUDUDV@10
 2280     0.01      947.833        0.086        1.155           5254        0.02        0.22    SIGAM_GP@8
 2281     0.01      947.919        0.086        0.087           2627        0.03        0.03   *ACEVOLET@7
 2282     0.01      947.919        0.086        0.087           2590        0.03        0.03    GPHLUV_EXPL@14
 2283     0.01      947.919        0.086        0.087           2627        0.03        0.03    GPHLUV_EXPL@11
 2284     0.01      947.919        0.086        0.087           2627        0.03        0.03    ACFLUSO@1
 2285     0.01      947.919        0.086        1.158           5254        0.02        0.22    SIGAM_GP@11
 2286     0.01      947.919        0.086        0.087           2590        0.03        0.03    GPHLUV_EXPL@16
 2287     0.01      947.919        0.086        0.115           2627        0.03        0.04    CUDUDV@6
 2288     0.01      947.919        0.086        0.087           2627        0.03        0.03    GPHLUV_EXPL@12
 2289     0.01      947.919        0.086        0.115           2627        0.03        0.04    CUDUDV@8
 2290     0.01      947.919        0.086        0.087           2590        0.03        0.03    GPHLUV_EXPL@15
 2291     0.01      947.919        0.086        0.115           2627        0.03        0.04    CUDUDV@2
 2292     0.01      947.919        0.085        0.087           2627        0.03        0.03    ACFLUSO@2
 2293     0.01      947.919        0.085        1.159           5254        0.02        0.22    SIGAM_GP@10
 2294     0.01      947.919        0.085        0.115           2627        0.03        0.04    CUDUDV@7
 2295     0.01      947.919        0.085        0.087           2590        0.03        0.03    GPHLUV_EXPL@18
 2296     0.01      947.919        0.085        0.087           2627        0.03        0.03    ACEVOLET@6
 2297     0.01      947.919        0.085        0.087           2627        0.03        0.03    ACEVOLET@12
 2298     0.01      947.919        0.085        0.086           2627        0.03        0.03    CUDDRAFN@6
 2299     0.01      947.919        0.085        1.141           5180        0.02        0.22    SIGAM_GP@16
 2300     0.01      947.919        0.085        0.087           2590        0.03        0.03    ACEVOLET@13
 2301     0.01      947.919        0.085        0.087           2627        0.03        0.03    ACEVOLET@11
 2302     0.01      947.919        0.085        0.087           2627        0.03        0.03    ACEVOLET@10
 2303     0.01      947.919        0.085        0.114           2627        0.03        0.04    CUDUDV@12
 2304     0.01      947.919        0.085        0.114           2627        0.03        0.04    CUDUDV@3
 2305     0.01      947.919        0.085        1.143           5180        0.02        0.22    SIGAM_GP@13
 2306     0.01      947.919        0.085        1.170           5254        0.02        0.22    SIGAM_GP@12
 2307     0.01      947.919        0.085        0.086           2627        0.03        0.03    ACFLUSO@8
 2308     0.01      947.919        0.085        0.114           2627        0.03        0.04    CUDUDV@11
 2309     0.01      947.919        0.085        0.086           2627        0.03        0.03    ACEVOLET@1
 2310     0.01      948.003        0.084        0.084             37        2.28        2.28    APL_ARPEGE_PARALLEL:EDR:COMPUTE@1
 2311     0.01      948.003        0.084        1.154           5180        0.02        0.22    SIGAM_GP@15
 2312     0.01      948.087        0.084        0.084             37        2.28        2.28    MF_PHYS_FPL_PART2_PARALLEL:PART2:COMPUTE@1
 2313     0.01      948.087        0.084        1.155           5254        0.02        0.22    SIGAM_GP@9
 2314     0.01      948.087        0.084        1.148           5254        0.02        0.22    SIGAM_GP@3
 2315     0.01      948.087        0.084        1.141           5180        0.02        0.22    SIGAM_GP@14
 2316     0.01      948.087        0.084        0.086           2627        0.03        0.03    ACFLUSO@9
 2317     0.01      948.087        0.084        0.086           2627        0.03        0.03    ACEVOLET@9
 2318     0.01      948.087        0.084        0.085           2627        0.03        0.03    ACEVOLET@8
 2319     0.01      948.087        0.084        0.085           2627        0.03        0.03    ACEVOLET@2
 2320     0.01      948.087        0.084        0.085           2590        0.03        0.03    ACEVOLET@15
 2321     0.01      948.087        0.084        0.111           2590        0.03        0.04    CUDTDQN@26
 2322     0.01      948.171        0.084        0.084             37        2.26        2.26    LAPINEB_PARALLEL:ZVWEI:COMPUTE@1
 2323     0.01      948.255        0.084        1.756             37        2.26       47.46    LASSIE_PARALLEL:SITNU:COMPUTE@1
 2324     0.01      948.255        0.083        0.085           2627        0.03        0.03    ACEVOLET@3
 2325     0.01      948.255        0.083        1.147           5254        0.02        0.22    SIGAM_GP@4
 2326     0.01      948.255        0.083        0.084           2590        0.03        0.03    ACMICRO@27
 2327     0.01      948.255        0.083        0.085           2627        0.03        0.03    ACMICRO@1
 2328     0.01      948.255        0.083        0.084           2590        0.03        0.03    ACMICRO@22
 2329     0.01      948.255        0.083        0.111           2627        0.03        0.04    CUDUDV@5
 2330     0.01      948.255        0.083        1.120           5254        0.02        0.21    SIGAM_GP@1
 2331     0.01      948.255        0.083        0.084           2590        0.03        0.03    ACEVOLET@16
 2332     0.01      948.255        0.083        0.084           2590        0.03        0.03    ACMICRO@30
 2333     0.01      948.337        0.083        0.098          15764        0.01        0.01    radiation_single_level:allocate_single_level_CPU@1
 2334     0.01      948.337        0.083        0.084           2627        0.03        0.03    ACEVOLET@5
 2335     0.01      948.337        0.082        0.084           2590        0.03        0.03    ACMICRO@24
 2336     0.01      948.337        0.082        0.111           2627        0.03        0.04    CUDUDV@4
 2337     0.01      948.337        0.082        0.084           2627        0.03        0.03    ACEVOLET@4
 2338     0.01      948.337        0.082        1.145           5254        0.02        0.22    SIGAM_GP@2
 2339     0.01      948.337        0.082        0.084           2590        0.03        0.03    ACMICRO@28
 2340     0.01      948.337        0.082        0.083           2627        0.03        0.03    CUDDRAFN@7
 2341     0.01      948.337        0.082        0.084           2627        0.03        0.03    ACFLUSO@10
 2342     0.01      948.419        0.082      868.432             37        2.22    23471.13    STEPO@1
 2343     0.01      948.419        0.082        0.083           2590        0.03        0.03    ACMICRO@18
 2344     0.01      948.419        0.082        0.084           2590        0.03        0.03    ACMICRO@29
 2345     0.01      948.419        0.082        0.110           2590        0.03        0.04    CUDUDV@13
 2346     0.01      948.419        0.082        0.084           2590        0.03        0.03    ACMICRO@20
 2347     0.01      948.419        0.082        0.083           2590        0.03        0.03    ACMICRO@32
 2348     0.01      948.419        0.082        0.083           2590        0.03        0.03    ACMICRO@19
 2349     0.01      948.419        0.082        0.084           2590        0.03        0.03    ACMICRO@26
 2350     0.01      948.419        0.082        1.144           5180        0.02        0.22    SIGAM_GP@24
 2351     0.01      948.419        0.082        0.083           2590        0.03        0.03    ACMICRO@21
 2352     0.01      948.419        0.082        0.083           2590        0.03        0.03    ACMICRO@25
 2353     0.01      948.419        0.082        1.142           5180        0.02        0.22    SIGAM_GP@20
 2354     0.01      948.419        0.082        0.083           2590        0.03        0.03    ACEVOLET@14
 2355     0.01      948.419        0.082        0.083           2590        0.03        0.03    ACMICRO@31
 2356     0.01      948.501        0.082        0.082              1       81.60       81.60    DIST_SPEC@1
 2357     0.01      948.501        0.082        0.083           2590        0.03        0.03    ACMICRO@17
 2358     0.01      948.501        0.081        1.142           5180        0.02        0.22    SIGAM_GP@25
 2359     0.01      948.501        0.081        0.083           2590        0.03        0.03    ACMICRO@23
 2360     0.01      948.501        0.081        1.140           5180        0.02        0.22    SIGAM_GP@28
 2361     0.01      948.501        0.081        0.083           2627        0.03        0.03    ACFLUSO@11
 2362     0.01      948.501        0.081        0.082           2627        0.03        0.03    CUDDRAFN@8
 2363     0.01      948.501        0.081        1.139           5180        0.02        0.22    SIGAM_GP@23
 2364     0.01      948.501        0.081        1.141           5180        0.02        0.22    SIGAM_GP@17
 2365     0.01      948.501        0.081        0.109           2590        0.03        0.04    CUDUDV@14
 2366     0.01      948.582        0.081        0.085          15764        0.01        0.01    radiation_thermodynamics:get_layer_mass_CPU@1
 2367     0.01      948.582        0.081        1.142           5180        0.02        0.22    SIGAM_GP@26
 2368     0.01      948.582        0.081        1.141           5180        0.02        0.22    SIGAM_GP@19
 2369     0.01      948.582        0.081        1.140           5180        0.02        0.22    SIGAM_GP@29
 2370     0.01      948.582        0.081        0.109           2590        0.03        0.04    CUDUDV@17
 2371     0.01      948.582        0.081        1.140           5180        0.02        0.22    SIGAM_GP@22
 2372     0.01      948.582        0.080        1.154           5180        0.02        0.22    SIGAM_GP@27
 2373     0.01      948.582        0.080        1.155           5180        0.02        0.22    SIGAM_GP@21
 2374     0.01      948.582        0.080        1.141           5180        0.02        0.22    SIGAM_GP@31
 2375     0.01      948.582        0.080        1.133           5180        0.02        0.22    SIGAM_GP@32
 2376     0.01      948.582        0.080        1.152           5180        0.02        0.22    SIGAM_GP@18
 2377     0.01      948.582        0.080        0.081           2627        0.03        0.03    ACFLUSO@12
 2378     0.01      948.582        0.079        0.107           2590        0.03        0.04    CUDUDV@31
 2379     0.01      948.582        0.079        0.107           2590        0.03        0.04    CUDUDV@16
 2380     0.01      948.582        0.079        1.151           5180        0.02        0.22    SIGAM_GP@30
 2381     0.01      948.582        0.079        0.107           2590        0.03        0.04    CUDUDV@19
 2382     0.01      948.582        0.079        0.107           2590        0.03        0.04    CUDUDV@18
 2383     0.01      948.582        0.079        0.080           2590        0.03        0.03    ACFLUSO@13
 2384     0.01      948.582        0.079        0.106           2590        0.03        0.04    CUDUDV@15
 2385     0.01      948.660        0.078        9.073             37        2.12      245.21    APL_ARPEGE_SURFACE_PARALLEL:ACDIFV1:COMPUTE@1
 2386     0.01      948.660        0.078        0.080           2590        0.03        0.03    ACFLUSO@26
 2387     0.01      948.660        0.078        0.079           2590        0.03        0.03    ACFLUSO@32
 2388     0.01      948.660        0.078        0.105           2590        0.03        0.04    CUDUDV@30
 2389     0.01      948.660        0.078        0.106           2590        0.03        0.04    CUDUDV@32
 2390     0.01      948.660        0.078        0.079           2590        0.03        0.03    ACVISIH@31
 2391     0.01      948.660        0.078        0.105           2590        0.03        0.04    CUDUDV@29
 2392     0.01      948.660        0.078        0.105           2590        0.03        0.04    CUDUDV@27
 2393     0.01      948.660        0.078        0.105           2590        0.03        0.04    CUDUDV@20
 2394     0.01      948.660        0.078        0.079           2590        0.03        0.03    ACVISIH@32
 2395     0.01      948.660        0.078        0.079           2590        0.03        0.03    ACEVOLET@22
 2396     0.01      948.660        0.078        0.079           2590        0.03        0.03    ACEVOLET@31
 2397     0.01      948.660        0.077        0.079           2590        0.03        0.03    ACFLUSO@28
 2398     0.01      948.660        0.077        0.079           2590        0.03        0.03    ACEVOLET@20
 2399     0.01      948.660        0.077        0.105           2590        0.03        0.04    CUDUDV@25
 2400     0.01      948.660        0.077        0.079           2590        0.03        0.03    ACEVOLET@23
 2401     0.01      948.660        0.077        0.079           2590        0.03        0.03    ACEVOLET@21
 2402     0.01      948.660        0.077        0.078           2590        0.03        0.03    ACVISIH@25
 2403     0.01      948.660        0.077        0.105           2590        0.03        0.04    CUDUDV@28
 2404     0.01      948.660        0.077        0.078           2590        0.03        0.03    ACVISIH@18
 2405     0.01      948.660        0.077        0.078           2590        0.03        0.03    ACVISIH@30
 2406     0.01      948.660        0.077        0.078           2590        0.03        0.03    ACVISIH@19
 2407     0.01      948.660        0.077        0.078           2590        0.03        0.03    ACVISIH@27
 2408     0.01      948.660        0.077        0.078           2590        0.03        0.03    ACVISIH@17
 2409     0.01      948.660        0.077        0.078           2590        0.03        0.03    ACEVOLET@30
 2410     0.01      948.660        0.077        0.078           2590        0.03        0.03    ACVISIH@29
 2411     0.01      948.660        0.077        0.078           2590        0.03        0.03    ACEVOLET@29
 2412     0.01      948.660        0.077        0.078           2590        0.03        0.03    ACVISIH@20
 2413     0.01      948.660        0.077        0.078           2590        0.03        0.03    ACVISIH@26
 2414     0.01      948.660        0.077        0.078           2590        0.03        0.03    ACVISIH@24
 2415     0.01      948.660        0.077        0.078           2590        0.03        0.03    ACVISIH@28
 2416     0.01      948.660        0.077        0.078           2590        0.03        0.03    ACFLUSO@30
 2417     0.01      948.660        0.077        0.078           2590        0.03        0.03    ACEVOLET@27
 2418     0.01      948.660        0.077        0.078           2590        0.03        0.03    ACVISIH@22
 2419     0.01      948.660        0.077        0.078           2590        0.03        0.03    ACEVOLET@26
 2420     0.01      948.660        0.077        0.078           2590        0.03        0.03    ACEVOLET@24
 2421     0.01      948.660        0.077        0.078           2590        0.03        0.03    ACEVOLET@28
 2422     0.01      948.660        0.077        0.104           2590        0.03        0.04    CUDUDV@22
 2423     0.01      948.660        0.077        0.078           2590        0.03        0.03    ACEVOLET@32
 2424     0.01      948.660        0.077        0.104           2590        0.03        0.04    CUDUDV@24
 2425     0.01      948.660        0.077        0.078           2590        0.03        0.03    ACVISIH@23
 2426     0.01      948.660        0.076        0.078           2590        0.03        0.03    ACFLUSO@15
 2427     0.01      948.660        0.076        0.078           2590        0.03        0.03    ACEVOLET@19
 2428     0.01      948.660        0.076        0.077           2590        0.03        0.03    ACVISIH@21
 2429     0.01      948.660        0.076        0.104           2590        0.03        0.04    CUDUDV@21
 2430     0.01      948.737        0.076        0.076             37        2.06        2.06    LACDYN_PARALLEL:ZMIXNL:COMPUTE@1
 2431     0.01      948.737        0.076        0.103           2590        0.03        0.04    CUDUDV@23
 2432     0.01      948.812        0.076        0.085          31528        0.00        0.00    radiation_single_level:deallocate_single_level_CPU@1
 2433     0.01      948.812        0.076        0.077           2590        0.03        0.03    ACFLUSO@31
 2434     0.01      948.812        0.075        0.077           2590        0.03        0.03    ACFLUSO@29
 2435     0.01      948.812        0.075        0.077           2627        0.03        0.03    CUDDRAFN@9
 2436     0.01      948.812        0.075        0.103           2590        0.03        0.04    CUDUDV@26
 2437     0.01      948.888        0.075        0.596           2627        0.03        0.23   *GPHPRE_EXPL@3
 2438     0.01      948.963        0.075        0.076           1296        0.06        0.06    SPCSIDG_PART0NEW@1
 2439     0.01      948.963        0.075        0.076           2590        0.03        0.03    ACFLUSO@23
 2440     0.01      948.963        0.075        0.076           2590        0.03        0.03    ACEVOLET@18
 2441     0.01      948.963        0.075        0.076           2590        0.03        0.03    ACFLUSO@27
 2442     0.01      948.963        0.075        0.076           2590        0.03        0.03    ACEVOLET@25
 2443     0.01      948.963        0.075        0.076           2590        0.03        0.03    ACFLUSO@14
 2444     0.01      948.963        0.075        0.076           2590        0.03        0.03    ACFLUSO@16
 2445     0.01      948.963        0.075        0.076           2590        0.03        0.03    ACEVOLET@17
 2446     0.01      948.963        0.075        0.597           2627        0.03        0.23    GPHPRE_EXPL@9
 2447     0.01      948.963        0.074        0.076           2627        0.03        0.03    CUDDRAFN@10
 2448     0.01      949.037        0.074        0.074             37        2.01        2.01    CPUTQY_APLPAR_EXPL_PARALLEL:ZTDCP:COMPUTE@1
 2449     0.01      949.037        0.074        0.075           2590        0.03        0.03    ACFLUSO@24
 2450     0.01      949.037        0.074        0.076           2590        0.03        0.03    ACFLUSO@21
 2451     0.01      949.037        0.074        0.598           2627        0.03        0.23    GPHPRE_EXPL@7
 2452     0.01      949.037        0.074        0.075           2590        0.03        0.03    ACFLUSO@22
 2453     0.01      949.037        0.074        0.598           2627        0.03        0.23    GPHPRE_EXPL@5
 2454     0.01      949.037        0.074        0.591           2590        0.03        0.23    GPHPRE_EXPL@19
 2455     0.01      949.111        0.074        0.074           1296        0.06        0.06    MXPTMANEW@1
 2456     0.01      949.111        0.074        0.075           2590        0.03        0.03    ACFLUSO@20
 2457     0.01      949.111        0.074        0.594           2590        0.03        0.23    GPHPRE_EXPL@13
 2458     0.01      949.111        0.073        0.598           2627        0.03        0.23    GPHPRE_EXPL@12
 2459     0.01      949.111        0.073        0.075           2590        0.03        0.03    ACFLUSO@25
 2460     0.01      949.111        0.073        0.598           2627        0.03        0.23    GPHPRE_EXPL@11
 2461     0.01      949.111        0.073        0.598           2627        0.03        0.23    GPHPRE_EXPL@10
 2462     0.01      949.111        0.073        0.594           2590        0.03        0.23    GPHPRE_EXPL@14
 2463     0.01      949.111        0.073        0.598           2627        0.03        0.23    GPHPRE_EXPL@6
 2464     0.01      949.111        0.073        0.598           2627        0.03        0.23    GPHPRE_EXPL@8
 2465     0.01      949.111        0.073        0.598           2627        0.03        0.23    GPHPRE_EXPL@2
 2466     0.01      949.111        0.073        0.074           2590        0.03        0.03    ACFLUSO@19
 2467     0.01      949.111        0.073        0.074           2627        0.03        0.03    CUDDRAFN@11
 2468     0.01      949.111        0.073        0.074           2590        0.03        0.03    ACFLUSO@18
 2469     0.01      949.184        0.073        0.073             37        1.97        1.97    GPRCP_EXPL_PARALLEL:5:COMPUTE@1
 2470     0.01      949.184        0.073        0.599           2627        0.03        0.23    GPHPRE_EXPL@4
 2471     0.01      949.184        0.073        0.074           2590        0.03        0.03    CUDDRAFN@32
 2472     0.01      949.184        0.073        0.593           2590        0.03        0.23    GPHPRE_EXPL@15
 2473     0.01      949.184        0.072        0.600           2630        0.03        0.23    GPHPRE_EXPL@1
 2474     0.01      949.184        0.072        0.590           2590        0.03        0.23    GPHPRE_EXPL@21
 2475     0.01      949.184        0.072        0.073           2590        0.03        0.03    ACFLUSO@17
 2476     0.01      949.184        0.072        0.590           2590        0.03        0.23    GPHPRE_EXPL@31
 2477     0.01      949.184        0.072        0.590           2590        0.03        0.23    GPHPRE_EXPL@30
 2478     0.01      949.184        0.072        0.590           2590        0.03        0.23    GPHPRE_EXPL@29
 2479     0.01      949.184        0.072        0.591           2590        0.03        0.23    GPHPRE_EXPL@16
 2480     0.01      949.184        0.072        0.588           2590        0.03        0.23    GPHPRE_EXPL@26
 2481     0.01      949.184        0.072        0.589           2590        0.03        0.23    GPHPRE_EXPL@25
 2482     0.01      949.184        0.072        0.590           2590        0.03        0.23    GPHPRE_EXPL@22
 2483     0.01      949.184        0.072        0.073           2590        0.03        0.03    CUDDRAFN@13
 2484     0.01      949.184        0.072        0.589           2590        0.03        0.23    GPHPRE_EXPL@20
 2485     0.01      949.184        0.072        0.590           2590        0.03        0.23    GPHPRE_EXPL@17
 2486     0.01      949.184        0.071        0.073           2627        0.03        0.03    CUDDRAFN@12
 2487     0.01      949.184        0.071        0.589           2590        0.03        0.23    GPHPRE_EXPL@18
 2488     0.01      949.184        0.071        0.590           2590        0.03        0.23    GPHPRE_EXPL@27
 2489     0.01      949.184        0.071        0.589           2590        0.03        0.23    GPHPRE_EXPL@28
 2490     0.01      949.184        0.071        0.072           2590        0.03        0.03    CUDDRAFN@14
 2491     0.01      949.184        0.071        0.587           2590        0.03        0.23    GPHPRE_EXPL@24
 2492     0.01      949.184        0.071        0.072           2590        0.03        0.03    CUDDRAFN@21
 2493     0.01      949.184        0.071        0.589           2590        0.03        0.23    GPHPRE_EXPL@32
 2494     0.01      949.184        0.071        0.589           2590        0.03        0.23    GPHPRE_EXPL@23
 2495     0.01      949.184        0.071        0.072           2590        0.03        0.03    CUDDRAFN@15
 2496     0.01      949.184        0.070        0.072           2590        0.03        0.03    CUDDRAFN@28
 2497     0.01      949.184        0.070        0.071           2590        0.03        0.03    CUDDRAFN@19
 2498     0.01      949.184        0.070        0.071           2590        0.03        0.03    CUDDRAFN@29
 2499     0.01      949.184        0.070        0.071           2590        0.03        0.03    CUDDRAFN@16
 2500     0.01      949.184        0.070        0.071           2590        0.03        0.03    CUDDRAFN@31
 2501     0.01      949.184        0.070        0.071           2590        0.03        0.03    CUDDRAFN@20
 2502     0.01      949.184        0.070        0.071           2590        0.03        0.03    CUDDRAFN@25
 2503     0.01      949.184        0.069        0.071           2590        0.03        0.03    CUDDRAFN@24
 2504     0.01      949.184        0.069        0.071           2590        0.03        0.03    CUDDRAFN@17
 2505     0.01      949.184        0.069        0.070           2590        0.03        0.03    CUDDRAFN@18
 2506     0.01      949.253        0.069        0.069              2       34.60       34.60    DEALXMO@1
 2507     0.01      949.253        0.069        0.070           2590        0.03        0.03    CUDDRAFN@26
 2508     0.01      949.253        0.069        0.070           2590        0.03        0.03    CUDDRAFN@23
 2509     0.01      949.253        0.068        0.069           2590        0.03        0.03    CUDDRAFN@30
 2510     0.01      949.253        0.068        0.069           2590        0.03        0.03    CUDDRAFN@27
 2511     0.01      949.253        0.068        0.069           2590        0.03        0.03    CUDDRAFN@22
 2512     0.01      949.320        0.067        0.067             37        1.81        1.81    CPG_GP_HYD_PARALLEL:3:COMPUTE@1
 2513     0.01      949.386        0.066        0.182             37        1.80        4.93    APL_ARPEGE_PARALLEL:ACVISIH:COMPUTE@1
 2514     0.01      949.452        0.066        0.128             38        1.73        3.36    SUHDU@1
 2515     0.01      949.516        0.064        2.712             37        1.74       73.29    APL_ARPEGE_SURFACE_PARALLEL:ACDIFV2:COMPUTE@1
 2516     0.01      949.579        0.063        0.479           2627        0.02        0.18   *GPXX@11
 2517     0.01      949.579        0.062        0.480           2627        0.02        0.18    GPXX@12
 2518     0.01      949.579        0.062        0.489           2627        0.02        0.19    GPXX@6
 2519     0.01      949.579        0.062        0.475           2590        0.02        0.18    GPXX@19
 2520     0.01      949.579        0.062        0.479           2627        0.02        0.18    GPXX@8
 2521     0.01      949.579        0.062        0.474           2590        0.02        0.18    GPXX@21
 2522     0.01      949.579        0.062        0.482           2627        0.02        0.18    GPXX@10
 2523     0.01      949.579        0.062        0.474           2590        0.02        0.18    GPXX@17
 2524     0.01      949.579        0.062        0.478           2627        0.02        0.18    GPXX@9
 2525     0.01      949.579        0.062        0.474           2590        0.02        0.18    GPXX@20
 2526     0.01      949.579        0.062        0.473           2590        0.02        0.18    GPXX@25
 2527     0.01      949.579        0.062        0.486           2627        0.02        0.19    GPXX@5
 2528     0.01      949.641        0.062        0.062            199        0.31        0.31    SUHERT@1
 2529     0.01      949.641        0.062        0.474           2590        0.02        0.18    GPXX@28
 2530     0.01      949.641        0.062        0.477           2590        0.02        0.18    GPXX@13
 2531     0.01      949.641        0.062        0.473           2590        0.02        0.18    GPXX@15
 2532     0.01      949.641        0.062        0.475           2590        0.02        0.18    GPXX@23
 2533     0.01      949.641        0.062        0.474           2590        0.02        0.18    GPXX@27
 2534     0.01      949.641        0.062        0.470           2590        0.02        0.18    GPXX@22
 2535     0.01      949.641        0.061        0.476           2590        0.02        0.18    GPXX@29
 2536     0.01      949.641        0.061        0.473           2590        0.02        0.18    GPXX@16
 2537     0.01      949.641        0.061        0.474           2590        0.02        0.18    GPXX@14
 2538     0.01      949.641        0.061        0.481           2590        0.02        0.19    GPXX@31
 2539     0.01      949.641        0.061        0.485           2627        0.02        0.18    GPXX@3
 2540     0.01      949.641        0.061        0.472           2590        0.02        0.18    GPXX@24
 2541     0.01      949.641        0.061        0.473           2590        0.02        0.18    GPXX@18
 2542     0.01      949.641        0.061        0.488           2627        0.02        0.19    GPXX@4
 2543     0.01      949.641        0.061        0.481           2627        0.02        0.18    GPXX@2
 2544     0.01      949.702        0.061        0.061             37        1.65        1.65    SCAN2M:COPY@1
 2545     0.01      949.702        0.061        0.474           2590        0.02        0.18    GPXX@26
 2546     0.01      949.702        0.061        0.491           2627        0.02        0.19    GPXX@7
 2547     0.01      949.763        0.061        0.661           2627        0.02        0.25   *GPGEO_EXPL@9
 2548     0.01      949.763        0.061        0.661           2627        0.02        0.25    GPGEO_EXPL@3
 2549     0.01      949.763        0.061        0.474           2590        0.02        0.18    GPXX@30
 2550     0.01      949.763        0.061        0.477           2590        0.02        0.18    GPXX@32
 2551     0.01      949.763        0.061        0.464           2627        0.02        0.18    GPXX@1
 2552     0.01      949.763        0.061        0.660           2627        0.02        0.25    GPGEO_EXPL@4
 2553     0.01      949.763        0.061        0.661           2627        0.02        0.25    GPGEO_EXPL@11
 2554     0.01      949.763        0.060        0.661           2627        0.02        0.25    GPGEO_EXPL@12
 2555     0.01      949.763        0.060        0.661           2627        0.02        0.25    GPGEO_EXPL@10
 2556     0.01      949.823        0.060        0.060             37        1.63        1.63    LOGDIS@1
 2557     0.01      949.823        0.060        0.660           2627        0.02        0.25    GPGEO_EXPL@5
 2558     0.01      949.823        0.060        0.660           2627        0.02        0.25    GPGEO_EXPL@6
 2559     0.01      949.823        0.060        0.660           2627        0.02        0.25    GPGEO_EXPL@7
 2560     0.01      949.823        0.060        0.659           2627        0.02        0.25    GPGEO_EXPL@8
 2561     0.01      949.823        0.060        0.663           2627        0.02        0.25    GPGEO_EXPL@2
 2562     0.01      949.823        0.060        0.654           2590        0.02        0.25    GPGEO_EXPL@16
 2563     0.01      949.823        0.060        0.652           2590        0.02        0.25    GPGEO_EXPL@15
 2564     0.01      949.823        0.060        0.654           2590        0.02        0.25    GPGEO_EXPL@14
 2565     0.01      949.882        0.059        0.063          10508        0.01        0.01   *CUBIDIAG@1
 2566     0.01      949.882        0.059        0.653           2590        0.02        0.25    GPGEO_EXPL@19
 2567     0.01      949.882        0.059        0.654           2590        0.02        0.25    GPGEO_EXPL@13
 2568     0.01      949.882        0.059        0.661           2627        0.02        0.25    GPGEO_EXPL@1
 2569     0.01      949.941        0.059       68.835             37        1.59     1860.40    ACVPPKF_PARALLEL:PART1:COMPUTE@1
 2570     0.01      949.941        0.059        0.652           2590        0.02        0.25    GPGEO_EXPL@31
 2571     0.01      949.941        0.058        0.653           2590        0.02        0.25    GPGEO_EXPL@25
 2572     0.01      949.999        0.058        0.059           2627        0.02        0.02   *GPHLWI@8
 2573     0.01      949.999        0.058        0.059           2627        0.02        0.02    GPHLWI@9
 2574     0.01      949.999        0.058        0.652           2590        0.02        0.25    GPGEO_EXPL@27
 2575     0.01      949.999        0.058        0.652           2590        0.02        0.25    GPGEO_EXPL@28
 2576     0.01      949.999        0.058        0.652           2590        0.02        0.25    GPGEO_EXPL@22
 2577     0.01      949.999        0.058        0.650           2590        0.02        0.25    GPGEO_EXPL@29
 2578     0.01      949.999        0.058        0.651           2590        0.02        0.25    GPGEO_EXPL@24
 2579     0.01      949.999        0.058        0.059           2590        0.02        0.02    GPHLWI@25
 2580     0.01      949.999        0.058        0.651           2590        0.02        0.25    GPGEO_EXPL@21
 2581     0.01      949.999        0.058        0.059           2627        0.02        0.02    GPHLWI@4
 2582     0.01      949.999        0.058        0.651           2590        0.02        0.25    GPGEO_EXPL@17
 2583     0.01      949.999        0.058        0.059           2627        0.02        0.02    GPHLWI@5
 2584     0.01      949.999        0.058        0.652           2590        0.02        0.25    GPGEO_EXPL@26
 2585     0.01      949.999        0.058        0.650           2590        0.02        0.25    GPGEO_EXPL@23
 2586     0.01      949.999        0.058        0.059           2590        0.02        0.02    GPHLWI@28
 2587     0.01      949.999        0.058        0.059           2627        0.02        0.02    GPHLWI@3
 2588     0.01      949.999        0.058        0.059           2590        0.02        0.02    GPHLWI@17
 2589     0.01      949.999        0.058        0.059           2627        0.02        0.02    GPHLWI@6
 2590     0.01      949.999        0.058        0.059           2590        0.02        0.02    GPHLWI@13
 2591     0.01      949.999        0.058        0.650           2590        0.02        0.25    GPGEO_EXPL@30
 2592     0.01      949.999        0.058        0.059           2627        0.02        0.02    GPHLWI@10
 2593     0.01      949.999        0.057        0.059           2627        0.02        0.02    GPHLWI@12
 2594     0.01      949.999        0.057        0.059           2627        0.02        0.02    GPHLWI@7
 2595     0.01      949.999        0.057        0.059           2590        0.02        0.02    GPHLWI@31
 2596     0.01      949.999        0.057        0.651           2590        0.02        0.25    GPGEO_EXPL@18
 2597     0.01      949.999        0.057        0.651           2590        0.02        0.25    GPGEO_EXPL@20
 2598     0.01      949.999        0.057        0.059           2627        0.02        0.02    GPHLWI@11
 2599     0.01      949.999        0.057        0.059           2590        0.02        0.02    GPHLWI@20
 2600     0.01      949.999        0.057        0.059           2590        0.02        0.02    GPHLWI@30
 2601     0.01      949.999        0.057        0.059           2590        0.02        0.02    GPHLWI@29
 2602     0.01      949.999        0.057        0.058           2590        0.02        0.02    GPHLWI@21
 2603     0.01      949.999        0.057        0.058           2627        0.02        0.02    GPHLWI@2
 2604     0.01      949.999        0.057        0.649           2590        0.02        0.25    GPGEO_EXPL@32
 2605     0.01      949.999        0.057        0.058           2590        0.02        0.02    GPHLWI@23
 2606     0.01      949.999        0.057        0.058           2627        0.02        0.02    GPHLWI@1
 2607     0.01      949.999        0.057        0.058           2590        0.02        0.02    GPHLWI@26
 2608     0.01      949.999        0.057        0.058           2590        0.02        0.02    GPHLWI@22
 2609     0.01      949.999        0.057        0.058           2590        0.02        0.02    GPHLWI@24
 2610     0.01      949.999        0.057        0.058           2590        0.02        0.02    GPHLWI@27
 2611     0.01      949.999        0.057        0.058           2590        0.02        0.02    GPHLWI@19
 2612     0.01      949.999        0.057        0.058           2590        0.02        0.02    GPHLWI@18
 2613     0.01      949.999        0.056        0.058           2590        0.02        0.02    GPHLWI@14
 2614     0.01      950.056        0.056        0.461              1       56.34      461.45    GPNORM_GFL@1
 2615     0.01      950.056        0.056        0.057           2590        0.02        0.02    GPHLWI@15
 2616     0.01      950.056        0.056        0.057           2590        0.02        0.02    GPHLWI@16
 2617     0.01      950.056        0.056        0.057           2590        0.02        0.02    GPHLWI@32
 2618     0.01      950.111        0.055        0.060          15764        0.00        0.00    ICE_EFFECTIVE_RADIUS_CPU@1
 2619     0.01      950.111        0.055        0.059          10508        0.01        0.01    CUBIDIAG@2
 2620     0.01      950.111        0.054        0.058          10508        0.01        0.01    CUBIDIAG@9
 2621     0.01      950.111        0.054        0.058          10508        0.01        0.01    CUBIDIAG@8
 2622     0.01      950.111        0.054        0.058          10508        0.01        0.01    CUBIDIAG@7
 2623     0.01      950.111        0.053        0.057          10508        0.01        0.01    CUBIDIAG@6
 2624     0.01      950.111        0.053        0.057          10508        0.01        0.01    CUBIDIAG@10
 2625     0.01      950.111        0.053        0.057          10508        0.01        0.01    CUBIDIAG@11
 2626     0.01      950.111        0.053        0.057          10508        0.01        0.01    CUBIDIAG@3
 2627     0.01      950.111        0.053        0.057          10508        0.01        0.01    CUBIDIAG@12
 2628     0.01      950.163        0.053        5.004          31080        0.00        0.16   *VERDISINT@21
 2629     0.01      950.216        0.052        0.052             37        1.41        1.42    CTVTOT_EXPL_PARALLEL:0:COMPUTE@1
 2630     0.01      950.216        0.052        0.056          10508        0.00        0.01    CUBIDIAG@5
 2631     0.01      950.216        0.052        0.056          10508        0.00        0.01    CUBIDIAG@4
 2632     0.01      950.268        0.052        0.877             37        1.40       23.71    APL_ARPEGE_RADIATION_PARALLEL:RADHEAT:COMPUTE@1
 2633     0.01      950.319        0.052        0.056          15764        0.00        0.00    radiation_thermodynamics:allocate_thermodynamics_arrays_CPU@1
 2634     0.01      950.371        0.052        0.052             37        1.39        1.40    CPGLAG_PARALLEL:1:COMPUTE@1
 2635     0.01      950.371        0.051       20.568          34124        0.00        0.60    VERDISINT@1
 2636     0.01      950.371        0.051        5.050          31524        0.00        0.16    VERDISINT@9
 2637     0.01      950.371        0.051        0.055          10360        0.00        0.01    CUBIDIAG@17
 2638     0.01      950.371        0.051        0.055          10360        0.00        0.01    CUBIDIAG@13
 2639     0.01      950.371        0.051        4.988          31080        0.00        0.16    VERDISINT@26
 2640     0.01      950.371        0.051        0.055          10360        0.00        0.01    CUBIDIAG@14
 2641     0.01      950.371        0.051        4.985          31080        0.00        0.16    VERDISINT@25
 2642     0.01      950.371        0.051        4.979          31080        0.00        0.16    VERDISINT@17
 2643     0.01      950.371        0.050        0.055          10360        0.00        0.01    CUBIDIAG@19
 2644     0.01      950.371        0.050        0.055          10360        0.00        0.01    CUBIDIAG@31
 2645     0.01      950.371        0.050        4.979          31080        0.00        0.16    VERDISINT@20
 2646     0.01      950.371        0.050        4.979          31080        0.00        0.16    VERDISINT@22
 2647     0.01      950.371        0.050        4.997          31080        0.00        0.16    VERDISINT@31
 2648     0.01      950.371        0.050        4.979          31080        0.00        0.16    VERDISINT@29
 2649     0.01      950.371        0.050        0.054          10360        0.00        0.01    CUBIDIAG@18
 2650     0.01      950.371        0.050        4.986          31080        0.00        0.16    VERDISINT@14
 2651     0.01      950.371        0.050        5.052          31524        0.00        0.16    VERDISINT@5
 2652     0.01      950.371        0.050        0.054          10360        0.00        0.01    CUBIDIAG@29
 2653     0.01      950.371        0.050        0.054          10360        0.00        0.01    CUBIDIAG@32
 2654     0.01      950.371        0.050        4.997          31080        0.00        0.16    VERDISINT@18
 2655     0.01      950.371        0.050        0.054          10360        0.00        0.01    CUBIDIAG@25
 2656     0.01      950.371        0.050        4.994          31080        0.00        0.16    VERDISINT@13
 2657     0.01      950.371        0.050        0.054          10360        0.00        0.01    CUBIDIAG@16
 2658     0.01      950.371        0.050        0.054          10360        0.00        0.01    CUBIDIAG@21
 2659     0.01      950.371        0.050        0.054          10360        0.00        0.01    CUBIDIAG@27
 2660     0.01      950.420        0.050        0.054          15764        0.00        0.00    radiation_cloud:allocate_cloud_arrays_CPU@1
 2661     0.01      950.420        0.050        0.054          10360        0.00        0.01    CUBIDIAG@22
 2662     0.01      950.420        0.049        0.054          10360        0.00        0.01    CUBIDIAG@20
 2663     0.01      950.420        0.049        0.053          10360        0.00        0.01    CUBIDIAG@15
 2664     0.01      950.420        0.049        0.053          10360        0.00        0.01    CUBIDIAG@24
 2665     0.01      950.420        0.049        5.000          31080        0.00        0.16    VERDISINT@30
 2666     0.01      950.420        0.049        0.053          10360        0.00        0.01    CUBIDIAG@28
 2667     0.01      950.420        0.049        5.066          31524        0.00        0.16    VERDISINT@12
 2668     0.01      950.420        0.049        0.053          10360        0.00        0.01    CUBIDIAG@30
 2669     0.01      950.420        0.049        4.980          31080        0.00        0.16    VERDISINT@19
 2670     0.01      950.420        0.049        5.054          31524        0.00        0.16    VERDISINT@10
 2671     0.01      950.420        0.049        4.982          31080        0.00        0.16    VERDISINT@28
 2672     0.01      950.420        0.049        0.053          10360        0.00        0.01    CUBIDIAG@23
 2673     0.01      950.420        0.049        0.053          10360        0.00        0.01    CUBIDIAG@26
 2674     0.01      950.420        0.049        5.055          31524        0.00        0.16    VERDISINT@7
 2675     0.01      950.420        0.048        5.039          31524        0.00        0.16    VERDISINT@4
 2676     0.01      950.420        0.048        5.048          31524        0.00        0.16    VERDISINT@6
 2677     0.01      950.420        0.048        5.046          31524        0.00        0.16    VERDISINT@11
 2678     0.01      950.420        0.048        4.979          31080        0.00        0.16    VERDISINT@23
 2679     0.01      950.420        0.048        4.977          31080        0.00        0.16    VERDISINT@24
 2680     0.01      950.420        0.048        5.036          31524        0.00        0.16    VERDISINT@3
 2681     0.01      950.420        0.048        5.002          31080        0.00        0.16    VERDISINT@27
 2682     0.00      950.420        0.048        4.961          31080        0.00        0.16    VERDISINT@32
 2683     0.00      950.420        0.047        4.997          31080        0.00        0.16    VERDISINT@15
 2684     0.00      950.420        0.047        4.984          31080        0.00        0.16    VERDISINT@16
 2685     0.00      950.467        0.047        0.047             37        1.27        1.27    CPG_PARALLEL:ISETTLOFF:COMPUTE@1
 2686     0.00      950.467        0.047        5.048          31524        0.00        0.16    VERDISINT@2
 2687     0.00      950.467        0.047        5.038          31524        0.00        0.16    VERDISINT@8
 2688     0.00      950.514        0.046        0.554              1       46.45      553.58    SUSPECA@1
 2689     0.00      950.560        0.046        0.056           2627        0.02        0.02   *ACHMT@12
 2690     0.00      950.560        0.046        0.056           2627        0.02        0.02    ACHMT@5
 2691     0.00      950.560        0.046        0.056           2627        0.02        0.02    ACHMT@7
 2692     0.00      950.606        0.046        0.046              3       15.25       15.25    "lfiouv_alts_ext:read1"@1:lfi_alts.c
 2693     0.00      950.606        0.046        0.056           2627        0.02        0.02    ACHMT@9
 2694     0.00      950.606        0.046        0.056           2627        0.02        0.02    ACHMT@3
 2695     0.00      950.606        0.046        0.055           2627        0.02        0.02    ACHMT@10
 2696     0.00      950.606        0.046        0.055           2627        0.02        0.02    ACHMT@6
 2697     0.00      950.606        0.046        0.055           2627        0.02        0.02    ACHMT@8
 2698     0.00      950.606        0.046        0.055           2627        0.02        0.02    ACHMT@11
 2699     0.00      950.606        0.046        0.055           2627        0.02        0.02    ACHMT@4
 2700     0.00      950.606        0.045        0.055           2627        0.02        0.02    ACHMT@2
 2701     0.00      950.606        0.045        0.055           2590        0.02        0.02    ACHMT@14
 2702     0.00      950.606        0.045        0.055           2590        0.02        0.02    ACHMT@15
 2703     0.00      950.606        0.045        0.055           2590        0.02        0.02    ACHMT@16
 2704     0.00      950.606        0.045        0.055           2590        0.02        0.02    ACHMT@13
 2705     0.00      950.651        0.045        0.045            148        0.30        0.30    GPRCP_EXPL_PARALLEL:4:COMPUTE@1
 2706     0.00      950.651        0.045        0.054           2627        0.02        0.02    ACHMT@1
 2707     0.00      950.651        0.044        0.053          26270        0.00        0.00    VERINTS@7
 2708     0.00      950.651        0.044        0.053          26270        0.00        0.00    VERINTS@12
 2709     0.00      950.651        0.044        0.053          25900        0.00        0.00    VERINTS@24
 2710     0.00      950.651        0.044        0.053          25900        0.00        0.00    VERINTS@23
 2711     0.00      950.651        0.044        0.053          25900        0.00        0.00    VERINTS@21
 2712     0.00      950.651        0.044        0.053          25900        0.00        0.00    VERINTS@26
 2713     0.00      950.651        0.044        0.053          25900        0.00        0.00    VERINTS@29
 2714     0.00      950.651        0.044        0.053          26270        0.00        0.00    VERINTS@9
 2715     0.00      950.651        0.043        0.053          25900        0.00        0.00    VERINTS@25
 2716     0.00      950.651        0.043        0.053          25900        0.00        0.00    VERINTS@32
 2717     0.00      950.651        0.043        0.053          25900        0.00        0.00    VERINTS@18
 2718     0.00      950.651        0.043        0.053          26270        0.00        0.00    VERINTS@8
 2719     0.00      950.651        0.043        0.053          26270        0.00        0.00    VERINTS@11
 2720     0.00      950.651        0.043        0.053          25900        0.00        0.00    VERINTS@27
 2721     0.00      950.651        0.043        0.053          25900        0.00        0.00    VERINTS@19
 2722     0.00      950.694        0.043        0.043            106        0.41        0.41    POSNAME@1
 2723     0.00      950.694        0.043        0.053          26270        0.00        0.00    VERINTS@4
 2724     0.00      950.694        0.043        0.053          25900        0.00        0.00    VERINTS@22
 2725     0.00      950.694        0.043        0.053          25900        0.00        0.00    VERINTS@17
 2726     0.00      950.694        0.043        0.053          26270        0.00        0.00    VERINTS@10
 2727     0.00      950.694        0.043        0.053          25900        0.00        0.00    VERINTS@20
 2728     0.00      950.694        0.043        0.053          25900        0.00        0.00    VERINTS@31
 2729     0.00      950.694        0.043        0.053          26270        0.00        0.00    VERINTS@6
 2730     0.00      950.694        0.043        0.053          26270        0.00        0.00    VERINTS@5
 2731     0.00      950.694        0.043        0.053          25900        0.00        0.00    VERINTS@30
 2732     0.00      950.694        0.043        0.053          25900        0.00        0.00    VERINTS@28
 2733     0.00      950.694        0.043        0.053          25900        0.00        0.00    VERINTS@13
 2734     0.00      950.694        0.043        0.052          25900        0.00        0.00    VERINTS@16
 2735     0.00      950.694        0.043        0.052          25900        0.00        0.00    VERINTS@14
 2736     0.00      950.694        0.043        0.052          25900        0.00        0.00    VERINTS@15
 2737     0.00      950.694        0.043        0.052          26270        0.00        0.00    VERINTS@2
 2738     0.00      950.694        0.043        0.052           2590        0.02        0.02    ACHMT@20
 2739     0.00      950.694        0.043        0.052           2590        0.02        0.02    ACHMT@32
 2740     0.00      950.694        0.043        0.052           2590        0.02        0.02    ACHMT@30
 2741     0.00      950.694        0.043        0.052           2590        0.02        0.02    ACHMT@19
 2742     0.00      950.694        0.043        0.052          26270        0.00        0.00    VERINTS@3
 2743     0.00      950.694        0.043        0.052           2590        0.02        0.02    ACHMT@29
 2744     0.00      950.694        0.043        0.052           2590        0.02        0.02    ACHMT@24
 2745     0.00      950.694        0.043        0.052           2590        0.02        0.02    ACHMT@31
 2746     0.00      950.694        0.043        0.052           2590        0.02        0.02    ACHMT@17
 2747     0.00      950.694        0.043        0.052           2590        0.02        0.02    ACHMT@22
 2748     0.00      950.694        0.043        0.052           2590        0.02        0.02    ACHMT@25
 2749     0.00      950.694        0.043        0.052           2590        0.02        0.02    ACHMT@21
 2750     0.00      950.694        0.043        0.052           2590        0.02        0.02    ACHMT@28
 2751     0.00      950.694        0.042        0.051           2590        0.02        0.02    ACHMT@27
 2752     0.00      950.694        0.042        0.051           2590        0.02        0.02    ACHMT@23
 2753     0.00      950.736        0.042        0.042              1       42.31       42.33    SPECTRAL_FIELDS_MOD:CREATE_SPEC@1
 2754     0.00      950.736        0.042        0.051           2590        0.02        0.02    ACHMT@18
 2755     0.00      950.778        0.042      957.102              1       41.91   957101.53    MASTER@1
 2756     0.00      950.778        0.042        0.051           2590        0.02        0.02    ACHMT@26
 2757     0.00      950.820        0.042        0.688             37        1.13       18.60    CPG_GP_PARALLEL:GPINISLB_PART1_EXPL:COMPUTE@1
 2758     0.00      950.861        0.041        0.041             37        1.10        1.11    APL_ARPEGE_RADIATION_PARALLEL:DIRECT:COMPUTE@1
 2759     0.00      950.901        0.041        4.875          10360        0.00        0.47   *LARCINA@21
 2760     0.00      950.901        0.040        4.953          10508        0.00        0.47    LARCINA@9
 2761     0.00      950.901        0.040        4.811          10360        0.00        0.46    LARCINA@29
 2762     0.00      950.901        0.040        4.937          10508        0.00        0.47    LARCINA@10
 2763     0.00      950.901        0.040        4.913          10508        0.00        0.47    LARCINA@7
 2764     0.00      950.941        0.040        0.560             37        1.07       15.14    APL_ARPEGE_PARALLEL:ACTQSAT:COMPUTE@1
 2765     0.00      950.980        0.039        0.041           2627        0.02        0.02   *FL2HL@11
 2766     0.00      950.980        0.039        4.877          10360        0.00        0.47    LARCINA@28
 2767     0.00      950.980        0.039        4.918          10508        0.00        0.47    LARCINA@5
 2768     0.00      950.980        0.039        4.781          10360        0.00        0.46    LARCINA@31
 2769     0.00      950.980        0.039        4.943          10508        0.00        0.47    LARCINA@12
 2770     0.00      951.019        0.039        0.039              1       38.86       39.50    IOGRID_MOD:IOGRID_SELECTFY@1
 2771     0.00      951.019        0.039        4.849          10360        0.00        0.47    LARCINA@22
 2772     0.00      951.019        0.039        4.911          10360        0.00        0.47    LARCINA@13
 2773     0.00      951.019        0.039        4.897          10360        0.00        0.47    LARCINA@14
 2774     0.00      951.019        0.039        4.874          10360        0.00        0.47    LARCINA@26
 2775     0.00      951.019        0.039        0.040           2627        0.01        0.02    FL2HL@12
 2776     0.00      951.019        0.039        4.872          10360        0.00        0.47    LARCINA@17
 2777     0.00      951.019        0.039        4.903          10508        0.00        0.47    LARCINA@6
 2778     0.00      951.058        0.039        0.570           2590        0.01        0.22   *SITNU_GP@20
 2779     0.00      951.058        0.038        4.830          10508        0.00        0.46    LARCINA@4
 2780     0.00      951.058        0.038        4.879          10360        0.00        0.47    LARCINA@25
 2781     0.00      951.058        0.038        4.937          10508        0.00        0.47    LARCINA@11
 2782     0.00      951.058        0.038        0.569           2590        0.01        0.22    SITNU_GP@28
 2783     0.00      951.058        0.038        4.758          10360        0.00        0.46    LARCINA@30
 2784     0.00      951.058        0.038        0.040           2627        0.01        0.02    FL2HL@10
 2785     0.00      951.058        0.038        0.040           2627        0.01        0.02    FL2HL@9
 2786     0.00      951.058        0.038        0.039           2590        0.01        0.02    FL2HL@16
 2787     0.00      951.058        0.038        4.874          10360        0.00        0.47    LARCINA@20
 2788     0.00      951.058        0.038        0.039           2627        0.01        0.02    FL2HL@7
 2789     0.00      951.058        0.038        0.039           2627        0.01        0.01    FL2HL@8
 2790     0.00      951.058        0.038        0.569           2590        0.01        0.22    SITNU_GP@24
 2791     0.00      951.058        0.038        0.569           2590        0.01        0.22    SITNU_GP@25
 2792     0.00      951.058        0.038        0.575           2590        0.01        0.22    SITNU_GP@21
 2793     0.00      951.058        0.038        0.576           2627        0.01        0.22    SITNU_GP@11
 2794     0.00      951.058        0.038        0.575           2590        0.01        0.22    SITNU_GP@27
 2795     0.00      951.058        0.038        0.569           2590        0.01        0.22    SITNU_GP@26
 2796     0.00      951.058        0.038        0.569           2590        0.01        0.22    SITNU_GP@19
 2797     0.00      951.058        0.038        0.569           2590        0.01        0.22    SITNU_GP@17
 2798     0.00      951.058        0.038        0.569           2590        0.01        0.22    SITNU_GP@22
 2799     0.00      951.058        0.038        0.568           2590        0.01        0.22    SITNU_GP@23
 2800     0.00      951.058        0.038        0.569           2590        0.01        0.22    SITNU_GP@29
 2801     0.00      951.058        0.038        4.821          10508        0.00        0.46    LARCINA@3
 2802     0.00      951.058        0.038        4.844          10360        0.00        0.47    LARCINA@18
 2803     0.00      951.058        0.038        0.574           2627        0.01        0.22    SITNU_GP@6
 2804     0.00      951.058        0.038        0.575           2627        0.01        0.22    SITNU_GP@5
 2805     0.00      951.058        0.038        0.039           2627        0.01        0.01    FL2HL@6
 2806     0.00      951.058        0.038        0.581           2627        0.01        0.22    SITNU_GP@12
 2807     0.00      951.058        0.038        0.575           2627        0.01        0.22    SITNU_GP@10
 2808     0.00      951.095        0.038        0.039           2627        0.01        0.01   *CUDLFSN@1
 2809     0.00      951.095        0.038        0.574           2627        0.01        0.22    SITNU_GP@8
 2810     0.00      951.095        0.038        0.567           2590        0.01        0.22    SITNU_GP@13
 2811     0.00      951.095        0.038        0.574           2627        0.01        0.22    SITNU_GP@7
 2812     0.00      951.095        0.038        0.039           2590        0.01        0.01    FL2HL@14
 2813     0.00      951.095        0.038        4.859          10360        0.00        0.47    LARCINA@19
 2814     0.00      951.095        0.038        4.821          10508        0.00        0.46    LARCINA@2
 2815     0.00      951.095        0.037        4.912          10508        0.00        0.47    LARCINA@8
 2816     0.00      951.095        0.037        0.039           2627        0.01        0.01    FL2HL@5
 2817     0.00      951.095        0.037        0.569           2590        0.01        0.22    SITNU_GP@31
 2818     0.00      951.095        0.037        0.566           2590        0.01        0.22    SITNU_GP@16
 2819     0.00      951.095        0.037        0.573           2590        0.01        0.22    SITNU_GP@18
 2820     0.00      951.095        0.037        4.893          10360        0.00        0.47    LARCINA@15
 2821     0.00      951.095        0.037        4.893          10360        0.00        0.47    LARCINA@16
 2822     0.00      951.095        0.037        0.038           2590        0.01        0.01    FL2HL@13
 2823     0.00      951.095        0.037        0.038           2627        0.01        0.01    FL2HL@4
 2824     0.00      951.095        0.037        0.565           2590        0.01        0.22    SITNU_GP@32
 2825     0.00      951.095        0.037        0.571           2590        0.01        0.22    SITNU_GP@15
 2826     0.00      951.095        0.037        0.574           2627        0.01        0.22    SITNU_GP@9
 2827     0.00      951.095        0.037        4.846          10360        0.00        0.47    LARCINA@24
 2828     0.00      951.095        0.037        0.038           2590        0.01        0.01    FL2HL@15
 2829     0.00      951.095        0.037        0.566           2590        0.01        0.22    SITNU_GP@14
 2830     0.00      951.132        0.037        0.038           2627        0.01        0.01   *SATUR@1
 2831     0.00      951.132        0.037        0.574           2590        0.01        0.22    SITNU_GP@30
 2832     0.00      951.132        0.037        4.846          10360        0.00        0.47    LARCINA@23
 2833     0.00      951.132        0.037        0.038           2627        0.01        0.01    SATUR@10
 2834     0.00      951.132        0.037        4.766          10360        0.00        0.46    LARCINA@32
 2835     0.00      951.132        0.037        4.870          10360        0.00        0.47    LARCINA@27
 2836     0.00      951.132        0.037        0.038           2627        0.01        0.01    SATUR@4
 2837     0.00      951.132        0.037        0.038           2627        0.01        0.01    SATUR@12
 2838     0.00      951.132        0.037        0.038           2627        0.01        0.01    SATUR@2
 2839     0.00      951.132        0.037        0.038           2627        0.01        0.01    SATUR@11
 2840     0.00      951.132        0.037        0.038           2627        0.01        0.01    SATUR@7
 2841     0.00      951.132        0.037        0.038           2627        0.01        0.01    FL2HL@2
 2842     0.00      951.132        0.037        0.038           2627        0.01        0.01    FL2HL@3
 2843     0.00      951.132        0.037        0.038           2627        0.01        0.01    SATUR@3
 2844     0.00      951.132        0.037        0.038           2627        0.01        0.01    SATUR@6
 2845     0.00      951.132        0.037        0.038           2627        0.01        0.01    SATUR@5
 2846     0.00      951.132        0.037        4.831          10508        0.00        0.46    LARCINA@1
 2847     0.00      951.132        0.037        0.038           2627        0.01        0.01    SATUR@9
 2848     0.00      951.132        0.036        0.038           2627        0.01        0.01    SATUR@8
 2849     0.00      951.132        0.036        0.038           2590        0.01        0.01    SATUR@18
 2850     0.00      951.169        0.036        2.035             37        0.98       54.99    LARCINB_PARALLEL:LCOMAD_SP:COMPUTE@1
 2851     0.00      951.169        0.036        0.569           2627        0.01        0.22    SITNU_GP@3
 2852     0.00      951.205        0.036        0.036             74        0.49        0.49    SLEXTPOL3@1
 2853     0.00      951.205        0.036        0.038           2590        0.01        0.01    SATUR@17
 2854     0.00      951.205        0.036        0.037           2590        0.01        0.01    SATUR@14
 2855     0.00      951.205        0.036        0.037           2590        0.01        0.01    SATUR@16
 2856     0.00      951.205        0.036        0.037           2590        0.01        0.01    SATUR@13
 2857     0.00      951.205        0.036        0.037           2590        0.01        0.01    SATUR@15
 2858     0.00      951.205        0.036        0.037           2590        0.01        0.01    SATUR@25
 2859     0.00      951.205        0.036        0.037           2590        0.01        0.01    SATUR@21
 2860     0.00      951.205        0.036        0.037           2590        0.01        0.01    SATUR@22
 2861     0.00      951.205        0.036        0.037           2590        0.01        0.01    SATUR@26
 2862     0.00      951.205        0.036        0.037           2590        0.01        0.01    SATUR@31
 2863     0.00      951.205        0.036        0.037           2590        0.01        0.01    SATUR@32
 2864     0.00      951.205        0.036        0.037           2590        0.01        0.01    SATUR@20
 2865     0.00      951.205        0.036        0.037           2590        0.01        0.01    SATUR@24
 2866     0.00      951.205        0.036        0.037           2590        0.01        0.01    SATUR@19
 2867     0.00      951.241        0.036        0.040          15764        0.00        0.00    radiation_cloud:deallocate_cloud_arrays_CPU@1
 2868     0.00      951.241        0.036        0.037           2590        0.01        0.01    SATUR@28
 2869     0.00      951.241        0.036        0.037           2590        0.01        0.01    SATUR@23
 2870     0.00      951.241        0.036        0.037           2590        0.01        0.01    SATUR@27
 2871     0.00      951.241        0.036        0.037           2590        0.01        0.01    SATUR@29
 2872     0.00      951.241        0.036        0.037           2627        0.01        0.01    FL2HL@1
 2873     0.00      951.241        0.036        0.037           2590        0.01        0.01    SATUR@30
 2874     0.00      951.241        0.036        0.569           2627        0.01        0.22    SITNU_GP@4
 2875     0.00      951.277        0.036        4.051             37        0.97      109.49    LARCINB_PARALLEL:LAITRE_GMV:COMPUTE@1
 2876     0.00      951.277        0.035        0.568           2627        0.01        0.22    SITNU_GP@2
 2877     0.00      951.312        0.035        3.177             39        0.91       81.47    SPNORM@1
 2878     0.00      951.312        0.035        0.036           2627        0.01        0.01    CUDLFSN@2
 2879     0.00      951.312        0.035        0.553           2627        0.01        0.21    SITNU_GP@1
 2880     0.00      951.312        0.034        0.036           2627        0.01        0.01    CUDLFSN@3
 2881     0.00      951.312        0.034        0.035           2627        0.01        0.01    CUDLFSN@4
 2882     0.00      951.347        0.034        0.210             41        0.83        5.11    FADGRA_MT@1
 2883     0.00      951.381        0.034        0.038          15764        0.00        0.00    radiation_thermodynamics:deallocate_thermodynamics_arrays_CPU@1
 2884     0.00      951.414        0.034        1.399             37        0.91       37.80    APL_ARPEGE_CLOUDINESS_PARALLEL:ACNEBCOND:COMPUTE@1
 2885     0.00      951.447        0.033        1.763             37        0.88       47.64    LARCINB_PARALLEL:NVLAG_3:COMPUTE@1
 2886     0.00      951.480        0.033        2.743             37        0.88       74.14    APL_ARPEGE_RADIATION_PARALLEL:ACDAYD:COMPUTE@1
 2887     0.00      951.512        0.032        0.032             37        0.88        0.88    CPXFU_PARALLEL:2:COMPUTE@1
 2888     0.00      951.512        0.032        0.034           2627        0.01        0.01    CUDLFSN@5
 2889     0.00      951.544        0.032        1.342             37        0.87       36.28    LARCINB_PARALLEL:NTLAG_3:COMPUTE@1
 2890     0.00      951.575        0.031        0.036          10360        0.00        0.00   *DPRECIPS_XFU@28
 2891     0.00      951.575        0.031        0.035          10508        0.00        0.00    DPRECIPS_XFU@11
 2892     0.00      951.575        0.031        0.036          10360        0.00        0.00    DPRECIPS_XFU@29
 2893     0.00      951.575        0.031        0.035          10508        0.00        0.00    DPRECIPS_XFU@8
 2894     0.00      951.575        0.031        0.035          10508        0.00        0.00    DPRECIPS_XFU@10
 2895     0.00      951.575        0.031        0.035          10360        0.00        0.00    DPRECIPS_XFU@24
 2896     0.00      951.575        0.031        0.035          10508        0.00        0.00    DPRECIPS_XFU@7
 2897     0.00      951.575        0.031        0.035          10360        0.00        0.00    DPRECIPS_XFU@23
 2898     0.00      951.575        0.031        0.032           2627        0.01        0.01    CUDLFSN@6
 2899     0.00      951.575        0.031        0.035          10360        0.00        0.00    DPRECIPS_XFU@25
 2900     0.00      951.606        0.031        0.041              1       30.85       41.44    FIELDS_MOD:FIELDS_DELETE@1
 2901     0.00      951.606        0.031        0.035          10508        0.00        0.00    DPRECIPS_XFU@9
 2902     0.00      951.606        0.031        0.035          10508        0.00        0.00    DPRECIPS_XFU@12
 2903     0.00      951.606        0.031        0.035          10360        0.00        0.00    DPRECIPS_XFU@26
 2904     0.00      951.606        0.031        0.034          10508        0.00        0.00    DPRECIPS_XFU@5
 2905     0.00      951.606        0.031        0.034          10360        0.00        0.00    DPRECIPS_XFU@18
 2906     0.00      951.637        0.031        0.035          15764        0.00        0.00    CLOUD_OVERLAP_DECORR_LEN_CPU@1
 2907     0.00      951.637        0.031        0.035          10360        0.00        0.00    DPRECIPS_XFU@15
 2908     0.00      951.637        0.031        0.034          10360        0.00        0.00    DPRECIPS_XFU@20
 2909     0.00      951.637        0.031        0.035          10360        0.00        0.00    DPRECIPS_XFU@30
 2910     0.00      951.637        0.031        0.034          10508        0.00        0.00    DPRECIPS_XFU@4
 2911     0.00      951.637        0.031        0.034          10360        0.00        0.00    DPRECIPS_XFU@27
 2912     0.00      951.637        0.031        0.034          10508        0.00        0.00    DPRECIPS_XFU@6
 2913     0.00      951.637        0.031        0.034          10508        0.00        0.00    DPRECIPS_XFU@3
 2914     0.00      951.637        0.031        0.034          10360        0.00        0.00    DPRECIPS_XFU@19
 2915     0.00      951.637        0.031        0.034          10360        0.00        0.00    DPRECIPS_XFU@32
 2916     0.00      951.637        0.031        0.034          10360        0.00        0.00    DPRECIPS_XFU@16
 2917     0.00      951.637        0.031        0.034          10360        0.00        0.00    DPRECIPS_XFU@31
 2918     0.00      951.637        0.031        0.034          10360        0.00        0.00    DPRECIPS_XFU@17
 2919     0.00      951.637        0.031        0.034          10360        0.00        0.00    DPRECIPS_XFU@14
 2920     0.00      951.637        0.030        0.034          10360        0.00        0.00    DPRECIPS_XFU@21
 2921     0.00      951.637        0.030        0.034          10360        0.00        0.00    DPRECIPS_XFU@22
 2922     0.00      951.637        0.030        0.034          10508        0.00        0.00    DPRECIPS_XFU@2
 2923     0.00      951.637        0.030        0.034          10360        0.00        0.00    DPRECIPS_XFU@13
 2924     0.00      951.637        0.030        0.034          10508        0.00        0.00    DPRECIPS_XFU@1
 2925     0.00      951.637        0.029        0.030           2627        0.01        0.01    CUDLFSN@7
 2926     0.00      951.666        0.029        0.033          15764        0.00        0.00    radiation_gas:put_well_mixed_gas_CPU@1
 2927     0.00      951.694        0.028        0.031           7881        0.00        0.00   *HL2FL@5
 2928     0.00      951.694        0.028        0.031           7881        0.00        0.00    HL2FL@7
 2929     0.00      951.694        0.028        0.031           7881        0.00        0.00    HL2FL@11
 2930     0.00      951.694        0.028        0.029           2627        0.01        0.01    CUDLFSN@8
 2931     0.00      951.694        0.028        0.031           7881        0.00        0.00    HL2FL@10
 2932     0.00      951.694        0.028        0.031           7881        0.00        0.00    HL2FL@12
 2933     0.00      951.694        0.028        0.031           7881        0.00        0.00    HL2FL@8
 2934     0.00      951.694        0.028        0.031           7881        0.00        0.00    HL2FL@6
 2935     0.00      951.694        0.028        0.030           7770        0.00        0.00    HL2FL@13
 2936     0.00      951.694        0.028        0.030           7881        0.00        0.00    HL2FL@1
 2937     0.00      951.694        0.028        0.030           7881        0.00        0.00    HL2FL@3
 2938     0.00      951.694        0.028        0.030           7881        0.00        0.00    HL2FL@9
 2939     0.00      951.694        0.028        0.030           7881        0.00        0.00    HL2FL@4
 2940     0.00      951.694        0.028        0.030           7770        0.00        0.00    HL2FL@16
 2941     0.00      951.694        0.028        0.030           7881        0.00        0.00    HL2FL@2
 2942     0.00      951.721        0.028        0.028             37        0.75        0.75    SCAN2M_INIT_T1@1
 2943     0.00      951.721        0.028        0.030           7770        0.00        0.00    HL2FL@14
 2944     0.00      951.749        0.027        0.027             36        0.76        0.76    CPCFU_PARALLEL:1:COMPUTE@1
 2945     0.00      951.749        0.027        0.030           7770        0.00        0.00    HL2FL@15
 2946     0.00      951.776        0.027        0.031          13135        0.00        0.00   *ACNPART_CLOUD_COVER@8
 2947     0.00      951.776        0.027        0.031          13135        0.00        0.00    ACNPART_CLOUD_COVER@11
 2948     0.00      951.776        0.027        0.031          13135        0.00        0.00    ACNPART_CLOUD_COVER@12
 2949     0.00      951.776        0.027        0.031          13135        0.00        0.00    ACNPART_CLOUD_COVER@10
 2950     0.00      951.776        0.027        0.031          13135        0.00        0.00    ACNPART_CLOUD_COVER@5
 2951     0.00      951.776        0.027        0.031          13135        0.00        0.00    ACNPART_CLOUD_COVER@7
 2952     0.00      951.776        0.027        0.031          13135        0.00        0.00    ACNPART_CLOUD_COVER@9
 2953     0.00      951.776        0.027        0.031          13135        0.00        0.00    ACNPART_CLOUD_COVER@4
 2954     0.00      951.776        0.027        0.031          12950        0.00        0.00    ACNPART_CLOUD_COVER@16
 2955     0.00      951.776        0.027        0.031          13135        0.00        0.00    ACNPART_CLOUD_COVER@3
 2956     0.00      951.776        0.027        0.031          12950        0.00        0.00    ACNPART_CLOUD_COVER@15
 2957     0.00      951.776        0.027        0.031          13135        0.00        0.00    ACNPART_CLOUD_COVER@6
 2958     0.00      951.776        0.027        0.031          13135        0.00        0.00    ACNPART_CLOUD_COVER@2
 2959     0.00      951.776        0.027        0.031          12950        0.00        0.00    ACNPART_CLOUD_COVER@14
 2960     0.00      951.802        0.027        0.027             37        0.72        0.72    LASSIE_PARALLEL:GPRCP:COMPUTE@1
 2961     0.00      951.802        0.027        0.028           2627        0.01        0.01    CUDLFSN@9
 2962     0.00      951.802        0.026        0.031          12950        0.00        0.00    ACNPART_CLOUD_COVER@30
 2963     0.00      951.802        0.026        0.030          12950        0.00        0.00    ACNPART_CLOUD_COVER@13
 2964     0.00      951.802        0.026        0.027           2627        0.01        0.01    CUDLFSN@10
 2965     0.00      951.802        0.026        0.031          12950        0.00        0.00    ACNPART_CLOUD_COVER@18
 2966     0.00      951.802        0.026        0.029           7770        0.00        0.00    HL2FL@31
 2967     0.00      951.802        0.026        0.029           7770        0.00        0.00    HL2FL@26
 2968     0.00      951.802        0.026        0.029           7770        0.00        0.00    HL2FL@28
 2969     0.00      951.802        0.026        0.030          12950        0.00        0.00    ACNPART_CLOUD_COVER@27
 2970     0.00      951.802        0.026        0.030          12950        0.00        0.00    ACNPART_CLOUD_COVER@32
 2971     0.00      951.802        0.026        0.030          12950        0.00        0.00    ACNPART_CLOUD_COVER@23
 2972     0.00      951.802        0.026        0.030          12950        0.00        0.00    ACNPART_CLOUD_COVER@24
 2973     0.00      951.802        0.026        0.029           7770        0.00        0.00    HL2FL@25
 2974     0.00      951.802        0.026        0.029           7770        0.00        0.00    HL2FL@32
 2975     0.00      951.802        0.026        0.029           7770        0.00        0.00    HL2FL@27
 2976     0.00      951.802        0.026        0.029           7770        0.00        0.00    HL2FL@21
 2977     0.00      951.802        0.026        0.029           7770        0.00        0.00    HL2FL@22
 2978     0.00      951.802        0.026        0.030          12950        0.00        0.00    ACNPART_CLOUD_COVER@26
 2979     0.00      951.802        0.026        0.028           7770        0.00        0.00    HL2FL@30
 2980     0.00      951.802        0.026        0.030          12950        0.00        0.00    ACNPART_CLOUD_COVER@19
 2981     0.00      951.802        0.026        0.028           7770        0.00        0.00    HL2FL@29
 2982     0.00      951.802        0.026        0.028           7770        0.00        0.00    HL2FL@19
 2983     0.00      951.802        0.026        0.030          12950        0.00        0.00    ACNPART_CLOUD_COVER@21
 2984     0.00      951.802        0.026        0.030          13135        0.00        0.00    ACNPART_CLOUD_COVER@1
 2985     0.00      951.802        0.026        0.028           7770        0.00        0.00    HL2FL@23
 2986     0.00      951.802        0.026        0.030          12950        0.00        0.00    ACNPART_CLOUD_COVER@17
 2987     0.00      951.802        0.026        0.028           7770        0.00        0.00    HL2FL@17
 2988     0.00      951.828        0.026        0.049           2627        0.01        0.02   *ACSOL@9
 2989     0.00      951.828        0.026        0.028           7770        0.00        0.00    HL2FL@24
 2990     0.00      951.828        0.026        0.028           7770        0.00        0.00    HL2FL@20
 2991     0.00      951.828        0.026        0.028           7770        0.00        0.00    HL2FL@18
 2992     0.00      951.828        0.026        0.030          12950        0.00        0.00    ACNPART_CLOUD_COVER@22
 2993     0.00      951.828        0.025        0.030          12950        0.00        0.00    ACNPART_CLOUD_COVER@29
 2994     0.00      951.828        0.025        0.030          12950        0.00        0.00    ACNPART_CLOUD_COVER@25
 2995     0.00      951.828        0.025        0.030          12950        0.00        0.00    ACNPART_CLOUD_COVER@28
 2996     0.00      951.828        0.025        0.030          12950        0.00        0.00    ACNPART_CLOUD_COVER@20
 2997     0.00      951.828        0.025        0.048           2627        0.01        0.02    ACSOL@11
 2998     0.00      951.828        0.025        0.047           2627        0.01        0.02    ACSOL@8
 2999     0.00      951.828        0.025        0.047           2590        0.01        0.02    ACSOL@21
 3000     0.00      951.853        0.025        0.428             37        0.68       11.56    APL_ARPEGE_DEEP_CONVECTION_PARALLEL:ACUPTQ:COMPUTE@1
 3001     0.00      951.878        0.025        0.025             36        0.70        0.70    SPCHORmval@1
 3002     0.00      951.878        0.025        0.049           2627        0.01        0.02    ACSOL@12
 3003     0.00      951.878        0.025        0.029          12950        0.00        0.00    ACNPART_CLOUD_COVER@31
 3004     0.00      951.878        0.025        0.047           2590        0.01        0.02    ACSOL@18
 3005     0.00      951.878        0.025        0.047           2590        0.01        0.02    ACSOL@22
 3006     0.00      951.878        0.025        0.047           2590        0.01        0.02    ACSOL@19
 3007     0.00      951.878        0.025        0.048           2590        0.01        0.02    ACSOL@29
 3008     0.00      951.878        0.025        0.026           2627        0.01        0.01    CUDLFSN@11
 3009     0.00      951.903        0.025        0.029          15764        0.00        0.00    radiation_aerosol:deallocate_aerosol_arrays_CPU@1
 3010     0.00      951.903        0.025        0.047           2590        0.01        0.02    ACSOL@26
 3011     0.00      951.903        0.025        0.047           2627        0.01        0.02    ACSOL@2
 3012     0.00      951.903        0.025        0.047           2590        0.01        0.02    ACSOL@30
 3013     0.00      951.928        0.025        2.065             37        0.67       55.82    CPG_SL1B_TYPE_SHUFFLE_HOST_PARALLEL@1
 3014     0.00      951.928        0.025        0.043           2590        0.01        0.02    ACSOL@32
 3015     0.00      951.928        0.025        0.047           2590        0.01        0.02    ACSOL@16
 3016     0.00      951.928        0.025        0.047           2590        0.01        0.02    ACSOL@23
 3017     0.00      951.928        0.025        0.048           2590        0.01        0.02    ACSOL@28
 3018     0.00      951.928        0.025        0.047           2590        0.01        0.02    ACSOL@13
 3019     0.00      951.953        0.025        0.915             74        0.33       12.37    GPMPFC_EXPL_PARALLEL:1:COMPUTE@1
 3020     0.00      951.953        0.025        0.047           2590        0.01        0.02    ACSOL@15
 3021     0.00      951.953        0.025        0.044           2627        0.01        0.02    ACSOL@1
 3022     0.00      951.953        0.025        0.048           2590        0.01        0.02    ACSOL@20
 3023     0.00      951.953        0.025        0.047           2627        0.01        0.02    ACSOL@10
 3024     0.00      951.953        0.025        0.046           2590        0.01        0.02    ACSOL@24
 3025     0.00      951.953        0.024        0.047           2590        0.01        0.02    ACSOL@14
 3026     0.00      951.953        0.024        0.046           2590        0.01        0.02    ACSOL@27
 3027     0.00      951.953        0.024        0.048           2627        0.01        0.02    ACSOL@7
 3028     0.00      951.953        0.024        0.047           2627        0.01        0.02    ACSOL@4
 3029     0.00      951.953        0.024        0.045           2590        0.01        0.02    ACSOL@31
 3030     0.00      951.953        0.024        0.047           2590        0.01        0.02    ACSOL@17
 3031     0.00      951.953        0.024        0.025           2590        0.01        0.01    CUDLFSN@17
 3032     0.00      951.953        0.024        0.048           2627        0.01        0.02    ACSOL@3
 3033     0.00      951.953        0.024        0.025           2590        0.01        0.01    CUDLFSN@13
 3034     0.00      951.953        0.024        0.025           2627        0.01        0.01    CUDLFSN@12
 3035     0.00      951.953        0.024        0.025           2590        0.01        0.01    CUDLFSN@14
 3036     0.00      951.953        0.024        0.025           2590        0.01        0.01    CUDLFSN@15
 3037     0.00      951.953        0.024        0.025           2590        0.01        0.01    CUDLFSN@18
 3038     0.00      951.953        0.024        0.046           2627        0.01        0.02    ACSOL@6
 3039     0.00      951.953        0.024        0.025           2590        0.01        0.01    CUDLFSN@19
 3040     0.00      951.976        0.024        0.024             13        1.82        1.82    GRIB_API:IGRIB_SET_CHAR@1
 3041     0.00      951.976        0.024        0.025           2590        0.01        0.01    CUDLFSN@16
 3042     0.00      951.976        0.024        0.046           2590        0.01        0.02    ACSOL@25
 3043     0.00      951.976        0.023        0.025           2590        0.01        0.01    CUDLFSN@32
 3044     0.00      951.976        0.023        0.046           2627        0.01        0.02    ACSOL@5
 3045     0.00      951.976        0.023        0.024           2590        0.01        0.01    CUDLFSN@20
 3046     0.00      951.976        0.023        0.024           2590        0.01        0.01    CUDLFSN@31
 3047     0.00      951.976        0.023        0.024           2590        0.01        0.01    CUDLFSN@21
 3048     0.00      951.976        0.023        0.024           2590        0.01        0.01    CUDLFSN@29
 3049     0.00      952.000        0.023        0.023             37        0.62        0.62    APL_ARPEGE_ALBEDO_COMPUTATION_PARALLEL:0:COMPUTE@1
 3050     0.00      952.000        0.023        0.024           2590        0.01        0.01    CUDLFSN@22
 3051     0.00      952.000        0.023        0.024           2590        0.01        0.01    CUDLFSN@25
 3052     0.00      952.000        0.023        0.024           2590        0.01        0.01    CUDLFSN@24
 3053     0.00      952.000        0.023        0.024           2590        0.01        0.01    CUDLFSN@28
 3054     0.00      952.000        0.023        0.024           2590        0.01        0.01    CUDLFSN@26
 3055     0.00      952.022        0.023        0.027          15764        0.00        0.00    radiation_aerosol:allocate_aerosol_arrays_CPU@1
 3056     0.00      952.022        0.023        0.024           2590        0.01        0.01    CUDLFSN@23
 3057     0.00      952.022        0.023        0.024           2590        0.01        0.01    CUDLFSN@27
 3058     0.00      952.022        0.023        0.024           2590        0.01        0.01    CUDLFSN@30
 3059     0.00      952.044        0.022        0.638             74        0.30        8.62    LAPINEB_PARALLEL:ROTUVGEO:COMPUTE@1
 3060     0.00      952.066        0.022        0.022             36        0.60        0.60    CPCFU_PARALLEL:0:COMPUTE@1
 3061     0.00      952.087        0.021        0.025          11260        0.00        0.00    SURFACE_FIELDS_MIX:GPOPER_3@1
 3062     0.00      952.109        0.021        0.023           2627        0.01        0.01   *ACDROV@4
 3063     0.00      952.109        0.021        0.023           2627        0.01        0.01    ACDROV@12
 3064     0.00      952.109        0.021        0.023           2627        0.01        0.01    ACDROV@11
 3065     0.00      952.109        0.021        0.023           2627        0.01        0.01    ACDROV@10
 3066     0.00      952.109        0.021        0.023           2590        0.01        0.01    ACDROV@13
 3067     0.00      952.109        0.021        0.022           2627        0.01        0.01    ACDROV@2
 3068     0.00      952.109        0.021        0.022           2590        0.01        0.01    ACDROV@15
 3069     0.00      952.109        0.021        0.023           2590        0.01        0.01    ACDROV@14
 3070     0.00      952.109        0.021        0.023           2627        0.01        0.01    ACDROV@7
 3071     0.00      952.109        0.021        0.022           2590        0.01        0.01    ACDROV@16
 3072     0.00      952.109        0.021        0.022           2627        0.01        0.01    ACDROV@3
 3073     0.00      952.130        0.021        0.022           2627        0.01        0.01   *ACSOLW@3
 3074     0.00      952.130        0.021        0.023           2627        0.01        0.01    ACDROV@9
 3075     0.00      952.130        0.021        0.022           2590        0.01        0.01    ACSOLW@20
 3076     0.00      952.130        0.021        0.022           2627        0.01        0.01    ACDROV@1
 3077     0.00      952.130        0.021        0.022           2627        0.01        0.01    ACDROV@8
 3078     0.00      952.130        0.021        0.022           2627        0.01        0.01    ACDROV@5
 3079     0.00      952.130        0.021        0.022           2627        0.01        0.01    ACDROV@6
 3080     0.00      952.151        0.021        0.021             36        0.58        0.58    CPCFU_PARALLEL:2:COMPUTE@1
 3081     0.00      952.151        0.021        0.022           2627        0.01        0.01    ACSOLW@12
 3082     0.00      952.172        0.021        0.021             37        0.56        0.56    CPG_GP_PARALLEL:SET1TO0:COMPUTE@1
 3083     0.00      952.192        0.021        0.580           2627        0.01        0.22   *GPGW@9
 3084     0.00      952.192        0.021        0.022           2627        0.01        0.01    ACSOLW@11
 3085     0.00      952.192        0.021        0.022           2627        0.01        0.01    ACSOLW@7
 3086     0.00      952.192        0.021        0.579           2627        0.01        0.22    GPGW@12
 3087     0.00      952.192        0.021        0.022           2627        0.01        0.01    ACSOLW@5
 3088     0.00      952.192        0.021        0.022           2590        0.01        0.01    ACSOLW@28
 3089     0.00      952.192        0.021        0.581           2627        0.01        0.22    GPGW@10
 3090     0.00      952.213        0.020      897.794             37        0.55    24264.70    GP_MODEL@1
 3091     0.00      952.213        0.020        0.022           2627        0.01        0.01    ACSOLW@9
 3092     0.00      952.233        0.020        0.020              1       20.41       20.41    KPP_WSCALE_MOD:KPP_WSCALE@1
 3093     0.00      952.233        0.020        0.573           2590        0.01        0.22    GPGW@17
 3094     0.00      952.233        0.020        0.572           2590        0.01        0.22    GPGW@21
 3095     0.00      952.233        0.020        0.581           2627        0.01        0.22    GPGW@5
 3096     0.00      952.233        0.020        0.579           2627        0.01        0.22    GPGW@11
 3097     0.00      952.233        0.020        0.580           2627        0.01        0.22    GPGW@7
 3098     0.00      952.233        0.020        0.580           2627        0.01        0.22    GPGW@6
 3099     0.00      952.233        0.020        0.573           2590        0.01        0.22    GPGW@14
 3100     0.00      952.233        0.020        0.021           2590        0.01        0.01    ACSOLW@13
 3101     0.00      952.233        0.020        0.579           2627        0.01        0.22    GPGW@8
 3102     0.00      952.233        0.020        0.572           2590        0.01        0.22    GPGW@20
 3103     0.00      952.233        0.020        0.021           2627        0.01        0.01    ACSOLW@6
 3104     0.00      952.233        0.020        0.574           2590        0.01        0.22    GPGW@23
 3105     0.00      952.233        0.020        0.572           2590        0.01        0.22    GPGW@19
 3106     0.00      952.233        0.020        0.572           2590        0.01        0.22    GPGW@18
 3107     0.00      952.233        0.020        0.574           2590        0.01        0.22    GPGW@13
 3108     0.00      952.233        0.020        0.571           2590        0.01        0.22    GPGW@15
 3109     0.00      952.233        0.020        0.573           2590        0.01        0.22    GPGW@16
 3110     0.00      952.233        0.020        0.572           2590        0.01        0.22    GPGW@28
 3111     0.00      952.233        0.020        0.573           2590        0.01        0.22    GPGW@31
 3112     0.00      952.233        0.020        0.021           2627        0.01        0.01    ACSOLW@10
 3113     0.00      952.233        0.020        0.021           2590        0.01        0.01    ACSOLW@17
 3114     0.00      952.233        0.020        0.021           2590        0.01        0.01    ACSOLW@25
 3115     0.00      952.233        0.020        0.583           2627        0.01        0.22    GPGW@2
 3116     0.00      952.233        0.020        0.570           2590        0.01        0.22    GPGW@32
 3117     0.00      952.233        0.020        0.580           2627        0.01        0.22    GPGW@1
 3118     0.00      952.233        0.020        0.021           2590        0.01        0.01    ACSOLW@14
 3119     0.00      952.233        0.020        0.021           2590        0.01        0.01    ACSOLW@29
 3120     0.00      952.233        0.020        0.021           2590        0.01        0.01    ACSOLW@16
 3121     0.00      952.233        0.020        0.021           2627        0.01        0.01    ACSOLW@8
 3122     0.00      952.233        0.020        0.573           2590        0.01        0.22    GPGW@25
 3123     0.00      952.253        0.020        3.900             37        0.54      105.41    APL_ARPEGE_DEEP_CONVECTION_PARALLEL:CUCALLN_MF:COMPUTE@1
 3124     0.00      952.253        0.020        0.572           2590        0.01        0.22    GPGW@29
 3125     0.00      952.253        0.020        0.573           2590        0.01        0.22    GPGW@22
 3126     0.00      952.253        0.020        0.579           2627        0.01        0.22    GPGW@4
 3127     0.00      952.253        0.020        0.579           2627        0.01        0.22    GPGW@3
 3128     0.00      952.253        0.020        0.572           2590        0.01        0.22    GPGW@27
 3129     0.00      952.253        0.020        0.573           2590        0.01        0.22    GPGW@30
 3130     0.00      952.253        0.020        0.021           2590        0.01        0.01    ACSOLW@15
 3131     0.00      952.253        0.020        0.572           2590        0.01        0.22    GPGW@26
 3132     0.00      952.253        0.020        0.021           2590        0.01        0.01    ACSOLW@19
 3133     0.00      952.253        0.020        0.021           2590        0.01        0.01    ACSOLW@22
 3134     0.00      952.253        0.020        0.021           2590        0.01        0.01    ACSOLW@23
 3135     0.00      952.253        0.020        0.021           2590        0.01        0.01    ACSOLW@21
 3136     0.00      952.253        0.020        0.021           2627        0.01        0.01    ACSOLW@4
 3137     0.00      952.253        0.020        0.571           2590        0.01        0.22    GPGW@24
 3138     0.00      952.253        0.020        0.021           2627        0.01        0.01    ACSOLW@2
 3139     0.00      952.253        0.020        0.021           2590        0.01        0.01    ACSOLW@24
 3140     0.00      952.253        0.019        0.021           2590        0.01        0.01    ACSOLW@30
 3141     0.00      952.253        0.019        0.021           2590        0.01        0.01    ACSOLW@18
 3142     0.00      952.253        0.019        0.021           2590        0.01        0.01    ACSOLW@27
 3143     0.00      952.253        0.019        0.021           2590        0.01        0.01    FL2HL@31
 3144     0.00      952.253        0.019        0.020           2590        0.01        0.01    ACSOLW@26
 3145     0.00      952.272        0.019        0.023          15764        0.00        0.00    radiation_gas:deallocate_gas_CPU@1
 3146     0.00      952.272        0.019        0.020           2590        0.01        0.01    FL2HL@32
 3147     0.00      952.291        0.019        0.970             37        0.51       26.21    APL_ARPEGE_PARALLEL:APLPAR_INIT:COMPUTE@1
 3148     0.00      952.291        0.019        0.020           2590        0.01        0.01    FL2HL@29
 3149     0.00      952.291        0.019        0.020           2590        0.01        0.01    FL2HL@27
 3150     0.00      952.310        0.019        0.020           2627        0.01        0.01   *GP_SPV@9
 3151     0.00      952.310        0.019        0.020           2627        0.01        0.01    GP_SPV@12
 3152     0.00      952.310        0.019        0.020           2590        0.01        0.01    FL2HL@28
 3153     0.00      952.310        0.019        0.020           2590        0.01        0.01    FL2HL@30
 3154     0.00      952.310        0.019        0.020           2627        0.01        0.01    GP_SPV@10
 3155     0.00      952.310        0.019        0.020           2590        0.01        0.01    FL2HL@26
 3156     0.00      952.310        0.019        0.020           2627        0.01        0.01    GP_SPV@11
 3157     0.00      952.310        0.018        0.020           2590        0.01        0.01    FL2HL@21
 3158     0.00      952.328        0.018        0.018             37        0.50        0.50    CPG_DIA_FLU_PARALLEL:4:COMPUTE@1
 3159     0.00      952.328        0.018        0.020           2590        0.01        0.01    FL2HL@25
 3160     0.00      952.328        0.018        0.019           2627        0.01        0.01    GP_SPV@1
 3161     0.00      952.328        0.018        0.019           2590        0.01        0.01    GP_SPV@14
 3162     0.00      952.328        0.018        0.019           2627        0.01        0.01    GP_SPV@7
 3163     0.00      952.328        0.018        0.019           2627        0.01        0.01    GP_SPV@8
 3164     0.00      952.328        0.018        0.019           2590        0.01        0.01    GP_SPV@16
 3165     0.00      952.328        0.018        0.019           2627        0.01        0.01    GP_SPV@5
 3166     0.00      952.328        0.018        0.019           2627        0.01        0.01    GP_SPV@3
 3167     0.00      952.328        0.018        0.019           2590        0.01        0.01    FL2HL@22
 3168     0.00      952.328        0.018        0.019           2590        0.01        0.01    FL2HL@24
 3169     0.00      952.328        0.018        0.019           2590        0.01        0.01    FL2HL@23
 3170     0.00      952.328        0.018        0.019           2627        0.01        0.01    GP_SPV@4
 3171     0.00      952.328        0.018        0.019           2627        0.01        0.01    GP_SPV@2
 3172     0.00      952.328        0.018        0.019           2590        0.01        0.01    GP_SPV@15
 3173     0.00      952.328        0.018        0.019           2627        0.01        0.01    GP_SPV@6
 3174     0.00      952.328        0.018        0.019           2590        0.01        0.01    GP_SPV@13
 3175     0.00      952.346        0.018        0.022          15764        0.00        0.00    radiation_cloud:create_fractional_std_CPU@1
 3176     0.00      952.346        0.018        0.019           2590        0.01        0.01    ACSOLW@31
 3177     0.00      952.346        0.018        0.019           2590        0.01        0.01    FL2HL@19
 3178     0.00      952.346        0.018        0.019           2590        0.01        0.01    FL2HL@20
 3179     0.00      952.346        0.018        0.019           2590        0.01        0.01    ACDROV@32
 3180     0.00      952.346        0.017        0.018           2590        0.01        0.01    FL2HL@17
 3181     0.00      952.346        0.017        0.018           2590        0.01        0.01    ACDROV@24
 3182     0.00      952.346        0.017        0.018           2590        0.01        0.01    FL2HL@18
 3183     0.00      952.346        0.017        0.019           2590        0.01        0.01    ACDROV@31
 3184     0.00      952.346        0.017        0.018           2590        0.01        0.01    ACDROV@27
 3185     0.00      952.346        0.017        0.018           2590        0.01        0.01    ACDROV@25
 3186     0.00      952.346        0.017        0.018           2590        0.01        0.01    ACDROV@22
 3187     0.00      952.346        0.017        0.019           2590        0.01        0.01    ACDROV@29
 3188     0.00      952.346        0.017        0.018           2590        0.01        0.01    ACDROV@26
 3189     0.00      952.346        0.017        0.018           2590        0.01        0.01    ACDROV@23
 3190     0.00      952.346        0.017        0.018           2590        0.01        0.01    ACDROV@30
 3191     0.00      952.346        0.017        0.018           2590        0.01        0.01    ACDROV@18
 3192     0.00      952.346        0.017        0.018           2590        0.01        0.01    ACDROV@21
 3193     0.00      952.346        0.017        0.018           2590        0.01        0.01    ACDROV@17
 3194     0.00      952.346        0.017        0.019           2590        0.01        0.01    ACDROV@28
 3195     0.00      952.363        0.017        0.017              1       16.95       16.95    YOMCLIM:READ_GHG_CLIMATOLOGY@1
 3196     0.00      952.363        0.017        0.018           2590        0.01        0.01    ACDROV@20
 3197     0.00      952.363        0.017        0.018           2627        0.01        0.01    ACSOLW@1
 3198     0.00      952.363        0.017        0.018           2590        0.01        0.01    ACDROV@19
 3199     0.00      952.380        0.017        0.021          15764        0.00        0.00    radiation_flux:calc_toa_spectral_CPU@1
 3200     0.00      952.396        0.017        0.018           2590        0.01        0.01   *ACVEG@16
 3201     0.00      952.413        0.016       79.420              1       16.34    79420.44    STEPX@1
 3202     0.00      952.413        0.016        0.017           2590        0.01        0.01    ACSOLW@32
 3203     0.00      952.413        0.016        0.017           2590        0.01        0.01    ACVEG@22
 3204     0.00      952.413        0.016        0.017           2627        0.01        0.01    ACVEG@12
 3205     0.00      952.413        0.016        0.017           2590        0.01        0.01    ACVEG@18
 3206     0.00      952.413        0.016        0.017           2627        0.01        0.01    ACVEG@11
 3207     0.00      952.413        0.016        0.017           2590        0.01        0.01    ACVEG@14
 3208     0.00      952.429        0.016        0.435             37        0.43       11.77    APL_ARPEGE_PARALLEL:ACDRAG:COMPUTE@1
 3209     0.00      952.429        0.016        0.017           2590        0.01        0.01    ACVEG@19
 3210     0.00      952.429        0.016        0.017           2590        0.01        0.01    ACVEG@20
 3211     0.00      952.429        0.016        0.017           2627        0.01        0.01    ACVEG@7
 3212     0.00      952.429        0.016        0.017           2627        0.01        0.01    ACVEG@10
 3213     0.00      952.429        0.016        0.017           2590        0.01        0.01    ACVEG@21
 3214     0.00      952.429        0.016        0.017           2590        0.01        0.01    GP_SPV@30
 3215     0.00      952.429        0.016        0.017           2627        0.01        0.01    ACVEG@8
 3216     0.00      952.429        0.016        0.017           2627        0.01        0.01    ACVEG@2
 3217     0.00      952.429        0.016        0.017           2590        0.01        0.01    GP_SPV@20
 3218     0.00      952.429        0.016        0.017           2627        0.01        0.01    ACVEG@6
 3219     0.00      952.429        0.016        0.017           2590        0.01        0.01    GP_SPV@29
 3220     0.00      952.429        0.016        0.017           2590        0.01        0.01    ACVEG@32
 3221     0.00      952.429        0.016        0.017           2590        0.01        0.01    GP_SPV@31
 3222     0.00      952.429        0.016        0.017           2590        0.01        0.01    GP_SPV@28
 3223     0.00      952.429        0.016        0.017           2590        0.01        0.01    ACVEG@15
 3224     0.00      952.429        0.016        0.017           2590        0.01        0.01    GP_SPV@32
 3225     0.00      952.429        0.016        0.017           2590        0.01        0.01    GP_SPV@24
 3226     0.00      952.429        0.016        0.017           2590        0.01        0.01    ACVEG@24
 3227     0.00      952.429        0.016        0.017           2590        0.01        0.01    GP_SPV@25
 3228     0.00      952.429        0.016        0.017           2590        0.01        0.01    GP_SPV@23
 3229     0.00      952.429        0.016        0.017           2590        0.01        0.01    ACVEG@23
 3230     0.00      952.429        0.016        0.017           2590        0.01        0.01    GP_SPV@19
 3231     0.00      952.429        0.016        0.017           2590        0.01        0.01    GP_SPV@17
 3232     0.00      952.429        0.016        0.017           2590        0.01        0.01    GP_SPV@18
 3233     0.00      952.429        0.016        0.017           2590        0.01        0.01    GP_SPV@22
 3234     0.00      952.429        0.016        0.017           2590        0.01        0.01    ACVEG@28
 3235     0.00      952.429        0.015        0.017           2590        0.01        0.01    GP_SPV@27
 3236     0.00      952.429        0.015        0.017           2590        0.01        0.01    ACVEG@30
 3237     0.00      952.429        0.015        0.017           2590        0.01        0.01    ACVEG@26
 3238     0.00      952.429        0.015        0.017           2590        0.01        0.01    ACVEG@27
 3239     0.00      952.429        0.015        0.017           2590        0.01        0.01    GP_SPV@26
 3240     0.00      952.444        0.015        0.070             37        0.42        1.88    APL_ARPEGE_PARALLEL:ACHMT:COMPUTE@1
 3241     0.00      952.460        0.015       27.799             37        0.41      751.31    ACVPPKF_PARALLEL:PART2:COMPUTE@1
 3242     0.00      952.460        0.015        0.016           2590        0.01        0.01    ACVEG@25
 3243     0.00      952.475        0.015        0.015              1       15.30       15.33    SUECOZC@1
 3244     0.00      952.475        0.015        0.017           2590        0.01        0.01    ACVEG@29
 3245     0.00      952.490        0.015        0.080             37        0.41        2.17    APL_WIND_GUST_PARALLEL:ACCLDIA:COMPUTE@1
 3246     0.00      952.490        0.015        0.016           2590        0.01        0.01    GP_SPV@21
 3247     0.00      952.490        0.015        0.016           2627        0.01        0.01    ACVEG@9
 3248     0.00      952.505        0.015        0.016           2627        0.01        0.01   *LAMAXWIND@9
 3249     0.00      952.505        0.015        0.016           2627        0.01        0.01    LAMAXWIND@10
 3250     0.00      952.520        0.015        0.463             37        0.40       12.52    APL_ARPEGE_PARALLEL:CPPHINP:COMPUTE@1
 3251     0.00      952.520        0.015        0.016           2590        0.01        0.01    ACVEG@31
 3252     0.00      952.520        0.015        0.016           2627        0.01        0.01    ACVEG@5
 3253     0.00      952.520        0.015        0.016           2590        0.01        0.01    ACVEG@13
 3254     0.00      952.520        0.015        0.016           2627        0.01        0.01    LAMAXWIND@12
 3255     0.00      952.520        0.015        0.016           2590        0.01        0.01    LAMAXWIND@13
 3256     0.00      952.520        0.015        0.016           2590        0.01        0.01    LAMAXWIND@21
 3257     0.00      952.535        0.015        0.028             37        0.40        0.74    APL_ARPEGE_SOIL_HYDRO_PARALLEL:ACVEG:COMPUTE@1
 3258     0.00      952.535        0.015        0.016           2627        0.01        0.01    LAMAXWIND@11
 3259     0.00      952.535        0.015        0.016           2627        0.01        0.01    LAMAXWIND@7
 3260     0.00      952.549        0.015        0.016           2627        0.01        0.01   *GPTF2_EXPL_2TL@11
 3261     0.00      952.549        0.015        0.016           2590        0.01        0.01    LAMAXWIND@26
 3262     0.00      952.549        0.015        0.016           2627        0.01        0.01    GPTF2_EXPL_2TL@10
 3263     0.00      952.549        0.014        0.016           2627        0.01        0.01    GPTF2_EXPL_2TL@12
 3264     0.00      952.549        0.014        0.016           2627        0.01        0.01    LAMAXWIND@6
 3265     0.00      952.549        0.014        0.015           2590        0.01        0.01    GPTF2_EXPL_2TL@15
 3266     0.00      952.549        0.014        0.015           2627        0.01        0.01    GPTF2_EXPL_2TL@9
 3267     0.00      952.564        0.014       10.736             37        0.39      290.16    CPG_GP_PARALLEL@1
 3268     0.00      952.564        0.014        0.016           2590        0.01        0.01    GPTF2_EXPL_2TL@14
 3269     0.00      952.564        0.014        0.016           2590        0.01        0.01    LAMAXWIND@20
 3270     0.00      952.564        0.014        0.015           2627        0.01        0.01    GPTF2_EXPL_2TL@8
 3271     0.00      952.564        0.014        0.015           2590        0.01        0.01    ACVEG@17
 3272     0.00      952.564        0.014        0.015           2590        0.01        0.01    LAMAXWIND@25
 3273     0.00      952.564        0.014        0.015           2590        0.01        0.01    GPTF2_EXPL_2TL@16
 3274     0.00      952.564        0.014        0.015           2590        0.01        0.01    GPTF2_EXPL_2TL@13
 3275     0.00      952.564        0.014        0.015           2627        0.01        0.01    GPTF2_EXPL_2TL@4
 3276     0.00      952.564        0.014        0.015           2627        0.01        0.01    GPTF2_EXPL_2TL@7
 3277     0.00      952.564        0.014        0.015           2627        0.01        0.01    LAMAXWIND@5
 3278     0.00      952.564        0.014        0.015           2627        0.01        0.01    LAMAXWIND@8
 3279     0.00      952.564        0.014        0.015           2590        0.01        0.01    LAMAXWIND@16
 3280     0.00      952.564        0.014        0.015           2590        0.01        0.01    LAMAXWIND@22
 3281     0.00      952.564        0.014        0.015           2590        0.01        0.01    LAMAXWIND@31
 3282     0.00      952.564        0.014        0.015           2627        0.01        0.01    GPTF2_EXPL_2TL@3
 3283     0.00      952.564        0.014        0.015           2590        0.01        0.01    LAMAXWIND@14
 3284     0.00      952.564        0.014        0.015           2627        0.01        0.01    GPTF2_EXPL_2TL@2
 3285     0.00      952.564        0.014        0.015           2590        0.01        0.01    LAMAXWIND@28
 3286     0.00      952.564        0.014        0.015           2590        0.01        0.01    LAMAXWIND@27
 3287     0.00      952.564        0.014        0.015           2590        0.01        0.01    LAMAXWIND@17
 3288     0.00      952.564        0.014        0.015           2627        0.01        0.01    LAMAXWIND@1
 3289     0.00      952.564        0.014        0.015           2627        0.01        0.01    GPTF2_EXPL_2TL@1
 3290     0.00      952.564        0.014        0.015           2590        0.01        0.01    LAMAXWIND@15
 3291     0.00      952.564        0.014        0.015           2627        0.01        0.01    GPTF2_EXPL_2TL@5
 3292     0.00      952.564        0.014        0.015           2627        0.01        0.01    GPTF2_EXPL_2TL@6
 3293     0.00      952.564        0.014        0.015           2627        0.01        0.01    ACVEG@4
 3294     0.00      952.564        0.014        0.015           2627        0.01        0.01    LAMAXWIND@4
 3295     0.00      952.564        0.014        0.015           2627        0.01        0.01    ACVEG@3
 3296     0.00      952.564        0.014        0.015           2590        0.01        0.01    LAMAXWIND@24
 3297     0.00      952.564        0.014        0.015           2590        0.01        0.01    LAMAXWIND@23
 3298     0.00      952.564        0.014        0.015           2590        0.01        0.01    LAMAXWIND@19
 3299     0.00      952.564        0.014        0.015           2627        0.01        0.01    LAMAXWIND@3
 3300     0.00      952.564        0.014        0.015           2590        0.01        0.01    LAMAXWIND@32
 3301     0.00      952.564        0.014        0.015           2590        0.01        0.01    LAMAXWIND@29
 3302     0.00      952.564        0.014        0.015           2590        0.01        0.01    LAMAXWIND@18
 3303     0.00      952.564        0.014        0.015           2627        0.01        0.01    LAMAXWIND@2
 3304     0.00      952.577        0.013        0.014             37        0.36        0.37    LAVABO_PARALLEL:0:COMPUTE@1
 3305     0.00      952.577        0.013        0.015           2590        0.01        0.01    LAMAXWIND@30
 3306     0.00      952.591        0.013        0.100             37        0.36        2.70    APL_ARPEGE_OCEANIC_FLUXES_PARALLEL:ACFLUSO:COMPUTE@1
 3307     0.00      952.604        0.013        0.013             36        0.37        0.37    APL_ARPEGE_RADIATION_PARALLEL:SUNSHINE:COMPUTE@1
 3308     0.00      952.617        0.013        1.135             37        0.35       30.67    CPG_GP_HYD_PARALLEL:0@1
 3309     0.00      952.629        0.013        0.013              1       12.51       12.51    SUGEM2_YRGSGEOM@1
 3310     0.00      952.629        0.012        0.014           2590        0.00        0.01    GPTF2_EXPL_2TL@28
 3311     0.00      952.629        0.012        0.013           2590        0.00        0.01    GPTF2_EXPL_2TL@26
 3312     0.00      952.629        0.012        0.013           2590        0.00        0.01    GPTF2_EXPL_2TL@25
 3313     0.00      952.629        0.012        0.013           2590        0.00        0.01    GPTF2_EXPL_2TL@29
 3314     0.00      952.629        0.012        0.013           2590        0.00        0.00    GPTF2_EXPL_2TL@23
 3315     0.00      952.629        0.012        0.013           2590        0.00        0.01    GPTF2_EXPL_2TL@21
 3316     0.00      952.629        0.012        0.013           2590        0.00        0.00    GPTF2_EXPL_2TL@24
 3317     0.00      952.629        0.012        0.013           2627        0.00        0.00    ACVEG@1
 3318     0.00      952.629        0.012        0.013           2590        0.00        0.01    GPTF2_EXPL_2TL@22
 3319     0.00      952.629        0.012        0.013           2590        0.00        0.00    GPTF2_EXPL_2TL@27
 3320     0.00      952.629        0.012        0.013           2590        0.00        0.00    GPTF2_EXPL_2TL@17
 3321     0.00      952.629        0.012        0.013           2590        0.00        0.00    GPTF2_EXPL_2TL@30
 3322     0.00      952.629        0.012        0.013           2590        0.00        0.00    GPTF2_EXPL_2TL@20
 3323     0.00      952.629        0.012        0.013           2590        0.00        0.00    GPTF2_EXPL_2TL@31
 3324     0.00      952.629        0.012        0.013           2590        0.00        0.00    GPTF2_EXPL_2TL@18
 3325     0.00      952.629        0.012        0.013           2590        0.00        0.00    GPTF2_EXPL_2TL@19
 3326     0.00      952.629        0.012        0.013           2590        0.00        0.00    GPTF2_EXPL_2TL@32
 3327     0.00      952.641        0.012        0.053           2590        0.00        0.02   *ACNPART@30
 3328     0.00      952.652        0.011        0.157              7        1.62       22.39    APL_ARPEGE_AEROSOLS_FOR_RADIATION_PARALLEL:RADAER:COMPUTE@1
 3329     0.00      952.663        0.011        0.015          13512        0.00        0.00    SURFACE_FIELDS_MIX:GPOPER_2@1
 3330     0.00      952.674        0.011       22.500             36        0.31      625.00    SPCMNEW@1
 3331     0.00      952.685        0.011        0.011             36        0.31        0.31    CPG_END_SFC_PARALLEL:SET0TO1:COMPUTE@1
 3332     0.00      952.685        0.011        0.052           2590        0.00        0.02    ACNPART@24
 3333     0.00      952.685        0.011        0.052           2590        0.00        0.02    ACNPART@18
 3334     0.00      952.685        0.011        0.051           2590        0.00        0.02    ACNPART@29
 3335     0.00      952.685        0.011        0.051           2590        0.00        0.02    ACNPART@22
 3336     0.00      952.696        0.011        0.012           2590        0.00        0.00   *CPWTS@16
 3337     0.00      952.696        0.011        0.012           2627        0.00        0.00    CPWTS@10
 3338     0.00      952.696        0.011        0.012           2590        0.00        0.00    CPWTS@14
 3339     0.00      952.696        0.011        0.012           2627        0.00        0.00    CPWTS@7
 3340     0.00      952.696        0.011        0.051           2590        0.00        0.02    ACNPART@23
 3341     0.00      952.696        0.011        0.012           2590        0.00        0.00    CPWTS@15
 3342     0.00      952.696        0.011        0.051           2590        0.00        0.02    ACNPART@26
 3343     0.00      952.696        0.011        0.052           2590        0.00        0.02    ACNPART@27
 3344     0.00      952.696        0.011        0.012           2627        0.00        0.00    CPWTS@11
 3345     0.00      952.696        0.011        0.012           2627        0.00        0.00    CPWTS@6
 3346     0.00      952.696        0.011        0.012           2627        0.00        0.00    CPWTS@9
 3347     0.00      952.696        0.011        0.051           2590        0.00        0.02    ACNPART@21
 3348     0.00      952.696        0.011        0.012           2627        0.00        0.00    CPWTS@3
 3349     0.00      952.696        0.011        0.012           2627        0.00        0.00    CPWTS@12
 3350     0.00      952.696        0.011        0.012           2627        0.00        0.00    CPWTS@2
 3351     0.00      952.696        0.011        0.012           2627        0.00        0.00    CPWTS@8
 3352     0.00      952.696        0.011        0.051           2590        0.00        0.02    ACNPART@17
 3353     0.00      952.696        0.011        0.012           2590        0.00        0.00    CPWTS@13
 3354     0.00      952.696        0.011        0.051           2590        0.00        0.02    ACNPART@19
 3355     0.00      952.707        0.011        0.011             36        0.30        0.30    CPCFU_PARALLEL:3:COMPUTE@1
 3356     0.00      952.707        0.011        0.012           2590        0.00        0.00    CPWTS@28
 3357     0.00      952.707        0.011        0.012           2627        0.00        0.00    CPWTS@4
 3358     0.00      952.707        0.011        0.012           2590        0.00        0.00    CPWTS@30
 3359     0.00      952.707        0.011        0.050           2590        0.00        0.02    ACNPART@25
 3360     0.00      952.707        0.011        0.012           2627        0.00        0.00    CPWTS@5
 3361     0.00      952.707        0.011        0.012           2590        0.00        0.00    CPWTS@17
 3362     0.00      952.717        0.011        0.011              6        1.76        1.76    MINV_8:GECO@1
 3363     0.00      952.717        0.011        0.011           2590        0.00        0.00    CPWTS@32
 3364     0.00      952.717        0.011        0.012           2590        0.00        0.00    CPWTS@20
 3365     0.00      952.717        0.011        0.011           2590        0.00        0.00    CPWTS@18
 3366     0.00      952.717        0.011        0.011           2590        0.00        0.00    CPWTS@26
 3367     0.00      952.717        0.011        0.011           2590        0.00        0.00    CPWTS@31
 3368     0.00      952.717        0.011        0.011           2590        0.00        0.00    CPWTS@27
 3369     0.00      952.717        0.010        0.011           2590        0.00        0.00    CPWTS@19
 3370     0.00      952.717        0.010        0.011           2590        0.00        0.00    CPWTS@24
 3371     0.00      952.717        0.010        0.050           2590        0.00        0.02    ACNPART@28
 3372     0.00      952.717        0.010        0.011           2590        0.00        0.00    CPWTS@25
 3373     0.00      952.717        0.010        0.011           2590        0.00        0.00    CPWTS@29
 3374     0.00      952.717        0.010        0.011           2590        0.00        0.00    CPWTS@23
 3375     0.00      952.717        0.010        0.011           2590        0.00        0.00    CPWTS@22
 3376     0.00      952.717        0.010        0.011           2590        0.00        0.00    CPWTS@21
 3377     0.00      952.717        0.010        0.051           2590        0.00        0.02    ACNPART@32
 3378     0.00      952.717        0.010        0.050           2590        0.00        0.02    ACNPART@20
 3379     0.00      952.728        0.010        0.010            198        0.05        0.05    SUHES@1
 3380     0.00      952.738        0.010        0.011           2627        0.00        0.00   *ACNPART_CONV_BASE_TOP@1
 3381     0.00      952.748        0.010        0.050           2252        0.00        0.02    SURFACE_FIELDS_MIX:GPOPER@1
 3382     0.00      952.748        0.010        0.049           2590        0.00        0.02    ACNPART@31
 3383     0.00      952.757        0.010        0.011           2590        0.00        0.00   *CPTENDS@25
 3384     0.00      952.757        0.010        0.011           2627        0.00        0.00    CPWTS@1
 3385     0.00      952.757        0.010        0.011           2590        0.00        0.00    CPTENDS@21
 3386     0.00      952.757        0.010        0.011           2590        0.00        0.00    CPTENDS@19
 3387     0.00      952.757        0.010        0.011           2590        0.00        0.00    CPTENDS@26
 3388     0.00      952.757        0.010        0.011           2590        0.00        0.00    CPTENDS@27
 3389     0.00      952.757        0.010        0.011           2627        0.00        0.00    CPTENDS@9
 3390     0.00      952.757        0.010        0.011           2590        0.00        0.00    CPTENDS@13
 3391     0.00      952.757        0.010        0.011           2627        0.00        0.00    CPTENDS@5
 3392     0.00      952.757        0.010        0.011           2590        0.00        0.00    CPTENDS@17
 3393     0.00      952.757        0.010        0.011           2590        0.00        0.00    CPTENDS@22
 3394     0.00      952.757        0.010        0.051           2627        0.00        0.02    ACNPART@9
 3395     0.00      952.757        0.010        0.011           2590        0.00        0.00    CPTENDS@28
 3396     0.00      952.757        0.010        0.011           2590        0.00        0.00    CPTENDS@14
 3397     0.00      952.757        0.010        0.011           2590        0.00        0.00    CPTENDS@20
 3398     0.00      952.757        0.010        0.011           2590        0.00        0.00    CPTENDS@29
 3399     0.00      952.757        0.010        0.051           2627        0.00        0.02    ACNPART@5
 3400     0.00      952.757        0.010        0.051           2627        0.00        0.02    ACNPART@12
 3401     0.00      952.757        0.010        0.010           2627        0.00        0.00    ACNPART_CONV_BASE_TOP@2
 3402     0.00      952.757        0.010        0.011           2590        0.00        0.00    CPTENDS@24
 3403     0.00      952.757        0.010        0.051           2627        0.00        0.02    ACNPART@7
 3404     0.00      952.757        0.010        0.050           2590        0.00        0.02    ACNPART@14
 3405     0.00      952.757        0.010        0.051           2627        0.00        0.02    ACNPART@6
 3406     0.00      952.757        0.009        0.011           2627        0.00        0.00    CPTENDS@7
 3407     0.00      952.757        0.009        0.010           2590        0.00        0.00    CPTENDS@31
 3408     0.00      952.757        0.009        0.051           2627        0.00        0.02    ACNPART@11
 3409     0.00      952.757        0.009        0.051           2627        0.00        0.02    ACNPART@8
 3410     0.00      952.757        0.009        0.010           2627        0.00        0.00    CPTENDS@12
 3411     0.00      952.757        0.009        0.010           2627        0.00        0.00    ACNPART_CONV_BASE_TOP@3
 3412     0.00      952.757        0.009        0.010           2590        0.00        0.00    CPTENDS@30
 3413     0.00      952.757        0.009        0.010           2590        0.00        0.00    CPTENDS@23
 3414     0.00      952.757        0.009        0.010           2627        0.00        0.00    CPTENDS@11
 3415     0.00      952.757        0.009        0.010           2627        0.00        0.00    CPTENDS@6
 3416     0.00      952.757        0.009        0.010           2627        0.00        0.00    CPTENDS@10
 3417     0.00      952.767        0.009        0.009              1        9.34        9.35    SPECTRAL_FIELDS_MOD:DEALLOCATE_SPEC@1
 3418     0.00      952.767        0.009        0.050           2590        0.00        0.02    ACNPART@16
 3419     0.00      952.767        0.009        0.010           2590        0.00        0.00    CPTENDS@15
 3420     0.00      952.767        0.009        0.051           2627        0.00        0.02    ACNPART@2
 3421     0.00      952.767        0.009        0.010           2590        0.00        0.00    CPTENDS@32
 3422     0.00      952.767        0.009        0.050           2590        0.00        0.02    ACNPART@13
 3423     0.00      952.767        0.009        0.051           2627        0.00        0.02    ACNPART@10
 3424     0.00      952.767        0.009        0.010           2627        0.00        0.00    CPTENDS@8
 3425     0.00      952.767        0.009        0.010           2627        0.00        0.00    ACNPART_CONV_BASE_TOP@5
 3426     0.00      952.767        0.009        0.050           2590        0.00        0.02    ACNPART@15
 3427     0.00      952.767        0.009        0.010           2590        0.00        0.00    CPTENDS@18
 3428     0.00      952.767        0.009        0.010           2627        0.00        0.00    ACNPART_CONV_BASE_TOP@4
 3429     0.00      952.767        0.009        0.010           2590        0.00        0.00    CPTENDS@16
 3430     0.00      952.767        0.009        0.010           2627        0.00        0.00    CPTENDS@4
 3431     0.00      952.767        0.009        0.051           2627        0.00        0.02    ACNPART@4
 3432     0.00      952.767        0.009        0.051           2627        0.00        0.02    ACNPART@3
 3433     0.00      952.767        0.009        0.010           2627        0.00        0.00    ACNPART_CONV_BASE_TOP@6
 3434     0.00      952.767        0.009        0.010           2590        0.00        0.00    ACNPART_CONV_BASE_TOP@30
 3435     0.00      952.767        0.009        0.010           2627        0.00        0.00    ACNPART_CONV_BASE_TOP@7
 3436     0.00      952.767        0.009        0.010           2627        0.00        0.00    CPTENDS@3
 3437     0.00      952.776        0.009        0.043             37        0.24        1.15    CPXFU_PARALLEL:4:COMPUTE@1
 3438     0.00      952.776        0.009        0.010           2627        0.00        0.00    CPTENDS@2
 3439     0.00      952.785        0.009        0.053             37        0.24        1.42    APL_ARPEGE_PARALLEL:ACSOL:COMPUTE@1
 3440     0.00      952.785        0.009        0.050           2627        0.00        0.02    ACNPART@1
 3441     0.00      952.785        0.009        0.010           2590        0.00        0.00    ACNPART_CONV_BASE_TOP@32
 3442     0.00      952.794        0.009        0.816            555        0.02        1.47    GPRCP_EXPL_PARALLEL:1@1
 3443     0.00      952.794        0.009        0.010           2627        0.00        0.00    ACNPART_CONV_BASE_TOP@8
 3444     0.00      952.794        0.009        0.010           2627        0.00        0.00    ACNPART_CONV_BASE_TOP@10
 3445     0.00      952.794        0.009        0.010           2627        0.00        0.00    ACNPART_CONV_BASE_TOP@9
 3446     0.00      952.794        0.009        0.010           2627        0.00        0.00    ACNPART_CONV_BASE_TOP@12
 3447     0.00      952.794        0.009        0.010           2590        0.00        0.00    ACNPART_CONV_BASE_TOP@27
 3448     0.00      952.794        0.009        0.010           2627        0.00        0.00    ACNPART_CONV_BASE_TOP@11
 3449     0.00      952.802        0.009      819.804             37        0.23    22156.88    SCAN2M@1
 3450     0.00      952.802        0.009        0.010           2627        0.00        0.00    CPTENDS@1
 3451     0.00      952.802        0.009        0.010           2590        0.00        0.00    ACNPART_CONV_BASE_TOP@24
 3452     0.00      952.802        0.009        0.009           2590        0.00        0.00    ACNPART_CONV_BASE_TOP@23
 3453     0.00      952.802        0.009        0.009           2590        0.00        0.00    ACNPART_CONV_BASE_TOP@15
 3454     0.00      952.802        0.009        0.009           2590        0.00        0.00    ACNPART_CONV_BASE_TOP@16
 3455     0.00      952.802        0.009        0.009           2590        0.00        0.00    ACNPART_CONV_BASE_TOP@17
 3456     0.00      952.811        0.009        0.009             37        0.23        0.23    APL_ARPEGE_INIT_PARALLEL:6:COMPUTE@1
 3457     0.00      952.811        0.009        0.009           2590        0.00        0.00    ACNPART_CONV_BASE_TOP@13
 3458     0.00      952.811        0.009        0.009           2590        0.00        0.00    ACNPART_CONV_BASE_TOP@14
 3459     0.00      952.811        0.008        0.009           2590        0.00        0.00    ACNPART_CONV_BASE_TOP@26
 3460     0.00      952.819        0.008        0.008             37        0.23        0.23    CPXFU_PARALLEL:3:COMPUTE@1
 3461     0.00      952.819        0.008        0.009           2590        0.00        0.00    ACNPART_CONV_BASE_TOP@18
 3462     0.00      952.819        0.008        0.009           2590        0.00        0.00    ACNPART_CONV_BASE_TOP@19
 3463     0.00      952.819        0.008        0.009           2590        0.00        0.00    ACNPART_CONV_BASE_TOP@29
 3464     0.00      952.819        0.008        0.009           2590        0.00        0.00    ACNPART_CONV_BASE_TOP@20
 3465     0.00      952.819        0.008        0.009           2590        0.00        0.00    ACNPART_CONV_BASE_TOP@22
 3466     0.00      952.827        0.008        0.008             70        0.12        0.12   *GPRCP_PGFL@17
 3467     0.00      952.827        0.008        0.009           2590        0.00        0.00    ACNPART_CONV_BASE_TOP@21
 3468     0.00      952.827        0.008        0.008             70        0.12        0.12    GPRCP_PGFL@19
 3469     0.00      952.827        0.008        0.009           2590        0.00        0.00    ACNPART_CONV_BASE_TOP@25
 3470     0.00      952.827        0.008        0.008             70        0.12        0.12    GPRCP_PGFL@30
 3471     0.00      952.836        0.008        0.009           2627        0.00        0.00   *ACNTCLS@3
 3472     0.00      952.836        0.008        0.009           2590        0.00        0.00    ACNPART_CONV_BASE_TOP@31
 3473     0.00      952.836        0.008        0.009           2627        0.00        0.00    ACNTCLS@9
 3474     0.00      952.836        0.008        0.009           2590        0.00        0.00    ACNPART_CONV_BASE_TOP@28
 3475     0.00      952.836        0.008        0.009           2590        0.00        0.00    ACNTCLS@13
 3476     0.00      952.836        0.008        0.009           2627        0.00        0.00    ACNTCLS@4
 3477     0.00      952.836        0.008        0.009           2627        0.00        0.00    ACNTCLS@5
 3478     0.00      952.836        0.008        0.009           2627        0.00        0.00    ACNTCLS@12
 3479     0.00      952.836        0.008        0.008             70        0.11        0.12    GPRCP_PGFL@18
 3480     0.00      952.836        0.008        0.008             70        0.11        0.12    GPRCP_PGFL@26
 3481     0.00      952.836        0.008        0.009           2627        0.00        0.00    ACNTCLS@7
 3482     0.00      952.836        0.008        0.008             70        0.11        0.12    GPRCP_PGFL@25
 3483     0.00      952.836        0.008        0.009           2627        0.00        0.00    ACNTCLS@11
 3484     0.00      952.836        0.008        0.009           2627        0.00        0.00    ACNTCLS@6
 3485     0.00      952.836        0.008        0.008             70        0.11        0.12    GPRCP_PGFL@32
 3486     0.00      952.836        0.008        0.009           2627        0.00        0.00    ACNTCLS@8
 3487     0.00      952.836        0.008        0.009           2627        0.00        0.00    ACNTCLS@10
 3488     0.00      952.836        0.008        0.008             70        0.11        0.12    GPRCP_PGFL@27
 3489     0.00      952.836        0.008        0.008             70        0.11        0.12    GPRCP_PGFL@29
 3490     0.00      952.836        0.008        0.009           2627        0.00        0.00    ACNTCLS@2
 3491     0.00      952.836        0.008        0.008             70        0.11        0.11    GPRCP_PGFL@20
 3492     0.00      952.836        0.008        0.009           2590        0.00        0.00    ACNTCLS@14
 3493     0.00      952.836        0.008        0.009           2590        0.00        0.00    ACNTCLS@15
 3494     0.00      952.843        0.008        0.008              1        7.77        7.77    INI_TIWMX@1
 3495     0.00      952.851        0.008        0.008             37        0.21        0.21    CPXFU_PARALLEL:0:COMPUTE@1
 3496     0.00      952.851        0.008        0.009           2627        0.00        0.00    ACNTCLS@1
 3497     0.00      952.851        0.008        0.008             70        0.11        0.11    GPRCP_PGFL@22
 3498     0.00      952.851        0.008        0.008             70        0.11        0.11    GPRCP_PGFL@28
 3499     0.00      952.851        0.008        0.008             71        0.11        0.11    GPRCP_PGFL@11
 3500     0.00      952.851        0.008        0.008             70        0.11        0.11    GPRCP_PGFL@23
 3501     0.00      952.851        0.008        0.008             70        0.11        0.11    GPRCP_PGFL@24
 3502     0.00      952.851        0.008        0.009           2590        0.00        0.00    ACNTCLS@16
 3503     0.00      952.851        0.008        0.008             70        0.11        0.11    GPRCP_PGFL@31
 3504     0.00      952.859        0.008        0.407             37        0.20       10.99    LAPINEB_PARALLEL:LACONE:COMPUTE@1
 3505     0.00      952.859        0.008        0.009           2590        0.00        0.00    ACNTCLS@31
 3506     0.00      952.859        0.007        0.008           2590        0.00        0.00    ACNTCLS@21
 3507     0.00      952.859        0.007        0.008             71        0.10        0.11    GPRCP_PGFL@10
 3508     0.00      952.859        0.007        0.008             71        0.10        0.11    GPRCP_PGFL@9
 3509     0.00      952.859        0.007        0.008             70        0.11        0.11    GPRCP_PGFL@21
 3510     0.00      952.859        0.007        0.007             71        0.10        0.11    GPRCP_PGFL@12
 3511     0.00      952.859        0.007        0.007             70        0.11        0.11    GPRCP_PGFL@13
 3512     0.00      952.859        0.007        0.007             70        0.11        0.11    GPRCP_PGFL@16
 3513     0.00      952.859        0.007        0.008           2590        0.00        0.00    ACNTCLS@22
 3514     0.00      952.859        0.007        0.008           2590        0.00        0.00    ACNTCLS@26
 3515     0.00      952.859        0.007        0.008           2590        0.00        0.00    ACNTCLS@20
 3516     0.00      952.859        0.007        0.007             71        0.10        0.10    GPRCP_PGFL@8
 3517     0.00      952.859        0.007        0.007             71        0.10        0.10    GPRCP_PGFL@6
 3518     0.00      952.859        0.007        0.008           2590        0.00        0.00    ACNTCLS@25
 3519     0.00      952.859        0.007        0.008           2590        0.00        0.00    ACNTCLS@28
 3520     0.00      952.859        0.007        0.008           2590        0.00        0.00    ACNTCLS@18
 3521     0.00      952.859        0.007        0.007             70        0.10        0.10    GPRCP_PGFL@14
 3522     0.00      952.859        0.007        0.007             70        0.10        0.10    GPRCP_PGFL@15
 3523     0.00      952.859        0.007        0.008           2590        0.00        0.00    ACNTCLS@29
 3524     0.00      952.859        0.007        0.007             71        0.10        0.10    GPRCP_PGFL@5
 3525     0.00      952.866        0.007        0.022              1        7.23       22.40    SUGEM2@1
 3526     0.00      952.866        0.007        0.008           2590        0.00        0.00    ACNTCLS@23
 3527     0.00      952.873        0.007        0.008           2627        0.00        0.00   *ACEVADCAPE@11
 3528     0.00      952.873        0.007        0.008           2590        0.00        0.00    ACNTCLS@30
 3529     0.00      952.873        0.007        0.008           2627        0.00        0.00    ACEVADCAPE@7
 3530     0.00      952.873        0.007        0.008           2627        0.00        0.00    ACEVADCAPE@9
 3531     0.00      952.873        0.007        0.007             71        0.10        0.10    GPRCP_PGFL@7
 3532     0.00      952.873        0.007        0.008           2590        0.00        0.00    ACNTCLS@32
 3533     0.00      952.873        0.007        0.008           2627        0.00        0.00    ACEVADCAPE@12
 3534     0.00      952.873        0.007        0.008           2627        0.00        0.00    ACEVADCAPE@8
 3535     0.00      952.873        0.007        0.007             71        0.10        0.10    GPRCP_PGFL@1
 3536     0.00      952.873        0.007        0.008           2627        0.00        0.00    ACEVADCAPE@10
 3537     0.00      952.873        0.007        0.008           2627        0.00        0.00    ACEVADCAPE@2
 3538     0.00      952.873        0.007        0.008           2590        0.00        0.00    ACNTCLS@19
 3539     0.00      952.873        0.007        0.008           2627        0.00        0.00    ACEVADCAPE@5
 3540     0.00      952.873        0.007        0.008           2627        0.00        0.00    ACEVADCAPE@4
 3541     0.00      952.873        0.007        0.008           2627        0.00        0.00    ACEVADCAPE@3
 3542     0.00      952.873        0.007        0.008           2590        0.00        0.00    ACNTCLS@24
 3543     0.00      952.873        0.007        0.008           2590        0.00        0.00    ACEVADCAPE@13
 3544     0.00      952.873        0.007        0.008           2590        0.00        0.00    ACEVADCAPE@14
 3545     0.00      952.873        0.007        0.008           2590        0.00        0.00    ACNTCLS@17
 3546     0.00      952.873        0.007        0.008           2590        0.00        0.00    ACEVADCAPE@15
 3547     0.00      952.873        0.007        0.008           2627        0.00        0.00    ACEVADCAPE@6
 3548     0.00      952.873        0.007        0.008           2590        0.00        0.00    ACEVADCAPE@16
 3549     0.00      952.873        0.007        0.008           2590        0.00        0.00    ACNTCLS@27
 3550     0.00      952.873        0.007        0.008           2627        0.00        0.00    ACEVADCAPE@1
 3551     0.00      952.880        0.007        0.412            148        0.05        2.78    GPRCP_EXPL_PARALLEL:0@1
 3552     0.00      952.880        0.007        0.007             71        0.10        0.10    GPRCP_PGFL@2
 3553     0.00      952.887        0.007        0.007             37        0.19        0.19    CPG_GP_PARALLEL:MAP_FACTOR:COMPUTE@1
 3554     0.00      952.887        0.007        0.007             71        0.10        0.10    GPRCP_PGFL@3
 3555     0.00      952.887        0.007        0.008           2590        0.00        0.00    ACEVADCAPE@27
 3556     0.00      952.887        0.007        0.008           2590        0.00        0.00    ACEVADCAPE@26
 3557     0.00      952.887        0.007        0.008           2590        0.00        0.00    ACEVADCAPE@28
 3558     0.00      952.887        0.007        0.008           2590        0.00        0.00    ACEVADCAPE@25
 3559     0.00      952.887        0.007        0.008           2590        0.00        0.00    ACEVADCAPE@32
 3560     0.00      952.887        0.007        0.008           2590        0.00        0.00    ACEVADCAPE@19
 3561     0.00      952.887        0.007        0.008           2590        0.00        0.00    ACEVADCAPE@31
 3562     0.00      952.894        0.007        0.397              1        6.73      397.38    RDFA2SP@1
 3563     0.00      952.894        0.007        0.008           2590        0.00        0.00    ACEVADCAPE@29
 3564     0.00      952.900        0.007        0.007             37        0.18        0.18    SCAN2M:WIPE@1
 3565     0.00      952.900        0.007        0.008           2590        0.00        0.00    ACEVADCAPE@18
 3566     0.00      952.900        0.007        0.008           2590        0.00        0.00    ACEVADCAPE@22
 3567     0.00      952.900        0.007        0.008           2590        0.00        0.00    ACEVADCAPE@21
 3568     0.00      952.900        0.007        0.008           2590        0.00        0.00    ACEVADCAPE@20
 3569     0.00      952.907        0.007        0.007             37        0.18        0.18    APL_ARPEGE_INIT_PARALLEL:0:COMPUTE@1
 3570     0.00      952.907        0.007        0.008           2590        0.00        0.00    ACEVADCAPE@17
 3571     0.00      952.907        0.007        0.007           2590        0.00        0.00    ACEVADCAPE@24
 3572     0.00      952.913        0.007        0.830            324        0.02        2.56    SCAN2M_TS_PARALLEL:0@1
 3573     0.00      952.920        0.007        0.296             37        0.18        8.01    LAPINEB_PARALLEL:ROTUV:COMPUTE@1
 3574     0.00      952.920        0.007        0.007           2590        0.00        0.00    ACEVADCAPE@30
 3575     0.00      952.920        0.007        0.007           2590        0.00        0.00    ACEVADCAPE@23
 3576     0.00      952.927        0.007        0.007            222        0.03        0.03    LAVABO_EXPL_LAITVSPCQM_PART1_PARALLEL:0:COMPUTE@1
 3577     0.00      952.933        0.006        0.007           2590        0.00        0.00   *MF_PHYS_PRECIPS@23
 3578     0.00      952.940        0.006        0.006             37        0.17        0.17    APL_ARPEGE_PARALLEL:ZDPHIV:COMPUTE@1
 3579     0.00      952.946        0.006        0.011            222        0.03        0.05    LARCINB_PARALLEL:RRINTOPT@1
 3580     0.00      952.946        0.006        0.007           2590        0.00        0.00    MF_PHYS_PRECIPS@24
 3581     0.00      952.946        0.006        0.007           2590        0.00        0.00    MF_PHYS_PRECIPS@22
 3582     0.00      952.946        0.006        0.007           2590        0.00        0.00    MF_PHYS_PRECIPS@26
 3583     0.00      952.946        0.006        0.008           2590        0.00        0.00    MF_PHYS_PRECIPS@28
 3584     0.00      952.946        0.006        0.007           2590        0.00        0.00    MF_PHYS_PRECIPS@25
 3585     0.00      952.946        0.006        0.007           2590        0.00        0.00    MF_PHYS_PRECIPS@27
 3586     0.00      952.952        0.006        0.006             37        0.17        0.17    CPG_DIA_FLU_PARALLEL:1:COMPUTE@1
 3587     0.00      952.952        0.006        0.007           2590        0.00        0.00    MF_PHYS_PRECIPS@21
 3588     0.00      952.959        0.006        0.006             37        0.17        0.17    CPG_PARALLEL:LSMTSOL:COMPUTE@1
 3589     0.00      952.959        0.006        0.008           2590        0.00        0.00    MF_PHYS_PRECIPS@29
 3590     0.00      952.959        0.006        0.006             71        0.09        0.09    GPRCP_PGFL@4
 3591     0.00      952.959        0.006        0.007           2590        0.00        0.00    MF_PHYS_PRECIPS@30
 3592     0.00      952.959        0.006        0.007           2590        0.00        0.00    MF_PHYS_PRECIPS@31
 3593     0.00      952.959        0.006        0.007           2590        0.00        0.00    MF_PHYS_PRECIPS@32
 3594     0.00      952.959        0.006        0.007           2590        0.00        0.00    MF_PHYS_PRECIPS@20
 3595     0.00      952.965        0.006      718.210             37        0.16    19411.08    APL_ARPEGE_PARALLEL@1
 3596     0.00      952.970        0.006        0.096             37        0.16        2.60    APL_ARPEGE_PARALLEL:ACEVADCAPE:COMPUTE@1
 3597     0.00      952.976        0.006        0.006             37        0.15        0.15    CPG_DIA_FLU_PARALLEL:3:COMPUTE@1
 3598     0.00      952.982        0.006        0.027             37        0.15        0.73    APL_ARPEGE_PARALLEL:PPWETPOINT:COMPUTE@1
 3599     0.00      952.987        0.006        0.006              1        5.68        5.68    ALLOCATE_EMPTY_TRAJECTORY@1
 3600     0.00      952.987        0.006        0.007           2590        0.00        0.00    MF_PHYS_PRECIPS@19
 3601     0.00      952.993        0.006        0.006             37        0.15        0.15    APL_ARPEGE_PARALLEL:FRSOPT:COMPUTE@1
 3602     0.00      952.993        0.006        0.007           2590        0.00        0.00    MF_PHYS_PRECIPS@18
 3603     0.00      952.993        0.006        0.006           2590        0.00        0.00    MF_PHYS_PRECIPS@17
 3604     0.00      952.998        0.005        6.859             37        0.15      185.38    LAPINEA_DRV@1
 3605     0.00      953.004        0.005        0.123             37        0.14        3.32    CPG_GP_PARALLEL:GPINISLB_PART3_EXPL:COMPUTE@1
 3606     0.00      953.009        0.005        0.027             37        0.14        0.73    APL_ARPEGE_HYDRO_BUDGET_PARALLEL:ACDROV:COMPUTE@1
 3607     0.00      953.014        0.005        0.009              1        4.95        8.85    SLCSET@1
 3608     0.00      953.019        0.005        0.010             37        0.13        0.27    APL_ARPEGE_PARALLEL:PRECIPS:COMPUTE@1
 3609     0.00      953.023        0.005        0.008          12600        0.00        0.00    FIELD_GFL_WRAPPER:GFL_MAP@1
 3610     0.00      953.028        0.005      897.799             37        0.13    24264.83    GP_MODEL_DRV@1
 3611     0.00      953.028        0.005        0.006           2627        0.00        0.00    MF_PHYS_PRECIPS@10
 3612     0.00      953.028        0.005        0.006           2627        0.00        0.00    MF_PHYS_PRECIPS@12
 3613     0.00      953.028        0.005        0.006           2627        0.00        0.00    MF_PHYS_PRECIPS@7
 3614     0.00      953.028        0.005        0.006           2627        0.00        0.00    MF_PHYS_PRECIPS@8
 3615     0.00      953.028        0.005        0.006           2590        0.00        0.00    MF_PHYS_PRECIPS@13
 3616     0.00      953.028        0.005        0.006           2627        0.00        0.00    MF_PHYS_PRECIPS@11
 3617     0.00      953.028        0.005        0.006           2627        0.00        0.00    MF_PHYS_PRECIPS@9
 3618     0.00      953.028        0.005        0.006           2590        0.00        0.00    MF_PHYS_PRECIPS@14
 3619     0.00      953.028        0.005        0.006           2590        0.00        0.00    MF_PHYS_PRECIPS@16
 3620     0.00      953.028        0.005        0.006           2590        0.00        0.00    MF_PHYS_PRECIPS@15
 3621     0.00      953.033        0.005        0.013              3        1.50        4.28    FIELD_GFL_WRAPPER:GFL_FID_SETUP@1
 3622     0.00      953.037        0.004        0.005            235        0.02        0.02    SPNORMAVE@1
 3623     0.00      953.037        0.004        0.005           2627        0.00        0.00    MF_PHYS_PRECIPS@6
 3624     0.00      953.042        0.004        0.564             37        0.12       15.23    APL_ARPEGE_PARALLEL:ACCLPH@1
 3625     0.00      953.042        0.004        0.005           2627        0.00        0.00    MF_PHYS_PRECIPS@5
 3626     0.00      953.046        0.004        0.019             37        0.12        0.52    CPG_GP_PARALLEL:GPTF2_EXPL_2TL:COMPUTE@1
 3627     0.00      953.046        0.004        0.005           2627        0.00        0.00    MF_PHYS_PRECIPS@4
 3628     0.00      953.050        0.004        1.296             37        0.12       35.02    CPGLAG_DRV@1
 3629     0.00      953.050        0.004        0.005           2627        0.00        0.00    MF_PHYS_PRECIPS@2
 3630     0.00      953.050        0.004        0.005           2627        0.00        0.00    MF_PHYS_PRECIPS@3
 3631     0.00      953.054        0.004        0.023             37        0.11        0.63    CPG_GP_PARALLEL:GP_SPV:COMPUTE@1
 3632     0.00      953.059        0.004       64.809             37        0.11     1751.60    LAPINEB_PARALLEL@1
 3633     0.00      953.059        0.004        0.005           2627        0.00        0.00    MF_PHYS_PRECIPS@1
 3634     0.00      953.063        0.004        0.339            222        0.02        1.53    LAPINEB_PARALLEL:ZERO_GMV9@1
 3635     0.00      953.067        0.004        0.004             11        0.36        0.36    GRIB_API:IGRIB_SET_INT@1
 3636     0.00      953.070        0.004        0.004             37        0.11        0.11    LAVABO_PARALLEL:2:COMPUTE@1
 3637     0.00      953.074        0.004        0.492            222        0.02        2.21    LATTEX_EXPL_2TL_PARALLEL:3@1
 3638     0.00      953.078        0.004        0.004              1        3.89        3.89    SLRSET@1
 3639     0.00      953.082        0.004        0.707            333        0.01        2.12    CPUTQY0_PARALLEL:PVAR@1
 3640     0.00      953.086        0.004        0.054              3        1.27       17.88    FAITOU_MT@1
 3641     0.00      953.090        0.004        0.004              1        3.64        3.64    SUVSLETA@1
 3642     0.00      953.093        0.004        0.642             74        0.05        8.67    LAPINEB_PARALLEL:ROTUVGEO@1
 3643     0.00      953.097        0.003        0.162              1        3.43      161.57    RDFA2GP@1
 3644     0.00      953.100        0.003        0.003            222        0.02        0.02    LARCINB_PARALLEL:RRINTOPT:COMPUTE@1
 3645     0.00      953.103        0.003        0.199              1        3.36      199.28    SPECRT@1
 3646     0.00      953.107        0.003        0.004              1        3.32        3.88    SUMP@1
 3647     0.00      953.110        0.003        0.006             37        0.09        0.17    APL_ARPEGE_PARALLEL:BAYRAD:COMPUTE@1
 3648     0.00      953.113        0.003        0.010            222        0.01        0.05    LAVABO_EXPL_LAITVSPCQM_PART1_PARALLEL:0@1
 3649     0.00      953.117        0.003       31.102            222        0.01      140.10    LARCINB_PARALLEL:LAITRE_GFL@1
 3650     0.00      953.120        0.003        0.003            207        0.02        0.02    GRIB_API:IGRIB_GET_INT@1
 3651     0.00      953.123        0.003        0.834             36        0.09       23.16    SCAN2M_TS_DRV@1
 3652     0.00      953.126        0.003        0.003             37        0.09        0.09    APL_ARPEGE_PARALLEL:PLSM:COMPUTE@1
 3653     0.00      953.129        0.003        0.003              1        3.13        3.13    MF_PHYS_SAVE_PHSURF_PART1_PARALLEL:PART1:COMPUTE@1
 3654     0.00      953.132        0.003        0.003              1        3.00        3.44    SUMCUF@1
 3655     0.00      953.135        0.003        0.283            222        0.01        1.27    GPINISLB_PART2_EXPL_PARALLEL:0@1
 3656     0.00      953.138        0.003        1.556            148        0.02       10.52    GPRCP_EXPL_PARALLEL@1
 3657     0.00      953.141        0.003        0.677            222        0.01        3.05    LAPINEB_PARALLEL:CVGQ@1
 3658     0.00      953.144        0.003        0.006             37        0.08        0.16    LACDYN_PARALLEL:LASURE:COMPUTE@1
 3659     0.00      953.147        0.003        0.004           2590        0.00        0.00   *GPUVS@26
 3660     0.00      953.150        0.003        0.003              1        2.81        2.93    SUHDF@1
 3661     0.00      953.153        0.003        0.003             37        0.08        0.08    CPG_GP_PARALLEL:SETZERO:COMPUTE@1
 3662     0.00      953.153        0.003        0.004           2590        0.00        0.00    GPUVS@18
 3663     0.00      953.155        0.003        0.205              1        2.76      204.62    SUGRIDA@1
 3664     0.00      953.155        0.003        0.004           2627        0.00        0.00    GPUVS@11
 3665     0.00      953.158        0.003        1.248              1        2.75     1247.71    SUINIF@1
 3666     0.00      953.158        0.003        0.004           2627        0.00        0.00    GPUVS@8
 3667     0.00      953.158        0.003        0.004           2590        0.00        0.00    GPUVS@20
 3668     0.00      953.158        0.003        0.004           2590        0.00        0.00    GPUVS@23
 3669     0.00      953.158        0.003        0.004           2590        0.00        0.00    GPUVS@24
 3670     0.00      953.158        0.003        0.004           2590        0.00        0.00    GPUVS@28
 3671     0.00      953.158        0.003        0.004           2627        0.00        0.00    GPUVS@12
 3672     0.00      953.158        0.003        0.004           2590        0.00        0.00    GPUVS@31
 3673     0.00      953.158        0.003        0.004           2590        0.00        0.00    GPUVS@32
 3674     0.00      953.161        0.003        0.003              1        2.66        2.67    SUGEM2_YRCSGEOM@1
 3675     0.00      953.161        0.003        0.004           2590        0.00        0.00    GPUVS@16
 3676     0.00      953.161        0.003        0.004           2627        0.00        0.00    GPUVS@3
 3677     0.00      953.161        0.003        0.004           2590        0.00        0.00    GPUVS@15
 3678     0.00      953.161        0.003        0.004           2590        0.00        0.00    GPUVS@29
 3679     0.00      953.161        0.003        0.003           2627        0.00        0.00    GPUVS@5
 3680     0.00      953.161        0.003        0.004           2590        0.00        0.00    GPUVS@21
 3681     0.00      953.161        0.003        0.003           2590        0.00        0.00    GPUVS@13
 3682     0.00      953.161        0.003        0.004           2590        0.00        0.00    GPUVS@25
 3683     0.00      953.161        0.003        0.003           2627        0.00        0.00    GPUVS@6
 3684     0.00      953.161        0.003        0.003           2627        0.00        0.00    GPUVS@10
 3685     0.00      953.161        0.003        0.003           2627        0.00        0.00    GPUVS@4
 3686     0.00      953.161        0.003        0.003           2627        0.00        0.00    GPUVS@9
 3687     0.00      953.161        0.003        0.003           2590        0.00        0.00    GPUVS@19
 3688     0.00      953.161        0.003        0.003           2590        0.00        0.00    GPUVS@27
 3689     0.00      953.161        0.003        0.003           2590        0.00        0.00    GPUVS@17
 3690     0.00      953.161        0.003        0.003           2590        0.00        0.00    GPUVS@22
 3691     0.00      953.161        0.003        0.003           2627        0.00        0.00    GPUVS@7
 3692     0.00      953.161        0.003        0.003           2590        0.00        0.00    GPUVS@30
 3693     0.00      953.163        0.003        0.048            148        0.02        0.32    GPRCP_EXPL_PARALLEL:4@1
 3694     0.00      953.166        0.002        0.004              1        2.49        4.12    SUMPINI@1
 3695     0.00      953.166        0.002        0.003           2590        0.00        0.00    GPUVS@14
 3696     0.00      953.166        0.002        0.003           2627        0.00        0.00    GPUVS@2
 3697     0.00      953.168        0.002        0.002              8        0.31        0.31    UPDECAEC@1
 3698     0.00      953.168        0.002        0.003           2627        0.00        0.00    GPUVS@1
 3699     0.00      953.171        0.002        0.274             74        0.03        3.70    GPMPFC_EXPL_PART2_PARALLEL:0@1
 3700     0.00      953.173        0.002        0.054              1        2.37       53.63    SUARG@1
 3701     0.00      953.175        0.002        0.005              3        0.79        1.60    FIELD_DEFINITIONS:MAIN_FIELD_SET_METADATA@1
 3702     0.00      953.178        0.002        0.002              1        2.32        2.32    radiation_pdf_sampler:setup_pdf_sampler_CPU@1
 3703     0.00      953.180        0.002        0.004           2590        0.00        0.00   *LASURE@28
 3704     0.00      953.182        0.002        0.002              8        0.29        0.29    UPD_GHGCLIM@1
 3705     0.00      953.182        0.002        0.004           2590        0.00        0.00    LASURE@29
 3706     0.00      953.185        0.002        0.002              3        0.76        0.76    "lfiouv_alts_ext:read"@1:lfi_alts.c
 3707     0.00      953.187        0.002        0.003           2590        0.00        0.00   *MF_PHYS_BAYRAD@29
 3708     0.00      953.189        0.002        0.003              1        2.23        2.76    SUVERTFE3D@1
 3709     0.00      953.189        0.002        0.003           2590        0.00        0.00    MF_PHYS_BAYRAD@28
 3710     0.00      953.189        0.002        0.003           2590        0.00        0.00    LASURE@21
 3711     0.00      953.189        0.002        0.003           2590        0.00        0.00    LASURE@24
 3712     0.00      953.189        0.002        0.003           2590        0.00        0.00    LASURE@15
 3713     0.00      953.189        0.002        0.003           2590        0.00        0.00    LASURE@14
 3714     0.00      953.189        0.002        0.003           2627        0.00        0.00    LASURE@8
 3715     0.00      953.189        0.002        0.003           2590        0.00        0.00    LASURE@23
 3716     0.00      953.189        0.002        0.003           2627        0.00        0.00    LASURE@11
 3717     0.00      953.189        0.002        0.003           2590        0.00        0.00    LASURE@22
 3718     0.00      953.191        0.002        0.186            185        0.01        1.00    GPRCP_EXPL_PARALLEL:2@1
 3719     0.00      953.191        0.002        0.003           2627        0.00        0.00    LASURE@9
 3720     0.00      953.191        0.002        0.003           2590        0.00        0.00    LASURE@18
 3721     0.00      953.191        0.002        0.003           2590        0.00        0.00    LASURE@13
 3722     0.00      953.191        0.002        0.003           2590        0.00        0.00    LASURE@16
 3723     0.00      953.191        0.002        0.003           2627        0.00        0.00    LASURE@10
 3724     0.00      953.191        0.002        0.003           2627        0.00        0.00    LASURE@7
 3725     0.00      953.191        0.002        0.003           2590        0.00        0.00    LASURE@20
 3726     0.00      953.191        0.002        0.003           2590        0.00        0.00    LASURE@19
 3727     0.00      953.193        0.002        0.002              1        2.12        2.12    radiation_cloud_optics_data:setup_cloud_optics_data_CPU@1
 3728     0.00      953.193        0.002        0.003           2590        0.00        0.00    LASURE@30
 3729     0.00      953.193        0.002        0.003           2627        0.00        0.00    LASURE@12
 3730     0.00      953.193        0.002        0.003           2590        0.00        0.00    LASURE@17
 3731     0.00      953.193        0.002        0.003           2590        0.00        0.00    LASURE@26
 3732     0.00      953.195        0.002        0.002             75        0.03        0.03    SCAN2M_ALLOCATE_VARIABLES@1
 3733     0.00      953.195        0.002        0.003           2590        0.00        0.00    LASURE@25
 3734     0.00      953.197        0.002        0.002            189        0.01        0.01    GRIB_API:IGRIB_GET_INT8@1
 3735     0.00      953.197        0.002        0.003           2590        0.00        0.00    LASURE@27
 3736     0.00      953.197        0.002        0.003           2590        0.00        0.00    MF_PHYS_BAYRAD@15
 3737     0.00      953.197        0.002        0.003           2590        0.00        0.00    MF_PHYS_BAYRAD@14
 3738     0.00      953.197        0.002        0.003           2590        0.00        0.00    MF_PHYS_BAYRAD@24
 3739     0.00      953.197        0.002        0.003           2590        0.00        0.00    MF_PHYS_BAYRAD@23
 3740     0.00      953.197        0.002        0.003           2590        0.00        0.00    MF_PHYS_BAYRAD@16
 3741     0.00      953.197        0.002        0.003           2627        0.00        0.00    MF_PHYS_BAYRAD@10
 3742     0.00      953.197        0.002        0.003           2627        0.00        0.00    MF_PHYS_BAYRAD@8
 3743     0.00      953.197        0.002        0.003           2627        0.00        0.00    MF_PHYS_BAYRAD@11
 3744     0.00      953.197        0.002        0.003           2590        0.00        0.00    MF_PHYS_BAYRAD@21
 3745     0.00      953.197        0.002        0.003           2590        0.00        0.00    MF_PHYS_BAYRAD@30
 3746     0.00      953.197        0.002        0.003           2590        0.00        0.00    MF_PHYS_BAYRAD@22
 3747     0.00      953.197        0.002        0.003           2590        0.00        0.00    MF_PHYS_BAYRAD@13
 3748     0.00      953.197        0.002        0.003           2627        0.00        0.00    MF_PHYS_BAYRAD@7
 3749     0.00      953.197        0.002        0.003           2590        0.00        0.00    MF_PHYS_BAYRAD@26
 3750     0.00      953.197        0.002        0.003           2627        0.00        0.00    LASURE@5
 3751     0.00      953.197        0.002        0.003           2590        0.00        0.00    LASURE@31
 3752     0.00      953.197        0.002        0.003           2590        0.00        0.00    MF_PHYS_BAYRAD@25
 3753     0.00      953.197        0.002        0.003           2590        0.00        0.00    LASURE@32
 3754     0.00      953.197        0.002        0.003           2627        0.00        0.00    LASURE@6
 3755     0.00      953.197        0.002        0.003           2590        0.00        0.00    MF_PHYS_BAYRAD@18
 3756     0.00      953.197        0.002        0.003           2590        0.00        0.00    MF_PHYS_BAYRAD@20
 3757     0.00      953.197        0.002        0.003           2627        0.00        0.00    MF_PHYS_BAYRAD@12
 3758     0.00      953.197        0.002        0.003           2627        0.00        0.00    LASURE@2
 3759     0.00      953.197        0.002        0.003           2627        0.00        0.00    MF_PHYS_BAYRAD@9
 3760     0.00      953.197        0.002        0.003           2627        0.00        0.00    LASURE@3
 3761     0.00      953.197        0.002        0.003           2627        0.00        0.00    LASURE@1
 3762     0.00      953.197        0.002        0.003           2590        0.00        0.00    MF_PHYS_BAYRAD@27
 3763     0.00      953.197        0.002        0.003           2590        0.00        0.00    MF_PHYS_BAYRAD@19
 3764     0.00      953.199        0.002        0.710            666        0.00        1.07    CPUTQY0_PARALLEL@1
 3765     0.00      953.199        0.002        0.003           2590        0.00        0.00    MF_PHYS_BAYRAD@17
 3766     0.00      953.199        0.002        0.003           2627        0.00        0.00    LASURE@4
 3767     0.00      953.201        0.002        0.002              1        1.86        1.86    SURFACE_FIELDS_MIX:ALLO_SURF@1
 3768     0.00      953.203        0.002        0.012              1        1.84       11.94    SUVERTFE3@1
 3769     0.00      953.203        0.002        0.003           2627        0.00        0.00    MF_PHYS_BAYRAD@1
 3770     0.00      953.205        0.002        0.002              1        1.82        2.17    YOEAERC:SUECAEC@1
 3771     0.00      953.207        0.002        0.174           1296        0.00        0.13    SPCSIDG_PART1NEW@1
 3772     0.00      953.207        0.002        0.003           2590        0.00        0.00    MF_PHYS_BAYRAD@31
 3773     0.00      953.207        0.002        0.003           2590        0.00        0.00    MF_PHYS_BAYRAD@32
 3774     0.00      953.209        0.002        0.002              1        1.80        1.80    FADECI_MT@1
 3775     0.00      953.210        0.002        0.402            148        0.01        2.72    GPINISLB_PART2_EXPL_PARALLEL:1@1
 3776     0.00      953.210        0.002        0.003           2627        0.00        0.00    MF_PHYS_BAYRAD@5
 3777     0.00      953.212        0.002        0.176           1296        0.00        0.14    SPCSINEW_part1ext@1
 3778     0.00      953.214        0.002        0.824              1        1.75      823.61    SUGEOMETRY@1
 3779     0.00      953.214        0.002        0.003           2627        0.00        0.00    MF_PHYS_BAYRAD@6
 3780     0.00      953.216        0.002        0.071              1        1.74       70.93    IFS_INIT@1
 3781     0.00      953.217        0.002      763.795             37        0.05    20643.11    CPG_PARALLEL@1
 3782     0.00      953.217        0.002        0.003           2627        0.00        0.00    MF_PHYS_BAYRAD@3
 3783     0.00      953.217        0.002        0.003           2627        0.00        0.00    MF_PHYS_BAYRAD@4
 3784     0.00      953.217        0.002        0.003           2627        0.00        0.00    MF_PHYS_BAYRAD@2
 3785     0.00      953.219        0.002        0.002              1        1.66        1.66    SUHSLMER@1
 3786     0.00      953.221        0.002        0.003           2590        0.00        0.00   *CUCCDIA@19
 3787     0.00      953.222        0.002        0.050              3        0.55       16.56    "lfiouv_alts_ext"@1:lfi_alts.c
 3788     0.00      953.222        0.002        0.003           2590        0.00        0.00    CUCCDIA@26
 3789     0.00      953.222        0.002        0.003           2590        0.00        0.00    CUCCDIA@25
 3790     0.00      953.222        0.002        0.003           2590        0.00        0.00    CUCCDIA@20
 3791     0.00      953.224        0.002        0.468             37        0.04       12.64    SCAN2M_CTVTOT_DRV@1
 3792     0.00      953.225        0.002        0.076           1296        0.00        0.06    SPCSIDG_PART2NEW@1
 3793     0.00      953.225        0.002        0.002           2590        0.00        0.00    CUCCDIA@29
 3794     0.00      953.225        0.002        0.002           2590        0.00        0.00    CUCCDIA@27
 3795     0.00      953.225        0.002        0.003           2590        0.00        0.00    CUCCDIA@28
 3796     0.00      953.225        0.002        0.002           2627        0.00        0.00    CUCCDIA@7
 3797     0.00      953.225        0.002        0.002           2627        0.00        0.00    CUCCDIA@5
 3798     0.00      953.225        0.002        0.002           2590        0.00        0.00    CUCCDIA@21
 3799     0.00      953.225        0.002        0.002           2590        0.00        0.00    CUCCDIA@22
 3800     0.00      953.225        0.002        0.002           2590        0.00        0.00    CUCCDIA@16
 3801     0.00      953.225        0.002        0.002           2590        0.00        0.00    CUCCDIA@15
 3802     0.00      953.225        0.002        0.002           2590        0.00        0.00    CUCCDIA@23
 3803     0.00      953.225        0.002        0.002           2590        0.00        0.00    CUCCDIA@18
 3804     0.00      953.225        0.002        0.002           2590        0.00        0.00    CUCCDIA@24
 3805     0.00      953.225        0.002        0.002           2590        0.00        0.00    CUCCDIA@17
 3806     0.00      953.225        0.002        0.002           2590        0.00        0.00    CUCCDIA@14
 3807     0.00      953.225        0.002        0.002           2590        0.00        0.00    CUCCDIA@13
 3808     0.00      953.225        0.002        0.002           2627        0.00        0.00    CUCCDIA@8
 3809     0.00      953.225        0.002        0.002           2627        0.00        0.00    CUCCDIA@11
 3810     0.00      953.225        0.002        0.002           2627        0.00        0.00    CUCCDIA@10
 3811     0.00      953.225        0.002        0.002           2590        0.00        0.00    CUCCDIA@30
 3812     0.00      953.225        0.002        0.002           2590        0.00        0.00    CUCCDIA@31
 3813     0.00      953.225        0.002        0.002           2627        0.00        0.00    CUCCDIA@12
 3814     0.00      953.227        0.002        1.340             36        0.04       37.22    TRSTOMNEW@1
 3815     0.00      953.227        0.002        0.002           2627        0.00        0.00    CUCCDIA@6
 3816     0.00      953.227        0.002        0.002           2627        0.00        0.00    CUCCDIA@9
 3817     0.00      953.227        0.002        0.002           2590        0.00        0.00    CUCCDIA@32
 3818     0.00      953.227        0.002        0.002           2627        0.00        0.00    CUCCDIA@4
 3819     0.00      953.229        0.002        0.002           3204        0.00        0.00    FIELD_DEFINITIONS_BASE:SET_FVAR@1
 3820     0.00      953.229        0.002        0.002           2627        0.00        0.00    CUCCDIA@1
 3821     0.00      953.229        0.002        0.002           2627        0.00        0.00    CUCCDIA@3
 3822     0.00      953.229        0.002        0.002           2627        0.00        0.00    CUCCDIA@2
 3823     0.00      953.230        0.001        0.001              1        1.47        1.47    SUMPOUT@1
 3824     0.00      953.231        0.001        0.002           2627        0.00        0.00   *LATRAJOUT@12
 3825     0.00      953.231        0.001        0.002           2590        0.00        0.00    LATRAJOUT@15
 3826     0.00      953.231        0.001        0.002           2590        0.00        0.00    LATRAJOUT@25
 3827     0.00      953.233        0.001        0.085             37        0.04        2.31    LAPINEB_PARALLEL:ZVWEI@1
 3828     0.00      953.234        0.001        3.584             36        0.04       99.57    TRMTOSNEW@1
 3829     0.00      953.236        0.001        0.001             44        0.03        0.03    GRIB_API:IGRIB_RELEASE@1
 3830     0.00      953.236        0.001        0.002           2590        0.00        0.00    LATRAJOUT@21
 3831     0.00      953.237        0.001      167.835             37        0.04     4536.08    APL_ARPEGE_SHALLOW_CONVECTION_AND_TURBULENCE_PARALLEL@1
 3832     0.00      953.237        0.001        0.002           2627        0.00        0.00    LATRAJOUT@8
 3833     0.00      953.237        0.001        0.002           2590        0.00        0.00    LATRAJOUT@31
 3834     0.00      953.237        0.001        0.002           2590        0.00        0.00    LATRAJOUT@24
 3835     0.00      953.237        0.001        0.002           2627        0.00        0.00    LATRAJOUT@9
 3836     0.00      953.239        0.001       59.751             37        0.04     1614.90    LARCINB_PARALLEL@1
 3837     0.00      953.239        0.001        0.002           2590        0.00        0.00    LATRAJOUT@16
 3838     0.00      953.239        0.001        0.002           2590        0.00        0.00    LATRAJOUT@28
 3839     0.00      953.240        0.001        0.001             37        0.04        0.04    CPXFU_PARALLEL:1:COMPUTE@1
 3840     0.00      953.240        0.001        0.002           2590        0.00        0.00    LATRAJOUT@18
 3841     0.00      953.240        0.001        0.002           2590        0.00        0.00    LATRAJOUT@19
 3842     0.00      953.240        0.001        0.002           2590        0.00        0.00    LATRAJOUT@30
 3843     0.00      953.241        0.001        0.061              1        1.40       61.20    SUOROG@1
 3844     0.00      953.241        0.001        0.002           2590        0.00        0.00    LATRAJOUT@26
 3845     0.00      953.241        0.001        0.002           2590        0.00        0.00    LATRAJOUT@29
 3846     0.00      953.241        0.001        0.002           2627        0.00        0.00    LATRAJOUT@11
 3847     0.00      953.241        0.001        0.002           2627        0.00        0.00    LATRAJOUT@6
 3848     0.00      953.241        0.001        0.002           2590        0.00        0.00    LATRAJOUT@13
 3849     0.00      953.241        0.001        0.002           2590        0.00        0.00    LATRAJOUT@27
 3850     0.00      953.241        0.001        0.002           2590        0.00        0.00    LATRAJOUT@22
 3851     0.00      953.241        0.001        0.002           2590        0.00        0.00    LATRAJOUT@14
 3852     0.00      953.241        0.001        0.002           2590        0.00        0.00    LATRAJOUT@23
 3853     0.00      953.241        0.001        0.002           2627        0.00        0.00    LATRAJOUT@7
 3854     0.00      953.241        0.001        0.002           2590        0.00        0.00    LATRAJOUT@17
 3855     0.00      953.241        0.001        0.002           2627        0.00        0.00    LATRAJOUT@10
 3856     0.00      953.241        0.001        0.002           2590        0.00        0.00    LATRAJOUT@32
 3857     0.00      953.243        0.001        0.275             74        0.02        3.72    GPMPFC_EXPL_PART2_PARALLEL@1
 3858     0.00      953.244        0.001        0.959             37        0.04       25.91    MF_PHYS_PREP_PARALLEL:PREP@1
 3859     0.00      953.244        0.001        0.002           2590        0.00        0.00    LATRAJOUT@20
 3860     0.00      953.244        0.001        0.002           2627        0.00        0.00    LATRAJOUT@5
 3861     0.00      953.244        0.001        0.002           2627        0.00        0.00    LATRAJOUT@2
 3862     0.00      953.244        0.001        0.002           2627        0.00        0.00    LATRAJOUT@1
 3863     0.00      953.246        0.001        0.001              7        0.19        0.19    RECMWF_PARALLEL:ECRAD_POST:COMPUTE@1
 3864     0.00      953.246        0.001        0.002           2627        0.00        0.00    LATRAJOUT@3
 3865     0.00      953.246        0.001        0.002           2627        0.00        0.00    LATRAJOUT@4
 3866     0.00      953.247        0.001        5.129             37        0.04      138.62    MF_PHYS_INIT_PARALLEL:ZERO@1
 3867     0.00      953.248        0.001        0.015             37        0.03        0.41    LAVABO_PARALLEL:0@1
 3868     0.00      953.249        0.001        0.117             37        0.03        3.16    LAPINEB_PARALLEL:TEMP_EQ@1
 3869     0.00      953.251        0.001        0.001              1        1.27        1.27    radiation_aerosol_optics_data:setup_aerosol_optics_data_CPU@1
 3870     0.00      953.252        0.001       17.156             36        0.03      476.54    SPCSI_TOT@1
 3871     0.00      953.253        0.001        3.178             37        0.03       85.89    LARMES_PARALLEL:LARMES@1
 3872     0.00      953.254        0.001        1.896             37        0.03       51.24    CPG_DIA_FLU_PARALLEL@1
 3873     0.00      953.256        0.001      724.304             37        0.03    19575.77    MF_PHYS_PARALLEL@1
 3874     0.00      953.257        0.001        1.046             37        0.03       28.28    LAPINEB_PARALLEL:LARCHE@1
 3875     0.00      953.258        0.001        1.860             37        0.03       50.26    CPUTQY_APLPAR_EXPL_PARALLEL@1
 3876     0.00      953.259        0.001        4.053             37        0.03      109.53    LARCINB_PARALLEL:LAITRE_GMV@1
 3877     0.00      953.260        0.001        0.001             37        0.03        0.03    GPMPFC_EXPL_PARALLEL:0:COMPUTE@1
 3878     0.00      953.261        0.001        0.001              1        1.15        1.15    SURFACE_FIELDS_MIX:DEALLO_SURF@1
 3879     0.00      953.263        0.001        3.256             37        0.03       87.99    LAPINEA_PARALLEL:LARCINA@1
 3880     0.00      953.264        0.001        0.147             37        0.03        3.97    MF_PHYS_MOCON_PARALLEL:PPWETPOINT@1
 3881     0.00      953.265        0.001        0.001              1        1.12        1.12    SULAP@1
 3882     0.00      953.266        0.001        0.001              1        1.11        1.12    HQR2@1
 3883     0.00      953.267        0.001        0.298             37        0.03        8.05    LAPINEB_PARALLEL:ROTUV@1
 3884     0.00      953.268        0.001        0.001              1        1.11        1.11    RRTM_KGB1@1
 3885     0.00      953.269        0.001        0.077             37        0.03        2.09    LACDYN_PARALLEL:ZMIXNL@1
 3886     0.00      953.270        0.001        0.190             37        0.03        5.14    LAPINEB_PARALLEL:NVLAG3@1
 3887     0.00      953.271        0.001        0.103             37        0.03        2.79    MF_PHYS_FPL_PART1_PARALLEL:PART1@1
 3888     0.00      953.273        0.001        0.086             37        0.03        2.32    MF_PHYS_FPL_PART2_PARALLEL:PART2@1
 3889     0.00      953.274        0.001        1.344             37        0.03       36.32    LARCINB_PARALLEL:NTLAG_3@1
 3890     0.00      953.275        0.001        0.001            222        0.00        0.01    LARCINB_PARALLEL:LAITRE_GFL:GET_DATA@1
 3891     0.00      953.276        0.001        0.686             37        0.03       18.55    GPINISLB_PART2_EXPL_PARALLEL@1
 3892     0.00      953.277        0.001        0.001              1        1.08        1.08    YOMGSGEOM:DEALLO_TGSGEOM@1
 3893     0.00      953.278        0.001        0.012             36        0.03        0.34    CPG_END_SFC_PARALLEL:SET0TO1@1
 3894     0.00      953.279        0.001        0.001              4        0.27        0.27    GRIB_API:IGRIB_SET_REAL8_ARRAY@1
 3895     0.00      953.280        0.001        0.479             37        0.03       12.95    CPUTQY_APLPAR_EXPL_PARALLEL:ZDEC@1
 3896     0.00      953.281        0.001        0.001              2        0.53        0.53    YOE_SPECTRAL_PLANCK:INIT@1
 3897     0.00      953.282        0.001        0.001              3        0.35        0.35    GRIB_API:IGRIB_CLONE@1
 3898     0.00      953.283        0.001        2.067             37        0.03       55.86    CPG_PARALLEL:SHUFFLESL1@1
 3899     0.00      953.284        0.001        0.917             74        0.01       12.40    GPMPFC_EXPL_PARALLEL:1@1
 3900     0.00      953.285        0.001        0.690             37        0.03       18.64    CPG_GP_PARALLEL:GPINISLB_PART1_EXPL@1
 3901     0.00      953.286        0.001        0.503             37        0.03       13.60    CPG_PARALLEL:ZEROPB2@1
 3902     0.00      953.287        0.001        0.001              6        0.16        0.16    MINV_8:GEDI@1
 3903     0.00      953.288        0.001        1.292             37        0.03       34.91    CPGLAG_PARALLEL@1
 3904     0.00      953.289        0.001        0.216             37        0.03        5.84    GPTF1_YDVARS_PARALLEL:LTWOTL@1
 3905     0.00      953.290        0.001        0.098             37        0.03        2.65    CPUTQY_APLPAR_EXPL_PARALLEL:PFDIS@1
 3906     0.00      953.291        0.001      957.060              1        0.94   957059.58    CNT0@1
 3907     0.00      953.292        0.001        0.001              3        0.31        0.31    "lfifer_alts"@1:lfi_alts.c
 3908     0.00      953.293        0.001        0.022             37        0.03        0.59    CPG_GP_PARALLEL:SET1TO0@1
 3909     0.00      953.294        0.001        0.872             37        0.03       23.56    LAVENT_PARALLEL:0@1
 3910     0.00      953.295        0.001        0.006             38        0.02        0.17    UPDTIM@1
 3911     0.00      953.296        0.001        0.002             37        0.02        0.06    MF_PHYS_TRANSFER_PARALLEL:ALL@1
 3912     0.00      953.297        0.001        1.197             74        0.01       16.17    GPMPFC_EXPL_PARALLEL@1
 3913     0.00      953.298        0.001        0.025              5        0.18        5.09    GPNORM2@1
 3914     0.00      953.298        0.001        0.151            333        0.00        0.45    ACCTND0_PARALLEL@1
 3915     0.00      953.299        0.001        0.001            555        0.00        0.00    GPRCP_EXPL_PARALLEL:1:GET_DATA@1
 3916     0.00      953.300        0.001        0.075             37        0.02        2.04    CPUTQY_APLPAR_EXPL_PARALLEL:ZTDCP@1
 3917     0.00      953.301        0.001        0.299              1        0.88      299.07    SUGRIDF@1
 3918     0.00      953.302        0.001        0.016             39        0.02        0.42    SPNORMBE@1
 3919     0.00      953.303        0.001        0.001             37        0.02        0.02    MF_PHYS_TRANSFER_PARALLEL:ALL:COMPUTE@1
 3920     0.00      953.304        0.001        0.493             37        0.02       13.32    LATTEX_EXPL_2TL_PARALLEL@1
 3921     0.00      953.305        0.001        0.001            976        0.00        0.00    PE2SET@1
 3922     0.00      953.305        0.001        0.001             37        0.02        0.02    MF_PHYS_INIT_PARALLEL:ZERO:GET_DATA@1
 3923     0.00      953.306        0.001        1.396             37        0.02       37.73    CPG_PARALLEL:ZEROSL1@1
 3924     0.00      953.307        0.001        2.036             37        0.02       55.02    LARCINB_PARALLEL:LCOMAD_SP@1
 3925     0.00      953.308        0.001        0.424             37        0.02       11.47    LATTES_PARALLEL:0@1
 3926     0.00      953.309        0.001        0.001           2163        0.00        0.00    GFL_SUBS_MOD:FALSIFY_GFL_COMP@1
 3927     0.00      953.310        0.001        0.001             37        0.02        0.02    APL_ARPEGE_ATMOSPHERE_UPDATE_PARALLEL:CPTEND_NEW:GET_DATA@1
 3928     0.00      953.311        0.001        0.007             37        0.02        0.20    CPG_PARALLEL:LSMTSOL@1
 3929     0.00      953.311        0.001        0.001              1        0.83        0.83    SUGEM1A@1
 3930     0.00      953.312        0.001        0.434             37        0.02       11.72    CPGLAG_PARALLEL:0@1
 3931     0.00      953.313        0.001        3.901             37        0.02      105.44    CPG_GP_HYD_PARALLEL:2@1
 3932     0.00      953.314        0.001        0.001            222        0.00        0.00    LARCINB_PARALLEL:RRINTOPT:GET_DATA@1
 3933     0.00      953.315        0.001        0.048             37        0.02        1.30    CPG_PARALLEL:ISETTLOFF@1
 3934     0.00      953.315        0.001        0.101             37        0.02        2.74    APL_ARPEGE_OCEANIC_FLUXES_PARALLEL:ACFLUSO@1
 3935     0.00      953.316        0.001        0.001             37        0.02        0.02    APL_ARPEGE_SURFACE_PARALLEL:LMSE_F:GET_DATA@1
 3936     0.00      953.317        0.001        0.002              1        0.79        2.31    SUGFL2@1
 3937     0.00      953.318        0.001       16.693             37        0.02      451.16    LATTEX_PARALLEL:MAIN@1
 3938     0.00      953.319        0.001        0.001              1        0.79        0.79    SRTM_KGB16@1
 3939     0.00      953.319        0.001        0.002              1        0.77        2.42    SU_SURF_FLDS@1
 3940     0.00      953.320        0.001        9.636             37        0.02      260.43    APL_ARPEGE_DEEP_CONVECTION_PARALLEL@1
 3941     0.00      953.321        0.001        5.648             37        0.02      152.66    APL_ARPEGE_SURFACE_PARALLEL:LMSE_F@1
 3942     0.00      953.322        0.001        0.001              1        0.77        0.77    SUDEFO_GFLATTR@1
 3943     0.00      953.322        0.001        0.001             37        0.02        0.02    LATTEX_PARALLEL:MAIN:GET_DATA@1
 3944     0.00      953.323        0.001        2.613             37        0.02       70.61    APL_ARPEGE_SHALLOW_CONVECTION_AND_TURBULENCE_PARALLEL:ACTKE@1
 3945     0.00      953.324        0.001        0.001              2        0.38        0.38    GRIB_API:IGRIB_GET_CHAR@1
 3946     0.00      953.325        0.001        0.007             37        0.02        0.18    CPG_DIA_FLU_PARALLEL:3@1
 3947     0.00      953.325        0.001        0.068             37        0.02        1.83    CPG_GP_HYD_PARALLEL:3@1
 3948     0.00      953.326        0.001       19.434             37        0.02      525.24    LARCINB_PARALLEL:LRHS_CURV_F@1
 3949     0.00      953.327        0.001        0.001            457        0.00        0.00    SET2PE@1
 3950     0.00      953.328        0.001        6.854             37        0.02      185.24    LAPINEA_PARALLEL@1
 3951     0.00      953.328        0.001        2.713             37        0.02       73.33    APL_ARPEGE_SURFACE_PARALLEL:ACDIFV2@1
 3952     0.00      953.329        0.001        0.001              1        0.72        0.80    SUCT0@1
 3953     0.00      953.330        0.001        0.027             37        0.02        0.74    LASSIE_PARALLEL:GPRCP@1
 3954     0.00      953.331        0.001       22.271             37        0.02      601.93    LACDYN_PARALLEL@1
 3955     0.00      953.331        0.001        1.260             37        0.02       34.05    CPG_GP_HYD_PARALLEL:1@1
 3956     0.00      953.332        0.001        0.495             37        0.02       13.37    APL_ARPEGE_PARALLEL:DIFTQ@1
 3957     0.00      953.333        0.001        0.551             37        0.02       14.90    CPG_DIA_FLU_PARALLEL:0@1
 3958     0.00      953.333        0.001        0.001             37        0.02        0.02    APL_ARPEGE_DEEP_CONVECTION_PARALLEL:CUCALLN_MF:GET_DATA@1
 3959     0.00      953.334        0.001        1.335             37        0.02       36.07    APL_ARPEGE_PARALLEL:QNGCOR@1
 3960     0.00      953.335        0.001        0.001             74        0.01        0.01    CPG_SL1B_TYPE_SYNC_HOST@1
 3961     0.00      953.335        0.001        0.110             37        0.02        2.97    LAPINEB_PARALLEL:L_RDRY_VD@1
 3962     0.00      953.336        0.001        2.744             37        0.02       74.17    APL_ARPEGE_RADIATION_PARALLEL:ACDAYD@1
 3963     0.00      953.337        0.001        0.373             42        0.02        8.89    FACIL1_MT@1
 3964     0.00      953.337        0.001        1.757             37        0.02       47.48    LASSIE_PARALLEL:SITNU@1
 3965     0.00      953.338        0.001      446.973             37        0.02    12080.35    APL_ARPEGE_RADIATION_PARALLEL@1
 3966     0.00      953.339        0.001        0.118             37        0.02        3.18    APL_ARPEGE_RADIATION_PARALLEL:LMSE_F@1
 3967     0.00      953.339        0.001        0.001              7        0.09        0.09    RECMWF_PARALLEL:1:COMPUTE@1
 3968     0.00      953.340        0.001        2.521             37        0.02       68.15    APL_ARPEGE_PRECIPITATION_PARALLEL:ACUPTQ@1
 3969     0.00      953.341        0.001        0.001              1        0.65        0.65    SPGEOM_MOD:SUGMRE@1
 3970     0.00      953.341        0.001        0.615              1        0.65      615.43    SUSPEC@1
 3971     0.00      953.342        0.001        0.409             37        0.02       11.07    APL_ARPEGE_PARALLEL:ZBAY_QRCONV@1
 3972     0.00      953.342        0.001        0.001              1        0.64        1.26    SUFA@1
 3973     0.00      953.343        0.001        0.831             36        0.02       23.07    SCAN2M_TS_PARALLEL@1
 3974     0.00      953.344        0.001        0.001              7        0.09        0.09    RECMWF_PARALLEL:2:COMPUTE@1
 3975     0.00      953.344        0.001        0.193             37        0.02        5.21    APL_ARPEGE_PARALLEL:ZRDG_LCVQ@1
 3976     0.00      953.345        0.001        0.002             37        0.02        0.05    GPMPFC_EXPL_PARALLEL:0@1
 3977     0.00      953.346        0.001        8.355             37        0.02      225.82    CPG_GP_HYD_PARALLEL@1
 3978     0.00      953.346        0.001        0.074             37        0.02        1.99    GPRCP_EXPL_PARALLEL:5@1
 3979     0.00      953.347        0.001        0.007             37        0.02        0.19    CPG_DIA_FLU_PARALLEL:1@1
 3980     0.00      953.347        0.001        0.001              1        0.61        0.61    RRTM_KGB3@1
 3981     0.00      953.348        0.001        0.059              1        0.60       58.97    SUECRAD@1
 3982     0.00      953.349        0.001        2.915             37        0.02       78.79    APL_ARPEGE_PRECIPITATION_PARALLEL@1
 3983     0.00      953.349        0.001        0.007             37        0.02        0.18    LACDYN_PARALLEL:LASURE@1
 3984     0.00      953.350        0.001        0.124             37        0.02        3.35    CPG_GP_PARALLEL:GPINISLB_PART3_EXPL@1
 3985     0.00      953.350        0.001        0.071             37        0.02        1.91    APL_ARPEGE_PARALLEL:ACHMT@1
 3986     0.00      953.351        0.001        0.230             37        0.02        6.21    APL_ARPEGE_PARALLEL:ZDE2MR@1
 3987     0.00      953.352        0.001        1.763             37        0.02       47.66    LARCINB_PARALLEL:NVLAG_3@1
 3988     0.00      953.352        0.001        0.001             37        0.02        0.02    APL_ARPEGE_SHALLOW_CONVECTION_AND_TURBULENCE_PARALLEL:ACTKE:GET_DATA@1
 3989     0.00      953.353        0.001        0.001             37        0.02        0.03    LAVABO_PARALLEL:1@1
 3990     0.00      953.353        0.001        0.054             37        0.02        1.46    APL_ARPEGE_PARALLEL:ACSOL@1
 3991     0.00      953.354        0.001        0.408             37        0.02       11.02    LAPINEB_PARALLEL:LACONE@1
 3992     0.00      953.355        0.001        0.001           1296        0.00        0.00    SPCSINEW_cp1@1
 3993     0.00      953.355        0.001        0.002              1        0.58        1.83    SUGFL1@1
 3994     0.00      953.356        0.001        0.005             37        0.02        0.13    LAVABO_PARALLEL:2@1
 3995     0.00      953.356        0.001        0.464             37        0.02       12.54    APL_ARPEGE_PARALLEL:CPPHINP@1
 3996     0.00      953.357        0.001        0.028             37        0.02        0.76    APL_ARPEGE_PARALLEL:PPWETPOINT@1
 3997     0.00      953.357        0.001        0.001             37        0.02        0.02    CPG_SL1F_TYPE_SYNC_HOST@1
 3998     0.00      953.358        0.001        0.001             37        0.02        0.02    LARMES_PARALLEL:LARMES:GET_DATA@1
 3999     0.00      953.359        0.001        0.001              1        0.57        0.57    SRTM_KGB17@1
 4000     0.00      953.359        0.001       45.753             37        0.02     1236.57    APL_ARPEGE_INIT_PARALLEL@1
 4001     0.00      953.360        0.001        0.170              1        0.57      169.99    SUSI@1
 4002     0.00      953.360        0.001        0.001              1        0.57        1.10    SUPHY0@1
 4003     0.00      953.361        0.001       30.181             37        0.02      815.72    ACVPPKF_PARALLEL:PART0@1
 4004     0.00      953.361        0.001        0.001             37        0.02        0.02    CPG_DRV:INIT@1
 4005     0.00      953.362        0.001        0.097             37        0.02        2.63    APL_ARPEGE_PARALLEL:ACEVADCAPE@1
 4006     0.00      953.363        0.001        0.001             37        0.02        0.02    LAPINEB_PARALLEL:LARCHE:GET_DATA@1
 4007     0.00      953.363        0.001        0.001             37        0.01        0.02    CPG_GP_HYD_PARALLEL:2:GET_DATA@1
 4008     0.00      953.364        0.001        0.053             37        0.01        1.44    CTVTOT_EXPL_PARALLEL:0@1
 4009     0.00      953.364        0.001        0.001             36        0.02        0.02    CPCFU_PARALLEL:5:COMPUTE@1
 4010     0.00      953.365        0.001        0.009              1        0.55        9.43    SUSC2B@1
 4011     0.00      953.365        0.001        0.001            333        0.00        0.00    CPUTQY0_PARALLEL:PVAR:GET_DATA@1
 4012     0.00      953.366        0.001        0.001             37        0.01        0.02    APL_ARPEGE_OCEANIC_FLUXES_PARALLEL:ACFLUSO:GET_DATA@1
 4013     0.00      953.366        0.001        0.001             37        0.01        0.01    APL_ARPEGE_PARALLEL:ACHMT:GET_DATA@1
 4014     0.00      953.367        0.001        0.001             30        0.02        0.04    APL_ARPEGE_RADIATION_PARALLEL:CALLRAD_F@1
 4015     0.00      953.367        0.001        0.001             37        0.01        0.01    MF_PHYS_PARALLEL:MF_PHYS_NEXT_STATE%INIT@1
 4016     0.00      953.368        0.001        0.001              1        0.52        0.52    RRTM_KGB5@1
 4017     0.00      953.368        0.001        0.086             36        0.01        2.40    CPCFU_PARALLEL@1
 4018     0.00      953.369        0.001        0.001            555        0.00        0.00    GPRCP_EXPL_PARALLEL:1:NULLIFY@1
 4019     0.00      953.369        0.001        0.001             74        0.01        0.01    LAPINEB_PARALLEL:ROTUVGEO:GET_DATA@1
 4020     0.00      953.370        0.001        0.001             37        0.01        0.01    ACVPPKF_PARALLEL:PART3:GET_DATA@1
 4021     0.00      953.371        0.001        0.001             37        0.01        0.01    APL_ARPEGE_SURFACE_UPDATE_PARALLEL:LMSE_F:GET_DATA@1
 4022     0.00      953.371        0.001        4.921             72        0.01       68.35    EXCHANGE_MS@1
 4023     0.00      953.372        0.001       22.272             37        0.01      601.94    CPG_DYN_SLG_PARALLEL@1
 4024     0.00      953.372        0.001       17.928             37        0.01      484.53    APL_ARPEGE_SURFACE_PARALLEL@1
 4025     0.00      953.373        0.001        0.086             37        0.01        2.33    MF_PHYS_FPL_PART2_PARALLEL@1
 4026     0.00      953.373        0.001        0.009             37        0.01        0.23    CPXFU_PARALLEL:0@1
 4027     0.00      953.374        0.001        0.149            185        0.00        0.81    ACCTND0_PARALLEL:PACC@1
 4028     0.00      953.374        0.001        1.355             37        0.01       36.62    APL_ARPEGE_DPRECIPS_PARALLEL@1
 4029     0.00      953.375        0.001      164.787             37        0.01     4453.71    ACVPPKF_PARALLEL@1
 4030     0.00      953.375        0.001        0.006             37        0.01        0.17    APL_ARPEGE_PARALLEL:FRSOPT@1
 4031     0.00      953.376        0.000        0.041            100        0.00        0.41    POSNAM@1
 4032     0.00      953.376        0.000        0.007             37        0.01        0.18    APL_ARPEGE_PARALLEL:BAYRAD@1
 4033     0.00      953.377        0.000        0.000              1        0.50        0.50    IOGRID_MOD:INI_INDSEL@1
 4034     0.00      953.377        0.000        0.001             37        0.01        0.01    APL_ARPEGE_SURFACE_PARALLEL:ACDIFV2:GET_DATA@1
 4035     0.00      953.378        0.000        0.878             37        0.01       23.73    APL_ARPEGE_RADIATION_PARALLEL:RADHEAT@1
 4036     0.00      953.378        0.000        0.971             37        0.01       26.24    APL_ARPEGE_PARALLEL:APLPAR_INIT@1
 4037     0.00      953.379        0.000        0.007             37        0.01        0.19    APL_ARPEGE_PARALLEL:ZDPHIV@1
 4038     0.00      953.379        0.000        0.001              1        0.49        1.08    SUSTA@1
 4039     0.00      953.380        0.000        0.000             30        0.02        0.02    APL_ARPEGE_RADIATION_PARALLEL:CALLRAD_F:COMPUTE@1
 4040     0.00      953.380        0.000        0.000              1        0.48        0.48    RRTM_KGB4@1
 4041     0.00      953.381        0.000        0.000             37        0.01        0.01    APL_ARPEGE_PARALLEL:ACSOL:GET_DATA@1
 4042     0.00      953.381        0.000        0.001             37        0.01        0.02    APL_ARPEGE_INIT_SURFEX_PARALLEL@1
 4043     0.00      953.381        0.000        0.000             37        0.01        0.01    APL_ARPEGE_INIT_PARALLEL:3:GET_DATA@1
 4044     0.00      953.382        0.000        0.024             37        0.01        0.66    CPG_GP_PARALLEL:GP_SPV@1
 4045     0.00      953.382        0.000        0.000              1        0.47        0.47    SUALMP2@1
 4046     0.00      953.383        0.000        0.000             37        0.01        0.01    LAVENT_PARALLEL:0:GET_DATA@1
 4047     0.00      953.383        0.000        0.000             37        0.01        0.01    ACVPPKF_PARALLEL:PART0:GET_DATA@1
 4048     0.00      953.384        0.000        0.001            222        0.00        0.00    LATTEX_EXPL_2TL_PARALLEL:3:GET_DATA@1
 4049     0.00      953.384        0.000        0.004             37        0.01        0.10    APL_ARPEGE_PARALLEL:PLSM@1
 4050     0.00      953.385        0.000        0.000              1        0.45        0.45    SRTM_KGB21@1
 4051     0.00      953.385        0.000        0.081             37        0.01        2.18    APL_WIND_GUST_PARALLEL:ACCLDIA@1
 4052     0.00      953.386        0.000        0.000             74        0.01        0.01    GPMPFC_EXPL_PARALLEL:1:NULLIFY@1
 4053     0.00      953.386        0.000        0.183             37        0.01        4.95    APL_ARPEGE_PARALLEL:ACVISIH@1
 4054     0.00      953.386        0.000        0.000              1        0.44        0.44    SPGEOM_MOD:SUSPGM@1
 4055     0.00      953.387        0.000        0.001            324        0.00        0.00    SCAN2M_TS_PARALLEL:0:GET_DATA@1
 4056     0.00      953.387        0.000        0.000             37        0.01        0.01    LAPINEA_PARALLEL:LARCINA:GET_DATA@1
 4057     0.00      953.388        0.000        0.020             37        0.01        0.54    CPG_GP_PARALLEL:GPTF2_EXPL_2TL@1
 4058     0.00      953.388        0.000       17.502             37        0.01      473.02    LATTEX_PARALLEL@1
 4059     0.00      953.389        0.000        0.000             38        0.01        0.01    UPDMOON@1
 4060     0.00      953.389        0.000        0.000              1        0.43        0.43    SRTM_KGB28@1
 4061     0.00      953.390        0.000        0.012              1        0.43       12.11    SUPHMPA@1
 4062     0.00      953.390        0.000      118.465             37        0.01     3201.75    CALL_SL_DRV@1
 4063     0.00      953.390        0.000        0.000             37        0.01        0.01    APL_ARPEGE_HYDRO_BUDGET_PARALLEL:ACDROV:GET_DATA@1
 4064     0.00      953.391        0.000        0.000             36        0.01        0.01    CPCFU_PARALLEL:1:GET_DATA@1
 4065     0.00      953.391        0.000        0.176             37        0.01        4.76    APL_ARPEGE_SURFACE_UPDATE_PARALLEL:LMSE_F@1
 4066     0.00      953.392        0.000       33.231             37        0.01      898.15    ACVPPKF_PARALLEL:PART3@1
 4067     0.00      953.392        0.000        0.000             37        0.01        0.01    APL_ARPEGE_PARALLEL:ACEVADCAPE:GET_DATA@1
 4068     0.00      953.392        0.000        0.561             37        0.01       15.16    APL_ARPEGE_PARALLEL:ACTQSAT@1
 4069     0.00      953.393        0.000        0.193            234        0.00        0.82    SPNORMBM@1
 4070     0.00      953.393        0.000        0.000             37        0.01        0.01    LARCINB_PARALLEL:LRHS_CURV_F:GET_DATA@1
 4071     0.00      953.394        0.000        0.008             37        0.01        0.20    CPG_GP_PARALLEL:MAP_FACTOR@1
 4072     0.00      953.394        0.000        0.792             37        0.01       21.42    LATTES_PARALLEL@1
 4073     0.00      953.395        0.000        0.637             37        0.01       17.22    APL_ARPEGE_DEEP_CONVECTION_PARALLEL:ZERO@1
 4074     0.00      953.395        0.000        0.003             37        0.01        0.09    CPG_GP_PARALLEL:SETZERO@1
 4075     0.00      953.395        0.000        9.074             37        0.01      245.24    APL_ARPEGE_SURFACE_PARALLEL:ACDIFV1@1
 4076     0.00      953.396        0.000        0.033             37        0.01        0.90    CPXFU_PARALLEL:2@1
 4077     0.00      953.396        0.000        0.217             37        0.01        5.86    GPTF1_YDVARS_PARALLEL@1
 4078     0.00      953.397        0.000        0.000             37        0.01        0.01    ACVPPKF_PARALLEL:PART1:GET_DATA@1
 4079     0.00      953.397        0.000        0.000            222        0.00        0.00    LAPINEB_PARALLEL:CVGQ:GET_DATA@1
 4080     0.00      953.397        0.000        7.279             37        0.01      196.73    APL_ARPEGE_ATMOSPHERE_UPDATE_PARALLEL@1
 4081     0.00      953.398        0.000        0.043             37        0.01        1.17    CPXFU_PARALLEL:4@1
 4082     0.00      953.398        0.000       10.604             37        0.01      286.60    APL_ARPEGE_INIT_PARALLEL:4@1
 4083     0.00      953.399        0.000        0.000             37        0.01        0.01    APL_ARPEGE_PARALLEL:ACDRAG:GET_DATA@1
 4084     0.00      953.399        0.000        0.000             37        0.01        0.01    APL_ARPEGE_PRECIPITATION_PARALLEL:ACUPTQ:GET_DATA@1
 4085     0.00      953.399        0.000        0.002             37        0.01        0.06    CPXFU_PARALLEL:1@1
 4086     0.00      953.400        0.000        0.000             41        0.01        0.01    GRIB_API:IGRIB_SET_INT8@1
 4087     0.00      953.400        0.000        0.052             37        0.01        1.41    CPGLAG_PARALLEL:1@1
 4088     0.00      953.400        0.000        0.104             37        0.01        2.81    MF_PHYS_FPL_PART1_PARALLEL@1
 4089     0.00      953.401        0.000        0.009             37        0.01        0.25    CPXFU_PARALLEL:3@1
 4090     0.00      953.401        0.000        0.466             37        0.01       12.60    CTVTOT_EXPL_PARALLEL@1
 4091     0.00      953.402        0.000        0.153             37        0.01        4.13    CPGLAG_PARALLEL:STR@1
 4092     0.00      953.402        0.000        3.901             37        0.01      105.44    APL_ARPEGE_DEEP_CONVECTION_PARALLEL:CUCALLN_MF@1
 4093     0.00      953.402        0.000        0.000            148        0.00        0.00    GPRCP_EXPL_PARALLEL:0:GET_DATA@1
 4094     0.00      953.403        0.000        0.712             37        0.01       19.24    APL_ARPEGE_DEEP_CONVECTION_PARALLEL:INIT@1
 4095     0.00      953.403        0.000        0.028             37        0.01        0.77    APL_ARPEGE_HYDRO_BUDGET_PARALLEL@1
 4096     0.00      953.404        0.000        0.000             37        0.01        0.01    CPXFU_PARALLEL:2:GET_DATA@1
 4097     0.00      953.404        0.000        0.002              1        0.38        1.68    INI_RAIN_ICE@1
 4098     0.00      953.404        0.000        0.001              1        0.37        1.11    SUECAEOR@1
 4099     0.00      953.405        0.000        0.000             37        0.01        0.01    APL_ARPEGE_CLOUDINESS_PARALLEL:ACNEBCOND:GET_DATA@1
 4100     0.00      953.405        0.000        0.710             37        0.01       19.18    APL_ARPEGE_PARALLEL:ACDRME@1
 4101     0.00      953.405        0.000        0.000             37        0.01        0.01    APL_ARPEGE_RADIATION_PARALLEL:RADHEAT:GET_DATA@1
 4102     0.00      953.406        0.000        0.001              1        0.37        1.07    SUECAESU@1
 4103     0.00      953.406        0.000        0.571             37        0.01       15.43    APL_ARPEGE_DEEP_CONVECTION_PARALLEL:COPY@1
 4104     0.00      953.407        0.000        3.343             37        0.01       90.36    LARMES_PARALLEL@1
 4105     0.00      953.407        0.000        0.000             37        0.01        0.01    CPG_GP_PARALLEL:GPINISLB_PART1_EXPL:GET_DATA@1
 4106     0.00      953.407        0.000        0.013             37        0.01        0.34    CPG_END_SFC_PARALLEL@1
 4107     0.00      953.408        0.000        5.129             37        0.01      138.63    MF_PHYS_INIT_PARALLEL@1
 4108     0.00      953.408        0.000        5.964             37        0.01      161.20    APL_ARPEGE_INIT_PARALLEL:5@1
 4109     0.00      953.408        0.000        0.001              1        0.36        1.04    SUECAESS@1
 4110     0.00      953.409        0.000        0.000            141        0.00        0.00    FANFAR_MT@1
 4111     0.00      953.409        0.000        0.001              1        0.36        1.06    SUECAESD@1
 4112     0.00      953.409        0.000        0.000            148        0.00        0.00    GPINISLB_PART2_EXPL_PARALLEL:1:GET_DATA@1
 4113     0.00      953.410        0.000        0.023             36        0.01        0.63    CPCFU_PARALLEL:0@1
 4114     0.00      953.410        0.000        0.001            202        0.00        0.00    SUCLDP:BETAI@1
 4115     0.00      953.410        0.000        0.000              1        0.35        0.35    SRTM_KGB19@1
 4116     0.00      953.411        0.000        0.000             37        0.01        0.01    CPG_GP_HYD_PARALLEL:1:GET_DATA@1
 4117     0.00      953.411        0.000        0.000             37        0.01        0.01    APL_ARPEGE_PARALLEL:ACCLPH:GET_DATA@1
 4118     0.00      953.412        0.000        0.000             37        0.01        0.01    APL_ARPEGE_INIT_PARALLEL:5:GET_DATA@1
 4119     0.00      953.412        0.000        0.000             74        0.00        0.01    GPMPFC_EXPL_PARALLEL:1:GET_DATA@1
 4120     0.00      953.412        0.000        0.290             37        0.01        7.84    CPG_DIA_FLU_PARALLEL:2@1
 4121     0.00      953.413        0.000        1.019             37        0.01       27.55    LAVENT_PARALLEL@1
 4122     0.00      953.413        0.000        0.147             37        0.01        3.98    MF_PHYS_MOCON_PARALLEL@1
 4123     0.00      953.413        0.000        0.019             37        0.01        0.51    CPG_DIA_FLU_PARALLEL:4@1
 4124     0.00      953.414        0.000        0.000             37        0.01        0.01    APL_ARPEGE_PARALLEL:QNGCOR:GET_DATA@1
 4125     0.00      953.414        0.000        0.959             37        0.01       25.93    MF_PHYS_PREP_PARALLEL@1
 4126     0.00      953.414        0.000        2.216             37        0.01       59.88    LASSIE_PARALLEL@1
 4127     0.00      953.415        0.000        0.000             37        0.01        0.01    MF_PHYS_PARALLEL:MF_PHYS_BASE_STATE%INIT@1
 4128     0.00      953.415        0.000       68.836             37        0.01     1860.43    ACVPPKF_PARALLEL:PART1@1
 4129     0.00      953.415        0.000       13.096             37        0.01      353.96    TRANSINV_MDL@1
 4130     0.00      953.416        0.000        0.000             37        0.01        0.01    APL_ARPEGE_DEEP_CONVECTION_PARALLEL:ACUPTQ:GET_DATA@1
 4131     0.00      953.416        0.000        0.001             36        0.01        0.03    CPCFU_PARALLEL:5@1
 4132     0.00      953.416        0.000        0.001              1        0.33        0.93    SUTOPH@1
 4133     0.00      953.417        0.000        0.428             37        0.01       11.58    APL_ARPEGE_DEEP_CONVECTION_PARALLEL:ACUPTQ@1
 4134     0.00      953.417        0.000        0.103             37        0.01        2.79    APL_ARPEGE_OCEANIC_FLUXES_PARALLEL@1
 4135     0.00      953.417        0.000        0.024             37        0.01        0.64    APL_ARPEGE_ALBEDO_COMPUTATION_PARALLEL:0@1
 4136     0.00      953.418        0.000        0.004              2        0.17        2.12    OPENFA@1
 4137     0.00      953.418        0.000       25.019             37        0.01      676.20    APL_ARPEGE_INIT_PARALLEL:3@1
 4138     0.00      953.418        0.000        1.799             37        0.01       48.63    APL_ARPEGE_CLOUDINESS_PARALLEL@1
 4139     0.00      953.419        0.000        3.397             37        0.01       91.80    APL_ARPEGE_ATMOSPHERE_UPDATE_PARALLEL:CPTEND_NEW@1
 4140     0.00      953.419        0.000        0.000              1        0.33        0.33    SURCORDI@1
 4141     0.00      953.419        0.000        0.000              3        0.11        0.11    FIELD_GFL_WRAPPER:GFL_MAPPING_SETUP@1
 4142     0.00      953.420        0.000        0.011             37        0.01        0.29    APL_ARPEGE_PARALLEL:PRECIPS@1
 4143     0.00      953.420        0.000        0.002              2        0.16        0.94    SUFPC@1
 4144     0.00      953.420        0.000        0.001              1        0.32        0.71    SUGEM_NAML@1
 4145     0.00      953.421        0.000        0.028             37        0.01        0.76    APL_ARPEGE_SOIL_HYDRO_PARALLEL:ACVEG@1
 4146     0.00      953.421        0.000        0.028             36        0.01        0.79    CPCFU_PARALLEL:1@1
 4147     0.00      953.421        0.000        0.000             37        0.01        0.01    LATTEX_EXPL_VSPLTRANS_PARALLEL@1
 4148     0.00      953.422        0.000        0.009             37        0.01        0.24    APL_ARPEGE_INIT_PARALLEL:6@1
 4149     0.00      953.422        0.000        0.005              1        0.32        4.84    SU0PHY@1
 4150     0.00      953.422        0.000        0.000              1        0.32        0.32    SUALDYN_DDH@1
 4151     0.00      953.422        0.000        0.000             37        0.01        0.01    MF_PHYS_TRANSFER_PARALLEL:ALL:GET_DATA@1
 4152     0.00      953.423        0.000        0.000             12        0.03        0.03    SURFACE_FIELDS_MIX:FINALISE_SFLP3@1
 4153     0.00      953.423        0.000        0.015              1        0.31       15.43    SUVERT@1
 4154     0.00      953.423        0.000        0.028             37        0.01        0.76    APL_ARPEGE_HYDRO_BUDGET_PARALLEL:ACDROV@1
 4155     0.00      953.424        0.000        0.329             37        0.01        8.89    APL_ARPEGE_SURFACE_UPDATE_PARALLEL@1
 4156     0.00      953.424        0.000        0.018              3        0.10        6.11    FIELD_CONTAINER_GP_MOD:FIELD_CREATE@1
 4157     0.00      953.424        0.000        0.302              1        0.31      301.83    SUDYN@1
 4158     0.00      953.425        0.000        0.000             37        0.01        0.01    CPXFU_PARALLEL:0:GET_DATA@1
 4159     0.00      953.425        0.000        0.000             37        0.01        0.01    APL_ARPEGE_PARALLEL:APLPAR_INIT:GET_DATA@1
 4160     0.00      953.425        0.000        0.000             36        0.01        0.01    CPCFU_PARALLEL:2:GET_DATA@1
 4161     0.00      953.426        0.000        0.000             37        0.01        0.01    CPGLAG_PARALLEL:0:GET_DATA@1
 4162     0.00      953.426        0.000        0.000             36        0.01        0.01    CPCFU_PARALLEL:0:GET_DATA@1
 4163     0.00      953.426        0.000        0.032             37        0.01        0.86    LAVABO_PARALLEL@1
 4164     0.00      953.426        0.000        0.000             37        0.01        0.01    CPXFU_PARALLEL:1:GET_DATA@1
 4165     0.00      953.427        0.000        0.000              1        0.30        0.30    RRTM_KGB9@1
 4166     0.00      953.427        0.000        0.014             36        0.01        0.38    APL_ARPEGE_RADIATION_PARALLEL:SUNSHINE@1
 4167     0.00      953.427        0.000        0.409             36        0.01       11.36    SPCHORNEW@1
 4168     0.00      953.428        0.000        0.000             37        0.01        0.01    LAPINEB_PARALLEL:ROTUV:GET_DATA@1
 4169     0.00      953.428        0.000        0.000             37        0.01        0.01    LATTES_PARALLEL:0:GET_DATA@1
 4170     0.00      953.428        0.000        0.011             37        0.01        0.29    LAVABO_EXPL_LAITVSPCQM_PART1_PARALLEL@1
 4171     0.00      953.429        0.000        0.000             37        0.01        0.01    APL_ARPEGE_SURFACE_PARALLEL:ACDIFV1:GET_DATA@1
 4172     0.00      953.429        0.000        0.000              1        0.29        0.29    RRTM_KGB7@1
 4173     0.00      953.429        0.000        0.022             36        0.01        0.60    CPCFU_PARALLEL:2@1
 4174     0.00      953.429        0.000        0.001              1        0.29        1.05    SUECAEBC@1
 4175     0.00      953.430        0.000        0.000              1        0.29        0.29    FINAL_STATS@1
 4176     0.00      953.430        0.000        0.018              5        0.06        3.59    GPNORM3@1
 4177     0.00      953.430        0.000        0.436             37        0.01       11.79    APL_ARPEGE_PARALLEL:ACDRAG@1
 4178     0.00      953.431        0.000        0.000             74        0.00        0.00    GPMPFC_EXPL_PART2_PARALLEL:0:GET_DATA@1
 4179     0.00      953.431        0.000        0.011             36        0.01        0.32    CPCFU_PARALLEL:3@1
 4180     0.00      953.431        0.000        0.000              1        0.29        0.29    GFL_SUBS_MOD:PRINT_GFL@1
 4181     0.00      953.431        0.000        0.000            222        0.00        0.00    LARCINB_PARALLEL:LAITRE_GFL:NULLIFY@1
 4182     0.00      953.432        0.000        0.001             53        0.01        0.03    FANION_MT@1
 4183     0.00      953.432        0.000        0.000             37        0.01        0.01    CPG_GP_PARALLEL:GP_SPV:GET_DATA@1
 4184     0.00      953.432        0.000        0.000             37        0.01        0.01    APL_ARPEGE_DEEP_CONVECTION_PARALLEL:INIT:GET_DATA@1
 4185     0.00      953.433        0.000        0.000             37        0.01        0.01    LAVABO_PARALLEL:1:COMPUTE@1
 4186     0.00      953.433        0.000        0.000            324        0.00        0.00    SCAN2M_TS_PARALLEL:0:NULLIFY@1
 4187     0.00      953.433        0.000        0.041             37        0.01        1.12    APL_ARPEGE_RADIATION_PARALLEL:DIRECT@1
 4188     0.00      953.433        0.000        0.024             37        0.01        0.66    APL_ARPEGE_ALBEDO_COMPUTATION_PARALLEL@1
 4189     0.00      953.434        0.000        0.000             37        0.01        0.01    LARCINB_PARALLEL:LAITRE_GMV:GET_DATA@1
 4190     0.00      953.434        0.000        0.000            222        0.00        0.00    GPINISLB_PART2_EXPL_PARALLEL:0:GET_DATA@1
 4191     0.00      953.434        0.000        0.000             37        0.01        0.01    APL_ARPEGE_PARALLEL:CPPHINP:GET_DATA@1
 4192     0.00      953.435        0.000        0.000              1        0.27        0.27    SRTM_KGB18@1
 4193     0.00      953.435        0.000        0.042             10        0.03        4.22    GPNORM1@1
 4194     0.00      953.435        0.000       12.948             36        0.01      359.67    TRANSDIR_MDL@1
 4195     0.00      953.435        0.000        0.000              1        0.27        0.40    SUVERT:SUVFE_ADJUST_AB@1
 4196     0.00      953.436        0.000        0.085             37        0.01        2.30    APL_ARPEGE_PARALLEL:EDR@1
 4197     0.00      953.436        0.000        0.000            148        0.00        0.00    GPRCP_EXPL_PARALLEL:4:GET_DATA@1
 4198     0.00      953.436        0.000        0.000              1        0.26        0.26    RRTM_KGB13@1
 4199     0.00      953.436        0.000        0.000            333        0.00        0.00    CPUTQY0_PARALLEL:PVAR:NULLIFY@1
 4200     0.00      953.437        0.000        0.000             37        0.01        0.01    LAPINEB_PARALLEL:NVLAG3:GET_DATA@1
 4201     0.00      953.437        0.000       79.403              1        0.26    79402.89    SCAN2M_OOPS@1
 4202     0.00      953.437        0.000        0.000             37        0.01        0.01    APL_ARPEGE_PARALLEL:FRSOPT:GET_DATA@1
 4203     0.00      953.437        0.000        0.000             37        0.01        0.01    APL_ARPEGE_RADIATION_PARALLEL:ACDAYD:GET_DATA@1
 4204     0.00      953.438        0.000        0.000             37        0.01        0.01    MF_PHYS_PREP_PARALLEL:PREP:GET_DATA@1
 4205     0.00      953.438        0.000        0.000              1        0.25        0.25    MF_PHYS_SAVE_PHSURF_PART2_PARALLEL:PART2:COMPUTE@1
 4206     0.00      953.438        0.000        0.000             36        0.01        0.01    CPCFU_PARALLEL:3:GET_DATA@1
 4207     0.00      953.438        0.000        1.083             37        0.01       29.28    APL_ARPEGE_DPRECIPS_PARALLEL:0@1
 4208     0.00      953.439        0.000        0.097             37        0.01        2.63    CPXFU_PARALLEL@1
 4209     0.00      953.439        0.000        0.000              1        0.24        0.24    ELMHES@1
 4210     0.00      953.439        0.000        0.002              7        0.03        0.23    RECMWF_PARALLEL:ECRAD_POST@1
 4211     0.00      953.439        0.000        0.000            185        0.00        0.00    GPRCP_EXPL_PARALLEL:2:GET_DATA@1
 4212     0.00      953.440        0.000        0.000              1        0.24        0.24    RRTM_KGB16@1
 4213     0.00      953.440        0.000        0.121            247        0.00        0.49    FASGRA_MT@1
 4214     0.00      953.440        0.000        0.000              1        0.24        0.24    SRTM_KGB24@1
 4215     0.00      953.440        0.000        0.000             37        0.01        0.01    APL_ARPEGE_PARALLEL:ACDRME:GET_DATA@1
 4216     0.00      953.441        0.000        0.000            222        0.00        0.00    LAPINEB_PARALLEL:ZERO_GMV9:GET_DATA@1
 4217     0.00      953.441        0.000        0.000            594        0.00        0.00    SUCLDP:GAMMLN@1
 4218     0.00      953.441        0.000        0.000              1        0.24        0.24    SRTM_KGB22@1
 4219     0.00      953.441        0.000        0.000             37        0.01        0.01    APL_ARPEGE_DEEP_CONVECTION_PARALLEL:COPY:GET_DATA@1
 4220     0.00      953.441        0.000        0.000              1        0.23        0.23    SUHER@1
 4221     0.00      953.442        0.000        1.399             37        0.01       37.82    APL_ARPEGE_CLOUDINESS_PARALLEL:ACNEBCOND@1
 4222     0.00      953.442        0.000        0.008              1        0.23        7.52    RADIATION_SETUP:SETUP_RADIATION_SCHEME_CPU@1
 4223     0.00      953.442        0.000        0.000             37        0.01        0.01    LARCINB_PARALLEL:NTLAG_3:GET_DATA@1
 4224     0.00      953.442        0.000        0.000             37        0.01        0.01    CPG_PARALLEL:ISETTLOFF:GET_DATA@1
 4225     0.00      953.443        0.000        0.000             37        0.01        0.01    CPG_DIA_FLU_PARALLEL:3:GET_DATA@1
 4226     0.00      953.443        0.000        0.000             37        0.01        0.01    LAPINEB_PARALLEL:LACONE:GET_DATA@1
 4227     0.00      953.443        0.000        0.001              1        0.23        0.96    SUXFU@1
 4228     0.00      953.443        0.000        0.000              2        0.11        0.11    READ_XKER_RACCS@1
 4229     0.00      953.444        0.000        0.000             37        0.01        0.01    APL_ARPEGE_DEEP_CONVECTION_PARALLEL:ZERO:GET_DATA@1
 4230     0.00      953.444        0.000        0.000              7        0.03        0.03    RECMWF_PARALLEL:FINISH:GET_DATA@1
 4231     0.00      953.444        0.000        6.914              7        0.03      987.67    RECMWF_PARALLEL:PREPARE@1
 4232     0.00      953.444        0.000       13.097             37        0.01      353.97    TRANSINVH@1
 4233     0.00      953.444        0.000        0.000             37        0.01        0.01    APL_ARPEGE_INIT_PARALLEL:4:GET_DATA@1
 4234     0.00      953.445        0.000        0.000              1        0.22        0.22    RRTM_KGB15@1
 4235     0.00      953.445        0.000        0.551             37        0.01       14.90    CPG_END_MAP_PARALLEL@1
 4236     0.00      953.445        0.000        0.000             37        0.01        0.01    APL_ARPEGE_RADIATION_PARALLEL:LMSE_F:GET_DATA@1
 4237     0.00      953.445        0.000        0.000             37        0.01        0.01    LARCINB_PARALLEL:LCOMAD_SP:GET_DATA@1
 4238     0.00      953.445        0.000        0.000            185        0.00        0.00    ACCTND0_PARALLEL:PACC:GET_DATA@1
 4239     0.00      953.446        0.000        0.000             37        0.01        0.01    APL_ARPEGE_PARALLEL:DIFTQ:GET_DATA@1
 4240     0.00      953.446        0.000        0.002              1        0.21        2.28    YOMVAR:SETUP_VAR@1
 4241     0.00      953.446        0.000        0.000            222        0.00        0.00    LAPINEB_PARALLEL:CVGQ:NULLIFY@1
 4242     0.00      953.446        0.000        0.000             37        0.01        0.01    APL_ARPEGE_PARALLEL:ACVISIH:GET_DATA@1
 4243     0.00      953.447        0.000        0.000            288        0.00        0.00    MYRECVSET@1
 4244     0.00      953.447        0.000        0.000            144        0.00        0.00    EXCHANGE_MS:ADD3DF@1
 4245     0.00      953.447        0.000        0.000            288        0.00        0.00    MYSENDSET@1
 4246     0.00      953.447        0.000        0.007             37        0.01        0.19    APL_ARPEGE_INIT_PARALLEL:0@1
 4247     0.00      953.447        0.000        0.000             37        0.01        0.01    APL_ARPEGE_INIT_PARALLEL:1:GET_DATA@1
 4248     0.00      953.448        0.000        0.000              2        0.10        0.10    READ_XKER_SWETH@1
 4249     0.00      953.448        0.000        0.000             37        0.01        0.01    MF_PHYS_INIT_PARALLEL:ZERO:NULLIFY@1
 4250     0.00      953.448        0.000        0.000              1        0.20        0.20    IOSTREAM_MIX:IOSTREAM_STATS@1
 4251     0.00      953.448        0.000        0.001            244        0.00        0.00    IOGRIDA_MOD:ACPY@1
 4252     0.00      953.448        0.000        2.864             37        0.01       77.39    APL_ARPEGE_INIT_PARALLEL:2@1
 4253     0.00      953.449        0.000        0.000              1        0.19        0.45    SUNDDH@1
 4254     0.00      953.449        0.000        0.000             37        0.01        0.01    APL_ARPEGE_ALBEDO_COMPUTATION_PARALLEL:0:GET_DATA@1
 4255     0.00      953.449        0.000        0.000             37        0.01        0.01    LAVABO_PARALLEL:0:GET_DATA@1
 4256     0.00      953.449        0.000        0.028             37        0.01        0.77    APL_ARPEGE_SOIL_HYDRO_PARALLEL@1
 4257     0.00      953.449        0.000        0.000            222        0.00        0.00    LARCINB_PARALLEL:RRINTOPT:NULLIFY@1
 4258     0.00      953.449        0.000        0.157             37        0.01        4.25    APL_ARPEGE_AEROSOLS_FOR_RADIATION_PARALLEL@1
 4259     0.00      953.450        0.000        0.000             37        0.01        0.01    CPG_PARALLEL:LSMTSOL:GET_DATA@1
 4260     0.00      953.450        0.000        0.000              1        0.19        0.19    SCAN2M_OOPS:WIPE@1
 4261     0.00      953.450        0.000        0.000             37        0.00        0.01    CPG_GP_PARALLEL:GPINISLB_PART3_EXPL:GET_DATA@1
 4262     0.00      953.450        0.000        0.000            240        0.00        0.00    GAMMA_INC@1
 4263     0.00      953.450        0.000        0.000              1        0.18        0.18    SUALDYN@1
 4264     0.00      953.451        0.000        0.000             37        0.00        0.01    APL_ARPEGE_SOIL_HYDRO_PARALLEL:ACVEG:GET_DATA@1
 4265     0.00      953.451        0.000        0.000            222        0.00        0.00    LATTEX_EXPL_2TL_PARALLEL:3:NULLIFY@1
 4266     0.00      953.451        0.000        0.000             37        0.00        0.01    LARCINB_PARALLEL:NVLAG_3:GET_DATA@1
 4267     0.00      953.451        0.000        0.000             41        0.00        0.01    TRMTOL_BAR2@1
 4268     0.00      953.451        0.000        0.000             48        0.00        0.00    MONIO_T@1
 4269     0.00      953.451        0.000        0.001              1        0.18        0.52    SUDYNA@1
 4270     0.00      953.452        0.000        0.001              7        0.03        0.12    RECMWF_PARALLEL:1@1
 4271     0.00      953.452        0.000        0.000             37        0.00        0.01    APL_ARPEGE_PARALLEL:PPWETPOINT:GET_DATA@1
 4272     0.00      953.452        0.000        0.000              1        0.18        0.18    YOMCSGEOM:DEALLO_TCSGEOM@1
 4273     0.00      953.452        0.000        0.000             37        0.00        0.01    APL_ARPEGE_PARALLEL:ACTQSAT:GET_DATA@1
 4274     0.00      953.452        0.000        0.000             37        0.00        0.01    LAPINEB_PARALLEL:TEMP_EQ:GET_DATA@1
 4275     0.00      953.453        0.000        0.000              1        0.17        0.18    SUGEM1B@1
 4276     0.00      953.453        0.000        0.000             37        0.00        0.01    APL_ARPEGE_DPRECIPS_PARALLEL:0:GET_DATA@1
 4277     0.00      953.453        0.000        0.000              1        0.17        0.17    RRTM_CMBGB3_CPU@1
 4278     0.00      953.453        0.000        0.000             37        0.00        0.00    CPGLAG_PARALLEL:STR:GET_DATA@1
 4279     0.00      953.453        0.000        0.000             37        0.00        0.00    CPG_DIA_FLU_PARALLEL:1:GET_DATA@1
 4280     0.00      953.453        0.000        0.000             37        0.00        0.00    APL_ARPEGE_PARALLEL:ZRDG_LCVQ:GET_DATA@1
 4281     0.00      953.454        0.000        0.000             37        0.00        0.00    CPG_DIA_FLU_PARALLEL:2:GET_DATA@1
 4282     0.00      953.454        0.000        0.000             37        0.00        0.00    APL_ARPEGE_ATMOSPHERE_UPDATE_PARALLEL:CPTEND_NEW:NULLIFY@1
 4283     0.00      953.454        0.000      443.163              7        0.02    63309.00    RECMWF_PARALLEL@1
 4284     0.00      953.454        0.000        0.000              1        0.17        0.17    RRTM_KGB12@1
 4285     0.00      953.454        0.000        0.000            222        0.00        0.00    LAVABO_EXPL_LAITVSPCQM_PART1_PARALLEL:0:GET_DATA@1
 4286     0.00      953.454        0.000        0.000             37        0.00        0.00    MF_PHYS_MOCON_PARALLEL:PPWETPOINT:GET_DATA@1
 4287     0.00      953.455        0.000        0.000             37        0.00        0.01    TRLTOM_BAR2@1
 4288     0.00      953.455        0.000        0.000            242        0.00        0.00    IOMULTIBUF_MOD:IOMULTIBUF_INCR_IDX@1
 4289     0.00      953.455        0.000        0.003              1        0.17        3.31    MF_PHYS_SAVE_PHSURF_PART1_PARALLEL:PART1@1
 4290     0.00      953.455        0.000        0.960              1        0.17      959.63    SU0YOMA@1
 4291     0.00      953.455        0.000        0.000              1        0.17        0.34    SUCFU@1
 4292     0.00      953.455        0.000        0.000             37        0.00        0.00    CPG_GP_HYD_PARALLEL:0:GET_DATA@1
 4293     0.00      953.456        0.000        0.000             74        0.00        0.00    LAPINEB_PARALLEL:ROTUVGEO:NULLIFY@1
 4294     0.00      953.456        0.000        1.189             37        0.00       32.14    APL_ARPEGE_INIT_PARALLEL:1@1
 4295     0.00      953.456        0.000        0.000             37        0.00        0.00    MF_PHYS_FPL_PART2_PARALLEL:PART2:GET_DATA@1
 4296     0.00      953.456        0.000        0.000             37        0.00        0.00    CPUTQY_APLPAR_EXPL_PARALLEL:ZDEC:GET_DATA@1
 4297     0.00      953.456        0.000        0.000             37        0.00        0.00    APL_ARPEGE_DEEP_CONVECTION_PARALLEL:ACUPTQ:NULLIFY@1
 4298     0.00      953.456        0.000        0.000             37        0.00        0.00    GPRCP_EXPL_PARALLEL:5:GET_DATA@1
 4299     0.00      953.457        0.000        0.028              2        0.08       14.04    FACGRM_MT@1
 4300     0.00      953.457        0.000      430.714              7        0.02    61530.50    RECMWF_PARALLEL:ECRAD_CPU@1
 4301     0.00      953.457        0.000        0.000            394        0.00        0.00    GAMMA_X0D@1
 4302     0.00      953.457        0.000        0.000              1        0.16        0.16    RRTM_CMBGB5_CPU@1
 4303     0.00      953.457        0.000        0.000            222        0.00        0.00    LAPINEB_PARALLEL:ZERO_GMV9:NULLIFY@1
 4304     0.00      953.457        0.000        0.001              1        0.15        0.66    YOMCST:SETUP_CONSTANTS@1
 4305     0.00      953.457        0.000        0.000             37        0.00        0.00    CPXFU_PARALLEL:3:GET_DATA@1
 4306     0.00      953.458        0.000        0.000             37        0.00        0.00    CPGLAG_PARALLEL:0:NULLIFY@1
 4307     0.00      953.458        0.000        0.000            222        0.00        0.00    GPINISLB_PART2_EXPL_PARALLEL:0:NULLIFY@1
 4308     0.00      953.458        0.000        0.000              1        0.15        0.15    RRTM_CMBGB4_CPU@1
 4309     0.00      953.458        0.000        0.000            148        0.00        0.00    GPRCP_EXPL_PARALLEL:0:NULLIFY@1
 4310     0.00      953.458        0.000        0.000             37        0.00        0.00    CPG_SL2_TYPE_SYNC_HOST@1
 4311     0.00      953.458        0.000        0.000             37        0.00        0.00    ACVPPKF_PARALLEL:PART2:NULLIFY@1
 4312     0.00      953.459        0.000        0.000             39        0.00        0.00    SUMETRIC@1
 4313     0.00      953.459        0.000        0.000             37        0.00        0.00    LAPINEB_PARALLEL:LACONE:NULLIFY@1
 4314     0.00      953.459        0.000        0.001              1        0.15        0.62    SUNUD@1
 4315     0.00      953.459        0.000        0.000             37        0.00        0.00    CPG_DIA_FLU_PARALLEL:0:GET_DATA@1
 4316     0.00      953.459        0.000        0.000             37        0.00        0.00    CPG_GP_PARALLEL:MAP_FACTOR:GET_DATA@1
 4317     0.00      953.459        0.000        0.000             37        0.00        0.00    APL_ARPEGE_PARALLEL:ZDE2MR:GET_DATA@1
 4318     0.00      953.459        0.000       12.948             36        0.00      359.67    TRANSDIRH@1
 4319     0.00      953.460        0.000        0.000             22        0.01        0.01    SURFACE_FIELDS_MIX:FINALISE_SFLP2@1
 4320     0.00      953.460        0.000        0.000            185        0.00        0.00    ACCTND0_PARALLEL:PACC:NULLIFY@1
 4321     0.00      953.460        0.000        0.081             37        0.00        2.19    APL_WIND_GUST_PARALLEL@1
 4322     0.00      953.460        0.000        0.000             37        0.00        0.00    LAVENT_PARALLEL:0:NULLIFY@1
 4323     0.00      953.460        0.000        0.001              1        0.14        1.20    SUCLDP@1
 4324     0.00      953.460        0.000        0.000             37        0.00        0.00    CPUTQY_APLPAR_EXPL_PARALLEL:PFDIS:GET_DATA@1
 4325     0.00      953.460        0.000        0.000             37        0.00        0.00    CPG_GP_HYD_PARALLEL:3:GET_DATA@1
 4326     0.00      953.461        0.000        0.000             36        0.00        0.00    CPCFU_PARALLEL:5:GET_DATA@1
 4327     0.00      953.461        0.000        0.000             37        0.00        0.00    APL_ARPEGE_PARALLEL:ZBAY_QRCONV:GET_DATA@1
 4328     0.00      953.461        0.000        0.000              1        0.14        0.14    SCAN2M_OOPS:COPY@1
 4329     0.00      953.461        0.000        0.000            148        0.00        0.00    GPRCP_EXPL_PARALLEL:4:NULLIFY@1
 4330     0.00      953.461        0.000        5.019              7        0.02      716.98    RECMWF_PARALLEL:FINISH@1
 4331     0.00      953.461        0.000        0.006              1        0.14        5.81    RRTM_INIT_140GP_CPU@1
 4332     0.00      953.461        0.000        0.000             37        0.00        0.00    APL_ARPEGE_PARALLEL:BAYRAD:GET_DATA@1
 4333     0.00      953.462        0.000        0.000             37        0.00        0.00    APL_ARPEGE_SHALLOW_CONVECTION_AND_TURBULENCE_PARALLEL:ACTKE:NULLIFY@1
 4334     0.00      953.462        0.000        0.000             37        0.00        0.00    CPG_GP_PARALLEL:GPINISLB_PART1_EXPL:NULLIFY@1
 4335     0.00      953.462        0.000        0.000             37        0.00        0.00    ACVPPKF_PARALLEL:PART0:NULLIFY@1
 4336     0.00      953.462        0.000        0.000             37        0.00        0.00    LAPINEB_PARALLEL:ROTUV:NULLIFY@1
 4337     0.00      953.462        0.000        0.006              1        0.14        5.93    radiation_interface_CPU:setup_radiation_CPU@1
 4338     0.00      953.462        0.000        0.000              1        0.14        0.14    RRTM_KGB8@1
 4339     0.00      953.462        0.000        0.000              8        0.02        0.02    UPDECOZC@1
 4340     0.00      953.462        0.000        0.000              1        0.13        0.13    SRTM_KGB20@1
 4341     0.00      953.463        0.000        0.000             37        0.00        0.00    CPG_PARALLEL:ZEROPB2:NULLIFY@1
 4342     0.00      953.463        0.000        0.000              2        0.07        0.07    READ_XKER_SDRYG@1
 4343     0.00      953.463        0.000        0.000             37        0.00        0.00    APL_WIND_GUST_PARALLEL:ACCLDIA:GET_DATA@1
 4344     0.00      953.463        0.000        0.000              1        0.13        0.13    RRTM_KGB2@1
 4345     0.00      953.463        0.000        0.000              1        0.13        0.13    SUALDYNB@1
 4346     0.00      953.463        0.000        0.000             37        0.00        0.00    APL_ARPEGE_DEEP_CONVECTION_PARALLEL:INIT:NULLIFY@1
 4347     0.00      953.463        0.000        0.000            185        0.00        0.00    GPRCP_EXPL_PARALLEL:2:NULLIFY@1
 4348     0.00      953.464        0.000        0.000            148        0.00        0.00    GPINISLB_PART2_EXPL_PARALLEL:1:NULLIFY@1
 4349     0.00      953.464        0.000        0.000             37        0.00        0.00    GPTF1_YDVARS_PARALLEL:LTWOTL:NULLIFY@1
 4350     0.00      953.464        0.000        0.000            263        0.00        0.00    FANUCA_MT@1
 4351     0.00      953.464        0.000        0.000             37        0.00        0.00    APL_ARPEGE_PRECIPITATION_PARALLEL:ACUPTQ:NULLIFY@1
 4352     0.00      953.464        0.000        0.000             37        0.00        0.00    APL_ARPEGE_DEEP_CONVECTION_PARALLEL:CUCALLN_MF:NULLIFY@1
 4353     0.00      953.464        0.000        0.000             37        0.00        0.00    LAPINEB_PARALLEL:ZVWEI:GET_DATA@1
 4354     0.00      953.464        0.000        0.000            222        0.00        0.00    LAVABO_EXPL_LAITVSPCQM_PART1_PARALLEL:0:NULLIFY@1
 4355     0.00      953.464        0.000        0.000             37        0.00        0.00    APL_ARPEGE_CLOUDINESS_PARALLEL:ACNEBCOND:NULLIFY@1
 4356     0.00      953.465        0.000        0.000              1        0.12        0.12    FIELD_DEFINITIONS:READ_DYNAMIC_NAMESPACE@1
 4357     0.00      953.465        0.000        0.000             37        0.00        0.00    APL_ARPEGE_PARALLEL:DIFTQ:NULLIFY@1
 4358     0.00      953.465        0.000        0.000             37        0.00        0.00    CPG_PARALLEL:ZEROSL1:NULLIFY@1
 4359     0.00      953.465        0.000        0.001              1        0.12        0.69    SUPHY3@1
 4360     0.00      953.465        0.000        0.004              1        0.12        4.43    SRTM_INIT_CPU@1
 4361     0.00      953.465        0.000        0.000             38        0.00        0.00    SCAN2M_ALLOCATE_T1@1
 4362     0.00      953.465        0.000        0.000              1        0.12        0.12    SRTM_CMBGB17_CPU@1
 4363     0.00      953.465        0.000        0.084              1        0.12       83.50    SUPHEC@1
 4364     0.00      953.465        0.000        0.001              1        0.12        1.22    SUPHY1@1
 4365     0.00      953.466        0.000        0.000             37        0.00        0.00    LAPINEB_PARALLEL:L_RDRY_VD:GET_DATA@1
 4366     0.00      953.466        0.000        0.000            285        0.00        0.00    TYPE_FADS:YSUFAD@1
 4367     0.00      953.466        0.000        0.000             37        0.00        0.00    APL_ARPEGE_DEEP_CONVECTION_PARALLEL:COPY:NULLIFY@1
 4368     0.00      953.466        0.000        0.000             37        0.00        0.00    LAPINEA_PARALLEL:LARCINA:NULLIFY@1
 4369     0.00      953.466        0.000        0.000              1        0.12        0.12    RRTM_KGB14@1
 4370     0.00      953.466        0.000        0.002             37        0.00        0.07    MF_PHYS_TRANSFER_PARALLEL@1
 4371     0.00      953.466        0.000        0.000             41        0.00        0.00    TRLTOG_BAR@1
 4372     0.00      953.466        0.000        0.000             36        0.00        0.00    APL_ARPEGE_RADIATION_PARALLEL:SUNSHINE:GET_DATA@1
 4373     0.00      953.467        0.000        0.000              4        0.03        0.03    GRIB_API:IGRIB_GET_REAL8@1
 4374     0.00      953.467        0.000        0.000              1        0.11        0.11    RRTM_KGB11@1
 4375     0.00      953.467        0.000        0.001              7        0.02        0.11    RECMWF_PARALLEL:2@1
 4376     0.00      953.467        0.000        0.000             37        0.00        0.00    CPG_DIA_FLU_PARALLEL:0:NULLIFY@1
 4377     0.00      953.467        0.000        0.502             37        0.00       13.57    CPG_PARALLEL:ZEROPB2:COMPUTE@1
 4378     0.00      953.467        0.000        0.000             37        0.00        0.00    CPUTQY_APLPAR_EXPL_PARALLEL:ZDEC:NULLIFY@1
 4379     0.00      953.467        0.000        0.000             37        0.00        0.00    APL_ARPEGE_PARALLEL:ZDE2MR:NULLIFY@1
 4380     0.00      953.467        0.000        0.000              1        0.11        0.11    RRTM_KGB10@1
 4381     0.00      953.467        0.000        0.000             37        0.00        0.00    APL_ARPEGE_DEEP_CONVECTION_PARALLEL:ZERO:NULLIFY@1
 4382     0.00      953.468        0.000        0.000             37        0.00        0.00    LATTEX_PARALLEL:MAIN:NULLIFY@1
 4383     0.00      953.468        0.000        2.065             37        0.00       55.82    CPG_PARALLEL:SHUFFLESL1:COMPUTE@1
 4384     0.00      953.468        0.000        0.000             37        0.00        0.00    CPGLAG_PARALLEL:1:GET_DATA@1
 4385     0.00      953.468        0.000        0.000             37        0.00        0.00    MF_PHYS_PREP_PARALLEL:PREP:NULLIFY@1
 4386     0.00      953.468        0.000        0.000              1        0.11        0.11    SRTM_KGB29@1
 4387     0.00      953.468        0.000        0.000              1        0.11        0.11    SRTM_CMBGB21_CPU@1
 4388     0.00      953.468        0.000        0.375             42        0.00        8.92    FACILO_MT@1
 4389     0.00      953.468        0.000        0.000             37        0.00        0.00    APL_ARPEGE_PARALLEL:EDR:GET_DATA@1
 4390     0.00      953.468        0.000        1.395             37        0.00       37.70    CPG_PARALLEL:ZEROSL1:COMPUTE@1
 4391     0.00      953.468        0.000        0.000              1        0.10        0.10    GSTATS_LABEL_IFS@1
 4392     0.00      953.469        0.000        0.000             37        0.00        0.00    LARCINB_PARALLEL:LCOMAD_SP:NULLIFY@1
 4393     0.00      953.469        0.000        0.000             37        0.00        0.00    LAPINEB_PARALLEL:LARCHE:NULLIFY@1
 4394     0.00      953.469        0.000        0.000             37        0.00        0.00    MF_PHYS_FPL_PART1_PARALLEL:PART1:GET_DATA@1
 4395     0.00      953.469        0.000        0.000             37        0.00        0.00    APL_ARPEGE_PARALLEL:CPPHINP:NULLIFY@1
 4396     0.00      953.469        0.000        0.000             74        0.00        0.00    GPMPFC_EXPL_PART2_PARALLEL:0:NULLIFY@1
 4397     0.00      953.469        0.000        0.000             37        0.00        0.00    LASSIE_PARALLEL:SITNU:GET_DATA@1
 4398     0.00      953.469        0.000        0.000             37        0.00        0.00    APL_ARPEGE_SURFACE_UPDATE_PARALLEL:LMSE_F:NULLIFY@1
 4399     0.00      953.469        0.000        0.000             37        0.00        0.00    MF_PHYS_MOCON_PARALLEL:PPWETPOINT:NULLIFY@1
 4400     0.00      953.469        0.000        0.000             37        0.00        0.00    ACVPPKF_PARALLEL:PART3:NULLIFY@1
 4401     0.00      953.470        0.000        0.000             37        0.00        0.00    APL_ARPEGE_PARALLEL:ZBAY_QRCONV:NULLIFY@1
 4402     0.00      953.470        0.000        0.000             37        0.00        0.00    APL_ARPEGE_PARALLEL:QNGCOR:NULLIFY@1
 4403     0.00      953.470        0.000        0.000             37        0.00        0.00    APL_ARPEGE_PARALLEL:PRECIPS:GET_DATA@1
 4404     0.00      953.470        0.000        0.157              7        0.01       22.41    APL_ARPEGE_AEROSOLS_FOR_RADIATION_PARALLEL:RADAER@1
 4405     0.00      953.470        0.000        0.000              1        0.10        0.10    SRTM_KGB27@1
 4406     0.00      953.470        0.000        0.000             30        0.00        0.00    APL_ARPEGE_RADIATION_PARALLEL:CALLRAD_F:GET_DATA@1
 4407     0.00      953.470        0.000        0.000              1        0.10        0.41    SUDWET@1
 4408     0.00      953.470        0.000        0.000             37        0.00        0.01    TXFU_TYPE_RESET@1
 4409     0.00      953.470        0.000        0.000             37        0.00        0.00    APL_ARPEGE_PARALLEL:ACDRME:NULLIFY@1
 4410     0.00      953.470        0.000        0.000             72        0.00        0.00    EXCHANGE_MS:ADD2DF@1
 4411     0.00      953.471        0.000        0.000             37        0.00        0.00    LAVABO_PARALLEL:2:GET_DATA@1
 4412     0.00      953.471        0.000        0.000             37        0.00        0.00    APL_ARPEGE_INIT_PARALLEL:2:NULLIFY@1
 4413     0.00      953.471        0.000        0.000            205        0.00        0.00    FANUMU_MT@1
 4414     0.00      953.471        0.000        0.000             37        0.00        0.00    APL_ARPEGE_INIT_PARALLEL:3:NULLIFY@1
 4415     0.00      953.471        0.000        0.000             37        0.00        0.00    CPG_GP_PARALLEL:GPTF2_EXPL_2TL:GET_DATA@1
 4416     0.00      953.471        0.000        0.000             37        0.00        0.00    APL_ARPEGE_SURFACE_PARALLEL:LMSE_F:NULLIFY@1
 4417     0.00      953.471        0.000        0.000             37        0.00        0.00    APL_ARPEGE_RADIATION_PARALLEL:RADHEAT:NULLIFY@1
 4418     0.00      953.471        0.000        0.000             37        0.00        0.00    CPG_DIA_FLU_PARALLEL:4:GET_DATA@1
 4419     0.00      953.471        0.000        0.000             37        0.00        0.00    APL_ARPEGE_RADIATION_PARALLEL:ACDAYD:NULLIFY@1
 4420     0.00      953.471        0.000        0.000             37        0.00        0.00    APL_ARPEGE_INIT_PARALLEL:6:GET_DATA@1
 4421     0.00      953.471        0.000        0.000              2        0.05        0.05    READ_XKER_RDRYG@1
 4422     0.00      953.472        0.000        0.000              1        0.09        0.09    radiation_config:read_config_from_namelist_CPU@1
 4423     0.00      953.472        0.000        0.001              1        0.09        0.63    SITNU_SP_OPENMP@1
 4424     0.00      953.472        0.000        0.000             37        0.00        0.00    APL_ARPEGE_PARALLEL:APLPAR_INIT:NULLIFY@1
 4425     0.00      953.472        0.000        0.001              2        0.05        0.38    IOGRIDA_MOD:IOGRIDA_SELECT_WH@1
 4426     0.00      953.472        0.000        0.000             37        0.00        0.00    LAPINEB_PARALLEL:NVLAG3:NULLIFY@1
 4427     0.00      953.472        0.000        0.000             37        0.00        0.00    GPTF1_YDVARS_PARALLEL:LTWOTL:GET_DATA@1
 4428     0.00      953.472        0.000        0.000              1        0.09        0.09    FAICOR_MT@1
 4429     0.00      953.472        0.000        0.000              7        0.01        0.01    RECMWF_PARALLEL:ECRAD_CPU:GET_DATA@1
 4430     0.00      953.472        0.000        0.000             37        0.00        0.00    APL_ARPEGE_PARALLEL:ACDRAG:NULLIFY@1
 4431     0.00      953.472        0.000        0.000             37        0.00        0.00    LARCINB_PARALLEL:NVLAG_3:NULLIFY@1
 4432     0.00      953.473        0.000        0.000             37        0.00        0.00    CPG_PARALLEL:SHUFFLESL1:NULLIFY@1
 4433     0.00      953.473        0.000        0.000             37        0.00        0.00    CTVTOT_EXPL_PARALLEL:0:GET_DATA@1
 4434     0.00      953.473        0.000        0.000             57        0.00        0.00    TRGTOL_BAR@1
 4435     0.00      953.473        0.000        0.000             37        0.00        0.00    LACDYN_PARALLEL:ZMIXNL:GET_DATA@1
 4436     0.00      953.473        0.000        0.447             20        0.00       22.35    GPNORM_TRANS@1
 4437     0.00      953.473        0.000        0.000             37        0.00        0.00    LARCINB_PARALLEL:LAITRE_GMV:NULLIFY@1
 4438     0.00      953.473        0.000        0.000             46        0.00        0.01    FANFAN_MT@1
 4439     0.00      953.473        0.000        0.000             37        0.00        0.00    LARCINB_PARALLEL:LRHS_CURV_F:NULLIFY@1
 4440     0.00      953.473        0.000        0.000             11        0.01        0.01    FACADI_MT@1
 4441     0.00      953.473        0.000        0.001              1        0.09        0.63    SUTRANS0@1
 4442     0.00      953.473        0.000        0.000              5        0.02        0.02    FIELD_CONTAINER_GP_MOD:FIELD_DESTROY@1
 4443     0.00      953.473        0.000        0.000             37        0.00        0.00    LARCINB_PARALLEL:NTLAG_3:NULLIFY@1
 4444     0.00      953.474        0.000        0.000             37        0.00        0.00    APL_ARPEGE_PARALLEL:PLSM:GET_DATA@1
 4445     0.00      953.474        0.000        0.000             37        0.00        0.00    CPUTQY_APLPAR_EXPL_PARALLEL:PFDIS:NULLIFY@1
 4446     0.00      953.474        0.000        0.000             37        0.00        0.00    CPG_GP_PARALLEL:GPINISLB_PART3_EXPL:NULLIFY@1
 4447     0.00      953.474        0.000        0.000             37        0.00        0.00    CPGLAG_PARALLEL:STR:NULLIFY@1
 4448     0.00      953.474        0.000        0.000             22        0.00        0.00    SURFACE_FIELDS_MIX:INI_SFLP2@1
 4449     0.00      953.474        0.000        0.000             37        0.00        0.00    APL_ARPEGE_PARALLEL:ACVISIH:NULLIFY@1
 4450     0.00      953.474        0.000        0.000             39        0.00        0.00    SUECOZO@1
 4451     0.00      953.474        0.000        0.000             37        0.00        0.00    APL_ARPEGE_RADIATION_PARALLEL:DIRECT:GET_DATA@1
 4452     0.00      953.474        0.000        0.000            202        0.00        0.00    SUCLDP:BETACF@1
 4453     0.00      953.474        0.000        0.000             37        0.00        0.00    TRLTOM_BAR@1
 4454     0.00      953.474        0.000        0.000             12        0.01        0.01    GRIB_API:IGRIB_SET_REAL8@1
 4455     0.00      953.474        0.000        0.000             36        0.00        0.00    CPCFU_PARALLEL:3:NULLIFY@1
 4456     0.00      953.475        0.000        0.000             37        0.00        0.00    APL_ARPEGE_PARALLEL:ZRDG_LCVQ:NULLIFY@1
 4457     0.00      953.475        0.000        0.000             37        0.00        0.00    MF_PHYS_TRANSFER_PARALLEL:ALL:NULLIFY@1
 4458     0.00      953.475        0.000        0.000             72        0.00        0.00    EXCHANGE_MS:ADD3DFL@1
 4459     0.00      953.475        0.000        0.000             37        0.00        0.00    CPG_GP_HYD_PARALLEL:2:NULLIFY@1
 4460     0.00      953.475        0.000        0.000             37        0.00        0.00    CPXFU_PARALLEL:4:GET_DATA@1
 4461     0.00      953.475        0.000        0.001              2        0.04        0.53    MINV_CALLER@1
 4462     0.00      953.475        0.000        0.000             37        0.00        0.00    LARMES_PARALLEL:LARMES:NULLIFY@1
 4463     0.00      953.475        0.000        0.000             37        0.00        0.00    CPUTQY_APLPAR_EXPL_PARALLEL:ZTDCP:GET_DATA@1
 4464     0.00      953.475        0.000        0.000             37        0.00        0.00    APL_ARPEGE_INIT_PARALLEL:0:GET_DATA@1
 4465     0.00      953.475        0.000        0.000             37        0.00        0.00    CPG_GP_PARALLEL:GPTF2_EXPL_2TL:NULLIFY@1
 4466     0.00      953.475        0.000        0.000             37        0.00        0.00    APL_ARPEGE_INIT_PARALLEL:4:NULLIFY@1
 4467     0.00      953.475        0.000        0.000              1        0.07        0.07    SUVSPLIP@1
 4468     0.00      953.475        0.000        0.000             37        0.00        0.00    APL_ARPEGE_PARALLEL:ACEVADCAPE:NULLIFY@1
 4469     0.00      953.476        0.000        0.000             37        0.00        0.00    CPG_DIA_FLU_PARALLEL:2:NULLIFY@1
 4470     0.00      953.476        0.000        0.000             37        0.00        0.00    LASSIE_PARALLEL:SITNU:NULLIFY@1
 4471     0.00      953.476        0.000        0.000             37        0.00        0.00    CPG_GP_HYD_PARALLEL:0:NULLIFY@1
 4472     0.00      953.476        0.000        0.000             37        0.00        0.00    CPG_GP_HYD_PARALLEL:1:NULLIFY@1
 4473     0.00      953.476        0.000        0.000              1        0.07        0.07    SRTM_CMBGB28_CPU@1
 4474     0.00      953.476        0.000        0.000             37        0.00        0.00    LAPINEB_PARALLEL:L_RDRY_VD:NULLIFY@1
 4475     0.00      953.476        0.000        0.000             37        0.00        0.00    APL_ARPEGE_PARALLEL:ACCLPH:NULLIFY@1
 4476     0.00      953.476        0.000        0.000             37        0.00        0.00    LAPINEB_PARALLEL:TEMP_EQ:NULLIFY@1
 4477     0.00      953.476        0.000        0.000             37        0.00        0.00    CTVTOT_EXPL_PARALLEL:0:NULLIFY@1
 4478     0.00      953.476        0.000        0.000              1        0.07        0.07    SUCTRL_GFLATTR@1
 4479     0.00      953.476        0.000        0.000             37        0.00        0.00    MF_PHYS_FPL_PART2_PARALLEL:PART2:NULLIFY@1
 4480     0.00      953.476        0.000        0.000             37        0.00        0.00    APL_ARPEGE_INIT_PARALLEL:2:GET_DATA@1
 4481     0.00      953.476        0.000        0.000             37        0.00        0.00    APL_ARPEGE_SURFACE_PARALLEL:ACDIFV1:NULLIFY@1
 4482     0.00      953.476        0.000        0.001              1        0.07        0.58    SATS_MIX:SUSATS@1
 4483     0.00      953.477        0.000        2.864             37        0.00       77.40    APL_ARPEGE_INIT_PARALLEL:PART3@1
 4484     0.00      953.477        0.000        0.000             30        0.00        0.00    DEALLOCATE_IF_ASSOCIATED_MOD:DEALLOCATE_IF_ASSOCIATED_REAL_1D@1
 4485     0.00      953.477        0.000        0.000              1        0.07        0.07    RRTM_CMBGB9_CPU@1
 4486     0.00      953.477        0.000        0.012              6        0.01        1.93    MINV_8@1
 4487     0.00      953.477        0.000        0.000             72        0.00        0.00    EXCHANGE_MS:ADD2DFL@1
 4488     0.00      953.477        0.000        0.000             37        0.00        0.00    APL_ARPEGE_HYDRO_BUDGET_PARALLEL:ACDROV:NULLIFY@1
 4489     0.00      953.477        0.000        0.000              2        0.03        0.03    READ_XKER_RWETH@1
 4490     0.00      953.477        0.000        0.000              1        0.07        0.07    RRTM_CMBGB7_CPU@1
 4491     0.00      953.477        0.000        0.020              1        0.07       20.13    SPEUV@1
 4492     0.00      953.477        0.000        5.964             37        0.00      161.20    APL_ARPEGE_INIT_PARALLEL:PART6@1
 4493     0.00      953.477        0.000        0.000             10        0.01        0.01    GFL_SUBS_MOD:DEFINE_GFL_COMP@1
 4494     0.00      953.477        0.000        0.000              2        0.03        0.03    READ_XKER_GWETH@1
 4495     0.00      953.477        0.000        0.000             37        0.00        0.00    APL_ARPEGE_DPRECIPS_PARALLEL:0:NULLIFY@1
 4496     0.00      953.477        0.000        0.000              7        0.01        0.01    RECMWF_PARALLEL:PREPARE:GET_DATA@1
 4497     0.00      953.477        0.000        0.000              7        0.01        0.01    RECMWF_PARALLEL:PREPARE:NULLIFY@1
 4498     0.00      953.478        0.000        0.000             37        0.00        0.00    APL_ARPEGE_INIT_PARALLEL:5:NULLIFY@1
 4499     0.00      953.478        0.000        0.000             41        0.00        0.00    TRMTOL_BAR@1
 4500     0.00      953.478        0.000        0.002              1        0.06        1.61    SUVAREPS@1
 4501     0.00      953.478        0.000        0.000              1        0.06        0.06    SUHDVP@1
 4502     0.00      953.478        0.000        0.000              1        0.06        0.06    IOSPECA_MOD:IOSPECA_FLDSORT@1
 4503     0.00      953.478        0.000        0.000             37        0.00        0.00    APL_ARPEGE_PARALLEL:ACHMT:NULLIFY@1
 4504     0.00      953.478        0.000        0.000            127        0.00        0.00    "lfinfo_alts"@1:lfi_alts.c
 4505     0.00      953.478        0.000        0.000             37        0.00        0.00    SPMCUF@1
 4506     0.00      953.478        0.000        0.000             37        0.00        0.00    LASSIE_PARALLEL:GPRCP:GET_DATA@1
 4507     0.00      953.478        0.000        0.000              1        0.06        0.06    SUALMP1@1
 4508     0.00      953.478        0.000        0.000             37        0.00        0.00    APL_ARPEGE_PARALLEL:ACTQSAT:NULLIFY@1
 4509     0.00      953.478        0.000        0.000             37        0.00        0.00    APL_ARPEGE_RADIATION_PARALLEL:LMSE_F:NULLIFY@1
 4510     0.00      953.478        0.000        0.000             37        0.00        0.00    ACVPPKF_PARALLEL:PART1:NULLIFY@1
 4511     0.00      953.478        0.000        0.000             36        0.00        0.00    CPCFU_PARALLEL:0:NULLIFY@1
 4512     0.00      953.478        0.000        0.000             37        0.00        0.00    GPMPFC_EXPL_PARALLEL:0:GET_DATA@1
 4513     0.00      953.478        0.000        0.000             37        0.00        0.00    CPG_DRV_SETTLOFF@1
 4514     0.00      953.479        0.000        0.000              1        0.06        0.06    SUMPINI_PRT@1
 4515     0.00      953.479        0.000        0.000             37        0.00        0.00    CPXFU_PARALLEL:2:NULLIFY@1
 4516     0.00      953.479        0.000        1.254              1        0.06     1254.13    CNT3_GLO@1
 4517     0.00      953.479        0.000        0.000             37        0.00        0.00    LACDYN_PARALLEL:LASURE:GET_DATA@1
 4518     0.00      953.479        0.000        0.000             32        0.00        0.00    DEALLOCATE_IF_ASSOCIATED_MOD:DEALLOCATE_IF_ASSOCIATED_REAL_2D@1
 4519     0.00      953.479        0.000        0.000             37        0.00        0.00    CPXFU_PARALLEL:0:NULLIFY@1
 4520     0.00      953.479        0.000        0.000             37        0.00        0.00    CPXFU_PARALLEL:1:NULLIFY@1
 4521     0.00      953.479        0.000        0.000             37        0.00        0.00    MF_PHYS_FPL_PART1_PARALLEL:PART1:NULLIFY@1
 4522     0.00      953.479        0.000        0.000             37        0.00        0.00    CPGLAG_PARALLEL:1:NULLIFY@1
 4523     0.00      953.479        0.000        0.008              1        0.06        7.56    YOEAERC:SETUP_TEGEN@1
 4524     0.00      953.479        0.000        0.000             37        0.00        0.00    APL_ARPEGE_PARALLEL:EDR:NULLIFY@1
 4525     0.00      953.479        0.000        0.000             37        0.00        0.00    CPG_PARALLEL:SHUFFLESL1:GET_DATA@1
 4526     0.00      953.479        0.000        0.000              1        0.06        0.06    SUHDVPN@1
 4527     0.00      953.479        0.000        0.093              3        0.02       30.84    FAIGRA_MT@1
 4528     0.00      953.479        0.000        0.000             12        0.00        0.00    SURFACE_FIELDS_MIX:INI_SFLP3@1
 4529     0.00      953.479        0.000        0.000             36        0.00        0.00    CPCFU_PARALLEL:2:NULLIFY@1
 4530     0.00      953.479        0.000        0.000              1        0.05        0.05    SUECAESS:PART13@1
 4531     0.00      953.479        0.000        0.000              1        0.05        0.05    SUECAEBC:PART3@1
 4532     0.00      953.480        0.000        0.000             37        0.00        0.00    APL_ARPEGE_PARALLEL:ACSOL:NULLIFY@1
 4533     0.00      953.480        0.000       25.019             37        0.00      676.20    APL_ARPEGE_INIT_PARALLEL:PART4@1
 4534     0.00      953.480        0.000        0.000              1        0.05        0.05    YOEAERC:PART6@1
 4535     0.00      953.480        0.000        0.000             37        0.00        0.00    CPG_GP_PARALLEL:SETZERO:GET_DATA@1
 4536     0.00      953.480        0.000        0.001              1        0.05        0.64    SURIP@1
 4537     0.00      953.480        0.000        0.000             36        0.00        0.00    CPG_END_SFC_PARALLEL:SET0TO1:GET_DATA@1
 4538     0.00      953.480        0.000        0.000             37        0.00        0.00    APL_ARPEGE_OCEANIC_FLUXES_PARALLEL:ACFLUSO:NULLIFY@1
 4539     0.00      953.480        0.000        0.000              1        0.05        0.05    YOEAERC:PART4@1
 4540     0.00      953.480        0.000        0.000              1        0.05        0.05    YOEAERC:PART3@1
 4541     0.00      953.480        0.000        0.000              1        0.05        0.05    YOEAERC:PART2@1
 4542     0.00      953.480        0.000        0.000             37        0.00        0.00    APL_ARPEGE_PARALLEL:ZDPHIV:GET_DATA@1
 4543     0.00      953.480        0.000        0.000             37        0.00        0.00    APL_ARPEGE_SURFACE_PARALLEL:ACDIFV2:NULLIFY@1
 4544     0.00      953.480        0.000        0.001              1        0.05        0.51    SUNORGWD@1
 4545     0.00      953.480        0.000        0.000              1        0.05        0.05    YOEAERC:PART1@1
 4546     0.00      953.480        0.000        0.000             37        0.00        0.00    CPG_GP_PARALLEL:GP_SPV:NULLIFY@1
 4547     0.00      953.480        0.000        0.000             37        0.00        0.00    APL_ARPEGE_PARALLEL:PPWETPOINT:NULLIFY@1
 4548     0.00      953.480        0.000        0.000              1        0.05        0.05    YOEAERC:PART5@1
 4549     0.00      953.480        0.000        0.000             37        0.00        0.00    CPG_PARALLEL:ZEROSL1:GET_DATA@1
 4550     0.00      953.480        0.000        0.000             37        0.00        0.00    CPG_PARALLEL:ZEROPB2:GET_DATA@1
 4551     0.00      953.481        0.000        0.000              1        0.05        0.05    SUALLO@1
 4552     0.00      953.481        0.000        0.000             37        0.00        0.00    CPG_PARALLEL:ISETTLOFF:NULLIFY@1
 4553     0.00      953.481        0.000        0.000              1        0.05        0.05    YOMCVER:PRT_CVER_GEOM@1
 4554     0.00      953.481        0.000        0.000             37        0.00        0.00    LATTES_PARALLEL:0:NULLIFY@1
 4555     0.00      953.481        0.000        0.000              2        0.02        0.03    TXFU_TYPE_INIT@1
 4556     0.00      953.481        0.000        0.001              1        0.05        1.15    SPGEOM_MOD:SUSPGEOM@1
 4557     0.00      953.481        0.000       10.604             37        0.00      286.60    APL_ARPEGE_INIT_PARALLEL:PART5@1
 4558     0.00      953.481        0.000        0.000             37        0.00        0.00    CPG_GP_PARALLEL:SET1TO0:GET_DATA@1
 4559     0.00      953.481        0.000        0.007             37        0.00        0.19    APL_ARPEGE_INIT_PARALLEL:PART1@1
 4560     0.00      953.481        0.000        0.001              1        0.05        0.63    SURLX@1
 4561     0.00      953.481        0.000        0.000              1        0.05        0.05    SUSRTAB@1
 4562     0.00      953.481        0.000        0.000              1        0.05        0.05    SUECAEBC:PART1@1
 4563     0.00      953.481        0.000        0.000              1        0.05        0.05    RERESF_PART1@1
 4564     0.00      953.481        0.000        0.000             37        0.00        0.00    APL_ARPEGE_SOIL_HYDRO_PARALLEL:ACVEG:NULLIFY@1
 4565     0.00      953.481        0.000        0.000             37        0.00        0.00    CPG_GP_PARALLEL:MAP_FACTOR:NULLIFY@1
 4566     0.00      953.481        0.000        0.000             37        0.00        0.00    APL_ARPEGE_INIT_PARALLEL:0:NULLIFY@1
 4567     0.00      953.481        0.000        0.000             37        0.00        0.00    APL_WIND_GUST_PARALLEL:ACCLDIA:NULLIFY@1
 4568     0.00      953.481        0.000        0.000             90        0.00        0.00    SUXFU:NEXTYPE1@1
 4569     0.00      953.481        0.000        1.189             37        0.00       32.14    APL_ARPEGE_INIT_PARALLEL:PART2@1
 4570     0.00      953.481        0.000        0.000             37        0.00        0.00    LASSIE_PARALLEL:GPRCP:NULLIFY@1
 4571     0.00      953.481        0.000        0.002              1        0.05        1.52    SULUN@1
 4572     0.00      953.482        0.000        0.000              1        0.05        0.05    FA_COM:NEW_FA@1
 4573     0.00      953.482        0.000        0.000            106        0.00        0.00    "lfierf_alts"@1:lfi_alts.c
 4574     0.00      953.482        0.000        0.000             37        0.00        0.00    APL_ARPEGE_PARALLEL:BAYRAD:NULLIFY@1
 4575     0.00      953.482        0.000        0.000              7        0.01        0.01    APL_ARPEGE_AEROSOLS_FOR_RADIATION_PARALLEL:RADAER:NULLIFY@1
 4576     0.00      953.482        0.000        0.018              1        0.05       17.87    SUPHMF@1
 4577     0.00      953.482        0.000        0.000              1        0.05        0.05    SUECAESU:PART1@1
 4578     0.00      953.482        0.000        0.000             36        0.00        0.00    CPCFU_PARALLEL:1:NULLIFY@1
 4579     0.00      953.482        0.000        0.000              2        0.02        0.02    TCFU_TYPE_INIT@1
 4580     0.00      953.482        0.000        0.000             36        0.00        0.00    CPCFU_PARALLEL:5:NULLIFY@1
 4581     0.00      953.482        0.000        0.001              1        0.05        0.97    SUFP_CTL@1
 4582     0.00      953.482        0.000        0.000              1        0.04        0.05    SUECAEOR:PART18@1
 4583     0.00      953.482        0.000        0.021              1        0.04       20.58    SUSURF@1
 4584     0.00      953.482        0.000        0.000              1        0.04        0.05    VAL923@1
 4585     0.00      953.482        0.000        0.000             37        0.00        0.00    APL_ARPEGE_PARALLEL:PLSM:NULLIFY@1
 4586     0.00      953.482        0.000        0.000              7        0.01        0.01    RECMWF_PARALLEL:FINISH:NULLIFY@1
 4587     0.00      953.482        0.000        0.000              1        0.04        0.13    IOMULTIBUF_MOD:IOMULTIBUF_COMP_IDX@1
 4588     0.00      953.482        0.000        0.000             37        0.00        0.00    GPRCP_EXPL_PARALLEL:5:NULLIFY@1
 4589     0.00      953.482        0.000        0.000              1        0.04        0.48    SUMP0@1
 4590     0.00      953.482        0.000        0.001              1        0.04        0.53    SUPARAR@1
 4591     0.00      953.482        0.000        0.000             38        0.00        0.00    GP_DERIVATIVES@1
 4592     0.00      953.482        0.000      955.295              1        0.04   955294.84    CNT3@1
 4593     0.00      953.482        0.000        0.000             37        0.00        0.00    APL_ARPEGE_ALBEDO_COMPUTATION_PARALLEL:0:NULLIFY@1
 4594     0.00      953.482        0.000        0.000              1        0.04        0.04    YOEAERC:PART7@1
 4595     0.00      953.483        0.000        0.000             37        0.00        0.00    CPUTQY_APLPAR_EXPL_PARALLEL:ZTDCP:NULLIFY@1
 4596     0.00      953.483        0.000        0.000              1        0.04        0.04    SUECAESD:PART1@1
 4597     0.00      953.483        0.000        0.000              2        0.02        0.03    CHIEN@1
 4598     0.00      953.483        0.000        0.001              1        0.04        0.50    SUMCC@1
 4599     0.00      953.483        0.000        0.000              2        0.02        0.06    SUCFU:SETUP_DESCRIPTORS@1
 4600     0.00      953.483        0.000        0.000              1        0.04        0.04    SRTM_CMBGB18_CPU@1
 4601     0.00      953.483        0.000        0.000              1        0.04        0.04    SUECAEBC:PART18@1
 4602     0.00      953.483        0.000        0.000              1        0.04        0.05    RIEN@1
 4603     0.00      953.483        0.000        0.009             37        0.00        0.25    APL_ARPEGE_INIT_PARALLEL:PART7@1
 4604     0.00      953.483        0.000        0.000             37        0.00        0.00    LAVABO_PARALLEL:0:NULLIFY@1
 4605     0.00      953.483        0.000        0.000             37        0.00        0.00    LAPINEB_PARALLEL:ZVWEI:NULLIFY@1
 4606     0.00      953.483        0.000        0.000              1        0.04        0.04    SUTIM@1
 4607     0.00      953.483        0.000        0.000             37        0.00        0.00    CPG_PARALLEL:LSMTSOL:NULLIFY@1
 4608     0.00      953.483        0.000        0.000              2        0.02        0.02    TCFU_TYPE_FINAL@1
 4609     0.00      953.483        0.000        0.000              1        0.04        0.04    SUECAESD:PART14@1
 4610     0.00      953.483        0.000        0.000             37        0.00        0.00    LAVABO_PARALLEL:1:GET_DATA@1
 4611     0.00      953.483        0.000        0.000              1        0.04        0.04    SULEGA@1
 4612     0.00      953.483        0.000        0.000              1        0.04        0.04    SRTM_CMBGB24_CPU@1
 4613     0.00      953.483        0.000        0.000             37        0.00        0.00    CPG_GP_PARALLEL:SETZERO:NULLIFY@1
 4614     0.00      953.483        0.000        0.000             36        0.00        0.00    UPDATE_CALENDAR@1
 4615     0.00      953.483        0.000        0.000              1        0.04        0.04    SUECAESU:PART10@1
 4616     0.00      953.483        0.000        0.000              1        0.04        0.04    SUECAEOR:PART23@1
 4617     0.00      953.483        0.000        0.000              1        0.04        0.04    SUECAEOR:PART1@1
 4618     0.00      953.483        0.000        0.000              2        0.02        0.06    SUXFU:SETUP_DESCRIPTORS@1
 4619     0.00      953.484        0.000        0.000              1        0.04        0.11    SUCHET@1
 4620     0.00      953.484        0.000        0.000             37        0.00        0.00    APL_ARPEGE_RADIATION_PARALLEL:DIRECT:NULLIFY@1
 4621     0.00      953.484        0.000        0.000              1        0.04        0.30    SUCUMF@1
 4622     0.00      953.484        0.000        0.001              1        0.04        1.27    SUBMAT@1
 4623     0.00      953.484        0.000        0.000              7        0.01        0.01    RECMWF_PARALLEL:ECRAD_POST:GET_DATA@1
 4624     0.00      953.484        0.000        0.000              7        0.01        0.01    APL_ARPEGE_AEROSOLS_FOR_RADIATION_PARALLEL:RADAER:GET_DATA@1
 4625     0.00      953.484        0.000        0.000              1        0.04        0.04    SRTM_CMBGB19_CPU@1
 4626     0.00      953.484        0.000        0.000              9        0.00        0.02    FARINE_MT@1
 4627     0.00      953.484        0.000        0.000             37        0.00        0.00    LACDYN_PARALLEL:ZMIXNL:NULLIFY@1
 4628     0.00      953.484        0.000        0.000             37        0.00        0.00    APL_ARPEGE_INIT_PARALLEL:1:NULLIFY@1
 4629     0.00      953.484        0.000        0.000             37        0.00        0.00    APL_ARPEGE_PARALLEL:PRECIPS:NULLIFY@1
 4630     0.00      953.484        0.000        0.000             30        0.00        0.00    APL_ARPEGE_RADIATION_PARALLEL:CALLRAD_F:NULLIFY@1
 4631     0.00      953.484        0.000        0.000              1        0.04        0.05    SUECV@1
 4632     0.00      953.484        0.000        0.000              1        0.04        0.04    SUOPTSURF@1
 4633     0.00      953.484        0.000        0.000             37        0.00        0.00    APL_ARPEGE_PARALLEL:ZDPHIV:NULLIFY@1
 4634     0.00      953.484        0.000        0.000              1        0.04        0.04    SUECAEBC:PART21@1
 4635     0.00      953.484        0.000        0.000             37        0.00        0.00    GPMPFC_EXPL_PARALLEL:0:NULLIFY@1
 4636     0.00      953.484        0.000        0.000              1        0.04        0.04    SUECAESU:PART2@1
 4637     0.00      953.484        0.000        0.001              1        0.04        0.60    SIGAM_SP_OPENMP@1
 4638     0.00      953.484        0.000        0.000             37        0.00        0.00    APL_ARPEGE_PARALLEL:FRSOPT:NULLIFY@1
 4639     0.00      953.484        0.000        0.000              1        0.04        0.04    SUECAESD:PART24@1
 4640     0.00      953.484        0.000        0.000             37        0.00        0.00    CPG_GP_PARALLEL:SET1TO0:NULLIFY@1
 4641     0.00      953.484        0.000        0.001              1        0.04        1.47    GEOMETRY_MOD:GEOMETRY_DELETE@1
 4642     0.00      953.484        0.000        0.000             36        0.00        0.00    APL_ARPEGE_RADIATION_PARALLEL:SUNSHINE:NULLIFY@1
 4643     0.00      953.484        0.000        0.000              1        0.04        0.04    SRTM_CMBGB29_CPU@1
 4644     0.00      953.484        0.000        0.000              7        0.01        0.01    RECMWF_PARALLEL:ECRAD_CPU:NULLIFY@1
 4645     0.00      953.484        0.000        0.000              1        0.04        0.04    SURIP0@1
 4646     0.00      953.485        0.000        0.000              1        0.04        0.04    SULSFORC@1
 4647     0.00      953.485        0.000        0.000              1        0.04        0.04    SURRTAB@1
 4648     0.00      953.485        0.000        0.000              1        0.03        0.04    SUECAEOR:PART12@1
 4649     0.00      953.485        0.000        0.000              2        0.02        0.02    SUMPIOH@1
 4650     0.00      953.485        0.000        0.001              1        0.03        0.51    SUOPH0@1
 4651     0.00      953.485        0.000        0.000              1        0.03        0.03    SRTM_KGB25@1
 4652     0.00      953.485        0.000        0.000              1        0.03        0.03    RRTM_CMBGB12_CPU@1
 4653     0.00      953.485        0.000        0.005              3        0.01        1.61    FIELD_CONTAINER_BASE_MOD:FIELD_CREATE_BASE@1
 4654     0.00      953.485        0.000        0.000             36        0.00        0.00    CPG_END_SFC_PARALLEL:SET0TO1:NULLIFY@1
 4655     0.00      953.485        0.000        0.000             37        0.00        0.00    LACDYN_PARALLEL:LASURE:NULLIFY@1
 4656     0.00      953.485        0.000        0.000              2        0.02        0.02    TXFU_TYPE_FINAL@1
 4657     0.00      953.485        0.000        0.000              1        0.03        0.29    MF_PHYS_SAVE_PHSURF_PART2_PARALLEL:PART2@1
 4658     0.00      953.485        0.000        0.000              1        0.03        0.03    SUECAESS:PART9@1
 4659     0.00      953.485        0.000        0.000              1        0.03        0.03    SRTM_CMBGB16_CPU@1
 4660     0.00      953.485        0.000        0.000              1        0.03        0.03    SUECAEOR:PART6@1
 4661     0.00      953.485        0.000        0.001              1        0.03        0.62    SUSPSDT@1
 4662     0.00      953.485        0.000        0.000              1        0.03        0.03    SUECAESU:PART14@1
 4663     0.00      953.485        0.000        0.000              1        0.03        0.03    SUECAESU:PART13@1
 4664     0.00      953.485        0.000        0.000              1        0.03        0.03    SUECAESS:PART1@1
 4665     0.00      953.485        0.000        0.001              1        0.03        0.58    GET_SPP_CONF@1
 4666     0.00      953.485        0.000        0.000              1        0.03        0.03    SUGEM3@1
 4667     0.00      953.485        0.000        0.000              1        0.03        0.32    SUDIM@1
 4668     0.00      953.485        0.000        0.000              1        0.03        0.03    RRTM_CMBGB13_CPU@1
 4669     0.00      953.485        0.000        0.000              1        0.03        0.03    SUECAEOR:PART20@1
 4670     0.00      953.485        0.000        0.000              1        0.03        0.03    SUECAEBC:PART2@1
 4671     0.00      953.485        0.000        0.000              1        0.03        0.03    SUECAESD:PART18@1
 4672     0.00      953.485        0.000        0.000              1        0.03        0.03    SUECAESS:PART18@1
 4673     0.00      953.485        0.000        0.001              1        0.03        0.53    SURINC@1
 4674     0.00      953.485        0.000        0.000              1        0.03        0.03    SUECAESU:PART19@1
 4675     0.00      953.485        0.000        0.000              1        0.03        0.03    SUECAEBC:PART22@1
 4676     0.00      953.486        0.000        0.000              1        0.03        0.03    SUECAESD:PART2@1
 4677     0.00      953.486        0.000        0.000             37        0.00        0.00    CPG_DIA_FLU_PARALLEL:3:NULLIFY@1
 4678     0.00      953.486        0.000        0.000              1        0.03        0.03    SUECAEBC:PART5@1
 4679     0.00      953.486        0.000        0.000              2        0.02        0.02    SUCLOPN@1
 4680     0.00      953.486        0.000        0.001              1        0.03        1.31    radiation_aerosol_optics:setup_aerosol_optics_CPU@1
 4681     0.00      953.486        0.000        0.002              1        0.03        1.93    SUSC2C@1
 4682     0.00      953.486        0.000        0.000              1        0.03        0.03    SUECAEOR:PART16@1
 4683     0.00      953.486        0.000        0.000              1        0.03        0.03    SUECAESD:PART6@1
 4684     0.00      953.486        0.000        0.000              1        0.03        0.03    SUECAEBC:PART16@1
 4685     0.00      953.486        0.000        0.000              1        0.03        0.03    SUECAEOR:PART22@1
 4686     0.00      953.486        0.000        0.000              1        0.03        0.03    SUECAESS:PART22@1
 4687     0.00      953.486        0.000        0.000              1        0.03        0.03    SUECAEBC:PART17@1
 4688     0.00      953.486        0.000        0.000              1        0.03        0.03    SUECAESD:PART9@1
 4689     0.00      953.486        0.000        0.000              1        0.03        0.03    SUECAEBC:PART6@1
 4690     0.00      953.486        0.000        0.000              1        0.03        0.03    SUECAESD:PART7@1
 4691     0.00      953.486        0.000        0.000              1        0.03        0.03    SUECAEBC:PART12@1
 4692     0.00      953.486        0.000        0.000              1        0.03        0.03    SUECAEOR:PART4@1
 4693     0.00      953.486        0.000        0.000              1        0.03        0.03    SUECAEOR:PART19@1
 4694     0.00      953.486        0.000        0.000              1        0.03        0.03    SUECAESS:PART19@1
 4695     0.00      953.486        0.000        0.000              1        0.03        0.03    SUECAESU:PART17@1
 4696     0.00      953.486        0.000        0.000              4        0.01        0.01    FACTUI_MT@1
 4697     0.00      953.486        0.000        0.000              1        0.03        0.03    SRTM_KGB23@1
 4698     0.00      953.486        0.000        0.000             37        0.00        0.00    CPG_GP_HYD_PARALLEL:3:NULLIFY@1
 4699     0.00      953.486        0.000        0.000              1        0.03        0.03    SUECAESU:PART22@1
 4700     0.00      953.486        0.000        0.000              1        0.03        0.03    SUECAESU:PART12@1
 4701     0.00      953.486        0.000        0.000              1        0.03        0.28    SUCVMNH@1
 4702     0.00      953.486        0.000        0.000              1        0.03        0.03    SUECAEOR:PART10@1
 4703     0.00      953.486        0.000        0.000              1        0.03        0.03    SUECAESD:PART4@1
 4704     0.00      953.486        0.000        0.000              1        0.03        0.03    SUECAESD:PART10@1
 4705     0.00      953.486        0.000        0.000              1        0.03        0.03    SUECAEBC:PART7@1
 4706     0.00      953.486        0.000        0.001              1        0.03        0.57    SUVV1@1
 4707     0.00      953.486        0.000        0.000              4        0.01        0.01    IOSTREAM_MIX:INI_IOSTREAM@1
 4708     0.00      953.486        0.000        0.000              1        0.03        0.03    SUECAEBC:PART15@1
 4709     0.00      953.486        0.000        0.000              1        0.03        0.03    SUECAESS:PART10@1
 4710     0.00      953.486        0.000        0.000              1        0.03        0.03    SUECAEOR:PART24@1
 4711     0.00      953.487        0.000        0.000              1        0.03        0.03    SUECAESU:PART20@1
 4712     0.00      953.487        0.000        0.000              1        0.03        0.03    SUECAEOR:PART15@1
 4713     0.00      953.487        0.000        0.000              1        0.03        0.03    SUECAEBC:PART11@1
 4714     0.00      953.487        0.000        0.000              1        0.03        0.03    SUECAESD:PART8@1
 4715     0.00      953.487        0.000        0.000              2        0.01        0.01    OPENFAINFO@1
 4716     0.00      953.487        0.000        0.000              1        0.03        0.03    SUECAESU:PART7@1
 4717     0.00      953.487        0.000        0.000              1        0.03        0.03    SUDIMO@1
 4718     0.00      953.487        0.000        0.000              1        0.03        0.03    SUECAESS:PART23@1
 4719     0.00      953.487        0.000        0.000              1        0.03        0.03    SUECAEOR:PART3@1
 4720     0.00      953.487        0.000        0.000              1        0.03        0.03    SUECAEBC:PART4@1
 4721     0.00      953.487        0.000        0.000              1        0.03        0.03    SUECAESS:PART2@1
 4722     0.00      953.487        0.000        0.000              1        0.03        0.03    SUECAEBC:PART8@1
 4723     0.00      953.487        0.000        0.000              1        0.03        0.03    SUECAEOR:PART2@1
 4724     0.00      953.487        0.000        0.000             37        0.00        0.00    CPXFU_PARALLEL:4:NULLIFY@1
 4725     0.00      953.487        0.000        0.000              1        0.03        0.03    SUECAEOR:PART21@1
 4726     0.00      953.487        0.000        0.000              1        0.03        0.03    SUECAESD:PART23@1
 4727     0.00      953.487        0.000        0.000              1        0.03        0.03    SUECAEBC:PART9@1
 4728     0.00      953.487        0.000        0.000              1        0.03        0.03    SUECAEBC:PART13@1
 4729     0.00      953.487        0.000        0.000              2        0.01        0.02    FAQUIN_MT@1
 4730     0.00      953.487        0.000        0.000              1        0.03        0.03    SUECAESD:PART19@1
 4731     0.00      953.487        0.000        0.000             50        0.00        0.00    SUCFU:NEXTYPE1@1
 4732     0.00      953.487        0.000        0.000             37        0.00        0.00    APL_ARPEGE_INIT_PARALLEL:6:NULLIFY@1
 4733     0.00      953.487        0.000        0.000              1        0.03        0.03    SUECAEOR:PART7@1
 4734     0.00      953.487        0.000        0.000              1        0.03        0.03    SUECAEOR:PART8@1
 4735     0.00      953.487        0.000        0.000              1        0.03        0.03    SUECAEBC:PART23@1
 4736     0.00      953.487        0.000        0.000              1        0.03        0.03    SUECAESU:PART3@1
 4737     0.00      953.487        0.000        0.000              1        0.03        0.03    SUECAESD:PART3@1
 4738     0.00      953.487        0.000        0.000              1        0.03        0.03    SUECAESU:PART18@1
 4739     0.00      953.487        0.000        0.000              1        0.03        0.03    SUECAESU:PART6@1
 4740     0.00      953.487        0.000        0.000              1        0.03        0.47    SUGRIB@1
 4741     0.00      953.487        0.000        0.000              1        0.03        0.03    SUECAEOR:PART17@1
 4742     0.00      953.487        0.000        0.000              1        0.03        0.03    SUECAESD:PART16@1
 4743     0.00      953.487        0.000        0.000              1        0.03        0.03    SUECAESD:PART22@1
 4744     0.00      953.487        0.000        0.000              1        0.03        0.03    SUECAEBC:PART10@1
 4745     0.00      953.487        0.000        0.000              1        0.03        0.36    SUDIMF1@1
 4746     0.00      953.487        0.000        0.000              1        0.03        0.03    SUECAESD:PART13@1
 4747     0.00      953.487        0.000        0.000              1        0.03        0.03    SUECAESU:PART21@1
 4748     0.00      953.488        0.000        0.000              1        0.03        0.03    SUECAESU:PART16@1
 4749     0.00      953.488        0.000        0.000              1        0.03        0.05    YOMCLMICST:SETUP_CLMICST@1
 4750     0.00      953.488        0.000        0.000              1        0.03        0.03    SUECAESS:PART6@1
 4751     0.00      953.488        0.000        0.000              1        0.03        0.03    SUECAESU:PART4@1
 4752     0.00      953.488        0.000        0.000              1        0.03        0.03    SUECAESS:PART14@1
 4753     0.00      953.488        0.000        0.000              1        0.03        0.03    SUECAESD:PART5@1
 4754     0.00      953.488        0.000        0.000              1        0.03        0.03    SUECAEOR:PART11@1
 4755     0.00      953.488        0.000        0.000              1        0.03        0.03    SUECAESS:PART7@1
 4756     0.00      953.488        0.000        0.000             37        0.00        0.00    CPXFU_PARALLEL:3:NULLIFY@1
 4757     0.00      953.488        0.000        0.000             37        0.00        0.00    LAVABO_PARALLEL:2:NULLIFY@1
 4758     0.00      953.488        0.000        0.000              1        0.03        0.03    SUECAEBC:PART14@1
 4759     0.00      953.488        0.000        0.000             37        0.00        0.00    CPG_DIA_FLU_PARALLEL:4:NULLIFY@1
 4760     0.00      953.488        0.000        0.000              1        0.03        0.03    SUECAESS:PART24@1
 4761     0.00      953.488        0.000        0.000              1        0.03        0.03    SUECAEOR:PART14@1
 4762     0.00      953.488        0.000        0.000              1        0.03        0.03    SUECAESS:PART12@1
 4763     0.00      953.488        0.000        0.001              3        0.01        0.33    FAIRME_MT@1
 4764     0.00      953.488        0.000        0.000              1        0.03        0.03    SUECAESS:PART11@1
 4765     0.00      953.488        0.000        0.000              1        0.03        0.33    SUGFL3@1
 4766     0.00      953.488        0.000        0.000              1        0.03        0.03    SUECAEOR:PART9@1
 4767     0.00      953.488        0.000        0.000              1        0.03        0.03    SUECAESS:PART17@1
 4768     0.00      953.488        0.000        0.001              1        0.03        0.61    TESTVAR_MIX:SETUP_TESTVAR@1
 4769     0.00      953.488        0.000        0.000             37        0.00        0.00    CPG_DIA_FLU_PARALLEL:1:NULLIFY@1
 4770     0.00      953.488        0.000        0.000              1        0.02        0.03    SUECAESS:PART8@1
 4771     0.00      953.488        0.000        0.000              1        0.02        0.04    SUSSOIL_MOD:SUSSOIL@1
 4772     0.00      953.488        0.000        0.000              1        0.02        0.04    GMV_SUBS_MOD:SETUP_GMV@1
 4773     0.00      953.488        0.000        0.000              1        0.02        0.03    SUECAESU:PART8@1
 4774     0.00      953.488        0.000        0.000              1        0.02        0.02    SUECAESD:PART12@1
 4775     0.00      953.488        0.000        0.000              1        0.02        0.02    SUECAESS:PART21@1
 4776     0.00      953.488        0.000        0.000              1        0.02        0.02    SUECAEOR:PART13@1
 4777     0.00      953.488        0.000        0.000              1        0.02        0.02    SUECAESS:PART15@1
 4778     0.00      953.488        0.000        0.000              1        0.02        0.02    SUECAEBC:PART19@1
 4779     0.00      953.488        0.000        0.000              1        0.02        0.02    RRTM_KGB6@1
 4780     0.00      953.488        0.000        0.000              1        0.02        0.02    SUECAEBC:PART20@1
 4781     0.00      953.488        0.000        0.000              1        0.02        0.02    YOERADGHG:INIT_RAD_GHG@1
 4782     0.00      953.488        0.000        0.000              1        0.02        0.02    SUECAESU:PART15@1
 4783     0.00      953.488        0.000        0.000              1        0.02        0.02    SUECAESU:PART9@1
 4784     0.00      953.488        0.000        0.000              1        0.02        0.02    SUECAESS:PART20@1
 4785     0.00      953.488        0.000        0.001              1        0.02        0.56    SUPP@1
 4786     0.00      953.488        0.000        0.000              1        0.02        0.02    SUECAESS:PART5@1
 4787     0.00      953.488        0.000        0.000              1        0.02        0.02    SUECAESD:PART15@1
 4788     0.00      953.489        0.000        0.000              1        0.02        0.02    SUSLB@1
 4789     0.00      953.489        0.000        0.000              1        0.02        0.02    SUECAESU:PART23@1
 4790     0.00      953.489        0.000        0.000              1        0.02        0.02    SUECAESS:PART16@1
 4791     0.00      953.489        0.000        0.021              1        0.02       20.53    SUSURF_CTL_MOD:SUSURF_CTL@1
 4792     0.00      953.489        0.000        0.000              1        0.02        0.02    SUECAESU:PART5@1
 4793     0.00      953.489        0.000        0.000              1        0.02        0.02    SUECAESD:PART20@1
 4794     0.00      953.489        0.000        0.000              1        0.02        0.02    SUECAEBC:PART24@1
 4795     0.00      953.489        0.000        0.000              1        0.02        0.02    SUECAESU:PART11@1
 4796     0.00      953.489        0.000        0.000              4        0.01        0.01    radiation_spectral_definition:calc_mapping_from_bands_CPU@1
 4797     0.00      953.489        0.000        0.000              1        0.02        0.02    RRTM_CMBGB16_CPU@1
 4798     0.00      953.489        0.000        0.000             39        0.00        0.00    FCGENERALIZED_GAMMA@1
 4799     0.00      953.489        0.000        0.000              1        0.02        0.27    SUCUMF2@1
 4800     0.00      953.489        0.000        0.000              1        0.02        0.02    SUNRTAER@1
 4801     0.00      953.489        0.000        0.000              2        0.01        0.02    FANOUV_MT@1
 4802     0.00      953.489        0.000        0.000              1        0.02        0.02    YOMLUN:RESERVE_LUN@1
 4803     0.00      953.489        0.000        0.000              1        0.02        0.02    SUSWN@1
 4804     0.00      953.489        0.000        0.000              1        0.02        0.02    SUECAESD:PART21@1
 4805     0.00      953.489        0.000        0.000              1        0.02        0.02    SUECAESS:PART4@1
 4806     0.00      953.489        0.000        0.000              1        0.02        0.02    SUECAESU:PART24@1
 4807     0.00      953.489        0.000        0.000              1        0.02        0.02    SUECAESD:PART17@1
 4808     0.00      953.489        0.000        0.001              1        0.02        0.55    SUPHY2@1
 4809     0.00      953.489        0.000        0.000              1        0.02        0.02    SUECAESD:PART11@1
 4810     0.00      953.489        0.000        0.000              1        0.02        0.02    SUECAEOR:PART5@1
 4811     0.00      953.489        0.000        0.000              1        0.02        0.02    SRTM_CMBGB22_CPU@1
 4812     0.00      953.489        0.000        0.020              1        0.02       20.44    SUSOCEAN_ML_MOD:SUSOCEAN_ML@1
 4813     0.00      953.489        0.000        0.000              1        0.02        0.02    SUECAESS:PART3@1
 4814     0.00      953.489        0.000        0.028              2        0.01       14.08    FACGRA_MT@1
 4815     0.00      953.489        0.000        0.000              1        0.02        0.02    RRTM_CMBGB15_CPU@1
 4816     0.00      953.489        0.000        0.000              1        0.02        0.32    SUDIM_TRAJ@1
 4817     0.00      953.489        0.000        0.000              1        0.02        0.02    RRTM_CMBGB2_CPU@1
 4818     0.00      953.489        0.000        0.000             30        0.00        0.00    TYPES_FPCAT:SUCATIND@1
 4819     0.00      953.489        0.000        0.000              1        0.02        0.02    SUECAEOR:PART25@1
 4820     0.00      953.489        0.000        0.000             37        0.00        0.00    LAVABO_PARALLEL:1:NULLIFY@1
 4821     0.00      953.489        0.000        0.000              2        0.01        0.01    STACK_MIX:INIT_STACK@1
 4822     0.00      953.489        0.000        0.000              1        0.02        0.02    RRTM_CMBGB1_CPU@1
 4823     0.00      953.489        0.000        0.000              1        0.02        0.02    SUECAESD:PART25@1
 4824     0.00      953.489        0.000        0.000              7        0.00        0.00    RECMWF_PARALLEL:1:GET_DATA@1
 4825     0.00      953.489        0.000        0.121              1        0.02      120.84    SUOPH@1
 4826     0.00      953.489        0.000        0.000              1        0.02        0.10    IOSPECA_MOD:IOSPECA_SELECTD@1
 4827     0.00      953.489        0.000        0.000              1        0.02        0.02    SRTM_CMBGB20_CPU@1
 4828     0.00      953.489        0.000        0.000              1        0.02        0.31    SUDYNCORE@1
 4829     0.00      953.489        0.000        0.000             32        0.00        0.00    SUCFU:NEXTYPE3@1
 4830     0.00      953.489        0.000        0.001              1        0.02        0.55    SURES@1
 4831     0.00      953.489        0.000        0.004              1        0.02        4.48    SUGFL@1
 4832     0.00      953.489        0.000        0.000              2        0.01        0.08    FANMSG_MT@1
 4833     0.00      953.489        0.000        0.000              3        0.01        0.01    GRIDPOINT_FIELDS_MIX:ALLOCATE_GRID@1
 4834     0.00      953.489        0.000        0.005              1        0.02        5.40    SUINTERPOLATOR@1
 4835     0.00      953.489        0.000        0.121              1        0.02      121.40    SUGRIDUA@1
 4836     0.00      953.489        0.000        0.000              2        0.01        0.02    SUEDRD@1
 4837     0.00      953.490        0.000        0.000              1        0.02        0.02    SUECAESU:PART25@1
 4838     0.00      953.490        0.000        0.000              1        0.02        0.08    SUCAPE@1
 4839     0.00      953.490        0.000        0.000              1        0.02        0.02    XUTRII@1
 4840     0.00      953.490        0.000        0.000              1        0.02        0.02    RRTM_CMBGB11_CPU@1
 4841     0.00      953.490        0.000        0.000              1        0.02        0.02    SURRTPK_CPU@1
 4842     0.00      953.490        0.000        0.000              1        0.02        0.02    SUECAEBC:PART25@1
 4843     0.00      953.490        0.000        0.000              2        0.01        0.01    INI_SPEC_DIST@1
 4844     0.00      953.490        0.000        0.000              2        0.01        0.02    SUPERGOM_CLASS:SUPERGOM_FINAL@1
 4845     0.00      953.490        0.000        0.000              1        0.02        0.02    SUECAESS:PART25@1
 4846     0.00      953.490        0.000        0.000              1        0.02        0.02    RRTM_CMBGB8_CPU@1
 4847     0.00      953.490        0.000      955.364              1        0.02   955364.06    CNT1@1
 4848     0.00      953.490        0.000        0.000              1        0.02        0.23    SUCT1@1
 4849     0.00      953.490        0.000        0.000              1        0.01        0.02    MODEL_MOD:MODEL_SET@1
 4850     0.00      953.490        0.000        0.000              1        0.01        0.06    YOMGSGEOM:DEALLO_TGSGEOM_NB@1
 4851     0.00      953.490        0.000        0.000              1        0.01        0.40    SUFAINIT@1
 4852     0.00      953.490        0.000        0.000              8        0.00        0.00    SURFACE_FIELDS_MIX:SETUP_SFLP3@1
 4853     0.00      953.490        0.000        0.000              1        0.01        0.13    SUMCCLAG@1
 4854     0.00      953.490        0.000        0.000              1        0.01        0.01    SUDIMF2@1
 4855     0.00      953.490        0.000        0.000              1        0.01        0.25    YOMCVER:SUCVER@1
 4856     0.00      953.490        0.000        0.000              1        0.01        0.01    SRTM_CMBGB27_CPU@1
 4857     0.00      953.490        0.000        0.000              1        0.01        0.09    YOE_CUCONVCA:INI_CUCONVCA@1
 4858     0.00      953.490        0.000        0.000              8        0.00        0.00    UPDCAL@1
 4859     0.00      953.490        0.000        0.000              1        0.01        0.32    SUDPRECIPS@1
 4860     0.00      953.490        0.000        0.000             12        0.00        0.00    SPECTRAL_FIELDS_MOD:INTLOC@1
 4861     0.00      953.490        0.000        0.000              1        0.01        0.32    ENKF_MIX:SETUP_ENKF@1
 4862     0.00      953.490        0.000        0.000             28        0.00        0.00    SURFACE_FIELDS_MIX:SETUP_SFLP2@1
 4863     0.00      953.490        0.000        0.000              1        0.01        0.45    SUGWD@1
 4864     0.00      953.490        0.000        0.000              1        0.01        0.11    SU_COUP_COM@1
 4865     0.00      953.490        0.000        0.000              7        0.00        0.00    RECMWF_PARALLEL:ECRAD_POST:NULLIFY@1
 4866     0.00      953.490        0.000        0.000              3        0.00        0.01    FACIES_MT@1
 4867     0.00      953.490        0.000        0.000              1        0.01        0.32    SUDVISI@1
 4868     0.00      953.490        0.000        0.001              1        0.01        0.57    SURAND1@1
 4869     0.00      953.490        0.000        0.000              1        0.01        0.50    SUPPVI@1
 4870     0.00      953.490        0.000        0.001              1        0.01        0.52    TRAJ_SETUP@1
 4871     0.00      953.490        0.000      955.295              1        0.01   955294.85    CNT2@1
 4872     0.00      953.490        0.000        0.000              7        0.00        0.00    RECMWF_PARALLEL:1:NULLIFY@1
 4873     0.00      953.490        0.000        0.000              1        0.01        0.01    RRTM_CMBGB10_CPU@1
 4874     0.00      953.490        0.000        0.001              1        0.01        0.59    SUVDF@1
 4875     0.00      953.490        0.000        0.000              1        0.01        0.01    DISTRIBUTED_VECTORS_MIX:SETUP_DISTVEC@1
 4876     0.00      953.490        0.000        0.774              1        0.01      773.80    SUTRANS@1
 4877     0.00      953.490        0.000        0.000              1        0.01        0.02    radiation_ifs_rrtm:setup_gas_optics_rrtm_CPU@1
 4878     0.00      953.490        0.000        0.018              1        0.01       18.34    FIELDS_MOD:FIELDS_CONTAIN@1
 4879     0.00      953.490        0.000        0.015              1        0.01       14.71    SUVERTFE@1
 4880     0.00      953.490        0.000        0.000              3        0.00        0.01    GPHPRE@1
 4881     0.00      953.490        0.000        0.000              1        0.01        0.46    SUGWWMS@1
 4882     0.00      953.490        0.000        0.001              1        0.01        1.39    RG@1
 4883     0.00      953.490        0.000        0.000              1        0.01        0.01    BALANC@1
 4884     0.00      953.490        0.000        0.000              1        0.01        0.03    INTDYN_MOD:SUINTDYN@1
 4885     0.00      953.490        0.000        0.000              1        0.01        0.06    YOMGSGEOM:DEALLO_TGSGEOM_B@1
 4886     0.00      953.490        0.000        0.000              7        0.00        0.00    RECMWF_PARALLEL:2:GET_DATA@1
 4887     0.00      953.490        0.000        0.000              1        0.01        0.01    SULWN@1
 4888     0.00      953.490        0.000        0.000              1        0.01        0.49    SUPERTPAR@1
 4889     0.00      953.490        0.000        0.000              1        0.01        0.01    MF_PHYS_SAVE_PHSURF_PART2_PARALLEL:PART2:GET_DATA@1
 4890     0.00      953.490        0.000        0.000             24        0.00        0.00    INDEXFIND_MOD:INDINLOC@1
 4891     0.00      953.490        0.000        0.000              1        0.01        0.01    MF_PHYS_SAVE_PHSURF_PART1_PARALLEL:PART1:GET_DATA@1
 4892     0.00      953.490        0.000        0.000              1        0.01        0.01    radiation_config:consolidate_config_CPU@1
 4893     0.00      953.490        0.000        0.000              1        0.01        0.01    LFICOM:NEW_LFI_DEFAULT@1
 4894     0.00      953.490        0.000        0.000              1        0.01        0.01    ELTRAN@1
 4895     0.00      953.490        0.000        0.001              1        0.01        0.56    SUSCM@1
 4896     0.00      953.490        0.000        0.000              8        0.00        0.00    YOMCLMICST:MOMG@1
 4897     0.00      953.490        0.000        0.000              1        0.01        0.45    SUINTFLEX@1
 4898     0.00      953.490        0.000        0.101              1        0.01      101.38    SUPHY@1
 4899     0.00      953.490        0.000        0.000              1        0.01        0.01    PPSTA@1
 4900     0.00      953.490        0.000        0.000              1        0.01        0.01    CPTAVE_MOD:CPTAVE@1
 4901     0.00      953.490        0.000        0.000              1        0.01        0.01    AROINI_CONF@1
 4902     0.00      953.490        0.000        0.000              1        0.01        0.01    SUALTDH@1
 4903     0.00      953.490        0.000        0.000              1        0.01        0.01    SUJBSKTECV@1
 4904     0.00      953.490        0.000        0.000              1        0.01        0.04    SUETLDIAG@1
 4905     0.00      953.490        0.000        0.000              1        0.01        0.01    SUVDFS@1
 4906     0.00      953.490        0.000        0.000              2        0.00        0.00    IO_SERV_MAP_RECV_PART2@1
 4907     0.00      953.490        0.000        0.000              1        0.01        0.03    SCORDO@1
 4908     0.00      953.490        0.000        0.001              1        0.01        0.56    SPNG_MOD:SUSPNG@1
 4909     0.00      953.490        0.000        0.001              1        0.01        0.55    SUVWRK@1
 4910     0.00      953.490        0.000        0.000              1        0.01        0.01    SUVEXCS_MOD:SUVEXCS@1
 4911     0.00      953.490        0.000        0.000              1        0.01        0.01    RRTM_CMBGB14_CPU@1
 4912     0.00      953.490        0.000        0.000              1        0.01        0.45    SUIAU@1
 4913     0.00      953.490        0.000        0.000              1        0.01        0.47    SUMETHOX@1
 4914     0.00      953.490        0.000        0.000              1        0.01        0.42    SUINI@1
 4915     0.00      953.490        0.000        0.000              1        0.01        0.01    SUGRIDA_FIXUP@1
 4916     0.00      953.490        0.000        0.000              1        0.01        0.01    FIELD_CONTAINER_BASE_MOD:GET_ACTIVE_FIELDS@1
 4917     0.00      953.490        0.000        0.000              1        0.01        0.01    SURRTFTR@1
 4918     0.00      953.490        0.000        0.000              1        0.01        0.01    SUAPL_ARPEGE@1
 4919     0.00      953.490        0.000        0.000              1        0.01        0.01    SUAERV@1
 4920     0.00      953.490        0.000        0.050              3        0.00       16.56    "lfiouv_alts"@1:lfi_alts.c
 4921     0.00      953.490        0.000        0.000              1        0.01        0.01    IOGRID_MOD:DEL_INDSEL@1
 4922     0.00      953.490        0.000        0.000              1        0.01        0.01    SUOPTPROMA@1
 4923     0.00      953.490        0.000        0.000              1        0.01        0.03    FACADE_MT@1
 4924     0.00      953.490        0.000        0.110              1        0.01      109.56    IOSPECA_MOD:IOSPECA_SELECTFX@1
 4925     0.00      953.490        0.000        0.000              2        0.00        0.00    STACK_MIX:GETSTACKUSAGEX@1
 4926     0.00      953.490        0.000        0.000              1        0.01        0.01    SUSVEG_MOD:SUSVEG@1
 4927     0.00      953.490        0.000        0.000              1        0.01        0.01    SUMSC@1
 4928     0.00      953.490        0.000        0.000             10        0.00        0.00    SEAPRE@1
 4929     0.00      953.490        0.000        0.040              1        0.01       39.50    IOGRID_MOD:IOGRID_SELECTFX@1
 4930     0.00      953.491        0.000        0.000              1        0.01        0.01    INI_CST@1
 4931     0.00      953.491        0.000        0.000              2        0.00        0.01    SUPERGOM_CLASS:SUPERGOM_DESTROY@1
 4932     0.00      953.491        0.000        0.000              1        0.01        0.01    IO_SERV_SUIOSCTMPL@1
 4933     0.00      953.491        0.000        0.000              1        0.01        0.01    SUALMDH@1
 4934     0.00      953.491        0.000        0.000              4        0.00        0.00    EINT_MOD:DEALLO_SL_STRUCT@1
 4935     0.00      953.491        0.000        0.002              1        0.01        2.13    radiation_cloud_optics:setup_cloud_optics_CPU@1
 4936     0.00      953.491        0.000        0.000              1        0.01        0.01    SUWCOU@1
 4937     0.00      953.491        0.000        0.001              1        0.01        0.66    SPGEOM_MOD:SUSMAP@1
 4938     0.00      953.491        0.000        0.000              1        0.01        0.01    YOMVERT:ALLOC_INIT_TVAB@1
 4939     0.00      953.491        0.000        0.000              1        0.01        0.01    SUALNUD@1
 4940     0.00      953.491        0.000        0.000              3        0.00        0.00    SURF_INQ@1
 4941     0.00      953.491        0.000        0.000              1        0.01        0.01    RERESF_PART2@1
 4942     0.00      953.491        0.000        0.000              1        0.01        0.01    INTDYNSL_MOD:SUINTDYNSL@1
 4943     0.00      953.491        0.000        0.000              2        0.00        0.01    FAIRNO_MT@1
 4944     0.00      953.491        0.000        0.000              1        0.01        0.04    SUFRAME@1
 4945     0.00      953.491        0.000        0.000              2        0.00        0.00    radiation_spectral_definition:allocate_bands_only_CPU@1
 4946     0.00      953.491        0.000        0.000              1        0.01        0.01    SUJFH@1
 4947     0.00      953.491        0.000        0.000              1        0.01        0.01    class_nvar%auto_finish@1
 4948     0.00      953.491        0.000        0.000              1        0.01        0.01    SRTM_CMBGB23_CPU@1
 4949     0.00      953.491        0.000        0.000              3        0.00        0.00    FANDAI_MT@1
 4950     0.00      953.491        0.000        0.000              1        0.01        0.30    MF_PHYS_SAVE_PHSURF_PART2_PARALLEL@1
 4951     0.00      953.491        0.000        0.000              1        0.01        0.01    YOMLUN:FREE_LUN@1
 4952     0.00      953.491        0.000        0.000             10        0.00        0.00    GFL_SUBS_MOD:SET_GFL_ATTR@1
 4953     0.00      953.491        0.000        0.000              1        0.01        0.01    RRTM_CMBGB6_CPU@1
 4954     0.00      953.491        0.000        0.000              1        0.01        0.01    SURWN_MOD:SURWN@1
 4955     0.00      953.491        0.000        0.000              1        0.01        0.46    SUNUDGLH@1
 4956     0.00      953.491        0.000        0.000              6        0.00        0.00    FAINOC_MT@1
 4957     0.00      953.491        0.000        0.000              1        0.00        0.01    FAGOTE_MT@1
 4958     0.00      953.491        0.000        1.248              1        0.00     1247.72    CSTA@1
 4959     0.00      953.491        0.000        0.000              1        0.00        0.01    radiation_aerosol_optics_data:set_types_CPU@1
 4960     0.00      953.491        0.000        0.040              1        0.00       39.66    SPEREE@1
 4961     0.00      953.491        0.000        0.000              2        0.00        0.00    DEALLOCATE_IF_ASSOCIATED_MOD:DEALLOCATE_IF_ASSOCIATED_INTEGER_1D@1
 4962     0.00      953.491        0.000        0.000              1        0.00        0.01    GMV_SUBS_MOD:SETUP_T9@1
 4963     0.00      953.491        0.000        0.000              1        0.00        0.45    YOMGWDIAG:SETUP_GWDIAG@1
 4964     0.00      953.491        0.000        0.000              1        0.00        0.00    SURRTRF_CPU@1
 4965     0.00      953.491        0.000        0.000              3        0.00        0.00    FADIEX_MT@1
 4966     0.00      953.491        0.000        0.000             10        0.00        0.00    SUCSLINT@1
 4967     0.00      953.491        0.000        0.000              7        0.00        0.00    RECMWF_PARALLEL:2:NULLIFY@1
 4968     0.00      953.491        0.000        0.000              1        0.00        0.01    ECRADFR@1
 4969     0.00      953.491        0.000        0.000              1        0.00        0.04    YOMCSGEOM:DEALLO_TCSGEOM_NB@1
 4970     0.00      953.491        0.000        0.121              1        0.00      121.40    SUGRIDU@1
 4971     0.00      953.491        0.000        0.000              2        0.00        0.00    GRIB_API:IGRIB_GET_MESSAGE_SIZE@1
 4972     0.00      953.491        0.000        0.000              1        0.00        0.00    SLCSET:SLEXPOLSETUP@1
 4973     0.00      953.491        0.000        0.000              1        0.00        0.00    SUSAVTEND@1
 4974     0.00      953.491        0.000        0.000              1        0.00        0.00    SUSRTCOP@1
 4975     0.00      953.491        0.000        0.000              1        0.00        0.01    MODEL_MOD:MODEL_DELETE@1
 4976     0.00      953.491        0.000        0.000              4        0.00        0.00    CPTAVE_MOD:AVECLA@1
 4977     0.00      953.491        0.000        0.000              1        0.00        0.00    MONVAR@1
 4978     0.00      953.491        0.000        0.003              1        0.00        3.31    MF_PHYS_SAVE_PHSURF_PART1_PARALLEL@1
 4979     0.00      953.491        0.000        0.000              1        0.00        0.00    SUCOND@1
 4980     0.00      953.491        0.000        0.001              1        0.00        0.55    SUSATSIM@1
 4981     0.00      953.491        0.000        0.000              1        0.00        0.00    BALBAK@1
 4982     0.00      953.491        0.000        0.000              9        0.00        0.00    INTDYN_MOD:SUPTR_TXYB@1
 4983     0.00      953.491        0.000        0.000              2        0.00        0.00    DEALLOCATE_IF_ASSOCIATED_MOD:DEALLOCATE_IF_ASSOCIATED_INTEGER_2D@1
 4984     0.00      953.491        0.000        0.000              1        0.00        0.00    SUSRTM_CPU@1
 4985     0.00      953.491        0.000        0.000              1        0.00        0.01    SUSPECA_MAP_PART2@1
 4986     0.00      953.491        0.000        0.000              1        0.00        0.07    SUECHK@1
 4987     0.00      953.491        0.000        0.000              4        0.00        0.00    FALIMU_MT@1
 4988     0.00      953.491        0.000        0.000              1        0.00        0.01    YOMCSGEOM:DEALLO_TCSGEOM_B@1
 4989     0.00      953.491        0.000        0.000              1        0.00        0.07    SUSPECA_FIXUP@1
 4990     0.00      953.491        0.000        0.000              1        0.00        0.39    IOGRIDA_MOD:IOGRIDA_COUNT@1
 4991     0.00      953.491        0.000        0.000              1        0.00        0.00    IOSPECA_MOD:IOSPECA_FINISH@1
 4992     0.00      953.491        0.000        0.000              6        0.00        0.00    radiation_aerosol_optics_data:set_hydrophobic_type_CPU@1
 4993     0.00      953.491        0.000        0.000              1        0.00        0.45    SUIOS@1
 4994     0.00      953.491        0.000        0.000              1        0.00        0.00    SPECTRAL_FIELDS_MOD:SETUP_SPEC@1
 4995     0.00      953.491        0.000        0.000              1        0.00        0.01    SUSRAD_MOD:SUSRAD@1
 4996     0.00      953.491        0.000        0.001              1        0.00        1.40    EIGSOL@1
 4997     0.00      953.491        0.000        0.000              2        0.00        0.00    FAVEUR_MT@1
 4998     0.00      953.491        0.000        0.000              1        0.00        0.00    SUAERH@1
 4999     0.00      953.491        0.000        0.000              1        0.00        0.00    FAREGI_MT@1
 5000     0.00      953.491        0.000        0.000              1        0.00        0.00    SRTM_CMBGB25_CPU@1
 5001     0.00      953.491        0.000        0.000              3        0.00        0.00    IOMULTIBUF_MOD:IOMULTIBUF_SIZE_IDX@1
 5002     0.00      953.491        0.000        0.000              1        0.00        0.02    SUALSPA@1
 5003     0.00      953.491        0.000        0.000              1        0.00        0.01    IOGRIDUA_MOD:IOGRIDUA_SELECT_WH@1
 5004     0.00      953.491        0.000        0.000              1        0.00        0.00    SUXIOS@1
 5005     0.00      953.491        0.000        0.000              2        0.00        0.00    FAVORI_MT@1
 5006     0.00      953.491        0.000        0.000              2        0.00        0.00    FALSIF_MT@1
 5007     0.00      953.491        0.000        0.000              1        0.00        0.00    MF_PHYS_SAVE_PHSURF_PART1_PARALLEL:PART1:NULLIFY@1
 5008     0.00      953.491        0.000        0.000              3        0.00        0.00    "lficas_alts"@1:lfi_alts.c
 5009     0.00      953.491        0.000        0.000              1        0.00        0.00    SUSURB_MOD:SUSURB@1
 5010     0.00      953.491        0.000        0.000              1        0.00        0.00    FALSIFY_SURF_FLDS@1
 5011     0.00      953.491        0.000        0.000              3        0.00        0.00    "lfiomg_alts"@1:lfi_alts.c
 5012     0.00      953.491        0.000        0.000              4        0.00        0.00    SUCFU:NEXTYPE1B@1
 5013     0.00      953.491        0.000        0.000              6        0.00        0.00    INTDYN_MOD:SUPTR_THWIND@1
 5014     0.00      953.491        0.000        0.000              1        0.00        0.00    UPDTIER@1
 5015     0.00      953.491        0.000        0.000              1        0.00        0.00    class_nvar%finish@1
 5016     0.00      953.491        0.000        0.000              2        0.00        0.00    YOE_SPECTRAL_PLANCK:FREE_SPECTRAL_PLANCK@1
 5017     0.00      953.491        0.000        0.000              1        0.00        0.00    SUSRTAER@1
 5018     0.00      953.491        0.000        0.000              1        0.00        0.02    SUPHLI@1
 5019     0.00      953.491        0.000        0.000              2        0.00        0.00    MFIOOPTS_MOD:MFIOOPTS_GETOPTS@1
 5020     0.00      953.491        0.000        0.000              2        0.00        0.00    "lfinmg_altm"@1:lfi_altm.c
 5021     0.00      953.491        0.000        0.000              1        0.00        0.00    FAGIOT_MT@1
 5022     0.00      953.491        0.000        0.000              5        0.00        0.00    INTDYN_MOD:SUPTR_TXYBDER@1
 5023     0.00      953.491        0.000        0.000              1        0.00        0.00    SUGRIDUA_MAP_PART2@1
 5024     0.00      953.491        0.000        0.000              3        0.00        0.00    DEALLOCATE_IF_ALLOCATED_MOD:DEALLOCATE_IF_ALLOCATED_REAL64_1D@1
 5025     0.00      953.491        0.000        0.000              2        0.00        0.00    AROINI_BUDGET@1
 5026     0.00      953.491        0.000        0.000              1        0.00        0.00    INI_CONVPAR0@1
 5027     0.00      953.491        0.000        0.000              1        0.00        0.00    SUJBALPHACV@1
 5028     0.00      953.491        0.000        0.000              3        0.00        0.00    GRIDPOINT_FIELDS_MIX:HUGIFY_ENDGRID@1
 5029     0.00      953.491        0.000        0.000              1        0.00        0.00    SRFROOTFR_MOD:SRFROOTFR@1
 5030     0.00      953.491        0.000        0.000              1        0.00        0.00    IOSPECA_MOD:IOSPECA_VSETOFF@1
 5031     0.00      953.491        0.000        0.000              4        0.00        0.00    INTDYN_MOD:SUPTR_TRCP@1
 5032     0.00      953.491        0.000        0.000              1        0.00        0.00    SUDEFO_VV1@1
 5033     0.00      953.491        0.000        0.000              1        0.00        0.00    GSTATS_OUTPUT_IFS@1
 5034     0.00      953.491        0.000        0.000              1        0.00        0.00    SUSTHF_MOD:SUSTHF@1
 5035     0.00      953.491        0.000        0.000              2        0.00        0.00    SU_CLOP550@1
 5036     0.00      953.491        0.000        0.000              2        0.00        0.00    INTDYNSL_MOD:SUPTR_TRSCAW@1
 5037     0.00      953.491        0.000        0.000              1        0.00        0.00    SUPTRGPPC@1
 5038     0.00      953.491        0.000        0.000              2        0.00        0.00    "lfinmg_alts"@1:lfi_alts.c
 5039     0.00      953.491        0.000        0.000              4        0.00        0.00    INTDYN_MOD:SUPTR_TCTY@1
 5040     0.00      953.491        0.000        0.000              1        0.00        0.00    MF_PHYS_SAVE_PHSURF_PART2_PARALLEL:PART2:NULLIFY@1
 5041     0.00      953.491        0.000        0.000              2        0.00        0.00    DEALLOCATE_IF_ALLOCATED_MOD:DEALLOCATE_IF_ALLOCATED_INTEGER_1D@1
 5042     0.00      953.491        0.000        0.000              1        0.00        0.00    SUJBECPHYSECV@1
 5043     0.00      953.491        0.000        0.000              2        0.00        0.00    INTDYNSL_MOD:SUPTR_TLSCAW@1
 5044     0.00      953.491        0.000        0.000              2        0.00        0.00    IOMULTIBUF_MOD:IOMULTIBUF_INIT_IDX@1
 5045     0.00      953.491        0.000        0.000              2        0.00        0.00    GMV_SUBS_MOD:SETUP_T0@1
 5046     0.00      953.491        0.000        0.000              1        0.00        0.00    SUHDIR@1
 5047     0.00      953.491        0.000        0.000              2        0.00        0.00    FX2T@1
 5048     0.00      953.491        0.000        0.000              1        0.00        0.00    SURAYFRIC@1
 5049     0.00      953.491        0.000        0.000              1        0.00        0.00    MTRAJ_MOD:MTRAJ_DELETE@1
 5050     0.00      953.491        0.000        0.000              1        0.00        0.01    IOGRIDUA_MOD:IOGRIDUA_COUNT@1
 5051     0.00      953.491        0.000        0.000              1        0.00        0.00    MODEL_MOD:MODEL_UNSET@1
 5052     0.00      953.491        0.000        0.001              1        0.00        0.63    SUFIELD_API@1
 5053     0.00      953.491        0.000        0.000              1        0.00        0.00    YEMLBC_INIT:SUELBC_INIT@1
 5054     0.00      953.491        0.000        0.000              1        0.00        0.00    FP_SERV_EXIT@1
 5055     0.00      953.491        0.000        0.000              1        0.00        0.00    IO_SERV_EXIT@1
 5056     0.00      953.491        0.000        0.000              1        0.00        0.00    GMV_SUBS_MOD:SETUP_PH9@1
 5057     0.00      953.491        0.000        0.000              1        0.00        0.00    FAAUTO_MT@1
 5058     0.00      953.491        0.000        0.000              1        0.00        0.39    IOGRIDA_MOD:IOGRIDA_SELECTDP@1
 5059     0.00      953.491        0.000        0.000              1        0.00        0.00    SUGRIDA_FIX_TOZ@1
 5060     0.00      953.491        0.000        0.000              1        0.00        0.00    SRTM_KGB26@1
 5061     0.00      953.491        0.000        0.000              1        0.00        0.00    SUGRIDA_FIXUP:SUGRIDA_FIX_LSM@1
 5062     0.00      953.491        0.000        0.000              2        0.00        0.00    IOGRIDA_MOD:ROZO@1
 5063     0.00      953.491        0.000        0.000              1        0.00        0.00    MODULE_RADTC_MIX:SUPTRTC@1
 5064     0.00      953.491        0.000        0.000              1        0.00        0.00    INTDYN_MOD:SUPTR_TTND@1
 5065     0.00      953.491        0.000        0.000              1        0.00        0.00    SUAERL@1
 5066     0.00      953.491        0.000        0.000              1        0.00        0.00    SUSPVARIABLES@1
 5067     0.00      953.491        0.000        0.000              1        0.00        0.00    INI_TURB@1
 5068     0.00      953.491        0.000        0.000              1        0.00        0.00    SU1YOM@1
 5069     0.00      953.491        0.000        0.000              1        0.00        0.00    GMV_SUBS_MOD:SETUP_T1@1
 5070     0.00      953.491        0.000        0.000              1        0.00        0.00    SUGRIDA_FIXUP:SUGRIDA_FIX_SURFANALYSISMASK@1
 5071     0.00      953.491        0.000        0.000              1        0.00        0.00    INI_SPP@1
 5072     0.00      953.491        0.000        0.000              1        0.00        0.00    IOSPECA_MOD:IOSPECA_COUNT@1
 5073     0.00      953.491        0.000        0.000              1        0.00        0.00    SUIOSTREAM@1
 5074     0.00      953.491        0.000        0.000              1        0.00        0.00    LFICOM:NEW_LFI@1
 5075     0.00      953.491        0.000        0.000              1        0.00        0.00    SURDI@1
 5076     0.00      953.491        0.000        0.000              1        0.00        0.00    YOMCST:TCST_INIT@1
 5077     0.00      953.491        0.000        0.000              1        0.00        0.00    SUVEXC_MOD:SUVEXC@1
 5078     0.00      953.491        0.000        0.000              1        0.00        0.00    MODIFY_WV_CONTINUUM@1
 5079     0.00      953.491        0.000        0.000              1        0.00        0.00    SUTRAJP@1
 5080     0.00      953.491        0.000        0.000              1        0.00        0.00    SRTM_CMBGB26_CPU@1
 5081     0.00      953.491        0.000        0.000              1        0.00        0.00    IOSPECA_MOD:IOSPECA_START@1
 5082     0.00      953.491        0.000        0.000              1        0.00        0.00    GMV_SUBS_MOD:SETUP_GP@1
 5083     0.00      953.491        0.000        0.000              1        0.00        0.00    SUOVLP@1
 5084     0.00      953.491        0.000        0.000              1        0.00        0.00    INTDYNSL_MOD:SUPTR_TCCO@1
 5085     0.00      953.491        0.000        0.000              1        0.00        0.00    SUDEFO_TSTEP@1
 5086     0.00      953.491        0.000        0.000              1        0.00        0.00    SUSCST_MOD:SUSCST@1
 5087     0.00      953.491        0.000        0.000              1        0.00        0.00    SUCLD@1
 5088     0.00      953.491        0.000        0.000              1        0.00        0.00    SUSFLAKE_MOD:SUSFLAKE@1
 5089     0.00      953.491        0.000        0.000              1        0.00        0.00    INTDYNSL_MOD:SUPTR_TSCO@1
 5090     0.00      953.491        0.000        0.000              1        0.00        0.00    SU2YOM@1
 5091     0.00      953.491        0.000        0.000              1        0.00        0.00    TYPE_ECV:INITIALIZE_ECVDIM@1
 5092     0.00      953.491        0.000        0.000              1        0.00        0.00    SU3YOM@1
 5093     0.00      953.491        0.000        0.000              1        0.00        0.00    INTDYN_MOD:SUPTR_TGMVT@1
 5094     0.00      953.491        0.000        0.000              1        0.00        0.00    SUCST_IFSAUX@1
 5095     0.00      953.491        0.000        0.000              1        0.00        0.00    INTDYN_MOD:SUPTR_TGFLT@1
 5096     0.00      953.491        0.000        0.000              1        0.00        0.00    INI_CONVPAR1@1
