Profiling information for program='/home/gmap/mrpm/marguina/gpupack/pack/49t2_openacc-bench-notransfer.01.INTEL2302.2d/bin/MASTERODB', proc#1:
	No. of instrumented routines called : 1601
	Instrumentation started : 20240717 084328
	Instrumentation   ended : 20240717 084427
	Instrumentation overhead: 0.10%
	Memory usage : 70278 MB (heap), 3208 MB (rss), 63 MB (stack), 206251 MB (vmpeak), 0 (paging)
	Wall-time is 58.53 sec on proc#1 (4 procs, 32 threads)
	Thread#1:       58.49 sec (99.93%) -- Cycles: 131742443678 (132458235232)
	Thread#2:        0.26 sec (0.45%) -- Cycles: 587116307 (132458236380)
	Thread#3:        0.26 sec (0.44%) -- Cycles: 586507873 (132458235143)
	Thread#4:        0.26 sec (0.45%) -- Cycles: 590803418 (132458234130)
	Thread#5:        0.27 sec (0.46%) -- Cycles: 605861061 (132458233815)
	Thread#6:        0.27 sec (0.46%) -- Cycles: 608115201 (132458234040)
	Thread#7:        0.26 sec (0.44%) -- Cycles: 585425222 (132458233883)
	Thread#8:        0.26 sec (0.45%) -- Cycles: 588128911 (132458233815)
	Thread#9:        0.25 sec (0.42%) -- Cycles: 557083393 (132458235165)
	Thread#10:        0.25 sec (0.42%) -- Cycles: 559120754 (132458235053)
	Thread#11:        0.25 sec (0.42%) -- Cycles: 557587596 (132458234737)
	Thread#12:        0.24 sec (0.41%) -- Cycles: 534064550 (132458235615)
	Thread#13:        0.23 sec (0.40%) -- Cycles: 527723191 (132458234153)
	Thread#14:        0.24 sec (0.41%) -- Cycles: 543777791 (132458234603)
	Thread#15:        0.24 sec (0.42%) -- Cycles: 548194292 (132458235817)
	Thread#16:        0.24 sec (0.41%) -- Cycles: 546184500 (132458234220)
	Thread#17:        0.22 sec (0.38%) -- Cycles: 495024913 (132458219573)
	Thread#18:        0.22 sec (0.38%) -- Cycles: 496094600 (132458219910)
	Thread#19:        0.22 sec (0.38%) -- Cycles: 498167184 (132458219528)
	Thread#20:        0.24 sec (0.41%) -- Cycles: 535938652 (132458219640)
	Thread#21:        0.24 sec (0.41%) -- Cycles: 540535969 (132458237213)
	Thread#22:        0.24 sec (0.41%) -- Cycles: 545470559 (132458236358)
	Thread#23:        0.24 sec (0.40%) -- Cycles: 532637067 (132458236650)
	Thread#24:        0.23 sec (0.40%) -- Cycles: 523980685 (132458236583)
	Thread#25:        0.24 sec (0.42%) -- Cycles: 551889815 (132458225265)
	Thread#26:        0.24 sec (0.42%) -- Cycles: 549810213 (132458225288)
	Thread#27:        0.25 sec (0.42%) -- Cycles: 555436080 (132458225220)
	Thread#28:        0.25 sec (0.42%) -- Cycles: 558304853 (132458225400)
	Thread#29:        0.25 sec (0.42%) -- Cycles: 555994453 (132458236313)
	Thread#30:        0.25 sec (0.42%) -- Cycles: 556474426 (132458236403)
	Thread#31:        0.25 sec (0.42%) -- Cycles: 558156531 (132458235750)
	Thread#32:        0.24 sec (0.40%) -- Cycles: 530799390 (132458229945)

    #  % Time         Cumul         Self        Total     # of calls        Self       Total    Routine@<thread-id>
                                                                             (Size; Size/sec; Size/call; MinSize; MaxSize)
        (self)        (sec)        (sec)        (sec)                    ms/call     ms/call

    1    14.13        8.273        8.273        8.276            973        8.50        8.51    radiation_mcica_acc_sw:solver_mcica_acc_sw_GPU@1
    2    10.11       14.190        5.917        5.919            973        6.08        6.08    radiation_mcica_acc_lw:solver_mcica_acc_lw_GPU@1
    3     6.49       17.988        3.798        3.798             37      102.65      102.65    ACVPPKF_PARALLEL:PART1:COMPUTE@1
    4     5.45       21.178        3.190        3.191            222       14.37       14.37    LARCINB_PARALLEL:LAITRE_GFL:COMPUTE@1
    5     5.09       24.156        2.978        2.978             37       80.48       80.48    ACVPPKF_PARALLEL:PART2:COMPUTE@1
    6     3.85       26.412        2.256        2.256             37       60.97       60.98    APL_ARPEGE_INIT_PARALLEL:3:COMPUTE@1
    7     3.30       28.343        1.931        1.932             37       52.20       52.20    LARCINB_PARALLEL:LRHS_CURV_F:COMPUTE@1
    8     3.21       30.220        1.877        1.877             37       50.73       50.73    ACVPPKF_PARALLEL:PART3:COMPUTE@1
    9     3.01       31.980        1.760        1.760             37       47.56       47.56    ACVPPKF_PARALLEL:PART0:COMPUTE@1
   10     2.81       33.627        1.647        2.724             74       22.26       36.81    SLCOMM3@1
   11     2.45       35.064        1.437        1.437             37       38.84       38.84    APL_ARPEGE_SURFACE_PARALLEL:ACDIFV1:COMPUTE@1
   12     2.40       36.470        1.406        1.407            973        1.44        1.45    radiation_aerosol_optics:add_aerosol_optics_GPU@1
   13     2.26       37.791        1.321        5.554            973        1.36        5.71    radiation_ifs_rrtm:gas_optics_rrtm_GPU@1
   14     1.89       38.898        1.108        1.108             37       29.94       29.94    LATTEX_PARALLEL:MAIN:COMPUTE@1
   15     1.84       39.975        1.077        1.077             74       14.55       14.56    SLCOMM3:SLCOMM3_INT@1
   16     1.54       40.878        0.903        0.904           3152        0.29        0.29    DELETE_TEMPORARIES@1
   17     1.31       41.644        0.765        0.765              7      109.31      109.32    RECMWF_PARALLEL:FINISH:COMPUTE@1
   18     1.28       42.391        0.747        0.748             37       20.20       20.20    APL_ARPEGE_SURFACE_PARALLEL:LMSE_F:COMPUTE@1
   19     1.12       43.047        0.656        0.656             37       17.72       17.72    APL_ARPEGE_INIT_PARALLEL:4:COMPUTE@1
   20     0.92       43.588        0.541       57.743              1      541.39    57743.46    CNT4@1
   21     0.79       44.052        0.464        0.464             37       12.54       12.54    LARCINB_PARALLEL:LAITRE_GMV:COMPUTE@1
   22     0.78       44.507        0.455        0.455              7       64.99       64.99    RECMWF_PARALLEL:PREPARE:COMPUTE@1
   23     0.74       44.941        0.434        0.435            973        0.45        0.45    radiation_ifs_rrtm:planck_function_atmos_GPU@1
   24     0.73       45.367        0.426        1.397            973        0.44        1.44    SRTM_GAS_OPTICAL_DEPTH_GPU@1
   25     0.64       45.742        0.375        0.375             37       10.13       10.14    APL_ARPEGE_SURFACE_PARALLEL:ACDIFV2:COMPUTE@1
   26     0.62       46.102        0.360        0.360             37        9.74        9.74    APL_ARPEGE_DEEP_CONVECTION_PARALLEL:CUCALLN_MF:COMPUTE@1
   27     0.59       46.445        0.343        0.343             37        9.26        9.26    APL_ARPEGE_INIT_PARALLEL:5:COMPUTE@1
   28     0.57       46.781        0.336        2.134            973        0.35        2.19    RRTM_GAS_OPTICAL_DEPTH_GPU@1
   29     0.55       47.100        0.319        0.319             37        8.63        8.63    APL_ARPEGE_SHALLOW_CONVECTION_AND_TURBULENCE_PARALLEL:ACTKE:COMPUTE@1
   30     0.50       47.390        0.290        0.290             37        7.84        7.84    APL_ARPEGE_PRECIPITATION_PARALLEL:ACUPTQ:COMPUTE@1
   31     0.50       47.680        0.290        0.290              1      289.94      289.95    FAIXLA_MT@1
   32     0.49       47.969        0.289        0.289             37        7.80        7.80    LARMES_PARALLEL:LARMES:COMPUTE@1
   33     0.46       48.240        0.271        0.271             41        6.61        6.61    TRLTOG@1
   34     0.44       48.499        0.259        0.259             57        4.54        4.54    TRGTOL@1
   35     0.44       48.754        0.255        0.256            973        0.26        0.26    RRTM_TAUMOL3_GPU@1
   36     0.43       49.006        0.252        0.252             37        6.81        6.81    LARCINB_PARALLEL:LCOMAD_SP:COMPUTE@1
   37     0.42       49.249        0.243        0.243             37        6.57        6.58    APL_ARPEGE_ATMOSPHERE_UPDATE_PARALLEL:CPTEND_NEW:COMPUTE@1
   38     0.40       49.486        0.237        0.237             37        6.40        6.40    MF_PHYS_INIT_PARALLEL:ZERO:COMPUTE@1
   39     0.40       49.719        0.233        0.233            973        0.24        0.24    RRTM_TAUMOL5_GPU@1
   40     0.40       49.951        0.232        0.232             37        6.28        6.28    LAPINEA_PARALLEL:LARCINA:COMPUTE@1
   41     0.38       50.174        0.223        0.223             37        6.02        6.02    CPG_GP_HYD_PARALLEL:2:COMPUTE@1
   42     0.36       50.384        0.211        0.211             37        5.69        5.69    APL_ARPEGE_RADIATION_PARALLEL:ACDAYD:COMPUTE@1
   43     0.36       50.595        0.211        0.211             37        5.69        5.69    APL_ARPEGE_DPRECIPS_PARALLEL:0:COMPUTE@1
   44     0.35       50.797        0.202        0.202            973        0.21        0.21    radiation_cloud_optics:cloud_optics_GPU@1
   45     0.33       50.992        0.196        0.196             37        5.29        5.29    APL_ARPEGE_INIT_PARALLEL:2:COMPUTE@1
   46     0.31       51.177        0.184        0.185            973        0.19        0.19    RRTM_TAUMOL9_GPU@1
   47     0.29       51.349        0.172        0.173            973        0.18        0.18    RRTM_TAUMOL4_GPU@1
   48     0.27       51.506        0.158        0.158            973        0.16        0.16    RRTM_TAUMOL7_GPU@1
   49     0.26       51.658        0.152        0.152             37        4.11        4.11    LARCINB_PARALLEL:NTLAG_3:COMPUTE@1
   50     0.25       51.806        0.148        0.148             37        3.99        4.00    APL_ARPEGE_RADIATION_PARALLEL:RADHEAT:COMPUTE@1
   51     0.25       51.953        0.147        0.148            973        0.15        0.15    RRTM_SETCOEF_140GP_GPU@1
   52     0.25       52.099        0.146        0.146             37        3.94        3.94    LARCINB_PARALLEL:NVLAG_3:COMPUTE@1
   53     0.24       52.240        0.141        0.172             37        3.80        4.65    SCAN2M_CTVTOT_DRV@1
   54     0.23       52.374        0.134        0.134             37        3.63        3.63    TRLTOM@1
   55     0.22       52.502        0.128        0.129            973        0.13        0.13    SRTM_TAUMOL17_GPU@1
   56     0.22       52.628        0.126        0.126             37        3.40        3.40    APL_ARPEGE_INIT_PARALLEL:1:COMPUTE@1
   57     0.21       52.752        0.124       45.737             37        3.36     1236.14    CPG_DRV@1
   58     0.21       52.876        0.123       21.696            973        0.13       22.30    RADIATION_SCHEME_GPU@1
   59     0.20       52.995        0.119        0.119             41        2.91        2.91    TRMTOL@1
   60     0.20       53.113        0.118        0.119            185        0.64        0.64   *CPG_SL1B_TYPE_SHUFFLE_PB1@1
   61     0.20       53.113        0.118        0.118            185        0.64        0.64    CPG_SL1B_TYPE_SHUFFLE_PB1@4
   62     0.20       53.113        0.118        0.118            185        0.64        0.64    CPG_SL1B_TYPE_SHUFFLE_PB1@3
   63     0.20       53.113        0.118        0.118            185        0.64        0.64    CPG_SL1B_TYPE_SHUFFLE_PB1@2
   64     0.20       53.113        0.115        0.115            185        0.62        0.62    CPG_SL1B_TYPE_SHUFFLE_PB1@7
   65     0.20       53.113        0.115        0.115            185        0.62        0.62    CPG_SL1B_TYPE_SHUFFLE_PB1@5
   66     0.20       53.113        0.115        0.115            185        0.62        0.62    CPG_SL1B_TYPE_SHUFFLE_PB1@8
   67     0.20       53.113        0.115        0.115            185        0.62        0.62    CPG_SL1B_TYPE_SHUFFLE_PB1@6
   68     0.19       53.113        0.111        0.112            185        0.60        0.60    CPG_SL1B_TYPE_SHUFFLE_PB1@9
   69     0.19       53.113        0.111        0.111            185        0.60        0.60    CPG_SL1B_TYPE_SHUFFLE_PB1@11
   70     0.19       53.113        0.111        0.111            185        0.60        0.60    CPG_SL1B_TYPE_SHUFFLE_PB1@10
   71     0.19       53.224        0.111        0.111            973        0.11        0.11    SRTM_TAUMOL21_GPU@1
   72     0.18       53.224        0.103        0.104            148        0.70        0.70    CPG_SL1B_TYPE_SHUFFLE_PB1@16
   73     0.18       53.328        0.103        0.104            973        0.11        0.11    RRTM_TAUMOL8_GPU@1
   74     0.18       53.328        0.103        0.104            148        0.70        0.70    CPG_SL1B_TYPE_SHUFFLE_PB1@15
   75     0.18       53.328        0.103        0.103            148        0.70        0.70    CPG_SL1B_TYPE_SHUFFLE_PB1@14
   76     0.18       53.328        0.103        0.103            148        0.70        0.70    CPG_SL1B_TYPE_SHUFFLE_PB1@13
   77     0.17       53.328        0.102        0.102            148        0.69        0.69    CPG_SL1B_TYPE_SHUFFLE_PB1@12
   78     0.16       53.423        0.095        0.096            973        0.10        0.10    RRTM_TAUMOL13_GPU@1
   79     0.16       53.516        0.093        0.094            973        0.10        0.10    RRTM_TAUMOL1_GPU@1
   80     0.16       53.608        0.092        0.092            973        0.09        0.09    SRTM_TAUMOL24_GPU@1
   81     0.15       53.608        0.091        0.091            148        0.61        0.61    CPG_SL1B_TYPE_SHUFFLE_PB1@28
   82     0.15       53.608        0.090        0.091            148        0.61        0.61    CPG_SL1B_TYPE_SHUFFLE_PB1@25
   83     0.15       53.698        0.090        0.091            973        0.09        0.09    RRTM_TAUMOL2_GPU@1
   84     0.15       53.698        0.090        0.090            148        0.61        0.61    CPG_SL1B_TYPE_SHUFFLE_PB1@27
   85     0.15       53.698        0.090        0.090            148        0.61        0.61    CPG_SL1B_TYPE_SHUFFLE_PB1@26
   86     0.15       53.698        0.090        0.090            148        0.61        0.61    CPG_SL1B_TYPE_SHUFFLE_PB1@24
   87     0.15       53.698        0.090        0.090            148        0.61        0.61    CPG_SL1B_TYPE_SHUFFLE_PB1@23
   88     0.15       53.698        0.090        0.090            148        0.61        0.61    CPG_SL1B_TYPE_SHUFFLE_PB1@22
   89     0.15       53.698        0.090        0.090            148        0.61        0.61    CPG_SL1B_TYPE_SHUFFLE_PB1@21
   90     0.15       53.787        0.089        0.089            973        0.09        0.09    SRTM_TAUMOL20_GPU@1
   91     0.15       53.876        0.089        0.089            973        0.09        0.09    RRTM_TAUMOL12_GPU@1
   92     0.15       53.876        0.088        0.089            148        0.60        0.60    CPG_SL1B_TYPE_SHUFFLE_PB1@29
   93     0.15       53.876        0.088        0.089            148        0.60        0.60    CPG_SL1B_TYPE_SHUFFLE_PB1@30
   94     0.15       53.876        0.088        0.088            148        0.59        0.60    CPG_SL1B_TYPE_SHUFFLE_PB1@31
   95     0.15       53.964        0.088        0.088             37        2.37        2.38    APL_ARPEGE_PARALLEL:QNGCOR:COMPUTE@1
   96     0.15       54.051        0.088        0.088             37        2.37        2.37    LASSIE_PARALLEL:SITNU:COMPUTE@1
   97     0.15       54.051        0.086        0.087            148        0.58        0.59    CPG_SL1B_TYPE_SHUFFLE_PB1@17
   98     0.15       54.051        0.086        0.087            148        0.58        0.59    CPG_SL1B_TYPE_SHUFFLE_PB1@18
   99     0.15       54.051        0.086        0.087            148        0.58        0.58    CPG_SL1B_TYPE_SHUFFLE_PB1@20
  100     0.15       54.051        0.086        0.086            148        0.58        0.58    CPG_SL1B_TYPE_SHUFFLE_PB1@19
  101     0.15       54.137        0.086        0.086              6       14.29       14.29    GRIB_API:IGRIB_NEW_FROM_SAMPLES@1
  102     0.15       54.222        0.085        0.085             37        2.30        2.30    APL_ARPEGE_CLOUDINESS_PARALLEL:ACNEBCOND:COMPUTE@1
  103     0.14       54.304        0.082        0.105             36        2.27        2.93    SPCSINEW_PARALLEL@1
  104     0.14       54.383        0.079        0.080            973        0.08        0.08    SRTM_TAUMOL18_GPU@1
  105     0.13       54.461        0.078        0.078            973        0.08        0.08    SRTM_TAUMOL19_GPU@1
  106     0.13       54.461        0.077        0.077            148        0.52        0.52    CPG_SL1B_TYPE_SHUFFLE_PB1@32
  107     0.13       54.535        0.074        0.074            973        0.08        0.08    SRTM_SETCOEF_GPU@1
  108     0.13       54.609        0.074        0.106             72        1.03        1.48    EXCHANGE_MS:EXCHANGE@1
  109     0.13       54.683        0.074        0.074            973        0.08        0.08    RRTM_TAUMOL11_GPU@1
  110     0.12       54.754        0.071        0.072            973        0.07        0.07    SRTM_TAUMOL23_GPU@1
  111     0.12       54.824        0.070        0.070            973        0.07        0.07    SRTM_TAUMOL29_GPU@1
  112     0.12       54.891        0.068        0.068             37        1.83        1.83    LAPINEB_PARALLEL:LARCHE:COMPUTE@1
  113     0.11       54.957        0.066        0.066             37        1.78        1.78    CPG_GP_HYD_PARALLEL:1:COMPUTE@1
  114     0.11       55.023        0.066        0.066            973        0.07        0.07    SRTM_TAUMOL16_GPU@1
  115     0.11       55.087        0.065        0.065            973        0.07        0.07    RRTM_TAUMOL6_GPU@1
  116     0.11       55.150        0.062        0.062             37        1.68        1.68    ACVPPKF_PARALLEL:PART2:GET_DATA@1
  117     0.11       55.212        0.062        0.513             41        1.51       12.52    INV_TRANS@1
  118     0.10       55.271        0.060        0.062              1       59.73       62.36    SRTM_INIT_GPU@1
  119     0.10       55.331        0.060        0.060            973        0.06        0.06    SRTM_TAUMOL28_GPU@1
  120     0.10       55.390        0.060        0.063              1       59.53       63.28    RRTM_INIT_140GP_GPU@1
  121     0.10       55.450        0.059        0.060            973        0.06        0.06    RRTM_TAUMOL10_GPU@1
  122     0.10       55.509        0.059        6.551             37        1.59      177.07    LAPINEB_DRV@1
  123     0.09       55.563        0.055        0.055             37        1.47        1.47    APL_ARPEGE_PARALLEL:ACTQSAT:COMPUTE@1
  124     0.09       55.616        0.053        0.053             37        1.44        1.44    APL_ARPEGE_PARALLEL:ACCLPH:COMPUTE@1
  125     0.09       55.669        0.053        0.053            222        0.24        0.24    LARCINB_PARALLEL:RRINTOPT:COMPUTE@1
  126     0.09       55.721        0.051        0.051             37        1.38        1.38    MF_PHYS_PREP_PARALLEL:PREP:COMPUTE@1
  127     0.09       55.772        0.051        0.051            973        0.05        0.05    RRTM_TAUMOL16_GPU@1
  128     0.09       55.822        0.051        0.051             37        1.37        1.39    CPG_SL1B_TYPE_SET_HOST_PARALLEL@1
  129     0.08       55.870        0.048        0.048            973        0.05        0.05    RRTM_TAUMOL15_GPU@1
  130     0.08       55.918        0.048        0.048             37        1.29        1.29    APL_ARPEGE_PARALLEL:APLPAR_INIT:COMPUTE@1
  131     0.08       55.964        0.046        0.046             37        1.24        1.24    LAVENT_PARALLEL:0:COMPUTE@1
  132     0.08       56.009        0.045        0.045             37        1.23        1.23    LOGDIS@1
  133     0.08       56.055        0.045        0.045            973        0.05        0.05    SRTM_TAUMOL27_GPU@1
  134     0.08       56.099        0.044        0.044             37        1.20        1.20    APL_ARPEGE_PARALLEL:ACDRAG:COMPUTE@1
  135     0.08       56.144        0.044        0.046           3152        0.01        0.01    CREATE_TEMPORARIES@1
  136     0.07       56.187        0.043        0.043             37        1.16        1.16    APL_ARPEGE_PARALLEL:ACDRME:COMPUTE@1
  137     0.07       56.229        0.042        0.042            106        0.40        0.40    POSNAME@1
  138     0.07       56.270        0.041       52.699             37        1.11     1424.31    STEPO@1
  139     0.07       56.309        0.040        0.040            973        0.04        0.04    radiation_flux:calc_surface_spectral_GPU@1
  140     0.07       56.349        0.040        0.040             37        1.07        1.07    APL_ARPEGE_PARALLEL:CPPHINP:COMPUTE@1
  141     0.07       56.388        0.039        0.039             37        1.05        1.05    APL_ARPEGE_DEEP_CONVECTION_PARALLEL:INIT:COMPUTE@1
  142     0.07       56.426        0.038        0.038             37        1.03        1.03    CPG_GP_HYD_PARALLEL:0:COMPUTE@1
  143     0.06       56.463        0.037        0.037            973        0.04        0.04    RRTM_PREPARE_GASES_GPU@1
  144     0.06       56.499        0.036        0.037            973        0.04        0.04    SRTM_TAUMOL22_GPU@1
  145     0.06       56.534        0.035        0.035             74        0.47        0.48    LAPINEB_PARALLEL:ROTUVGEO:COMPUTE@1
  146     0.06       56.569        0.035        0.035            102        0.34        0.34   *FFT992@6
  147     0.06       56.569        0.032        0.032             91        0.36        0.36    FFT992@5
  148     0.06       56.601        0.032        0.032            222        0.15        0.15    LAPINEB_PARALLEL:CVGQ:COMPUTE@1
  149     0.06       56.601        0.032        0.033            152        0.21        0.21    FFT992@25
  150     0.06       56.634        0.032        0.032            555        0.06        0.06    GPRCP_EXPL_PARALLEL:1:COMPUTE@1
  151     0.06       56.634        0.032        0.032            152        0.21        0.21    FFT992@24
  152     0.05       56.666        0.032        0.059            111        0.29        0.53   *LTINV_MOD@20
  153     0.05       56.666        0.032        0.056             78        0.41        0.72    LTINV_MOD@25
  154     0.05       56.666        0.032        0.032            150        0.21        0.21    FFT992@26
  155     0.05       56.666        0.032        0.032             95        0.33        0.33    FFT992@8
  156     0.05       56.666        0.031        0.057             77        0.41        0.74    LTINV_MOD@26
  157     0.05       56.666        0.031        0.058             39        0.80        1.48    LTINV_MOD@4
  158     0.05       56.666        0.031        0.031            149        0.21        0.21    FFT992@23
  159     0.05       56.666        0.031        0.063             78        0.40        0.80    LTINV_MOD@32
  160     0.05       56.666        0.031        0.058             39        0.80        1.48    LTINV_MOD@3
  161     0.05       56.697        0.031        0.031            324        0.10        0.10    SCAN2M_TS_PARALLEL:0:COMPUTE@1
  162     0.05       56.728        0.031        0.031            973        0.03        0.03    SRTM_TAUMOL25_GPU@1
  163     0.05       56.728        0.031        0.031            151        0.20        0.20    FFT992@27
  164     0.05       56.759        0.031        0.031             37        0.83        0.83    APL_ARPEGE_DEEP_CONVECTION_PARALLEL:COPY:COMPUTE@1
  165     0.05       56.759        0.031        0.058            117        0.26        0.49    LTINV_MOD@22
  166     0.05       56.789        0.031        0.031            973        0.03        0.03    LIQUID_EFFECTIVE_RADIUS_GPU@1
  167     0.05       56.820        0.031        0.031             37        0.82        0.83    CPG_GP_PARALLEL:GPINISLB_PART1_EXPL:COMPUTE@1
  168     0.05       56.820        0.030        0.053             39        0.78        1.37    LTINV_MOD@5
  169     0.05       56.820        0.030        0.063             78        0.39        0.81    LTINV_MOD@31
  170     0.05       56.820        0.030        0.063             77        0.39        0.82    LTINV_MOD@30
  171     0.05       56.820        0.030        0.059             78        0.39        0.76    LTINV_MOD@28
  172     0.05       56.820        0.030        0.030            151        0.20        0.20    FFT992@28
  173     0.05       56.820        0.030        0.030            125        0.24        0.24    FFT992@1
  174     0.05       56.820        0.030        0.057            117        0.26        0.48    LTINV_MOD@21
  175     0.05       56.820        0.030        0.052             39        0.77        1.34    LTINV_MOD@6
  176     0.05       56.850        0.030        0.047             37        0.81        1.26   *LTDIR_MOD@8
  177     0.05       56.850        0.030        0.048             38        0.79        1.27    LTDIR_MOD@6
  178     0.05       56.850        0.030        0.047             73        0.41        0.64    LTDIR_MOD@28
  179     0.05       56.850        0.030        0.030            147        0.20        0.20    FFT992@17
  180     0.05       56.850        0.030        0.060             78        0.38        0.78    LTINV_MOD@29
  181     0.05       56.850        0.030        0.048             74        0.40        0.64    LTDIR_MOD@31
  182     0.05       56.850        0.030        0.030            149        0.20        0.20    FFT992@18
  183     0.05       56.850        0.030        0.048             73        0.40        0.66    LTDIR_MOD@32
  184     0.05       56.850        0.030        0.047             74        0.40        0.63    LTDIR_MOD@30
  185     0.05       56.850        0.029        0.048             75        0.39        0.63    LTDIR_MOD@29
  186     0.05       56.850        0.029        0.058             78        0.38        0.75    LTINV_MOD@27
  187     0.05       56.850        0.029        0.029            110        0.27        0.27    FFT992@2
  188     0.05       56.850        0.029        0.029             79        0.37        0.37    FFT992@7
  189     0.05       56.850        0.029        0.046             73        0.40        0.63    LTDIR_MOD@27
  190     0.05       56.850        0.029        0.048             37        0.79        1.30    LTDIR_MOD@5
  191     0.05       56.850        0.029        0.029            109        0.27        0.27    FFT992@4
  192     0.05       56.850        0.029        0.046             37        0.79        1.25    LTDIR_MOD@7
  193     0.05       56.850        0.029        0.044             76        0.38        0.58    LTDIR_MOD@25
  194     0.05       56.850        0.029        0.029            155        0.19        0.19    FFT992@19
  195     0.05       56.850        0.029        0.029            110        0.26        0.26    FFT992@3
  196     0.05       56.850        0.029        0.049             39        0.74        1.26    LTINV_MOD@8
  197     0.05       56.850        0.029        0.029            152        0.19        0.19    FFT992@22
  198     0.05       56.850        0.029        0.044            112        0.26        0.39    LTDIR_MOD@21
  199     0.05       56.850        0.029        0.050             39        0.74        1.28    LTINV_MOD@7
  200     0.05       56.850        0.029        0.044             74        0.39        0.60    LTDIR_MOD@26
  201     0.05       56.850        0.029        0.029            153        0.19        0.19    FFT992@29
  202     0.05       56.850        0.029        0.029            110        0.26        0.26    FFT992@15
  203     0.05       56.850        0.029        0.045            112        0.25        0.40    LTDIR_MOD@22
  204     0.05       56.850        0.028        0.054             78        0.36        0.69    LTINV_MOD@23
  205     0.05       56.850        0.028        0.043             37        0.77        1.17    LTDIR_MOD@9
  206     0.05       56.878        0.028        0.028             37        0.77        0.77    CPG_DIA_FLU_PARALLEL:0:COMPUTE@1
  207     0.05       56.878        0.028        0.057             39        0.73        1.45    LTINV_MOD@2
  208     0.05       56.878        0.028        0.044             47        0.60        0.94    LTINV_MOD@1
  209     0.05       56.878        0.028        0.044            108        0.26        0.41    LTDIR_MOD@20
  210     0.05       56.878        0.028        0.043            102        0.27        0.42    LTDIR_MOD@19
  211     0.05       56.878        0.028        0.050             64        0.44        0.78    LTINV_MOD@14
  212     0.05       56.878        0.028        0.028            166        0.17        0.17    FFT992@21
  213     0.05       56.878        0.028        0.028            151        0.18        0.18    FFT992@30
  214     0.05       56.878        0.028        0.050             78        0.36        0.64    LTINV_MOD@24
  215     0.05       56.878        0.028        0.042             37        0.75        1.15    LTDIR_MOD@10
  216     0.05       56.878        0.028        0.052             77        0.36        0.67    LTINV_MOD@15
  217     0.05       56.906        0.028        0.028             37        0.75        0.75    APL_ARPEGE_PARALLEL:ZBAY_QRCONV:COMPUTE@1
  218     0.05       56.906        0.028        0.028            152        0.18        0.18    FFT992@31
  219     0.05       56.906        0.027        0.028            158        0.17        0.17    FFT992@20
  220     0.05       56.906        0.027        0.043             38        0.72        1.13    LTDIR_MOD@12
  221     0.05       56.906        0.027        0.027             81        0.34        0.34    FFT992@10
  222     0.05       56.906        0.027        0.043             39        0.70        1.10    LTINV_MOD@9
  223     0.05       56.906        0.027        0.027            137        0.20        0.20    FFT992@16
  224     0.05       56.933        0.027        0.027             37        0.74        0.74    APL_ARPEGE_DEEP_CONVECTION_PARALLEL:ZERO:COMPUTE@1
  225     0.05       56.933        0.027        0.027             78        0.35        0.35    FFT992@9
  226     0.05       56.933        0.027        0.027             80        0.34        0.34    FFT992@11
  227     0.05       56.933        0.027        0.027             90        0.30        0.30    FFT992@12
  228     0.05       56.933        0.027        0.042             56        0.48        0.76    LTDIR_MOD@16
  229     0.05       56.933        0.027        0.043             37        0.72        1.16    LTDIR_MOD@11
  230     0.05       56.933        0.027        0.043             75        0.35        0.57    LTDIR_MOD@1
  231     0.05       56.933        0.027        0.027            158        0.17        0.17    FFT992@32
  232     0.04       56.959        0.026        0.026             37        0.71        0.71    LAPINEB_PARALLEL:ZVWEI:COMPUTE@1
  233     0.04       56.959        0.026        0.039             77        0.34        0.51    LTDIR_MOD@24
  234     0.04       56.959        0.026        0.040             41        0.64        0.97    LTDIR_MOD@14
  235     0.04       56.959        0.026        0.026             92        0.28        0.29    FFT992@13
  236     0.04       56.959        0.026        0.026             93        0.28        0.28    FFT992@14
  237     0.04       56.959        0.026        0.044             39        0.67        1.13    LTINV_MOD@12
  238     0.04       56.959        0.026        0.040             37        0.70        1.08    LTDIR_MOD@13
  239     0.04       56.985        0.026        0.026             37        0.70        0.70    LATTES_PARALLEL:0:COMPUTE@1
  240     0.04       56.985        0.026        0.044             39        0.66        1.14    LTINV_MOD@11
  241     0.04       56.985        0.026        0.039             76        0.34        0.51    LTDIR_MOD@18
  242     0.04       56.985        0.026        0.046             39        0.66        1.17    LTINV_MOD@10
  243     0.04       56.985        0.026        0.039             73        0.35        0.54    LTDIR_MOD@17
  244     0.04       56.985        0.025        0.038             37        0.69        1.02    LTDIR_MOD@15
  245     0.04       56.985        0.025        0.047             79        0.32        0.59    LTINV_MOD@16
  246     0.04       57.010        0.025        0.025             37        0.68        0.68    LAPINEB_PARALLEL:NVLAG3:COMPUTE@1
  247     0.04       57.010        0.025        0.041             73        0.34        0.56    LTDIR_MOD@23
  248     0.04       57.035        0.025        0.025             37        0.67        0.67    CPUTQY_APLPAR_EXPL_PARALLEL:ZDEC:COMPUTE@1
  249     0.04       57.035        0.025        0.043             44        0.56        0.97    LTINV_MOD@13
  250     0.04       57.035        0.025        0.044             82        0.30        0.53    LTINV_MOD@18
  251     0.04       57.035        0.024        0.042             80        0.30        0.53    LTINV_MOD@17
  252     0.04       57.059        0.024       21.720              7        3.40     3102.89    RECMWF_PARALLEL:ECRAD_GPU:COMPUTE@1
  253     0.04       57.059        0.024        0.042             81        0.29        0.52    LTINV_MOD@19
  254     0.04       57.082        0.024        0.024            333        0.07        0.07    CPUTQY0_PARALLEL:PVAR:COMPUTE@1
  255     0.04       57.082        0.023        0.041             51        0.46        0.81    LTDIR_MOD@4
  256     0.04       57.105        0.022        0.022             37        0.61        0.61    APL_ARPEGE_PARALLEL:DIFTQ:COMPUTE@1
  257     0.04       57.105        0.022        0.041             40        0.56        1.01    LTDIR_MOD@2
  258     0.04       57.105        0.022        0.039             38        0.59        1.04    LTDIR_MOD@3
  259     0.04       57.127        0.022        0.022             72        0.31        0.31   *SGEMMX@13
  260     0.04       57.127        0.022        0.022             72        0.30        0.31    SGEMMX@9
  261     0.04       57.127        0.022        0.022             72        0.30        0.31    SGEMMX@15
  262     0.04       57.127        0.022        0.022             72        0.30        0.30    SGEMMX@14
  263     0.04       57.127        0.022        0.022             72        0.30        0.30    SGEMMX@16
  264     0.04       57.149        0.022        0.022            148        0.15        0.15    GPINISLB_PART2_EXPL_PARALLEL:1:COMPUTE@1
  265     0.04       57.149        0.022        0.022             72        0.30        0.30    SGEMMX@21
  266     0.04       57.149        0.022        0.022             72        0.30        0.30    SGEMMX@10
  267     0.04       57.149        0.022        0.022             72        0.30        0.30    SGEMMX@17
  268     0.04       57.149        0.021        0.021             72        0.30        0.30    SGEMMX@12
  269     0.04       57.149        0.021        0.021             72        0.30        0.30    SGEMMX@11
  270     0.04       57.149        0.021        0.021             72        0.30        0.30    SGEMMX@22
  271     0.04       57.149        0.021        0.021             72        0.30        0.30    SGEMMX@25
  272     0.04       57.149        0.021        0.021             72        0.30        0.30    SGEMMX@18
  273     0.04       57.149        0.021        0.021             72        0.30        0.30    SGEMMX@29
  274     0.04       57.149        0.021        0.021             72        0.30        0.30    SGEMMX@20
  275     0.04       57.149        0.021        0.021             72        0.30        0.30    SGEMMX@19
  276     0.04       57.149        0.021        0.021             72        0.29        0.30    SGEMMX@24
  277     0.04       57.149        0.021        0.021             72        0.29        0.29    SGEMMX@23
  278     0.04       57.149        0.021        0.021             72        0.29        0.29    SGEMMX@26
  279     0.04       57.170        0.021        0.021            973        0.02        0.02    RRTM_TAUMOL14_GPU@1
  280     0.04       57.170        0.021        0.021             72        0.29        0.29    SGEMMX@30
  281     0.04       57.191        0.021        0.460             37        0.57       12.44    DIR_TRANS@1
  282     0.04       57.191        0.021        0.021             72        0.29        0.29    SGEMMX@28
  283     0.04       57.191        0.021        0.021             72        0.29        0.29    SGEMMX@31
  284     0.04       57.191        0.021        0.021             72        0.29        0.29    SGEMMX@32
  285     0.04       57.191        0.021        0.021             72        0.29        0.29    SGEMMX@27
  286     0.03       57.191        0.020        0.020             72        0.28        0.28    SGEMMX@5
  287     0.03       57.211        0.020        0.020             13        1.55        1.55    GRIB_API:IGRIB_SET_CHAR@1
  288     0.03       57.231        0.020        0.020              1       20.04       20.04    KPP_WSCALE_MOD:KPP_WSCALE@1
  289     0.03       57.231        0.020        0.020             72        0.28        0.28    SGEMMX@6
  290     0.03       57.251        0.020        0.020            148        0.13        0.13    GPRCP_EXPL_PARALLEL:0:COMPUTE@1
  291     0.03       57.251        0.019        0.019             72        0.27        0.27    SGEMMX@8
  292     0.03       57.251        0.019        0.019             72        0.27        0.27    SGEMMX@7
  293     0.03       57.270        0.019        0.019             78        0.25        0.25   *LEINV_DGEMM_1@31
  294     0.03       57.270        0.019        0.019             77        0.25        0.25    LEINV_DGEMM_1@30
  295     0.03       57.288        0.018        0.019            144        0.13        0.13    EXCHANGE_MS:MESSAGE_M@1
  296     0.03       57.288        0.018        0.018             78        0.23        0.23    LEINV_DGEMM_1@29
  297     0.03       57.288        0.018        0.018             78        0.23        0.23    LEINV_DGEMM_1@32
  298     0.03       57.305        0.017        0.017             37        0.46        0.47    CPG_SL2_TYPE_SET_HOST_PARALLEL@1
  299     0.03       57.305        0.017        0.017             78        0.22        0.22    LEINV_DGEMM_1@28
  300     0.03       57.305        0.017        0.017             39        0.43        0.43    LEINV_DGEMM_1@2
  301     0.03       57.322        0.017        0.017            144        0.12        0.12    EXCHANGE_MS:MESSAGE_S@1
  302     0.03       57.339        0.017        0.017             37        0.45        0.45    APL_ARPEGE_DEEP_CONVECTION_PARALLEL:ACUPTQ:COMPUTE@1
  303     0.03       57.339        0.017        0.017             78        0.21        0.21    LEINV_DGEMM_1@27
  304     0.03       57.355        0.016        0.019           8757        0.00        0.00    radiation_gas:put_gas_GPU@1
  305     0.03       57.355        0.016        0.016             72        0.23        0.23    SGEMMX@4
  306     0.03       57.355        0.016        0.016             72        0.22        0.22    SGEMMX@2
  307     0.03       57.355        0.016        0.016             72        0.22        0.22    SGEMMX@3
  308     0.03       57.371        0.016        0.016            222        0.07        0.07    GPINISLB_PART2_EXPL_PARALLEL:0:COMPUTE@1
  309     0.03       57.371        0.015        0.015             39        0.40        0.40    LEINV_DGEMM_1@3
  310     0.03       57.371        0.015        0.015             39        0.39        0.39    LEINV_DGEMM_1@4
  311     0.03       57.371        0.015        0.015            117        0.13        0.13    LEINV_DGEMM_1@22
  312     0.03       57.386        0.015        0.015            222        0.07        0.07    LATTEX_EXPL_2TL_PARALLEL:3:COMPUTE@1
  313     0.03       57.386        0.015        0.015            117        0.13        0.13    LEINV_DGEMM_1@21
  314     0.03       57.400        0.015       21.432            973        0.02       22.03    radiation_interface_GPU:radiation_GPU@1
  315     0.03       57.400        0.015        0.015             72        0.21        0.21    SGEMMX@1
  316     0.03       57.415        0.015       58.553              1       14.64    58552.63    MASTER@1
  317     0.02       57.415        0.015        0.015             77        0.19        0.19    LEINV_DGEMM_1@26
  318     0.02       57.430        0.015        0.015              1       14.58       14.58    YOMCLIM:READ_GHG_CLIMATOLOGY@1
  319     0.02       57.430        0.015        0.015            111        0.13        0.13    LEINV_DGEMM_1@20
  320     0.02       57.430        0.014        0.014             78        0.18        0.19    LEINV_DGEMM_1@23
  321     0.02       57.444        0.014        0.014             37        0.39        0.39    CPGLAG_PARALLEL:0:COMPUTE@1
  322     0.02       57.458        0.014       55.621             37        0.38     1503.28    GP_MODEL@1
  323     0.02       57.472        0.014        0.014            973        0.01        0.01    SATUR_GPU@1
  324     0.02       57.472        0.014        0.014             77        0.18        0.18    LEINV_DGEMM_1@15
  325     0.02       57.486        0.014        0.034             39        0.36        0.87    SPNORM@1
  326     0.02       57.486        0.014        0.014             78        0.18        0.18    LEINV_DGEMM_1@25
  327     0.02       57.500        0.014        0.014             78        0.18        0.18   *LEINV_DGEMM_2@31
  328     0.02       57.500        0.014        0.014             78        0.18        0.18    LEINV_DGEMM_2@32
  329     0.02       57.513        0.013        0.014            222        0.06        0.06    LAPINEB_PARALLEL:ZERO_GMV9:COMPUTE@1
  330     0.02       57.513        0.013        0.013             77        0.17        0.17    LEINV_DGEMM_2@30
  331     0.02       57.513        0.013        0.013             78        0.17        0.17    LEINV_DGEMM_1@24
  332     0.02       57.526        0.013        0.013             37        0.35        0.35    APL_ARPEGE_SURFACE_UPDATE_PARALLEL:LMSE_F:COMPUTE@1
  333     0.02       57.526        0.013        0.013             78        0.16        0.16    LEINV_DGEMM_2@29
  334     0.02       57.526        0.013        0.013             64        0.20        0.20    LEINV_DGEMM_1@14
  335     0.02       57.526        0.013        0.013             39        0.32        0.32    LEINV_DGEMM_1@5
  336     0.02       57.538        0.013        0.013             37        0.34        0.34    APL_ARPEGE_PARALLEL:ZRDG_LCVQ:COMPUTE@1
  337     0.02       57.538        0.013        0.013             79        0.16        0.16    LEINV_DGEMM_1@16
  338     0.02       57.538        0.012        0.012             39        0.32        0.32    LEINV_DGEMM_1@6
  339     0.02       57.538        0.012        0.012             78        0.16        0.16    LEINV_DGEMM_2@27
  340     0.02       57.551        0.012        0.012            973        0.01        0.01    radiation_cloud:set_overlap_param_var_GPU@1
  341     0.02       57.551        0.012        0.012            111        0.11        0.11    LEINV_DGEMM_2@20
  342     0.02       57.563        0.012        0.012             37        0.33        0.33    APL_ARPEGE_PARALLEL:ZDE2MR:COMPUTE@1
  343     0.02       57.575        0.012        0.012            973        0.01        0.01    radiation_single_level:get_albedos_GPU@1
  344     0.02       57.587        0.012        0.012             37        0.33        0.33   *LEDIR_DGEMM_1@5
  345     0.02       57.599        0.012        0.012             37        0.32        0.32    APL_ARPEGE_PARALLEL:ACVISIH:COMPUTE@1
  346     0.02       57.599        0.012        0.012             39        0.30        0.30    LEINV_DGEMM_1@7
  347     0.02       57.599        0.012        0.012             78        0.15        0.15    LEINV_DGEMM_2@28
  348     0.02       57.599        0.012        0.012             38        0.31        0.31    LEDIR_DGEMM_1@6
  349     0.02       57.599        0.011        0.012            117        0.10        0.10    LEINV_DGEMM_2@22
  350     0.02       57.599        0.011        0.012             73        0.16        0.16    LEDIR_DGEMM_1@32
  351     0.02       57.599        0.011        0.011             39        0.29        0.29    LEINV_DGEMM_2@2
  352     0.02       57.599        0.011        0.012            117        0.10        0.10    LEINV_DGEMM_2@21
  353     0.02       57.599        0.011        0.011             39        0.29        0.29    LEINV_DGEMM_1@10
  354     0.02       57.599        0.011        0.011             37        0.30        0.30    LEDIR_DGEMM_1@7
  355     0.02       57.599        0.011        0.011             39        0.29        0.29    LEINV_DGEMM_1@8
  356     0.02       57.610        0.011        0.011             37        0.30        0.30    LAPINEB_PARALLEL:LACONE:COMPUTE@1
  357     0.02       57.621        0.011        0.011             37        0.30        0.30    LAPINEB_PARALLEL:NVLAG3:NULLIFY@1
  358     0.02       57.621        0.011        0.011             74        0.15        0.15    LEDIR_DGEMM_1@31
  359     0.02       57.621        0.011        0.011             39        0.28        0.28    LEINV_DGEMM_2@3
  360     0.02       57.621        0.011        0.011             39        0.28        0.28    LEINV_DGEMM_2@4
  361     0.02       57.621        0.011        0.011             75        0.15        0.15    LEDIR_DGEMM_1@29
  362     0.02       57.621        0.011        0.011             37        0.30        0.30    LEDIR_DGEMM_1@8
  363     0.02       57.621        0.011        0.011             74        0.15        0.15    LEDIR_DGEMM_1@30
  364     0.02       57.621        0.011        0.011             40        0.27        0.27    LEDIR_DGEMM_1@2
  365     0.02       57.621        0.011        0.011             39        0.28        0.28    LEINV_DGEMM_1@11
  366     0.02       57.621        0.011        0.011             82        0.13        0.13    LEINV_DGEMM_1@18
  367     0.02       57.621        0.011        0.011             77        0.14        0.14    LEINV_DGEMM_2@26
  368     0.02       57.621        0.011        0.011             78        0.14        0.14    LEINV_DGEMM_2@23
  369     0.02       57.632        0.011        3.051             37        0.29       82.45    ACVPPKF_PARALLEL:PART2@1
  370     0.02       57.642        0.011        0.011             37        0.29        0.29    LAPINEB_PARALLEL:ROTUV:COMPUTE@1
  371     0.02       57.642        0.011        0.011             44        0.24        0.24    LEINV_DGEMM_1@13
  372     0.02       57.642        0.011        0.011             80        0.13        0.13    LEINV_DGEMM_1@17
  373     0.02       57.642        0.011        0.011             75        0.14        0.14    LEDIR_DGEMM_1@1
  374     0.02       57.653        0.010        0.044            555        0.02        0.08    GPRCP_EXPL_PARALLEL:1@1
  375     0.02       57.653        0.010        0.011             81        0.13        0.13    LEINV_DGEMM_1@19
  376     0.02       57.653        0.010        0.010             37        0.28        0.28    LEDIR_DGEMM_1@11
  377     0.02       57.653        0.010        0.010             39        0.27        0.27    LEINV_DGEMM_1@12
  378     0.02       57.663        0.010        0.010             37        0.28        0.28    APL_ARPEGE_INIT_PARALLEL:6:COMPUTE@1
  379     0.02       57.663        0.010        0.010             78        0.13        0.13    LEINV_DGEMM_2@25
  380     0.02       57.663        0.010        0.010             56        0.18        0.19    LEDIR_DGEMM_1@16
  381     0.02       57.663        0.010        0.010             73        0.14        0.14    LEDIR_DGEMM_1@28
  382     0.02       57.673        0.010        0.010             37        0.28        0.28    GPTF1_YDVARS_PARALLEL:LTWOTL:COMPUTE@1
  383     0.02       57.673        0.010        0.010             38        0.27        0.27    LEDIR_DGEMM_1@3
  384     0.02       57.684        0.010        0.010             37        0.28        0.28    LAPINEB_PARALLEL:LARCHE:GET_DATA@1
  385     0.02       57.684        0.010        0.010             51        0.20        0.20    LEDIR_DGEMM_1@4
  386     0.02       57.684        0.010        0.010             38        0.27        0.27    LEDIR_DGEMM_1@12
  387     0.02       57.684        0.010        0.010             39        0.26        0.26    LEINV_DGEMM_2@5
  388     0.02       57.684        0.010        0.010             73        0.14        0.14    LEDIR_DGEMM_1@27
  389     0.02       57.684        0.010        0.010             47        0.21        0.21    LEINV_DGEMM_1@1
  390     0.02       57.684        0.010        0.010             77        0.13        0.13    LEINV_DGEMM_2@15
  391     0.02       57.694        0.010        0.010              6        1.66        1.66    MINV_8:GECO@1
  392     0.02       57.703        0.010        0.010            973        0.01        0.01    radiation_flux:deallocate_flux_type_GPU@1
  393     0.02       57.713        0.010        0.010             37        0.26        0.27    MF_PHYS_FPL_PART1_PARALLEL:PART1:COMPUTE@1
  394     0.02       57.713        0.010        0.010             39        0.25        0.25    LEINV_DGEMM_2@6
  395     0.02       57.723        0.010        0.010            973        0.01        0.01    radiation_flux:allocate_flux_type_GPU@1
  396     0.02       57.732        0.010        0.042            324        0.03        0.13    SCAN2M_TS_PARALLEL:0@1
  397     0.02       57.732        0.010        0.010             74        0.13        0.13    LEDIR_DGEMM_1@26
  398     0.02       57.732        0.009        0.010             37        0.26        0.26    LEDIR_DGEMM_1@9
  399     0.02       57.732        0.009        0.010             37        0.26        0.26    LEDIR_DGEMM_1@10
  400     0.02       57.742        0.009        0.009             36        0.26        0.26    SPCHOR_TOT@1
  401     0.02       57.742        0.009        0.009             64        0.15        0.15    LEINV_DGEMM_2@14
  402     0.02       57.751        0.009        0.009             37        0.25        0.25    APL_ARPEGE_INIT_PARALLEL:0:COMPUTE@1
  403     0.02       57.751        0.009        0.009             37        0.25        0.25    LEDIR_DGEMM_1@13
  404     0.02       57.751        0.009        0.009             39        0.24        0.24    LEINV_DGEMM_2@7
  405     0.02       57.751        0.009        0.009             39        0.23        0.24    LEINV_DGEMM_1@9
  406     0.02       57.760        0.009        0.009            973        0.01        0.01    SRTM_TAUMOL26_GPU@1
  407     0.02       57.760        0.009        0.009             76        0.12        0.12    LEDIR_DGEMM_1@25
  408     0.02       57.769        0.009        0.009             37        0.25        0.25    APL_ARPEGE_PARALLEL:ACHMT:COMPUTE@1
  409     0.02       57.778        0.009        0.009             74        0.12        0.12    SLEXTPOL3@1
  410     0.02       57.778        0.009        0.009             73        0.12        0.12    LEDIR_DGEMM_1@23
  411     0.02       57.778        0.009        0.009             79        0.11        0.12    LEINV_DGEMM_2@16
  412     0.02       57.787        0.009        0.010             39        0.23        0.24    COMMSPNORM@1
  413     0.02       57.787        0.009        0.009             41        0.22        0.22    LEDIR_DGEMM_1@14
  414     0.02       57.796        0.009        0.009             37        0.24        0.24    APL_ARPEGE_RADIATION_PARALLEL:DIRECT:COMPUTE@1
  415     0.02       57.796        0.009        0.009            112        0.08        0.08    LEDIR_DGEMM_1@22
  416     0.02       57.796        0.009        0.009             39        0.23        0.23    LEINV_DGEMM_2@8
  417     0.01       57.805        0.009        0.009             37        0.24        0.24    CPG_GP_PARALLEL:GPINISLB_PART3_EXPL:COMPUTE@1
  418     0.01       57.814        0.009        0.009            234        0.04        0.04    SPNORMB@1
  419     0.01       57.814        0.009        0.009             37        0.24        0.24    LEDIR_DGEMM_1@15
  420     0.01       57.814        0.009        0.009             78        0.11        0.11    LEINV_DGEMM_2@24
  421     0.01       57.814        0.009        0.009             39        0.22        0.22    LEINV_DGEMM_2@10
  422     0.01       57.822        0.009        0.009             36        0.24        0.24    APL_ARPEGE_RADIATION_PARALLEL:SUNSHINE:COMPUTE@1
  423     0.01       57.822        0.008        0.009            108        0.08        0.08    LEDIR_DGEMM_1@20
  424     0.01       57.831        0.008        0.008             37        0.23        0.23    APL_ARPEGE_PARALLEL:ACEVADCAPE:COMPUTE@1
  425     0.01       57.839        0.008        0.023             72        0.12        0.32    MXMAOP@1
  426     0.01       57.839        0.008        0.008            112        0.08        0.08    LEDIR_DGEMM_1@21
  427     0.01       57.839        0.008        0.008            102        0.08        0.08    LEDIR_DGEMM_1@19
  428     0.01       57.839        0.008        0.008             82        0.10        0.10    LEINV_DGEMM_2@18
  429     0.01       57.847        0.008        0.008             37        0.22        0.22    APL_ARPEGE_RADIATION_PARALLEL:LMSE_F:COMPUTE@1
  430     0.01       57.855        0.008        0.008             37        0.22        0.22    APL_ARPEGE_OCEANIC_FLUXES_PARALLEL:ACFLUSO:COMPUTE@1
  431     0.01       57.863        0.008        0.008              1        7.96        7.97    SETUP_TRANS@1
  432     0.01       57.863        0.008        0.008             80        0.10        0.10    LEINV_DGEMM_2@17
  433     0.01       57.863        0.008        0.008             81        0.10        0.10    LEINV_DGEMM_2@19
  434     0.01       57.863        0.008        0.008             39        0.20        0.20    LEINV_DGEMM_2@11
  435     0.01       57.871        0.008        0.008              1        7.58        7.58    INI_TIWMX@1
  436     0.01       57.879        0.008        0.008            973        0.01        0.01    radiation_ifs_rrtm:planck_function_surf_GPU@1
  437     0.01       57.886        0.008        0.008            185        0.04        0.04    GPRCP_EXPL_PARALLEL:2:COMPUTE@1
  438     0.01       57.886        0.008        0.008             77        0.10        0.10    LEDIR_DGEMM_1@24
  439     0.01       57.894        0.007       51.465             37        0.20     1390.95    SCAN2M@1
  440     0.01       57.894        0.007        0.008             44        0.17        0.17    LEINV_DGEMM_2@13
  441     0.01       57.901        0.007        0.007             30        0.25        0.25    APL_ARPEGE_RADIATION_PARALLEL:CALLRAD_F:COMPUTE@1
  442     0.01       57.901        0.007        0.008             73        0.10        0.10    LEDIR_DGEMM_1@17
  443     0.01       57.901        0.007        0.007             39        0.19        0.19    LEINV_DGEMM_2@12
  444     0.01       57.908        0.007        0.007             51        0.14        0.15   *LEDIR_DGEMM_2@4
  445     0.01       57.916        0.007        0.007             37        0.20        0.20    SCAN2M:COPY@1
  446     0.01       57.916        0.007        0.007             40        0.18        0.18    LEDIR_DGEMM_2@2
  447     0.01       57.916        0.007        0.007             76        0.10        0.10    LEDIR_DGEMM_1@18
  448     0.01       57.923        0.007        0.061            222        0.03        0.28    LARCINB_PARALLEL:RRINTOPT@1
  449     0.01       57.923        0.007        0.007            108        0.07        0.07    LEDIR_DGEMM_2@20
  450     0.01       57.930        0.007        0.018             20        0.35        0.89    GPNORM_TRANS_CTL@1
  451     0.01       57.937        0.007        0.238             36        0.19        6.60    SPCMNEW_PARALLEL@1
  452     0.01       57.944        0.007        0.007            185        0.04        0.04    ACCTND0_PARALLEL:PACC:COMPUTE@1
  453     0.01       57.944        0.007        0.007            112        0.06        0.06    LEDIR_DGEMM_2@22
  454     0.01       57.944        0.007        0.007             75        0.09        0.09    LEDIR_DGEMM_2@29
  455     0.01       57.951        0.007        0.007             37        0.19        0.19    CPUTQY_APLPAR_EXPL_PARALLEL:ZTDCP:COMPUTE@1
  456     0.01       57.951        0.007        0.007             38        0.18        0.18    LEDIR_DGEMM_2@3
  457     0.01       57.951        0.007        0.007             73        0.09        0.09    LEDIR_DGEMM_2@32
  458     0.01       57.951        0.007        0.007             37        0.18        0.18    LEDIR_DGEMM_2@5
  459     0.01       57.951        0.007        0.007             74        0.09        0.09    LEDIR_DGEMM_2@31
  460     0.01       57.958        0.007        0.027            148        0.04        0.18    GPRCP_EXPL_PARALLEL:0@1
  461     0.01       57.964        0.007        0.007             37        0.18        0.18    SCAN2M:WIPE@1
  462     0.01       57.964        0.007        0.007            102        0.06        0.06    LEDIR_DGEMM_2@19
  463     0.01       57.964        0.007        0.007             39        0.17        0.17    LEINV_DGEMM_2@9
  464     0.01       57.971        0.006        0.006             37        0.18        0.18    CTVTOT_EXPL_PARALLEL:0:COMPUTE@1
  465     0.01       57.971        0.006        0.006             38        0.17        0.17    LEDIR_DGEMM_2@6
  466     0.01       57.971        0.006        0.006             73        0.09        0.09    LEDIR_DGEMM_2@27
  467     0.01       57.971        0.006        0.006             73        0.09        0.09    LEDIR_DGEMM_2@23
  468     0.01       57.971        0.006        0.006            112        0.06        0.06    LEDIR_DGEMM_2@21
  469     0.01       57.971        0.006        0.006             73        0.09        0.09    LEDIR_DGEMM_2@28
  470     0.01       57.971        0.006        0.006             74        0.08        0.09    LEDIR_DGEMM_2@30
  471     0.01       57.977        0.006        0.006             30        0.21        0.21    DEALLOCATE_IF_ASSOCIATED_MOD:DEALLOCATE_IF_ASSOCIATED_REAL_1D@1
  472     0.01       57.983        0.006        0.006              7        0.89        0.89    APL_ARPEGE_AEROSOLS_FOR_RADIATION_PARALLEL:RADAER:COMPUTE@1
  473     0.01       57.983        0.006        0.006             73        0.08        0.08    LEDIR_DGEMM_2@17
  474     0.01       57.983        0.006        0.006             47        0.13        0.13    LEINV_DGEMM_2@1
  475     0.01       57.983        0.006        0.006             74        0.08        0.08    LEDIR_DGEMM_2@26
  476     0.01       57.989        0.006        0.022            222        0.03        0.10    LATTEX_EXPL_2TL_PARALLEL:3@1
  477     0.01       57.989        0.006        0.006             37        0.16        0.16    LEDIR_DGEMM_2@7
  478     0.01       57.995        0.006        0.247              1        5.88      246.73    SU0YOMB@1
  479     0.01       57.995        0.006        0.006             76        0.08        0.08    LEDIR_DGEMM_2@18
  480     0.01       58.001        0.006        0.007            222        0.03        0.03    LAVABO_EXPL_LAITVSPCQM_PART1_PARALLEL:0@1
  481     0.01       58.001        0.006        0.006             76        0.08        0.08    LEDIR_DGEMM_2@25
  482     0.01       58.006        0.006        0.006             37        0.16        0.16    APL_WIND_GUST_PARALLEL:ACCLDIA:COMPUTE@1
  483     0.01       58.012        0.006        0.006             37        0.15        0.16    APL_ARPEGE_PARALLEL:EDR:COMPUTE@1
  484     0.01       58.012        0.006        0.006             75        0.08        0.08    LEDIR_DGEMM_2@1
  485     0.01       58.018        0.006        0.006             37        0.15        0.15    MF_PHYS_MOCON_PARALLEL:PPWETPOINT:COMPUTE@1
  486     0.01       58.018        0.006        0.006             37        0.15        0.15    LEDIR_DGEMM_2@11
  487     0.01       58.024        0.006        0.006              1        5.65        5.65    SUGRIDUA_FIXUP@1
  488     0.01       58.029        0.006        3.198            222        0.03       14.41    LARCINB_PARALLEL:LAITRE_GFL@1
  489     0.01       58.035        0.006        0.006              1        5.59        5.59    DIST_GRID@1
  490     0.01       58.035        0.006        0.006             37        0.15        0.15    LEDIR_DGEMM_2@8
  491     0.01       58.040        0.006        9.818             37        0.15      265.36    CALL_SL@1
  492     0.01       58.046        0.005        0.030            333        0.02        0.09    CPUTQY0_PARALLEL:PVAR@1
  493     0.01       58.051        0.005        0.006            973        0.01        0.01    radiation_single_level:allocate_single_level_GPU@1
  494     0.01       58.051        0.005        0.005             37        0.14        0.14    LEDIR_DGEMM_2@9
  495     0.01       58.056        0.005        0.019            222        0.02        0.09    LAPINEB_PARALLEL:ZERO_GMV9@1
  496     0.01       58.056        0.005        0.005             77        0.07        0.07    LEDIR_DGEMM_2@24
  497     0.01       58.062        0.005        0.005             37        0.14        0.14    APL_ARPEGE_PARALLEL:ACSOL:COMPUTE@1
  498     0.01       58.062        0.005        0.005             38        0.14        0.14    LEDIR_DGEMM_2@12
  499     0.01       58.062        0.005        0.005             37        0.14        0.14    LEDIR_DGEMM_2@10
  500     0.01       58.062        0.005        0.005             56        0.09        0.09    LEDIR_DGEMM_2@16
  501     0.01       58.067        0.005        0.006           1946        0.00        0.00    radiation_single_level:deallocate_single_level_GPU@1
  502     0.01       58.072        0.005        0.005             37        0.13        0.13    APL_ARPEGE_SOIL_HYDRO_PARALLEL:ACVEG:COMPUTE@1
  503     0.01       58.077        0.005        0.005             37        0.13        0.13    LAPINEB_PARALLEL:TEMP_EQ:COMPUTE@1
  504     0.01       58.081        0.005        0.005             37        0.13        0.13    CPG_GP_HYD_PARALLEL:3:COMPUTE@1
  505     0.01       58.086        0.005        0.008          12600        0.00        0.00    FIELD_GFL_WRAPPER:GFL_MAP@1
  506     0.01       58.091        0.005        0.005             37        0.13        0.13    LAPINEB_PARALLEL:L_RDRY_VD:COMPUTE@1
  507     0.01       58.096        0.005        0.005            973        0.00        0.01    radiation_cloud:crop_cloud_fraction_GPU@1
  508     0.01       58.101        0.005        0.005             37        0.13        0.13    CPG_DIA_FLU_PARALLEL:2:COMPUTE@1
  509     0.01       58.106        0.005        0.005             36        0.13        0.13    CPCFU_PARALLEL:1:COMPUTE@1
  510     0.01       58.106        0.005        0.005             37        0.12        0.12    LEDIR_DGEMM_2@13
  511     0.01       58.110        0.005        0.005             37        0.12        0.12    CPUTQY_APLPAR_EXPL_PARALLEL:PFDIS:COMPUTE@1
  512     0.01       58.115        0.005        0.038            222        0.02        0.17    LAPINEB_PARALLEL:CVGQ@1
  513     0.01       58.119        0.005        0.021            222        0.02        0.09    GPINISLB_PART2_EXPL_PARALLEL:0@1
  514     0.01       58.124        0.004        0.005            973        0.00        0.00    radiation_thermodynamics:get_layer_mass_GPU@1
  515     0.01       58.128        0.004        0.013              3        1.48        4.29    FIELD_GFL_WRAPPER:GFL_FID_SETUP@1
  516     0.01       58.133        0.004        0.051             37        0.12        1.39    CPGLAG_DRV@1
  517     0.01       58.133        0.004        0.004             41        0.10        0.11    LEDIR_DGEMM_2@14
  518     0.01       58.137        0.004        0.004             37        0.11        0.11    APL_ARPEGE_PARALLEL:PPWETPOINT:COMPUTE@1
  519     0.01       58.141        0.004        0.004             37        0.11        0.11    MF_PHYS_FPL_PART2_PARALLEL:PART2:COMPUTE@1
  520     0.01       58.141        0.004        0.004             37        0.10        0.10    LEDIR_DGEMM_2@15
  521     0.01       58.144        0.004        0.004             37        0.10        0.10    CPXFU_PARALLEL:4:COMPUTE@1
  522     0.01       58.148        0.004        0.004            973        0.00        0.00    radiation_cloud:allocate_cloud_arrays_GPU@1
  523     0.01       58.151        0.004        0.004            973        0.00        0.00    radiation_thermodynamics:allocate_thermodynamics_arrays_GPU@1
  524     0.01       58.155        0.003        0.011            185        0.02        0.06    GPRCP_EXPL_PARALLEL:2@1
  525     0.01       58.158        0.003        0.003             37        0.09        0.09    APL_ARPEGE_HYDRO_BUDGET_PARALLEL:ACDROV:COMPUTE@1
  526     0.01       58.162        0.003        0.003             11        0.31        0.31    GRIB_API:IGRIB_SET_INT@1
  527     0.01       58.165        0.003        0.003              2        1.68        1.68    DEALXMO@1
  528     0.01       58.168        0.003        0.003             95        0.04        0.04    GSBITE_MF@1
  529     0.01       58.172        0.003        0.003              1        3.21        3.32    IOSPECA_MOD:IOSPECA_SELECTFY@1
  530     0.01       58.175        0.003        0.003             37        0.08        0.08    CPXFU_PARALLEL:2:COMPUTE@1
  531     0.01       58.178        0.003        0.003             37        0.08        0.08    APL_ARPEGE_PARALLEL:ZDPHIV:COMPUTE@1
  532     0.01       58.181        0.003        0.006            148        0.02        0.04    GPRCP_EXPL_PARALLEL:4@1
  533     0.01       58.184        0.003        0.003            973        0.00        0.00    radiation_cloud:deallocate_cloud_arrays_GPU@1
  534     0.00       58.186        0.003        0.025            148        0.02        0.17    GPINISLB_PART2_EXPL_PARALLEL:1@1
  535     0.00       58.189        0.003        0.018              1        2.75       17.73    GPNORM_GFL@1
  536     0.00       58.192        0.003       55.624             37        0.07     1503.35    GP_MODEL_DRV@1
  537     0.00       58.195        0.003       43.125             37        0.07     1165.55    APL_ARPEGE_PARALLEL@1
  538     0.00       58.197        0.003        0.005              3        0.91        1.72    FIELD_DEFINITIONS:MAIN_FIELD_SET_METADATA@1
  539     0.00       58.200        0.003        0.005              1        2.63        5.18    SUARG@1
  540     0.00       58.203        0.003        0.003              1        2.62        2.63    SUVSLETA@1
  541     0.00       58.205        0.003        0.003             75        0.03        0.03    SCAN2M_ALLOCATE_VARIABLES@1
  542     0.00       58.208        0.003        0.003            973        0.00        0.00    ICE_EFFECTIVE_RADIUS_GPU@1
  543     0.00       58.210        0.003        0.003            973        0.00        0.00    radiation_thermodynamics:deallocate_thermodynamics_arrays_GPU@1
  544     0.00       58.213        0.003        0.003            148        0.02        0.02    GPRCP_EXPL_PARALLEL:4:COMPUTE@1
  545     0.00       58.215        0.002        0.002              1        2.43        2.43    DIST_SPEC@1
  546     0.00       58.218        0.002        0.003            973        0.00        0.00    CLOUD_OVERLAP_DECORR_LEN_GPU@1
  547     0.00       58.220        0.002        0.002             71        0.03        0.03    FAREOR_MT64@1
  548     0.00       58.222        0.002        0.002              1        2.26        2.26    radiation_pdf_sampler:setup_pdf_sampler_GPU@1
  549     0.00       58.224        0.002        0.002             37        0.06        0.06    GPRCP_EXPL_PARALLEL:5:COMPUTE@1
  550     0.00       58.227        0.002        0.002             14        0.16        0.16    GRIB_API:IGRIB_GET_INT8@1
  551     0.00       58.229        0.002        0.002             37        0.06        0.06    CPG_PARALLEL:ISETTLOFF:COMPUTE@1
  552     0.00       58.231        0.002        0.311              1        2.15      310.60    SUSPECA@1
  553     0.00       58.233        0.002        0.004              3        0.72        1.38    FAITOU_MT@1
  554     0.00       58.235        0.002        0.528             37        0.06       14.27    LAPINEA_DRV@1
  555     0.00       58.237        0.002        0.002             37        0.06        0.06    CPG_GP_PARALLEL:SET1TO0:COMPUTE@1
  556     0.00       58.239        0.002        4.403              1        1.90     4402.91    STEPX@1
  557     0.00       58.241        0.002        0.002              1        1.89        2.03    IOGRID_MOD:IOGRID_SELECTFY@1
  558     0.00       58.243        0.002        0.002            238        0.01        0.01    "lfilec_alts"@1:lfi_alts.c
  559     0.00       58.245        0.002        0.044             36        0.05        1.21    SCAN2M_TS_DRV@1
  560     0.00       58.247        0.002        0.002             37        0.05        0.05    APL_ARPEGE_ALBEDO_COMPUTATION_PARALLEL:0:COMPUTE@1
  561     0.00       58.249        0.002       45.611             37        0.05     1232.73    CPG_PARALLEL@1
  562     0.00       58.250        0.002        0.002              1        1.81        1.82    radiation_cloud_optics_data:setup_cloud_optics_data_GPU@1
  563     0.00       58.252        0.002        0.002              1        1.79        1.80    SPECTRAL_FIELDS_MOD:CREATE_SPEC@1
  564     0.00       58.254        0.002        0.012             37        0.05        0.32    MF_PHYS_FPL_PART1_PARALLEL:PART1@1
  565     0.00       58.256        0.002        0.038             74        0.02        0.51    LAPINEB_PARALLEL:ROTUVGEO@1
  566     0.00       58.257        0.002        0.002             36        0.05        0.05    CPCFU_PARALLEL:2:COMPUTE@1
  567     0.00       58.259        0.002        0.002             36        0.05        0.05    CPG_END_SFC_PARALLEL:SET0TO1:COMPUTE@1
  568     0.00       58.261        0.002        0.002              7        0.24        0.24    RECMWF_PARALLEL:1:COMPUTE@1
  569     0.00       58.263        0.002        0.002              7        0.24        0.24    RECMWF_PARALLEL:2:COMPUTE@1
  570     0.00       58.264        0.002        0.002              7        0.24        0.24    RECMWF_PARALLEL:ECRAD_POST:COMPUTE@1
  571     0.00       58.266        0.002        0.002              1        1.63        1.99    YOEAERC:SUECAEC@1
  572     0.00       58.267        0.002        0.002             36        0.05        0.05    CPCFU_PARALLEL:0:COMPUTE@1
  573     0.00       58.269        0.002        0.012             36        0.04        0.33    SPCHORNEW_PARALLEL@1
  574     0.00       58.271        0.002        0.002              3        0.53        0.63    "lfiouv_alts_ext"@1:lfi_alts.c
  575     0.00       58.272        0.002        0.002             37        0.04        0.04    CPGLAG_PARALLEL:1:COMPUTE@1
  576     0.00       58.274        0.002        0.002              8        0.19        0.19    UPDECAEC@1
  577     0.00       58.275        0.001        0.002             37        0.04        0.04    CPG_GP_PARALLEL:GPTF2_EXPL_2TL:COMPUTE@1
  578     0.00       58.277        0.001        0.002           3204        0.00        0.00    FIELD_DEFINITIONS_BASE:SET_FVAR@1
  579     0.00       58.278        0.001        0.001              8        0.18        0.18    UPD_GHGCLIM@1
  580     0.00       58.280        0.001        0.020              1        1.43       19.98    IFS_INIT@1
  581     0.00       58.281        0.001        0.005             37        0.04        0.15    MF_PHYS_FPL_PART2_PARALLEL:PART2@1
  582     0.00       58.282        0.001        0.001             37        0.04        0.04    CPG_GP_PARALLEL:GP_SPV:COMPUTE@1
  583     0.00       58.284        0.001        0.002            973        0.00        0.00    radiation_gas:allocate_gas_GPU@1
  584     0.00       58.285        0.001        0.008             37        0.04        0.23    CPUTQY_APLPAR_EXPL_PARALLEL:ZTDCP@1
  585     0.00       58.287        0.001        0.001             37        0.04        0.04    LACDYN_PARALLEL:ZMIXNL:COMPUTE@1
  586     0.00       58.288        0.001        0.002            973        0.00        0.00    radiation_gas:put_well_mixed_gas_GPU@1
  587     0.00       58.289        0.001        0.001             37        0.04        0.04    SCAN2M_INIT_T1@1
  588     0.00       58.291        0.001        0.002            973        0.00        0.00    radiation_aerosol:allocate_aerosol_arrays_GPU@1
  589     0.00       58.292        0.001        0.001              1        1.35        1.35    SUMPOUT@1
  590     0.00       58.293        0.001        0.053             37        0.04        1.43    MF_PHYS_PREP_PARALLEL:PREP@1
  591     0.00       58.295        0.001        0.002            973        0.00        0.00    radiation_aerosol:deallocate_aerosol_arrays_GPU@1
  592     0.00       58.296        0.001        0.154             37        0.04        4.16    LARCINB_PARALLEL:NTLAG_3@1
  593     0.00       58.297        0.001        0.065             36        0.04        1.80    TRMTOSNEW@1
  594     0.00       58.299        0.001        0.032            666        0.00        0.05    CPUTQY0_PARALLEL@1
  595     0.00       58.300        0.001        0.466             37        0.03       12.58    LARCINB_PARALLEL:LAITRE_GMV@1
  596     0.00       58.301        0.001        0.007             37        0.03        0.19    MF_PHYS_MOCON_PARALLEL:PPWETPOINT@1
  597     0.00       58.302        0.001        0.094            148        0.01        0.64    GPRCP_EXPL_PARALLEL@1
  598     0.00       58.303        0.001        0.001            695        0.00        0.00    SURFACE_FIELDS_MIX:GPOPER_3@1
  599     0.00       58.305        0.001        0.001            973        0.00        0.00    radiation_gas:deallocate_gas_GPU@1
  600     0.00       58.306        0.001        0.001              4        0.30        0.30    GRIB_API:IGRIB_SET_REAL8_ARRAY@1
  601     0.00       58.307        0.001        0.001            973        0.00        0.00    radiation_cloud:create_fractional_std_GPU@1
  602     0.00       58.308        0.001        0.048             36        0.03        1.33    TRSTOMNEW@1
  603     0.00       58.310        0.001        0.254             37        0.03        6.85    LARCINB_PARALLEL:LCOMAD_SP@1
  604     0.00       58.311        0.001        0.001             37        0.03        0.03    CPXFU_PARALLEL:3:COMPUTE@1
  605     0.00       58.312        0.001        6.215             37        0.03      167.97    LARCINB_PARALLEL@1
  606     0.00       58.313        0.001        0.038             37        0.03        1.02    LAPINEB_PARALLEL:NVLAG3@1
  607     0.00       58.314        0.001        0.001              1        1.14        1.14    radiation_aerosol_optics_data:setup_aerosol_optics_data_GPU@1
  608     0.00       58.315        0.001        0.239             37        0.03        6.46    MF_PHYS_INIT_PARALLEL:ZERO@1
  609     0.00       58.316        0.001        0.002             37        0.03        0.05    MF_PHYS_TRANSFER_PARALLEL:ALL@1
  610     0.00       58.318        0.001        0.047             37        0.03        1.28    LAVENT_PARALLEL:0@1
  611     0.00       58.319        0.001        0.089             37        0.03        2.40    LASSIE_PARALLEL:SITNU@1
  612     0.00       58.320        0.001        1.110             37        0.03       29.99    LATTEX_PARALLEL:MAIN@1
  613     0.00       58.321        0.001        0.001             37        0.03        0.03    APL_ARPEGE_PARALLEL:PRECIPS:COMPUTE@1
  614     0.00       58.322        0.001        0.001              1        1.08        1.44    SUVERTFE3D@1
  615     0.00       58.323        0.001        0.002             37        0.03        0.05    LAVABO_PARALLEL:0@1
  616     0.00       58.324        0.001        1.933             37        0.03       52.24    LARCINB_PARALLEL:LRHS_CURV_F@1
  617     0.00       58.325        0.001        0.290             37        0.03        7.84    LARMES_PARALLEL:LARMES@1
  618     0.00       58.326        0.001        0.001              2        0.51        0.52    YOE_SPECTRAL_PLANCK:INIT@1
  619     0.00       58.327        0.001        6.492             37        0.03      175.47    LAPINEB_PARALLEL@1
  620     0.00       58.328        0.001        0.002             37        0.03        0.04    LAVABO_PARALLEL:1@1
  621     0.00       58.329        0.001        0.027             37        0.03        0.74    LATTES_PARALLEL:0@1
  622     0.00       58.330        0.001        0.001             36        0.03        0.03    CPCFU_PARALLEL:3:COMPUTE@1
  623     0.00       58.331        0.001        0.007             95        0.01        0.08    DECOGA@1
  624     0.00       58.332        0.001        0.002             37        0.03        0.05    LAVABO_PARALLEL:2@1
  625     0.00       58.333        0.001        0.147             37        0.03        3.98    LARCINB_PARALLEL:NVLAG_3@1
  626     0.00       58.334        0.001        0.001              3        0.33        0.33    GRIB_API:IGRIB_CLONE@1
  627     0.00       58.335        0.001        0.001            222        0.00        0.00    LARCINB_PARALLEL:LAITRE_GFL:GET_DATA@1
  628     0.00       58.336        0.001        0.001             37        0.03        0.03    LASSIE_PARALLEL:GPRCP:COMPUTE@1
  629     0.00       58.337        0.001        0.011              1        0.97       10.86    SUVERTFE3@1
  630     0.00       58.338        0.001        0.002             37        0.03        0.06    LASSIE_PARALLEL:GPRCP@1
  631     0.00       58.339        0.001        0.083             37        0.03        2.26    CPUTQY_APLPAR_EXPL_PARALLEL@1
  632     0.00       58.340        0.001        0.234             37        0.03        6.32    LAPINEA_PARALLEL:LARCINA@1
  633     0.00       58.341        0.001        0.321             37        0.03        8.68    APL_ARPEGE_SHALLOW_CONVECTION_AND_TURBULENCE_PARALLEL:ACTKE@1
  634     0.00       58.342        0.001        0.001             37        0.03        0.03    CPG_DIA_FLU_PARALLEL:4:COMPUTE@1
  635     0.00       58.343        0.001        0.027             37        0.03        0.74    LAPINEB_PARALLEL:ZVWEI@1
  636     0.00       58.344        0.001        0.120             37        0.02        3.25    CPG_SL1B_TYPE_SHUFFLE_HOST_PARALLEL@1
  637     0.00       58.345        0.001       58.538              1        0.92    58537.96    CNT0@1
  638     0.00       58.346        0.001        0.001             37        0.02        0.02    CPXFU_PARALLEL:1:COMPUTE@1
  639     0.00       58.346        0.001        0.001             37        0.02        0.02    CPG_DIA_FLU_PARALLEL:1:COMPUTE@1
  640     0.00       58.347        0.001        0.001             37        0.02        0.02    MF_PHYS_INIT_PARALLEL:ZERO:GET_DATA@1
  641     0.00       58.348        0.001        0.079             37        0.02        2.14    LAPINEB_PARALLEL:LARCHE@1
  642     0.00       58.349        0.001        0.006             37        0.02        0.16    LAPINEB_PARALLEL:TEMP_EQ@1
  643     0.00       58.350        0.001        0.011             37        0.02        0.31    GPTF1_YDVARS_PARALLEL:LTWOTL@1
  644     0.00       58.351        0.001        0.012             37        0.02        0.33    LAPINEB_PARALLEL:ROTUV@1
  645     0.00       58.352        0.001        0.002             37        0.02        0.04    LACDYN_PARALLEL:LASURE@1
  646     0.00       58.353        0.001        0.029             37        0.02        0.80    CPG_DIA_FLU_PARALLEL:0@1
  647     0.00       58.353        0.001        0.001             37        0.02        0.02    APL_ARPEGE_PARALLEL:BAYRAD:COMPUTE@1
  648     0.00       58.354        0.001        0.001           2163        0.00        0.00    GFL_SUBS_MOD:FALSIFY_GFL_COMP@1
  649     0.00       58.355        0.001        0.749             37        0.02       20.25    APL_ARPEGE_SURFACE_PARALLEL:LMSE_F@1
  650     0.00       58.356        0.001       43.526             37        0.02     1176.39    MF_PHYS_PARALLEL@1
  651     0.00       58.357        0.001        0.006             37        0.02        0.16    LAPINEB_PARALLEL:L_RDRY_VD@1
  652     0.00       58.358        0.001        0.001            222        0.00        0.00    LAVABO_EXPL_LAITVSPCQM_PART1_PARALLEL:0:COMPUTE@1
  653     0.00       58.358        0.001        0.012             37        0.02        0.33    LAPINEB_PARALLEL:LACONE@1
  654     0.00       58.359        0.001        0.001             37        0.02        0.02    CPG_GP_PARALLEL:MAP_FACTOR:COMPUTE@1
  655     0.00       58.360        0.001        0.001             74        0.01        0.01    CPG_SL1B_TYPE_SYNC_HOST@1
  656     0.00       58.361        0.001        0.001              1        0.82        0.82    SUHSLMER@1
  657     0.00       58.362        0.001        0.001             95        0.01        0.01    UNPAGB@1
  658     0.00       58.363        0.001        0.377             37        0.02       10.18    APL_ARPEGE_SURFACE_PARALLEL:ACDIFV2@1
  659     0.00       58.363        0.001        0.001            973        0.00        0.00    radiation_flux:calc_toa_spectral_GPU@1
  660     0.00       58.364        0.001        0.002              1        0.79        2.31    SUGFL2@1
  661     0.00       58.365        0.001        0.002             37        0.02        0.06    LACDYN_PARALLEL:ZMIXNL@1
  662     0.00       58.366        0.001        0.004             38        0.02        0.12    UPDTIM@1
  663     0.00       58.366        0.001        0.015             37        0.02        0.41    CPGLAG_PARALLEL:0@1
  664     0.00       58.367        0.001        0.002              1        0.78        2.36    SU_SURF_FLDS@1
  665     0.00       58.368        0.001        0.053             37        0.02        1.42    CPG_PARALLEL:ZEROSL1@1
  666     0.00       58.369        0.001        0.026             37        0.02        0.69    CPUTQY_APLPAR_EXPL_PARALLEL:ZDEC@1
  667     0.00       58.370        0.001        0.001              1        0.77        1.19    FIELDS_MOD:FIELDS_DELETE@1
  668     0.00       58.370        0.001        0.001             36        0.02        0.02    SPCHORmval@1
  669     0.00       58.371        0.001        0.002             37        0.02        0.05    CPXFU_PARALLEL:0@1
  670     0.00       58.372        0.001        0.001             37        0.02        0.02    MF_PHYS_PARALLEL:MF_PHYS_NEXT_STATE%INIT@1
  671     0.00       58.373        0.001        0.001             37        0.02        0.02    LAVABO_PARALLEL:0:COMPUTE@1
  672     0.00       58.373        0.001        0.291             37        0.02        7.88    APL_ARPEGE_PRECIPITATION_PARALLEL:ACUPTQ@1
  673     0.00       58.374        0.001        0.001             37        0.02        0.02    CPXFU_PARALLEL:0:COMPUTE@1
  674     0.00       58.375        0.001        0.006             37        0.02        0.16    CPG_GP_HYD_PARALLEL:3@1
  675     0.00       58.376        0.001        0.003             37        0.02        0.08    GPRCP_EXPL_PARALLEL:5@1
  676     0.00       58.376        0.001        0.001              5        0.15        0.15   *GPRCP_PGFL@9
  677     0.00       58.377        0.001        0.001            834        0.00        0.00    SURFACE_FIELDS_MIX:GPOPER_2@1
  678     0.00       58.378        0.001        0.001             37        0.02        0.02    CPG_DRV:INIT@1
  679     0.00       58.379        0.001        0.007             37        0.02        0.20    CTVTOT_EXPL_PARALLEL:0@1
  680     0.00       58.379        0.001        0.001              1        0.72        0.72    SUDEFO_GFLATTR@1
  681     0.00       58.380        0.001        0.018             37        0.02        0.49    CPG_PARALLEL:ZEROPB2@1
  682     0.00       58.381        0.001        0.089             37        0.02        2.41    APL_ARPEGE_PARALLEL:QNGCOR@1
  683     0.00       58.381        0.001        0.001              4        0.18        0.18    GPRCP_PGFL@16
  684     0.00       58.381        0.001        0.005             37        0.02        0.15    CPUTQY_APLPAR_EXPL_PARALLEL:PFDIS@1
  685     0.00       58.382        0.001        0.003             37        0.02        0.08    CPG_GP_PARALLEL:SET1TO0@1
  686     0.00       58.383        0.001        0.009            333        0.00        0.03    ACCTND0_PARALLEL@1
  687     0.00       58.384        0.001        0.032             37        0.02        0.85    CPG_GP_PARALLEL:GPINISLB_PART1_EXPL@1
  688     0.00       58.384        0.001        0.001              1        0.71        0.71    SUGEM2_YRGSGEOM@1
  689     0.00       58.385        0.001        0.041             37        0.02        1.10    APL_ARPEGE_PARALLEL:CPPHINP@1
  690     0.00       58.386        0.001        0.001              1        0.70        0.78    SUCT0@1
  691     0.00       58.386        0.001        0.121             37        0.02        3.27    CPG_PARALLEL:SHUFFLESL1@1
  692     0.00       58.386        0.001        0.001              4        0.17        0.18    GPRCP_PGFL@28
  693     0.00       58.387        0.001        0.001             37        0.02        0.02    APL_ARPEGE_ATMOSPHERE_UPDATE_PARALLEL:CPTEND_NEW:GET_DATA@1
  694     0.00       58.387        0.001        0.001              4        0.17        0.17    GPRCP_PGFL@30
  695     0.00       58.387        0.001        0.001              5        0.14        0.14    GPRCP_PGFL@6
  696     0.00       58.387        0.001        0.001              4        0.17        0.17    GPRCP_PGFL@25
  697     0.00       58.387        0.001        0.001              5        0.14        0.14    GPRCP_PGFL@11
  698     0.00       58.388        0.001        0.002             37        0.02        0.05    CPXFU_PARALLEL:1@1
  699     0.00       58.388        0.001        0.002             37        0.02        0.06    CPXFU_PARALLEL:3@1
  700     0.00       58.389        0.001        0.001             37        0.02        0.02    APL_ARPEGE_SURFACE_PARALLEL:LMSE_F:GET_DATA@1
  701     0.00       58.390        0.001        0.001             37        0.02        0.04    CPG_PARALLEL:LSMTSOL@1
  702     0.00       58.390        0.001        0.001              4        0.17        0.17    GPRCP_PGFL@14
  703     0.00       58.390        0.001        0.070             37        0.02        1.89    CPG_DIA_FLU_PARALLEL@1
  704     0.00       58.391        0.001        0.001              1        0.67        0.67    RRTM_KGB1@1
  705     0.00       58.392        0.001        1.346             37        0.02       36.38    LACDYN_PARALLEL@1
  706     0.00       58.392        0.001        0.002              1        0.67        1.87    SUGFL1@1
  707     0.00       58.393        0.001        0.010             37        0.02        0.26    CPG_GP_PARALLEL:GPINISLB_PART3_EXPL@1
  708     0.00       58.393        0.001        0.001              4        0.16        0.17    GPRCP_PGFL@31
  709     0.00       58.393        0.001        0.001              4        0.16        0.17    GPRCP_PGFL@24
  710     0.00       58.394        0.001        0.001             37        0.02        0.03    CPG_GP_PARALLEL:SETZERO@1
  711     0.00       58.394        0.001        0.001              4        0.16        0.16    GPRCP_PGFL@21
  712     0.00       58.394        0.001        0.001              4        0.16        0.16    GPRCP_PGFL@27
  713     0.00       58.394        0.001        0.001              4        0.16        0.16    GPRCP_PGFL@29
  714     0.00       58.394        0.001        0.002             37        0.02        0.06    CPG_GP_PARALLEL:GPTF2_EXPL_2TL@1
  715     0.00       58.395        0.001        0.004             37        0.02        0.11    CPXFU_PARALLEL:2@1
  716     0.00       58.396        0.001        0.003            139        0.00        0.02    SURFACE_FIELDS_MIX:GPOPER@1
  717     0.00       58.396        0.001        0.003             37        0.02        0.08    CPG_PARALLEL:ISETTLOFF@1
  718     0.00       58.396        0.001        0.001              4        0.16        0.16    GPRCP_PGFL@32
  719     0.00       58.397        0.001        0.001              1        0.64        0.64    SRTM_KGB16@1
  720     0.00       58.398        0.001        0.004             37        0.02        0.12    CPXFU_PARALLEL:4@1
  721     0.00       58.398        0.001        0.001            235        0.00        0.00    SPNORMAVE@1
  722     0.00       58.398        0.001        0.001              5        0.12        0.13    GPRCP_PGFL@7
  723     0.00       58.399        0.001        0.018              1        0.61       17.70    SPECRT@1
  724     0.00       58.399        0.001        0.212             37        0.02        5.72    APL_ARPEGE_RADIATION_PARALLEL:ACDAYD@1
  725     0.00       58.399        0.001        0.001              5        0.12        0.12    GPRCP_PGFL@5
  726     0.00       58.400        0.001        0.224             37        0.02        6.05    CPG_GP_HYD_PARALLEL:2@1
  727     0.00       58.401        0.001        0.039             37        0.02        1.05    CPG_GP_HYD_PARALLEL:0@1
  728     0.00       58.401        0.001        0.001            222        0.00        0.00    LARCINB_PARALLEL:RRINTOPT:GET_DATA@1
  729     0.00       58.402        0.001        0.001             37        0.02        0.02    LATTEX_PARALLEL:MAIN:GET_DATA@1
  730     0.00       58.402        0.001        0.002             37        0.02        0.04    CPG_GP_PARALLEL:MAP_FACTOR@1
  731     0.00       58.403        0.001        0.007             37        0.02        0.18    APL_WIND_GUST_PARALLEL:ACCLDIA@1
  732     0.00       58.404        0.001        0.067             37        0.02        1.80    CPG_GP_HYD_PARALLEL:1@1
  733     0.00       58.404        0.001        0.002             36        0.02        0.07    CPG_END_SFC_PARALLEL:SET0TO1@1
  734     0.00       58.405        0.001        0.023             37        0.02        0.63    APL_ARPEGE_PARALLEL:DIFTQ@1
  735     0.00       58.405        0.001        0.002             37        0.02        0.06    CPG_GP_PARALLEL:GP_SPV@1
  736     0.00       58.406        0.001        0.001              1        0.59        0.59    HQR2@1
  737     0.00       58.406        0.001        0.001              5        0.12        0.12    GPRCP_PGFL@2
  738     0.00       58.407        0.001        0.001              1        0.58        1.18    SUFA@1
  739     0.00       58.407        0.001        0.149             37        0.02        4.02    APL_ARPEGE_RADIATION_PARALLEL:RADHEAT@1
  740     0.00       58.408        0.001        0.001              6        0.09        0.09    MINV_8:GEDI@1
  741     0.00       58.408        0.001        0.467             37        0.02       12.63    CPG_GP_PARALLEL@1
  742     0.00       58.409        0.001        0.002              1        0.56        2.27    SUMPINI@1
  743     0.00       58.409        0.001        0.014             37        0.02        0.38    APL_ARPEGE_SURFACE_UPDATE_PARALLEL:LMSE_F@1
  744     0.00       58.409        0.001        0.001              4        0.14        0.14    GPRCP_PGFL@13
  745     0.00       58.410        0.001        0.001             37        0.02        0.02    LAVABO_PARALLEL:2:COMPUTE@1
  746     0.00       58.411        0.001        1.438             37        0.02       38.86    APL_ARPEGE_SURFACE_PARALLEL:ACDIFV1@1
  747     0.00       58.411        0.001        0.001             37        0.01        0.03    CPG_DIA_FLU_PARALLEL:3@1
  748     0.00       58.412        0.001        0.008             30        0.02        0.27    APL_ARPEGE_RADIATION_PARALLEL:CALLRAD_F@1
  749     0.00       58.412        0.001        0.001              1        0.55        0.56    SUECOZC@1
  750     0.00       58.412        0.001        0.001              5        0.11        0.11    GPRCP_PGFL@3
  751     0.00       58.413        0.001        0.001            555        0.00        0.00    GPRCP_EXPL_PARALLEL:1:GET_DATA@1
  752     0.00       58.413        0.001        0.002             37        0.01        0.04    CPG_DIA_FLU_PARALLEL:1@1
  753     0.00       58.414        0.001        0.022             37        0.01        0.60    LATTEX_EXPL_2TL_PARALLEL@1
  754     0.00       58.414        0.001        0.001              7        0.08        0.08    VERINT@1
  755     0.00       58.415        0.001        0.001              1        0.53        1.04    SUPHY0@1
  756     0.00       58.415        0.001        0.002             37        0.01        0.04    CPG_DIA_FLU_PARALLEL:4@1
  757     0.00       58.416        0.001       10.945             37        0.01      295.81    APL_ARPEGE_SHALLOW_CONVECTION_AND_TURBULENCE_PARALLEL@1
  758     0.00       58.416        0.001        0.001             37        0.01        0.01    LAPINEB_PARALLEL:ROTUV:GET_DATA@1
  759     0.00       58.417        0.001        0.001             37        0.01        0.01    MF_PHYS_TRANSFER_PARALLEL:ALL:COMPUTE@1
  760     0.00       58.418        0.001        0.001             37        0.01        0.01    LACDYN_PARALLEL:LASURE:COMPUTE@1
  761     0.00       58.418        0.001        0.001             37        0.01        0.01    APL_ARPEGE_SHALLOW_CONVECTION_AND_TURBULENCE_PARALLEL:ACTKE:GET_DATA@1
  762     0.00       58.419        0.001       10.621             37        0.01      287.05    ACVPPKF_PARALLEL@1
  763     0.00       58.419        0.001        0.001              1        0.52        0.60    SUHDF@1
  764     0.00       58.420        0.001        0.001             37        0.01        0.01    CPG_PARALLEL:LSMTSOL:COMPUTE@1
  765     0.00       58.420        0.001        0.013             37        0.01        0.36    APL_ARPEGE_PARALLEL:ZRDG_LCVQ@1
  766     0.00       58.421        0.001        0.002             36        0.01        0.07    CPCFU_PARALLEL:0@1
  767     0.00       58.421        0.001        0.002             37        0.01        0.06    CPGLAG_PARALLEL:1@1
  768     0.00       58.422        0.001        0.526             37        0.01       14.21    LAPINEA_PARALLEL@1
  769     0.00       58.422        0.001        0.005             37        0.01        0.15    CPG_DIA_FLU_PARALLEL:2@1
  770     0.00       58.423        0.001        0.006             36        0.01        0.16    CPCFU_PARALLEL:1@1
  771     0.00       58.423        0.001        0.657             37        0.01       17.75    APL_ARPEGE_INIT_PARALLEL:4@1
  772     0.00       58.424        0.000        0.633             37        0.01       17.10    APL_ARPEGE_DEEP_CONVECTION_PARALLEL@1
  773     0.00       58.424        0.000        0.008            185        0.00        0.04    ACCTND0_PARALLEL:PACC@1
  774     0.00       58.425        0.000        0.290             68        0.01        4.27    FARCIS_MT@1
  775     0.00       58.425        0.000        0.001             36        0.01        0.03    CPCFU_PARALLEL:5@1
  776     0.00       58.426        0.000        0.009             37        0.01        0.24    APL_ARPEGE_RADIATION_PARALLEL:LMSE_F@1
  777     0.00       58.426        0.000        0.040            100        0.00        0.40    POSNAM@1
  778     0.00       58.427        0.000       23.366             37        0.01      631.51    APL_ARPEGE_RADIATION_PARALLEL@1
  779     0.00       58.427        0.000        0.028             37        0.01        0.76    APL_ARPEGE_PARALLEL:ZBAY_QRCONV@1
  780     0.00       58.428        0.000        0.031             37        0.01        0.85    APL_ARPEGE_DEEP_CONVECTION_PARALLEL:COPY@1
  781     0.00       58.428        0.000        0.002             36        0.01        0.05    CPCFU_PARALLEL:3@1
  782     0.00       58.428        0.000        0.001            222        0.00        0.00    LARCINB_PARALLEL:LAITRE_GFL:NULLIFY@1
  783     0.00       58.429        0.000        0.000             37        0.01        0.01    APL_ARPEGE_PARALLEL:FRSOPT:COMPUTE@1
  784     0.00       58.429        0.000        0.001              1        0.46        1.34    SUGEM2@1
  785     0.00       58.430        0.000        0.344             37        0.01        9.29    APL_ARPEGE_INIT_PARALLEL:5@1
  786     0.00       58.430        0.000        0.000             37        0.01        0.01    CPG_DIA_FLU_PARALLEL:3:COMPUTE@1
  787     0.00       58.431        0.000        0.003             36        0.01        0.07    CPCFU_PARALLEL:2@1
  788     0.00       58.431        0.000        0.000             37        0.01        0.01    APL_ARPEGE_SURFACE_PARALLEL:ACDIFV2:GET_DATA@1
  789     0.00       58.432        0.000        0.000             37        0.01        0.01    APL_ARPEGE_PARALLEL:PLSM:COMPUTE@1
  790     0.00       58.432        0.000        2.566             37        0.01       69.34    APL_ARPEGE_SURFACE_PARALLEL@1
  791     0.00       58.433        0.000        0.000             37        0.01        0.01    APL_ARPEGE_SURFACE_UPDATE_PARALLEL:LMSE_F:GET_DATA@1
  792     0.00       58.433        0.000        0.000             37        0.01        0.01    APL_ARPEGE_HYDRO_BUDGET_PARALLEL:ACDROV:GET_DATA@1
  793     0.00       58.433        0.000        0.000             37        0.01        0.01    APL_ARPEGE_DEEP_CONVECTION_PARALLEL:CUCALLN_MF:GET_DATA@1
  794     0.00       58.434        0.000        0.046             37        0.01        1.25    GPINISLB_PART2_EXPL_PARALLEL@1
  795     0.00       58.434        0.000        0.006             37        0.01        0.15    APL_ARPEGE_SOIL_HYDRO_PARALLEL:ACVEG@1
  796     0.00       58.435        0.000        0.000             38        0.01        0.01    UPDMOON@1
  797     0.00       58.435        0.000        0.001            321        0.00        0.00    FANFAR_MT@1
  798     0.00       58.436        0.000        0.305              1        0.43      304.99    RDFA2SP@1
  799     0.00       58.436        0.000        0.011             37        0.01        0.30    APL_ARPEGE_INIT_PARALLEL:6@1
  800     0.00       58.436        0.000        0.001            123        0.00        0.01    FANION_MT@1
  801     0.00       58.437        0.000        0.003             37        0.01        0.09    APL_ARPEGE_PARALLEL:ZDPHIV@1
  802     0.00       58.437        0.000        0.368             37        0.01        9.94    CPG_GP_HYD_PARALLEL@1
  803     0.00       58.438        0.000        1.878             37        0.01       50.76    ACVPPKF_PARALLEL:PART3@1
  804     0.00       58.438        0.000        0.010             37        0.01        0.26    APL_ARPEGE_RADIATION_PARALLEL:DIRECT@1
  805     0.00       58.439        0.000        0.000             37        0.01        0.01    LAVABO_PARALLEL:1:COMPUTE@1
  806     0.00       58.439        0.000        0.012             37        0.01        0.34    APL_ARPEGE_PARALLEL:ACVISIH@1
  807     0.00       58.439        0.000        0.156              1        0.41      156.46    SUECRAD@1
  808     0.00       58.440        0.000        0.009             36        0.01        0.25    APL_ARPEGE_RADIATION_PARALLEL:SUNSHINE@1
  809     0.00       58.440        0.000        3.602             37        0.01       97.36    APL_ARPEGE_INIT_PARALLEL@1
  810     0.00       58.441        0.000        0.000             37        0.01        0.01    CPG_DRV:EXIT@1
  811     0.00       58.441        0.000        3.799             37        0.01      102.68    ACVPPKF_PARALLEL:PART1@1
  812     0.00       58.441        0.000        0.009             37        0.01        0.25    APL_ARPEGE_PARALLEL:ACEVADCAPE@1
  813     0.00       58.442        0.000        0.012              1        0.41       11.78    SUPHMPA@1
  814     0.00       58.442        0.000        0.002              1        0.41        2.15    SUSI@1
  815     0.00       58.443        0.000        0.013             37        0.01        0.34    APL_ARPEGE_PARALLEL:ZDE2MR@1
  816     0.00       58.443        0.000        0.000              1        0.40        0.40    ALLOCATE_EMPTY_TRAJECTORY@1
  817     0.00       58.443        0.000        0.000             37        0.01        0.01    ACVPPKF_PARALLEL:PART1:GET_DATA@1
  818     0.00       58.444        0.000        0.001           1067        0.00        0.00    OFFSET_MF@1
  819     0.00       58.444        0.000        0.219             36        0.01        6.08    SPCMNEW_PAR_horsmem@1
  820     0.00       58.445        0.000        0.044             37        0.01        1.18    APL_ARPEGE_PARALLEL:ACDRME@1
  821     0.00       58.445        0.000        0.000             37        0.01        0.01    CPG_SL1F_TYPE_SYNC_HOST@1
  822     0.00       58.445        0.000        0.004             37        0.01        0.12    APL_ARPEGE_HYDRO_BUDGET_PARALLEL:ACDROV@1
  823     0.00       58.445        0.000        0.000              4        0.10        0.10    GPRCP_PGFL@23
  824     0.00       58.446        0.000        0.000              1        0.39        0.39    RRTM_KGB3@1
  825     0.00       58.446        0.000        0.048             37        0.01        1.31    APL_ARPEGE_PARALLEL:APLPAR_INIT@1
  826     0.00       58.447        0.000        0.000             41        0.01        0.01    GRIB_API:IGRIB_SET_INT8@1
  827     0.00       58.447        0.000        0.055             37        0.01        1.49    APL_ARPEGE_PARALLEL:ACTQSAT@1
  828     0.00       58.447        0.000        0.001              1        0.38        1.16    SUECAEBC@1
  829     0.00       58.448        0.000        0.000             37        0.01        0.01    CPG_GP_HYD_PARALLEL:2:GET_DATA@1
  830     0.00       58.448        0.000        0.001             39        0.01        0.04    SPNORMBE@1
  831     0.00       58.449        0.000        0.000              3        0.13        0.13    "lfifer_alts"@1:lfi_alts.c
  832     0.00       58.449        0.000        0.001             37        0.01        0.03    APL_ARPEGE_PARALLEL:FRSOPT@1
  833     0.00       58.449        0.000        0.003             37        0.01        0.07    APL_ARPEGE_ALBEDO_COMPUTATION_PARALLEL:0@1
  834     0.00       58.449        0.000        0.000              4        0.09        0.09    GPRCP_PGFL@22
  835     0.00       58.450        0.000        0.000             37        0.01        0.01    ACVPPKF_PARALLEL:PART3:GET_DATA@1
  836     0.00       58.450        0.000        0.000             37        0.01        0.01    MF_PHYS_PARALLEL:MF_PHYS_BASE_STATE%INIT@1
  837     0.00       58.450        0.000        0.001             37        0.01        0.04    APL_ARPEGE_PARALLEL:BAYRAD@1
  838     0.00       58.451        0.000        0.001             37        0.01        0.03    APL_ARPEGE_PARALLEL:PLSM@1
  839     0.00       58.451        0.000        0.012              1        0.37       11.88    RDFA2GP@1
  840     0.00       58.451        0.000        0.000              4        0.09        0.09    GPRCP_PGFL@17
  841     0.00       58.452        0.000        0.005             37        0.01        0.13    APL_ARPEGE_PARALLEL:PPWETPOINT@1
  842     0.00       58.452        0.000        0.000            227        0.00        0.00    SET2PE@1
  843     0.00       58.452        0.000        0.001              1        0.36        0.96    SUSTA@1
  844     0.00       58.453        0.000        0.002             37        0.01        0.04    APL_ARPEGE_PARALLEL:PRECIPS@1
  845     0.00       58.453        0.000        0.004            475        0.00        0.01    GSBYTE_MF@1
  846     0.00       58.453        0.000        0.000             74        0.00        0.01    LAPINEB_PARALLEL:ROTUVGEO:NULLIFY@1
  847     0.00       58.454        0.000        0.000              2        0.18        0.18    GRIB_API:IGRIB_GET_CHAR@1
  848     0.00       58.454        0.000        0.000             37        0.01        0.01    APL_ARPEGE_PRECIPITATION_PARALLEL:ACUPTQ:GET_DATA@1
  849     0.00       58.454        0.000        0.009             37        0.01        0.23    APL_ARPEGE_OCEANIC_FLUXES_PARALLEL:ACFLUSO@1
  850     0.00       58.455        0.000        0.001            202        0.00        0.00    SUCLDP:BETAI@1
  851     0.00       58.455        0.000        0.000             37        0.01        0.01    LARMES_PARALLEL:LARMES:GET_DATA@1
  852     0.00       58.455        0.000        0.006             37        0.01        0.16    APL_ARPEGE_PARALLEL:ACSOL@1
  853     0.00       58.456        0.000        0.000             36        0.01        0.01    CPCFU_PARALLEL:1:GET_DATA@1
  854     0.00       58.456        0.000        0.002              2        0.18        0.94    SUFPC@1
  855     0.00       58.457        0.000        0.001              1        0.35        1.05    SUECAEOR@1
  856     0.00       58.457        0.000        0.000              1        0.35        0.35    SURFACE_FIELDS_MIX:DEALLO_SURF@1
  857     0.00       58.457        0.000        0.292             37        0.01        7.90    APL_ARPEGE_PRECIPITATION_PARALLEL@1
  858     0.00       58.458        0.000        0.000             37        0.01        0.01    CPXFU_PARALLEL:2:GET_DATA@1
  859     0.00       58.458        0.000        0.002              1        0.35        1.59    INI_RAIN_ICE@1
  860     0.00       58.458        0.000        0.001            925        0.00        0.00    GBYTE_MF@1
  861     0.00       58.459        0.000        0.009            234        0.00        0.04    SPNORMBM@1
  862     0.00       58.459        0.000        0.006             37        0.01        0.17    APL_ARPEGE_PARALLEL:EDR@1
  863     0.00       58.459        0.000        0.001              1        0.34        0.99    SUECAESU@1
  864     0.00       58.460        0.000        0.001              1        0.34        0.99    SUECAESD@1
  865     0.00       58.460        0.000        9.819             37        0.01      265.37    CALL_SL_DRV@1
  866     0.00       58.460        0.000        0.000              4        0.08        0.09    GPRCP_PGFL@18
  867     0.00       58.460        0.000        0.000              4        0.08        0.09    GPRCP_PGFL@15
  868     0.00       58.460        0.000        0.000             37        0.01        0.01    APL_ARPEGE_INIT_PARALLEL:3:GET_DATA@1
  869     0.00       58.461        0.000        0.001              1        0.33        1.00    SUECAESS@1
  870     0.00       58.461        0.000        0.047             37        0.01        1.27    CPGLAG_PARALLEL@1
  871     0.00       58.461        0.000        0.000              5        0.07        0.07    GPRCP_PGFL@10
  872     0.00       58.461        0.000        0.110             72        0.00        1.53    EXCHANGE_MS@1
  873     0.00       58.462        0.000        0.455              7        0.05       65.05    RECMWF_PARALLEL:PREPARE@1
  874     0.00       58.462        0.000        0.000             37        0.01        0.01    APL_ARPEGE_PARALLEL:QNGCOR:GET_DATA@1
  875     0.00       58.462        0.000        0.010             37        0.01        0.27    APL_ARPEGE_PARALLEL:ACHMT@1
  876     0.00       58.462        0.000        0.000              4        0.08        0.08    GPRCP_PGFL@20
  877     0.00       58.463        0.000        0.239             37        0.01        6.47    MF_PHYS_INIT_PARALLEL@1
  878     0.00       58.463        0.000        0.000             37        0.01        0.01    LAVENT_PARALLEL:0:GET_DATA@1
  879     0.00       58.463        0.000        0.000             37        0.01        0.01    APL_ARPEGE_PARALLEL:ACHMT:GET_DATA@1
  880     0.00       58.464        0.000        1.134             37        0.01       30.64    LATTEX_PARALLEL@1
  881     0.00       58.464        0.000        0.005              1        0.32        4.57    SU0PHY@1
  882     0.00       58.464        0.000        0.000             37        0.01        0.01    APL_ARPEGE_PARALLEL:CPPHINP:GET_DATA@1
  883     0.00       58.465        0.000        0.000              1        0.31        0.31    RRTM_KGB4@1
  884     0.00       58.465        0.000        0.000             37        0.01        0.01    APL_ARPEGE_INIT_PARALLEL:5:GET_DATA@1
  885     0.00       58.465        0.000        0.054             37        0.01        1.45    APL_ARPEGE_PARALLEL:ACCLPH@1
  886     0.00       58.465        0.000        0.300             97        0.00        3.09    FACIL1_MT@1
  887     0.00       58.466        0.000        0.000             36        0.01        0.01    CPCFU_PARALLEL:5:COMPUTE@1
  888     0.00       58.466        0.000        0.000             37        0.01        0.01    APL_ARPEGE_PARALLEL:ACSOL:GET_DATA@1
  889     0.00       58.466        0.000        0.000             37        0.01        0.01    LARCINB_PARALLEL:LRHS_CURV_F:GET_DATA@1
  890     0.00       58.466        0.000        0.000              4        0.08        0.08    GPRCP_PGFL@12
  891     0.00       58.467        0.000        0.000             74        0.00        0.00    LAPINEB_PARALLEL:ROTUVGEO:GET_DATA@1
  892     0.00       58.467        0.000        0.000             37        0.01        0.01    APL_ARPEGE_RADIATION_PARALLEL:RADHEAT:GET_DATA@1
  893     0.00       58.467        0.000        2.257             37        0.01       61.00    APL_ARPEGE_INIT_PARALLEL:3@1
  894     0.00       58.468        0.000        0.045             37        0.01        1.22    APL_ARPEGE_PARALLEL:ACDRAG@1
  895     0.00       58.468        0.000        0.000              4        0.08        0.08    GPRCP_PGFL@26
  896     0.00       58.468        0.000        0.000             37        0.01        0.01    APL_ARPEGE_CLOUDINESS_PARALLEL:ACNEBCOND:GET_DATA@1
  897     0.00       58.468        0.000        0.000            333        0.00        0.00    CPUTQY0_PARALLEL:PVAR:GET_DATA@1
  898     0.00       58.468        0.000        0.000            352        0.00        0.00    PE2SET@1
  899     0.00       58.469        0.000        0.000              1        0.30        0.30    radiation_aerosol_optics_data:set_types_GPU@1
  900     0.00       58.469        0.000        0.000             37        0.01        0.01    APL_ARPEGE_PARALLEL:ACDRAG:GET_DATA@1
  901     0.00       58.469        0.000        0.000            555        0.00        0.00    GPRCP_EXPL_PARALLEL:1:NULLIFY@1
  902     0.00       58.470        0.000        0.000              1        0.29        0.29    RRTM_KGB5@1
  903     0.00       58.470        0.000        0.000             37        0.01        0.01    ACVPPKF_PARALLEL:PART0:GET_DATA@1
  904     0.00       58.470        0.000        0.002              7        0.04        0.28    RECMWF_PARALLEL:ECRAD_POST@1
  905     0.00       58.470        0.000        0.000              1        0.28        0.38    SUMP@1
  906     0.00       58.471        0.000        0.005             37        0.01        0.13    APL_ARPEGE_HYDRO_BUDGET_PARALLEL@1
  907     0.00       58.471        0.000        0.019              3        0.09        6.19    FIELD_CONTAINER_GP_MOD:FIELD_CREATE@1
  908     0.00       58.471        0.000        0.000              1        0.28        0.28    GFL_SUBS_MOD:PRINT_GFL@1
  909     0.00       58.472        0.000        0.000             12        0.02        0.02    SURFACE_FIELDS_MIX:FINALISE_SFLP3@1
  910     0.00       58.472        0.000        0.000              5        0.06        0.06    GPRCP_PGFL@1
  911     0.00       58.472        0.000        0.000            324        0.00        0.00    SCAN2M_TS_PARALLEL:0:GET_DATA@1
  912     0.00       58.472        0.000        0.000              1        0.27        0.28    SLRSET@1
  913     0.00       58.472        0.000        0.000             37        0.01        0.01    LATTES_PARALLEL:0:GET_DATA@1
  914     0.00       58.473        0.000        0.498             37        0.01       13.47    TRANSINV_MDL@1
  915     0.00       58.473        0.000        0.004              1        0.27        3.58    SUDYN@1
  916     0.00       58.473        0.000        0.000            222        0.00        0.00    LATTEX_EXPL_2TL_PARALLEL:3:GET_DATA@1
  917     0.00       58.474        0.000        0.000             36        0.01        0.01    CPCFU_PARALLEL:2:GET_DATA@1
  918     0.00       58.474        0.000        0.331             37        0.01        8.93    APL_ARPEGE_ATMOSPHERE_UPDATE_PARALLEL@1
  919     0.00       58.474        0.000        0.499             37        0.01       13.48    TRANSINVH@1
  920     0.00       58.474        0.000        0.000            148        0.00        0.00    GPRCP_EXPL_PARALLEL:0:GET_DATA@1
  921     0.00       58.475        0.000        0.000              1        0.27        0.27    FIELD_DEFINITIONS:READ_DYNAMIC_NAMESPACE@1
  922     0.00       58.475        0.000        0.000              4        0.07        0.07    GPRCP_PGFL@19
  923     0.00       58.475        0.000        0.002              7        0.04        0.28    RECMWF_PARALLEL:1@1
  924     0.00       58.475        0.000        0.039             37        0.01        1.06    APL_ARPEGE_DEEP_CONVECTION_PARALLEL:INIT@1
  925     0.00       58.475        0.000        0.001              1        0.26        0.82    SUTOPH@1
  926     0.00       58.476        0.000        0.042             36        0.01        1.16    SCAN2M_TS_PARALLEL@1
  927     0.00       58.476        0.000        0.031             37        0.01        0.85    CTVTOT_EXPL_PARALLEL@1
  928     0.00       58.476        0.000        0.000             37        0.01        0.01    APL_ARPEGE_PARALLEL:APLPAR_INIT:GET_DATA@1
  929     0.00       58.476        0.000        0.014             36        0.01        0.38    CPCFU_PARALLEL@1
  930     0.00       58.477        0.000        0.000             37        0.01        0.01    LAPINEA_PARALLEL:LARCINA:GET_DATA@1
  931     0.00       58.477        0.000        0.000              1        0.25        0.25    SRTM_KGB17@1
  932     0.00       58.477        0.000        0.456             36        0.01       12.68    TRANSDIR_MDL@1
  933     0.00       58.477        0.000        0.000              3        0.08        0.08    FIELD_GFL_WRAPPER:GFL_MAPPING_SETUP@1
  934     0.00       58.478        0.000        0.000             37        0.01        0.01    LAPINEB_PARALLEL:LARCHE:NULLIFY@1
  935     0.00       58.478        0.000        0.000             37        0.01        0.01    APL_ARPEGE_PARALLEL:ACEVADCAPE:GET_DATA@1
  936     0.00       58.478        0.000        0.010             37        0.01        0.26    APL_ARPEGE_INIT_PARALLEL:0@1
  937     0.00       58.478        0.000        0.000             37        0.01        0.01    CPG_GP_PARALLEL:SETZERO:COMPUTE@1
  938     0.00       58.479        0.000        0.000            594        0.00        0.00    SUCLDP:GAMMLN@1
  939     0.00       58.479        0.000        0.361             37        0.01        9.77    APL_ARPEGE_DEEP_CONVECTION_PARALLEL:CUCALLN_MF@1
  940     0.00       58.479        0.000        0.003              2        0.12        1.55    OPENFA@1
  941     0.00       58.479        0.000        0.000             37        0.01        0.01    MF_PHYS_PREP_PARALLEL:PREP:GET_DATA@1
  942     0.00       58.480        0.000        0.211             37        0.01        5.70    APL_ARPEGE_DPRECIPS_PARALLEL:0@1
  943     0.00       58.480        0.000        0.245             37        0.01        6.61    APL_ARPEGE_ATMOSPHERE_UPDATE_PARALLEL:CPTEND_NEW@1
  944     0.00       58.480        0.000        0.000             37        0.01        0.01    CPG_GP_PARALLEL:GPINISLB_PART1_EXPL:GET_DATA@1
  945     0.00       58.480        0.000        0.000            222        0.00        0.00    LAPINEB_PARALLEL:CVGQ:GET_DATA@1
  946     0.00       58.481        0.000        0.196             37        0.01        5.30    APL_ARPEGE_INIT_PARALLEL:2@1
  947     0.00       58.481        0.000        0.000              3        0.08        0.08    "lfiouv_alts_ext:read"@1:lfi_alts.c
  948     0.00       58.481        0.000        0.026              1        0.23       26.27    SUGEOMETRY@1
  949     0.00       58.481        0.000        0.000              1        0.23        0.23    SRTM_KGB21@1
  950     0.00       58.481        0.000        0.000             36        0.01        0.01    CPCFU_PARALLEL:3:GET_DATA@1
  951     0.00       58.482        0.000        0.000              1        0.23        0.23    SRTM_KGB28@1
  952     0.00       58.482        0.000        0.126             37        0.01        3.41    APL_ARPEGE_INIT_PARALLEL:1@1
  953     0.00       58.482        0.000        0.119             37        0.01        3.20    LASSIE_PARALLEL@1
  954     0.00       58.482        0.000        0.000             48        0.00        0.01    MONIO_T@1
  955     0.00       58.483        0.000        0.000             37        0.01        0.01    LAPINEB_PARALLEL:NVLAG3:GET_DATA@1
  956     0.00       58.483        0.000        0.013              1        0.22       12.83    SUVERT@1
  957     0.00       58.483        0.000        1.760             37        0.01       47.58    ACVPPKF_PARALLEL:PART0@1
  958     0.00       58.483        0.000        0.001              1        0.22        0.94    SUXFU@1
  959     0.00       58.484        0.000        0.766              7        0.03      109.37    RECMWF_PARALLEL:FINISH@1
  960     0.00       58.484        0.000        0.000             37        0.01        0.01    APL_ARPEGE_SURFACE_PARALLEL:ACDIFV1:GET_DATA@1
  961     0.00       58.484        0.000        0.000             37        0.01        0.01    CPXFU_PARALLEL:1:GET_DATA@1
  962     0.00       58.484        0.000        0.000              1        0.22        0.46    SUNDDH@1
  963     0.00       58.484        0.000        0.000             37        0.01        0.01    APL_ARPEGE_DEEP_CONVECTION_PARALLEL:COPY:GET_DATA@1
  964     0.00       58.485        0.000        0.028             37        0.01        0.75    APL_ARPEGE_DEEP_CONVECTION_PARALLEL:ZERO@1
  965     0.00       58.485        0.000        0.000            511        0.00        0.00    FANUMU_MT@1
  966     0.00       58.485        0.000        1.347             37        0.01       36.39    CPG_DYN_SLG_PARALLEL@1
  967     0.00       58.485        0.000        0.304             97        0.00        3.13    FACILO_MT@1
  968     0.00       58.485        0.000        0.008             37        0.01        0.20    LAVABO_EXPL_LAITVSPCQM_PART1_PARALLEL@1
  969     0.00       58.486        0.000        0.000             37        0.01        0.01    LATTEX_EXPL_VSPLTRANS_PARALLEL@1
  970     0.00       58.486        0.000        0.000             37        0.01        0.01    APL_ARPEGE_INIT_PARALLEL:4:GET_DATA@1
  971     0.00       58.486        0.000        0.115            207        0.00        0.56    FASGRA_MT@1
  972     0.00       58.486        0.000        0.000              1        0.21        0.49    SLCSET@1
  973     0.00       58.486        0.000        0.000              2        0.10        0.10    READ_XKER_RACCS@1
  974     0.00       58.487        0.000        0.017             37        0.01        0.46    APL_ARPEGE_DEEP_CONVECTION_PARALLEL:ACUPTQ@1
  975     0.00       58.487        0.000        0.298             97        0.00        3.07    FADECI_MT@1
  976     0.00       58.487        0.000        0.002              1        0.21        2.21    YOMVAR:SETUP_VAR@1
  977     0.00       58.487        0.000        0.003             10        0.02        0.32    GPNORM1@1
  978     0.00       58.488        0.000        0.002              7        0.03        0.27    RECMWF_PARALLEL:2@1
  979     0.00       58.488        0.000        0.291             37        0.01        7.87    LARMES_PARALLEL@1
  980     0.00       58.488        0.000        0.000             37        0.01        0.01    LARCINB_PARALLEL:NTLAG_3:GET_DATA@1
  981     0.00       58.488        0.000        0.013             37        0.01        0.35    LAVABO_PARALLEL@1
  982     0.00       58.488        0.000        0.000              1        0.20        0.30    SUVERT:SUVFE_ADJUST_AB@1
  983     0.00       58.489        0.000        0.000             37        0.01        0.01    APL_ARPEGE_ALBEDO_COMPUTATION_PARALLEL:0:GET_DATA@1
  984     0.00       58.489        0.000        0.000             37        0.01        0.01    LARCINB_PARALLEL:LAITRE_GMV:GET_DATA@1
  985     0.00       58.489        0.000        0.015             37        0.01        0.41    CPXFU_PARALLEL@1
  986     0.00       58.489        0.000        0.000            222        0.00        0.00    LARCINB_PARALLEL:RRINTOPT:NULLIFY@1
  987     0.00       58.489        0.000        0.000            222        0.00        0.00    LAPINEB_PARALLEL:ZERO_GMV9:GET_DATA@1
  988     0.00       58.490        0.000        0.000             37        0.01        0.01    CPG_GP_HYD_PARALLEL:1:GET_DATA@1
  989     0.00       58.490        0.000        0.086             37        0.01        2.31    APL_ARPEGE_CLOUDINESS_PARALLEL:ACNEBCOND@1
  990     0.00       58.490        0.000        0.007              1        0.19        7.25    RADIATION_SETUP:SETUP_RADIATION_SCHEME_GPU@1
  991     0.00       58.490        0.000        0.000            324        0.00        0.00    SCAN2M_TS_PARALLEL:0:NULLIFY@1
  992     0.00       58.490        0.000        0.087             37        0.01        2.34    APL_ARPEGE_CLOUDINESS_PARALLEL@1
  993     0.00       58.490        0.000        0.000            222        0.00        0.00    GPINISLB_PART2_EXPL_PARALLEL:0:GET_DATA@1
  994     0.00       58.491        0.000        0.000             37        0.01        0.01    CPXFU_PARALLEL:0:GET_DATA@1
  995     0.00       58.491        0.000        0.000              1        0.19        0.19    FINAL_STATS@1
  996     0.00       58.491        0.000        0.000             37        0.00        0.01    APL_ARPEGE_PARALLEL:FRSOPT:GET_DATA@1
  997     0.00       58.491        0.000        0.000            333        0.00        0.00    CPUTQY0_PARALLEL:PVAR:NULLIFY@1
  998     0.00       58.491        0.000        0.000            240        0.00        0.00    GAMMA_INC@1
  999     0.00       58.492        0.000        0.001              1        0.18        0.62    SUMCUF@1
 1000     0.00       58.492        0.000        0.000              1        0.18        0.18    SULAP@1
 1001     0.00       58.492        0.000        0.359              1        0.18      359.05    SUINIF@1
 1002     0.00       58.492        0.000        0.212             37        0.00        5.73    APL_ARPEGE_DPRECIPS_PARALLEL@1
 1003     0.00       58.492        0.000        0.000             37        0.00        0.01    LARCINB_PARALLEL:NVLAG_3:GET_DATA@1
 1004     0.00       58.492        0.000        0.000            185        0.00        0.00    ACCTND0_PARALLEL:PACC:GET_DATA@1
 1005     0.00       58.493        0.000        0.000              1        0.17        0.17    RRTM_CMBGB5_GPU@1
 1006     0.00       58.493        0.000        0.000             37        0.00        0.00    LARCINB_PARALLEL:LCOMAD_SP:GET_DATA@1
 1007     0.00       58.493        0.000        0.000              2        0.09        0.09    READ_XKER_SDRYG@1
 1008     0.00       58.493        0.000        0.000              1        0.17        0.17    SUGEM2_YRCSGEOM@1
 1009     0.00       58.493        0.000        0.000              1        0.17        0.17    RRTM_KGB7@1
 1010     0.00       58.493        0.000        0.000            148        0.00        0.00    GPRCP_EXPL_PARALLEL:4:GET_DATA@1
 1011     0.00       58.494        0.000        0.001            204        0.00        0.00    IOGRIDA_MOD:ACPY@1
 1012     0.00       58.494        0.000        0.000             37        0.00        0.00    CPG_SL2_TYPE_SYNC_HOST@1
 1013     0.00       58.494        0.000        0.000              1        0.16        0.17    RRTM_KGB13@1
 1014     0.00       58.494        0.000        0.000             37        0.00        0.00    APL_ARPEGE_PARALLEL:ACVISIH:GET_DATA@1
 1015     0.00       58.494        0.000        0.000             37        0.00        0.00    APL_ARPEGE_PARALLEL:ACDRME:GET_DATA@1
 1016     0.00       58.494        0.000        0.012             37        0.00        0.32    MF_PHYS_FPL_PART1_PARALLEL@1
 1017     0.00       58.495        0.000        0.000              1        0.16        0.33    SUCFU@1
 1018     0.00       58.495        0.000        0.000             37        0.00        0.00    APL_ARPEGE_RADIATION_PARALLEL:LMSE_F:GET_DATA@1
 1019     0.00       58.495        0.000        0.000             37        0.00        0.00    APL_ARPEGE_DEEP_CONVECTION_PARALLEL:CUCALLN_MF:NULLIFY@1
 1020     0.00       58.495        0.000        0.000              1        0.16        0.16    RRTM_CMBGB3_GPU@1
 1021     0.00       58.495        0.000        0.000             37        0.00        0.00    APL_ARPEGE_PARALLEL:ACCLPH:GET_DATA@1
 1022     0.00       58.495        0.000        0.000            185        0.00        0.00    GPRCP_EXPL_PARALLEL:2:GET_DATA@1
 1023     0.00       58.496        0.000        0.000              1        0.16        0.47    SUDYNA@1
 1024     0.00       58.496        0.000        0.000             37        0.00        0.00    APL_ARPEGE_ATMOSPHERE_UPDATE_PARALLEL:CPTEND_NEW:NULLIFY@1
 1025     0.00       58.496        0.000        0.000            394        0.00        0.00    GAMMA_X0D@1
 1026     0.00       58.496        0.000        0.001              1        0.16        0.64    YOMCST:SETUP_CONSTANTS@1
 1027     0.00       58.496        0.000        0.012             37        0.00        0.31    GPTF1_YDVARS_PARALLEL@1
 1028     0.00       58.496        0.000        0.009             37        0.00        0.25    APL_ARPEGE_OCEANIC_FLUXES_PARALLEL@1
 1029     0.00       58.497        0.000        0.000             37        0.00        0.00    APL_ARPEGE_DEEP_CONVECTION_PARALLEL:ACUPTQ:GET_DATA@1
 1030     0.00       58.497        0.000        0.000             37        0.00        0.00    APL_ARPEGE_DEEP_CONVECTION_PARALLEL:INIT:GET_DATA@1
 1031     0.00       58.497        0.000        0.000             37        0.00        0.00    MF_PHYS_TRANSFER_PARALLEL:ALL:GET_DATA@1
 1032     0.00       58.497        0.000        0.000             37        0.00        0.00    CPG_GP_HYD_PARALLEL:0:GET_DATA@1
 1033     0.00       58.497        0.000        0.000            380        0.00        0.00    GBYTES_MF@1
 1034     0.00       58.497        0.000        0.000              1        0.15        0.15    MF_PHYS_SAVE_PHSURF_PART1_PARALLEL:PART1:COMPUTE@1
 1035     0.00       58.497        0.000        0.000              1        0.15        0.15    RRTM_CMBGB4_GPU@1
 1036     0.00       58.498        0.000        0.000             37        0.00        0.00    MF_PHYS_INIT_PARALLEL:ZERO:NULLIFY@1
 1037     0.00       58.498        0.000        0.000              1        0.15        0.15    RRTM_KGB9@1
 1038     0.00       58.498        0.000        0.000             37        0.00        0.00    APL_ARPEGE_SHALLOW_CONVECTION_AND_TURBULENCE_PARALLEL:ACTKE:NULLIFY@1
 1039     0.00       58.498        0.000        0.000             37        0.00        0.00    APL_ARPEGE_PARALLEL:DIFTQ:GET_DATA@1
 1040     0.00       58.498        0.000        0.000             37        0.00        0.00    CPG_DIA_FLU_PARALLEL:1:GET_DATA@1
 1041     0.00       58.498        0.000        0.000             37        0.00        0.00    APL_ARPEGE_INIT_PARALLEL:1:GET_DATA@1
 1042     0.00       58.498        0.000        0.000             37        0.00        0.00    APL_ARPEGE_OCEANIC_FLUXES_PARALLEL:ACFLUSO:GET_DATA@1
 1043     0.00       58.499        0.000        0.000             36        0.00        0.00    CPCFU_PARALLEL:0:GET_DATA@1
 1044     0.00       58.499        0.000        0.000              1        0.14        0.14    SCAN2M_OOPS:WIPE@1
 1045     0.00       58.499        0.000        0.001              1        0.14        1.22    SUCLDP@1
 1046     0.00       58.499        0.000        0.000             37        0.00        0.00    APL_ARPEGE_PARALLEL:ACTQSAT:GET_DATA@1
 1047     0.00       58.499        0.000        0.000             37        0.00        0.00    APL_ARPEGE_SOIL_HYDRO_PARALLEL:ACVEG:GET_DATA@1
 1048     0.00       58.499        0.000        0.000             37        0.00        0.00    CPXFU_PARALLEL:3:GET_DATA@1
 1049     0.00       58.499        0.000        0.000            222        0.00        0.00    LAPINEB_PARALLEL:CVGQ:NULLIFY@1
 1050     0.00       58.500        0.000        0.000            148        0.00        0.00    GPINISLB_PART2_EXPL_PARALLEL:1:GET_DATA@1
 1051     0.00       58.500        0.000        0.003             37        0.00        0.08    APL_ARPEGE_ALBEDO_COMPUTATION_PARALLEL@1
 1052     0.00       58.500        0.000        0.000             22        0.01        0.01    SURFACE_FIELDS_MIX:FINALISE_SFLP2@1
 1053     0.00       58.500        0.000        0.000            222        0.00        0.00    LAVABO_EXPL_LAITVSPCQM_PART1_PARALLEL:0:GET_DATA@1
 1054     0.00       58.500        0.000        0.006              1        0.14        5.75    radiation_interface_GPU:setup_radiation_GPU@1
 1055     0.00       58.500        0.000        0.000             37        0.00        0.00    APL_ARPEGE_RADIATION_PARALLEL:ACDAYD:GET_DATA@1
 1056     0.00       58.500        0.000        0.156              1        0.14      155.83    SU0YOMA@1
 1057     0.00       58.501        0.000        0.007             37        0.00        0.18    APL_ARPEGE_AEROSOLS_FOR_RADIATION_PARALLEL@1
 1058     0.00       58.501        0.000        0.001              1        0.14        0.59    SUNUD@1
 1059     0.00       58.501        0.000        0.000            222        0.00        0.00    LAPINEB_PARALLEL:ZERO_GMV9:NULLIFY@1
 1060     0.00       58.501        0.000        0.015             37        0.00        0.40    APL_ARPEGE_SURFACE_UPDATE_PARALLEL@1
 1061     0.00       58.501        0.000        0.000             38        0.00        0.00    SCAN2M_ALLOCATE_T1@1
 1062     0.00       58.501        0.000       21.720              7        0.02     3102.93    RECMWF_PARALLEL:ECRAD_GPU@1
 1063     0.00       58.501        0.000        0.003             37        0.00        0.07    CPG_END_SFC_PARALLEL@1
 1064     0.00       58.502        0.000        0.001              5        0.03        0.21    GPNORM2@1
 1065     0.00       58.502        0.000        0.023             72        0.00        0.33    MXMAOPDRV@1
 1066     0.00       58.502        0.000        0.000              1        0.13        0.13    SUGEM1A@1
 1067     0.00       58.502        0.000        0.001              1        0.13        1.21    SUPHY1@1
 1068     0.00       58.502        0.000        0.000              1        0.13        0.13    SURCORDI@1
 1069     0.00       58.502        0.000        0.000             41        0.00        0.00    TRMTOL_BAR2@1
 1070     0.00       58.502        0.000        0.000             37        0.00        0.00    APL_ARPEGE_PRECIPITATION_PARALLEL:ACUPTQ:NULLIFY@1
 1071     0.00       58.503        0.000        0.000              1        0.13        0.13    SRTM_CMBGB17_GPU@1
 1072     0.00       58.503        0.000        0.048             37        0.00        1.29    LAVENT_PARALLEL@1
 1073     0.00       58.503        0.000        0.000              1        0.13        0.13    SURFACE_FIELDS_MIX:ALLO_SURF@1
 1074     0.00       58.503        0.000        0.000            222        0.00        0.00    GPINISLB_PART2_EXPL_PARALLEL:0:NULLIFY@1
 1075     0.00       58.503        0.000        0.000              5        0.03        0.03    GPRCP_PGFL@4
 1076     0.00       58.503        0.000        0.000            222        0.00        0.00    LATTEX_EXPL_2TL_PARALLEL:3:NULLIFY@1
 1077     0.00       58.503        0.000        0.000             37        0.00        0.01    APL_ARPEGE_INIT_SURFEX_PARALLEL@1
 1078     0.00       58.503        0.000        0.028             37        0.00        0.75    LATTES_PARALLEL@1
 1079     0.00       58.503        0.000        0.000             37        0.00        0.00    LAVABO_PARALLEL:0:GET_DATA@1
 1080     0.00       58.504        0.000        0.000              2        0.06        0.06    READ_XKER_SWETH@1
 1081     0.00       58.504        0.000        0.000             37        0.00        0.00    LAPINEB_PARALLEL:LACONE:GET_DATA@1
 1082     0.00       58.504        0.000       22.968              7        0.02     3281.20    RECMWF_PARALLEL@1
 1083     0.00       58.504        0.000        0.000             37        0.00        0.00    LAPINEB_PARALLEL:ROTUV:NULLIFY@1
 1084     0.00       58.504        0.000        0.001              1        0.12        0.65    SUPHY3@1
 1085     0.00       58.504        0.000        0.000             37        0.00        0.00    APL_ARPEGE_INIT_PARALLEL:3:NULLIFY@1
 1086     0.00       58.504        0.000        0.000             37        0.00        0.00    CPGLAG_PARALLEL:0:GET_DATA@1
 1087     0.00       58.504        0.000        0.000             37        0.00        0.00    CPG_GP_PARALLEL:MAP_FACTOR:GET_DATA@1
 1088     0.00       58.505        0.000        0.000             37        0.00        0.00    LATTEX_PARALLEL:MAIN:NULLIFY@1
 1089     0.00       58.505        0.000        0.007             37        0.00        0.18    APL_WIND_GUST_PARALLEL@1
 1090     0.00       58.505        0.000        0.007             37        0.00        0.20    MF_PHYS_MOCON_PARALLEL@1
 1091     0.00       58.505        0.000        0.000             37        0.00        0.00    CPG_GP_PARALLEL:GPINISLB_PART3_EXPL:GET_DATA@1
 1092     0.00       58.505        0.000        0.000            222        0.00        0.00    LAVABO_EXPL_LAITVSPCQM_PART1_PARALLEL:0:NULLIFY@1
 1093     0.00       58.505        0.000        0.053             37        0.00        1.43    MF_PHYS_PREP_PARALLEL@1
 1094     0.00       58.505        0.000        0.000            101        0.00        0.00    FANFAN_MT@1
 1095     0.00       58.505        0.000        0.457             36        0.00       12.68    TRANSDIRH@1
 1096     0.00       58.505        0.000        0.006             37        0.00        0.15    MF_PHYS_FPL_PART2_PARALLEL@1
 1097     0.00       58.506        0.000        0.024              2        0.06       12.16    FACGRM_MT@1
 1098     0.00       58.506        0.000        0.006             37        0.00        0.16    APL_ARPEGE_SOIL_HYDRO_PARALLEL@1
 1099     0.00       58.506        0.000        0.000            144        0.00        0.00    EXCHANGE_MS:ADD3DF@1
 1100     0.00       58.506        0.000        0.000              1        0.12        0.12    ELMHES@1
 1101     0.00       58.506        0.000        0.000             37        0.00        0.00    CPG_DIA_FLU_PARALLEL:0:GET_DATA@1
 1102     0.00       58.506        0.000        0.002             37        0.00        0.06    MF_PHYS_TRANSFER_PARALLEL@1
 1103     0.00       58.506        0.000        0.000             37        0.00        0.00    ACVPPKF_PARALLEL:PART0:NULLIFY@1
 1104     0.00       58.506        0.000        0.000              1        0.11        0.11    RRTM_KGB15@1
 1105     0.00       58.507        0.000        0.000            285        0.00        0.00    TYPE_FADS:YSUFAD@1
 1106     0.00       58.507        0.000        0.000             37        0.00        0.00    APL_WIND_GUST_PARALLEL:ACCLDIA:GET_DATA@1
 1107     0.00       58.507        0.000        0.021              1        0.11       21.17    SUGRIDF@1
 1108     0.00       58.507        0.000        0.000             37        0.00        0.00    APL_ARPEGE_DPRECIPS_PARALLEL:0:GET_DATA@1
 1109     0.00       58.507        0.000        0.000            242        0.00        0.00    IOMULTIBUF_MOD:IOMULTIBUF_INCR_IDX@1
 1110     0.00       58.507        0.000        0.000             37        0.00        0.00    LAPINEA_PARALLEL:LARCINA:NULLIFY@1
 1111     0.00       58.507        0.000        0.000             37        0.00        0.00    APL_ARPEGE_SURFACE_PARALLEL:ACDIFV1:NULLIFY@1
 1112     0.00       58.507        0.000        0.000              1        0.11        0.11    RRTM_KGB16@1
 1113     0.00       58.507        0.000        0.000             37        0.00        0.00    APL_ARPEGE_SURFACE_PARALLEL:LMSE_F:NULLIFY@1
 1114     0.00       58.508        0.000        0.000              1        0.11        0.11    SRTM_CMBGB21_GPU@1
 1115     0.00       58.508        0.000        0.000              1        0.11        0.11    SRTM_KGB19@1
 1116     0.00       58.508        0.000        0.000             37        0.00        0.00    APL_ARPEGE_DEEP_CONVECTION_PARALLEL:ZERO:GET_DATA@1
 1117     0.00       58.508        0.000        0.000              1        0.11        0.11    SRTM_KGB18@1
 1118     0.00       58.508        0.000        0.000              1        0.11        0.11    FAICOR_MT@1
 1119     0.00       58.508        0.000        0.000              1        0.11        0.11    SRTM_KGB22@1
 1120     0.00       58.508        0.000        0.000              1        0.11        0.11    SRTM_KGB24@1
 1121     0.00       58.508        0.000        0.105             36        0.00        2.93    SPCSI_TOT@1
 1122     0.00       58.508        0.000        0.000              7        0.01        0.02    RECMWF_PARALLEL:FINISH:GET_DATA@1
 1123     0.00       58.508        0.000        0.000              1        0.10        0.10    MF_PHYS_SAVE_PHSURF_PART2_PARALLEL:PART2:COMPUTE@1
 1124     0.00       58.509        0.000        0.000            185        0.00        0.00    ACCTND0_PARALLEL:PACC:NULLIFY@1
 1125     0.00       58.509        0.000        0.000            148        0.00        0.00    GPINISLB_PART2_EXPL_PARALLEL:1:NULLIFY@1
 1126     0.00       58.509        0.000        0.000            267        0.00        0.00    "lfinfo_alts"@1:lfi_alts.c
 1127     0.00       58.509        0.000        0.000              1        0.10        0.10    radiation_config:read_config_from_namelist_GPU@1
 1128     0.00       58.509        0.000        0.000              3        0.03        0.03    GRIB_API:IGRIB_RELEASE@1
 1129     0.00       58.509        0.000        0.000             37        0.00        0.00    LARCINB_PARALLEL:LCOMAD_SP:NULLIFY@1
 1130     0.00       58.509        0.000        0.000             37        0.00        0.01    TXFU_TYPE_RESET@1
 1131     0.00       58.509        0.000        0.000              5        0.02        0.02    GPRCP_PGFL@8
 1132     0.00       58.509        0.000        0.000              8        0.01        0.01    UPDECOZC@1
 1133     0.00       58.509        0.000        0.000             37        0.00        0.00    CPUTQY_APLPAR_EXPL_PARALLEL:ZDEC:GET_DATA@1
 1134     0.00       58.510        0.000        0.052             37        0.00        1.39    CPG_PARALLEL:ZEROSL1:COMPUTE@1
 1135     0.00       58.510        0.000        0.000             37        0.00        0.00    ACVPPKF_PARALLEL:PART3:NULLIFY@1
 1136     0.00       58.510        0.000        0.000            148        0.00        0.00    GPRCP_EXPL_PARALLEL:0:NULLIFY@1
 1137     0.00       58.510        0.000        0.000             37        0.00        0.00    MF_PHYS_MOCON_PARALLEL:PPWETPOINT:GET_DATA@1
 1138     0.00       58.510        0.000        0.000             37        0.00        0.00    CPG_PARALLEL:ISETTLOFF:GET_DATA@1
 1139     0.00       58.510        0.000        0.001              1        0.10        0.61    SUSC2B@1
 1140     0.00       58.510        0.000        0.000            223        0.00        0.00    FANUCA_MT@1
 1141     0.00       58.510        0.000        0.000            185        0.00        0.00    GPRCP_EXPL_PARALLEL:2:NULLIFY@1
 1142     0.00       58.510        0.000        0.000              1        0.10        0.10    SRTM_CMBGB28_GPU@1
 1143     0.00       58.510        0.000        0.000             37        0.00        0.00    LARCINB_PARALLEL:LRHS_CURV_F:NULLIFY@1
 1144     0.00       58.510        0.000        0.000              1        0.10        0.10    GSTATS_LABEL_IFS@1
 1145     0.00       58.511        0.000        0.000              1        0.09        0.10    SCAN2M_OOPS:COPY@1
 1146     0.00       58.511        0.000        0.000            246        0.00        0.00    "lfierf_alts"@1:lfi_alts.c
 1147     0.00       58.511        0.000        0.000             37        0.00        0.00    CPUTQY_APLPAR_EXPL_PARALLEL:ZTDCP:GET_DATA@1
 1148     0.00       58.511        0.000        0.000             37        0.00        0.00    CPG_GP_HYD_PARALLEL:2:NULLIFY@1
 1149     0.00       58.511        0.000        0.000             37        0.00        0.00    LASSIE_PARALLEL:SITNU:GET_DATA@1
 1150     0.00       58.511        0.000        0.000             37        0.00        0.00    LARCINB_PARALLEL:LAITRE_GMV:NULLIFY@1
 1151     0.00       58.511        0.000        4.400              1        0.09     4400.35    SCAN2M_OOPS@1
 1152     0.00       58.511        0.000        0.000             37        0.00        0.00    ACVPPKF_PARALLEL:PART1:NULLIFY@1
 1153     0.00       58.511        0.000        0.000             37        0.00        0.00    APL_ARPEGE_INIT_PARALLEL:4:NULLIFY@1
 1154     0.00       58.511        0.000        0.000             37        0.00        0.00    CPG_GP_PARALLEL:GP_SPV:GET_DATA@1
 1155     0.00       58.511        0.000        0.000             37        0.00        0.00    APL_ARPEGE_SURFACE_PARALLEL:ACDIFV2:NULLIFY@1
 1156     0.00       58.512        0.000        0.000              2        0.04        0.04    READ_XKER_GWETH@1
 1157     0.00       58.512        0.000        0.003              1        0.09        2.55    SUOROG@1
 1158     0.00       58.512        0.000        0.000              7        0.01        0.01    RECMWF_PARALLEL:ECRAD_GPU:GET_DATA@1
 1159     0.00       58.512        0.000        0.000             37        0.00        0.00    ACVPPKF_PARALLEL:PART2:NULLIFY@1
 1160     0.00       58.512        0.000        0.000             37        0.00        0.00    CPG_DIA_FLU_PARALLEL:2:GET_DATA@1
 1161     0.00       58.512        0.000        0.000             37        0.00        0.00    APL_ARPEGE_INIT_PARALLEL:5:NULLIFY@1
 1162     0.00       58.512        0.000        0.000             37        0.00        0.00    APL_ARPEGE_PARALLEL:QNGCOR:NULLIFY@1
 1163     0.00       58.512        0.000        0.001              2        0.04        0.34    IOGRIDA_MOD:IOGRIDA_SELECT_WH@1
 1164     0.00       58.512        0.000        0.000            202        0.00        0.00    SUCLDP:BETACF@1
 1165     0.00       58.512        0.000        0.001              1        0.08        0.59    SUTRANS0@1
 1166     0.00       58.512        0.000        0.000            148        0.00        0.00    GPRCP_EXPL_PARALLEL:4:NULLIFY@1
 1167     0.00       58.512        0.000        0.000             22        0.00        0.00    SURFACE_FIELDS_MIX:INI_SFLP2@1
 1168     0.00       58.513        0.000        0.000              1        0.08        0.08    RRTM_KGB12@1
 1169     0.00       58.513        0.000        0.000             36        0.00        0.00    CPCFU_PARALLEL:5:GET_DATA@1
 1170     0.00       58.513        0.000        0.000             37        0.00        0.00    LAVABO_PARALLEL:2:GET_DATA@1
 1171     0.00       58.513        0.000        0.000             37        0.00        0.00    CPG_END_MAP_PARALLEL@1
 1172     0.00       58.513        0.000        0.000             37        0.00        0.00    LARCINB_PARALLEL:NTLAG_3:NULLIFY@1
 1173     0.00       58.513        0.000        0.000             37        0.00        0.00    LARCINB_PARALLEL:NVLAG_3:NULLIFY@1
 1174     0.00       58.513        0.000        0.000             37        0.00        0.00    APL_ARPEGE_PARALLEL:PPWETPOINT:GET_DATA@1
 1175     0.00       58.513        0.000        0.000            144        0.00        0.00    MYRECVSET@1
 1176     0.00       58.513        0.000        0.000             37        0.00        0.00    APL_ARPEGE_RADIATION_PARALLEL:RADHEAT:NULLIFY@1
 1177     0.00       58.513        0.000        0.000              1        0.07        0.07    RRTM_CMBGB7_GPU@1
 1178     0.00       58.513        0.000        0.000             37        0.00        0.00    CPG_PARALLEL:LSMTSOL:GET_DATA@1
 1179     0.00       58.513        0.000        0.000              1        0.07        0.07    RRTM_KGB2@1
 1180     0.00       58.514        0.000        0.000            144        0.00        0.00    MYSENDSET@1
 1181     0.00       58.514        0.000        0.000              1        0.07        0.07    RRTM_CMBGB9_GPU@1
 1182     0.00       58.514        0.000        0.017             37        0.00        0.47    CPG_PARALLEL:ZEROPB2:COMPUTE@1
 1183     0.00       58.514        0.000        0.120             37        0.00        3.25    CPG_PARALLEL:SHUFFLESL1:COMPUTE@1
 1184     0.00       58.514        0.000        0.000             37        0.00        0.00    CPG_GP_HYD_PARALLEL:3:GET_DATA@1
 1185     0.00       58.514        0.000        0.000             57        0.00        0.00    TRGTOL_BAR@1
 1186     0.00       58.514        0.000        0.000             37        0.00        0.00    LARMES_PARALLEL:LARMES:NULLIFY@1
 1187     0.00       58.514        0.000        0.000              1        0.07        0.07    SUCTRL_GFLATTR@1
 1188     0.00       58.514        0.000        0.000             39        0.00        0.00    SUECOZO@1
 1189     0.00       58.514        0.000        0.181              1        0.07      180.57    SUPHEC@1
 1190     0.00       58.514        0.000        0.000              1        0.07        0.07    RRTM_KGB8@1
 1191     0.00       58.514        0.000        0.000             37        0.00        0.00    APL_ARPEGE_PARALLEL:ZRDG_LCVQ:GET_DATA@1
 1192     0.00       58.514        0.000        0.000             37        0.00        0.00    APL_ARPEGE_INIT_PARALLEL:6:GET_DATA@1
 1193     0.00       58.514        0.000        0.000             37        0.00        0.00    LAPINEB_PARALLEL:L_RDRY_VD:GET_DATA@1
 1194     0.00       58.514        0.000        0.000              2        0.03        0.03    TXFU_TYPE_INIT@1
 1195     0.00       58.515        0.000        0.000             37        0.00        0.00    CPXFU_PARALLEL:4:GET_DATA@1
 1196     0.00       58.515        0.000        0.000             37        0.00        0.00    CPG_GP_PARALLEL:GPTF2_EXPL_2TL:GET_DATA@1
 1197     0.00       58.515        0.000        0.000             37        0.00        0.00    APL_ARPEGE_CLOUDINESS_PARALLEL:ACNEBCOND:NULLIFY@1
 1198     0.00       58.515        0.000        0.001              1        0.07        0.55    SATS_MIX:SUSATS@1
 1199     0.00       58.515        0.000        0.000              1        0.07        0.07    RRTM_CMBGB13_GPU@1
 1200     0.00       58.515        0.000        0.000             37        0.00        0.00    APL_ARPEGE_SURFACE_UPDATE_PARALLEL:LMSE_F:NULLIFY@1
 1201     0.00       58.515        0.000        0.000             37        0.00        0.00    APL_ARPEGE_PARALLEL:ZDE2MR:GET_DATA@1
 1202     0.00       58.515        0.000        0.344             37        0.00        9.29    APL_ARPEGE_INIT_PARALLEL:PART6@1
 1203     0.00       58.515        0.000        0.000              1        0.06        0.06    YOEAERC:PART3@1
 1204     0.00       58.515        0.000        0.000             37        0.00        0.00    APL_ARPEGE_RADIATION_PARALLEL:DIRECT:GET_DATA@1
 1205     0.00       58.515        0.000        0.000              2        0.03        0.03    READ_XKER_RDRYG@1
 1206     0.00       58.515        0.000        0.000             10        0.01        0.01    GFL_SUBS_MOD:DEFINE_GFL_COMP@1
 1207     0.00       58.515        0.000        0.000             37        0.00        0.00    LAPINEB_PARALLEL:TEMP_EQ:GET_DATA@1
 1208     0.00       58.515        0.000        0.000             37        0.00        0.00    APL_ARPEGE_PARALLEL:ZBAY_QRCONV:GET_DATA@1
 1209     0.00       58.515        0.000        0.000              7        0.01        0.01    RECMWF_PARALLEL:PREPARE:GET_DATA@1
 1210     0.00       58.516        0.000        0.000              2        0.03        0.03    READ_XKER_RWETH@1
 1211     0.00       58.516        0.000        0.000             37        0.00        0.00    CPG_PARALLEL:ZEROSL1:GET_DATA@1
 1212     0.00       58.516        0.000        0.000             37        0.00        0.00    CPG_DRV_SETTLOFF@1
 1213     0.00       58.516        0.000        0.000              5        0.01        0.01    FIELD_CONTAINER_GP_MOD:FIELD_DESTROY@1
 1214     0.00       58.516        0.000        0.000              1        0.06        0.43    SUGEM_NAML@1
 1215     0.00       58.516        0.000        0.011              6        0.01        1.77    MINV_8@1
 1216     0.00       58.516        0.000        0.000             37        0.00        0.00    CPG_PARALLEL:ZEROPB2:NULLIFY@1
 1217     0.00       58.516        0.000        0.000              1        0.06        0.06    SRTM_KGB29@1
 1218     0.00       58.516        0.000        0.000             37        0.00        0.00    APL_ARPEGE_HYDRO_BUDGET_PARALLEL:ACDROV:NULLIFY@1
 1219     0.00       58.516        0.000        0.006              7        0.01        0.90    APL_ARPEGE_AEROSOLS_FOR_RADIATION_PARALLEL:RADAER@1
 1220     0.00       58.516        0.000        0.000              1        0.06        0.06    SUECAEBC:PART1@1
 1221     0.00       58.516        0.000        0.000             37        0.00        0.00    CPG_DIA_FLU_PARALLEL:4:GET_DATA@1
 1222     0.00       58.516        0.000        0.000              1        0.06        0.06    SUMPINI_PRT@1
 1223     0.00       58.516        0.000        0.000             37        0.00        0.00    APL_ARPEGE_PARALLEL:PRECIPS:GET_DATA@1
 1224     0.00       58.516        0.000        0.000             37        0.00        0.00    APL_ARPEGE_PARALLEL:BAYRAD:GET_DATA@1
 1225     0.00       58.516        0.000        0.000             37        0.00        0.00    APL_ARPEGE_INIT_PARALLEL:2:GET_DATA@1
 1226     0.00       58.516        0.000        0.000             37        0.00        0.00    MF_PHYS_FPL_PART2_PARALLEL:PART2:GET_DATA@1
 1227     0.00       58.517        0.000        0.000             37        0.00        0.00    CPUTQY_APLPAR_EXPL_PARALLEL:PFDIS:GET_DATA@1
 1228     0.00       58.517        0.000        0.000             72        0.00        0.00    EXCHANGE_MS:ADD3DFL@1
 1229     0.00       58.517        0.000        0.000              1        0.06        0.06    YOMCVER:PRT_CVER_GEOM@1
 1230     0.00       58.517        0.000        0.000             37        0.00        0.00    CPG_GP_HYD_PARALLEL:1:NULLIFY@1
 1231     0.00       58.517        0.000        0.000              8        0.01        0.01    GRIB_API:IGRIB_SET_REAL8@1
 1232     0.00       58.517        0.000        0.000             37        0.00        0.00    CPXFU_PARALLEL:2:NULLIFY@1
 1233     0.00       58.517        0.000        0.000              1        0.06        0.06    RRTM_CMBGB12_GPU@1
 1234     0.00       58.517        0.000        0.000              1        0.06        0.06    YOEAERC:PART1@1
 1235     0.00       58.517        0.000        0.015              1        0.06       14.66    SUGRIDA@1
 1236     0.00       58.517        0.000        0.000             36        0.00        0.00    APL_ARPEGE_RADIATION_PARALLEL:SUNSHINE:GET_DATA@1
 1237     0.00       58.517        0.000        0.000              1        0.06        0.06    SUALLO@1
 1238     0.00       58.517        0.000        0.000              1        0.06        0.06    SULSFORC@1
 1239     0.00       58.517        0.000        0.000             37        0.00        0.00    GPTF1_YDVARS_PARALLEL:LTWOTL:GET_DATA@1
 1240     0.00       58.517        0.000        0.000             39        0.00        0.00    SUMETRIC@1
 1241     0.00       58.517        0.000        0.000             36        0.00        0.00    CPCFU_PARALLEL:5:NULLIFY@1
 1242     0.00       58.517        0.000        0.000             37        0.00        0.00    LACDYN_PARALLEL:LASURE:GET_DATA@1
 1243     0.00       58.517        0.000        0.000             41        0.00        0.00    TRLTOG_BAR@1
 1244     0.00       58.517        0.000        0.000              1        0.06        0.06    SUECAESS:PART16@1
 1245     0.00       58.518        0.000        0.000             37        0.00        0.00    APL_ARPEGE_PARALLEL:EDR:GET_DATA@1
 1246     0.00       58.518        0.000        2.257             37        0.00       61.00    APL_ARPEGE_INIT_PARALLEL:PART4@1
 1247     0.00       58.518        0.000        0.000             72        0.00        0.00    EXCHANGE_MS:ADD2DF@1
 1248     0.00       58.518        0.000        0.000             37        0.00        0.00    LAVENT_PARALLEL:0:NULLIFY@1
 1249     0.00       58.518        0.000        0.000             37        0.00        0.00    CPG_GP_PARALLEL:GPINISLB_PART1_EXPL:NULLIFY@1
 1250     0.00       58.518        0.000        0.000             37        0.00        0.00    APL_ARPEGE_INIT_PARALLEL:0:GET_DATA@1
 1251     0.00       58.518        0.000        0.000             37        0.00        0.00    APL_ARPEGE_DEEP_CONVECTION_PARALLEL:INIT:NULLIFY@1
 1252     0.00       58.518        0.000        0.000             37        0.00        0.00    MF_PHYS_FPL_PART1_PARALLEL:PART1:GET_DATA@1
 1253     0.00       58.518        0.000        0.000             37        0.00        0.00    CPGLAG_PARALLEL:1:GET_DATA@1
 1254     0.00       58.518        0.000        0.000              1        0.05        0.05    YOEAERC:PART2@1
 1255     0.00       58.518        0.000        0.000             37        0.00        0.00    APL_ARPEGE_PARALLEL:PLSM:GET_DATA@1
 1256     0.00       58.518        0.000        0.000             37        0.00        0.00    APL_ARPEGE_RADIATION_PARALLEL:ACDAYD:NULLIFY@1
 1257     0.00       58.518        0.000        0.000             37        0.00        0.00    CPG_DIA_FLU_PARALLEL:3:GET_DATA@1
 1258     0.00       58.518        0.000        0.000             30        0.00        0.00    APL_ARPEGE_RADIATION_PARALLEL:CALLRAD_F:GET_DATA@1
 1259     0.00       58.518        0.000        0.000             37        0.00        0.00    CPG_GP_HYD_PARALLEL:0:NULLIFY@1
 1260     0.00       58.518        0.000        0.001              1        0.05        0.98    SUFP_CTL@1
 1261     0.00       58.518        0.000        0.313              1        0.05      313.20    SUSPEC@1
 1262     0.00       58.518        0.000        0.000             37        0.00        0.00    MF_PHYS_TRANSFER_PARALLEL:ALL:NULLIFY@1
 1263     0.00       58.518        0.000        0.000              1        0.05        0.05    SRTM_KGB20@1
 1264     0.00       58.519        0.000        0.000              1        0.05        0.05    RRTM_KGB14@1
 1265     0.00       58.519        0.000        0.000              1        0.05        0.05    SUALDYN@1
 1266     0.00       58.519        0.000        0.000             37        0.00        0.00    CPG_PARALLEL:ZEROPB2:GET_DATA@1
 1267     0.00       58.519        0.000        0.000              1        0.05        0.05    RRTM_KGB10@1
 1268     0.00       58.519        0.000        0.000              1        0.05        0.05    SUECAEOR:PART1@1
 1269     0.00       58.519        0.000        0.000             37        0.00        0.00    APL_ARPEGE_PARALLEL:ACHMT:NULLIFY@1
 1270     0.00       58.519        0.000        0.000             37        0.00        0.00    APL_ARPEGE_PARALLEL:CPPHINP:NULLIFY@1
 1271     0.00       58.519        0.000        0.000              1        0.05        0.05    SUSRTAB@1
 1272     0.00       58.519        0.000        0.000              3        0.02        0.02    "lfiouv_alts_ext:read1"@1:lfi_alts.c
 1273     0.00       58.519        0.000        0.000              1        0.05        0.05    YOEAERC:PART6@1
 1274     0.00       58.519        0.000        0.000              1        0.05        0.05    SUALMP1@1
 1275     0.00       58.519        0.000        0.000             37        0.00        0.00    LASSIE_PARALLEL:GPRCP:GET_DATA@1
 1276     0.00       58.519        0.000        0.000              1        0.05        0.05    YOEAERC:PART4@1
 1277     0.00       58.519        0.000        0.000             37        0.00        0.00    CPG_GP_PARALLEL:GPINISLB_PART3_EXPL:NULLIFY@1
 1278     0.00       58.519        0.000        0.001              1        0.05        0.52    SUNORGWD@1
 1279     0.00       58.519        0.000        0.000              1        0.05        0.05    YOEAERC:PART5@1
 1280     0.00       58.519        0.000        0.000              1        0.05        0.05    SRTM_CMBGB19_GPU@1
 1281     0.00       58.519        0.000        0.000              1        0.05        0.05    RRTM_KGB11@1
 1282     0.00       58.519        0.000        0.000             37        0.00        0.00    APL_ARPEGE_INIT_PARALLEL:2:NULLIFY@1
 1283     0.00       58.519        0.000        0.000              1        0.05        0.05    YOMGSGEOM:DEALLO_TGSGEOM@1
 1284     0.00       58.520        0.000        0.000             72        0.00        0.00    EXCHANGE_MS:ADD2DFL@1
 1285     0.00       58.520        0.000        0.000              1        0.05        0.05    SUHDVP@1
 1286     0.00       58.520        0.000        0.000             37        0.00        0.00    TRLTOM_BAR2@1
 1287     0.00       58.520        0.000        0.010             37        0.00        0.26    APL_ARPEGE_INIT_PARALLEL:PART1@1
 1288     0.00       58.520        0.000        0.000             90        0.00        0.00    SUXFU:NEXTYPE1@1
 1289     0.00       58.520        0.000        0.000              1        0.05        0.05    IOSPECA_MOD:IOSPECA_FLDSORT@1
 1290     0.00       58.520        0.000        0.000              1        0.05        0.05    SRTM_CMBGB24_GPU@1
 1291     0.00       58.520        0.000        0.000              1        0.05        0.05    SRTM_CMBGB18_GPU@1
 1292     0.00       58.520        0.000        0.657             37        0.00       17.75    APL_ARPEGE_INIT_PARALLEL:PART5@1
 1293     0.00       58.520        0.000        0.000             37        0.00        0.00    APL_ARPEGE_DEEP_CONVECTION_PARALLEL:ACUPTQ:NULLIFY@1
 1294     0.00       58.520        0.000        0.000             37        0.00        0.00    CPG_PARALLEL:ZEROSL1:NULLIFY@1
 1295     0.00       58.520        0.000        0.007              1        0.05        7.24    YOEAERC:SETUP_TEGEN@1
 1296     0.00       58.520        0.000        0.000             37        0.00        0.00    APL_ARPEGE_PARALLEL:APLPAR_INIT:NULLIFY@1
 1297     0.00       58.520        0.000        0.000             37        0.00        0.00    CTVTOT_EXPL_PARALLEL:0:GET_DATA@1
 1298     0.00       58.520        0.000        0.000              1        0.05        0.05    SRTM_KGB27@1
 1299     0.00       58.520        0.000        0.000             37        0.00        0.00    APL_ARPEGE_OCEANIC_FLUXES_PARALLEL:ACFLUSO:NULLIFY@1
 1300     0.00       58.520        0.000        0.000              1        0.05        0.05    SRTM_CMBGB16_GPU@1
 1301     0.00       58.520        0.000        0.000             37        0.00        0.00    LAVABO_PARALLEL:1:GET_DATA@1
 1302     0.00       58.520        0.000        0.000             37        0.00        0.00    CPG_GP_PARALLEL:SET1TO0:GET_DATA@1
 1303     0.00       58.520        0.000        0.000             37        0.00        0.00    LAPINEB_PARALLEL:L_RDRY_VD:NULLIFY@1
 1304     0.00       58.520        0.000        0.000             37        0.00        0.00    CPXFU_PARALLEL:0:NULLIFY@1
 1305     0.00       58.521        0.000        0.000             37        0.00        0.00    LACDYN_PARALLEL:ZMIXNL:GET_DATA@1
 1306     0.00       58.521        0.000        0.000             36        0.00        0.00    CPCFU_PARALLEL:0:NULLIFY@1
 1307     0.00       58.521        0.000        0.000              1        0.04        0.04    SUGEM1B@1
 1308     0.00       58.521        0.000        0.000             37        0.00        0.00    APL_ARPEGE_PARALLEL:ACDRME:NULLIFY@1
 1309     0.00       58.521        0.000        0.000              7        0.01        0.01    RECMWF_PARALLEL:PREPARE:NULLIFY@1
 1310     0.00       58.521        0.000        0.000              1        0.04        0.04    RERESF_PART1@1
 1311     0.00       58.521        0.000        0.000             37        0.00        0.00    APL_ARPEGE_DEEP_CONVECTION_PARALLEL:COPY:NULLIFY@1
 1312     0.00       58.521        0.000        0.126             37        0.00        3.42    APL_ARPEGE_INIT_PARALLEL:PART2@1
 1313     0.00       58.521        0.000        0.000             37        0.00        0.00    CPG_PARALLEL:SHUFFLESL1:GET_DATA@1
 1314     0.00       58.521        0.000        0.000              1        0.04        0.04    RRTM_CMBGB16_GPU@1
 1315     0.00       58.521        0.000        0.001              1        0.04        0.59    SURLX@1
 1316     0.00       58.521        0.000        0.000              2        0.02        0.20    MINV_CALLER@1
 1317     0.00       58.521        0.000        0.002              1        0.04        1.55    SUVAREPS@1
 1318     0.00       58.521        0.000        0.000              1        0.04        0.46    SUMP0@1
 1319     0.00       58.521        0.000        0.000             37        0.00        0.00    APL_ARPEGE_PARALLEL:ACDRAG:NULLIFY@1
 1320     0.00       58.521        0.000        0.000             37        0.00        0.00    LASSIE_PARALLEL:SITNU:NULLIFY@1
 1321     0.00       58.521        0.000        0.005              3        0.01        1.73    FIELD_CONTAINER_BASE_MOD:FIELD_CREATE_BASE@1
 1322     0.00       58.521        0.000        0.000             37        0.00        0.00    APL_ARPEGE_PARALLEL:ACEVADCAPE:NULLIFY@1
 1323     0.00       58.521        0.000        0.000             37        0.00        0.00    GPRCP_EXPL_PARALLEL:5:GET_DATA@1
 1324     0.00       58.521        0.000        0.000             37        0.00        0.00    APL_ARPEGE_DEEP_CONVECTION_PARALLEL:ZERO:NULLIFY@1
 1325     0.00       58.521        0.000        0.000             37        0.00        0.00    LAPINEB_PARALLEL:ZVWEI:GET_DATA@1
 1326     0.00       58.521        0.000        0.000              1        0.04        0.04    RRTM_CMBGB15_GPU@1
 1327     0.00       58.521        0.000        0.000              1        0.04        0.04    SURRTAB@1
 1328     0.00       58.522        0.000        0.001              1        0.04        0.52    SUPARAR@1
 1329     0.00       58.522        0.000        0.000             32        0.00        0.00    DEALLOCATE_IF_ASSOCIATED_MOD:DEALLOCATE_IF_ASSOCIATED_REAL_2D@1
 1330     0.00       58.522        0.000        0.000             36        0.00        0.00    CPCFU_PARALLEL:1:NULLIFY@1
 1331     0.00       58.522        0.000        0.000              1        0.04        0.04    SUALDYN_DDH@1
 1332     0.00       58.522        0.000        0.000             37        0.00        0.00    APL_ARPEGE_PARALLEL:ZRDG_LCVQ:NULLIFY@1
 1333     0.00       58.522        0.000        0.000             41        0.00        0.00    TRMTOL_BAR@1
 1334     0.00       58.522        0.000        0.000             37        0.00        0.00    APL_ARPEGE_PARALLEL:DIFTQ:NULLIFY@1
 1335     0.00       58.522        0.000        0.000              1        0.04        0.28    SITNU_SP_OPENMP@1
 1336     0.00       58.522        0.000        0.000              1        0.04        0.04    SUECAEBC:PART12@1
 1337     0.00       58.522        0.000        0.000             37        0.00        0.00    CPG_PARALLEL:SHUFFLESL1:NULLIFY@1
 1338     0.00       58.522        0.000        0.000              1        0.04        0.04    SUECAEBC:PART2@1
 1339     0.00       58.522        0.000        0.000             37        0.00        0.00    CPG_PARALLEL:LSMTSOL:NULLIFY@1
 1340     0.00       58.522        0.000        0.000             37        0.00        0.00    APL_ARPEGE_PARALLEL:ACTQSAT:NULLIFY@1
 1341     0.00       58.522        0.000        0.000              1        0.04        0.05    SUECV@1
 1342     0.00       58.522        0.000        0.000             36        0.00        0.00    CPG_END_SFC_PARALLEL:SET0TO1:GET_DATA@1
 1343     0.00       58.522        0.000        0.002              5        0.01        0.46    GPNORM3@1
 1344     0.00       58.522        0.000        0.000              2        0.02        0.02    TCFU_TYPE_FINAL@1
 1345     0.00       58.522        0.000        0.000             37        0.00        0.00    CPXFU_PARALLEL:1:NULLIFY@1
 1346     0.00       58.522        0.000        0.000             37        0.00        0.00    APL_ARPEGE_PARALLEL:ZDPHIV:GET_DATA@1
 1347     0.00       58.522        0.000        0.000             37        0.00        0.00    LATTES_PARALLEL:0:NULLIFY@1
 1348     0.00       58.522        0.000        0.000              1        0.04        0.48    SUMCC@1
 1349     0.00       58.522        0.000        0.000             37        0.00        0.00    APL_ARPEGE_RADIATION_PARALLEL:LMSE_F:NULLIFY@1
 1350     0.00       58.522        0.000        0.000              1        0.04        0.04    SUECAESD:PART1@1
 1351     0.00       58.522        0.000        0.017              1        0.04       17.29    SUPHMF@1
 1352     0.00       58.522        0.000        0.000             37        0.00        0.00    CPG_GP_PARALLEL:SETZERO:GET_DATA@1
 1353     0.00       58.523        0.000        0.000             37        0.00        0.00    APL_ARPEGE_PARALLEL:BAYRAD:NULLIFY@1
 1354     0.00       58.523        0.000        0.000             36        0.00        0.00    CPCFU_PARALLEL:2:NULLIFY@1
 1355     0.00       58.523        0.000        0.000             11        0.00        0.00    FACADI_MT@1
 1356     0.00       58.523        0.000        0.000             36        0.00        0.00    CPCFU_PARALLEL:3:NULLIFY@1
 1357     0.00       58.523        0.000        0.000              7        0.01        0.01    RECMWF_PARALLEL:FINISH:NULLIFY@1
 1358     0.00       58.523        0.000        0.000              1        0.04        0.04    YOEAERC:PART7@1
 1359     0.00       58.523        0.000        0.000             37        0.00        0.00    APL_ARPEGE_DPRECIPS_PARALLEL:0:NULLIFY@1
 1360     0.00       58.523        0.000        0.011             37        0.00        0.30    APL_ARPEGE_INIT_PARALLEL:PART7@1
 1361     0.00       58.523        0.000        0.000              2        0.02        0.02    TCFU_TYPE_INIT@1
 1362     0.00       58.523        0.000        0.000             37        0.00        0.00    SPMCUF@1
 1363     0.00       58.523        0.000        0.000              1        0.04        0.28    SUCUMF@1
 1364     0.00       58.523        0.000        0.000              1        0.04        0.04    FA_COM:NEW_FA@1
 1365     0.00       58.523        0.000        0.000              9        0.00        0.02    FARINE_MT@1
 1366     0.00       58.523        0.000        0.000              1        0.04        0.04    SUTIM@1
 1367     0.00       58.523        0.000        0.000             37        0.00        0.00    APL_ARPEGE_PARALLEL:ACSOL:NULLIFY@1
 1368     0.00       58.523        0.000        0.000              1        0.04        0.05    RIEN@1
 1369     0.00       58.523        0.000        0.000              1        0.04        0.04    SUECAEBC:PART6@1
 1370     0.00       58.523        0.000        0.000              2        0.02        0.05    SUCFU:SETUP_DESCRIPTORS@1
 1371     0.00       58.523        0.000        0.000              1        0.04        0.10    SUCHET@1
 1372     0.00       58.523        0.000        0.000              1        0.04        0.15    MF_PHYS_SAVE_PHSURF_PART2_PARALLEL:PART2@1
 1373     0.00       58.523        0.000        0.000             37        0.00        0.00    LAPINEB_PARALLEL:LACONE:NULLIFY@1
 1374     0.00       58.523        0.000        0.000             37        0.00        0.00    APL_ARPEGE_PARALLEL:ACVISIH:NULLIFY@1
 1375     0.00       58.523        0.000        0.000             37        0.00        0.00    CPUTQY_APLPAR_EXPL_PARALLEL:ZDEC:NULLIFY@1
 1376     0.00       58.523        0.000        0.000              2        0.02        0.06    SUXFU:SETUP_DESCRIPTORS@1
 1377     0.00       58.523        0.000        0.000             37        0.00        0.00    LAPINEB_PARALLEL:ZVWEI:NULLIFY@1
 1378     0.00       58.523        0.000        0.000             12        0.00        0.00    SURFACE_FIELDS_MIX:INI_SFLP3@1
 1379     0.00       58.523        0.000        0.001              1        0.04        1.38    SULUN@1
 1380     0.00       58.524        0.000        0.000              2        0.02        0.02    CHIEN@1
 1381     0.00       58.524        0.000        0.000             37        0.00        0.00    APL_ARPEGE_PARALLEL:ACCLPH:NULLIFY@1
 1382     0.00       58.524        0.000        0.000             37        0.00        0.00    APL_ARPEGE_PARALLEL:EDR:NULLIFY@1
 1383     0.00       58.524        0.000        0.090              3        0.01       30.13    FAIGRA_MT@1
 1384     0.00       58.524        0.000        0.000              1        0.04        0.04    SUOPTSURF@1
 1385     0.00       58.524        0.000        0.000              1        0.04        0.36    SUDIMF1@1
 1386     0.00       58.524        0.000        0.000             37        0.00        0.00    CPG_GP_PARALLEL:GPTF2_EXPL_2TL:NULLIFY@1
 1387     0.00       58.524        0.000        0.000              1        0.04        0.11    IOMULTIBUF_MOD:IOMULTIBUF_COMP_IDX@1
 1388     0.00       58.524        0.000        0.000             37        0.00        0.00    CTVTOT_EXPL_PARALLEL:0:NULLIFY@1
 1389     0.00       58.524        0.000        0.001              1        0.04        0.51    SUOPH0@1
 1390     0.00       58.524        0.000        0.000             37        0.00        0.00    APL_ARPEGE_ALBEDO_COMPUTATION_PARALLEL:0:NULLIFY@1
 1391     0.00       58.524        0.000        0.000              1        0.04        0.04    SUECAESU:PART11@1
 1392     0.00       58.524        0.000        0.000              1        0.04        0.04    SUECAESU:PART1@1
 1393     0.00       58.524        0.000        0.000              1        0.04        0.20    MF_PHYS_SAVE_PHSURF_PART1_PARALLEL:PART1@1
 1394     0.00       58.524        0.000        0.000             37        0.00        0.00    GPTF1_YDVARS_PARALLEL:LTWOTL:NULLIFY@1
 1395     0.00       58.524        0.000        0.000             37        0.00        0.00    APL_ARPEGE_PARALLEL:ZBAY_QRCONV:NULLIFY@1
 1396     0.00       58.524        0.000        0.000             37        0.00        0.00    CPG_GP_PARALLEL:SET1TO0:NULLIFY@1
 1397     0.00       58.524        0.000        0.000             30        0.00        0.00    APL_ARPEGE_RADIATION_PARALLEL:CALLRAD_F:NULLIFY@1
 1398     0.00       58.524        0.000        0.020              1        0.04       20.20    SUSURF@1
 1399     0.00       58.524        0.000        0.000              1        0.04        0.04    IOSTREAM_MIX:IOSTREAM_STATS@1
 1400     0.00       58.524        0.000        0.000             37        0.00        0.00    APL_ARPEGE_INIT_PARALLEL:0:NULLIFY@1
 1401     0.00       58.524        0.000        0.000             37        0.00        0.00    LACDYN_PARALLEL:LASURE:NULLIFY@1
 1402     0.00       58.524        0.000        0.001              1        0.03        0.56    SURIP@1
 1403     0.00       58.524        0.000        0.000             37        0.00        0.00    APL_ARPEGE_PARALLEL:ZDE2MR:NULLIFY@1
 1404     0.00       58.524        0.000        0.000             37        0.00        0.00    CPG_DIA_FLU_PARALLEL:0:NULLIFY@1
 1405     0.00       58.524        0.000       58.103              1        0.03    58103.28    CNT3@1
 1406     0.00       58.524        0.000        0.196             37        0.00        5.30    APL_ARPEGE_INIT_PARALLEL:PART3@1
 1407     0.00       58.524        0.000        0.000             37        0.00        0.00    LAPINEB_PARALLEL:TEMP_EQ:NULLIFY@1
 1408     0.00       58.525        0.000        0.000             37        0.00        0.00    MF_PHYS_PREP_PARALLEL:PREP:NULLIFY@1
 1409     0.00       58.525        0.000        0.000             37        0.00        0.00    CPG_GP_PARALLEL:GP_SPV:NULLIFY@1
 1410     0.00       58.525        0.000        0.000              1        0.03        0.03    SUECAEBC:PART14@1
 1411     0.00       58.525        0.000        0.000              2        0.02        0.02    TXFU_TYPE_FINAL@1
 1412     0.00       58.525        0.000        0.000             37        0.00        0.00    CPUTQY_APLPAR_EXPL_PARALLEL:ZTDCP:NULLIFY@1
 1413     0.00       58.525        0.000        0.000             36        0.00        0.00    UPDATE_CALENDAR@1
 1414     0.00       58.525        0.000        0.000             37        0.00        0.00    CPG_GP_PARALLEL:SETZERO:NULLIFY@1
 1415     0.00       58.525        0.000        0.000              7        0.00        0.01    APL_ARPEGE_AEROSOLS_FOR_RADIATION_PARALLEL:RADAER:GET_DATA@1
 1416     0.00       58.525        0.000        0.000             37        0.00        0.00    APL_ARPEGE_RADIATION_PARALLEL:DIRECT:NULLIFY@1
 1417     0.00       58.525        0.000        0.000             37        0.00        0.00    MF_PHYS_MOCON_PARALLEL:PPWETPOINT:NULLIFY@1
 1418     0.00       58.525        0.000        0.000             37        0.00        0.00    APL_WIND_GUST_PARALLEL:ACCLDIA:NULLIFY@1
 1419     0.00       58.525        0.000        0.000             37        0.00        0.00    APL_ARPEGE_SOIL_HYDRO_PARALLEL:ACVEG:NULLIFY@1
 1420     0.00       58.525        0.000        0.000              7        0.00        0.00    RECMWF_PARALLEL:ECRAD_GPU:NULLIFY@1
 1421     0.00       58.525        0.000        0.000             37        0.00        0.00    LAVABO_PARALLEL:0:NULLIFY@1
 1422     0.00       58.525        0.000        0.018             20        0.00        0.90    GPNORM_TRANS@1
 1423     0.00       58.525        0.000        0.000             37        0.00        0.00    APL_ARPEGE_PARALLEL:PLSM:NULLIFY@1
 1424     0.00       58.525        0.000        0.000              1        0.03        0.03    SUECAEBC:PART10@1
 1425     0.00       58.525        0.000        0.000             37        0.00        0.00    CPG_GP_PARALLEL:MAP_FACTOR:NULLIFY@1
 1426     0.00       58.525        0.000        0.000              1        0.03        0.03    SUECAEBC:PART19@1
 1427     0.00       58.525        0.000        0.000              1        0.03        0.03    SUECAEBC:PART11@1
 1428     0.00       58.525        0.000        0.000              2        0.02        0.02    SUCLOPN@1
 1429     0.00       58.525        0.000        0.000             37        0.00        0.00    CPUTQY_APLPAR_EXPL_PARALLEL:PFDIS:NULLIFY@1
 1430     0.00       58.525        0.000        0.000              1        0.03        0.03    SUECAEOR:PART16@1
 1431     0.00       58.525        0.000        0.000              1        0.03        0.03    SUECAEBC:PART22@1
 1432     0.00       58.525        0.000        0.000              1        0.03        0.03    SUECAEBC:PART9@1
 1433     0.00       58.525        0.000        0.000             37        0.00        0.00    MF_PHYS_FPL_PART1_PARALLEL:PART1:NULLIFY@1
 1434     0.00       58.525        0.000        0.000             37        0.00        0.00    APL_ARPEGE_PARALLEL:FRSOPT:NULLIFY@1
 1435     0.00       58.525        0.000        0.000              1        0.03        0.03    SUECAESD:PART18@1
 1436     0.00       58.525        0.000        0.000              1        0.03        0.03    SUECAESS:PART15@1
 1437     0.00       58.525        0.000        0.000             37        0.00        0.00    CPGLAG_PARALLEL:0:NULLIFY@1
 1438     0.00       58.526        0.000        0.000              1        0.03        0.03    SUECAESS:PART1@1
 1439     0.00       58.526        0.000        0.000             37        0.00        0.00    APL_ARPEGE_PARALLEL:PPWETPOINT:NULLIFY@1
 1440     0.00       58.526        0.000        0.000              1        0.03        0.31    SUDIM@1
 1441     0.00       58.526        0.000        0.000              1        0.03        0.03    SUECAEOR:PART20@1
 1442     0.00       58.526        0.000        0.000              1        0.03        0.03    SUECAEBC:PART5@1
 1443     0.00       58.526        0.000        0.000             37        0.00        0.00    MF_PHYS_FPL_PART2_PARALLEL:PART2:NULLIFY@1
 1444     0.00       58.526        0.000        0.000              1        0.03        0.03    SUECAEBC:PART13@1
 1445     0.00       58.526        0.000        0.000              1        0.03        0.03    SUECAEOR:PART21@1
 1446     0.00       58.526        0.000        0.000              1        0.03        0.03    SUHDVPN@1
 1447     0.00       58.526        0.000        0.000              1        0.03        0.03    SUECAESD:PART14@1
 1448     0.00       58.526        0.000        0.000             37        0.00        0.00    APL_ARPEGE_PARALLEL:ZDPHIV:NULLIFY@1
 1449     0.00       58.526        0.000        0.000              1        0.03        0.03    RRTM_CMBGB11_GPU@1
 1450     0.00       58.526        0.000        0.001              1        0.03        1.48    radiation_aerosol_optics:setup_aerosol_optics_GPU@1
 1451     0.00       58.526        0.000        0.000             37        0.00        0.00    CPXFU_PARALLEL:3:NULLIFY@1
 1452     0.00       58.526        0.000        0.000              1        0.03        0.28    SUCVMNH@1
 1453     0.00       58.526        0.000        0.000              1        0.03        0.03    SURIP0@1
 1454     0.00       58.526        0.000        0.000              7        0.00        0.00    RECMWF_PARALLEL:ECRAD_POST:GET_DATA@1
 1455     0.00       58.526        0.000        0.000              1        0.03        0.03    SUECAEBC:PART15@1
 1456     0.00       58.526        0.000        0.000              1        0.03        0.03    SUECAESS:PART9@1
 1457     0.00       58.526        0.000        0.000              1        0.03        0.03    SUALMP2@1
 1458     0.00       58.526        0.000        0.000              1        0.03        0.03    SUECAESD:PART16@1
 1459     0.00       58.526        0.000        0.000             37        0.00        0.00    TRLTOM_BAR@1
 1460     0.00       58.526        0.000        0.000             37        0.00        0.00    LASSIE_PARALLEL:GPRCP:NULLIFY@1
 1461     0.00       58.526        0.000        0.000             37        0.00        0.00    LACDYN_PARALLEL:ZMIXNL:NULLIFY@1
 1462     0.00       58.526        0.000        0.000              1        0.03        0.03    SUECAEBC:PART8@1
 1463     0.00       58.526        0.000        0.000              1        0.03        0.32    SUDWET@1
 1464     0.00       58.526        0.000        0.000              1        0.03        0.03    SUECAESU:PART24@1
 1465     0.00       58.526        0.000        0.000              1        0.03        0.03    SUECAEOR:PART15@1
 1466     0.00       58.526        0.000        0.000              1        0.03        0.03    SUECAEBC:PART21@1
 1467     0.00       58.526        0.000        0.000              2        0.01        0.02    FAQUIN_MT@1
 1468     0.00       58.526        0.000        0.000              1        0.03        0.03    SUECAEBC:PART3@1
 1469     0.00       58.526        0.000        0.000              1        0.03        0.03    SUECAESS:PART12@1
 1470     0.00       58.526        0.000        0.000             37        0.00        0.00    APL_ARPEGE_PARALLEL:PRECIPS:NULLIFY@1
 1471     0.00       58.526        0.000        0.000             37        0.00        0.00    CPXFU_PARALLEL:4:NULLIFY@1
 1472     0.00       58.527        0.000        0.000              1        0.03        0.03    SUECAESD:PART6@1
 1473     0.00       58.527        0.000        0.000              1        0.03        0.03    SUECAEOR:PART18@1
 1474     0.00       58.527        0.000        0.000             38        0.00        0.00    GP_DERIVATIVES@1
 1475     0.00       58.527        0.000        0.000              1        0.03        0.03    SUECAEOR:PART8@1
 1476     0.00       58.527        0.000        0.000              1        0.03        0.03    SUECAESU:PART12@1
 1477     0.00       58.527        0.000        0.000              1        0.03        0.03    radiation_ifs_rrtm:setup_gas_optics_rrtm_GPU@1
 1478     0.00       58.527        0.000        0.000             37        0.00        0.00    CPG_PARALLEL:ISETTLOFF:NULLIFY@1
 1479     0.00       58.527        0.000        0.000              1        0.03        0.03    SUECAEOR:PART6@1
 1480     0.00       58.527        0.000        0.001              1        0.03        0.58    SUBMAT@1
 1481     0.00       58.527        0.000        0.000              1        0.03        0.03    VAL923@1
 1482     0.00       58.527        0.000        0.000             36        0.00        0.00    CPG_END_SFC_PARALLEL:SET0TO1:NULLIFY@1
 1483     0.00       58.527        0.000        0.000              1        0.03        0.20    SUSC2C@1
 1484     0.00       58.527        0.000        0.000              1        0.03        0.03    SUECAESU:PART13@1
 1485     0.00       58.527        0.000        0.000              1        0.03        0.04    GMV_SUBS_MOD:SETUP_GMV@1
 1486     0.00       58.527        0.000        0.000              1        0.03        0.03    SUECAEOR:PART9@1
 1487     0.00       58.527        0.000        0.000              1        0.03        0.03    SUECAEOR:PART2@1
 1488     0.00       58.527        0.000        0.000              1        0.03        0.03    SUECAEBC:PART7@1
 1489     0.00       58.527        0.000        0.000              1        0.03        0.03    SUECAESD:PART5@1
 1490     0.00       58.527        0.000        0.001              1        0.03        0.60    SUSPSDT@1
 1491     0.00       58.527        0.000        0.000              1        0.03        0.03    SUECAESS:PART19@1
 1492     0.00       58.527        0.000        0.000              1        0.03        0.03    SUECAEOR:PART19@1
 1493     0.00       58.527        0.000        0.000             37        0.00        0.00    APL_ARPEGE_INIT_PARALLEL:1:NULLIFY@1
 1494     0.00       58.527        0.000        0.000              1        0.03        0.03    SUSWN@1
 1495     0.00       58.527        0.000        0.000              1        0.03        0.03    SUECAEBC:PART23@1
 1496     0.00       58.527        0.000        0.001              1        0.03        0.56    SUVV1@1
 1497     0.00       58.527        0.000        0.000              1        0.03        0.03    SUECAEOR:PART17@1
 1498     0.00       58.527        0.000        0.000              1        0.03        0.03    SUECAEOR:PART22@1
 1499     0.00       58.527        0.000        0.000              1        0.03        0.03    SUECAESU:PART15@1
 1500     0.00       58.527        0.000        0.000              1        0.03        0.03    SUECAESS:PART11@1
 1501     0.00       58.527        0.000        0.000              1        0.03        0.03    SUECAEOR:PART12@1
 1502     0.00       58.527        0.000        0.000              1        0.03        0.03    SPGEOM_MOD:SUGMRE@1
 1503     0.00       58.527        0.000        0.000              1        0.03        0.03    SUECAESU:PART10@1
 1504     0.00       58.527        0.000        0.000              1        0.03        0.03    IOGRID_MOD:INI_INDSEL@1
 1505     0.00       58.527        0.000        0.000             36        0.00        0.00    APL_ARPEGE_RADIATION_PARALLEL:SUNSHINE:NULLIFY@1
 1506     0.00       58.527        0.000        0.000              1        0.03        0.03    SUECAEBC:PART17@1
 1507     0.00       58.527        0.000        0.000              1        0.03        0.03    SUECAESD:PART23@1
 1508     0.00       58.527        0.000        0.000              1        0.03        0.03    SUECAEOR:PART3@1
 1509     0.00       58.528        0.000        0.000              1        0.03        0.46    SUGRIB@1
 1510     0.00       58.528        0.000        0.000              1        0.03        0.03    SUECAESS:PART17@1
 1511     0.00       58.528        0.000        0.000             50        0.00        0.00    SUCFU:NEXTYPE1@1
 1512     0.00       58.528        0.000        0.000              1        0.03        0.03    SUECAESD:PART24@1
 1513     0.00       58.528        0.000        0.000              1        0.03        0.03    SUECAESD:PART22@1
 1514     0.00       58.528        0.000        0.000              1        0.03        0.03    SUECAEOR:PART4@1
 1515     0.00       58.528        0.000        0.000              1        0.03        0.03    SUECAESD:PART12@1
 1516     0.00       58.528        0.000        0.000              1        0.03        0.03    SUECAESU:PART22@1
 1517     0.00       58.528        0.000        0.000              1        0.03        0.32    SUGFL3@1
 1518     0.00       58.528        0.000        0.000              1        0.03        0.03    SUECAEOR:PART7@1
 1519     0.00       58.528        0.000        0.000              1        0.03        0.03    SUECAESS:PART14@1
 1520     0.00       58.528        0.000        0.000              1        0.03        0.03    SUECAEOR:PART14@1
 1521     0.00       58.528        0.000        0.000              1        0.03        0.03    SUECAESS:PART13@1
 1522     0.00       58.528        0.000        0.000              1        0.03        0.03    SUECAEOR:PART11@1
 1523     0.00       58.528        0.000        0.360              1        0.03      359.78    CNT3_GLO@1
 1524     0.00       58.528        0.000        0.000              1        0.03        0.03    SUECAESS:PART5@1
 1525     0.00       58.528        0.000        0.000              4        0.01        0.01    IOSTREAM_MIX:INI_IOSTREAM@1
 1526     0.00       58.528        0.000        0.000              1        0.03        0.03    SUECAESU:PART17@1
 1527     0.00       58.528        0.000        0.000              1        0.03        0.03    SUECAESD:PART9@1
 1528     0.00       58.528        0.000        0.000              1        0.03        0.03    SUECAESU:PART8@1
 1529     0.00       58.528        0.000        0.000              1        0.03        0.03    SUECAESS:PART18@1
 1530     0.00       58.528        0.000        0.000              1        0.03        0.03    SUECAESD:PART17@1
 1531     0.00       58.528        0.000        0.000              1        0.03        0.03    SUDIMO@1
 1532     0.00       58.528        0.000        0.000              1        0.03        0.05    YOMCLMICST:SETUP_CLMICST@1
 1533     0.00       58.528        0.000        0.000             37        0.00        0.00    GPRCP_EXPL_PARALLEL:5:NULLIFY@1
 1534     0.00       58.528        0.000        0.000              1        0.03        0.03    SUECAESS:PART10@1
 1535     0.00       58.528        0.000        0.000              1        0.03        0.03    IOSPECA_MOD:IOSPECA_FINISH@1
 1536     0.00       58.528        0.000        0.000              1        0.03        0.03    SUECAESS:PART22@1
 1537     0.00       58.528        0.000        0.000              1        0.03        0.03    SUECAESD:PART8@1
 1538     0.00       58.528        0.000        0.000              1        0.03        0.03    SUECAESS:PART8@1
 1539     0.00       58.528        0.000        0.000              1        0.03        0.03    SUECAEBC:PART16@1
 1540     0.00       58.528        0.000        0.020              1        0.03       20.16    SUSURF_CTL_MOD:SUSURF_CTL@1
 1541     0.00       58.528        0.000        0.020              1        0.03       20.06    SUSOCEAN_ML_MOD:SUSOCEAN_ML@1
 1542     0.00       58.528        0.000        0.000              1        0.03        0.03    SUECAESD:PART2@1
 1543     0.00       58.528        0.000        0.000              1        0.03        0.03    SUECAESU:PART14@1
 1544     0.00       58.528        0.000        0.000              1        0.02        0.03    SUECAESU:PART20@1
 1545     0.00       58.528        0.000        0.000              1        0.02        0.03    SUECAESU:PART19@1
 1546     0.00       58.528        0.000        0.000              1        0.02        0.03    SUECAESS:PART23@1
 1547     0.00       58.528        0.000        0.000              1        0.02        0.03    SUECAESS:PART2@1
 1548     0.00       58.529        0.000        0.000              1        0.02        0.03    SUECAESD:PART19@1
 1549     0.00       58.529        0.000        0.000              8        0.00        0.00    VERINTS@1
 1550     0.00       58.529        0.000        0.000              1        0.02        0.03    SUECAESD:PART21@1
 1551     0.00       58.529        0.000        0.000             37        0.00        0.00    CPG_DIA_FLU_PARALLEL:1:NULLIFY@1
 1552     0.00       58.529        0.000        0.001              8        0.00        0.07    VERDISINT@1
 1553     0.00       58.529        0.000        0.000              1        0.02        0.02    SUECAESU:PART2@1
 1554     0.00       58.529        0.000        0.000              1        0.02        0.02    SUECAESS:PART6@1
 1555     0.00       58.529        0.000        0.000              1        0.02        0.02    SUECAESU:PART18@1
 1556     0.00       58.529        0.000        0.000              1        0.02        0.02    SRTM_KGB23@1
 1557     0.00       58.529        0.000        0.000              1        0.02        0.02    SUECAESD:PART3@1
 1558     0.00       58.529        0.000        0.000              1        0.02        0.02    SUECAESD:PART15@1
 1559     0.00       58.529        0.000        0.000              1        0.02        0.02    SUECAESU:PART6@1
 1560     0.00       58.529        0.000        0.000              1        0.02        0.02    SRTM_CMBGB22_GPU@1
 1561     0.00       58.529        0.000        0.000              1        0.02        0.02    SUECAEBC:PART4@1
 1562     0.00       58.529        0.000        0.000              1        0.02        0.02    SUECAEOR:PART10@1
 1563     0.00       58.529        0.000        0.000              1        0.02        0.02    SUECAEBC:PART20@1
 1564     0.00       58.529        0.000        0.000              1        0.02        0.02    SUECAESU:PART9@1
 1565     0.00       58.529        0.000        0.000              1        0.02        0.02    SUECAEBC:PART18@1
 1566     0.00       58.529        0.000        0.000              1        0.02        0.02    SUECAEBC:PART24@1
 1567     0.00       58.529        0.000        0.000              1        0.02        0.02    SUALDYNB@1
 1568     0.00       58.529        0.000        0.000              1        0.02        0.02    SRTM_KGB25@1
 1569     0.00       58.529        0.000        0.000              1        0.02        0.04    SUSSOIL_MOD:SUSSOIL@1
 1570     0.00       58.529        0.000        0.000              1        0.02        0.02    SUECAEOR:PART24@1
 1571     0.00       58.529        0.000        0.000              1        0.02        0.02    SUECAEOR:PART23@1
 1572     0.00       58.529        0.000        0.000              1        0.02        0.02    SUECAESS:PART20@1
 1573     0.00       58.529        0.000        0.000              1        0.02        0.02    SUECAESD:PART13@1
 1574     0.00       58.529        0.000        0.000              1        0.02        0.02    RRTM_CMBGB10_GPU@1
 1575     0.00       58.529        0.000        0.000             37        0.00        0.00    APL_ARPEGE_INIT_PARALLEL:6:NULLIFY@1
 1576     0.00       58.529        0.000        0.000              1        0.02        0.02    SUECAEOR:PART13@1
 1577     0.00       58.529        0.000        0.000              1        0.02        0.02    SUECAESD:PART4@1
 1578     0.00       58.529        0.000        0.000              1        0.02        0.02    SUECAESS:PART21@1
 1579     0.00       58.529        0.000        0.000              1        0.02        0.02    SUECAESS:PART24@1
 1580     0.00       58.529        0.000        0.000              1        0.02        0.02    SRTM_CMBGB29_GPU@1
 1581     0.00       58.529        0.000        0.000             37        0.00        0.00    CPG_DIA_FLU_PARALLEL:3:NULLIFY@1
 1582     0.00       58.529        0.000        0.000              1        0.02        0.02    SUECAESD:PART10@1
 1583     0.00       58.529        0.000        0.000             39        0.00        0.00    FCGENERALIZED_GAMMA@1
 1584     0.00       58.529        0.000        0.000              1        0.02        0.02    SUECAESU:PART3@1
 1585     0.00       58.529        0.000        0.000              1        0.02        0.02    SUECAESD:PART20@1
 1586     0.00       58.529        0.000        0.000              1        0.02        0.02    SUECAESU:PART16@1
 1587     0.00       58.529        0.000        0.000              1        0.02        0.02    SUECAESU:PART23@1
 1588     0.00       58.529        0.000        0.000             37        0.00        0.00    LAVABO_PARALLEL:2:NULLIFY@1
 1589     0.00       58.529        0.000        0.000              1        0.02        0.02    SUECAESU:PART4@1
 1590     0.00       58.530        0.000        0.001              1        0.02        0.55    SUPP@1
 1591     0.00       58.530        0.000        0.000              1        0.02        0.02    SUECAESS:PART4@1
 1592     0.00       58.530        0.000        0.000              1        0.02        0.02    SUECAEOR:PART5@1
 1593     0.00       58.530        0.000        0.000              1        0.02        0.02    SUECAESD:PART7@1
 1594     0.00       58.530        0.000        0.001              1        0.02        0.50    SURINC@1
 1595     0.00       58.530        0.000        0.000              1        0.02        0.02    SUECAESU:PART5@1
 1596     0.00       58.530        0.000        0.000             37        0.00        0.00    CPG_GP_HYD_PARALLEL:3:NULLIFY@1
 1597     0.00       58.530        0.000        0.001              1        0.02        0.55    SUPHY2@1
 1598     0.00       58.530        0.000        0.000              1        0.02        0.27    SUCUMF2@1
 1599     0.00       58.530        0.000        0.000              1        0.02        0.02    SUECAESU:PART7@1
 1600     0.00       58.530        0.000        0.000              1        0.02        0.27    SIGAM_SP_OPENMP@1
 1601     0.00       58.530        0.000        0.000              1        0.02        0.02    SUECAESS:PART7@1
 1602     0.00       58.530        0.000        0.000              1        0.02        0.02    SUSAVTEND@1
 1603     0.00       58.530        0.000        0.000              1        0.02        0.02    SUECAESU:PART21@1
 1604     0.00       58.530        0.000        0.000             37        0.00        0.00    CPG_DIA_FLU_PARALLEL:2:NULLIFY@1
 1605     0.00       58.530        0.000        0.000              1        0.02        0.02    SUVSPLIP@1
 1606     0.00       58.530        0.000        0.000             37        0.00        0.00    CPGLAG_PARALLEL:1:NULLIFY@1
 1607     0.00       58.530        0.000        0.000              1        0.02        0.02    SUNRTAER@1
 1608     0.00       58.530        0.000        0.000              1        0.02        0.02    SUECAEBC:PART25@1
 1609     0.00       58.530        0.000        0.000             37        0.00        0.00    CPG_DIA_FLU_PARALLEL:4:NULLIFY@1
 1610     0.00       58.530        0.000        0.000              2        0.01        0.02    STACK_MIX:INIT_STACK@1
 1611     0.00       58.530        0.000        0.000              1        0.02        0.02    RRTM_CMBGB8_GPU@1
 1612     0.00       58.530        0.000        0.000              4        0.01        0.01    radiation_spectral_definition:calc_mapping_from_bands_GPU@1
 1613     0.00       58.530        0.000        0.000              1        0.02        0.02    SULWN@1
 1614     0.00       58.530        0.000        0.000              1        0.02        0.32    SUDIM_TRAJ@1
 1615     0.00       58.530        0.000        0.000              1        0.02        0.02    SUECAESD:PART11@1
 1616     0.00       58.530        0.000        0.000              1        0.02        0.02    SUECAESS:PART3@1
 1617     0.00       58.530        0.000        0.000              4        0.00        0.01    FACTUI_MT@1
 1618     0.00       58.530        0.000        0.000             37        0.00        0.00    LAVABO_PARALLEL:1:NULLIFY@1
 1619     0.00       58.530        0.000        0.000             30        0.00        0.00    TYPES_FPCAT:SUCATIND@1
 1620     0.00       58.530        0.000        0.001              1        0.02        0.58    TESTVAR_MIX:SETUP_TESTVAR@1
 1621     0.00       58.530        0.000        0.000              1        0.02        0.02    RRTM_CMBGB1_GPU@1
 1622     0.00       58.530        0.000        0.000              1        0.02        0.02    SUECAESU:PART25@1
 1623     0.00       58.530        0.000        0.000              1        0.02        0.02    SUSLB@1
 1624     0.00       58.530        0.000        0.000              1        0.02        0.02    RRTM_KGB6@1
 1625     0.00       58.530        0.000        0.005              1        0.02        4.53    SUGFL@1
 1626     0.00       58.530        0.000        0.006              1        0.02        5.69    SUGRIDUA@1
 1627     0.00       58.530        0.000        0.000              1        0.02        0.02    SUECAESD:PART25@1
 1628     0.00       58.530        0.000        0.000              1        0.02        0.02    SRTM_CMBGB20_GPU@1
 1629     0.00       58.530        0.000        0.024              2        0.01       12.21    FACGRA_MT@1
 1630     0.00       58.530        0.000        0.000              1        0.02        0.02    YOERADGHG:INIT_RAD_GHG@1
 1631     0.00       58.530        0.000        0.000              1        0.02        0.30    SUDYNCORE@1
 1632     0.00       58.530        0.000        0.000              2        0.01        0.02    SUEDRD@1
 1633     0.00       58.530        0.000        0.000              1        0.02        0.02    RRTM_CMBGB2_GPU@1
 1634     0.00       58.530        0.000        0.000              1        0.02        0.02    SUECAEOR:PART25@1
 1635     0.00       58.530        0.000        0.000              1        0.02        0.02    SUECAESS:PART25@1
 1636     0.00       58.530        0.000        0.006              1        0.02        6.39    GEOMETRY_MOD:GEOMETRY_DELETE@1
 1637     0.00       58.530        0.000        0.000             32        0.00        0.00    SUCFU:NEXTYPE3@1
 1638     0.00       58.530        0.000        0.000              3        0.01        0.14    FAIRME_MT@1
 1639     0.00       58.531        0.000        0.000              1        0.02        0.02    SRTM_CMBGB27_GPU@1
 1640     0.00       58.531        0.000        0.000              3        0.01        0.01    GRIDPOINT_FIELDS_MIX:ALLOCATE_GRID@1
 1641     0.00       58.531        0.000        0.000              2        0.01        0.01    OPENFAINFO@1
 1642     0.00       58.531        0.000        0.000              1        0.02        0.07    IOSPECA_MOD:IOSPECA_SELECTD@1
 1643     0.00       58.531        0.000        0.000              1        0.02        0.02    SUGEM3@1
 1644     0.00       58.531        0.000        0.001              1        0.02        0.53    SURES@1
 1645     0.00       58.531        0.000        0.000              2        0.01        0.08    FANMSG_MT@1
 1646     0.00       58.531        0.000        0.000              1        0.02        0.02    RRTM_CMBGB14_GPU@1
 1647     0.00       58.531        0.000        0.006              1        0.01        6.23    YOMGSGEOM:DEALLO_TGSGEOM_NB@1
 1648     0.00       58.531        0.000        0.000              1        0.01        0.37    SUFAINIT@1
 1649     0.00       58.531        0.000        0.000              7        0.00        0.00    RECMWF_PARALLEL:1:GET_DATA@1
 1650     0.00       58.531        0.000        0.000              1        0.01        0.01    YOMCSGEOM:DEALLO_TCSGEOM@1
 1651     0.00       58.531        0.000        0.000              1        0.01        0.23    SUCT1@1
 1652     0.00       58.531        0.000        0.000              1        0.01        0.12    SU_COUP_COM@1
 1653     0.00       58.531        0.000        0.000              1        0.01        0.01    SURRTPK_GPU@1
 1654     0.00       58.531        0.000        0.000              1        0.01        0.07    SUCAPE@1
 1655     0.00       58.531        0.000        0.003              1        0.01        3.48    SUINTERPOLATOR@1
 1656     0.00       58.531        0.000        0.000              1        0.01        0.13    SUMCCLAG@1
 1657     0.00       58.531        0.000        0.000              4        0.00        0.00    GRIB_API:IGRIB_GET_REAL8@1
 1658     0.00       58.531        0.000        0.012              1        0.01       12.30    SUVERTFE@1
 1659     0.00       58.531        0.000        0.000              1        0.01        0.01    MODEL_MOD:MODEL_SET@1
 1660     0.00       58.531        0.000       58.107              1        0.01    58106.65    CNT1@1
 1661     0.00       58.531        0.000        0.000              7        0.00        0.00    APL_ARPEGE_AEROSOLS_FOR_RADIATION_PARALLEL:RADAER:NULLIFY@1
 1662     0.00       58.531        0.000        0.000              1        0.01        0.01    SUDIMF2@1
 1663     0.00       58.531        0.000        0.000              2        0.01        0.01    FAIRNO_MT@1
 1664     0.00       58.531        0.000        0.000             28        0.00        0.00    SURFACE_FIELDS_MIX:SETUP_SFLP2@1
 1665     0.00       58.531        0.000        0.000              1        0.01        0.23    YOMCVER:SUCVER@1
 1666     0.00       58.531        0.000        0.000              1        0.01        0.32    SUDPRECIPS@1
 1667     0.00       58.531        0.000        0.000              1        0.01        0.01    SPGEOM_MOD:SUSPGM@1
 1668     0.00       58.531        0.000        0.000              1        0.01        0.06    SPGEOM_MOD:SUSPGEOM@1
 1669     0.00       58.531        0.000        0.000              1        0.01        0.05    YOMGSGEOM:DEALLO_TGSGEOM_B@1
 1670     0.00       58.531        0.000       58.103              1        0.01    58103.29    CNT2@1
 1671     0.00       58.531        0.000        0.001              1        0.01        0.50    TRAJ_SETUP@1
 1672     0.00       58.531        0.000        0.000              2        0.01        0.01    SUMPIOH@1
 1673     0.00       58.531        0.000        0.000              2        0.01        0.01    FANOUV_MT@1
 1674     0.00       58.531        0.000        0.000              1        0.01        0.48    SUPPVI@1
 1675     0.00       58.531        0.000        0.000              1        0.01        0.44    SUGWD@1
 1676     0.00       58.531        0.000        0.000              1        0.01        0.01    DISTRIBUTED_VECTORS_MIX:SETUP_DISTVEC@1
 1677     0.00       58.531        0.000        0.001              1        0.01        0.58    SUVDF@1
 1678     0.00       58.531        0.000        0.000              1        0.01        0.30    ENKF_MIX:SETUP_ENKF@1
 1679     0.00       58.531        0.000        0.000              1        0.01        0.01    XUTRII@1
 1680     0.00       58.531        0.000        0.000              1        0.01        0.01    YOMLUN:RESERVE_LUN@1
 1681     0.00       58.531        0.000        0.000              1        0.01        0.49    SUPERTPAR@1
 1682     0.00       58.531        0.000        0.000              1        0.01        0.30    SUDVISI@1
 1683     0.00       58.531        0.000        0.000              1        0.01        0.03    INTDYN_MOD:SUINTDYN@1
 1684     0.00       58.531        0.000        0.000              3        0.00        0.00    FACIES_MT@1
 1685     0.00       58.531        0.000        0.019              1        0.01       18.60    FIELDS_MOD:FIELDS_CONTAIN@1
 1686     0.00       58.531        0.000        0.000              3        0.00        0.01    GPHPRE_EXPL@1
 1687     0.00       58.531        0.000        0.000              7        0.00        0.00    RECMWF_PARALLEL:ECRAD_POST:NULLIFY@1
 1688     0.00       58.531        0.000        0.000              1        0.01        0.45    SUGWWMS@1
 1689     0.00       58.531        0.000        0.000             24        0.00        0.00    INDEXFIND_MOD:INDINLOC@1
 1690     0.00       58.531        0.000        0.000              1        0.01        0.01    SULEGA@1
 1691     0.00       58.531        0.000        0.001              1        0.01        0.90    SPEUV@1
 1692     0.00       58.531        0.000        0.008              1        0.01        8.48    SUTRANS@1
 1693     0.00       58.531        0.000        0.000              3        0.00        0.00    GPHPRE_EXPL_VERTFE1@1
 1694     0.00       58.531        0.000        0.000              1        0.01        0.01    PPSTA@1
 1695     0.00       58.531        0.000        0.000              2        0.00        0.01    GRIB_API:IGRIB_GET_INT@1
 1696     0.00       58.531        0.000        0.115              1        0.01      114.92    SUOPH@1
 1697     0.00       58.531        0.000        0.000              3        0.00        0.01    GPHPRE@1
 1698     0.00       58.531        0.000        0.001              1        0.01        0.73    RG@1
 1699     0.00       58.531        0.000        0.000              1        0.01        0.01    AROINI_CONF@1
 1700     0.00       58.531        0.000        0.000              8        0.00        0.00    SURFACE_FIELDS_MIX:SETUP_SFLP3@1
 1701     0.00       58.531        0.000        0.000              1        0.01        0.01    LFICOM:NEW_LFI_DEFAULT@1
 1702     0.00       58.531        0.000        0.000              8        0.00        0.00    YOMCLMICST:MOMG@1
 1703     0.00       58.531        0.000        0.001              1        0.01        0.57    SURAND1@1
 1704     0.00       58.531        0.000        0.000              1        0.01        0.01    SRTM_CMBGB23_GPU@1
 1705     0.00       58.531        0.000        0.000              1        0.01        0.01    CPTAVE_MOD:CPTAVE@1
 1706     0.00       58.531        0.000        0.001              1        0.01        0.51    SUMETHOX@1
 1707     0.00       58.531        0.000        0.000              1        0.01        0.41    SUINI@1
 1708     0.00       58.531        0.000        0.000              1        0.01        0.44    SUINTFLEX@1
 1709     0.00       58.531        0.000        0.000              1        0.01        0.07    YOE_CUCONVCA:INI_CUCONVCA@1
 1710     0.00       58.531        0.000        0.000              2        0.00        0.01    STACK_MIX:GETSTACKUSAGEX@1
 1711     0.00       58.531        0.000        0.000              8        0.00        0.00    UPDCAL@1
 1712     0.00       58.531        0.000        0.198              1        0.01      197.87    SUPHY@1
 1713     0.00       58.531        0.000        0.000              1        0.01        0.03    SUETLDIAG@1
 1714     0.00       58.531        0.000        0.002              1        0.01        1.82    radiation_cloud_optics:setup_cloud_optics_GPU@1
 1715     0.00       58.531        0.000        0.000              2        0.00        0.00    IO_SERV_MAP_RECV_PART2@1
 1716     0.00       58.531        0.000        0.000              1        0.01        0.01    SUVDFS@1
 1717     0.00       58.531        0.000        0.000              1        0.01        0.01    ELTRAN@1
 1718     0.00       58.531        0.000        0.000              1        0.01        0.01    SUVEXCS_MOD:SUVEXCS@1
 1719     0.00       58.531        0.000        0.000              1        0.01        0.01    SUALTDH@1
 1720     0.00       58.531        0.000        0.001              1        0.01        0.53    SUVWRK@1
 1721     0.00       58.531        0.000        0.000              1        0.01        0.01    radiation_config:consolidate_config_GPU@1
 1722     0.00       58.531        0.000        0.000              1        0.01        0.01    SUSVEG_MOD:SUSVEG@1
 1723     0.00       58.531        0.000        0.000              1        0.01        0.44    SUIAU@1
 1724     0.00       58.531        0.000        0.000              7        0.00        0.00    RECMWF_PARALLEL:1:NULLIFY@1
 1725     0.00       58.531        0.000        0.001              1        0.01        0.55    SPNG_MOD:SUSPNG@1
 1726     0.00       58.531        0.000        0.000              1        0.01        0.01    FIELD_CONTAINER_BASE_MOD:GET_ACTIVE_FIELDS@1
 1727     0.00       58.531        0.000        0.000              1        0.01        0.01    RRTM_CMBGB6_GPU@1
 1728     0.00       58.531        0.000        0.000              1        0.01        0.01    SUMSC@1
 1729     0.00       58.531        0.000        0.001              1        0.01        0.53    SUSCM@1
 1730     0.00       58.531        0.000        0.002              3        0.00        0.63    "lfiouv_alts"@1:lfi_alts.c
 1731     0.00       58.531        0.000        0.000              1        0.01        0.01    IO_SERV_SUIOSCTMPL@1
 1732     0.00       58.531        0.000        0.000              7        0.00        0.00    RECMWF_PARALLEL:2:GET_DATA@1
 1733     0.00       58.531        0.000        0.000              3        0.00        0.00    FANDAI_MT@1
 1734     0.00       58.531        0.000        0.000              1        0.01        0.01    SUWCOU@1
 1735     0.00       58.531        0.000        0.000             12        0.00        0.00    SPECTRAL_FIELDS_MOD:INTLOC@1
 1736     0.00       58.532        0.000        0.000              1        0.01        0.01    SUJBSKTECV@1
 1737     0.00       58.532        0.000        0.000              1        0.01        0.01    BALANC@1
 1738     0.00       58.532        0.000        0.000              1        0.01        0.01    MF_PHYS_SAVE_PHSURF_PART2_PARALLEL:PART2:GET_DATA@1
 1739     0.00       58.532        0.000        0.000              3        0.00        0.00    SURF_INQ@1
 1740     0.00       58.532        0.000        0.000              1        0.01        0.01    INI_CST@1
 1741     0.00       58.532        0.000        0.000              2        0.00        0.01    SUPERGOM_CLASS:SUPERGOM_DESTROY@1
 1742     0.00       58.532        0.000        0.000              1        0.01        0.01    SUALMDH@1
 1743     0.00       58.532        0.000        0.000              1        0.01        0.02    SCORDO@1
 1744     0.00       58.532        0.000        0.000              1        0.01        0.01    SUOPTPROMA@1
 1745     0.00       58.532        0.000        0.001              1        0.01        0.55    GET_SPP_CONF@1
 1746     0.00       58.532        0.000        0.000              1        0.01        0.01    SURRTFTR@1
 1747     0.00       58.532        0.000        0.000              2        0.00        0.00    radiation_spectral_definition:allocate_bands_only_GPU@1
 1748     0.00       58.532        0.000        0.000              1        0.01        0.01    SUAERV@1
 1749     0.00       58.532        0.000        0.000              4        0.00        0.00    EINT_MOD:DEALLO_SL_STRUCT@1
 1750     0.00       58.532        0.000        0.000              1        0.01        0.01    SUJFH@1
 1751     0.00       58.532        0.000        0.000              3        0.00        0.00    FADIEX_MT@1
 1752     0.00       58.532        0.000        0.000              1        0.01        0.01    FAGOTE_MT@1
 1753     0.00       58.532        0.000        0.000              1        0.01        0.01    SUSRTM_GPU@1
 1754     0.00       58.532        0.000        0.000              1        0.01        0.01    SUGRIDA_FIXUP@1
 1755     0.00       58.532        0.000        0.000             10        0.00        0.00    GFL_SUBS_MOD:SET_GFL_ATTR@1
 1756     0.00       58.532        0.000        0.000             10        0.00        0.00    SEAPRE@1
 1757     0.00       58.532        0.000        0.000              2        0.00        0.00    INI_SPEC_DIST@1
 1758     0.00       58.532        0.000        0.000              1        0.00        0.01    SUSRTCOP@1
 1759     0.00       58.532        0.000        0.000              1        0.00        0.01    MF_PHYS_SAVE_PHSURF_PART1_PARALLEL:PART1:GET_DATA@1
 1760     0.00       58.532        0.000        0.000              1        0.00        0.01    YOMLUN:FREE_LUN@1
 1761     0.00       58.532        0.000        0.000              2        0.00        0.00    DEALLOCATE_IF_ASSOCIATED_MOD:DEALLOCATE_IF_ASSOCIATED_INTEGER_1D@1
 1762     0.00       58.532        0.000        0.000              1        0.00        0.01    SRTM_CMBGB25_GPU@1
 1763     0.00       58.532        0.000        0.000              1        0.00        0.01    SPECTRAL_FIELDS_MOD:DEALLOCATE_SPEC@1
 1764     0.00       58.532        0.000        0.000              1        0.00        0.01    FACADE_MT@1
 1765     0.00       58.532        0.000        0.000              2        0.00        0.01    SUPERGOM_CLASS:SUPERGOM_FINAL@1
 1766     0.00       58.532        0.000        0.000              1        0.00        0.46    SUNUDGLH@1
 1767     0.00       58.532        0.000        0.000              1        0.00        0.00    RERESF_PART2@1
 1768     0.00       58.532        0.000        0.000              2        0.00        0.00    GRIB_API:IGRIB_GET_MESSAGE_SIZE@1
 1769     0.00       58.532        0.000        0.000              1        0.00        0.00    YOMVERT:ALLOC_INIT_TVAB@1
 1770     0.00       58.532        0.000        0.000              6        0.00        0.00    FAINOC_MT@1
 1771     0.00       58.532        0.000        0.000             10        0.00        0.00    SUCSLINT@1
 1772     0.00       58.532        0.000        0.000              1        0.00        0.00    SUAPL_ARPEGE@1
 1773     0.00       58.532        0.000        0.000              1        0.00        0.46    YOMGWDIAG:SETUP_GWDIAG@1
 1774     0.00       58.532        0.000        0.000              1        0.00        0.02    SUFRAME@1
 1775     0.00       58.532        0.000        0.000              4        0.00        0.00    CPTAVE_MOD:AVECLA@1
 1776     0.00       58.532        0.000        0.000              1        0.00        0.02    YOMCSGEOM:DEALLO_TCSGEOM_NB@1
 1777     0.00       58.532        0.000        0.000              1        0.00        0.00    GMV_SUBS_MOD:SETUP_T9@1
 1778     0.00       58.532        0.000        0.000              1        0.00        0.03    SPGEOM_MOD:SUSMAP@1
 1779     0.00       58.532        0.000        0.000              1        0.00        0.20    MF_PHYS_SAVE_PHSURF_PART1_PARALLEL@1
 1780     0.00       58.532        0.000        0.000              1        0.00        0.01    INTDYNSL_MOD:SUINTDYNSL@1
 1781     0.00       58.532        0.000        0.000              1        0.00        0.00    SURRTRF_GPU@1
 1782     0.00       58.532        0.000        0.000              1        0.00        0.01    SUSPECA_MAP_PART2@1
 1783     0.00       58.532        0.000        0.359              1        0.00      359.05    CSTA@1
 1784     0.00       58.532        0.000        0.000              1        0.00        0.00    SURWN_MOD:SURWN@1
 1785     0.00       58.532        0.000        0.002              1        0.00        1.56    SPEREE@1
 1786     0.00       58.532        0.000        0.000              4        0.00        0.00    FALIMU_MT@1
 1787     0.00       58.532        0.000        0.000              1        0.00        0.00    SUCOND@1
 1788     0.00       58.532        0.000        0.000              1        0.00        0.00    MONVAR@1
 1789     0.00       58.532        0.000        0.000              9        0.00        0.00    INTDYN_MOD:SUPTR_TXYB@1
 1790     0.00       58.532        0.000        0.000              1        0.00        0.00    SUDEFO_VV1@1
 1791     0.00       58.532        0.000        0.000              1        0.00        0.37    IOGRIDA_MOD:IOGRIDA_COUNT@1
 1792     0.00       58.532        0.000        0.000              1        0.00        0.16    MF_PHYS_SAVE_PHSURF_PART2_PARALLEL@1
 1793     0.00       58.532        0.000        0.000              7        0.00        0.00    RECMWF_PARALLEL:2:NULLIFY@1
 1794     0.00       58.532        0.000        0.000              6        0.00        0.00    radiation_aerosol_optics_data:set_hydrophobic_type_GPU@1
 1795     0.00       58.532        0.000        0.001              1        0.00        0.53    SUSATSIM@1
 1796     0.00       58.532        0.000        0.000              1        0.00        0.01    MODEL_MOD:MODEL_DELETE@1
 1797     0.00       58.532        0.000        0.000              2        0.00        0.00    DEALLOCATE_IF_ASSOCIATED_MOD:DEALLOCATE_IF_ASSOCIATED_INTEGER_2D@1
 1798     0.00       58.532        0.000        0.000              1        0.00        0.01    YOMCSGEOM:DEALLO_TCSGEOM_B@1
 1799     0.00       58.532        0.000        0.000              1        0.00        0.01    ECRADFR@1
 1800     0.00       58.532        0.000        0.000              1        0.00        0.00    SLCSET:SLEXPOLSETUP@1
 1801     0.00       58.532        0.000        0.006              1        0.00        5.69    SUGRIDU@1
 1802     0.00       58.532        0.000        0.000              1        0.00        0.00    FALSIFY_SURF_FLDS@1
 1803     0.00       58.532        0.000        0.000              1        0.00        0.01    SUSRAD_MOD:SUSRAD@1
 1804     0.00       58.532        0.000        0.000              1        0.00        0.00    SUXIOS@1
 1805     0.00       58.532        0.000        0.000              1        0.00        0.00    SUAERH@1
 1806     0.00       58.532        0.000        0.000              1        0.00        0.07    SUECHK@1
 1807     0.00       58.532        0.000        0.000              1        0.00        0.02    SUSPECA_FIXUP@1
 1808     0.00       58.532        0.000        0.000              1        0.00        0.01    IOGRIDUA_MOD:IOGRIDUA_SELECT_WH@1
 1809     0.00       58.532        0.000        0.000              2        0.00        0.00    FAVEUR_MT@1
 1810     0.00       58.532        0.000        0.000              3        0.00        0.00    "lficas_alts"@1:lfi_alts.c
 1811     0.00       58.532        0.000        0.001              1        0.00        0.73    EIGSOL@1
 1812     0.00       58.532        0.000        0.000              2        0.00        0.00    FALSIF_MT@1
 1813     0.00       58.532        0.000        0.000              1        0.00        0.00    BALBAK@1
 1814     0.00       58.532        0.000        0.000              2        0.00        0.00    FAVORI_MT@1
 1815     0.00       58.532        0.000        0.000              1        0.00        0.00    SUSURB_MOD:SUSURB@1
 1816     0.00       58.532        0.000        0.000              3        0.00        0.00    IOMULTIBUF_MOD:IOMULTIBUF_SIZE_IDX@1
 1817     0.00       58.532        0.000        0.000              1        0.00        0.44    SUIOS@1
 1818     0.00       58.532        0.000        0.000              1        0.00        0.00    FAGIOT_MT@1
 1819     0.00       58.532        0.000        0.000              1        0.00        0.00    FAREGI_MT@1
 1820     0.00       58.532        0.000        0.003              1        0.00        3.33    IOSPECA_MOD:IOSPECA_SELECTFX@1
 1821     0.00       58.532        0.000        0.000              1        0.00        0.00    SPECTRAL_FIELDS_MOD:SETUP_SPEC@1
 1822     0.00       58.532        0.000        0.000              1        0.00        0.00    SUALNUD@1
 1823     0.00       58.532        0.000        0.000              3        0.00        0.00    "lfiomg_alts"@1:lfi_alts.c
 1824     0.00       58.532        0.000        0.000              1        0.00        0.02    SUPHLI@1
 1825     0.00       58.532        0.000        0.000              6        0.00        0.00    INTDYN_MOD:SUPTR_THWIND@1
 1826     0.00       58.532        0.000        0.000              4        0.00        0.00    SUCFU:NEXTYPE1B@1
 1827     0.00       58.532        0.000        0.000              2        0.00        0.00    YOE_SPECTRAL_PLANCK:FREE_SPECTRAL_PLANCK@1
 1828     0.00       58.532        0.000        0.002              1        0.00        2.03    IOGRID_MOD:IOGRID_SELECTFX@1
 1829     0.00       58.532        0.000        0.000              5        0.00        0.00    INTDYN_MOD:SUPTR_TXYBDER@1
 1830     0.00       58.532        0.000        0.000              1        0.00        0.00    SUJBALPHACV@1
 1831     0.00       58.532        0.000        0.000              1        0.00        0.01    SUALSPA@1
 1832     0.00       58.532        0.000        0.000              1        0.00        0.00    SUSTHF_MOD:SUSTHF@1
 1833     0.00       58.532        0.000        0.000              1        0.00        0.00    INI_CONVPAR0@1
 1834     0.00       58.532        0.000        0.000              2        0.00        0.00    AROINI_BUDGET@1
 1835     0.00       58.532        0.000        0.000              1        0.00        0.00    SUGRIDUA_MAP_PART2@1
 1836     0.00       58.532        0.000        0.000              1        0.00        0.00    SRFROOTFR_MOD:SRFROOTFR@1
 1837     0.00       58.532        0.000        0.000              1        0.00        0.00    class_nvar%auto_finish@1
 1838     0.00       58.532        0.000        0.000              3        0.00        0.00    GRIDPOINT_FIELDS_MIX:HUGIFY_ENDGRID@1
 1839     0.00       58.532        0.000        0.000              3        0.00        0.00    DEALLOCATE_IF_ALLOCATED_MOD:DEALLOCATE_IF_ALLOCATED_REAL64_1D@1
 1840     0.00       58.532        0.000        0.000              2        0.00        0.00    MFIOOPTS_MOD:MFIOOPTS_GETOPTS@1
 1841     0.00       58.532        0.000        0.000              2        0.00        0.00    "lfinmg_altm"@1:lfi_altm.c
 1842     0.00       58.532        0.000        0.000              1        0.00        0.00    SUSRTAER@1
 1843     0.00       58.532        0.000        0.000              2        0.00        0.00    INTDYNSL_MOD:SUPTR_TRSCAW@1
 1844     0.00       58.532        0.000        0.000              1        0.00        0.01    IOGRIDUA_MOD:IOGRIDUA_COUNT@1
 1845     0.00       58.532        0.000        0.000              4        0.00        0.00    INTDYN_MOD:SUPTR_TRCP@1
 1846     0.00       58.532        0.000        0.000              1        0.00        0.00    IOSPECA_MOD:IOSPECA_VSETOFF@1
 1847     0.00       58.532        0.000        0.000              4        0.00        0.00    INTDYN_MOD:SUPTR_TCTY@1
 1848     0.00       58.532        0.000        0.000              1        0.00        0.00    UPDTIER@1
 1849     0.00       58.532        0.000        0.000              2        0.00        0.00    "lfinmg_alts"@1:lfi_alts.c
 1850     0.00       58.532        0.000        0.000              2        0.00        0.00    SU_CLOP550@1
 1851     0.00       58.532        0.000        0.000              1        0.00        0.00    MF_PHYS_SAVE_PHSURF_PART2_PARALLEL:PART2:NULLIFY@1
 1852     0.00       58.532        0.000        0.000              1        0.00        0.00    MODEL_MOD:MODEL_UNSET@1
 1853     0.00       58.532        0.000        0.000              2        0.00        0.00    GMV_SUBS_MOD:SETUP_T0@1
 1854     0.00       58.532        0.000        0.000              1        0.00        0.00    YEMLBC_INIT:SUELBC_INIT@1
 1855     0.00       58.532        0.000        0.000              1        0.00        0.00    SUCLD@1
 1856     0.00       58.532        0.000        0.000              1        0.00        0.00    GSTATS_OUTPUT_IFS@1
 1857     0.00       58.532        0.000        0.000              1        0.00        0.00    SUHDIR@1
 1858     0.00       58.532        0.000        0.000              1        0.00        0.00    FAAUTO_MT@1
 1859     0.00       58.532        0.000        0.000              2        0.00        0.00    IOGRIDA_MOD:ROZO@1
 1860     0.00       58.532        0.000        0.000              1        0.00        0.00    MTRAJ_MOD:MTRAJ_DELETE@1
 1861     0.00       58.532        0.000        0.000              1        0.00        0.00    class_nvar%finish@1
 1862     0.00       58.532        0.000        0.000              2        0.00        0.00    FX2T@1
 1863     0.00       58.532        0.000        0.000              2        0.00        0.00    IOMULTIBUF_MOD:IOMULTIBUF_INIT_IDX@1
 1864     0.00       58.532        0.000        0.001              1        0.00        0.61    SUFIELD_API@1
 1865     0.00       58.532        0.000        0.000              1        0.00        0.00    IOGRID_MOD:DEL_INDSEL@1
 1866     0.00       58.532        0.000        0.000              2        0.00        0.00    DEALLOCATE_IF_ALLOCATED_MOD:DEALLOCATE_IF_ALLOCATED_INTEGER_1D@1
 1867     0.00       58.532        0.000        0.000              1        0.00        0.00    FP_SERV_EXIT@1
 1868     0.00       58.532        0.000        0.000              1        0.00        0.00    IO_SERV_EXIT@1
 1869     0.00       58.532        0.000        0.000              1        0.00        0.00    INI_TURB@1
 1870     0.00       58.532        0.000        0.000              1        0.00        0.00    SUJBECPHYSECV@1
 1871     0.00       58.532        0.000        0.000              1        0.00        0.00    SUSPVARIABLES@1
 1872     0.00       58.532        0.000        0.000              2        0.00        0.00    INTDYNSL_MOD:SUPTR_TLSCAW@1
 1873     0.00       58.532        0.000        0.000              1        0.00        0.00    YOMCST:TCST_INIT@1
 1874     0.00       58.532        0.000        0.000              1        0.00        0.31    IOGRIDA_MOD:IOGRIDA_SELECTDP@1
 1875     0.00       58.532        0.000        0.000              1        0.00        0.00    IOSPECA_MOD:IOSPECA_START@1
 1876     0.00       58.532        0.000        0.000              1        0.00        0.00    IOSPECA_MOD:IOSPECA_COUNT@1
 1877     0.00       58.532        0.000        0.000              1        0.00        0.00    SUTRAJP@1
 1878     0.00       58.532        0.000        0.000              1        0.00        0.00    SURAYFRIC@1
 1879     0.00       58.532        0.000        0.000              1        0.00        0.00    INI_SPP@1
 1880     0.00       58.532        0.000        0.000              1        0.00        0.00    MODULE_RADTC_MIX:SUPTRTC@1
 1881     0.00       58.532        0.000        0.000              1        0.00        0.00    SUPTRGPPC@1
 1882     0.00       58.532        0.000        0.000              1        0.00        0.00    SUGRIDA_FIX_TOZ@1
 1883     0.00       58.532        0.000        0.000              1        0.00        0.00    GMV_SUBS_MOD:SETUP_T1@1
 1884     0.00       58.532        0.000        0.000              1        0.00        0.00    MF_PHYS_SAVE_PHSURF_PART1_PARALLEL:PART1:NULLIFY@1
 1885     0.00       58.532        0.000        0.000              1        0.00        0.00    INTDYN_MOD:SUPTR_TGFLT@1
 1886     0.00       58.532        0.000        0.000              1        0.00        0.00    LFICOM:NEW_LFI@1
 1887     0.00       58.532        0.000        0.000              1        0.00        0.00    SUGRIDA_FIXUP:SUGRIDA_FIX_SURFANALYSISMASK@1
 1888     0.00       58.532        0.000        0.000              1        0.00        0.00    MODIFY_WV_CONTINUUM@1
 1889     0.00       58.532        0.000        0.000              1        0.00        0.00    SRTM_KGB26@1
 1890     0.00       58.532        0.000        0.000              1        0.00        0.00    INTDYN_MOD:SUPTR_TGMVT@1
 1891     0.00       58.532        0.000        0.000              1        0.00        0.00    INTDYN_MOD:SUPTR_TTND@1
 1892     0.00       58.532        0.000        0.000              1        0.00        0.00    SUGRIDA_FIXUP:SUGRIDA_FIX_LSM@1
 1893     0.00       58.532        0.000        0.000              1        0.00        0.00    SUOVLP@1
 1894     0.00       58.532        0.000        0.000              1        0.00        0.00    TYPE_ECV:INITIALIZE_ECVDIM@1
 1895     0.00       58.532        0.000        0.000              1        0.00        0.00    SU1YOM@1
 1896     0.00       58.532        0.000        0.000              1        0.00        0.00    SUSFLAKE_MOD:SUSFLAKE@1
 1897     0.00       58.532        0.000        0.000              1        0.00        0.00    GMV_SUBS_MOD:SETUP_PH9@1
 1898     0.00       58.532        0.000        0.000              1        0.00        0.00    SUAERL@1
 1899     0.00       58.532        0.000        0.000              1        0.00        0.00    SRTM_CMBGB26_GPU@1
 1900     0.00       58.532        0.000        0.000              1        0.00        0.00    SUCST_IFSAUX@1
 1901     0.00       58.532        0.000        0.000              1        0.00        0.00    SU3YOM@1
 1902     0.00       58.532        0.000        0.000              1        0.00        0.00    SUIOSTREAM@1
 1903     0.00       58.532        0.000        0.000              1        0.00        0.00    SUSCST_MOD:SUSCST@1
 1904     0.00       58.532        0.000        0.000              1        0.00        0.00    SUVEXC_MOD:SUVEXC@1
 1905     0.00       58.532        0.000        0.000              1        0.00        0.00    SU2YOM@1
 1906     0.00       58.532        0.000        0.000              1        0.00        0.00    SURDI@1
 1907     0.00       58.532        0.000        0.000              1        0.00        0.00    INTDYNSL_MOD:SUPTR_TSCO@1
 1908     0.00       58.532        0.000        0.000              1        0.00        0.00    SUDEFO_TSTEP@1
 1909     0.00       58.532        0.000        0.000              1        0.00        0.00    INI_CONVPAR1@1
 1910     0.00       58.532        0.000        0.000              1        0.00        0.00    INTDYNSL_MOD:SUPTR_TCCO@1
 1911     0.00       58.532        0.000        0.000              1        0.00        0.00    GMV_SUBS_MOD:SETUP_GP@1
