Profiling information for program='/home/gmap/mrpm/marguina/gpupack/pack/49t2_openacc-bench.01.INTEL2302.2d/bin/MASTERODB', proc#1:
	No. of instrumented routines called : 1629
	Instrumentation started : 20240719 180120
	Instrumentation   ended : 20240719 181006
	Instrumentation overhead: 0.07%
	Memory usage : 75118 MB (heap), 14709 MB (rss), 938 MB (stack), 218287 MB (vmpeak), 0 (paging)
	Wall-time is 526.50 sec on proc#1 (8 procs, 32 threads)
	Thread#1:      526.13 sec (99.93%) -- Cycles: 1184614619512 (1185398180775)
	Thread#2:        3.39 sec (0.64%) -- Cycles: 7631715821 (1185398184555)
	Thread#3:        3.35 sec (0.64%) -- Cycles: 7530474645 (1185398185927)
	Thread#4:        3.35 sec (0.64%) -- Cycles: 7539130956 (1185398184848)
	Thread#5:        3.28 sec (0.62%) -- Cycles: 7373425639 (1185398202105)
	Thread#6:        3.23 sec (0.61%) -- Cycles: 7265989796 (1185398213287)
	Thread#7:        3.32 sec (0.63%) -- Cycles: 7478501604 (1185398207955)
	Thread#8:        3.35 sec (0.64%) -- Cycles: 7541673860 (1185398199135)
	Thread#9:        3.31 sec (0.63%) -- Cycles: 7457824605 (1185398203523)
	Thread#10:        3.27 sec (0.62%) -- Cycles: 7368082438 (1185398221297)
	Thread#11:        3.24 sec (0.62%) -- Cycles: 7295947209 (1185398207347)
	Thread#12:        3.21 sec (0.61%) -- Cycles: 7223930659 (1185398201362)
	Thread#13:        3.25 sec (0.62%) -- Cycles: 7323279835 (1185398201273)
	Thread#14:        3.24 sec (0.62%) -- Cycles: 7296534288 (1185398209440)
	Thread#15:        3.18 sec (0.60%) -- Cycles: 7163941055 (1185398209530)
	Thread#16:        3.17 sec (0.60%) -- Cycles: 7146807146 (1185398201070)
	Thread#17:        3.40 sec (0.65%) -- Cycles: 7662179319 (1185398202510)
	Thread#18:        3.39 sec (0.64%) -- Cycles: 7635700345 (1185398216708)
	Thread#19:        3.37 sec (0.64%) -- Cycles: 7591017787 (1185398204040)
	Thread#20:        3.33 sec (0.63%) -- Cycles: 7504286870 (1185398200395)
	Thread#21:        3.26 sec (0.62%) -- Cycles: 7343607094 (1185398222220)
	Thread#22:        3.24 sec (0.62%) -- Cycles: 7305102785 (1185398233965)
	Thread#23:        3.27 sec (0.62%) -- Cycles: 7362332415 (1185398228093)
	Thread#24:        3.42 sec (0.65%) -- Cycles: 7702323771 (1185398223232)
	Thread#25:        3.40 sec (0.65%) -- Cycles: 7651297700 (1185398225055)
	Thread#26:        3.42 sec (0.65%) -- Cycles: 7690630796 (1185398234730)
	Thread#27:        3.38 sec (0.64%) -- Cycles: 7618817486 (1185398229645)
	Thread#28:        3.36 sec (0.64%) -- Cycles: 7559816254 (1185398223525)
	Thread#29:        3.33 sec (0.63%) -- Cycles: 7491844964 (1185398225752)
	Thread#30:        3.30 sec (0.63%) -- Cycles: 7422640553 (1185398232390)
	Thread#31:        3.27 sec (0.62%) -- Cycles: 7365116681 (1185398230837)
	Thread#32:        3.24 sec (0.61%) -- Cycles: 7290309722 (1185398222108)

    #  % Time         Cumul         Self        Total     # of calls        Self       Total    Routine@<thread-id>
                                                                             (Size; Size/sec; Size/call; MinSize; MaxSize)
        (self)        (sec)        (sec)        (sec)                    ms/call     ms/call

    1    13.19       69.424       69.424       69.448          10920        6.36        6.36    radiation_mcica_acc_sw:solver_mcica_acc_sw_GPU@1
    2     9.31      118.438       49.014       49.034          10920        4.49        4.49    radiation_mcica_acc_lw:solver_mcica_acc_lw_GPU@1
    3     5.74      148.635       30.197       30.197             37      816.14      816.15    ACVPPKF_PARALLEL:PART2:COMPUTE@1
    4     5.64      178.341       29.705       29.706             37      802.85      802.85    ACVPPKF_PARALLEL:PART1:COMPUTE@1
    5     5.08      205.068       26.727       26.728            222      120.39      120.40    LARCINB_PARALLEL:LAITRE_GFL:COMPUTE@1
    6     4.05      226.417       21.349       21.349             37      577.01      577.01    APL_ARPEGE_INIT_PARALLEL:3:COMPUTE@1
    7     3.54      245.065       18.648       18.648             37      503.99      503.99    LARCINB_PARALLEL:LRHS_CURV_F:COMPUTE@1
    8     3.47      263.313       18.248       18.248             74      246.59      246.60    SLCOMM3:SLCOMM3_INT@1
    9     3.29      280.624       17.311       17.311             37      467.87      467.87    ACVPPKF_PARALLEL:PART3:COMPUTE@1
   10     3.17      297.294       16.670       16.671             37      450.55      450.56    ACVPPKF_PARALLEL:PART0:COMPUTE@1
   11     2.81      312.088       14.793       14.794             37      399.82      399.83    APL_ARPEGE_SURFACE_PARALLEL:ACDIFV1:COMPUTE@1
   12     2.54      325.449       13.362       13.369          10920        1.22        1.22    radiation_aerosol_optics:add_aerosol_optics_GPU@1
   13     2.38      338.006       12.557       52.331          10920        1.15        4.79    radiation_ifs_rrtm:gas_optics_rrtm_GPU@1
   14     2.30      350.138       12.132       12.134           3300        3.68        3.68    DELETE_TEMPORARIES@1
   15     2.03      360.841       10.703       10.703             37      289.27      289.27    LATTEX_PARALLEL:MAIN:COMPUTE@1
   16     1.47      368.600        7.759        7.759              7     1108.48     1108.48    RECMWF_PARALLEL:FINISH:COMPUTE@1
   17     1.41      376.032        7.432        7.432             37      200.86      200.87    APL_ARPEGE_SURFACE_PARALLEL:LMSE_F:COMPUTE@1
   18     1.17      382.181        6.149      418.909             37      166.19    11321.87    CPG_DRV@1
   19     1.15      388.211        6.029        6.030             37      162.96      162.96    APL_ARPEGE_INIT_PARALLEL:4:COMPUTE@1
   20     1.08      393.908        5.697        5.697             57       99.95       99.95    TRGTOL@1
   21     0.99      399.109        5.201       14.422          10920        0.48        1.32    SRTM_GAS_OPTICAL_DEPTH_GPU@1
   22     0.84      403.553        4.444        4.444              7      634.80      634.81    RECMWF_PARALLEL:PREPARE:COMPUTE@1
   23     0.79      407.719        4.166        4.166             37      112.60      112.60    TRLTOM@1
   24     0.77      411.750        4.031        4.036          10920        0.37        0.37    radiation_ifs_rrtm:planck_function_atmos_GPU@1
   25     0.74      415.624        3.874        3.874             37      104.71      104.71    LARCINB_PARALLEL:LAITRE_GMV:COMPUTE@1
   26     0.62      418.867        3.244        3.244             37       87.66       87.67    APL_ARPEGE_INIT_PARALLEL:5:COMPUTE@1
   27     0.58      421.916        3.049        3.049             37       82.39       82.40    APL_ARPEGE_DEEP_CONVECTION_PARALLEL:CUCALLN_MF:COMPUTE@1
   28     0.58      424.945        3.029        3.029             37       81.86       81.86    APL_ARPEGE_SURFACE_PARALLEL:ACDIFV2:COMPUTE@1
   29     0.56      427.873        2.928        2.928             37       79.14       79.14    MF_PHYS_INIT_PARALLEL:ZERO:COMPUTE@1
   30     0.51      430.542        2.669        2.669             41       65.10       65.11    TRLTOG@1
   31     0.50      433.168        2.626        2.626             37       70.98       70.99    APL_ARPEGE_SHALLOW_CONVECTION_AND_TURBULENCE_PARALLEL:ACTKE:COMPUTE@1
   32     0.50      435.788        2.620       18.836          10920        0.24        1.72    RRTM_GAS_OPTICAL_DEPTH_GPU@1
   33     0.49      438.352        2.564       20.813             74       34.65      281.25    SLCOMM3@1
   34     0.45      440.713        2.361        2.366          10920        0.22        0.22    RRTM_TAUMOL3_GPU@1
   35     0.44      443.019        2.306        2.306             37       62.32       62.32    LARCINB_PARALLEL:LCOMAD_SP:COMPUTE@1
   36     0.43      445.289        2.270        2.270             37       61.36       61.36    APL_ARPEGE_PRECIPITATION_PARALLEL:ACUPTQ:COMPUTE@1
   37     0.40      447.370        2.080        2.080             37       56.23       56.23    LARMES_PARALLEL:LARMES:COMPUTE@1
   38     0.39      449.415        2.045        2.045             37       55.27       55.28    APL_ARPEGE_ATMOSPHERE_UPDATE_PARALLEL:CPTEND_NEW:COMPUTE@1
   39     0.39      451.455        2.040        2.040             37       55.13       55.13    APL_ARPEGE_RADIATION_PARALLEL:ACDAYD:COMPUTE@1
   40     0.39      453.484        2.029        2.034          10920        0.19        0.19    RRTM_TAUMOL5_GPU@1
   41     0.37      455.434        1.950        1.950             37       52.71       52.71    LAPINEA_PARALLEL:LARCINA:COMPUTE@1
   42     0.33      457.192        1.758        1.758             37       47.50       47.51    APL_ARPEGE_DPRECIPS_PARALLEL:0:COMPUTE@1
   43     0.32      458.875        1.683        1.684             37       45.50       45.50    APL_ARPEGE_INIT_PARALLEL:2:COMPUTE@1
   44     0.31      460.488        1.613        1.613             37       43.59       43.60    CPG_GP_HYD_PARALLEL:2:COMPUTE@1
   45     0.30      462.093        1.605        1.609          10920        0.15        0.15    RRTM_TAUMOL9_GPU@1
   46     0.30      463.654        1.561        1.566          10920        0.14        0.14    RRTM_TAUMOL4_GPU@1
   47     0.29      465.161        1.507        1.507             37       40.72       40.73    LARCINB_PARALLEL:NVLAG_3:COMPUTE@1
   48     0.28      466.653        1.492        1.492             37       40.33       40.34    APL_ARPEGE_RADIATION_PARALLEL:RADHEAT:COMPUTE@1
   49     0.28      468.125        1.472        1.476          10920        0.13        0.14    radiation_cloud_optics:cloud_optics_GPU@1
   50     0.28      469.586        1.461      523.995              1     1461.19   523995.09    CNT4@1
   51     0.28      471.040        1.454        1.458          10920        0.13        0.13    RRTM_TAUMOL7_GPU@1
   52     0.27      472.458        1.418        1.418             37       38.33       38.34    LARCINB_PARALLEL:NTLAG_3:COMPUTE@1
   53     0.26      473.824        1.366        1.370          10920        0.13        0.13    RRTM_SETCOEF_140GP_GPU@1
   54     0.25      475.151        1.326      189.146          10920        0.12       17.32    RADIATION_SCHEME_GPU@1
   55     0.23      476.341        1.190        1.190             37       32.17       32.17    APL_ARPEGE_INIT_PARALLEL:1:COMPUTE@1
   56     0.21      477.450        1.109        1.113          10920        0.10        0.10    SRTM_TAUMOL17_GPU@1
   57     0.20      478.527        1.078        1.082          10920        0.10        0.10    SRTM_TAUMOL21_GPU@1
   58     0.18      479.498        0.971        0.973           1813        0.54        0.54   *CPG_SL1B_TYPE_SHUFFLE_PB1@24
   59     0.18      479.498        0.971        0.973           1813        0.54        0.54    CPG_SL1B_TYPE_SHUFFLE_PB1@22
   60     0.18      479.498        0.971        0.973           1813        0.54        0.54    CPG_SL1B_TYPE_SHUFFLE_PB1@23
   61     0.18      479.498        0.970        0.972           1813        0.54        0.54    CPG_SL1B_TYPE_SHUFFLE_PB1@21
   62     0.18      479.498        0.964        0.966           1813        0.53        0.53    CPG_SL1B_TYPE_SHUFFLE_PB1@16
   63     0.18      480.460        0.962        0.966          10920        0.09        0.09    RRTM_TAUMOL8_GPU@1
   64     0.18      480.460        0.960        0.962           1813        0.53        0.53    CPG_SL1B_TYPE_SHUFFLE_PB1@20
   65     0.18      480.460        0.960        0.962           1813        0.53        0.53    CPG_SL1B_TYPE_SHUFFLE_PB1@17
   66     0.18      480.460        0.960        0.962           1813        0.53        0.53    CPG_SL1B_TYPE_SHUFFLE_PB1@18
   67     0.18      480.460        0.960        0.962           1813        0.53        0.53    CPG_SL1B_TYPE_SHUFFLE_PB1@15
   68     0.18      480.460        0.960        0.962           1813        0.53        0.53    CPG_SL1B_TYPE_SHUFFLE_PB1@19
   69     0.18      480.460        0.960        0.962           1776        0.54        0.54    CPG_SL1B_TYPE_SHUFFLE_PB1@29
   70     0.18      480.460        0.959        0.961           1813        0.53        0.53    CPG_SL1B_TYPE_SHUFFLE_PB1@12
   71     0.18      480.460        0.959        0.961           1813        0.53        0.53    CPG_SL1B_TYPE_SHUFFLE_PB1@13
   72     0.18      480.460        0.959        0.961           1813        0.53        0.53    CPG_SL1B_TYPE_SHUFFLE_PB1@14
   73     0.18      480.460        0.959        0.961           1776        0.54        0.54    CPG_SL1B_TYPE_SHUFFLE_PB1@30
   74     0.18      480.460        0.958        0.960           1776        0.54        0.54    CPG_SL1B_TYPE_SHUFFLE_PB1@28
   75     0.18      480.460        0.957        0.959           1776        0.54        0.54    CPG_SL1B_TYPE_SHUFFLE_PB1@27
   76     0.18      480.460        0.957        0.959           1776        0.54        0.54    CPG_SL1B_TYPE_SHUFFLE_PB1@25
   77     0.18      480.460        0.956        0.958           1813        0.53        0.53    CPG_SL1B_TYPE_SHUFFLE_PB1@1
   78     0.18      480.460        0.955        0.958           1776        0.54        0.54    CPG_SL1B_TYPE_SHUFFLE_PB1@26
   79     0.18      480.460        0.955        0.957           1813        0.53        0.53    CPG_SL1B_TYPE_SHUFFLE_PB1@9
   80     0.18      480.460        0.955        0.957           1813        0.53        0.53    CPG_SL1B_TYPE_SHUFFLE_PB1@11
   81     0.18      480.460        0.955        0.957           1813        0.53        0.53    CPG_SL1B_TYPE_SHUFFLE_PB1@10
   82     0.18      480.460        0.954        0.956           1813        0.53        0.53    CPG_SL1B_TYPE_SHUFFLE_PB1@8
   83     0.18      480.460        0.954        0.956           1776        0.54        0.54    CPG_SL1B_TYPE_SHUFFLE_PB1@31
   84     0.18      480.460        0.954        0.956           1813        0.53        0.53    CPG_SL1B_TYPE_SHUFFLE_PB1@7
   85     0.18      480.460        0.953        0.955           1813        0.53        0.53    CPG_SL1B_TYPE_SHUFFLE_PB1@6
   86     0.18      480.460        0.952        0.954           1813        0.53        0.53    CPG_SL1B_TYPE_SHUFFLE_PB1@5
   87     0.18      480.460        0.952        0.954           1813        0.53        0.53    CPG_SL1B_TYPE_SHUFFLE_PB1@2
   88     0.18      480.460        0.951        0.953           1813        0.52        0.53    CPG_SL1B_TYPE_SHUFFLE_PB1@4
   89     0.18      480.460        0.950        0.952           1813        0.52        0.53    CPG_SL1B_TYPE_SHUFFLE_PB1@3
   90     0.18      480.460        0.948        0.950           1776        0.53        0.53    CPG_SL1B_TYPE_SHUFFLE_PB1@32
   91     0.17      481.374        0.913        0.917          10920        0.08        0.08    SRTM_TAUMOL24_GPU@1
   92     0.17      482.277        0.903        1.062             72       12.54       14.75    EXCHANGE_MS:EXCHANGE@1
   93     0.17      483.165        0.888        0.888             37       24.00       24.01    APL_ARPEGE_CLOUDINESS_PARALLEL:ACNEBCOND:COMPUTE@1
   94     0.16      484.022        0.857        0.858             41       20.91       20.92    TRMTOL@1
   95     0.16      484.877        0.854        0.858          10920        0.08        0.08    RRTM_TAUMOL13_GPU@1
   96     0.16      485.728        0.851        0.856          10920        0.08        0.08    RRTM_TAUMOL1_GPU@1
   97     0.16      486.562        0.834        0.838          10920        0.08        0.08    SRTM_TAUMOL20_GPU@1
   98     0.15      487.334        0.773        0.777          10920        0.07        0.07    RRTM_TAUMOL12_GPU@1
   99     0.15      488.105        0.771        0.771             37       20.83       20.83    APL_ARPEGE_PARALLEL:QNGCOR:COMPUTE@1
  100     0.14      488.864        0.760        0.764          10920        0.07        0.07    RRTM_TAUMOL2_GPU@1
  101     0.14      489.606        0.742        0.746          10920        0.07        0.07    SRTM_TAUMOL19_GPU@1
  102     0.14      490.338        0.732        0.736          10920        0.07        0.07    SRTM_TAUMOL18_GPU@1
  103     0.14      491.059        0.720        0.724          10920        0.07        0.07    SRTM_TAUMOL23_GPU@1
  104     0.13      491.736        0.677        0.681          10920        0.06        0.06    RRTM_TAUMOL11_GPU@1
  105     0.13      492.413        0.677        0.681          10920        0.06        0.06    SRTM_TAUMOL29_GPU@1
  106     0.13      493.074        0.661        0.666          10920        0.06        0.06    SRTM_SETCOEF_GPU@1
  107     0.12      493.719        0.645        0.646             37       17.44       17.45    CPG_SL1B_TYPE_SET_HOST_PARALLEL@1
  108     0.12      494.339        0.620        5.434             41       15.12      132.54    INV_TRANS@1
  109     0.12      494.956        0.617        0.621          10920        0.06        0.06    SRTM_TAUMOL16_GPU@1
  110     0.12      495.567        0.610        0.611             37       16.50       16.50    LAPINEB_PARALLEL:LARCHE:COMPUTE@1
  111     0.11      496.166        0.599        0.599             37       16.18       16.19    CPG_GP_HYD_PARALLEL:1:COMPUTE@1
  112     0.11      496.763        0.598        0.602          10920        0.05        0.06    SRTM_TAUMOL28_GPU@1
  113     0.11      497.356        0.593        0.593            222        2.67        2.67    LARCINB_PARALLEL:RRINTOPT:COMPUTE@1
  114     0.11      497.922        0.566        0.570          10920        0.05        0.05    RRTM_TAUMOL6_GPU@1
  115     0.11      498.483        0.561        0.565          10920        0.05        0.05    RRTM_TAUMOL10_GPU@1
  116     0.10      499.008        0.525        0.525             37       14.20       14.20    LASSIE_PARALLEL:SITNU:COMPUTE@1
  117     0.10      499.527        0.519        0.519             37       14.02       14.02    MF_PHYS_PREP_PARALLEL:PREP:COMPUTE@1
  118     0.09      499.998        0.471        0.471             37       12.73       12.74    CPG_GP_HYD_PARALLEL:0:COMPUTE@1
  119     0.09      500.469        0.471        0.474          10920        0.04        0.04    RRTM_TAUMOL16_GPU@1
  120     0.09      500.938        0.469       57.962             37       12.68     1566.53    LAPINEB_DRV@1
  121     0.09      501.395        0.457        0.457             37       12.35       12.35    APL_ARPEGE_PARALLEL:ACCLPH:COMPUTE@1
  122     0.09      501.851        0.456        0.456             37       12.33       12.33    APL_ARPEGE_PARALLEL:APLPAR_INIT:COMPUTE@1
  123     0.09      502.306        0.455        0.458          10920        0.04        0.04    RRTM_TAUMOL15_GPU@1
  124     0.09      502.759        0.453        0.453             37       12.23       12.24    APL_ARPEGE_PARALLEL:ACDRME:COMPUTE@1
  125     0.09      503.209        0.450        0.450             37       12.16       12.17    APL_ARPEGE_PARALLEL:ACTQSAT:COMPUTE@1
  126     0.08      503.656        0.447       10.990             37       12.09      297.03    DIR_TRANS@1
  127     0.08      504.098        0.442        0.445          10920        0.04        0.04    radiation_flux:calc_surface_spectral_GPU@1
  128     0.08      504.534        0.436        0.866             36       12.12       24.06    SPCSINEW_PARALLEL@1
  129     0.08      504.969        0.435        0.436            272        1.60        1.60   *FFT992@2
  130     0.08      505.402        0.433        1.110            195        2.22        5.69   *LTINV_MOD@18
  131     0.08      505.402        0.432        1.107            194        2.23        5.71    LTINV_MOD@17
  132     0.08      505.832        0.429        0.429             37       11.60       11.60    APL_ARPEGE_PARALLEL:ACDRAG:COMPUTE@1
  133     0.08      505.832        0.429        0.429            244        1.76        1.76    FFT992@1
  134     0.08      506.258        0.427        0.430          10920        0.04        0.04    SRTM_TAUMOL27_GPU@1
  135     0.08      506.258        0.423        0.424            559        0.76        0.76    FFT992@24
  136     0.08      506.258        0.422        1.095            195        2.17        5.62    LTINV_MOD@19
  137     0.08      506.675        0.417        0.417            115        3.63        3.63   *LEINV_DGEMM_1@7
  138     0.08      506.675        0.416        1.136            229        1.81        4.96    LTINV_MOD@26
  139     0.08      506.675        0.412        0.413            486        0.85        0.85    FFT992@20
  140     0.08      507.087        0.412        0.412             37       11.13       11.14    LAVENT_PARALLEL:0:COMPUTE@1
  141     0.08      507.087        0.411        0.412            494        0.83        0.83    FFT992@18
  142     0.08      507.087        0.411        0.412            248        1.66        1.66    FFT992@4
  143     0.08      507.087        0.410        0.411            475        0.86        0.86    FFT992@17
  144     0.08      507.087        0.409        0.409            117        3.50        3.50    LEINV_DGEMM_1@8
  145     0.08      507.087        0.408        0.409            598        0.68        0.68    FFT992@29
  146     0.08      507.087        0.405        1.063            152        2.67        6.99    LTINV_MOD@13
  147     0.08      507.087        0.404        0.404            247        1.64        1.64    FFT992@3
  148     0.08      507.087        0.403        0.404            493        0.82        0.82    FFT992@19
  149     0.08      507.087        0.403        0.404            591        0.68        0.68    FFT992@28
  150     0.08      507.087        0.402        1.068            195        2.06        5.48    LTINV_MOD@20
  151     0.08      507.087        0.400        0.401            627        0.64        0.64    FFT992@32
  152     0.08      507.087        0.399        0.400            246        1.62        1.62    FFT992@5
  153     0.08      507.087        0.398        1.082             78        5.10       13.88    LTINV_MOD@2
  154     0.08      507.485        0.398        0.398            324        1.23        1.23    SCAN2M_TS_PARALLEL:0:COMPUTE@1
  155     0.08      507.485        0.397        0.398            550        0.72        0.72    FFT992@25
  156     0.08      507.485        0.397        0.398            567        0.70        0.70    FFT992@26
  157     0.08      507.485        0.397        0.398            519        0.77        0.77    FFT992@23
  158     0.08      507.485        0.397        0.397            229        1.73        1.73    LEINV_DGEMM_1@26
  159     0.08      507.485        0.396        0.995             87        4.55       11.44    LTINV_MOD@1
  160     0.08      507.485        0.395        0.396            621        0.64        0.64    FFT992@31
  161     0.08      507.485        0.395        1.039            157        2.52        6.62    LTINV_MOD@14
  162     0.07      507.879        0.394        0.395             74        5.33        5.33    GPMPFC_EXPL_PARALLEL:1:COMPUTE@1
  163     0.07      508.272        0.393        0.393              1      393.01      393.01    SETUP_TRANS@1
  164     0.07      508.272        0.393        0.393            233        1.69        1.69    LEINV_DGEMM_1@28
  165     0.07      508.272        0.393        0.393            585        0.67        0.67    FFT992@27
  166     0.07      508.272        0.392        0.393            608        0.65        0.65    FFT992@30
  167     0.07      508.272        0.391        0.391            507        0.77        0.77    FFT992@22
  168     0.07      508.272        0.391        0.391            490        0.80        0.80    FFT992@21
  169     0.07      508.272        0.391        0.391            238        1.64        1.64    FFT992@6
  170     0.07      508.272        0.390        1.114            234        1.67        4.76    LTINV_MOD@27
  171     0.07      508.272        0.390        0.391             78        5.01        5.01    LEINV_DGEMM_1@4
  172     0.07      508.272        0.389        1.094            230        1.69        4.75    LTINV_MOD@24
  173     0.07      508.272        0.388        0.389            233        1.67        1.67    LEINV_DGEMM_1@32
  174     0.07      508.272        0.388        1.120            236        1.64        4.75    LTINV_MOD@25
  175     0.07      508.272        0.387        1.067             78        4.97       13.68    LTINV_MOD@3
  176     0.07      508.272        0.387        0.387            117        3.31        3.31    LEINV_DGEMM_1@9
  177     0.07      508.272        0.387        0.388            273        1.42        1.42    FFT992@8
  178     0.07      508.272        0.387        0.387            236        1.64        1.64    LEINV_DGEMM_1@25
  179     0.07      508.272        0.386        0.386            234        1.65        1.65    LEINV_DGEMM_1@27
  180     0.07      508.272        0.382        0.383            240        1.59        1.59    FFT992@7
  181     0.07      508.272        0.382        0.382             78        4.89        4.90    LEINV_DGEMM_1@3
  182     0.07      508.272        0.379        0.380             78        4.87        4.87    LEINV_DGEMM_1@2
  183     0.07      508.272        0.378        0.379            230        1.65        1.65    LEINV_DGEMM_1@24
  184     0.07      508.272        0.378        0.378            306        1.24        1.24    FFT992@12
  185     0.07      508.272        0.378        0.378            117        3.23        3.23    LEINV_DGEMM_1@10
  186     0.07      508.272        0.377        0.377            249        1.51        1.51    LEINV_DGEMM_1@30
  187     0.07      508.272        0.376        0.376            194        1.94        1.94    LEINV_DGEMM_1@17
  188     0.07      508.272        0.375        1.077            117        3.21        9.20    LTINV_MOD@9
  189     0.07      508.272        0.373        1.107            115        3.24        9.63    LTINV_MOD@7
  190     0.07      508.272        0.373        0.373            152        2.45        2.45    LEINV_DGEMM_1@13
  191     0.07      508.272        0.372        1.048            231        1.61        4.54    LTINV_MOD@29
  192     0.07      508.272        0.372        0.984            157        2.37        6.27    LTINV_MOD@15
  193     0.07      508.272        0.371        0.372            195        1.90        1.91    LEINV_DGEMM_1@18
  194     0.07      508.272        0.371        0.371            219        1.69        1.70    LEINV_DGEMM_1@31
  195     0.07      508.641        0.369        0.369             37        9.98        9.98    APL_ARPEGE_DEEP_CONVECTION_PARALLEL:INIT:COMPUTE@1
  196     0.07      508.641        0.369        0.369            195        1.89        1.89    LEINV_DGEMM_1@19
  197     0.07      508.641        0.369        0.369            231        1.60        1.60    LEINV_DGEMM_1@29
  198     0.07      508.641        0.369        0.369            157        2.35        2.35    LEINV_DGEMM_1@14
  199     0.07      508.641        0.366        1.044            249        1.47        4.19    LTINV_MOD@30
  200     0.07      508.641        0.365        0.366            390        0.94        0.94    FFT992@16
  201     0.07      508.641        0.365        0.366            195        1.87        1.87    LEINV_DGEMM_1@20
  202     0.07      508.641        0.365        1.013            195        1.87        5.19    LTINV_MOD@21
  203     0.07      508.641        0.365        1.089            233        1.57        4.68    LTINV_MOD@28
  204     0.07      508.641        0.364        1.003            117        3.11        8.57    LTINV_MOD@11
  205     0.07      508.641        0.362        0.363             78        4.65        4.65    LEINV_DGEMM_1@5
  206     0.07      508.641        0.362        0.991             81        4.47       12.24    LTINV_MOD@6
  207     0.07      508.641        0.362        0.363            296        1.22        1.23    FFT992@11
  208     0.07      508.641        0.362        0.965            119        3.04        8.11    LTINV_MOD@12
  209     0.07      508.641        0.362        1.039            117        3.09        8.88    LTINV_MOD@10
  210     0.07      508.641        0.361        1.032            219        1.65        4.71    LTINV_MOD@31
  211     0.07      509.000        0.359        0.363          10920        0.03        0.03    RRTM_PREPARE_GASES_GPU@1
  212     0.07      509.000        0.358        0.358            117        3.06        3.06    LEINV_DGEMM_1@11
  213     0.07      509.358        0.358        0.358             37        9.67        9.67    ACVPPKF_PARALLEL:PART2:GET_DATA@1
  214     0.07      509.358        0.357        1.061             78        4.58       13.61    LTINV_MOD@4
  215     0.07      509.358        0.356        0.971            158        2.25        6.15    LTINV_MOD@16
  216     0.07      509.358        0.356        0.972            196        1.81        4.96    LTINV_MOD@23
  217     0.07      509.358        0.355        1.093            117        3.04        9.34    LTINV_MOD@8
  218     0.07      509.358        0.355        1.000             78        4.55       12.83    LTINV_MOD@5
  219     0.07      509.358        0.354        0.354            195        1.82        1.82    LEINV_DGEMM_1@21
  220     0.07      509.358        0.353        0.353            283        1.25        1.25    FFT992@10
  221     0.07      509.358        0.351        0.351            157        2.24        2.24    LEINV_DGEMM_1@15
  222     0.07      509.358        0.350        0.350             81        4.32        4.32    LEINV_DGEMM_1@6
  223     0.07      509.358        0.349        0.350            261        1.34        1.34    FFT992@9
  224     0.07      509.358        0.346        0.346            158        2.19        2.19    LEINV_DGEMM_1@16
  225     0.07      509.358        0.345        0.980            195        1.77        5.02    LTINV_MOD@22
  226     0.07      509.702        0.344        0.345            236        1.46        1.46   *LEINV_DGEMM_2@25
  227     0.07      510.046        0.343        0.347          10920        0.03        0.03    SRTM_TAUMOL22_GPU@1
  228     0.07      510.389        0.343        0.343              1      342.86      342.87    FAIXLA_MT@1
  229     0.07      510.389        0.342        0.343            378        0.91        0.91    FFT992@15
  230     0.06      510.389        0.340        0.340            119        2.86        2.86    LEINV_DGEMM_1@12
  231     0.06      510.389        0.338        0.339            323        1.05        1.05    FFT992@13
  232     0.06      510.389        0.337        0.337            234        1.44        1.44    LEINV_DGEMM_2@27
  233     0.06      510.389        0.336        0.336            195        1.72        1.73    LEINV_DGEMM_1@22
  234     0.06      510.389        0.331        0.331            233        1.42        1.42    LEINV_DGEMM_2@28
  235     0.06      510.389        0.328        0.328            361        0.91        0.91    FFT992@14
  236     0.06      510.389        0.328        0.328            196        1.67        1.67    LEINV_DGEMM_1@23
  237     0.06      510.389        0.328        0.328            117        2.80        2.80    LEINV_DGEMM_2@8
  238     0.06      510.715        0.327        0.327             37        8.83        8.83    APL_ARPEGE_DEEP_CONVECTION_PARALLEL:ZERO:COMPUTE@1
  239     0.06      510.715        0.326        0.326            230        1.42        1.42    LEINV_DGEMM_2@24
  240     0.06      511.039        0.324        0.324             74        4.38        4.38    LAPINEB_PARALLEL:ROTUVGEO:COMPUTE@1
  241     0.06      511.363        0.324        0.324            222        1.46        1.46    LAPINEB_PARALLEL:CVGQ:COMPUTE@1
  242     0.06      511.363        0.323        0.323            229        1.41        1.41    LEINV_DGEMM_2@26
  243     0.06      511.685        0.322        0.322            333        0.97        0.97    CPUTQY0_PARALLEL:PVAR:COMPUTE@1
  244     0.06      512.004        0.319        0.319            555        0.57        0.57    GPRCP_EXPL_PARALLEL:1:COMPUTE@1
  245     0.06      512.004        0.317        0.317            115        2.75        2.76    LEINV_DGEMM_2@7
  246     0.06      512.004        0.315        0.315             87        3.62        3.62    LEINV_DGEMM_1@1
  247     0.06      512.004        0.314        0.314            117        2.68        2.68    LEINV_DGEMM_2@9
  248     0.06      512.004        0.313        0.313             78        4.01        4.02    LEINV_DGEMM_2@4
  249     0.06      512.004        0.312        0.312            233        1.34        1.34    LEINV_DGEMM_2@32
  250     0.06      512.004        0.311        1.012            233        1.33        4.34    LTINV_MOD@32
  251     0.06      512.312        0.308        0.308             37        8.32        8.32    CPG_GP_PARALLEL:GPINISLB_PART1_EXPL:COMPUTE@1
  252     0.06      512.312        0.307        0.307            231        1.33        1.33    LEINV_DGEMM_2@29
  253     0.06      512.617        0.305        0.664            207        1.47        3.21   *LTDIR_MOD@26
  254     0.06      512.617        0.305        0.305             78        3.91        3.91    LEINV_DGEMM_2@2
  255     0.06      512.617        0.304        0.304            195        1.56        1.56    LEINV_DGEMM_2@18
  256     0.06      512.920        0.303        0.304             39        7.78        7.80    COMMSPNORM@1
  257     0.06      512.920        0.303        0.303            195        1.55        1.56    LEINV_DGEMM_2@19
  258     0.06      512.920        0.301        0.661            206        1.46        3.21    LTDIR_MOD@25
  259     0.06      512.920        0.300        0.301            249        1.21        1.21    LEINV_DGEMM_2@30
  260     0.06      512.920        0.300        0.300            195        1.54        1.54    LEINV_DGEMM_2@20
  261     0.06      512.920        0.299        0.673            206        1.45        3.27    LTDIR_MOD@24
  262     0.06      512.920        0.299        0.299            219        1.36        1.36    LEINV_DGEMM_2@31
  263     0.06      512.920        0.299        0.299            117        2.55        2.55    LEINV_DGEMM_2@10
  264     0.06      512.920        0.299        0.299            195        1.53        1.53    LEINV_DGEMM_2@22
  265     0.06      512.920        0.298        0.299            194        1.54        1.54    LEINV_DGEMM_2@17
  266     0.06      513.218        0.298        0.298             37        8.05        8.05    APL_ARPEGE_DEEP_CONVECTION_PARALLEL:ACUPTQ:COMPUTE@1
  267     0.06      513.218        0.298        0.298             78        3.82        3.82    LEINV_DGEMM_2@3
  268     0.06      513.218        0.298        0.664            201        1.48        3.30    LTDIR_MOD@23
  269     0.06      513.218        0.298        0.651            210        1.42        3.10    LTDIR_MOD@29
  270     0.06      513.218        0.295        0.662            208        1.42        3.18    LTDIR_MOD@27
  271     0.06      513.218        0.294        0.663            211        1.39        3.14    LTDIR_MOD@28
  272     0.06      513.218        0.293        0.293            195        1.50        1.50    LEINV_DGEMM_2@21
  273     0.05      513.218        0.289        0.645            193        1.50        3.34    LTDIR_MOD@22
  274     0.05      513.507        0.289        0.289             37        7.81        7.81    APL_ARPEGE_DEEP_CONVECTION_PARALLEL:COPY:COMPUTE@1
  275     0.05      513.507        0.288        0.288            196        1.47        1.47    LEINV_DGEMM_2@23
  276     0.05      513.507        0.287        0.650            213        1.35        3.05    LTDIR_MOD@30
  277     0.05      513.507        0.286        0.664            181        1.58        3.67    LTDIR_MOD@17
  278     0.05      513.507        0.285        0.650            178        1.60        3.65    LTDIR_MOD@18
  279     0.05      513.507        0.285        0.652            178        1.60        3.66    LTDIR_MOD@19
  280     0.05      513.507        0.285        0.285            152        1.87        1.87    LEINV_DGEMM_2@13
  281     0.05      513.507        0.284        0.284             87        3.27        3.27    LEINV_DGEMM_2@1
  282     0.05      513.507        0.283        0.632            185        1.53        3.41    LTDIR_MOD@21
  283     0.05      513.507        0.283        0.283             78        3.63        3.63    LEINV_DGEMM_2@5
  284     0.05      513.507        0.280        0.632            177        1.58        3.57    LTDIR_MOD@20
  285     0.05      513.507        0.280        0.280            117        2.40        2.40    LEINV_DGEMM_2@11
  286     0.05      513.507        0.279        0.279             81        3.44        3.45    LEINV_DGEMM_2@6
  287     0.05      513.507        0.275        0.275            157        1.75        1.75    LEINV_DGEMM_2@14
  288     0.05      513.777        0.270        0.274          10920        0.02        0.03    SRTM_TAUMOL25_GPU@1
  289     0.05      513.777        0.269        0.269            158        1.70        1.70    LEINV_DGEMM_2@16
  290     0.05      513.777        0.263        0.644            219        1.20        2.94    LTDIR_MOD@31
  291     0.05      513.777        0.262        0.262            119        2.20        2.21    LEINV_DGEMM_2@12
  292     0.05      513.777        0.260        0.260            157        1.66        1.66    LEINV_DGEMM_2@15
  293     0.05      514.034        0.257        0.257             37        6.95        6.95    CPG_DIA_FLU_PARALLEL:0:COMPUTE@1
  294     0.05      514.290        0.256        0.256             37        6.93        6.93    APL_ARPEGE_PARALLEL:CPPHINP:COMPUTE@1
  295     0.05      514.290        0.255        0.628            220        1.16        2.86    LTDIR_MOD@32
  296     0.05      514.543        0.252        0.253             81        3.12        3.12   *LEDIR_DGEMM_1@4
  297     0.05      514.793        0.250        0.250             37        6.76        6.76    APL_ARPEGE_PARALLEL:DIFTQ:COMPUTE@1
  298     0.05      514.793        0.250        0.666             78        3.20        8.54    LTDIR_MOD@2
  299     0.05      514.793        0.249        0.249            120        2.08        2.08    LEDIR_DGEMM_1@9
  300     0.05      514.793        0.249        0.249             81        3.07        3.07    LEDIR_DGEMM_1@3
  301     0.05      514.793        0.247        0.658             80        3.08        8.23    LTDIR_MOD@5
  302     0.05      514.793        0.246        0.673             81        3.04        8.31    LTDIR_MOD@3
  303     0.05      514.793        0.242        0.650            159        1.52        4.09    LTDIR_MOD@14
  304     0.05      514.793        0.242        0.649            124        1.95        5.23    LTDIR_MOD@11
  305     0.05      514.793        0.241        0.672             81        2.98        8.30    LTDIR_MOD@4
  306     0.05      514.793        0.241        0.241             78        3.09        3.09    LEDIR_DGEMM_1@2
  307     0.05      514.793        0.240        0.240             80        3.00        3.01    LEDIR_DGEMM_1@5
  308     0.05      514.793        0.240        0.240            123        1.95        1.95    LEDIR_DGEMM_1@10
  309     0.05      515.032        0.239        0.239             37        6.46        6.46    LATTES_PARALLEL:0:COMPUTE@1
  310     0.05      515.032        0.237        0.635            126        1.88        5.04    LTDIR_MOD@12
  311     0.04      515.032        0.236        0.658            123        1.92        5.35    LTDIR_MOD@10
  312     0.04      515.268        0.236        0.240          10920        0.02        0.02    LIQUID_EFFECTIVE_RADIUS_GPU@1
  313     0.04      515.268        0.236        0.625            137        1.72        4.56    LTDIR_MOD@13
  314     0.04      515.268        0.236        0.631             80        2.95        7.89    LTDIR_MOD@6
  315     0.04      515.268        0.235        0.235            107        2.20        2.20    LEDIR_DGEMM_1@8
  316     0.04      515.268        0.234        0.652            107        2.19        6.09    LTDIR_MOD@8
  317     0.04      515.268        0.233        0.634            167        1.40        3.79    LTDIR_MOD@15
  318     0.04      515.268        0.233        0.614            170        1.37        3.61    LTDIR_MOD@16
  319     0.04      515.268        0.231        0.665            120        1.93        5.55    LTDIR_MOD@9
  320     0.04      515.268        0.230        0.617             82        2.81        7.52    LTDIR_MOD@7
  321     0.04      515.268        0.230        0.231            124        1.86        1.86    LEDIR_DGEMM_1@11
  322     0.04      515.498        0.230        0.230            222        1.04        1.04    LATTEX_EXPL_2TL_PARALLEL:3:COMPUTE@1
  323     0.04      515.498        0.229        0.229             80        2.87        2.87    LEDIR_DGEMM_1@6
  324     0.04      515.498        0.227        0.227            159        1.43        1.43    LEDIR_DGEMM_1@14
  325     0.04      515.498        0.224        0.225            126        1.78        1.78    LEDIR_DGEMM_1@12
  326     0.04      515.722        0.224      189.370              7       31.97    27052.82    RECMWF_PARALLEL:ECRAD_GPU:COMPUTE@1
  327     0.04      515.722        0.223        0.625             87        2.56        7.19    LTDIR_MOD@1
  328     0.04      515.722        0.222        0.222            167        1.33        1.33    LEDIR_DGEMM_1@15
  329     0.04      515.722        0.222        0.222             82        2.70        2.71    LEDIR_DGEMM_1@7
  330     0.04      515.722        0.222        0.222             87        2.55        2.55    LEDIR_DGEMM_1@1
  331     0.04      515.942        0.220        0.220              1      220.42      220.43    DIST_SPEC@1
  332     0.04      515.942        0.219        0.219            137        1.60        1.60    LEDIR_DGEMM_1@13
  333     0.04      516.162        0.219        0.219             37        5.92        5.93    CPUTQY_APLPAR_EXPL_PARALLEL:ZDEC:COMPUTE@1
  334     0.04      516.376        0.214        0.215             37        5.80        5.80    APL_ARPEGE_PARALLEL:ZBAY_QRCONV:COMPUTE@1
  335     0.04      516.376        0.214        0.214            219        0.98        0.98    LEDIR_DGEMM_1@31
  336     0.04      516.376        0.210        0.210            170        1.23        1.23    LEDIR_DGEMM_1@16
  337     0.04      516.376        0.208        0.208            220        0.94        0.95    LEDIR_DGEMM_1@32
  338     0.04      516.581        0.205        0.208          10920        0.02        0.02    RRTM_TAUMOL14_GPU@1
  339     0.04      516.785        0.204        0.204             36        5.67        5.68    SPCSIDG_PART1SC@1
  340     0.04      516.785        0.202        0.202            213        0.95        0.95    LEDIR_DGEMM_1@30
  341     0.04      516.785        0.202        0.202            211        0.96        0.96    LEDIR_DGEMM_1@28
  342     0.04      516.785        0.202        0.202            181        1.11        1.12    LEDIR_DGEMM_1@17
  343     0.04      516.785        0.200        0.201            206        0.97        0.97    LEDIR_DGEMM_1@24
  344     0.04      516.785        0.197        0.198            178        1.11        1.11    LEDIR_DGEMM_1@19
  345     0.04      516.785        0.197        0.197            208        0.95        0.95    LEDIR_DGEMM_1@27
  346     0.04      516.785        0.195        0.196            201        0.97        0.97    LEDIR_DGEMM_1@23
  347     0.04      516.785        0.195        0.195            178        1.09        1.09    LEDIR_DGEMM_1@18
  348     0.04      516.979        0.193        0.193             37        5.22        5.22    CPGLAG_PARALLEL:0:COMPUTE@1
  349     0.04      516.979        0.193        0.193            210        0.92        0.92    LEDIR_DGEMM_1@29
  350     0.04      516.979        0.191        0.192            207        0.92        0.93    LEDIR_DGEMM_1@26
  351     0.04      516.979        0.191        0.191            206        0.93        0.93    LEDIR_DGEMM_1@25
  352     0.04      517.168        0.189        0.189             37        5.12        5.12    LAPINEB_PARALLEL:LACONE:COMPUTE@1
  353     0.04      517.168        0.189        0.189            177        1.07        1.07    LEDIR_DGEMM_1@20
  354     0.04      517.168        0.188        0.188            193        0.97        0.97    LEDIR_DGEMM_1@22
  355     0.04      517.355        0.188        0.215          98280        0.00        0.00    radiation_gas:put_gas_GPU@1
  356     0.04      517.355        0.185        0.185            185        1.00        1.00    LEDIR_DGEMM_1@21
  357     0.04      517.540        0.185        0.185            148        1.25        1.25    GPRCP_EXPL_PARALLEL:0:COMPUTE@1
  358     0.04      517.725        0.185        0.185            120        1.54        1.54   *LEDIR_DGEMM_2@9
  359     0.03      517.725        0.182        0.183            107        1.71        1.71    LEDIR_DGEMM_2@8
  360     0.03      517.907        0.182       30.737             37        4.92      830.74    ACVPPKF_PARALLEL:PART2@1
  361     0.03      518.089        0.182        0.182            148        1.23        1.23    GPINISLB_PART2_EXPL_PARALLEL:1:COMPUTE@1
  362     0.03      518.089        0.182        0.182            123        1.48        1.48    LEDIR_DGEMM_2@10
  363     0.03      518.089        0.181        0.181             87        2.08        2.08    LEDIR_DGEMM_2@1
  364     0.03      518.089        0.180        0.181            159        1.13        1.14    LEDIR_DGEMM_2@14
  365     0.03      518.269        0.180        0.180            222        0.81        0.81    LAPINEB_PARALLEL:ZERO_GMV9:COMPUTE@1
  366     0.03      518.448        0.179        0.179             37        4.84        4.84    CPG_SL2_TYPE_SET_HOST_PARALLEL@1
  367     0.03      518.448        0.178        0.178             81        2.20        2.20    LEDIR_DGEMM_2@3
  368     0.03      518.448        0.178        0.178             81        2.20        2.20    LEDIR_DGEMM_2@4
  369     0.03      518.448        0.178        0.178            167        1.06        1.06    LEDIR_DGEMM_2@15
  370     0.03      518.448        0.176        0.176            181        0.97        0.97    LEDIR_DGEMM_2@17
  371     0.03      518.448        0.176        0.176            124        1.42        1.42    LEDIR_DGEMM_2@11
  372     0.03      518.448        0.175        0.175             78        2.24        2.24    LEDIR_DGEMM_2@2
  373     0.03      518.448        0.173        0.174            126        1.38        1.38    LEDIR_DGEMM_2@12
  374     0.03      518.448        0.173        0.173            206        0.84        0.84    LEDIR_DGEMM_2@24
  375     0.03      518.448        0.171        0.171            201        0.85        0.85    LEDIR_DGEMM_2@23
  376     0.03      518.448        0.171        0.171             80        2.13        2.14    LEDIR_DGEMM_2@5
  377     0.03      518.448        0.171        0.171            170        1.00        1.00    LEDIR_DGEMM_2@16
  378     0.03      518.448        0.170        0.170            178        0.95        0.96    LEDIR_DGEMM_2@18
  379     0.03      518.448        0.170        0.170            208        0.82        0.82    LEDIR_DGEMM_2@27
  380     0.03      518.448        0.169        0.170            178        0.95        0.95    LEDIR_DGEMM_2@19
  381     0.03      518.448        0.169        0.169            137        1.24        1.24    LEDIR_DGEMM_2@13
  382     0.03      518.448        0.169        0.169            206        0.82        0.82    LEDIR_DGEMM_2@25
  383     0.03      518.448        0.167        0.168            211        0.79        0.79    LEDIR_DGEMM_2@28
  384     0.03      518.448        0.167        0.167            193        0.87        0.87    LEDIR_DGEMM_2@22
  385     0.03      518.448        0.167        0.167            207        0.81        0.81    LEDIR_DGEMM_2@26
  386     0.03      518.448        0.167        0.167            219        0.76        0.76    LEDIR_DGEMM_2@31
  387     0.03      518.448        0.166        0.166             80        2.07        2.07    LEDIR_DGEMM_2@6
  388     0.03      518.448        0.165        0.165            220        0.75        0.75    LEDIR_DGEMM_2@32
  389     0.03      518.448        0.165        0.165             82        2.01        2.01    LEDIR_DGEMM_2@7
  390     0.03      518.612        0.164        0.164             37        4.44        4.44    LAPINEB_PARALLEL:NVLAG3:COMPUTE@1
  391     0.03      518.612        0.162        0.163            185        0.88        0.88    LEDIR_DGEMM_2@21
  392     0.03      518.774        0.162      186.455          10920        0.01       17.07    radiation_interface_GPU:radiation_GPU@1
  393     0.03      518.774        0.162        0.162            177        0.91        0.91    LEDIR_DGEMM_2@20
  394     0.03      518.774        0.161        0.161            213        0.75        0.75    LEDIR_DGEMM_2@30
  395     0.03      518.774        0.160        0.160            210        0.76        0.76    LEDIR_DGEMM_2@29
  396     0.03      518.915        0.141        0.144          10920        0.01        0.01    SATUR_GPU@1
  397     0.03      519.054        0.139        0.310             37        3.76        8.37    SCAN2M_CTVTOT_DRV@1
  398     0.03      519.193        0.139        0.139             37        3.76        3.76    LAPINEB_PARALLEL:ROTUV:COMPUTE@1
  399     0.03      519.331        0.138        0.138            185        0.75        0.75    GPRCP_EXPL_PARALLEL:2:COMPUTE@1
  400     0.03      519.465        0.134        0.134            222        0.60        0.60    GPINISLB_PART2_EXPL_PARALLEL:0:COMPUTE@1
  401     0.02      519.590        0.126        0.126             37        3.40        3.40    APL_ARPEGE_PARALLEL:ACVISIH:COMPUTE@1
  402     0.02      519.713        0.122        0.126          10920        0.01        0.01    radiation_single_level:get_albedos_GPU@1
  403     0.02      519.835        0.122        0.122             37        3.29        3.30    APL_ARPEGE_RADIATION_PARALLEL:LMSE_F:COMPUTE@1
  404     0.02      519.954        0.120        0.123          10920        0.01        0.01    radiation_cloud:set_overlap_param_var_GPU@1
  405     0.02      520.073        0.118        0.118             74        1.60        1.60    GPMPFC_EXPL_PART2_PARALLEL:0:COMPUTE@1
  406     0.02      520.189        0.117        0.117             37        3.15        3.15    APL_ARPEGE_SURFACE_UPDATE_PARALLEL:LMSE_F:COMPUTE@1
  407     0.02      520.305        0.116        0.116             37        3.12        3.12    APL_ARPEGE_INIT_PARALLEL:6:COMPUTE@1
  408     0.02      520.419        0.114        0.114             72        1.59        1.59   *SGEMMX@9
  409     0.02      520.419        0.114        0.114             72        1.58        1.58    SGEMMX@10
  410     0.02      520.419        0.113        0.113             72        1.57        1.57    SGEMMX@12
  411     0.02      520.419        0.113        0.113             72        1.57        1.57    SGEMMX@11
  412     0.02      520.419        0.113        0.113             72        1.56        1.56    SGEMMX@13
  413     0.02      520.419        0.113        0.113             72        1.56        1.56    SGEMMX@5
  414     0.02      520.419        0.112        0.112             72        1.56        1.56    SGEMMX@21
  415     0.02      520.419        0.112        0.112             72        1.55        1.55    SGEMMX@14
  416     0.02      520.530        0.111        0.111             37        3.01        3.01    APL_ARPEGE_INIT_PARALLEL:0:COMPUTE@1
  417     0.02      520.642        0.111        0.111             37        3.00        3.01    GPTF1_YDVARS_PARALLEL:LTWOTL:COMPUTE@1
  418     0.02      520.642        0.111        0.111             72        1.54        1.54    SGEMMX@17
  419     0.02      520.642        0.111        0.111             72        1.54        1.54    SGEMMX@6
  420     0.02      520.642        0.111        0.111             72        1.54        1.54    SGEMMX@7
  421     0.02      520.642        0.111        0.111             72        1.54        1.54    SGEMMX@23
  422     0.02      520.642        0.110        0.110             72        1.53        1.53    SGEMMX@8
  423     0.02      520.642        0.110        0.110             72        1.53        1.53    SGEMMX@22
  424     0.02      520.642        0.110        0.110             72        1.52        1.52    SGEMMX@16
  425     0.02      520.642        0.110        0.110             72        1.52        1.52    SGEMMX@15
  426     0.02      520.642        0.108        0.108             72        1.50        1.50    SGEMMX@20
  427     0.02      520.642        0.108        0.108             72        1.49        1.50    SGEMMX@19
  428     0.02      520.642        0.108        0.108             72        1.49        1.49    SGEMMX@29
  429     0.02      520.642        0.107        0.108             72        1.49        1.50    SGEMMX@26
  430     0.02      520.642        0.107        0.107             72        1.48        1.49    SGEMMX@25
  431     0.02      520.642        0.107        0.107             72        1.48        1.49    SGEMMX@18
  432     0.02      520.642        0.105        0.105             72        1.46        1.46    SGEMMX@1
  433     0.02      520.642        0.103        0.104             72        1.44        1.44    SGEMMX@24
  434     0.02      520.745        0.103        0.103             37        2.79        2.79    APL_ARPEGE_RADIATION_PARALLEL:DIRECT:COMPUTE@1
  435     0.02      520.848        0.103        0.103             37        2.78        2.78    CPG_DIA_FLU_PARALLEL:2:COMPUTE@1
  436     0.02      520.949        0.101        0.105          10920        0.01        0.01    radiation_flux:allocate_flux_type_GPU@1
  437     0.02      521.049        0.101        0.104          10920        0.01        0.01    radiation_flux:deallocate_flux_type_GPU@1
  438     0.02      521.049        0.101        0.101             72        1.40        1.40    SGEMMX@27
  439     0.02      521.150        0.100        0.103          10920        0.01        0.01    SRTM_TAUMOL26_GPU@1
  440     0.02      521.249        0.099        0.099             37        2.69        2.69    APL_ARPEGE_PARALLEL:ZRDG_LCVQ:COMPUTE@1
  441     0.02      521.348        0.099        0.099             36        2.76        2.76    APL_ARPEGE_RADIATION_PARALLEL:SUNSHINE:COMPUTE@1
  442     0.02      521.348        0.099        0.099             72        1.37        1.38    SGEMMX@30
  443     0.02      521.348        0.099        0.099             72        1.37        1.37    SGEMMX@4
  444     0.02      521.447        0.099        0.099            216        0.46        0.46   *MXTURHDMULTNEW@11
  445     0.02      521.447        0.097        0.097             72        1.35        1.35    SGEMMX@2
  446     0.02      521.447        0.097        0.097             72        1.35        1.35    SGEMMX@3
  447     0.02      521.544        0.097        0.097            116        0.84        0.84    "lfilec_alts"@1:lfi_alts.c
  448     0.02      521.544        0.095        0.096            224        0.43        0.43    MXTURHDMULTNEW@12
  449     0.02      521.639        0.095        0.096           1404        0.07        0.07    MXPTMASC2@1
  450     0.02      521.639        0.095        0.095             72        1.32        1.32    SGEMMX@32
  451     0.02      521.639        0.095        0.095            200        0.47        0.48    MXTURHDMULTNEW@8
  452     0.02      521.639        0.095        0.095             72        1.31        1.31    SGEMMX@31
  453     0.02      521.639        0.094        0.094             72        1.30        1.31    SGEMMX@28
  454     0.02      521.639        0.093        0.094            192        0.49        0.49    MXTURHDMULTNEW@10
  455     0.02      521.639        0.093        0.094            482        0.19        0.19    MXTURHDMULTNEW@32
  456     0.02      521.639        0.093        0.094            426        0.22        0.22    MXTURHDMULTNEW@27
  457     0.02      521.639        0.093        0.094            422        0.22        0.22    MXTURHDMULTNEW@24
  458     0.02      521.639        0.093        0.094            424        0.22        0.22    MXTURHDMULTNEW@26
  459     0.02      521.639        0.093        0.093            190        0.49        0.49    MXTURHDMULTNEW@2
  460     0.02      521.639        0.092        0.093            156        0.59        0.59    MXTURHDMULTNEW@5
  461     0.02      521.639        0.092        0.093            354        0.26        0.26    MXTURHDMULTNEW@19
  462     0.02      521.639        0.092        0.092            172        0.53        0.53    MXTURHDMULTNEW@7
  463     0.02      521.639        0.092        0.092            404        0.23        0.23    MXTURHDMULTNEW@23
  464     0.02      521.639        0.091        0.092            356        0.26        0.26    MXTURHDMULTNEW@20
  465     0.02      521.639        0.091        0.091            176        0.52        0.52    MXTURHDMULTNEW@4
  466     0.02      521.639        0.091        0.091            160        0.57        0.57    MXTURHDMULTNEW@6
  467     0.02      521.639        0.091        0.091            224        0.40        0.41    MXTURHDMULTNEW@13
  468     0.02      521.639        0.091        0.091            174        0.52        0.52    MXTURHDMULTNEW@9
  469     0.02      521.730        0.090        0.174             20        4.51        8.68    GPNORM_TRANS_CTL@1
  470     0.02      521.730        0.090        0.090            172        0.52        0.52    MXTURHDMULTNEW@3
  471     0.02      521.730        0.090        0.091            474        0.19        0.19    MXTURHDMULTNEW@31
  472     0.02      521.730        0.089        0.090            350        0.25        0.26    MXTURHDMULTNEW@18
  473     0.02      521.730        0.089        0.089            418        0.21        0.21    MXTURHDMULTNEW@25
  474     0.02      521.730        0.088        0.089            470        0.19        0.19    MXTURHDMULTNEW@30
  475     0.02      521.730        0.088        0.088            344        0.25        0.26    MXTURHDMULTNEW@17
  476     0.02      521.730        0.087        0.088            248        0.35        0.35    MXTURHDMULTNEW@16
  477     0.02      521.730        0.086        0.086            236        0.36        0.37    MXTURHDMULTNEW@14
  478     0.02      521.815        0.086        0.086              6       14.27       14.27    GRIB_API:IGRIB_NEW_FROM_SAMPLES@1
  479     0.02      521.815        0.086        0.086            430        0.20        0.20    MXTURHDMULTNEW@28
  480     0.02      521.815        0.085        0.086            250        0.34        0.34    MXTURHDMULTNEW@15
  481     0.02      521.901        0.085        0.086            234        0.37        0.37    SPNORMB@1
  482     0.02      521.901        0.085        0.086            392        0.22        0.22    MXTURHDMULTNEW@22
  483     0.02      521.985        0.085        0.085            144        0.59        0.59    EXCHANGE_MS:MESSAGE_M@1
  484     0.02      522.069        0.084        0.084             37        2.27        2.27    APL_ARPEGE_PARALLEL:ZDE2MR:COMPUTE@1
  485     0.02      522.069        0.084        0.084            464        0.18        0.18    MXTURHDMULTNEW@29
  486     0.02      522.152        0.083        0.083            185        0.45        0.45    ACCTND0_PARALLEL:PACC:COMPUTE@1
  487     0.02      522.235        0.082        0.082             30        2.74        2.74    APL_ARPEGE_RADIATION_PARALLEL:CALLRAD_F:COMPUTE@1
  488     0.02      522.235        0.079        0.079            154        0.51        0.51    MXTURHDMULTNEW@1
  489     0.01      522.235        0.079        0.079            366        0.22        0.22    MXTURHDMULTNEW@21
  490     0.01      522.313        0.078        0.078             37        2.11        2.11    APL_ARPEGE_PARALLEL:ACEVADCAPE:COMPUTE@1
  491     0.01      522.390        0.077        0.079           3300        0.02        0.02    CREATE_TEMPORARIES@1
  492     0.01      522.467        0.077        0.077              7       11.01       11.01    APL_ARPEGE_AEROSOLS_FOR_RADIATION_PARALLEL:RADAER:COMPUTE@1
  493     0.01      522.544        0.077        0.077            144        0.53        0.54    EXCHANGE_MS:MESSAGE_S@1
  494     0.01      522.620        0.076        0.076             37        2.04        2.04    MF_PHYS_MOCON_PARALLEL:PPWETPOINT:COMPUTE@1
  495     0.01      522.692        0.072        0.072             37        1.94        1.94    CPG_GP_PARALLEL:GPINISLB_PART3_EXPL:COMPUTE@1
  496     0.01      522.763        0.072        0.075          10920        0.01        0.01    radiation_ifs_rrtm:planck_function_surf_GPU@1
  497     0.01      522.834        0.070        0.208             36        1.95        5.77    SPCHOR_TOT@1
  498     0.01      522.900        0.067        0.067             42        1.59        1.59    GSBITE_MF@1
  499     0.01      522.967        0.067        0.067            696        0.10        0.10   *MXTURHDNEW@29
  500     0.01      523.033        0.066      502.585             37        1.79    13583.38    GP_MODEL@1
  501     0.01      523.099        0.066        0.066             37        1.77        1.77    LOGDIS@1
  502     0.01      523.164        0.065        0.094              1       65.19       94.19    RRTM_INIT_140GP_GPU@1
  503     0.01      523.164        0.065        0.065            354        0.18        0.18    MXTURHDNEW@14
  504     0.01      523.164        0.065        0.065            375        0.17        0.17    MXTURHDNEW@15
  505     0.01      523.229        0.065        0.065             37        1.74        1.74    APL_WIND_GUST_PARALLEL:ACCLDIA:COMPUTE@1
  506     0.01      523.293        0.064        0.065             37        1.74        1.74    APL_ARPEGE_OCEANIC_FLUXES_PARALLEL:ACFLUSO:COMPUTE@1
  507     0.01      523.293        0.064        0.065            627        0.10        0.10    MXTURHDNEW@25
  508     0.01      523.293        0.063        0.064            549        0.11        0.12    MXTURHDNEW@21
  509     0.01      523.293        0.062        0.063            705        0.09        0.09    MXTURHDNEW@30
  510     0.01      523.293        0.062        0.062            285        0.22        0.22    MXTURHDNEW@2
  511     0.01      523.355        0.062        0.062             37        1.68        1.68    APL_ARPEGE_PARALLEL:ACHMT:COMPUTE@1
  512     0.01      523.355        0.062        0.063            645        0.10        0.10    MXTURHDNEW@28
  513     0.01      523.355        0.062        0.062            639        0.10        0.10    MXTURHDNEW@27
  514     0.01      523.355        0.061        0.062            525        0.12        0.12    MXTURHDNEW@18
  515     0.01      523.355        0.061        0.062            336        0.18        0.18    MXTURHDNEW@13
  516     0.01      523.355        0.061        0.062            633        0.10        0.10    MXTURHDNEW@24
  517     0.01      523.355        0.061        0.061            264        0.23        0.23    MXTURHDNEW@4
  518     0.01      523.355        0.061        0.061            372        0.16        0.16    MXTURHDNEW@16
  519     0.01      523.355        0.061        0.061            516        0.12        0.12    MXTURHDNEW@17
  520     0.01      523.355        0.061        0.061            606        0.10        0.10    MXTURHDNEW@23
  521     0.01      523.355        0.061        0.061            636        0.10        0.10    MXTURHDNEW@26
  522     0.01      523.355        0.061        0.061            258        0.23        0.24    MXTURHDNEW@3
  523     0.01      523.355        0.060        0.061            588        0.10        0.10    MXTURHDNEW@22
  524     0.01      523.355        0.060        0.060            336        0.18        0.18    MXTURHDNEW@12
  525     0.01      523.355        0.059        0.060            711        0.08        0.08    MXTURHDNEW@31
  526     0.01      523.355        0.059        0.060            531        0.11        0.11    MXTURHDNEW@19
  527     0.01      523.355        0.059        0.059            723        0.08        0.08    MXTURHDNEW@32
  528     0.01      523.414        0.059      482.454             37        1.59    13039.30    STEPO@1
  529     0.01      523.414        0.059        0.059            261        0.23        0.23    MXTURHDNEW@9
  530     0.01      523.414        0.059        0.059            534        0.11        0.11    MXTURHDNEW@20
  531     0.01      523.414        0.058        0.058            231        0.25        0.25    MXTURHDNEW@1
  532     0.01      523.414        0.058        0.058            288        0.20        0.20    MXTURHDNEW@10
  533     0.01      523.414        0.058        0.058            234        0.25        0.25    MXTURHDNEW@5
  534     0.01      523.414        0.058        0.058            324        0.18        0.18    MXTURHDNEW@11
  535     0.01      523.472        0.057        0.057              1       57.46       57.47    SUGRIDUA_FIXUP@1
  536     0.01      523.472        0.057        0.057            240        0.24        0.24    MXTURHDNEW@6
  537     0.01      523.472        0.057        0.057            300        0.19        0.19    MXTURHDNEW@8
  538     0.01      523.472        0.057        0.057            258        0.22        0.22    MXTURHDNEW@7
  539     0.01      523.527        0.056        0.056             37        1.51        1.51    LAPINEB_PARALLEL:L_RDRY_VD:COMPUTE@1
  540     0.01      523.582        0.055        0.344              1       54.83      344.49    SUECRAD@1
  541     0.01      523.635        0.052        0.615              1       52.43      614.85    SU0YOMB@1
  542     0.01      523.685        0.050        0.051              1       50.46       50.59    IOSPECA_MOD:IOSPECA_SELECTFY@1
  543     0.01      523.735        0.050        0.050             37        1.36        1.36    MF_PHYS_FPL_PART1_PARALLEL:PART1:COMPUTE@1
  544     0.01      523.785        0.050        0.050              1       49.59       49.59    DIST_GRID@1
  545     0.01      523.834        0.049        0.049             37        1.32        1.32    CPGLAG_PARALLEL:STR:COMPUTE@1
  546     0.01      523.882        0.049        0.049             37        1.32        1.32    APL_ARPEGE_SOIL_HYDRO_PARALLEL:ACVEG:COMPUTE@1
  547     0.01      523.930        0.048        0.051          10920        0.00        0.00    radiation_cloud:crop_cloud_fraction_GPU@1
  548     0.01      523.978        0.048        0.048             37        1.30        1.30    APL_ARPEGE_PARALLEL:EDR:COMPUTE@1
  549     0.01      524.025        0.046        0.046             37        1.25        1.25    LAPINEB_PARALLEL:TEMP_EQ:COMPUTE@1
  550     0.01      524.070        0.045        0.045             37        1.22        1.22    CPUTQY_APLPAR_EXPL_PARALLEL:PFDIS:COMPUTE@1
  551     0.01      524.114        0.044        0.051          21840        0.00        0.00    radiation_single_level:deallocate_single_level_GPU@1
  552     0.01      524.158        0.044        0.044            106        0.41        0.41    POSNAME@1
  553     0.01      524.201        0.043        0.055          10920        0.00        0.00    radiation_single_level:allocate_single_level_GPU@1
  554     0.01      524.240        0.039        0.042             38        1.03        1.11    SUHEG@1
  555     0.01      524.279        0.039        0.042          10920        0.00        0.00    radiation_thermodynamics:allocate_thermodynamics_arrays_GPU@1
  556     0.01      524.317        0.039        0.039             37        1.05        1.05    APL_ARPEGE_PARALLEL:PPWETPOINT:COMPUTE@1
  557     0.01      524.356        0.038        0.039             37        1.04        1.04    LACDYN_PARALLEL:ZMIXNL:COMPUTE@1
  558     0.01      524.394        0.038        0.038             37        1.03        1.03    MF_PHYS_FPL_PART2_PARALLEL:PART2:COMPUTE@1
  559     0.01      524.432        0.038        0.041          10920        0.00        0.00    radiation_thermodynamics:get_layer_mass_GPU@1
  560     0.01      524.468        0.036        0.088              1       35.93       87.71    radiation_interface_GPU:setup_radiation_GPU@1
  561     0.01      524.503        0.036      526.500              1       35.63   526499.67    MASTER@1
  562     0.01      524.539        0.036        0.036             37        0.96        0.96    CPUTQY_APLPAR_EXPL_PARALLEL:ZTDCP:COMPUTE@1
  563     0.01      524.574        0.035        0.035             36        0.97        0.97    CPCFU_PARALLEL:1:COMPUTE@1
  564     0.01      524.609        0.035        0.035             37        0.94        0.94    GPRCP_EXPL_PARALLEL:5:COMPUTE@1
  565     0.01      524.642        0.033        0.033              2       16.57       16.57    DEALXMO@1
  566     0.01      524.675        0.033        0.033             37        0.89        0.89    CPG_GP_HYD_PARALLEL:3:COMPUTE@1
  567     0.01      524.707        0.032        0.035          10920        0.00        0.00    radiation_cloud:allocate_cloud_arrays_GPU@1
  568     0.01      524.737        0.031        0.031             37        0.83        0.83    APL_ARPEGE_PARALLEL:ACSOL:COMPUTE@1
  569     0.01      524.768        0.030        0.057             38        0.79        1.50    SUHDU@1
  570     0.01      524.796        0.028        0.031          10920        0.00        0.00    radiation_cloud:deallocate_cloud_arrays_GPU@1
  571     0.01      524.823        0.027        0.030          10920        0.00        0.00    ICE_EFFECTIVE_RADIUS_GPU@1
  572     0.01      524.850        0.027        0.027             37        0.73        0.73    CPXFU_PARALLEL:4:COMPUTE@1
  573     0.01      524.876        0.027        0.027            135        0.20        0.20    SUHERT@1
  574     0.00      524.902        0.026        0.026             37        0.71        0.71    CTVTOT_EXPL_PARALLEL:0:COMPUTE@1
  575     0.00      524.928        0.026        0.026              1       25.92       25.92    SURRTPK_GPU@1
  576     0.00      524.954        0.026        0.029              1       25.87       29.34    SRTM_INIT_GPU@1
  577     0.00      524.979        0.025        0.025              1       25.19       25.19    RRTM_KGB1@1
  578     0.00      525.004        0.024        0.024             31        0.79        0.79    FAREOR_MT64@1
  579     0.00      525.028        0.024        0.027          10920        0.00        0.00    radiation_thermodynamics:deallocate_thermodynamics_arrays_GPU@1
  580     0.00      525.052        0.024        0.024             37        0.65        0.65    CPXFU_PARALLEL:2:COMPUTE@1
  581     0.00      525.076        0.024        0.024             37        0.64        0.65    CPGLAG_PARALLEL:1:COMPUTE@1
  582     0.00      525.100        0.024        0.027          10920        0.00        0.00    CLOUD_OVERLAP_DECORR_LEN_GPU@1
  583     0.00      525.123        0.023        0.023              1       23.40       23.42    radiation_aerosol_optics_data:set_types_GPU@1
  584     0.00      525.146        0.023        0.416             39        0.60       10.67    SPNORM@1
  585     0.00      525.169        0.023        0.173              1       22.80      173.21    GPNORM_GFL@1
  586     0.00      525.192        0.023        0.023             37        0.61        0.61    APL_ARPEGE_HYDRO_BUDGET_PARALLEL:ACDROV:COMPUTE@1
  587     0.00      525.214        0.022        0.022             13        1.73        1.73    GRIB_API:IGRIB_SET_CHAR@1
  588     0.00      525.237        0.022        0.022             37        0.60        0.61    LAPINEB_PARALLEL:ZVWEI:COMPUTE@1
  589     0.00      525.258        0.022        0.127             72        0.30        1.77    MXMAOP@1
  590     0.00      525.280        0.022        0.022             74        0.29        0.29    SLEXTPOL3@1
  591     0.00      525.302        0.022        0.981             37        0.59       26.50    CPG_SL1B_TYPE_SHUFFLE_HOST_PARALLEL@1
  592     0.00      525.323        0.021        0.784              1       20.97      784.26    SUSPECA@1
  593     0.00      525.343        0.021        0.021             37        0.56        0.56    CPG_PARALLEL:ISETTLOFF:COMPUTE@1
  594     0.00      525.364        0.020        0.020              1       20.10       20.10    KPP_WSCALE_MOD:KPP_WSCALE@1
  595     0.00      525.384        0.020        0.020              1       20.02       20.45    IOGRID_MOD:IOGRID_SELECTFY@1
  596     0.00      525.403        0.020        0.020              1       19.90       19.90    YOMCLIM:READ_GHG_CLIMATOLOGY@1
  597     0.00      525.423        0.019        0.019              7        2.77        2.77    RECMWF_PARALLEL:ECRAD_POST:COMPUTE@1
  598     0.00      525.442        0.019        0.019              7        2.76        2.76    RECMWF_PARALLEL:1:COMPUTE@1
  599     0.00      525.462        0.019        0.019              7        2.76        2.76    RECMWF_PARALLEL:2:COMPUTE@1
  600     0.00      525.480        0.019        0.019              1       18.65       18.67    SPECTRAL_FIELDS_MOD:CREATE_SPEC@1
  601     0.00      525.499        0.018        0.018            148        0.12        0.12    GPRCP_EXPL_PARALLEL:4:COMPUTE@1
  602     0.00      525.515        0.017        0.020          10920        0.00        0.00    radiation_aerosol:deallocate_aerosol_arrays_GPU@1
  603     0.00      525.531        0.015        0.018          10920        0.00        0.00    radiation_gas:put_well_mixed_gas_GPU@1
  604     0.00      525.546        0.015        0.015             36        0.42        0.42    CPCFU_PARALLEL:2:COMPUTE@1
  605     0.00      525.560        0.015        0.104              1       14.67      104.18    RADIATION_SETUP:SETUP_RADIATION_SCHEME_GPU@1
  606     0.00      525.575        0.015        0.019              1       14.63       19.09    FIELDS_MOD:FIELDS_DELETE@1
  607     0.00      525.589        0.015        0.015             37        0.40        0.40    LASSIE_PARALLEL:GPRCP:COMPUTE@1
  608     0.00      525.604        0.015        0.015             36        0.40        0.40    SPCHORmval@1
  609     0.00      525.618        0.014        0.017          10920        0.00        0.00    radiation_gas:deallocate_gas_GPU@1
  610     0.00      525.632        0.014        0.014             37        0.37        0.37    CPGLAG_PARALLEL:0:GET_DATA@1
  611     0.00      525.645        0.013        0.016          10920        0.00        0.00    radiation_aerosol:allocate_aerosol_arrays_GPU@1
  612     0.00      525.658        0.013        0.038              1       13.17       38.20    radiation_aerosol_optics:setup_aerosol_optics_GPU@1
  613     0.00      525.671        0.013        0.235             36        0.36        6.53    SPCHORNEW_PARALLEL@1
  614     0.00      525.684        0.013        0.013             37        0.35        0.35    SCAN2M_INIT_T1@1
  615     0.00      525.696        0.012        0.012             37        0.33        0.33    CPG_GP_PARALLEL:GPTF2_EXPL_2TL:COMPUTE@1
  616     0.00      525.709        0.012        0.015           7800        0.00        0.00    SURFACE_FIELDS_MIX:GPOPER_3@1
  617     0.00      525.721        0.012        2.194             36        0.34       60.94    SPCMNEW_PARALLEL@1
  618     0.00      525.733        0.012        0.012             36        0.33        0.33    CPCFU_PARALLEL:0:COMPUTE@1
  619     0.00      525.745        0.012        0.012             37        0.32        0.32    CPG_DIA_FLU_PARALLEL:4:COMPUTE@1
  620     0.00      525.757        0.012        0.012             37        0.31        0.31    APL_ARPEGE_ALBEDO_COMPUTATION_PARALLEL:0:COMPUTE@1
  621     0.00      525.768        0.011        0.014          10920        0.00        0.00    radiation_gas:allocate_gas_GPU@1
  622     0.00      525.779        0.011        0.014          10920        0.00        0.00    radiation_cloud:create_fractional_std_GPU@1
  623     0.00      525.790        0.011       39.426              1       11.18    39425.82    STEPX@1
  624     0.00      525.802        0.011        0.337            555        0.02        0.61    GPRCP_EXPL_PARALLEL:1@1
  625     0.00      525.812        0.010        0.010              6        1.73        1.74    MINV_8:GECO@1
  626     0.00      525.822        0.010        0.408            324        0.03        1.26    SCAN2M_TS_PARALLEL:0@1
  627     0.00      525.831        0.010        0.876             36        0.27       24.33    SPCSI_TOT@1
  628     0.00      525.841        0.009        0.009             37        0.25        0.25    CPG_GP_PARALLEL:SET1TO0:COMPUTE@1
  629     0.00      525.849        0.009        0.009             37        0.24        0.24    CPXFU_PARALLEL:3:COMPUTE@1
  630     0.00      525.858        0.009        0.009              1        8.59        8.61    SUECOZC@1
  631     0.00      525.867        0.009        0.194            148        0.06        1.31    GPRCP_EXPL_PARALLEL:0@1
  632     0.00      525.875        0.009        0.009             36        0.24        0.24    CPCFU_PARALLEL:3:COMPUTE@1
  633     0.00      525.883        0.008        0.008              1        8.37        8.37    radiation_ifs_rrtm:setup_gas_optics_rrtm_GPU@1
  634     0.00      525.892        0.008        0.008              1        8.30        8.30    SUGEM2_YRGSGEOM@1
  635     0.00      525.900        0.008      463.939             37        0.22    12538.90    SCAN2M@1
  636     0.00      525.908        0.008        0.008             37        0.22        0.22    LAVABO_PARALLEL:0:COMPUTE@1
  637     0.00      525.916        0.008        0.008             37        0.22        0.22    CPG_GP_PARALLEL:GP_SPV:COMPUTE@1
  638     0.00      525.924        0.008        0.008            185        0.04        0.04    GPRCP_EXPL_PARALLEL:2:GET_DATA@1
  639     0.00      525.932        0.008        0.011           9360        0.00        0.00    SURFACE_FIELDS_MIX:GPOPER_2@1
  640     0.00      525.940        0.008        0.008              1        7.51        7.51    INI_TIWMX@1
  641     0.00      525.947        0.007        0.350             31        0.24       11.30    FARCIS_MT@1
  642     0.00      525.954        0.007        0.033           1560        0.00        0.02    SURFACE_FIELDS_MIX:GPOPER@1
  643     0.00      525.961        0.007        0.010          10920        0.00        0.00    radiation_flux:calc_toa_spectral_GPU@1
  644     0.00      525.969        0.007        0.007             37        0.19        0.19    CPG_DIA_FLU_PARALLEL:1:COMPUTE@1
  645     0.00      525.975        0.007        0.007             37        0.19        0.19    APL_ARPEGE_PARALLEL:PRECIPS:COMPUTE@1
  646     0.00      525.982        0.007      502.592             37        0.19    13583.57    GP_MODEL_DRV@1
  647     0.00      525.989        0.007        0.007             37        0.18        0.18    SCAN2M:COPY@1
  648     0.00      525.996        0.007        0.010          12600        0.00        0.00    FIELD_GFL_WRAPPER:GFL_MAP@1
  649     0.00      526.002        0.007        0.007             37        0.18        0.18    SCAN2M:WIPE@1
  650     0.00      526.009        0.006        0.600            222        0.03        2.70    LARCINB_PARALLEL:RRINTOPT@1
  651     0.00      526.015        0.006        0.006             36        0.18        0.18    CPG_END_SFC_PARALLEL:SET0TO1:COMPUTE@1
  652     0.00      526.022        0.006        0.237            222        0.03        1.07    LATTEX_EXPL_2TL_PARALLEL:3@1
  653     0.00      526.028        0.006        0.006             37        0.17        0.17    CPXFU_PARALLEL:0:COMPUTE@1
  654     0.00      526.034        0.006       83.012             37        0.16     2243.56    CALL_SL@1
  655     0.00      526.040        0.006        0.006            555        0.01        0.01    GPRCP_EXPL_PARALLEL:1:GET_DATA@1
  656     0.00      526.046        0.006        0.012            222        0.03        0.05    LAVABO_EXPL_LAITVSPCQM_PART1_PARALLEL:0@1
  657     0.00      526.051        0.006        0.006            222        0.03        0.03    LAVABO_EXPL_LAITVSPCQM_PART1_PARALLEL:0:COMPUTE@1
  658     0.00      526.057        0.006        0.329            333        0.02        0.99    CPUTQY0_PARALLEL:PVAR@1
  659     0.00      526.063        0.005        0.186            222        0.02        0.84    LAPINEB_PARALLEL:ZERO_GMV9@1
  660     0.00      526.068        0.005       26.735            222        0.02      120.43    LARCINB_PARALLEL:LAITRE_GFL@1
  661     0.00      526.073        0.005        0.005              1        5.06        5.06    SLRSET@1
  662     0.00      526.078        0.005        0.015              1        4.99       15.36    SUGEM2@1
  663     0.00      526.083        0.005        0.005             37        0.13        0.13    CPG_PARALLEL:LSMTSOL:COMPUTE@1
  664     0.00      526.088        0.005        0.005             37        0.13        0.13    LACDYN_PARALLEL:LASURE:COMPUTE@1
  665     0.00      526.092        0.005        0.139            222        0.02        0.63    GPINISLB_PART2_EXPL_PARALLEL:0@1
  666     0.00      526.097        0.005        0.005             42        0.11        0.11    UNPAGB@1
  667     0.00      526.102        0.005        0.015              3        1.53        4.96    FIELD_GFL_WRAPPER:GFL_FID_SETUP@1
  668     0.00      526.106        0.004        0.329            222        0.02        1.48    LAPINEB_PARALLEL:CVGQ@1
  669     0.00      526.110        0.004        0.712              1        4.38      712.50    RDFA2SP@1
  670     0.00      526.115        0.004        0.004             37        0.12        0.12    CPG_GP_PARALLEL:MAP_FACTOR:COMPUTE@1
  671     0.00      526.119        0.004        0.004             37        0.11        0.11    CPG_GP_PARALLEL:SETZERO:COMPUTE@1
  672     0.00      526.123        0.004        0.004              1        4.21        4.21    ALLOCATE_EMPTY_TRAJECTORY@1
  673     0.00      526.127        0.004        0.004             37        0.11        0.11    APL_ARPEGE_PARALLEL:BAYRAD:COMPUTE@1
  674     0.00      526.131        0.004        0.413             36        0.11       11.47    SCAN2M_TS_DRV@1
  675     0.00      526.135        0.004        0.004              1        3.88        3.89    SPECTRAL_FIELDS_MOD:DEALLOCATE_SPEC@1
  676     0.00      526.139        0.004        0.004             49        0.08        0.08   *GPRCP_PGFL@14
  677     0.00      526.139        0.004        0.004             49        0.08        0.08    GPRCP_PGFL@15
  678     0.00      526.139        0.004        0.004             49        0.08        0.08    GPRCP_PGFL@22
  679     0.00      526.139        0.004        0.004             49        0.08        0.08    GPRCP_PGFL@16
  680     0.00      526.139        0.004        0.004             48        0.08        0.08    GPRCP_PGFL@27
  681     0.00      526.139        0.004        0.004             49        0.08        0.08    GPRCP_PGFL@21
  682     0.00      526.139        0.004        0.004             48        0.08        0.08    GPRCP_PGFL@26
  683     0.00      526.139        0.004        0.004             49        0.08        0.08    GPRCP_PGFL@23
  684     0.00      526.139        0.004        0.004             49        0.08        0.08    GPRCP_PGFL@17
  685     0.00      526.139        0.004        0.004             48        0.08        0.08    GPRCP_PGFL@28
  686     0.00      526.143        0.004        0.597             37        0.10       16.15    CPGLAG_DRV@1
  687     0.00      526.143        0.004        0.004             49        0.07        0.08    GPRCP_PGFL@19
  688     0.00      526.146        0.004        0.150            185        0.02        0.81    GPRCP_EXPL_PARALLEL:2@1
  689     0.00      526.146        0.004        0.004             49        0.07        0.08    GPRCP_PGFL@20
  690     0.00      526.146        0.004        0.004             49        0.07        0.07    GPRCP_PGFL@11
  691     0.00      526.146        0.004        0.004             49        0.07        0.07    GPRCP_PGFL@10
  692     0.00      526.146        0.004        0.004             49        0.07        0.07    GPRCP_PGFL@12
  693     0.00      526.146        0.004        0.004             48        0.07        0.08    GPRCP_PGFL@25
  694     0.00      526.146        0.004        0.004             49        0.07        0.08    GPRCP_PGFL@18
  695     0.00      526.146        0.004        0.004             49        0.07        0.07    GPRCP_PGFL@9
  696     0.00      526.146        0.004        0.004             48        0.07        0.08    GPRCP_PGFL@29
  697     0.00      526.146        0.004        0.004             49        0.07        0.07    GPRCP_PGFL@7
  698     0.00      526.146        0.004        0.004             49        0.07        0.07    GPRCP_PGFL@6
  699     0.00      526.150        0.004        0.004             37        0.10        0.10    CPXFU_PARALLEL:1:COMPUTE@1
  700     0.00      526.150        0.004        0.004             49        0.07        0.07    GPRCP_PGFL@5
  701     0.00      526.150        0.004        0.004             49        0.07        0.07    GPRCP_PGFL@8
  702     0.00      526.150        0.004        0.004             49        0.07        0.08    GPRCP_PGFL@24
  703     0.00      526.153        0.003        4.210             37        0.09      113.78    LAPINEA_DRV@1
  704     0.00      526.153        0.003        0.004             48        0.07        0.08    GPRCP_PGFL@30
  705     0.00      526.153        0.003        0.003             49        0.07        0.07    GPRCP_PGFL@13
  706     0.00      526.153        0.003        0.004             48        0.07        0.07    GPRCP_PGFL@32
  707     0.00      526.157        0.003        0.003             37        0.09        0.09    LAVABO_PARALLEL:2:COMPUTE@1
  708     0.00      526.160        0.003        0.003             11        0.31        0.31    GRIB_API:IGRIB_SET_INT@1
  709     0.00      526.160        0.003        0.003             48        0.07        0.07    GPRCP_PGFL@31
  710     0.00      526.160        0.003        0.003             49        0.07        0.07    GPRCP_PGFL@4
  711     0.00      526.160        0.003        0.003             49        0.07        0.07    GPRCP_PGFL@3
  712     0.00      526.163        0.003        0.003             37        0.09        0.09    APL_ARPEGE_PARALLEL:FRSOPT:COMPUTE@1
  713     0.00      526.166        0.003        0.022            148        0.02        0.15    GPRCP_EXPL_PARALLEL:4@1
  714     0.00      526.169        0.003      388.375             37        0.08    10496.62    APL_ARPEGE_PARALLEL@1
  715     0.00      526.172        0.003        0.003             37        0.08        0.08    APL_ARPEGE_PARALLEL:ZDPHIV:COMPUTE@1
  716     0.00      526.175        0.003        0.003              8        0.37        0.37    UPDECAEC@1
  717     0.00      526.178        0.003        0.006              1        2.91        6.36    SUARG@1
  718     0.00      526.178        0.003        0.003             49        0.06        0.06    GPRCP_PGFL@1
  719     0.00      526.181        0.003        0.005              3        0.96        1.58    "lfiouv_alts_ext"@1:lfi_alts.c
  720     0.00      526.184        0.003        0.005              3        0.96        1.75    FIELD_DEFINITIONS:MAIN_FIELD_SET_METADATA@1
  721     0.00      526.184        0.003        0.003             49        0.06        0.06    GPRCP_PGFL@2
  722     0.00      526.187        0.003        0.003             14        0.20        0.20    GRIB_API:IGRIB_GET_INT8@1
  723     0.00      526.190        0.003        0.003            134        0.02        0.02    SUHES@1
  724     0.00      526.192        0.003        0.185            148        0.02        1.25    GPINISLB_PART2_EXPL_PARALLEL:1@1
  725     0.00      526.195        0.003        0.121             74        0.04        1.64    GPMPFC_EXPL_PART2_PARALLEL:0@1
  726     0.00      526.198        0.003        0.008              1        2.65        7.72    SLCSET@1
  727     0.00      526.200        0.003        0.328             74        0.03        4.43    LAPINEB_PARALLEL:ROTUVGEO@1
  728     0.00      526.203        0.002        0.002              1        2.39        2.39    radiation_pdf_sampler:setup_pdf_sampler_GPU@1
  729     0.00      526.205        0.002        0.002              1        2.36        2.36    SUVSLETA@1
  730     0.00      526.207        0.002        0.744            148        0.01        5.03    GPRCP_EXPL_PARALLEL@1
  731     0.00      526.209        0.002        0.003              1        2.17        2.55    SUMP@1
  732     0.00      526.211        0.002        0.002             75        0.03        0.03    SCAN2M_ALLOCATE_VARIABLES@1
  733     0.00      526.214        0.002        0.289             36        0.06        8.03    TRSTOMNEW@1
  734     0.00      526.216        0.002        0.002              1        2.07        2.07    SUGEM2_YRCSGEOM@1
  735     0.00      526.218        0.002        0.002              1        2.04        2.04    radiation_cloud_optics_data:setup_cloud_optics_data_GPU@1
  736     0.00      526.220        0.002        0.002             37        0.05        0.05    CPG_DIA_FLU_PARALLEL:3:COMPUTE@1
  737     0.00      526.222        0.002      412.758             37        0.05    11155.63    CPG_PARALLEL@1
  738     0.00      526.224        0.002        0.521             37        0.05       14.09    MF_PHYS_PREP_PARALLEL:PREP@1
  739     0.00      526.226        0.002        2.931             37        0.05       79.22    MF_PHYS_INIT_PARALLEL:ZERO@1
  740     0.00      526.228        0.002        0.134              1        1.93      133.62    SPECRT@1
  741     0.00      526.229        0.002        0.023              1        1.90       23.12    IFS_INIT@1
  742     0.00      526.231        0.002        0.098           1404        0.00        0.07    SPCSIDG_PART2SC2@1
  743     0.00      526.233        0.002        0.010             37        0.05        0.28    LAVABO_PARALLEL:0@1
  744     0.00      526.235        0.002        0.002              8        0.22        0.23    UPD_GHGCLIM@1
  745     0.00      526.237        0.002        0.002            235        0.01        0.01    SPNORMAVE@1
  746     0.00      526.238        0.002        0.078             37        0.05        2.10    MF_PHYS_MOCON_PARALLEL:PPWETPOINT@1
  747     0.00      526.240        0.002        0.040             37        0.05        1.09    MF_PHYS_FPL_PART2_PARALLEL:PART2@1
  748     0.00      526.242        0.002        0.002              1        1.65        1.81    SUHDF@1
  749     0.00      526.244        0.002        0.397             74        0.02        5.36    GPMPFC_EXPL_PARALLEL:1@1
  750     0.00      526.245        0.002        0.002             37        0.04        0.04    APL_ARPEGE_PARALLEL:PLSM:COMPUTE@1
  751     0.00      526.247        0.002        0.332            666        0.00        0.50    CPUTQY0_PARALLEL@1
  752     0.00      526.248        0.002        0.002              1        1.61        1.61    radiation_aerosol_optics_data:setup_aerosol_optics_data_GPU@1
  753     0.00      526.250        0.002        0.002              3        0.52        0.52    "lfiouv_alts_ext:read"@1:lfi_alts.c
  754     0.00      526.251        0.002        0.002              1        1.50        1.50    SUHSLMER@1
  755     0.00      526.253        0.001        2.083             37        0.04       56.28    LARMES_PARALLEL:LARMES@1
  756     0.00      526.254        0.001        0.052             37        0.04        1.40    MF_PHYS_FPL_PART1_PARALLEL:PART1@1
  757     0.00      526.256        0.001        0.001              4        0.37        0.37    GRIB_API:IGRIB_SET_REAL8_ARRAY@1
  758     0.00      526.257        0.001        0.002           3204        0.00        0.00    FIELD_DEFINITIONS_BASE:SET_FVAR@1
  759     0.00      526.259        0.001        0.040             37        0.04        1.08    LACDYN_PARALLEL:ZMIXNL@1
  760     0.00      526.260        0.001        0.002              1        1.43        1.77    YOEAERC:SUECAEC@1
  761     0.00      526.262        0.001        0.006              3        0.47        2.10    FAITOU_MT@1
  762     0.00      526.263        0.001        0.612             37        0.04       16.55    LAPINEB_PARALLEL:LARCHE@1
  763     0.00      526.264        0.001        0.002              1        1.36        1.78    SUMCUF@1
  764     0.00      526.266        0.001        0.113             37        0.04        3.05    GPTF1_YDVARS_PARALLEL:LTWOTL@1
  765     0.00      526.267        0.001        1.952             37        0.04       52.76    LAPINEA_PARALLEL:LARCINA@1
  766     0.00      526.268        0.001        4.778             37        0.04      129.14    CPG_GP_PARALLEL@1
  767     0.00      526.270        0.001        0.310             37        0.04        8.37    CPG_GP_PARALLEL:GPINISLB_PART1_EXPL@1
  768     0.00      526.271        0.001        0.781             36        0.04       21.69    TRMTOSNEW@1
  769     0.00      526.272        0.001        0.430              1        1.31      430.06    SUGEOMETRY@1
  770     0.00      526.274        0.001       55.106             37        0.04     1489.35    LARCINB_PARALLEL@1
  771     0.00      526.275        0.001        0.003             37        0.04        0.07    MF_PHYS_TRANSFER_PARALLEL:ALL@1
  772     0.00      526.276        0.001        0.037             37        0.03        1.00    CPUTQY_APLPAR_EXPL_PARALLEL:ZTDCP@1
  773     0.00      526.278        0.001       10.705             37        0.03      289.33    LATTEX_PARALLEL:MAIN@1
  774     0.00      526.279        0.001        0.001              1        1.27        1.27    SURFACE_FIELDS_MIX:ALLO_SURF@1
  775     0.00      526.280        0.001        0.221             37        0.03        5.97    CPUTQY_APLPAR_EXPL_PARALLEL:ZDEC@1
  776     0.00      526.281        0.001        0.166             37        0.03        4.48    LAPINEB_PARALLEL:NVLAG3@1
  777     0.00      526.283        0.001        0.425             43        0.03        9.88    FADECI_MT@1
  778     0.00      526.284        0.001        1.420             37        0.03       38.38    LARCINB_PARALLEL:NTLAG_3@1
  779     0.00      526.285        0.001        0.414             37        0.03       11.19    LAVENT_PARALLEL:0@1
  780     0.00      526.286        0.001        0.001              1        1.22        1.22    SUMPOUT@1
  781     0.00      526.288        0.001       57.492             37        0.03     1553.85    LAPINEB_PARALLEL@1
  782     0.00      526.289        0.001      391.836             37        0.03    10590.18    MF_PHYS_PARALLEL@1
  783     0.00      526.290        0.001        3.876             37        0.03      104.75    LARCINB_PARALLEL:LAITRE_GMV@1
  784     0.00      526.291        0.001        0.016             37        0.03        0.43    LASSIE_PARALLEL:GPRCP@1
  785     0.00      526.292        0.001        2.307             37        0.03       62.36    LARCINB_PARALLEL:LCOMAD_SP@1
  786     0.00      526.293        0.001        0.001             37        0.03        0.03    MF_PHYS_TRANSFER_PARALLEL:ALL:COMPUTE@1
  787     0.00      526.294        0.001        0.003              1        1.13        2.97    SUMPINI@1
  788     0.00      526.296        0.001        0.024             37        0.03        0.64    LAPINEB_PARALLEL:ZVWEI@1
  789     0.00      526.297        0.001        0.048             37        0.03        1.28    LAPINEB_PARALLEL:TEMP_EQ@1
  790     0.00      526.298        0.001        0.241             37        0.03        6.50    LATTES_PARALLEL:0@1
  791     0.00      526.299        0.001        0.527             37        0.03       14.24    LASSIE_PARALLEL:SITNU@1
  792     0.00      526.300        0.001        0.001              1        1.08        1.08    MF_PHYS_SAVE_PHSURF_PART2_PARALLEL:PART2:COMPUTE@1
  793     0.00      526.301        0.001        0.008             36        0.03        0.21    CPG_END_SFC_PARALLEL:SET0TO1@1
  794     0.00      526.302        0.001        0.035              1        1.07       35.24    SUOROG@1
  795     0.00      526.303        0.001        0.854             37        0.03       23.08    CPUTQY_APLPAR_EXPL_PARALLEL@1
  796     0.00      526.304        0.001       18.649             37        0.03      504.03    LARCINB_PARALLEL:LRHS_CURV_F@1
  797     0.00      526.305        0.001        0.001              2        0.53        0.53    YOE_SPECTRAL_PLANCK:INIT@1
  798     0.00      526.306        0.001        1.615             37        0.03       43.64    CPG_GP_HYD_PARALLEL:2@1
  799     0.00      526.307        0.001        0.046             37        0.03        1.25    CPUTQY_APLPAR_EXPL_PARALLEL:PFDIS@1
  800     0.00      526.308        0.001        0.034             37        0.03        0.92    CPG_GP_HYD_PARALLEL:3@1
  801     0.00      526.309        0.001        0.002             37        0.03        0.04    LAVABO_PARALLEL:1@1
  802     0.00      526.310        0.001        1.211              1        1.01     1210.75    SUINIF@1
  803     0.00      526.311        0.001        0.005             37        0.03        0.12    LAVABO_PARALLEL:2@1
  804     0.00      526.312        0.001        0.001              3        0.33        0.33    GRIB_API:IGRIB_CLONE@1
  805     0.00      526.313        0.001        0.001              1        0.99        1.24    SUVERTFE3D@1
  806     0.00      526.314        0.001        0.008             37        0.03        0.22    CPG_DIA_FLU_PARALLEL:1@1
  807     0.00      526.315        0.001        0.140             37        0.03        3.80    LAPINEB_PARALLEL:ROTUV@1
  808     0.00      526.316        0.001        2.628             37        0.03       71.03    APL_ARPEGE_SHALLOW_CONVECTION_AND_TURBULENCE_PARALLEL:ACTKE@1
  809     0.00      526.317        0.001        1.508             37        0.03       40.76    LARCINB_PARALLEL:NVLAG_3@1
  810     0.00      526.318        0.001        0.002             37        0.03        0.05    GPMPFC_EXPL_PARALLEL:0@1
  811     0.00      526.319        0.001      526.464              1        0.94   526464.01    CNT0@1
  812     0.00      526.320        0.001        0.006             38        0.02        0.17    UPDTIM@1
  813     0.00      526.321        0.001        0.325             37        0.03        8.79    GPINISLB_PART2_EXPL_PARALLEL@1
  814     0.00      526.322        0.001        0.208             37        0.02        5.63    CPGLAG_PARALLEL:0@1
  815     0.00      526.323        0.001        0.001             37        0.02        0.02    APL_ARPEGE_ATMOSPHERE_UPDATE_PARALLEL:CPTEND_NEW:GET_DATA@1
  816     0.00      526.324        0.001        0.258             37        0.02        6.98    CPG_DIA_FLU_PARALLEL:0@1
  817     0.00      526.325        0.001        0.022             37        0.02        0.59    CPG_PARALLEL:ISETTLOFF@1
  818     0.00      526.326        0.001        0.006             37        0.02        0.16    LACDYN_PARALLEL:LASURE@1
  819     0.00      526.326        0.001        0.001             37        0.02        0.02    LATTEX_PARALLEL:MAIN:GET_DATA@1
  820     0.00      526.327        0.001        0.001            222        0.00        0.00    LARCINB_PARALLEL:LAITRE_GFL:GET_DATA@1
  821     0.00      526.328        0.001        0.001             37        0.02        0.02    MF_PHYS_INIT_PARALLEL:ZERO:GET_DATA@1
  822     0.00      526.329        0.001        0.057             37        0.02        1.54    LAPINEB_PARALLEL:L_RDRY_VD@1
  823     0.00      526.330        0.001        0.191             37        0.02        5.15    LAPINEB_PARALLEL:LACONE@1
  824     0.00      526.331        0.001        0.454             37        0.02       12.27    APL_ARPEGE_PARALLEL:ACDRME@1
  825     0.00      526.332        0.001        3.030             37        0.02       81.90    APL_ARPEGE_SURFACE_PARALLEL:ACDIFV2@1
  826     0.00      526.332        0.001        0.001              1        0.84        0.84    SRTM_KGB16@1
  827     0.00      526.333        0.001        7.434             37        0.02      200.91    APL_ARPEGE_SURFACE_PARALLEL:LMSE_F@1
  828     0.00      526.334        0.001        0.001           2163        0.00        0.00    GFL_SUBS_MOD:FALSIFY_GFL_COMP@1
  829     0.00      526.335        0.001        0.006             37        0.02        0.16    CPG_PARALLEL:LSMTSOL@1
  830     0.00      526.336        0.001        0.003             37        0.02        0.08    CPG_DIA_FLU_PARALLEL:3@1
  831     0.00      526.337        0.001        0.002              1        0.81        2.32    SUGFL2@1
  832     0.00      526.337        0.001        0.007             37        0.02        0.20    CPXFU_PARALLEL:0@1
  833     0.00      526.338        0.001        0.085            333        0.00        0.26    ACCTND0_PARALLEL@1
  834     0.00      526.339        0.001        0.001             37        0.02        0.02    GPMPFC_EXPL_PARALLEL:0:COMPUTE@1
  835     0.00      526.340        0.001        0.982             37        0.02       26.53    CPG_PARALLEL:SHUFFLESL1@1
  836     0.00      526.341        0.001       13.201             37        0.02      356.79    LACDYN_PARALLEL@1
  837     0.00      526.341        0.001        0.647             37        0.02       17.48    CPG_PARALLEL:ZEROSL1@1
  838     0.00      526.342        0.001        0.887             37        0.02       23.98    CPG_DIA_FLU_PARALLEL@1
  839     0.00      526.343        0.001        0.001              1        0.77        0.77    SULAP@1
  840     0.00      526.344        0.001        0.013             37        0.02        0.36    CPG_GP_PARALLEL:GPTF2_EXPL_2TL@1
  841     0.00      526.344        0.001        0.036             37        0.02        0.97    GPRCP_EXPL_PARALLEL:5@1
  842     0.00      526.345        0.001        0.001              1        0.76        0.76    FIELD_DEFINITIONS:READ_DYNAMIC_NAMESPACE@1
  843     0.00      526.346        0.001        0.073             37        0.02        1.97    CPG_GP_PARALLEL:GPINISLB_PART3_EXPL@1
  844     0.00      526.347        0.001        0.100             37        0.02        2.72    APL_ARPEGE_PARALLEL:ZRDG_LCVQ@1
  845     0.00      526.347        0.001        0.122             74        0.01        1.65    GPMPFC_EXPL_PART2_PARALLEL@1
  846     0.00      526.348        0.001        0.180             37        0.02        4.87    CPG_PARALLEL:ZEROPB2@1
  847     0.00      526.349        0.001        0.027             37        0.02        0.73    CTVTOT_EXPL_PARALLEL:0@1
  848     0.00      526.350        0.001        0.772             37        0.02       20.86    APL_ARPEGE_PARALLEL:QNGCOR@1
  849     0.00      526.350        0.001        0.238             37        0.02        6.43    LATTEX_EXPL_2TL_PARALLEL@1
  850     0.00      526.351        0.001        2.272             37        0.02       61.40    APL_ARPEGE_PRECIPITATION_PARALLEL:ACUPTQ@1
  851     0.00      526.352        0.001        0.001              1        0.73        0.73    SUDEFO_GFLATTR@1
  852     0.00      526.353        0.001        0.251             37        0.02        6.79    APL_ARPEGE_PARALLEL:DIFTQ@1
  853     0.00      526.353        0.001        0.001              1        0.71        1.22    SUPHY0@1
  854     0.00      526.354        0.001        0.001              1        0.71        0.79    SUCT0@1
  855     0.00      526.355        0.001        0.127             37        0.02        3.43    APL_ARPEGE_PARALLEL:ACVISIH@1
  856     0.00      526.355        0.001        0.001              2        0.35        0.35    GRIB_API:IGRIB_GET_CHAR@1
  857     0.00      526.356        0.001        0.010             37        0.02        0.28    CPG_GP_PARALLEL:SET1TO0@1
  858     0.00      526.357        0.001        0.009             37        0.02        0.25    CPG_GP_PARALLEL:GP_SPV@1
  859     0.00      526.358        0.001        0.005             37        0.02        0.15    CPG_GP_PARALLEL:MAP_FACTOR@1
  860     0.00      526.358        0.001        0.001             37        0.02        0.02    APL_ARPEGE_SURFACE_PARALLEL:LMSE_F:GET_DATA@1
  861     0.00      526.359        0.001        1.946             36        0.02       54.06    SPCMNEW_PAR_horsmem@1
  862     0.00      526.360        0.001        0.258             37        0.02        6.96    APL_ARPEGE_PARALLEL:CPPHINP@1
  863     0.00      526.360        0.001        0.123             37        0.02        3.32    APL_ARPEGE_RADIATION_PARALLEL:LMSE_F@1
  864     0.00      526.361        0.001        0.028             37        0.02        0.75    CPXFU_PARALLEL:4@1
  865     0.00      526.362        0.001        5.807             37        0.02      156.95    APL_ARPEGE_DEEP_CONVECTION_PARALLEL@1
  866     0.00      526.362        0.001        0.010             37        0.02        0.26    CPXFU_PARALLEL:3@1
  867     0.00      526.363        0.001        2.041             37        0.02       55.16    APL_ARPEGE_RADIATION_PARALLEL:ACDAYD@1
  868     0.00      526.364        0.001        0.005             37        0.02        0.12    CPXFU_PARALLEL:1@1
  869     0.00      526.364        0.001        0.025             37        0.02        0.68    CPXFU_PARALLEL:2@1
  870     0.00      526.365        0.001        0.002             37        0.02        0.07    APL_ARPEGE_PARALLEL:PLSM@1
  871     0.00      526.366        0.001        0.600             37        0.02       16.21    CPG_GP_HYD_PARALLEL:1@1
  872     0.00      526.366        0.001        0.005             37        0.02        0.14    CPG_GP_PARALLEL:SETZERO@1
  873     0.00      526.367        0.001        0.065             37        0.02        1.77    APL_WIND_GUST_PARALLEL:ACCLDIA@1
  874     0.00      526.368        0.001        0.001             74        0.01        0.01    CPG_SL1B_TYPE_SYNC_HOST@1
  875     0.00      526.368        0.001        0.080             37        0.02        2.15    APL_ARPEGE_PARALLEL:ACEVADCAPE@1
  876     0.00      526.369        0.001        0.472             37        0.02       12.76    CPG_GP_HYD_PARALLEL:0@1
  877     0.00      526.369        0.001        0.032             37        0.02        0.86    APL_ARPEGE_PARALLEL:ACSOL@1
  878     0.00      526.370        0.001        0.018              5        0.13        3.58    GPNORM2@1
  879     0.00      526.371        0.001        0.194              1        0.63      193.94    SUGRIDF@1
  880     0.00      526.371        0.001        0.004             37        0.02        0.11    APL_ARPEGE_PARALLEL:FRSOPT@1
  881     0.00      526.372        0.001        0.083             30        0.02        2.76    APL_ARPEGE_RADIATION_PARALLEL:CALLRAD_F@1
  882     0.00      526.373        0.001        0.215             37        0.02        5.82    APL_ARPEGE_PARALLEL:ZBAY_QRCONV@1
  883     0.00      526.373        0.001        0.001              1        0.61        1.20    SUFA@1
  884     0.00      526.374        0.001        0.001             36        0.02        0.02    CPCFU_PARALLEL:5:COMPUTE@1
  885     0.00      526.374        0.001        0.011              1        0.61       10.84    SUVERTFE3@1
  886     0.00      526.375        0.001        0.001             37        0.02        0.02    CPG_DRV:EXIT@1
  887     0.00      526.376        0.001        0.001            664        0.00        0.00    PE2SET@1
  888     0.00      526.376        0.001       98.954             37        0.02     2674.44    APL_ARPEGE_SHALLOW_CONVECTION_AND_TURBULENCE_PARALLEL@1
  889     0.00      526.377        0.001        0.001             37        0.02        0.02    MF_PHYS_PARALLEL:MF_PHYS_NEXT_STATE%INIT@1
  890     0.00      526.377        0.001        0.002              1        0.58        1.80    SUGFL1@1
  891     0.00      526.378        0.001        4.206             37        0.02      113.68    LAPINEA_PARALLEL@1
  892     0.00      526.379        0.001        0.065             37        0.02        1.77    APL_ARPEGE_OCEANIC_FLUXES_PARALLEL:ACFLUSO@1
  893     0.00      526.379        0.001        1.493             37        0.02       40.36    APL_ARPEGE_RADIATION_PARALLEL:RADHEAT@1
  894     0.00      526.380        0.001        2.459             37        0.02       66.45    APL_ARPEGE_PRECIPITATION_PARALLEL@1
  895     0.00      526.380        0.001       33.730             37        0.02      911.63    APL_ARPEGE_INIT_PARALLEL@1
  896     0.00      526.381        0.001        0.001            309        0.00        0.00    SET2PE@1
  897     0.00      526.381        0.001        0.523             74        0.01        7.07    GPMPFC_EXPL_PARALLEL@1
  898     0.00      526.382        0.001        0.013             37        0.02        0.34    CPG_DIA_FLU_PARALLEL:4@1
  899     0.00      526.382        0.001        3.551             37        0.02       95.98    CPG_GP_HYD_PARALLEL@1
  900     0.00      526.383        0.001        0.002              1        0.56        2.09    SU_SURF_FLDS@1
  901     0.00      526.384        0.001        0.409             36        0.02       11.36    SCAN2M_TS_PARALLEL@1
  902     0.00      526.384        0.001        0.118             37        0.01        3.18    APL_ARPEGE_SURFACE_UPDATE_PARALLEL:LMSE_F@1
  903     0.00      526.385        0.001        0.001             37        0.01        0.02    APL_ARPEGE_DEEP_CONVECTION_PARALLEL:CUCALLN_MF:GET_DATA@1
  904     0.00      526.385        0.001        0.001            222        0.00        0.00    LARCINB_PARALLEL:RRINTOPT:GET_DATA@1
  905     0.00      526.386        0.001        0.013             36        0.02        0.36    CPCFU_PARALLEL:0@1
  906     0.00      526.386        0.001        0.049             37        0.01        1.34    CPGLAG_PARALLEL:STR@1
  907     0.00      526.387        0.001        0.103             37        0.01        2.80    CPG_DIA_FLU_PARALLEL:2@1
  908     0.00      526.387        0.001        0.001              1        0.54        0.54    SUGEM1A@1
  909     0.00      526.388        0.001        0.084            185        0.00        0.45    ACCTND0_PARALLEL:PACC@1
  910     0.00      526.388        0.001        0.001             37        0.01        0.01    APL_ARPEGE_SHALLOW_CONVECTION_AND_TURBULENCE_PARALLEL:ACTKE:GET_DATA@1
  911     0.00      526.389        0.001        0.007             39        0.01        0.18    SPNORMBE@1
  912     0.00      526.390        0.001        0.001              1        0.53        0.53    YOMGSGEOM:DEALLO_TGSGEOM@1
  913     0.00      526.390        0.001        0.025             37        0.01        0.66    CPGLAG_PARALLEL:1@1
  914     0.00      526.391        0.001        0.003              1        0.53        2.57    radiation_cloud_optics:setup_cloud_optics_GPU@1
  915     0.00      526.391        0.001        0.001             37        0.01        0.01    APL_ARPEGE_PARALLEL:ACEVADCAPE:GET_DATA@1
  916     0.00      526.392        0.001       14.794             37        0.01      399.85    APL_ARPEGE_SURFACE_PARALLEL:ACDIFV1@1
  917     0.00      526.392        0.001        0.001             37        0.01        0.01    CPG_SL1F_TYPE_SYNC_HOST@1
  918     0.00      526.393        0.001        0.001             37        0.01        0.01    CPG_DRV:INIT@1
  919     0.00      526.393        0.001        0.036             36        0.01        1.00    CPCFU_PARALLEL:1@1
  920     0.00      526.394        0.001        0.001              1        0.51        0.51    radiation_config:read_config_from_namelist_GPU@1
  921     0.00      526.394        0.001        0.001             37        0.01        0.01    LAVABO_PARALLEL:1:COMPUTE@1
  922     0.00      526.395        0.001      205.839             37        0.01     5563.23    APL_ARPEGE_RADIATION_PARALLEL@1
  923     0.00      526.395        0.000        0.001             37        0.01        0.01    LAVENT_PARALLEL:0:GET_DATA@1
  924     0.00      526.396        0.000        0.073             42        0.01        1.74    DECOGA@1
  925     0.00      526.396        0.000        0.050             37        0.01        1.34    APL_ARPEGE_SOIL_HYDRO_PARALLEL:ACVEG@1
  926     0.00      526.397        0.000        0.594             37        0.01       16.05    CPGLAG_PARALLEL@1
  927     0.00      526.397        0.000       96.097             37        0.01     2597.23    ACVPPKF_PARALLEL@1
  928     0.00      526.398        0.000        0.001             36        0.01        0.03    CPCFU_PARALLEL:5@1
  929     0.00      526.398        0.000        0.521             43        0.01       12.12    FACIL1_MT@1
  930     0.00      526.399        0.000        0.016             36        0.01        0.44    CPCFU_PARALLEL:2@1
  931     0.00      526.399        0.000        0.000             37        0.01        0.01    CPG_GP_HYD_PARALLEL:2:GET_DATA@1
  932     0.00      526.399        0.000       17.312             37        0.01      467.90    ACVPPKF_PARALLEL:PART3@1
  933     0.00      526.400        0.000        0.009             36        0.01        0.26    CPCFU_PARALLEL:3@1
  934     0.00      526.400        0.000        0.327             37        0.01        8.85    APL_ARPEGE_DEEP_CONVECTION_PARALLEL:ZERO@1
  935     0.00      526.401        0.000        0.041            100        0.00        0.41    POSNAM@1
  936     0.00      526.401        0.000        6.030             37        0.01      162.98    APL_ARPEGE_INIT_PARALLEL:4@1
  937     0.00      526.402        0.000        0.085             37        0.01        2.29    APL_ARPEGE_PARALLEL:ZDE2MR@1
  938     0.00      526.402        0.000        0.000             74        0.01        0.01    GPMPFC_EXPL_PARALLEL:1:GET_DATA@1
  939     0.00      526.403        0.000        0.290             37        0.01        7.83    APL_ARPEGE_DEEP_CONVECTION_PARALLEL:COPY@1
  940     0.00      526.403        0.000        0.000             37        0.01        0.01    APL_ARPEGE_INIT_PARALLEL:3:GET_DATA@1
  941     0.00      526.404        0.000        0.100             36        0.01        2.77    APL_ARPEGE_RADIATION_PARALLEL:SUNSHINE@1
  942     0.00      526.404        0.000        0.000             37        0.01        0.01    APL_ARPEGE_SURFACE_UPDATE_PARALLEL:LMSE_F:GET_DATA@1
  943     0.00      526.405        0.000        0.039             37        0.01        1.06    APL_ARPEGE_PARALLEL:PPWETPOINT@1
  944     0.00      526.405        0.000        0.004             37        0.01        0.09    APL_ARPEGE_PARALLEL:ZDPHIV@1
  945     0.00      526.405        0.000        0.000             37        0.01        0.01    APL_ARPEGE_SURFACE_PARALLEL:ACDIFV2:GET_DATA@1
  946     0.00      526.406        0.000        1.919             37        0.01       51.86    APL_ARPEGE_DPRECIPS_PARALLEL@1
  947     0.00      526.406        0.000        0.116             37        0.01        3.14    APL_ARPEGE_INIT_PARALLEL:6@1
  948     0.00      526.407        0.000        0.451             37        0.01       12.19    APL_ARPEGE_PARALLEL:ACTQSAT@1
  949     0.00      526.407        0.000        3.244             37        0.01       87.69    APL_ARPEGE_INIT_PARALLEL:5@1
  950     0.00      526.408        0.000        0.000            222        0.00        0.00    LARCINB_PARALLEL:LAITRE_GFL:NULLIFY@1
  951     0.00      526.408        0.000        0.077             36        0.01        2.14    CPCFU_PARALLEL@1
  952     0.00      526.408        0.000       21.350             37        0.01      577.04    APL_ARPEGE_INIT_PARALLEL:3@1
  953     0.00      526.409        0.000        0.024             37        0.01        0.64    APL_ARPEGE_HYDRO_BUDGET_PARALLEL:ACDROV@1
  954     0.00      526.409        0.000        0.000             37        0.01        0.01    LARMES_PARALLEL:LARMES:GET_DATA@1
  955     0.00      526.410        0.000        3.838             37        0.01      103.74    APL_ARPEGE_ATMOSPHERE_UPDATE_PARALLEL@1
  956     0.00      526.410        0.000       25.475             37        0.01      688.50    APL_ARPEGE_SURFACE_PARALLEL@1
  957     0.00      526.411        0.000        0.457             37        0.01       12.35    APL_ARPEGE_PARALLEL:APLPAR_INIT@1
  958     0.00      526.411        0.000        0.370             37        0.01       10.00    APL_ARPEGE_DEEP_CONVECTION_PARALLEL:INIT@1
  959     0.00      526.411        0.000        0.000              1        0.41        0.41    RRTM_KGB3@1
  960     0.00      526.412        0.000       11.173             37        0.01      301.98    LATTEX_PARALLEL@1
  961     0.00      526.412        0.000        0.000             37        0.01        0.01    APL_ARPEGE_PARALLEL:ACDRAG:GET_DATA@1
  962     0.00      526.413        0.000        0.000             38        0.01        0.01    UPDMOON@1
  963     0.00      526.413        0.000        0.000             37        0.01        0.01    APL_ARPEGE_PARALLEL:PRECIPS:GET_DATA@1
  964     0.00      526.413        0.000        0.104             37        0.01        2.80    APL_ARPEGE_RADIATION_PARALLEL:DIRECT@1
  965     0.00      526.414        0.000        3.050             37        0.01       82.43    APL_ARPEGE_DEEP_CONVECTION_PARALLEL:CUCALLN_MF@1
  966     0.00      526.414        0.000        0.005             37        0.01        0.13    APL_ARPEGE_PARALLEL:BAYRAD@1
  967     0.00      526.415        0.000        0.000             37        0.01        0.01    APL_ARPEGE_PARALLEL:ACHMT:GET_DATA@1
  968     0.00      526.415        0.000        5.298             37        0.01      143.19    TRANSINVH@1
  969     0.00      526.415        0.000        0.012              1        0.39       11.76    SUPHMPA@1
  970     0.00      526.416        0.000        0.000             37        0.01        0.01    APL_ARPEGE_PARALLEL:QNGCOR:GET_DATA@1
  971     0.00      526.416        0.000        0.000             37        0.01        0.01    APL_ARPEGE_HYDRO_BUDGET_PARALLEL:ACDROV:GET_DATA@1
  972     0.00      526.416        0.000        0.012             37        0.01        0.33    APL_ARPEGE_ALBEDO_COMPUTATION_PARALLEL:0@1
  973     0.00      526.417        0.000        0.299             37        0.01        8.07    APL_ARPEGE_DEEP_CONVECTION_PARALLEL:ACUPTQ@1
  974     0.00      526.417        0.000        0.103              1        0.38      103.27    SUDYN@1
  975     0.00      526.418        0.000        0.008             37        0.01        0.21    APL_ARPEGE_PARALLEL:PRECIPS@1
  976     0.00      526.418        0.000        0.008              1        0.38        8.12    SUSC2B@1
  977     0.00      526.418        0.000        0.002              1        0.38        1.61    INI_RAIN_ICE@1
  978     0.00      526.419        0.000        0.044              1        0.38       43.63    SUSI@1
  979     0.00      526.419        0.000        0.000              1        0.38        0.38    HQR2@1
  980     0.00      526.419        0.000        0.041             37        0.01        1.10    MF_PHYS_FPL_PART2_PARALLEL@1
  981     0.00      526.420        0.000        0.000              3        0.13        0.13    "lfifer_alts"@1:lfi_alts.c
  982     0.00      526.420        0.000        0.000             37        0.01        0.01    ACVPPKF_PARALLEL:PART3:GET_DATA@1
  983     0.00      526.421        0.000        0.024             37        0.01        0.65    APL_ARPEGE_HYDRO_BUDGET_PARALLEL@1
  984     0.00      526.421        0.000       83.012             37        0.01     2243.57    CALL_SL_DRV@1
  985     0.00      526.421        0.000        0.000             36        0.01        0.01    CPCFU_PARALLEL:1:GET_DATA@1
  986     0.00      526.422        0.000        0.000              1        0.37        0.37    RRTM_KGB5@1
  987     0.00      526.422        0.000        0.000             37        0.01        0.01    APL_ARPEGE_PRECIPITATION_PARALLEL:ACUPTQ:GET_DATA@1
  988     0.00      526.422        0.000        0.005              2        0.19        2.28    OPENFA@1
  989     0.00      526.423        0.000       29.706             37        0.01      802.88    ACVPPKF_PARALLEL:PART1@1
  990     0.00      526.423        0.000        0.000             37        0.01        0.01    CPXFU_PARALLEL:2:GET_DATA@1
  991     0.00      526.424        0.000        0.000              7        0.05        0.05    VERINT@1
  992     0.00      526.424        0.000        0.430             37        0.01       11.62    APL_ARPEGE_PARALLEL:ACDRAG@1
  993     0.00      526.424        0.000        0.000             41        0.01        0.01    GRIB_API:IGRIB_SET_INT8@1
  994     0.00      526.425        0.000        4.444              7        0.05      634.88    RECMWF_PARALLEL:PREPARE@1
  995     0.00      526.425        0.000        0.000            333        0.00        0.00    CPUTQY0_PARALLEL:PVAR:GET_DATA@1
  996     0.00      526.425        0.000        2.932             37        0.01       79.23    MF_PHYS_INIT_PARALLEL@1
  997     0.00      526.426        0.000        0.048             37        0.01        1.31    APL_ARPEGE_PARALLEL:EDR@1
  998     0.00      526.426        0.000        0.001            202        0.00        0.00    SUCLDP:BETAI@1
  999     0.00      526.426        0.000        0.000              1        0.35        0.35    SURFACE_FIELDS_MIX:DEALLO_SURF@1
 1000     0.00      526.427        0.000        0.000             37        0.01        0.01    APL_ARPEGE_PARALLEL:ACSOL:GET_DATA@1
 1001     0.00      526.427        0.000        0.066             37        0.01        1.80    APL_ARPEGE_OCEANIC_FLUXES_PARALLEL@1
 1002     0.00      526.427        0.000        0.000              1        0.35        0.35    RRTM_KGB4@1
 1003     0.00      526.428        0.000        0.415             37        0.01       11.22    LAVENT_PARALLEL@1
 1004     0.00      526.428        0.000        0.086            234        0.00        0.37    SPNORMBM@1
 1005     0.00      526.429        0.000        0.005              1        0.34        4.70    SU0PHY@1
 1006     0.00      526.429        0.000        0.000             37        0.01        0.01    APL_ARPEGE_CLOUDINESS_PARALLEL:ACNEBCOND:GET_DATA@1
 1007     0.00      526.429        0.000        1.066             72        0.00       14.80    EXCHANGE_MS@1
 1008     0.00      526.430        0.000        5.298             37        0.01      143.18    TRANSINV_MDL@1
 1009     0.00      526.430        0.000        0.000            555        0.00        0.00    GPRCP_EXPL_PARALLEL:1:NULLIFY@1
 1010     0.00      526.430        0.000        0.000              6        0.06        0.06    MINV_8:GEDI@1
 1011     0.00      526.431        0.000        0.000             37        0.01        0.01    LARCINB_PARALLEL:LRHS_CURV_F:GET_DATA@1
 1012     0.00      526.431        0.000        0.458             37        0.01       12.37    APL_ARPEGE_PARALLEL:ACCLPH@1
 1013     0.00      526.431        0.000        0.522             37        0.01       14.10    MF_PHYS_PREP_PARALLEL@1
 1014     0.00      526.432        0.000        0.001              1        0.33        0.95    SUSTA@1
 1015     0.00      526.432        0.000        0.000            324        0.00        0.00    SCAN2M_TS_PARALLEL:0:GET_DATA@1
 1016     0.00      526.432        0.000        0.000            222        0.00        0.00    LATTEX_EXPL_2TL_PARALLEL:3:GET_DATA@1
 1017     0.00      526.433        0.000        2.253             37        0.01       60.88    LARMES_PARALLEL@1
 1018     0.00      526.433        0.000        0.000             37        0.01        0.01    APL_ARPEGE_RADIATION_PARALLEL:RADHEAT:GET_DATA@1
 1019     0.00      526.433        0.000        0.021              3        0.11        6.92    FIELD_CONTAINER_GP_MOD:FIELD_CREATE@1
 1020     0.00      526.434        0.000        0.000             37        0.01        0.01    ACVPPKF_PARALLEL:PART1:GET_DATA@1
 1021     0.00      526.434        0.000        0.547             43        0.01       12.73    FACILO_MT@1
 1022     0.00      526.434        0.000        0.000              1        0.32        0.32    SRTM_KGB21@1
 1023     0.00      526.434        0.000        0.000              1        0.32        0.32    SRTM_KGB28@1
 1024     0.00      526.435        0.000        2.047             37        0.01       55.32    APL_ARPEGE_ATMOSPHERE_UPDATE_PARALLEL:CPTEND_NEW@1
 1025     0.00      526.435        0.000        0.000              1        0.32        0.32    IOGRID_MOD:INI_INDSEL@1
 1026     0.00      526.435        0.000        0.379             37        0.01       10.23    LATTES_PARALLEL@1
 1027     0.00      526.436        0.000        0.008             37        0.01        0.22    CPG_END_SFC_PARALLEL@1
 1028     0.00      526.436        0.000        0.000            145        0.00        0.00    FANFAR_MT@1
 1029     0.00      526.436        0.000        1.758             37        0.01       47.52    APL_ARPEGE_DPRECIPS_PARALLEL:0@1
 1030     0.00      526.437        0.000        0.000            148        0.00        0.00    GPRCP_EXPL_PARALLEL:0:GET_DATA@1
 1031     0.00      526.437        0.000        0.002              2        0.16        0.92    SUFPC@1
 1032     0.00      526.437        0.000        0.820              1        0.31      819.81    SUSPEC@1
 1033     0.00      526.438        0.000        0.063             37        0.01        1.70    APL_ARPEGE_PARALLEL:ACHMT@1
 1034     0.00      526.438        0.000        0.000             37        0.01        0.01    LAPINEA_PARALLEL:LARCINA:GET_DATA@1
 1035     0.00      526.438        0.000        0.000             37        0.01        0.01    APL_ARPEGE_INIT_PARALLEL:5:GET_DATA@1
 1036     0.00      526.439        0.000        0.001              1        0.30        0.98    SUECAESD@1
 1037     0.00      526.439        0.000        1.065             37        0.01       28.78    APL_ARPEGE_CLOUDINESS_PARALLEL@1
 1038     0.00      526.439        0.000        0.000             37        0.01        0.01    LATTES_PARALLEL:0:GET_DATA@1
 1039     0.00      526.439        0.000        0.000             74        0.00        0.00    LAPINEB_PARALLEL:ROTUVGEO:GET_DATA@1
 1040     0.00      526.440        0.000        0.000              1        0.30        0.30    SRTM_KGB17@1
 1041     0.00      526.440        0.000        0.000              1        0.29        0.29    FINAL_STATS@1
 1042     0.00      526.440        0.000        0.000              1        0.29        0.29    SUALMP2@1
 1043     0.00      526.441        0.000        0.020              7        0.04        2.81    RECMWF_PARALLEL:1@1
 1044     0.00      526.441        0.000        0.000             37        0.01        0.01    LATTEX_EXPL_VSPLTRANS_PARALLEL@1
 1045     0.00      526.441        0.000        1.684             37        0.01       45.52    APL_ARPEGE_INIT_PARALLEL:2@1
 1046     0.00      526.441        0.000        0.000              3        0.10        0.10    "lfiouv_alts_ext:read1"@1:lfi_alts.c
 1047     0.00      526.442        0.000        0.000             36        0.01        0.01    CPCFU_PARALLEL:2:GET_DATA@1
 1048     0.00      526.442        0.000        0.013             37        0.01        0.34    LAVABO_EXPL_LAITVSPCQM_PART1_PARALLEL@1
 1049     0.00      526.442        0.000        0.001              1        0.28        1.00    SUECAEOR@1
 1050     0.00      526.443        0.000        0.052             37        0.01        1.41    MF_PHYS_FPL_PART1_PARALLEL@1
 1051     0.00      526.443        0.000        0.020              7        0.04        2.82    RECMWF_PARALLEL:ECRAD_POST@1
 1052     0.00      526.443        0.000       13.201             37        0.01      356.79    CPG_DYN_SLG_PARALLEL@1
 1053     0.00      526.443        0.000        0.001              1        0.28        0.97    SUECAESU@1
 1054     0.00      526.444        0.000        0.000             37        0.01        0.01    APL_ARPEGE_OCEANIC_FLUXES_PARALLEL:ACFLUSO:GET_DATA@1
 1055     0.00      526.444        0.000        0.029             37        0.01        0.80    LAVABO_PARALLEL@1
 1056     0.00      526.444        0.000        0.000              1        0.27        0.27    GFL_SUBS_MOD:PRINT_GFL@1
 1057     0.00      526.445        0.000        0.112             37        0.01        3.02    APL_ARPEGE_INIT_PARALLEL:0@1
 1058     0.00      526.445        0.000        0.001              1        0.27        1.04    SUECAEBC@1
 1059     0.00      526.445        0.000        0.776             37        0.01       20.98    LASSIE_PARALLEL@1
 1060     0.00      526.445        0.000        0.000             37        0.01        0.01    MF_PHYS_PARALLEL:MF_PHYS_BASE_STATE%INIT@1
 1061     0.00      526.446        0.000        0.000             37        0.01        0.01    APL_ARPEGE_DEEP_CONVECTION_PARALLEL:ACUPTQ:GET_DATA@1
 1062     0.00      526.446        0.000        0.001              1        0.27        0.92    SUECAESS@1
 1063     0.00      526.446        0.000        0.075             37        0.01        2.03    CPXFU_PARALLEL@1
 1064     0.00      526.446        0.000        0.000             37        0.01        0.01    LAPINEB_PARALLEL:LARCHE:GET_DATA@1
 1065     0.00      526.447        0.000        0.170             37        0.01        4.60    CTVTOT_EXPL_PARALLEL@1
 1066     0.00      526.447        0.000        0.889             37        0.01       24.03    APL_ARPEGE_CLOUDINESS_PARALLEL:ACNEBCOND@1
 1067     0.00      526.447        0.000        0.001              1        0.26        0.85    SUTOPH@1
 1068     0.00      526.447        0.000        0.000             12        0.02        0.02    SURFACE_FIELDS_MIX:FINALISE_SFLP3@1
 1069     0.00      526.448        0.000        0.000              1        0.26        0.26    SPGEOM_MOD:SUGMRE@1
 1070     0.00      526.448        0.000        0.000             37        0.01        0.01    CPXFU_PARALLEL:1:GET_DATA@1
 1071     0.00      526.448        0.000        0.000              1        0.26        0.26    SUALDYN_DDH@1
 1072     0.00      526.449        0.000        0.000             37        0.01        0.01    APL_ARPEGE_DEEP_CONVECTION_PARALLEL:INIT:GET_DATA@1
 1073     0.00      526.449        0.000        0.000             37        0.01        0.01    CPG_GP_HYD_PARALLEL:1:GET_DATA@1
 1074     0.00      526.449        0.000        0.000             37        0.01        0.01    ACVPPKF_PARALLEL:PART0:GET_DATA@1
 1075     0.00      526.449        0.000        0.000             37        0.01        0.01    CPG_GP_PARALLEL:GPINISLB_PART1_EXPL:GET_DATA@1
 1076     0.00      526.450        0.000        0.000             37        0.01        0.01    APL_ARPEGE_PARALLEL:ACDRME:GET_DATA@1
 1077     0.00      526.450        0.000        0.000              3        0.08        0.09    FIELD_GFL_WRAPPER:GFL_MAPPING_SETUP@1
 1078     0.00      526.450        0.000        0.000             37        0.01        0.01    APL_ARPEGE_INIT_SURFEX_PARALLEL@1
 1079     0.00      526.450        0.000        0.001              1        0.25        0.61    SUDYNA@1
 1080     0.00      526.451        0.000        0.000            222        0.00        0.00    LAPINEB_PARALLEL:CVGQ:GET_DATA@1
 1081     0.00      526.451        0.000        0.000              1        0.25        0.25    RRTM_KGB9@1
 1082     0.00      526.451        0.000       39.413              1        0.25    39412.88    SCAN2M_OOPS@1
 1083     0.00      526.451        0.000        0.000             37        0.01        0.01    APL_ARPEGE_PARALLEL:APLPAR_INIT:GET_DATA@1
 1084     0.00      526.452        0.000        1.191             37        0.01       32.18    APL_ARPEGE_INIT_PARALLEL:1@1
 1085     0.00      526.452        0.000        0.000             37        0.01        0.01    MF_PHYS_PREP_PARALLEL:PREP:GET_DATA@1
 1086     0.00      526.452        0.000        0.001              1        0.25        0.97    SUXFU@1
 1087     0.00      526.452        0.000        0.013             37        0.01        0.35    APL_ARPEGE_ALBEDO_COMPUTATION_PARALLEL@1
 1088     0.00      526.453        0.000        0.000             37        0.01        0.01    CPG_GP_PARALLEL:MAP_FACTOR:GET_DATA@1
 1089     0.00      526.453        0.000        0.000             37        0.01        0.01    APL_ARPEGE_PARALLEL:FRSOPT:GET_DATA@1
 1090     0.00      526.453        0.000        0.002             55        0.00        0.03    FANION_MT@1
 1091     0.00      526.453        0.000        0.000              1        0.24        0.24    radiation_config:consolidate_config_GPU@1
 1092     0.00      526.453        0.000        0.000            594        0.00        0.00    SUCLDP:GAMMLN@1
 1093     0.00      526.454        0.000        0.127             72        0.00        1.77    MXMAOPDRV@1
 1094     0.00      526.454        0.000        0.000             37        0.01        0.01    APL_ARPEGE_PARALLEL:CPPHINP:GET_DATA@1
 1095     0.00      526.454        0.000        0.000             37        0.01        0.01    APL_ARPEGE_PARALLEL:ACEVADCAPE:NULLIFY@1
 1096     0.00      526.454        0.000       16.671             37        0.01      450.57    ACVPPKF_PARALLEL:PART0@1
 1097     0.00      526.455        0.000        0.023             10        0.02        2.34    GPNORM1@1
 1098     0.00      526.455        0.000        0.136              1        0.23      136.32    SUGRIDA@1
 1099     0.00      526.455        0.000        0.001              1        0.23        0.61    SUGEM_NAML@1
 1100     0.00      526.455        0.000       10.964             36        0.01      304.56    TRANSDIR_MDL@1
 1101     0.00      526.456        0.000        0.000              1        0.22        0.22    SURCORDI@1
 1102     0.00      526.456        0.000        0.000              2        0.11        0.11    READ_XKER_RACCS@1
 1103     0.00      526.456        0.000        0.113             37        0.01        3.05    GPTF1_YDVARS_PARALLEL@1
 1104     0.00      526.456        0.000        0.000              1        0.22        0.22    RRTM_KGB7@1
 1105     0.00      526.456        0.000        0.000            222        0.00        0.00    GPINISLB_PART2_EXPL_PARALLEL:0:GET_DATA@1
 1106     0.00      526.457        0.000        7.760              7        0.03     1108.54    RECMWF_PARALLEL:FINISH@1
 1107     0.00      526.457        0.000        0.000             37        0.01        0.01    APL_ARPEGE_INIT_PARALLEL:4:GET_DATA@1
 1108     0.00      526.457        0.000        0.000             37        0.01        0.01    APL_ARPEGE_SURFACE_PARALLEL:ACDIFV1:GET_DATA@1
 1109     0.00      526.457        0.000        0.000             41        0.01        0.01    TRMTOL_BAR2@1
 1110     0.00      526.457        0.000        0.000             37        0.01        0.01    CPXFU_PARALLEL:0:GET_DATA@1
 1111     0.00      526.458        0.000        0.002              1        0.21        2.37    YOMVAR:SETUP_VAR@1
 1112     0.00      526.458        0.000        0.078             37        0.01        2.11    MF_PHYS_MOCON_PARALLEL@1
 1113     0.00      526.458        0.000        0.000              5        0.04        0.04    FIELD_CONTAINER_GP_MOD:FIELD_DESTROY@1
 1114     0.00      526.458        0.000        0.000              1        0.21        0.46    SUNDDH@1
 1115     0.00      526.459        0.000        0.013              1        0.21       12.58    SUVERT@1
 1116     0.00      526.459        0.000        0.000             37        0.01        0.01    APL_ARPEGE_DEEP_CONVECTION_PARALLEL:COPY:GET_DATA@1
 1117     0.00      526.459        0.000        0.000             36        0.01        0.01    CPCFU_PARALLEL:3:GET_DATA@1
 1118     0.00      526.459        0.000        0.000            144        0.00        0.00    EXCHANGE_MS:ADD3DF@1
 1119     0.00      526.459        0.000        0.000             37        0.01        0.01    MF_PHYS_TRANSFER_PARALLEL:ALL:GET_DATA@1
 1120     0.00      526.460        0.000        0.000            324        0.00        0.00    SCAN2M_TS_PARALLEL:0:NULLIFY@1
 1121     0.00      526.460        0.000        0.000            333        0.00        0.00    CPUTQY0_PARALLEL:PVAR:NULLIFY@1
 1122     0.00      526.460        0.000        0.000            240        0.00        0.00    GAMMA_INC@1
 1123     0.00      526.460        0.000        0.000              1        0.20        0.20    SCAN2M_OOPS:WIPE@1
 1124     0.00      526.460        0.000        0.000              1        0.20        0.20    RRTM_CMBGB5_GPU@1
 1125     0.00      526.461        0.000        0.000             36        0.01        0.01    CPCFU_PARALLEL:0:GET_DATA@1
 1126     0.00      526.461        0.000        0.000             37        0.01        0.01    LAVABO_PARALLEL:0:GET_DATA@1
 1127     0.00      526.461        0.000        0.020              7        0.03        2.79    RECMWF_PARALLEL:2@1
 1128     0.00      526.461        0.000        0.000            222        0.00        0.00    LARCINB_PARALLEL:RRINTOPT:NULLIFY@1
 1129     0.00      526.461        0.000        0.000            222        0.00        0.00    LAPINEB_PARALLEL:ZERO_GMV9:GET_DATA@1
 1130     0.00      526.461        0.000        0.000             37        0.01        0.01    APL_ARPEGE_SOIL_HYDRO_PARALLEL:ACVEG:GET_DATA@1
 1131     0.00      526.462        0.000        0.000              1        0.19        0.27    SUVERT:SUVFE_ADJUST_AB@1
 1132     0.00      526.462        0.000        0.000            469        0.00        0.00    OFFSET_MF@1
 1133     0.00      526.462        0.000        0.000             37        0.01        0.01    LARCINB_PARALLEL:LAITRE_GMV:GET_DATA@1
 1134     0.00      526.462        0.000        0.000              1        0.19        0.19    RRTM_KGB13@1
 1135     0.00      526.462        0.000        0.119            187        0.00        0.63    FASGRA_MT@1
 1136     0.00      526.463        0.000        0.000             37        0.00        0.01    LAPINEB_PARALLEL:NVLAG3:GET_DATA@1
 1137     0.00      526.463        0.000        0.208             37        0.00        5.63    CPG_END_MAP_PARALLEL@1
 1138     0.00      526.463        0.000        0.000             37        0.00        0.01    LAPINEB_PARALLEL:ROTUV:GET_DATA@1
 1139     0.00      526.463        0.000        0.000              1        0.18        0.18    RRTM_KGB16@1
 1140     0.00      526.463        0.000        0.000             37        0.00        0.01    CPG_GP_PARALLEL:GP_SPV:GET_DATA@1
 1141     0.00      526.464        0.000        0.000             37        0.00        0.01    LAPINEB_PARALLEL:LACONE:GET_DATA@1
 1142     0.00      526.464        0.000        0.000              1        0.18        0.18    SPGEOM_MOD:SUSPGM@1
 1143     0.00      526.464        0.000        0.067            210        0.00        0.32    GSBYTE_MF@1
 1144     0.00      526.464        0.000        0.000            148        0.00        0.00    GPRCP_EXPL_PARALLEL:4:GET_DATA@1
 1145     0.00      526.464        0.000        0.001              1        0.18        1.23    SUCLDP@1
 1146     0.00      526.464        0.000        0.000            148        0.00        0.00    GPINISLB_PART2_EXPL_PARALLEL:1:GET_DATA@1
 1147     0.00      526.465        0.000        0.000             37        0.00        0.01    LARCINB_PARALLEL:LCOMAD_SP:GET_DATA@1
 1148     0.00      526.465        0.000        0.000            407        0.00        0.00    GBYTE_MF@1
 1149     0.00      526.465        0.000        0.000             37        0.00        0.01    APL_ARPEGE_PARALLEL:ACVISIH:GET_DATA@1
 1150     0.00      526.465        0.000        0.000              1        0.18        0.18    RRTM_CMBGB3_GPU@1
 1151     0.00      526.465        0.000        0.000              1        0.18        0.18    SRTM_KGB24@1
 1152     0.00      526.466        0.000        0.000             37        0.00        0.01    LARCINB_PARALLEL:NVLAG_3:GET_DATA@1
 1153     0.00      526.466        0.000        0.000              1        0.18        0.18    SRTM_KGB19@1
 1154     0.00      526.466        0.000        0.000             37        0.00        0.01    APL_ARPEGE_ATMOSPHERE_UPDATE_PARALLEL:CPTEND_NEW:NULLIFY@1
 1155     0.00      526.466        0.000        0.120             37        0.00        3.25    APL_ARPEGE_SURFACE_UPDATE_PARALLEL@1
 1156     0.00      526.466        0.000        0.000             37        0.00        0.01    APL_ARPEGE_DEEP_CONVECTION_PARALLEL:ZERO:GET_DATA@1
 1157     0.00      526.466        0.000        0.000              1        0.17        0.18    GMV_SUBS_MOD:SETUP_GMV@1
 1158     0.00      526.467        0.000        0.000              1        0.17        0.17    SRTM_KGB18@1
 1159     0.00      526.467        0.000        0.000             37        0.00        0.00    CPG_GP_HYD_PARALLEL:0:GET_DATA@1
 1160     0.00      526.467        0.000        0.078             37        0.00        2.11    APL_ARPEGE_AEROSOLS_FOR_RADIATION_PARALLEL@1
 1161     0.00      526.467        0.000        0.000              1        0.17        0.17    SRTM_KGB22@1
 1162     0.00      526.467        0.000        0.000             37        0.00        0.00    LARCINB_PARALLEL:NTLAG_3:GET_DATA@1
 1163     0.00      526.467        0.000        0.000            185        0.00        0.00    ACCTND0_PARALLEL:PACC:GET_DATA@1
 1164     0.00      526.468        0.000        0.000             37        0.00        0.00    MF_PHYS_MOCON_PARALLEL:PPWETPOINT:GET_DATA@1
 1165     0.00      526.468        0.000        0.000              1        0.17        0.33    SUCFU@1
 1166     0.00      526.468        0.000        0.000              1        0.17        0.17    RRTM_KGB15@1
 1167     0.00      526.468        0.000        0.000            222        0.00        0.00    LAVABO_EXPL_LAITVSPCQM_PART1_PARALLEL:0:GET_DATA@1
 1168     0.00      526.468        0.000        0.000              1        0.17        0.17    IOSTREAM_MIX:IOSTREAM_STATS@1
 1169     0.00      526.468        0.000        0.000              1        0.16        0.16    RRTM_CMBGB4_GPU@1
 1170     0.00      526.469        0.000        0.000             37        0.00        0.00    CPG_GP_PARALLEL:GPTF2_EXPL_2TL:GET_DATA@1
 1171     0.00      526.469        0.000        0.000             37        0.00        0.00    MF_PHYS_INIT_PARALLEL:ZERO:NULLIFY@1
 1172     0.00      526.469        0.000        0.000            394        0.00        0.00    GAMMA_X0D@1
 1173     0.00      526.469        0.000        0.000             48        0.00        0.00    MONIO_T@1
 1174     0.00      526.469        0.000        0.000             37        0.00        0.00    APL_ARPEGE_RADIATION_PARALLEL:LMSE_F:GET_DATA@1
 1175     0.00      526.469        0.000        0.000             30        0.01        0.01    DEALLOCATE_IF_ASSOCIATED_MOD:DEALLOCATE_IF_ASSOCIATED_REAL_1D@1
 1176     0.00      526.470        0.000      201.864              7        0.02    28837.71    RECMWF_PARALLEL@1
 1177     0.00      526.470        0.000        0.000             37        0.00        0.00    CPXFU_PARALLEL:3:GET_DATA@1
 1178     0.00      526.470        0.000        0.115              1        0.16      115.03    RDFA2GP@1
 1179     0.00      526.470        0.000        0.000            222        0.00        0.00    LAPINEB_PARALLEL:CVGQ:NULLIFY@1
 1180     0.00      526.470        0.000        0.000             74        0.00        0.00    GPMPFC_EXPL_PART2_PARALLEL:0:GET_DATA@1
 1181     0.00      526.470        0.000        0.000             37        0.00        0.00    APL_ARPEGE_INIT_PARALLEL:1:GET_DATA@1
 1182     0.00      526.470        0.000        0.050             37        0.00        1.35    APL_ARPEGE_SOIL_HYDRO_PARALLEL@1
 1183     0.00      526.471        0.000        0.000            222        0.00        0.00    LATTEX_EXPL_2TL_PARALLEL:3:NULLIFY@1
 1184     0.00      526.471        0.000        0.000             37        0.00        0.00    APL_ARPEGE_PARALLEL:ACTQSAT:GET_DATA@1
 1185     0.00      526.471        0.000        0.000             37        0.00        0.00    APL_ARPEGE_PARALLEL:DIFTQ:GET_DATA@1
 1186     0.00      526.471        0.000        0.000             37        0.00        0.00    APL_ARPEGE_PARALLEL:ACCLPH:GET_DATA@1
 1187     0.00      526.471        0.000        0.000            222        0.00        0.00    LAPINEB_PARALLEL:ZERO_GMV9:NULLIFY@1
 1188     0.00      526.471        0.000        0.006              5        0.03        1.26    GPNORM3@1
 1189     0.00      526.472        0.000        0.000             37        0.00        0.00    CPG_GP_PARALLEL:GPINISLB_PART3_EXPL:GET_DATA@1
 1190     0.00      526.472        0.000        0.000             37        0.00        0.00    CPG_GP_PARALLEL:GPINISLB_PART1_EXPL:NULLIFY@1
 1191     0.00      526.472        0.000        0.000             37        0.00        0.00    CPG_DIA_FLU_PARALLEL:1:GET_DATA@1
 1192     0.00      526.472        0.000        0.066             37        0.00        1.77    APL_WIND_GUST_PARALLEL@1
 1193     0.00      526.472        0.000        0.000             37        0.00        0.00    APL_ARPEGE_RADIATION_PARALLEL:ACDAYD:GET_DATA@1
 1194     0.00      526.472        0.000        0.001            184        0.00        0.00    IOGRIDA_MOD:ACPY@1
 1195     0.00      526.472        0.000        0.000            222        0.00        0.00    GPINISLB_PART2_EXPL_PARALLEL:0:NULLIFY@1
 1196     0.00      526.473        0.000        0.000              2        0.08        0.08    READ_XKER_SWETH@1
 1197     0.00      526.473        0.000        0.000             37        0.00        0.00    CPG_PARALLEL:ISETTLOFF:GET_DATA@1
 1198     0.00      526.473        0.000        0.000             37        0.00        0.00    TRLTOM_BAR2@1
 1199     0.00      526.473        0.000        0.000             37        0.00        0.00    APL_ARPEGE_DPRECIPS_PARALLEL:0:GET_DATA@1
 1200     0.00      526.473        0.000        0.001              1        0.15        0.65    SUNUD@1
 1201     0.00      526.473        0.000        0.001              1        0.14        1.26    SUPHY1@1
 1202     0.00      526.474        0.000        0.000              1        0.14        0.14    SCAN2M_OOPS:COPY@1
 1203     0.00      526.474        0.000        0.000             37        0.00        0.00    APL_ARPEGE_ALBEDO_COMPUTATION_PARALLEL:0:GET_DATA@1
 1204     0.00      526.474        0.000        0.000              7        0.02        0.02    RECMWF_PARALLEL:FINISH:GET_DATA@1
 1205     0.00      526.474        0.000        0.000             37        0.00        0.00    CPUTQY_APLPAR_EXPL_PARALLEL:ZDEC:GET_DATA@1
 1206     0.00      526.474        0.000        0.001              1        0.14        0.66    YOMCST:SETUP_CONSTANTS@1
 1207     0.00      526.474        0.000        0.000             22        0.01        0.01    SURFACE_FIELDS_MIX:FINALISE_SFLP2@1
 1208     0.00      526.474        0.000        0.000            148        0.00        0.00    GPRCP_EXPL_PARALLEL:0:NULLIFY@1
 1209     0.00      526.475        0.000        0.000             74        0.00        0.00    LAPINEB_PARALLEL:ROTUVGEO:NULLIFY@1
 1210     0.00      526.475        0.000        0.000             37        0.00        0.00    APL_ARPEGE_PARALLEL:PPWETPOINT:GET_DATA@1
 1211     0.00      526.475        0.000        0.000             37        0.00        0.00    ACVPPKF_PARALLEL:PART2:NULLIFY@1
 1212     0.00      526.475        0.000        0.564              1        0.14      563.56    SU0YOMA@1
 1213     0.00      526.475        0.000      189.370              7        0.02    27052.85    RECMWF_PARALLEL:ECRAD_GPU@1
 1214     0.00      526.475        0.000        0.000             37        0.00        0.00    APL_ARPEGE_SHALLOW_CONVECTION_AND_TURBULENCE_PARALLEL:ACTKE:NULLIFY@1
 1215     0.00      526.475        0.000        0.000             38        0.00        0.00    SCAN2M_ALLOCATE_T1@1
 1216     0.00      526.475        0.000        0.000             74        0.00        0.00    GPMPFC_EXPL_PARALLEL:1:NULLIFY@1
 1217     0.00      526.476        0.000        0.000            222        0.00        0.00    LAVABO_EXPL_LAITVSPCQM_PART1_PARALLEL:0:NULLIFY@1
 1218     0.00      526.476        0.000        0.000             37        0.00        0.00    APL_ARPEGE_PRECIPITATION_PARALLEL:ACUPTQ:NULLIFY@1
 1219     0.00      526.476        0.000        0.000              1        0.13        0.13    SRTM_CMBGB21_GPU@1
 1220     0.00      526.476        0.000        0.000              1        0.13        0.13    SUHDVP@1
 1221     0.00      526.476        0.000        0.000             37        0.00        0.00    APL_ARPEGE_CLOUDINESS_PARALLEL:ACNEBCOND:NULLIFY@1
 1222     0.00      526.476        0.000        0.000              1        0.13        0.13    MF_PHYS_SAVE_PHSURF_PART1_PARALLEL:PART1:COMPUTE@1
 1223     0.00      526.476        0.000        0.000              1        0.13        0.13    SRTM_CMBGB17_GPU@1
 1224     0.00      526.476        0.000        0.000              1        0.13        0.13    SUGEM1B@1
 1225     0.00      526.477        0.000        0.000             37        0.00        0.00    ACVPPKF_PARALLEL:PART0:NULLIFY@1
 1226     0.00      526.477        0.000        0.000              2        0.06        0.06    READ_XKER_SDRYG@1
 1227     0.00      526.477        0.000        0.000             37        0.00        0.00    LAVENT_PARALLEL:0:NULLIFY@1
 1228     0.00      526.477        0.000        0.001              1        0.13        0.65    SUPHY3@1
 1229     0.00      526.477        0.000        0.000            212        0.00        0.00    IOMULTIBUF_MOD:IOMULTIBUF_INCR_IDX@1
 1230     0.00      526.477        0.000        0.000              1        0.12        0.13    SRTM_CMBGB28_GPU@1
 1231     0.00      526.477        0.000        0.000              1        0.12        0.12    RRTM_KGB12@1
 1232     0.00      526.477        0.000        0.000             37        0.00        0.00    MF_PHYS_FPL_PART2_PARALLEL:PART2:GET_DATA@1
 1233     0.00      526.478        0.000        0.000             37        0.00        0.00    APL_ARPEGE_PARALLEL:APLPAR_INIT:NULLIFY@1
 1234     0.00      526.478        0.000        0.000              1        0.12        0.12    YOMCSGEOM:DEALLO_TCSGEOM@1
 1235     0.00      526.478        0.000       10.964             36        0.00      304.57    TRANSDIRH@1
 1236     0.00      526.478        0.000        0.027              2        0.06       13.68    FACGRM_MT@1
 1237     0.00      526.478        0.000        0.003             37        0.00        0.08    MF_PHYS_TRANSFER_PARALLEL@1
 1238     0.00      526.478        0.000        0.000              1        0.12        0.12    SUALDYNB@1
 1239     0.00      526.478        0.000        0.000             37        0.00        0.00    LAPINEB_PARALLEL:LARCHE:NULLIFY@1
 1240     0.00      526.478        0.000        0.000            185        0.00        0.00    ACCTND0_PARALLEL:PACC:NULLIFY@1
 1241     0.00      526.479        0.000        0.000             37        0.00        0.00    CPG_SL2_TYPE_SYNC_HOST@1
 1242     0.00      526.479        0.000        0.000             37        0.00        0.00    CPG_DIA_FLU_PARALLEL:0:GET_DATA@1
 1243     0.00      526.479        0.000        0.646             37        0.00       17.45    CPG_PARALLEL:ZEROSL1:COMPUTE@1
 1244     0.00      526.479        0.000        0.000             37        0.00        0.00    APL_ARPEGE_PARALLEL:ZRDG_LCVQ:GET_DATA@1
 1245     0.00      526.479        0.000        0.000             37        0.00        0.00    APL_ARPEGE_DEEP_CONVECTION_PARALLEL:CUCALLN_MF:NULLIFY@1
 1246     0.00      526.479        0.000        0.000             37        0.00        0.00    LAPINEB_PARALLEL:TEMP_EQ:GET_DATA@1
 1247     0.00      526.479        0.000        0.000            285        0.00        0.00    TYPE_FADS:YSUFAD@1
 1248     0.00      526.479        0.000        0.000             37        0.00        0.00    CPUTQY_APLPAR_EXPL_PARALLEL:PFDIS:GET_DATA@1
 1249     0.00      526.479        0.000        0.000            185        0.00        0.00    GPRCP_EXPL_PARALLEL:2:NULLIFY@1
 1250     0.00      526.480        0.000        0.000            148        0.00        0.00    GPRCP_EXPL_PARALLEL:4:NULLIFY@1
 1251     0.00      526.480        0.000        0.000             37        0.00        0.00    APL_WIND_GUST_PARALLEL:ACCLDIA:GET_DATA@1
 1252     0.00      526.480        0.000        0.000             37        0.00        0.00    CPG_DIA_FLU_PARALLEL:2:GET_DATA@1
 1253     0.00      526.480        0.000        0.000             37        0.00        0.00    APL_ARPEGE_SURFACE_PARALLEL:ACDIFV1:NULLIFY@1
 1254     0.00      526.480        0.000        0.000             39        0.00        0.00    SUMETRIC@1
 1255     0.00      526.480        0.000        0.981             37        0.00       26.51    CPG_PARALLEL:SHUFFLESL1:COMPUTE@1
 1256     0.00      526.480        0.000        0.000             37        0.00        0.00    CPG_PARALLEL:ZEROSL1:NULLIFY@1
 1257     0.00      526.480        0.000        0.000             37        0.00        0.00    LARMES_PARALLEL:LARMES:NULLIFY@1
 1258     0.00      526.480        0.000        0.000             37        0.00        0.00    APL_ARPEGE_PARALLEL:QNGCOR:NULLIFY@1
 1259     0.00      526.481        0.000        0.000             37        0.00        0.00    APL_ARPEGE_DEEP_CONVECTION_PARALLEL:INIT:NULLIFY@1
 1260     0.00      526.481        0.000        0.000             37        0.00        0.00    LAPINEB_PARALLEL:LACONE:NULLIFY@1
 1261     0.00      526.481        0.000        0.179             37        0.00        4.85    CPG_PARALLEL:ZEROPB2:COMPUTE@1
 1262     0.00      526.481        0.000        0.000             37        0.00        0.00    APL_ARPEGE_SURFACE_PARALLEL:LMSE_F:NULLIFY@1
 1263     0.00      526.481        0.000        0.000             37        0.00        0.00    LATTEX_PARALLEL:MAIN:NULLIFY@1
 1264     0.00      526.481        0.000        0.000              1        0.11        0.11    RRTM_KGB8@1
 1265     0.00      526.481        0.000        0.000             37        0.00        0.00    LARCINB_PARALLEL:NTLAG_3:NULLIFY@1
 1266     0.00      526.481        0.000        0.000              1        0.10        0.10    IOSPECA_MOD:IOSPECA_FLDSORT@1
 1267     0.00      526.481        0.000        0.000             37        0.00        0.00    CPUTQY_APLPAR_EXPL_PARALLEL:ZDEC:NULLIFY@1
 1268     0.00      526.482        0.000        0.000              8        0.01        0.01    UPDECOZC@1
 1269     0.00      526.482        0.000        0.000              3        0.03        0.03    GRIB_API:IGRIB_RELEASE@1
 1270     0.00      526.482        0.000        0.000             37        0.00        0.00    CPG_DIA_FLU_PARALLEL:0:NULLIFY@1
 1271     0.00      526.482        0.000        0.000            144        0.00        0.00    MYSENDSET@1
 1272     0.00      526.482        0.000        0.000             37        0.00        0.00    APL_ARPEGE_PARALLEL:CPPHINP:NULLIFY@1
 1273     0.00      526.482        0.000        0.000             37        0.00        0.00    LAPINEA_PARALLEL:LARCINA:NULLIFY@1
 1274     0.00      526.482        0.000        0.000            241        0.00        0.00    FANUMU_MT@1
 1275     0.00      526.482        0.000        0.000             37        0.00        0.00    APL_ARPEGE_PARALLEL:ACDRME:NULLIFY@1
 1276     0.00      526.482        0.000        0.000             37        0.00        0.00    CPG_DIA_FLU_PARALLEL:3:GET_DATA@1
 1277     0.00      526.482        0.000        0.000             37        0.00        0.00    APL_ARPEGE_INIT_PARALLEL:2:NULLIFY@1
 1278     0.00      526.483        0.000        0.000             37        0.00        0.00    CPG_PARALLEL:LSMTSOL:GET_DATA@1
 1279     0.00      526.483        0.000        0.000             37        0.00        0.00    LARCINB_PARALLEL:LRHS_CURV_F:NULLIFY@1
 1280     0.00      526.483        0.000        0.000             37        0.00        0.00    CPG_GP_HYD_PARALLEL:0:NULLIFY@1
 1281     0.00      526.483        0.000        0.000             37        0.00        0.00    CPG_GP_HYD_PARALLEL:3:GET_DATA@1
 1282     0.00      526.483        0.000        0.000             41        0.00        0.00    TRLTOG_BAR@1
 1283     0.00      526.483        0.000        0.000             37        0.00        0.00    LARCINB_PARALLEL:NVLAG_3:NULLIFY@1
 1284     0.00      526.483        0.000        0.000            144        0.00        0.00    MYRECVSET@1
 1285     0.00      526.483        0.000        0.000             37        0.00        0.00    LARCINB_PARALLEL:LCOMAD_SP:NULLIFY@1
 1286     0.00      526.483        0.000        0.000             37        0.00        0.00    LARCINB_PARALLEL:LAITRE_GMV:NULLIFY@1
 1287     0.00      526.483        0.000        0.000            148        0.00        0.00    GPINISLB_PART2_EXPL_PARALLEL:1:NULLIFY@1
 1288     0.00      526.484        0.000        0.000             37        0.00        0.00    APL_ARPEGE_PARALLEL:DIFTQ:NULLIFY@1
 1289     0.00      526.484        0.000        0.000             37        0.00        0.00    APL_ARPEGE_PARALLEL:ACDRAG:NULLIFY@1
 1290     0.00      526.484        0.000        0.000             37        0.00        0.00    APL_ARPEGE_INIT_PARALLEL:3:NULLIFY@1
 1291     0.00      526.484        0.000        0.000             37        0.00        0.00    LAPINEB_PARALLEL:L_RDRY_VD:GET_DATA@1
 1292     0.00      526.484        0.000        0.000             37        0.00        0.00    CPG_GP_HYD_PARALLEL:2:NULLIFY@1
 1293     0.00      526.484        0.000        0.000              1        0.10        0.10    FAICOR_MT@1
 1294     0.00      526.484        0.000        0.000             37        0.00        0.00    CPG_GP_HYD_PARALLEL:1:NULLIFY@1
 1295     0.00      526.484        0.000        0.000             37        0.00        0.00    CPGLAG_PARALLEL:STR:GET_DATA@1
 1296     0.00      526.484        0.000        0.000              1        0.09        0.10    GSTATS_LABEL_IFS@1
 1297     0.00      526.484        0.000        0.000             11        0.01        0.01    FACADI_MT@1
 1298     0.00      526.484        0.000        0.000             37        0.00        0.00    APL_ARPEGE_RADIATION_PARALLEL:RADHEAT:NULLIFY@1
 1299     0.00      526.485        0.000        0.000             37        0.00        0.00    APL_ARPEGE_DEEP_CONVECTION_PARALLEL:ACUPTQ:NULLIFY@1
 1300     0.00      526.485        0.000        0.000             37        0.00        0.00    APL_ARPEGE_DEEP_CONVECTION_PARALLEL:ZERO:NULLIFY@1
 1301     0.00      526.485        0.000        0.000             37        0.00        0.00    ACVPPKF_PARALLEL:PART1:NULLIFY@1
 1302     0.00      526.485        0.000        0.000             37        0.00        0.00    GPRCP_EXPL_PARALLEL:5:GET_DATA@1
 1303     0.00      526.485        0.000        0.000              1        0.09        0.09    RRTM_KGB14@1
 1304     0.00      526.485        0.000        0.000             37        0.00        0.00    LATTES_PARALLEL:0:NULLIFY@1
 1305     0.00      526.485        0.000        0.000             37        0.00        0.01    TXFU_TYPE_RESET@1
 1306     0.00      526.485        0.000        0.000            203        0.00        0.00    FANUCA_MT@1
 1307     0.00      526.485        0.000        0.000             37        0.00        0.00    ACVPPKF_PARALLEL:PART3:NULLIFY@1
 1308     0.00      526.485        0.000        0.000              1        0.09        0.09    SUSRTAB@1
 1309     0.00      526.485        0.000        0.000              1        0.09        0.09    RRTM_KGB2@1
 1310     0.00      526.486        0.000        0.000             72        0.00        0.00    EXCHANGE_MS:ADD2DF@1
 1311     0.00      526.486        0.000        0.000              1        0.09        0.09    RRTM_KGB10@1
 1312     0.00      526.486        0.000        0.000             37        0.00        0.00    APL_ARPEGE_DEEP_CONVECTION_PARALLEL:COPY:NULLIFY@1
 1313     0.00      526.486        0.000        0.000             37        0.00        0.00    APL_ARPEGE_RADIATION_PARALLEL:ACDAYD:NULLIFY@1
 1314     0.00      526.486        0.000        0.000              1        0.09        0.09    RRTM_CMBGB9_GPU@1
 1315     0.00      526.486        0.000        0.000            202        0.00        0.00    SUCLDP:BETACF@1
 1316     0.00      526.486        0.000        0.000             37        0.00        0.00    APL_ARPEGE_PARALLEL:ZDE2MR:GET_DATA@1
 1317     0.00      526.486        0.000        0.000              1        0.09        0.09    SRTM_KGB29@1
 1318     0.00      526.486        0.000        0.000             37        0.00        0.00    MF_PHYS_PREP_PARALLEL:PREP:NULLIFY@1
 1319     0.00      526.486        0.000        0.000              7        0.01        0.01    RECMWF_PARALLEL:ECRAD_GPU:GET_DATA@1
 1320     0.00      526.486        0.000        0.000              1        0.08        0.08    SRTM_KGB20@1
 1321     0.00      526.487        0.000        0.000             10        0.01        0.01    GFL_SUBS_MOD:DEFINE_GFL_COMP@1
 1322     0.00      526.487        0.000        0.000             37        0.00        0.00    APL_ARPEGE_DPRECIPS_PARALLEL:0:NULLIFY@1
 1323     0.00      526.487        0.000        0.000             37        0.00        0.00    LASSIE_PARALLEL:SITNU:NULLIFY@1
 1324     0.00      526.487        0.000        0.000             37        0.00        0.00    LASSIE_PARALLEL:SITNU:GET_DATA@1
 1325     0.00      526.487        0.000        0.000             57        0.00        0.00    TRGTOL_BAR@1
 1326     0.00      526.487        0.000        0.000             37        0.00        0.00    LAVABO_PARALLEL:2:GET_DATA@1
 1327     0.00      526.487        0.000        0.000             36        0.00        0.00    CPCFU_PARALLEL:5:GET_DATA@1
 1328     0.00      526.487        0.000        0.000             37        0.00        0.00    APL_ARPEGE_PARALLEL:ZBAY_QRCONV:GET_DATA@1
 1329     0.00      526.487        0.000        0.000             37        0.00        0.00    APL_ARPEGE_PARALLEL:ACCLPH:NULLIFY@1
 1330     0.00      526.487        0.000        0.001              1        0.08        0.61    SUTRANS0@1
 1331     0.00      526.487        0.000        0.000             37        0.00        0.00    APL_ARPEGE_INIT_PARALLEL:4:NULLIFY@1
 1332     0.00      526.487        0.000        0.000             37        0.00        0.00    APL_ARPEGE_INIT_PARALLEL:6:GET_DATA@1
 1333     0.00      526.487        0.000        0.000            168        0.00        0.00    GBYTES_MF@1
 1334     0.00      526.488        0.000        0.000             37        0.00        0.00    LAPINEB_PARALLEL:ROTUV:NULLIFY@1
 1335     0.00      526.488        0.000        0.000              1        0.08        0.08    RRTM_CMBGB7_GPU@1
 1336     0.00      526.488        0.000        0.000              1        0.08        0.08    SUHER@1
 1337     0.00      526.488        0.000        0.000             22        0.00        0.00    SURFACE_FIELDS_MIX:INI_SFLP2@1
 1338     0.00      526.488        0.000        0.000             74        0.00        0.00    GPMPFC_EXPL_PART2_PARALLEL:0:NULLIFY@1
 1339     0.00      526.488        0.000        0.369              1        0.08      368.68    SUPHEC@1
 1340     0.00      526.488        0.000        0.000             30        0.00        0.00    APL_ARPEGE_RADIATION_PARALLEL:CALLRAD_F:GET_DATA@1
 1341     0.00      526.488        0.000        0.000              1        0.08        0.08    RRTM_CMBGB13_GPU@1
 1342     0.00      526.488        0.000        0.000             37        0.00        0.00    CPXFU_PARALLEL:4:GET_DATA@1
 1343     0.00      526.488        0.000        0.000              1        0.07        0.08    RRTM_KGB11@1
 1344     0.00      526.488        0.000        0.000              1        0.07        0.07    SRTM_KGB27@1
 1345     0.00      526.488        0.000        0.000             47        0.00        0.01    FANFAN_MT@1
 1346     0.00      526.488        0.000        0.000             37        0.00        0.00    APL_ARPEGE_INIT_PARALLEL:2:GET_DATA@1
 1347     0.00      526.489        0.000        0.000             37        0.00        0.00    CPG_PARALLEL:ISETTLOFF:NULLIFY@1
 1348     0.00      526.489        0.000        0.000             37        0.00        0.00    CPG_PARALLEL:ZEROPB2:NULLIFY@1
 1349     0.00      526.489        0.000        0.001              2        0.04        0.29    IOGRIDA_MOD:IOGRIDA_SELECT_WH@1
 1350     0.00      526.489        0.000        0.000             37        0.00        0.00    GPTF1_YDVARS_PARALLEL:LTWOTL:GET_DATA@1
 1351     0.00      526.489        0.000        0.000              1        0.07        0.07    RERESF_PART1@1
 1352     0.00      526.489        0.000        0.000              1        0.07        0.07    ELMHES@1
 1353     0.00      526.489        0.000        0.000             37        0.00        0.00    APL_ARPEGE_INIT_PARALLEL:0:GET_DATA@1
 1354     0.00      526.489        0.000        0.000             37        0.00        0.00    APL_ARPEGE_PARALLEL:PLSM:GET_DATA@1
 1355     0.00      526.489        0.000        0.000             72        0.00        0.00    EXCHANGE_MS:ADD3DFL@1
 1356     0.00      526.489        0.000        0.000             37        0.00        0.00    APL_ARPEGE_SURFACE_PARALLEL:ACDIFV2:NULLIFY@1
 1357     0.00      526.489        0.000        0.000             37        0.00        0.00    CTVTOT_EXPL_PARALLEL:0:GET_DATA@1
 1358     0.00      526.489        0.000        0.000             37        0.00        0.00    APL_ARPEGE_PARALLEL:ACTQSAT:NULLIFY@1
 1359     0.00      526.489        0.000        0.000              1        0.07        0.07    RRTM_CMBGB12_GPU@1
 1360     0.00      526.489        0.000        0.000             37        0.00        0.00    CPGLAG_PARALLEL:1:GET_DATA@1
 1361     0.00      526.490        0.000        3.245             37        0.00       87.69    APL_ARPEGE_INIT_PARALLEL:PART6@1
 1362     0.00      526.490        0.000        0.000             37        0.00        0.00    APL_ARPEGE_PARALLEL:ACVISIH:NULLIFY@1
 1363     0.00      526.490        0.000        0.000             72        0.00        0.00    EXCHANGE_MS:ADD2DFL@1
 1364     0.00      526.490        0.000        0.000             37        0.00        0.00    CPUTQY_APLPAR_EXPL_PARALLEL:ZTDCP:GET_DATA@1
 1365     0.00      526.490        0.000        0.000             37        0.00        0.00    LACDYN_PARALLEL:ZMIXNL:GET_DATA@1
 1366     0.00      526.490        0.000        0.000             37        0.00        0.00    APL_ARPEGE_PARALLEL:EDR:GET_DATA@1
 1367     0.00      526.490        0.000        0.000              2        0.03        0.03    OPENFAINFO@1
 1368     0.00      526.490        0.000        0.000              7        0.01        0.01    RECMWF_PARALLEL:PREPARE:GET_DATA@1
 1369     0.00      526.490        0.000        0.000             37        0.00        0.00    CPG_GP_PARALLEL:GP_SPV:NULLIFY@1
 1370     0.00      526.490        0.000        0.000             37        0.00        0.00    APL_ARPEGE_RADIATION_PARALLEL:DIRECT:GET_DATA@1
 1371     0.00      526.490        0.000       21.350             37        0.00      577.04    APL_ARPEGE_INIT_PARALLEL:PART4@1
 1372     0.00      526.490        0.000        0.000             37        0.00        0.00    APL_ARPEGE_SURFACE_UPDATE_PARALLEL:LMSE_F:NULLIFY@1
 1373     0.00      526.490        0.000        0.000              1        0.06        0.06    SUCTRL_GFLATTR@1
 1374     0.00      526.490        0.000        0.000             36        0.00        0.00    APL_ARPEGE_RADIATION_PARALLEL:SUNSHINE:GET_DATA@1
 1375     0.00      526.490        0.000        0.000              2        0.03        0.03    READ_XKER_RDRYG@1
 1376     0.00      526.491        0.000        0.000             37        0.00        0.00    MF_PHYS_FPL_PART1_PARALLEL:PART1:GET_DATA@1
 1377     0.00      526.491        0.000        0.000             37        0.00        0.00    APL_ARPEGE_PARALLEL:BAYRAD:GET_DATA@1
 1378     0.00      526.491        0.000        0.000             39        0.00        0.00    SUECOZO@1
 1379     0.00      526.491        0.000        0.000             37        0.00        0.00    CPG_DIA_FLU_PARALLEL:4:GET_DATA@1
 1380     0.00      526.491        0.000        0.000              2        0.03        0.03    READ_XKER_GWETH@1
 1381     0.00      526.491        0.000        0.000             37        0.00        0.00    CPG_PARALLEL:SHUFFLESL1:NULLIFY@1
 1382     0.00      526.491        0.000        0.000             37        0.00        0.00    APL_ARPEGE_INIT_PARALLEL:5:NULLIFY@1
 1383     0.00      526.491        0.000        0.000              2        0.03        0.03    READ_XKER_RWETH@1
 1384     0.00      526.491        0.000        0.000             37        0.00        0.00    APL_ARPEGE_HYDRO_BUDGET_PARALLEL:ACDROV:NULLIFY@1
 1385     0.00      526.491        0.000        0.000             37        0.00        0.00    CPG_DRV_SETTLOFF@1
 1386     0.00      526.491        0.000        0.000             37        0.00        0.00    APL_ARPEGE_PARALLEL:ACHMT:NULLIFY@1
 1387     0.00      526.491        0.000        0.000             37        0.00        0.00    LAPINEB_PARALLEL:ZVWEI:GET_DATA@1
 1388     0.00      526.491        0.000        0.000              1        0.06        0.06    SUALMP1@1
 1389     0.00      526.491        0.000        0.000              1        0.06        0.06    SUALDYN@1
 1390     0.00      526.491        0.000        0.000             36        0.00        0.00    UPDATE_CALENDAR@1
 1391     0.00      526.491        0.000        0.077              7        0.01       11.03    APL_ARPEGE_AEROSOLS_FOR_RADIATION_PARALLEL:RADAER@1
 1392     0.00      526.492        0.000        0.001              1        0.06        0.64    SURLX@1
 1393     0.00      526.492        0.000        1.684             37        0.00       45.52    APL_ARPEGE_INIT_PARALLEL:PART3@1
 1394     0.00      526.492        0.000        0.000             37        0.00        0.00    GPMPFC_EXPL_PARALLEL:0:GET_DATA@1
 1395     0.00      526.492        0.000        0.000             12        0.00        0.01    GRIB_API:IGRIB_SET_REAL8@1
 1396     0.00      526.492        0.000        0.000             37        0.00        0.00    LACDYN_PARALLEL:LASURE:GET_DATA@1
 1397     0.00      526.492        0.000        0.112             37        0.00        3.02    APL_ARPEGE_INIT_PARALLEL:PART1@1
 1398     0.00      526.492        0.000        6.030             37        0.00      162.99    APL_ARPEGE_INIT_PARALLEL:PART5@1
 1399     0.00      526.492        0.000        0.000             37        0.00        0.00    CPG_GP_PARALLEL:SETZERO:GET_DATA@1
 1400     0.00      526.492        0.000        0.000             37        0.00        0.00    LAPINEB_PARALLEL:NVLAG3:NULLIFY@1
 1401     0.00      526.492        0.000        0.000             37        0.00        0.00    CPGLAG_PARALLEL:0:NULLIFY@1
 1402     0.00      526.492        0.000        0.000              2        0.03        0.03    TCFU_TYPE_INIT@1
 1403     0.00      526.492        0.000        0.000             37        0.00        0.00    APL_ARPEGE_PARALLEL:ZRDG_LCVQ:NULLIFY@1
 1404     0.00      526.492        0.000        0.000             37        0.00        0.00    CPG_GP_PARALLEL:GPINISLB_PART3_EXPL:NULLIFY@1
 1405     0.00      526.492        0.000        0.000             41        0.00        0.00    TRMTOL_BAR@1
 1406     0.00      526.492        0.000        0.000             37        0.00        0.00    LASSIE_PARALLEL:GPRCP:GET_DATA@1
 1407     0.00      526.492        0.000        0.000              1        0.06        0.06    SUMPINI_PRT@1
 1408     0.00      526.492        0.000        0.000            131        0.00        0.00    "lfinfo_alts"@1:lfi_alts.c
 1409     0.00      526.492        0.000        0.001              1        0.05        0.59    SURIP@1
 1410     0.00      526.493        0.000        0.002              1        0.05        1.54    SUVAREPS@1
 1411     0.00      526.493        0.000      525.208              1        0.05   525207.86    CNT3@1
 1412     0.00      526.493        0.000        0.018              1        0.05       17.60    SUPHMF@1
 1413     0.00      526.493        0.000        0.000             37        0.00        0.00    TRLTOM_BAR@1
 1414     0.00      526.493        0.000        0.000              1        0.05        0.23    SITNU_SP_OPENMP@1
 1415     0.00      526.493        0.000        0.000             37        0.00        0.00    LAPINEB_PARALLEL:L_RDRY_VD:NULLIFY@1
 1416     0.00      526.493        0.000        0.116             37        0.00        3.14    APL_ARPEGE_INIT_PARALLEL:PART7@1
 1417     0.00      526.493        0.000        0.000              9        0.01        0.02    FARINE_MT@1
 1418     0.00      526.493        0.000        0.000             37        0.00        0.00    CPXFU_PARALLEL:2:NULLIFY@1
 1419     0.00      526.493        0.000        0.000              1        0.05        0.05    YOEAERC:PART3@1
 1420     0.00      526.493        0.000        0.000              1        0.05        0.05    SRTM_CMBGB18_GPU@1
 1421     0.00      526.493        0.000        0.174             20        0.00        8.68    GPNORM_TRANS@1
 1422     0.00      526.493        0.000        0.000             37        0.00        0.00    APL_ARPEGE_OCEANIC_FLUXES_PARALLEL:ACFLUSO:NULLIFY@1
 1423     0.00      526.493        0.000        0.000             32        0.00        0.00    DEALLOCATE_IF_ASSOCIATED_MOD:DEALLOCATE_IF_ASSOCIATED_REAL_2D@1
 1424     0.00      526.493        0.000        0.000             90        0.00        0.00    SUXFU:NEXTYPE1@1
 1425     0.00      526.493        0.000        0.000              1        0.05        0.05    YOEAERC:PART5@1
 1426     0.00      526.493        0.000        0.000             37        0.00        0.00    CPG_PARALLEL:ZEROSL1:GET_DATA@1
 1427     0.00      526.493        0.000        0.000             37        0.00        0.00    APL_ARPEGE_RADIATION_PARALLEL:LMSE_F:NULLIFY@1
 1428     0.00      526.493        0.000        0.000             37        0.00        0.00    CPG_GP_PARALLEL:GPTF2_EXPL_2TL:NULLIFY@1
 1429     0.00      526.494        0.000        0.000              1        0.05        0.05    YOEAERC:PART2@1
 1430     0.00      526.494        0.000        0.000             37        0.00        0.00    SPMCUF@1
 1431     0.00      526.494        0.000        0.000             37        0.00        0.00    APL_ARPEGE_PARALLEL:ZDE2MR:NULLIFY@1
 1432     0.00      526.494        0.000        0.000              2        0.02        0.03    TXFU_TYPE_INIT@1
 1433     0.00      526.494        0.000        0.001              1        0.05        0.58    SATS_MIX:SUSATS@1
 1434     0.00      526.494        0.000        0.000              1        0.05        0.05    YOEAERC:PART1@1
 1435     0.00      526.494        0.000        0.000              1        0.05        0.05    SRTM_CMBGB24_GPU@1
 1436     0.00      526.494        0.000        0.000              7        0.01        0.01    RECMWF_PARALLEL:PREPARE:NULLIFY@1
 1437     0.00      526.494        0.000        0.000              1        0.05        0.05    YOEAERC:PART6@1
 1438     0.00      526.494        0.000        0.000             37        0.00        0.00    APL_ARPEGE_PARALLEL:ZDPHIV:GET_DATA@1
 1439     0.00      526.494        0.000        0.000             37        0.00        0.00    APL_ARPEGE_INIT_PARALLEL:0:NULLIFY@1
 1440     0.00      526.494        0.000        0.000              1        0.05        0.05    SUECAEOR:PART1@1
 1441     0.00      526.494        0.000        0.000              1        0.05        0.34    SUDIM@1
 1442     0.00      526.494        0.000        0.000            110        0.00        0.00    "lfierf_alts"@1:lfi_alts.c
 1443     0.00      526.494        0.000        0.000             37        0.00        0.00    APL_ARPEGE_PARALLEL:ZBAY_QRCONV:NULLIFY@1
 1444     0.00      526.494        0.000        0.000             36        0.00        0.00    CPCFU_PARALLEL:2:NULLIFY@1
 1445     0.00      526.494        0.000        0.000              1        0.05        0.05    SRTM_CMBGB19_GPU@1
 1446     0.00      526.494        0.000        0.000              1        0.05        0.05    YOEAERC:PART4@1
 1447     0.00      526.494        0.000        0.000             37        0.00        0.00    CPXFU_PARALLEL:0:NULLIFY@1
 1448     0.00      526.494        0.000        0.000             37        0.00        0.00    CPG_GP_PARALLEL:SETZERO:NULLIFY@1
 1449     0.00      526.495        0.000        0.000             37        0.00        0.00    LAPINEB_PARALLEL:TEMP_EQ:NULLIFY@1
 1450     0.00      526.495        0.000        0.000              1        0.05        0.05    FA_COM:NEW_FA@1
 1451     0.00      526.495        0.000        0.000              1        0.05        0.05    RRTM_CMBGB15_GPU@1
 1452     0.00      526.495        0.000        0.000              1        0.05        0.05    SUECAESD:PART1@1
 1453     0.00      526.495        0.000        0.000             37        0.00        0.00    CPG_PARALLEL:ZEROPB2:GET_DATA@1
 1454     0.00      526.495        0.000        0.000             37        0.00        0.00    CPXFU_PARALLEL:1:NULLIFY@1
 1455     0.00      526.495        0.000        0.000             37        0.00        0.00    MF_PHYS_MOCON_PARALLEL:PPWETPOINT:NULLIFY@1
 1456     0.00      526.495        0.000        0.000             37        0.00        0.00    GPTF1_YDVARS_PARALLEL:LTWOTL:NULLIFY@1
 1457     0.00      526.495        0.000        0.000             37        0.00        0.00    CPUTQY_APLPAR_EXPL_PARALLEL:PFDIS:NULLIFY@1
 1458     0.00      526.495        0.000        0.000              1        0.05        0.05    SUALLO@1
 1459     0.00      526.495        0.000        0.000             36        0.00        0.00    CPCFU_PARALLEL:1:NULLIFY@1
 1460     0.00      526.495        0.000        0.000             37        0.00        0.00    LAVABO_PARALLEL:1:GET_DATA@1
 1461     0.00      526.495        0.000        0.000              2        0.02        0.03    CHIEN@1
 1462     0.00      526.495        0.000        0.000             37        0.00        0.00    CPGLAG_PARALLEL:STR:NULLIFY@1
 1463     0.00      526.495        0.000        1.191             37        0.00       32.18    APL_ARPEGE_INIT_PARALLEL:PART2@1
 1464     0.00      526.495        0.000        0.000              1        0.04        0.04    SUECAEBC:PART12@1
 1465     0.00      526.495        0.000        0.000             37        0.00        0.00    CPG_GP_PARALLEL:SET1TO0:GET_DATA@1
 1466     0.00      526.495        0.000        0.000             37        0.00        0.00    APL_ARPEGE_PARALLEL:ACSOL:NULLIFY@1
 1467     0.00      526.495        0.000        0.091              3        0.01       30.29    FAIGRA_MT@1
 1468     0.00      526.495        0.000        0.000             37        0.00        0.00    MF_PHYS_TRANSFER_PARALLEL:ALL:NULLIFY@1
 1469     0.00      526.495        0.000        0.000             37        0.00        0.00    CPG_DIA_FLU_PARALLEL:2:NULLIFY@1
 1470     0.00      526.495        0.000        0.000             37        0.00        0.00    APL_ARPEGE_INIT_PARALLEL:6:NULLIFY@1
 1471     0.00      526.495        0.000        0.000             37        0.00        0.00    LAPINEB_PARALLEL:ZVWEI:NULLIFY@1
 1472     0.00      526.496        0.000        0.000             37        0.00        0.00    LACDYN_PARALLEL:ZMIXNL:NULLIFY@1
 1473     0.00      526.496        0.000        0.001              1        0.04        0.53    SUPARAR@1
 1474     0.00      526.496        0.000        0.000             37        0.00        0.00    CPGLAG_PARALLEL:1:NULLIFY@1
 1475     0.00      526.496        0.000        0.000              1        0.04        0.49    SUMP0@1
 1476     0.00      526.496        0.000        0.000              1        0.04        0.04    SUECAEBC:PART14@1
 1477     0.00      526.496        0.000        0.000             37        0.00        0.00    CPG_GP_PARALLEL:MAP_FACTOR:NULLIFY@1
 1478     0.00      526.496        0.000        0.000             37        0.00        0.00    MF_PHYS_FPL_PART1_PARALLEL:PART1:NULLIFY@1
 1479     0.00      526.496        0.000        0.001              1        0.04        0.96    SUFP_CTL@1
 1480     0.00      526.496        0.000        0.000             38        0.00        0.00    GP_DERIVATIVES@1
 1481     0.00      526.496        0.000        0.000             37        0.00        0.00    APL_ARPEGE_PARALLEL:PPWETPOINT:NULLIFY@1
 1482     0.00      526.496        0.000        0.000              1        0.04        0.04    SUECAEOR:PART20@1
 1483     0.00      526.496        0.000        0.000              1        0.04        0.04    SUTIM@1
 1484     0.00      526.496        0.000        0.000              1        0.04        0.04    SUECAEBC:PART1@1
 1485     0.00      526.496        0.000        0.000             36        0.00        0.00    CPCFU_PARALLEL:0:NULLIFY@1
 1486     0.00      526.496        0.000        0.000             37        0.00        0.00    CTVTOT_EXPL_PARALLEL:0:NULLIFY@1
 1487     0.00      526.496        0.000        0.000              1        0.04        0.04    SULSFORC@1
 1488     0.00      526.496        0.000        0.000              1        0.04        0.04    SUNRTAER@1
 1489     0.00      526.496        0.000        0.000             37        0.00        0.00    APL_ARPEGE_PARALLEL:PLSM:NULLIFY@1
 1490     0.00      526.496        0.000        0.000              2        0.02        0.06    SUXFU:SETUP_DESCRIPTORS@1
 1491     0.00      526.496        0.000        0.000              1        0.04        0.04    SUECAEOR:PART2@1
 1492     0.00      526.496        0.000        0.001              1        0.04        0.52    SUNORGWD@1
 1493     0.00      526.496        0.000        0.000             37        0.00        0.00    APL_ARPEGE_RADIATION_PARALLEL:DIRECT:NULLIFY@1
 1494     0.00      526.496        0.000        0.016              1        0.04       16.03    SPEUV@1
 1495     0.00      526.496        0.000        0.005              3        0.01        1.77    FIELD_CONTAINER_BASE_MOD:FIELD_CREATE_BASE@1
 1496     0.00      526.497        0.000        0.001              1        0.04        0.58    SUPP@1
 1497     0.00      526.497        0.000        0.000              7        0.01        0.01    RECMWF_PARALLEL:FINISH:NULLIFY@1
 1498     0.00      526.497        0.000        0.000              2        0.02        0.02    TCFU_TYPE_FINAL@1
 1499     0.00      526.497        0.000        0.000             37        0.00        0.00    APL_ARPEGE_PARALLEL:EDR:NULLIFY@1
 1500     0.00      526.497        0.000        0.000             37        0.00        0.00    APL_WIND_GUST_PARALLEL:ACCLDIA:NULLIFY@1
 1501     0.00      526.497        0.000        0.000             37        0.00        0.00    APL_ARPEGE_SOIL_HYDRO_PARALLEL:ACVEG:NULLIFY@1
 1502     0.00      526.497        0.000        0.000              1        0.04        0.04    RRTM_CMBGB11_GPU@1
 1503     0.00      526.497        0.000        0.000              1        0.04        0.04    SURRTAB@1
 1504     0.00      526.497        0.000        0.011              6        0.01        1.80    MINV_8@1
 1505     0.00      526.497        0.000        0.000              1        0.04        0.04    SUECAESU:PART1@1
 1506     0.00      526.497        0.000        0.000             37        0.00        0.00    LAVABO_PARALLEL:0:NULLIFY@1
 1507     0.00      526.497        0.000        0.000             37        0.00        0.00    APL_ARPEGE_ALBEDO_COMPUTATION_PARALLEL:0:NULLIFY@1
 1508     0.00      526.497        0.000        0.000              7        0.01        0.01    APL_ARPEGE_AEROSOLS_FOR_RADIATION_PARALLEL:RADAER:GET_DATA@1
 1509     0.00      526.497        0.000        0.000             37        0.00        0.00    MF_PHYS_FPL_PART2_PARALLEL:PART2:NULLIFY@1
 1510     0.00      526.497        0.000        0.000              1        0.04        0.04    SUOPTSURF@1
 1511     0.00      526.497        0.000        0.000             36        0.00        0.00    CPG_END_SFC_PARALLEL:SET0TO1:GET_DATA@1
 1512     0.00      526.497        0.000        0.000             36        0.00        0.00    CPCFU_PARALLEL:3:NULLIFY@1
 1513     0.00      526.497        0.000        0.000              2        0.02        0.17    MINV_CALLER@1
 1514     0.00      526.497        0.000        0.000              1        0.04        0.49    SUOPH0@1
 1515     0.00      526.497        0.000        0.000              1        0.04        0.18    MF_PHYS_SAVE_PHSURF_PART1_PARALLEL:PART1@1
 1516     0.00      526.497        0.000        0.000             37        0.00        0.00    APL_ARPEGE_INIT_PARALLEL:1:NULLIFY@1
 1517     0.00      526.497        0.000        0.000             37        0.00        0.00    CPXFU_PARALLEL:4:NULLIFY@1
 1518     0.00      526.497        0.000        0.000              1        0.04        0.04    YOMCVER:PRT_CVER_GEOM@1
 1519     0.00      526.497        0.000        0.000              1        0.04        0.04    SRTM_CMBGB16_GPU@1
 1520     0.00      526.497        0.000        0.000             37        0.00        0.00    APL_ARPEGE_PARALLEL:BAYRAD:NULLIFY@1
 1521     0.00      526.497        0.000        0.000              2        0.02        0.05    SUCFU:SETUP_DESCRIPTORS@1
 1522     0.00      526.498        0.000        0.000             12        0.00        0.00    SURFACE_FIELDS_MIX:INI_SFLP3@1
 1523     0.00      526.498        0.000        0.000             37        0.00        0.00    CPG_PARALLEL:SHUFFLESL1:GET_DATA@1
 1524     0.00      526.498        0.000        0.000             37        0.00        0.00    LACDYN_PARALLEL:LASURE:NULLIFY@1
 1525     0.00      526.498        0.000        0.000             37        0.00        0.00    APL_ARPEGE_PARALLEL:FRSOPT:NULLIFY@1
 1526     0.00      526.498        0.000        0.000              1        0.04        0.04    YOEAERC:PART7@1
 1527     0.00      526.498        0.000        0.001              1        0.04        1.12    MF_PHYS_SAVE_PHSURF_PART2_PARALLEL:PART2@1
 1528     0.00      526.498        0.000        0.000              1        0.04        0.05    RIEN@1
 1529     0.00      526.498        0.000        0.001              1        0.04        1.25    SULUN@1
 1530     0.00      526.498        0.000        0.000             36        0.00        0.00    CPCFU_PARALLEL:5:NULLIFY@1
 1531     0.00      526.498        0.000        0.000              1        0.04        0.05    SUECV@1
 1532     0.00      526.498        0.000        0.000              1        0.04        0.04    SUECAEBC:PART2@1
 1533     0.00      526.498        0.000        0.000              1        0.03        0.04    SULEGA@1
 1534     0.00      526.498        0.000        1.213              1        0.03     1212.71    CNT3_GLO@1
 1535     0.00      526.498        0.000        0.000              1        0.03        0.10    IOMULTIBUF_MOD:IOMULTIBUF_COMP_IDX@1
 1536     0.00      526.498        0.000        0.000              1        0.03        0.03    SUECAESD:PART4@1
 1537     0.00      526.498        0.000        0.007              1        0.03        6.71    YOEAERC:SETUP_TEGEN@1
 1538     0.00      526.498        0.000        0.000             37        0.00        0.00    LASSIE_PARALLEL:GPRCP:NULLIFY@1
 1539     0.00      526.498        0.000        0.000             37        0.00        0.00    CPUTQY_APLPAR_EXPL_PARALLEL:ZTDCP:NULLIFY@1
 1540     0.00      526.498        0.000        0.000              1        0.03        0.03    SUECAEBC:PART4@1
 1541     0.00      526.498        0.000        0.000              1        0.03        0.03    SRTM_CMBGB29_GPU@1
 1542     0.00      526.498        0.000        0.058              1        0.03       57.53    SUGRIDU@1
 1543     0.00      526.498        0.000        0.000             30        0.00        0.00    APL_ARPEGE_RADIATION_PARALLEL:CALLRAD_F:NULLIFY@1
 1544     0.00      526.498        0.000        0.000             37        0.00        0.00    APL_ARPEGE_PARALLEL:ZDPHIV:NULLIFY@1
 1545     0.00      526.498        0.000        0.000              1        0.03        0.03    SUECAEBC:PART16@1
 1546     0.00      526.498        0.000        0.000             37        0.00        0.00    CPG_PARALLEL:LSMTSOL:NULLIFY@1
 1547     0.00      526.498        0.000        0.000              1        0.03        0.03    VAL923@1
 1548     0.00      526.498        0.000        0.000              1        0.03        0.03    SUECAESU:PART9@1
 1549     0.00      526.498        0.000        0.000              7        0.00        0.00    RECMWF_PARALLEL:ECRAD_POST:GET_DATA@1
 1550     0.00      526.498        0.000        0.000             37        0.00        0.00    APL_ARPEGE_PARALLEL:PRECIPS:NULLIFY@1
 1551     0.00      526.498        0.000        0.000              1        0.03        0.03    SUECAESD:PART2@1
 1552     0.00      526.499        0.000        0.000             37        0.00        0.00    CPG_GP_PARALLEL:SET1TO0:NULLIFY@1
 1553     0.00      526.499        0.000        0.000              1        0.03        0.03    SUECAEBC:PART19@1
 1554     0.00      526.499        0.000        0.000              1        0.03        0.03    SUECAESS:PART5@1
 1555     0.00      526.499        0.000        0.000              1        0.03        0.03    SUECAESU:PART3@1
 1556     0.00      526.499        0.000        0.000              7        0.00        0.00    APL_ARPEGE_AEROSOLS_FOR_RADIATION_PARALLEL:RADAER:NULLIFY@1
 1557     0.00      526.499        0.000        0.000              1        0.03        0.03    SUECAEOR:PART6@1
 1558     0.00      526.499        0.000        0.000             36        0.00        0.00    APL_ARPEGE_RADIATION_PARALLEL:SUNSHINE:NULLIFY@1
 1559     0.00      526.499        0.000        0.000              1        0.03        0.03    SUECAEOR:PART12@1
 1560     0.00      526.499        0.000        0.000             36        0.00        0.00    CPG_END_SFC_PARALLEL:SET0TO1:NULLIFY@1
 1561     0.00      526.499        0.000        0.020              1        0.03       20.27    SUSURF@1
 1562     0.00      526.499        0.000        0.000              1        0.03        0.03    SUECAESD:PART10@1
 1563     0.00      526.499        0.000        0.000              1        0.03        0.03    SUECAESD:PART6@1
 1564     0.00      526.499        0.000        0.000              1        0.03        0.03    SUSWN@1
 1565     0.00      526.499        0.000        0.000              1        0.03        0.50    SUMCC@1
 1566     0.00      526.499        0.000        0.001              1        0.03        1.49    SUSC2C@1
 1567     0.00      526.499        0.000        0.000              1        0.03        0.28    SUCVMNH@1
 1568     0.00      526.499        0.000        0.000              1        0.03        0.03    SUECAEBC:PART20@1
 1569     0.00      526.499        0.000        0.000              2        0.02        0.02    TXFU_TYPE_FINAL@1
 1570     0.00      526.499        0.000        0.000              1        0.03        0.03    SUECAEBC:PART13@1
 1571     0.00      526.499        0.000        0.000              1        0.03        0.03    SURIP0@1
 1572     0.00      526.499        0.000        0.000              1        0.03        0.03    SRTM_CMBGB22_GPU@1
 1573     0.00      526.499        0.000        0.027              2        0.02       13.73    FACGRA_MT@1
 1574     0.00      526.499        0.000        0.000              1        0.03        0.03    SUECAEOR:PART19@1
 1575     0.00      526.499        0.000        0.000              1        0.03        0.03    SUECAEBC:PART6@1
 1576     0.00      526.499        0.000        0.000              1        0.03        0.03    SUECAESS:PART23@1
 1577     0.00      526.499        0.000        0.000              1        0.03        0.03    SUECAESD:PART12@1
 1578     0.00      526.499        0.000        0.000              1        0.03        0.03    SUECAEBC:PART23@1
 1579     0.00      526.499        0.000        0.000              1        0.03        0.03    SUECAEOR:PART3@1
 1580     0.00      526.499        0.000        0.000              1        0.03        0.03    SUECAEBC:PART10@1
 1581     0.00      526.499        0.000        0.000              1        0.03        0.03    SUECAESU:PART12@1
 1582     0.00      526.499        0.000        0.000              1        0.03        0.03    SUECAEBC:PART24@1
 1583     0.00      526.499        0.000        0.000              1        0.03        0.03    SUECAESU:PART8@1
 1584     0.00      526.500        0.000        0.000              2        0.01        0.02    SUMPIOH@1
 1585     0.00      526.500        0.000        0.000              1        0.03        0.03    SUECAESU:PART15@1
 1586     0.00      526.500        0.000        0.000              1        0.03        0.03    SUECAEBC:PART9@1
 1587     0.00      526.500        0.000        0.001              1        0.03        0.61    SUSPSDT@1
 1588     0.00      526.500        0.000        0.000              1        0.03        0.03    SUECAEBC:PART22@1
 1589     0.00      526.500        0.000        0.000              1        0.03        0.03    SUECAEOR:PART4@1
 1590     0.00      526.500        0.000        0.000              1        0.03        0.03    SUECAEOR:PART8@1
 1591     0.00      526.500        0.000        0.000              1        0.03        0.03    SUECAESU:PART22@1
 1592     0.00      526.500        0.000        0.000             37        0.00        0.00    GPMPFC_EXPL_PARALLEL:0:NULLIFY@1
 1593     0.00      526.500        0.000        0.000              1        0.03        0.03    SUECAESD:PART5@1
 1594     0.00      526.500        0.000        0.000              1        0.03        0.03    SUECAESS:PART21@1
 1595     0.00      526.500        0.000        0.000              1        0.03        0.03    SUECAEOR:PART21@1
 1596     0.00      526.500        0.000        0.000              1        0.03        0.03    SUECAESU:PART4@1
 1597     0.00      526.500        0.000        0.000              1        0.03        0.03    SUECAEOR:PART22@1
 1598     0.00      526.500        0.000        0.020              1        0.03       20.13    SUSOCEAN_ML_MOD:SUSOCEAN_ML@1
 1599     0.00      526.500        0.000        0.000              1        0.03        0.03    SUHDVPN@1
 1600     0.00      526.500        0.000        0.000              1        0.03        0.03    SUECAESD:PART9@1
 1601     0.00      526.500        0.000        0.000              1        0.03        0.03    SUECAESS:PART14@1
 1602     0.00      526.500        0.000        0.000              7        0.00        0.00    RECMWF_PARALLEL:ECRAD_GPU:NULLIFY@1
 1603     0.00      526.500        0.000        0.000              1        0.03        0.03    SUECAESD:PART7@1
 1604     0.00      526.500        0.000        0.000              1        0.03        0.04    SUSSOIL_MOD:SUSSOIL@1
 1605     0.00      526.500        0.000        0.000              1        0.03        0.03    SUECAESU:PART19@1
 1606     0.00      526.500        0.000        0.000              1        0.03        0.03    SUECAESU:PART7@1
 1607     0.00      526.500        0.000        0.000              1        0.03        0.03    SUECAESD:PART13@1
 1608     0.00      526.500        0.000        0.000              1        0.03        0.03    SUECAEBC:PART21@1
 1609     0.00      526.500        0.000        0.000              1        0.03        0.03    SUECAEOR:PART17@1
 1610     0.00      526.500        0.000        0.000              1        0.03        0.03    SUECAEBC:PART5@1
 1611     0.00      526.500        0.000        0.000              1        0.03        0.03    SUECAESS:PART7@1
 1612     0.00      526.500        0.000        0.000              1        0.03        0.03    SUECAEBC:PART3@1
 1613     0.00      526.500        0.000        0.000             37        0.00        0.00    CPG_GP_HYD_PARALLEL:3:NULLIFY@1
 1614     0.00      526.500        0.000        0.001              1        0.03        0.57    SUVV1@1
 1615     0.00      526.500        0.000        0.000              1        0.03        0.03    SUECAESS:PART2@1
 1616     0.00      526.500        0.000        0.000              1        0.03        0.03    SUECAESU:PART5@1
 1617     0.00      526.500        0.000        0.000              1        0.03        0.03    SUECAESU:PART18@1
 1618     0.00      526.500        0.000        0.000              2        0.01        0.02    FAQUIN_MT@1
 1619     0.00      526.501        0.000        0.000              1        0.03        0.03    FIELD_CONTAINER_BASE_MOD:GET_ACTIVE_FIELDS@1
 1620     0.00      526.501        0.000        0.000              1        0.03        0.03    SUECAEBC:PART15@1
 1621     0.00      526.501        0.000        0.000              1        0.03        0.03    SUECAEOR:PART16@1
 1622     0.00      526.501        0.000        0.000              1        0.03        0.03    SUECAESD:PART8@1
 1623     0.00      526.501        0.000        0.000              1        0.03        0.03    SUECAESS:PART19@1
 1624     0.00      526.501        0.000        0.000              1        0.03        0.03    SUDIMO@1
 1625     0.00      526.501        0.000        0.000              1        0.03        0.03    SUECAEBC:PART18@1
 1626     0.00      526.501        0.000        0.000              1        0.03        0.03    SUECAESD:PART3@1
 1627     0.00      526.501        0.000        0.000              1        0.03        0.03    SUECAEOR:PART23@1
 1628     0.00      526.501        0.000        0.000              1        0.03        0.03    SUECAESU:PART6@1
 1629     0.00      526.501        0.000        0.000              1        0.03        0.03    SUECAESS:PART22@1
 1630     0.00      526.501        0.000        0.000              1        0.03        0.03    SUECAESU:PART11@1
 1631     0.00      526.501        0.000        0.000              1        0.03        0.03    SUECAEBC:PART11@1
 1632     0.00      526.501        0.000        0.000              1        0.03        0.03    SUGEM3@1
 1633     0.00      526.501        0.000        0.000              1        0.03        0.03    SUECAESU:PART20@1
 1634     0.00      526.501        0.000        0.000              1        0.03        0.03    SUECAESU:PART13@1
 1635     0.00      526.501        0.000        0.000              1        0.03        0.03    SUECAESU:PART10@1
 1636     0.00      526.501        0.000        0.000              1        0.03        0.03    SUECAEOR:PART7@1
 1637     0.00      526.501        0.000        0.000              1        0.03        0.03    SUECAESS:PART24@1
 1638     0.00      526.501        0.000        0.000              1        0.03        0.03    SUECAEOR:PART18@1
 1639     0.00      526.501        0.000        0.000              1        0.03        0.03    SUECAESD:PART14@1
 1640     0.00      526.501        0.000        0.000             37        0.00        0.00    CPXFU_PARALLEL:3:NULLIFY@1
 1641     0.00      526.501        0.000        0.000              1        0.03        0.03    SUECAESU:PART2@1
 1642     0.00      526.501        0.000        0.000              1        0.03        0.31    SUGFL3@1
 1643     0.00      526.501        0.000        0.000              1        0.03        0.03    SUECAESS:PART18@1
 1644     0.00      526.501        0.000        0.000              1        0.03        0.03    SUECAESS:PART10@1
 1645     0.00      526.501        0.000        0.000              3        0.01        0.14    FAIRME_MT@1
 1646     0.00      526.501        0.000        0.000              1        0.03        0.03    SUECAESS:PART6@1
 1647     0.00      526.501        0.000        0.000              1        0.03        0.05    YOMCLMICST:SETUP_CLMICST@1
 1648     0.00      526.501        0.000        0.000             37        0.00        0.00    GPRCP_EXPL_PARALLEL:5:NULLIFY@1
 1649     0.00      526.501        0.000        0.000             37        0.00        0.00    LAVABO_PARALLEL:2:NULLIFY@1
 1650     0.00      526.501        0.000        0.020              1        0.03       20.24    SUSURF_CTL_MOD:SUSURF_CTL@1
 1651     0.00      526.501        0.000        0.000              1        0.03        0.03    SUECAEOR:PART5@1
 1652     0.00      526.501        0.000        0.000              1        0.03        0.03    SRTM_KGB23@1
 1653     0.00      526.501        0.000        0.000              1        0.03        0.03    SUECAESS:PART12@1
 1654     0.00      526.501        0.000        0.000              1        0.03        0.03    SUECAESS:PART16@1
 1655     0.00      526.501        0.000        0.000             37        0.00        0.00    CPG_DIA_FLU_PARALLEL:3:NULLIFY@1
 1656     0.00      526.501        0.000        0.000              1        0.03        0.03    SUECAEBC:PART8@1
 1657     0.00      526.502        0.000        0.000              1        0.03        0.03    SUECAEOR:PART24@1
 1658     0.00      526.502        0.000        0.000              1        0.03        0.03    SUECAESU:PART14@1
 1659     0.00      526.502        0.000        0.000              1        0.03        0.03    SUECAESU:PART17@1
 1660     0.00      526.502        0.000        0.000              1        0.03        0.03    SUECAESS:PART1@1
 1661     0.00      526.502        0.000        0.000              1        0.02        0.03    SUECAESS:PART9@1
 1662     0.00      526.502        0.000        0.000             50        0.00        0.00    SUCFU:NEXTYPE1@1
 1663     0.00      526.502        0.000        0.000              1        0.02        0.03    SRTM_KGB25@1
 1664     0.00      526.502        0.000        0.000              1        0.02        0.03    SUECAEOR:PART10@1
 1665     0.00      526.502        0.000        0.000              1        0.02        0.03    SUECAESD:PART22@1
 1666     0.00      526.502        0.000        0.000              1        0.02        0.03    SUSLB@1
 1667     0.00      526.502        0.000        0.000              2        0.01        0.01    SUCLOPN@1
 1668     0.00      526.502        0.000        0.000              1        0.02        0.02    SUECAESD:PART16@1
 1669     0.00      526.502        0.000        0.000              1        0.02        0.02    SUECAESU:PART23@1
 1670     0.00      526.502        0.000        0.000              1        0.02        0.03    SUVSPLIP@1
 1671     0.00      526.502        0.000        0.000              1        0.02        0.33    SUDYNCORE@1
 1672     0.00      526.502        0.000        0.000              1        0.02        0.02    SUECAEOR:PART9@1
 1673     0.00      526.502        0.000        0.000              1        0.02        0.02    SUECAESU:PART21@1
 1674     0.00      526.502        0.000        0.000              1        0.02        0.02    SUECAESS:PART15@1
 1675     0.00      526.502        0.000        0.000              8        0.00        0.05    VERDISINT@1
 1676     0.00      526.502        0.000        0.000              1        0.02        0.02    RRTM_CMBGB16_GPU@1
 1677     0.00      526.502        0.000        0.000              1        0.02        0.02    SUECAESD:PART18@1
 1678     0.00      526.502        0.000        0.000              1        0.02        0.02    SUECAEBC:PART17@1
 1679     0.00      526.502        0.000        0.000              1        0.02        0.02    SUECAESD:PART19@1
 1680     0.00      526.502        0.000        0.001              1        0.02        0.56    SUPHY2@1
 1681     0.00      526.502        0.000        0.000              1        0.02        0.02    SUECAESD:PART20@1
 1682     0.00      526.502        0.000        0.000              1        0.02        0.33    SUDIM_TRAJ@1
 1683     0.00      526.502        0.000        0.000              1        0.02        0.02    SUECAESD:PART17@1
 1684     0.00      526.502        0.000        0.000              1        0.02        0.02    SUECAEOR:PART15@1
 1685     0.00      526.502        0.000        0.000              4        0.01        0.01    FACTUI_MT@1
 1686     0.00      526.502        0.000        0.000              1        0.02        0.02    SUECAEOR:PART11@1
 1687     0.00      526.502        0.000        0.000             37        0.00        0.00    CPG_DIA_FLU_PARALLEL:4:NULLIFY@1
 1688     0.00      526.502        0.000        0.000              1        0.02        0.02    SUECAESU:PART16@1
 1689     0.00      526.502        0.000        0.000              1        0.02        0.27    SUCUMF@1
 1690     0.00      526.502        0.000        0.001              1        0.02        0.60    TESTVAR_MIX:SETUP_TESTVAR@1
 1691     0.00      526.502        0.000        0.000              1        0.02        0.02    SUECAESS:PART4@1
 1692     0.00      526.502        0.000        0.000              4        0.01        0.01    radiation_spectral_definition:calc_mapping_from_bands_GPU@1
 1693     0.00      526.502        0.000        0.000              1        0.02        0.02    SUECAESS:PART13@1
 1694     0.00      526.502        0.000        0.000              1        0.02        0.18    SIGAM_SP_OPENMP@1
 1695     0.00      526.502        0.000        0.000              1        0.02        0.02    SUECAESD:PART24@1
 1696     0.00      526.502        0.000        0.000              1        0.02        0.02    SUECAESS:PART17@1
 1697     0.00      526.502        0.000        0.000              1        0.02        0.02    SUECAESS:PART25@1
 1698     0.00      526.502        0.000        0.000              1        0.02        0.09    SUCHET@1
 1699     0.00      526.503        0.000        0.000             39        0.00        0.00    FCGENERALIZED_GAMMA@1
 1700     0.00      526.503        0.000        0.001              1        0.02        0.93    GEOMETRY_MOD:GEOMETRY_DELETE@1
 1701     0.00      526.503        0.000        0.000              1        0.02        0.02    SUECAESS:PART8@1
 1702     0.00      526.503        0.000        0.000             37        0.00        0.00    CPG_DIA_FLU_PARALLEL:1:NULLIFY@1
 1703     0.00      526.503        0.000        0.000              1        0.02        0.28    SUCUMF2@1
 1704     0.00      526.503        0.000        0.000              1        0.02        0.02    IO_SERV_SUIOSCTMPL@1
 1705     0.00      526.503        0.000        0.000              8        0.00        0.00    VERINTS@1
 1706     0.00      526.503        0.000        0.000              1        0.02        0.02    SUECAESS:PART11@1
 1707     0.00      526.503        0.000        0.000              1        0.02        0.36    SUDIMF1@1
 1708     0.00      526.503        0.000        0.000              1        0.02        0.02    SUECAEBC:PART7@1
 1709     0.00      526.503        0.000        0.000              1        0.02        0.02    SUECAESD:PART23@1
 1710     0.00      526.503        0.000        0.000              1        0.02        0.02    SUECAESD:PART11@1
 1711     0.00      526.503        0.000        0.000              1        0.02        0.02    SUECAESD:PART15@1
 1712     0.00      526.503        0.000        0.000              1        0.02        0.02    SUECAESS:PART3@1
 1713     0.00      526.503        0.000        0.000              4        0.01        0.01    IOSTREAM_MIX:INI_IOSTREAM@1
 1714     0.00      526.503        0.000        0.000              1        0.02        0.08    YOE_CUCONVCA:INI_CUCONVCA@1
 1715     0.00      526.503        0.000        0.000              1        0.02        0.02    SUECAEOR:PART13@1
 1716     0.00      526.503        0.000        0.000              1        0.02        0.02    SUECAESD:PART21@1
 1717     0.00      526.503        0.000        0.000              1        0.02        0.02    SUECAEOR:PART14@1
 1718     0.00      526.503        0.000        0.000              1        0.02        0.02    RRTM_CMBGB2_GPU@1
 1719     0.00      526.503        0.000        0.000              1        0.02        0.02    SUECAESU:PART24@1
 1720     0.00      526.503        0.000        0.000             37        0.00        0.00    LAVABO_PARALLEL:1:NULLIFY@1
 1721     0.00      526.503        0.000        0.000              1        0.02        0.02    SUECAESS:PART20@1
 1722     0.00      526.503        0.000        0.004              1        0.02        4.46    SUGFL@1
 1723     0.00      526.503        0.000        0.000              1        0.02        0.02    RRTM_KGB6@1
 1724     0.00      526.503        0.000        0.001              1        0.02        0.53    SURINC@1
 1725     0.00      526.503        0.000        0.000              1        0.02        0.24    SUCT1@1
 1726     0.00      526.503        0.000        0.000              1        0.02        0.43    SUBMAT@1
 1727     0.00      526.503        0.000        0.000              1        0.02        0.02    YOERADGHG:INIT_RAD_GHG@1
 1728     0.00      526.503        0.000        0.000              2        0.01        0.01    STACK_MIX:INIT_STACK@1
 1729     0.00      526.503        0.000        0.000              1        0.02        0.02    SUECAEBC:PART25@1
 1730     0.00      526.503        0.000        0.000              1        0.02        0.02    RRTM_CMBGB8_GPU@1
 1731     0.00      526.503        0.000        0.000              1        0.02        0.02    SUECAESU:PART25@1
 1732     0.00      526.503        0.000        0.000             30        0.00        0.00    TYPES_FPCAT:SUCATIND@1
 1733     0.00      526.503        0.000        0.000              1        0.02        0.44    SUGRIB@1
 1734     0.00      526.503        0.000        0.000              1        0.02        0.02    RRTM_CMBGB1_GPU@1
 1735     0.00      526.503        0.000        0.000              1        0.02        0.02    SUECAEOR:PART25@1
 1736     0.00      526.503        0.000        0.000              1        0.02        0.02    SRTM_CMBGB20_GPU@1
 1737     0.00      526.503        0.000        0.000              3        0.01        0.01    GRIDPOINT_FIELDS_MIX:ALLOCATE_GRID@1
 1738     0.00      526.503        0.000        0.000              1        0.02        0.02    RRTM_CMBGB14_GPU@1
 1739     0.00      526.503        0.000        0.001              1        0.02        0.58    SURAND1@1
 1740     0.00      526.503        0.000        0.000              1        0.02        0.39    SUFAINIT@1
 1741     0.00      526.503        0.000        0.000              7        0.00        0.00    RECMWF_PARALLEL:1:GET_DATA@1
 1742     0.00      526.503        0.000        0.000             32        0.00        0.00    SUCFU:NEXTYPE3@1
 1743     0.00      526.503        0.000        0.001              1        0.02        0.53    SURES@1
 1744     0.00      526.503        0.000        0.000              1        0.02        0.13    IOSPECA_MOD:IOSPECA_SELECTD@1
 1745     0.00      526.503        0.000        0.000              1        0.02        0.02    DISTRIBUTED_VECTORS_MIX:SETUP_DISTVEC@1
 1746     0.00      526.503        0.000        0.000              2        0.01        0.01    IO_SERV_MAP_RECV_PART2@1
 1747     0.00      526.503        0.000        0.000              1        0.01        0.02    RRTM_CMBGB10_GPU@1
 1748     0.00      526.503        0.000        0.000              2        0.01        0.02    SUEDRD@1
 1749     0.00      526.504        0.000        0.000              1        0.01        0.01    SUECAESD:PART25@1
 1750     0.00      526.504        0.000        0.020              1        0.01       20.46    IOGRID_MOD:IOGRID_SELECTFX@1
 1751     0.00      526.504        0.000        0.000              1        0.01        0.07    SUCAPE@1
 1752     0.00      526.504        0.000        0.000              6        0.00        0.00    radiation_aerosol_optics_data:set_hydrophobic_type_GPU@1
 1753     0.00      526.504        0.000        0.001              1        0.01        0.55    TRAJ_SETUP@1
 1754     0.00      526.504        0.000        0.000              3        0.00        0.01    FACIES_MT@1
 1755     0.00      526.504        0.000        0.000              1        0.01        0.01    YOMLUN:RESERVE_LUN@1
 1756     0.00      526.504        0.000        0.000              1        0.01        0.24    YOMCVER:SUCVER@1
 1757     0.00      526.504        0.000        0.012              1        0.01       12.10    SUVERTFE@1
 1758     0.00      526.504        0.000        0.000              4        0.00        0.00    GRIB_API:IGRIB_GET_REAL8@1
 1759     0.00      526.504        0.000        0.021              1        0.01       20.79    FIELDS_MOD:FIELDS_CONTAIN@1
 1760     0.00      526.504        0.000        0.000              1        0.01        0.45    SUGWD@1
 1761     0.00      526.504        0.000        0.057              1        0.01       57.50    SUGRIDUA@1
 1762     0.00      526.504        0.000        0.118              1        0.01      118.46    SUOPH@1
 1763     0.00      526.504        0.000        0.000              1        0.01        0.12    SUMCCLAG@1
 1764     0.00      526.504        0.000        0.000              1        0.01        0.32    SUDVISI@1
 1765     0.00      526.504        0.000        0.000              1        0.01        0.31    SUDWET@1
 1766     0.00      526.504        0.000        0.000              1        0.01        0.01    MODEL_MOD:MODEL_SET@1
 1767     0.00      526.504        0.000        0.000             28        0.00        0.00    SURFACE_FIELDS_MIX:SETUP_SFLP2@1
 1768     0.00      526.504        0.000        0.004              1        0.01        3.90    SUINTERPOLATOR@1
 1769     0.00      526.504        0.000        0.000              1        0.01        0.46    SPGEOM_MOD:SUSPGEOM@1
 1770     0.00      526.504        0.000        0.000              1        0.01        0.11    SU_COUP_COM@1
 1771     0.00      526.504        0.000        0.000              2        0.01        0.08    FANMSG_MT@1
 1772     0.00      526.504        0.000        0.394              1        0.01      393.55    SUTRANS@1
 1773     0.00      526.504        0.000        0.000              8        0.00        0.00    UPDCAL@1
 1774     0.00      526.504        0.000        0.000              1        0.01        0.01    SRTM_CMBGB27_GPU@1
 1775     0.00      526.504        0.000        0.000              1        0.01        0.17    YOMGSGEOM:DEALLO_TGSGEOM_NB@1
 1776     0.00      526.504        0.000        0.001              1        0.01        0.59    SUVDF@1
 1777     0.00      526.504        0.000        0.000              1        0.01        0.01    SUDIMF2@1
 1778     0.00      526.504        0.000        0.000             12        0.00        0.00    SPECTRAL_FIELDS_MOD:INTLOC@1
 1779     0.00      526.504        0.000        0.000              1        0.01        0.03    INTDYN_MOD:SUINTDYN@1
 1780     0.00      526.504        0.000        0.000              2        0.01        0.01    INI_SPEC_DIST@1
 1781     0.00      526.504        0.000        0.000              1        0.01        0.32    SUDPRECIPS@1
 1782     0.00      526.504        0.000        0.000              7        0.00        0.00    RECMWF_PARALLEL:1:NULLIFY@1
 1783     0.00      526.504        0.000        0.000              1        0.01        0.05    YOMGSGEOM:DEALLO_TGSGEOM_B@1
 1784     0.00      526.504        0.000        0.000              1        0.01        0.01    SUSRTM_GPU@1
 1785     0.00      526.504        0.000        0.000              3        0.00        0.01    GPHPRE_EXPL@1
 1786     0.00      526.504        0.000        0.000              7        0.00        0.00    RECMWF_PARALLEL:ECRAD_POST:NULLIFY@1
 1787     0.00      526.504        0.000        0.000              1        0.01        0.31    ENKF_MIX:SETUP_ENKF@1
 1788     0.00      526.504        0.000      525.241              1        0.01   525241.01    CNT1@1
 1789     0.00      526.504        0.000        0.000              1        0.01        0.01    SUSRTCOP@1
 1790     0.00      526.504        0.000        0.386              1        0.01      386.29    SUPHY@1
 1791     0.00      526.504        0.000        0.000              1        0.01        0.01    PPSTA@1
 1792     0.00      526.504        0.000        0.000             24        0.00        0.00    INDEXFIND_MOD:INDINLOC@1
 1793     0.00      526.504        0.000        0.000              1        0.01        0.01    SUAPL_ARPEGE@1
 1794     0.00      526.504        0.000        0.000              1        0.01        0.01    SUALTDH@1
 1795     0.00      526.504        0.000        0.000              1        0.01        0.04    SUFRAME@1
 1796     0.00      526.504        0.000        0.000              1        0.01        0.02    CPTAVE_MOD:CPTAVE@1
 1797     0.00      526.504        0.000        0.000              1        0.01        0.01    SUVEXCS_MOD:SUVEXCS@1
 1798     0.00      526.504        0.000        0.000              1        0.01        0.48    SUINTFLEX@1
 1799     0.00      526.504        0.000        0.000              2        0.00        0.01    FANOUV_MT@1
 1800     0.00      526.504        0.000        0.000              8        0.00        0.00    YOMCLMICST:MOMG@1
 1801     0.00      526.504        0.000        0.000              1        0.01        0.50    SUPPVI@1
 1802     0.00      526.504        0.000        0.000              8        0.00        0.00    SURFACE_FIELDS_MIX:SETUP_SFLP3@1
 1803     0.00      526.504        0.000        0.000              1        0.01        0.01    SUJFH@1
 1804     0.00      526.504        0.000        0.000              1        0.01        0.01    INI_CST@1
 1805     0.00      526.504        0.000        0.000              2        0.00        0.01    SUPERGOM_CLASS:SUPERGOM_FINAL@1
 1806     0.00      526.504        0.000        0.000              2        0.00        0.00    GRIB_API:IGRIB_GET_INT@1
 1807     0.00      526.504        0.000        0.000              7        0.00        0.00    RECMWF_PARALLEL:2:GET_DATA@1
 1808     0.00      526.504        0.000        0.000              1        0.01        0.01    LFICOM:NEW_LFI_DEFAULT@1
 1809     0.00      526.504        0.000        0.000              1        0.01        0.48    SUPERTPAR@1
 1810     0.00      526.504        0.000        0.000              1        0.01        0.01    XUTRII@1
 1811     0.00      526.504        0.000        0.000              3        0.00        0.00    GPHPRE_EXPL_VERTFE1@1
 1812     0.00      526.504        0.000        0.000              1        0.01        0.01    AROINI_CONF@1
 1813     0.00      526.504        0.000        0.001              1        0.01        0.59    GET_SPP_CONF@1
 1814     0.00      526.504        0.000        0.000              1        0.01        0.47    RG@1
 1815     0.00      526.504        0.000        0.000              1        0.01        0.46    SUGWWMS@1
 1816     0.00      526.504        0.000        0.000              3        0.00        0.01    GPHPRE@1
 1817     0.00      526.504        0.000        0.000              1        0.01        0.01    SULWN@1
 1818     0.00      526.504        0.000        0.000              1        0.01        0.03    SUETLDIAG@1
 1819     0.00      526.504        0.000        0.001              1        0.01        0.57    SPNG_MOD:SUSPNG@1
 1820     0.00      526.504        0.000        0.000              1        0.01        0.01    SUVDFS@1
 1821     0.00      526.504        0.000        0.000              1        0.01        0.01    SUGRIDA_FIXUP@1
 1822     0.00      526.504        0.000        0.001              1        0.01        0.56    SUSCM@1
 1823     0.00      526.504        0.000        0.000              1        0.01        0.43    SUINI@1
 1824     0.00      526.504        0.000        0.000              1        0.01        0.01    SUMSC@1
 1825     0.00      526.504        0.000        0.000              3        0.00        0.00    FANDAI_MT@1
 1826     0.00      526.504        0.000        0.000              1        0.01        0.01    SUWCOU@1
 1827     0.00      526.504        0.000        0.005              3        0.00        1.58    "lfiouv_alts"@1:lfi_alts.c
 1828     0.00      526.504        0.000        0.000              4        0.00        0.00    EINT_MOD:DEALLO_SL_STRUCT@1
 1829     0.00      526.504        0.000        0.000              1        0.01        0.01    INTDYNSL_MOD:SUINTDYNSL@1
 1830     0.00      526.504        0.000        0.051              1        0.01       50.59    IOSPECA_MOD:IOSPECA_SELECTFX@1
 1831     0.00      526.504        0.000        0.000              1        0.01        0.01    MF_PHYS_SAVE_PHSURF_PART1_PARALLEL:PART1:GET_DATA@1
 1832     0.00      526.504        0.000        0.000              2        0.00        0.00    STACK_MIX:GETSTACKUSAGEX@1
 1833     0.00      526.504        0.000        0.000              1        0.01        0.01    SUSRTAER@1
 1834     0.00      526.504        0.000        0.000              1        0.01        0.01    SUALMDH@1
 1835     0.00      526.504        0.000        0.000              1        0.01        0.01    ECRADFR@1
 1836     0.00      526.504        0.000        0.000              1        0.01        0.01    MF_PHYS_SAVE_PHSURF_PART2_PARALLEL:PART2:GET_DATA@1
 1837     0.00      526.504        0.000        0.000              1        0.01        0.01    SURRTRF_GPU@1
 1838     0.00      526.504        0.000        0.000              1        0.01        0.01    IOGRID_MOD:DEL_INDSEL@1
 1839     0.00      526.504        0.000        0.000              1        0.01        0.01    class_nvar%auto_finish@1
 1840     0.00      526.504        0.000        0.001              1        0.01        0.55    SUVWRK@1
 1841     0.00      526.504        0.000        0.000              1        0.01        0.08    SUECHK@1
 1842     0.00      526.504        0.000        0.000              1        0.01        0.01    SURRTFTR@1
 1843     0.00      526.504        0.000        0.000              1        0.01        0.01    SUOPTPROMA@1
 1844     0.00      526.504        0.000      525.208              1        0.01   525207.86    CNT2@1
 1845     0.00      526.504        0.000        0.000              1        0.01        0.01    SUSVEG_MOD:SUSVEG@1
 1846     0.00      526.504        0.000        0.000              1        0.01        0.02    SCORDO@1
 1847     0.00      526.504        0.000        0.000              2        0.00        0.00    radiation_spectral_definition:allocate_bands_only_GPU@1
 1848     0.00      526.504        0.000        0.000              1        0.01        0.01    SUAERV@1
 1849     0.00      526.504        0.000        0.000              1        0.01        0.01    RERESF_PART2@1
 1850     0.00      526.504        0.000        0.000              2        0.00        0.01    SUPERGOM_CLASS:SUPERGOM_DESTROY@1
 1851     0.00      526.504        0.000        0.000              1        0.01        0.47    SUMETHOX@1
 1852     0.00      526.504        0.000        0.000              1        0.01        0.01    BALANC@1
 1853     0.00      526.504        0.000        0.000              1        0.01        0.01    SURWN_MOD:SURWN@1
 1854     0.00      526.504        0.000        0.000              1        0.01        0.01    SUALNUD@1
 1855     0.00      526.504        0.000        0.000              1        0.01        0.03    FACADE_MT@1
 1856     0.00      526.504        0.000        0.000              2        0.00        0.01    FAIRNO_MT@1
 1857     0.00      526.504        0.000        0.000              9        0.00        0.00    INTDYN_MOD:SUPTR_TXYB@1
 1858     0.00      526.504        0.000        0.000              1        0.01        0.19    MF_PHYS_SAVE_PHSURF_PART1_PARALLEL@1
 1859     0.00      526.504        0.000        0.000             10        0.00        0.00    SEAPRE@1
 1860     0.00      526.504        0.000        0.000              1        0.01        0.01    MODEL_MOD:MODEL_DELETE@1
 1861     0.00      526.505        0.000        0.000              1        0.01        0.01    YOMLUN:FREE_LUN@1
 1862     0.00      526.505        0.000        0.018              1        0.01       18.14    SPEREE@1
 1863     0.00      526.505        0.000        0.000              1        0.01        0.27    SPGEOM_MOD:SUSMAP@1
 1864     0.00      526.505        0.000        0.000              4        0.00        0.00    CPTAVE_MOD:AVECLA@1
 1865     0.00      526.505        0.000        0.000             10        0.00        0.00    GFL_SUBS_MOD:SET_GFL_ATTR@1
 1866     0.00      526.505        0.000        0.000              3        0.00        0.00    SURF_INQ@1
 1867     0.00      526.505        0.000        0.000              1        0.00        0.01    SRTM_CMBGB23_GPU@1
 1868     0.00      526.505        0.000        0.000              2        0.00        0.00    DEALLOCATE_IF_ASSOCIATED_MOD:DEALLOCATE_IF_ASSOCIATED_INTEGER_1D@1
 1869     0.00      526.505        0.000        0.000              1        0.00        0.01    SUJBSKTECV@1
 1870     0.00      526.505        0.000        0.000              1        0.00        0.01    SUJBALPHACV@1
 1871     0.00      526.505        0.000        0.000              1        0.00        0.01    RRTM_CMBGB6_GPU@1
 1872     0.00      526.505        0.000        0.000              1        0.00        0.01    FAGOTE_MT@1
 1873     0.00      526.505        0.000        0.000              1        0.00        0.02    YOMCSGEOM:DEALLO_TCSGEOM_NB@1
 1874     0.00      526.505        0.000        0.000              1        0.00        0.01    SUSRAD_MOD:SUSRAD@1
 1875     0.00      526.505        0.000        0.000              1        0.00        0.45    SUNUDGLH@1
 1876     0.00      526.505        0.000        0.001              1        0.00        0.57    SUSATSIM@1
 1877     0.00      526.505        0.000        0.000              1        0.00        0.01    ELTRAN@1
 1878     0.00      526.505        0.000        0.000              1        0.00        0.43    SUIAU@1
 1879     0.00      526.505        0.000        0.000              1        0.00        0.02    SUALSPA@1
 1880     0.00      526.505        0.000        0.000              2        0.00        0.00    GRIB_API:IGRIB_GET_MESSAGE_SIZE@1
 1881     0.00      526.505        0.000        0.000              1        0.00        0.00    GMV_SUBS_MOD:SETUP_T9@1
 1882     0.00      526.505        0.000        1.211              1        0.00     1210.76    CSTA@1
 1883     0.00      526.505        0.000        0.000              6        0.00        0.00    FAINOC_MT@1
 1884     0.00      526.505        0.000        0.000             10        0.00        0.00    SUCSLINT@1
 1885     0.00      526.505        0.000        0.000              4        0.00        0.00    FALIMU_MT@1
 1886     0.00      526.505        0.000        0.000              1        0.00        0.00    MONVAR@1
 1887     0.00      526.505        0.000        0.000              3        0.00        0.00    FADIEX_MT@1
 1888     0.00      526.505        0.000        0.000              1        0.00        0.00    SUSAVTEND@1
 1889     0.00      526.505        0.000        0.000              1        0.00        0.44    YOMGWDIAG:SETUP_GWDIAG@1
 1890     0.00      526.505        0.000        0.000              2        0.00        0.00    DEALLOCATE_IF_ASSOCIATED_MOD:DEALLOCATE_IF_ASSOCIATED_INTEGER_2D@1
 1891     0.00      526.505        0.000        0.000              2        0.00        0.00    AROINI_BUDGET@1
 1892     0.00      526.505        0.000        0.001              1        0.00        1.13    MF_PHYS_SAVE_PHSURF_PART2_PARALLEL@1
 1893     0.00      526.505        0.000        0.000              1        0.00        0.00    YOMVERT:ALLOC_INIT_TVAB@1
 1894     0.00      526.505        0.000        0.000              1        0.00        0.00    SRTM_CMBGB25_GPU@1
 1895     0.00      526.505        0.000        0.000              1        0.00        0.47    SUIOS@1
 1896     0.00      526.505        0.000        0.000              1        0.00        0.00    SLCSET:SLEXPOLSETUP@1
 1897     0.00      526.505        0.000        0.000              7        0.00        0.00    RECMWF_PARALLEL:2:NULLIFY@1
 1898     0.00      526.505        0.000        0.000              1        0.00        0.00    FALSIFY_SURF_FLDS@1
 1899     0.00      526.505        0.000        0.000              1        0.00        0.00    SUAERH@1
 1900     0.00      526.505        0.000        0.000              1        0.00        0.00    IOSPECA_MOD:IOSPECA_FINISH@1
 1901     0.00      526.505        0.000        0.000              1        0.00        0.01    YOMCSGEOM:DEALLO_TCSGEOM_B@1
 1902     0.00      526.505        0.000        0.000              1        0.00        0.00    FAGIOT_MT@1
 1903     0.00      526.505        0.000        0.000              1        0.00        0.06    SUSPECA_FIXUP@1
 1904     0.00      526.505        0.000        0.000              1        0.00        0.00    FAREGI_MT@1
 1905     0.00      526.505        0.000        0.000              1        0.00        0.00    SUXIOS@1
 1906     0.00      526.505        0.000        0.000              1        0.00        0.01    IOGRIDUA_MOD:IOGRIDUA_SELECT_WH@1
 1907     0.00      526.505        0.000        0.000              3        0.00        0.00    IOMULTIBUF_MOD:IOMULTIBUF_SIZE_IDX@1
 1908     0.00      526.505        0.000        0.000              2        0.00        0.00    FAVEUR_MT@1
 1909     0.00      526.505        0.000        0.000              2        0.00        0.00    YOE_SPECTRAL_PLANCK:FREE_SPECTRAL_PLANCK@1
 1910     0.00      526.505        0.000        0.000              1        0.00        0.00    IOSPECA_MOD:IOSPECA_COUNT@1
 1911     0.00      526.505        0.000        0.000              1        0.00        0.00    YEMLBC_INIT:SUELBC_INIT@1
 1912     0.00      526.505        0.000        0.000              1        0.00        0.47    EIGSOL@1
 1913     0.00      526.505        0.000        0.000              3        0.00        0.00    "lfiomg_alts"@1:lfi_alts.c
 1914     0.00      526.505        0.000        0.000              1        0.00        0.00    SUSPVARIABLES@1
 1915     0.00      526.505        0.000        0.000              1        0.00        0.00    SUSURB_MOD:SUSURB@1
 1916     0.00      526.505        0.000        0.000              1        0.00        0.00    MF_PHYS_SAVE_PHSURF_PART2_PARALLEL:PART2:NULLIFY@1
 1917     0.00      526.505        0.000        0.000              1        0.00        0.29    IOGRIDA_MOD:IOGRIDA_SELECTDP@1
 1918     0.00      526.505        0.000        0.000              6        0.00        0.00    INTDYN_MOD:SUPTR_THWIND@1
 1919     0.00      526.505        0.000        0.000              3        0.00        0.00    "lficas_alts"@1:lfi_alts.c
 1920     0.00      526.505        0.000        0.000              2        0.00        0.00    FALSIF_MT@1
 1921     0.00      526.505        0.000        0.000              1        0.00        0.00    SUCOND@1
 1922     0.00      526.505        0.000        0.000              1        0.00        0.00    UPDTIER@1
 1923     0.00      526.505        0.000        0.000              1        0.00        0.00    class_nvar%finish@1
 1924     0.00      526.505        0.000        0.000              1        0.00        0.02    SUPHLI@1
 1925     0.00      526.505        0.000        0.000              2        0.00        0.00    FAVORI_MT@1
 1926     0.00      526.505        0.000        0.000              1        0.00        0.00    SUJBECPHYSECV@1
 1927     0.00      526.505        0.000        0.000              4        0.00        0.00    SUCFU:NEXTYPE1B@1
 1928     0.00      526.505        0.000        0.000              2        0.00        0.00    "lfinmg_altm"@1:lfi_altm.c
 1929     0.00      526.505        0.000        0.000              1        0.00        0.00    BALBAK@1
 1930     0.00      526.505        0.000        0.000              1        0.00        0.00    SUCLD@1
 1931     0.00      526.505        0.000        0.000              1        0.00        0.01    SUGRIDUA_MAP_PART2@1
 1932     0.00      526.505        0.000        0.000              5        0.00        0.00    INTDYN_MOD:SUPTR_TXYBDER@1
 1933     0.00      526.505        0.000        0.000              1        0.00        0.01    SUSPECA_MAP_PART2@1
 1934     0.00      526.505        0.000        0.000              1        0.00        0.30    IOGRIDA_MOD:IOGRIDA_COUNT@1
 1935     0.00      526.505        0.000        0.000              3        0.00        0.00    DEALLOCATE_IF_ALLOCATED_MOD:DEALLOCATE_IF_ALLOCATED_REAL64_1D@1
 1936     0.00      526.505        0.000        0.000              1        0.00        0.00    SUSTHF_MOD:SUSTHF@1
 1937     0.00      526.505        0.000        0.000              1        0.00        0.00    MF_PHYS_SAVE_PHSURF_PART1_PARALLEL:PART1:NULLIFY@1
 1938     0.00      526.505        0.000        0.000              1        0.00        0.00    GSTATS_OUTPUT_IFS@1
 1939     0.00      526.505        0.000        0.000              2        0.00        0.00    MFIOOPTS_MOD:MFIOOPTS_GETOPTS@1
 1940     0.00      526.505        0.000        0.000              1        0.00        0.00    SRFROOTFR_MOD:SRFROOTFR@1
 1941     0.00      526.505        0.000        0.000              2        0.00        0.00    IOMULTIBUF_MOD:IOMULTIBUF_INIT_IDX@1
 1942     0.00      526.505        0.000        0.000              3        0.00        0.00    GRIDPOINT_FIELDS_MIX:HUGIFY_ENDGRID@1
 1943     0.00      526.505        0.000        0.000              4        0.00        0.00    INTDYN_MOD:SUPTR_TRCP@1
 1944     0.00      526.505        0.000        0.000              4        0.00        0.00    INTDYN_MOD:SUPTR_TCTY@1
 1945     0.00      526.505        0.000        0.000              2        0.00        0.00    SU_CLOP550@1
 1946     0.00      526.505        0.000        0.000              1        0.00        0.00    SUAERL@1
 1947     0.00      526.505        0.000        0.000              1        0.00        0.01    IOGRIDUA_MOD:IOGRIDUA_COUNT@1
 1948     0.00      526.505        0.000        0.000              2        0.00        0.00    GMV_SUBS_MOD:SETUP_T0@1
 1949     0.00      526.505        0.000        0.000              1        0.00        0.00    SUHDIR@1
 1950     0.00      526.505        0.000        0.000              1        0.00        0.00    FP_SERV_EXIT@1
 1951     0.00      526.505        0.000        0.000              1        0.00        0.00    FAAUTO_MT@1
 1952     0.00      526.505        0.000        0.000              2        0.00        0.00    DEALLOCATE_IF_ALLOCATED_MOD:DEALLOCATE_IF_ALLOCATED_INTEGER_1D@1
 1953     0.00      526.505        0.000        0.000              1        0.00        0.00    INI_TURB@1
 1954     0.00      526.505        0.000        0.000              1        0.00        0.00    IOSPECA_MOD:IOSPECA_VSETOFF@1
 1955     0.00      526.505        0.000        0.000              1        0.00        0.00    MTRAJ_MOD:MTRAJ_DELETE@1
 1956     0.00      526.505        0.000        0.000              2        0.00        0.00    INTDYNSL_MOD:SUPTR_TRSCAW@1
 1957     0.00      526.505        0.000        0.001              1        0.00        0.67    SUFIELD_API@1
 1958     0.00      526.505        0.000        0.000              2        0.00        0.00    FX2T@1
 1959     0.00      526.505        0.000        0.000              1        0.00        0.00    SUOVLP@1
 1960     0.00      526.505        0.000        0.000              1        0.00        0.00    IO_SERV_EXIT@1
 1961     0.00      526.505        0.000        0.000              2        0.00        0.00    "lfinmg_alts"@1:lfi_alts.c
 1962     0.00      526.505        0.000        0.000              1        0.00        0.00    MODEL_MOD:MODEL_UNSET@1
 1963     0.00      526.505        0.000        0.000              1        0.00        0.00    SU3YOM@1
 1964     0.00      526.505        0.000        0.000              2        0.00        0.00    IOGRIDA_MOD:ROZO@1
 1965     0.00      526.505        0.000        0.000              1        0.00        0.00    SUPTRGPPC@1
 1966     0.00      526.505        0.000        0.000              1        0.00        0.00    SU2YOM@1
 1967     0.00      526.505        0.000        0.000              1        0.00        0.00    MODULE_RADTC_MIX:SUPTRTC@1
 1968     0.00      526.505        0.000        0.000              1        0.00        0.00    INI_CONVPAR0@1
 1969     0.00      526.505        0.000        0.000              1        0.00        0.00    SUGRIDA_FIX_TOZ@1
 1970     0.00      526.505        0.000        0.000              1        0.00        0.00    SURAYFRIC@1
 1971     0.00      526.505        0.000        0.000              1        0.00        0.00    TYPE_ECV:INITIALIZE_ECVDIM@1
 1972     0.00      526.505        0.000        0.000              1        0.00        0.00    SUIOSTREAM@1
 1973     0.00      526.505        0.000        0.000              2        0.00        0.00    INTDYNSL_MOD:SUPTR_TLSCAW@1
 1974     0.00      526.505        0.000        0.000              1        0.00        0.00    MODIFY_WV_CONTINUUM@1
 1975     0.00      526.505        0.000        0.000              1        0.00        0.00    INI_SPP@1
 1976     0.00      526.505        0.000        0.000              1        0.00        0.00    SUTRAJP@1
 1977     0.00      526.505        0.000        0.000              1        0.00        0.00    SUGRIDA_FIXUP:SUGRIDA_FIX_SURFANALYSISMASK@1
 1978     0.00      526.505        0.000        0.000              1        0.00        0.00    SUDEFO_VV1@1
 1979     0.00      526.505        0.000        0.000              1        0.00        0.00    INTDYN_MOD:SUPTR_TTND@1
 1980     0.00      526.505        0.000        0.000              1        0.00        0.00    SUGRIDA_FIXUP:SUGRIDA_FIX_LSM@1
 1981     0.00      526.505        0.000        0.000              1        0.00        0.00    SUCST_IFSAUX@1
 1982     0.00      526.505        0.000        0.000              1        0.00        0.00    SUSFLAKE_MOD:SUSFLAKE@1
 1983     0.00      526.505        0.000        0.000              1        0.00        0.00    SUDEFO_TSTEP@1
 1984     0.00      526.505        0.000        0.000              1        0.00        0.00    INTDYN_MOD:SUPTR_TGMVT@1
 1985     0.00      526.505        0.000        0.000              1        0.00        0.00    YOMCST:TCST_INIT@1
 1986     0.00      526.505        0.000        0.000              1        0.00        0.00    IOSPECA_MOD:IOSPECA_START@1
 1987     0.00      526.505        0.000        0.000              1        0.00        0.00    LFICOM:NEW_LFI@1
 1988     0.00      526.505        0.000        0.000              1        0.00        0.00    SPECTRAL_FIELDS_MOD:SETUP_SPEC@1
 1989     0.00      526.505        0.000        0.000              1        0.00        0.00    SRTM_KGB26@1
 1990     0.00      526.505        0.000        0.000              1        0.00        0.00    INTDYNSL_MOD:SUPTR_TSCO@1
 1991     0.00      526.505        0.000        0.000              1        0.00        0.00    SRTM_CMBGB26_GPU@1
 1992     0.00      526.505        0.000        0.000              1        0.00        0.00    SUSCST_MOD:SUSCST@1
 1993     0.00      526.505        0.000        0.000              1        0.00        0.00    INTDYN_MOD:SUPTR_TGFLT@1
 1994     0.00      526.505        0.000        0.000              1        0.00        0.00    SU1YOM@1
 1995     0.00      526.505        0.000        0.000              1        0.00        0.00    SURDI@1
 1996     0.00      526.505        0.000        0.000              1        0.00        0.00    GMV_SUBS_MOD:SETUP_PH9@1
 1997     0.00      526.505        0.000        0.000              1        0.00        0.00    GMV_SUBS_MOD:SETUP_T1@1
 1998     0.00      526.505        0.000        0.000              1        0.00        0.00    SUVEXC_MOD:SUVEXC@1
 1999     0.00      526.505        0.000        0.000              1        0.00        0.00    INTDYNSL_MOD:SUPTR_TCCO@1
 2000     0.00      526.505        0.000        0.000              1        0.00        0.00    GMV_SUBS_MOD:SETUP_GP@1
 2001     0.00      526.505        0.000        0.000              1        0.00        0.00    INI_CONVPAR1@1
