Profiling information for program='/home/gmap/mrpm/marguina/gpupack/pack/49t2_openacc-bench-notransfer.01.INTEL2302.2d/bin/MASTERODB', proc#1:
	No. of instrumented routines called : 1639
	Instrumentation started : 20240717 085940
	Instrumentation   ended : 20240717 092523
	Instrumentation overhead: 0.01%
	Memory usage : 75150 MB (heap), 19899 MB (rss), 938 MB (stack), 219304 MB (vmpeak), 0 (paging)
	Wall-time is 1542.72 sec on proc#1 (8 procs, 32 threads)
	Thread#1:     1542.33 sec (99.97%) -- Cycles: 3470440981792 (3471222221482)
	Thread#2:        2.38 sec (0.15%) -- Cycles: 5347650914 (3471222231203)
	Thread#3:        2.36 sec (0.15%) -- Cycles: 5317397026 (3471222225915)
	Thread#4:        2.38 sec (0.15%) -- Cycles: 5359512831 (3471222221280)
	Thread#5:        2.27 sec (0.15%) -- Cycles: 5098034305 (3471222234622)
	Thread#6:        2.23 sec (0.14%) -- Cycles: 5028132127 (3471222242430)
	Thread#7:        2.33 sec (0.15%) -- Cycles: 5237311830 (3471222238627)
	Thread#8:        2.33 sec (0.15%) -- Cycles: 5238172301 (3471222233295)
	Thread#9:        2.34 sec (0.15%) -- Cycles: 5275794820 (3471222228165)
	Thread#10:        2.28 sec (0.15%) -- Cycles: 5128725606 (3471222233947)
	Thread#11:        2.24 sec (0.15%) -- Cycles: 5036625531 (3471222228322)
	Thread#12:        2.18 sec (0.14%) -- Cycles: 4909417421 (3471222225105)
	Thread#13:        2.25 sec (0.15%) -- Cycles: 5064208011 (3471222212730)
	Thread#14:        2.24 sec (0.15%) -- Cycles: 5034805382 (3471222220898)
	Thread#15:        2.16 sec (0.14%) -- Cycles: 4854412182 (3471222217905)
	Thread#16:        2.15 sec (0.14%) -- Cycles: 4839500125 (3471222212730)
	Thread#17:        2.33 sec (0.15%) -- Cycles: 5254298233 (3471222221887)
	Thread#18:        2.31 sec (0.15%) -- Cycles: 5209205334 (3471222232553)
	Thread#19:        2.28 sec (0.15%) -- Cycles: 5137286296 (3471222226477)
	Thread#20:        2.26 sec (0.15%) -- Cycles: 5090275000 (3471222221348)
	Thread#21:        2.24 sec (0.15%) -- Cycles: 5043595428 (3471222239257)
	Thread#22:        2.22 sec (0.14%) -- Cycles: 4994033610 (3471222247403)
	Thread#23:        2.24 sec (0.15%) -- Cycles: 5052164941 (3471222241845)
	Thread#24:        2.36 sec (0.15%) -- Cycles: 5314668340 (3471222238313)
	Thread#25:        2.36 sec (0.15%) -- Cycles: 5322331509 (3471222234623)
	Thread#26:        2.34 sec (0.15%) -- Cycles: 5266556322 (3471222241327)
	Thread#27:        2.33 sec (0.15%) -- Cycles: 5255314210 (3471222235770)
	Thread#28:        2.33 sec (0.15%) -- Cycles: 5235644275 (3471222234488)
	Thread#29:        2.30 sec (0.15%) -- Cycles: 5178806526 (3471222228525)
	Thread#30:        2.28 sec (0.15%) -- Cycles: 5129634099 (3471222237750)
	Thread#31:        2.22 sec (0.14%) -- Cycles: 4995831229 (3471222231157)
	Thread#32:        2.25 sec (0.15%) -- Cycles: 5062590452 (3471222227265)

    #  % Time         Cumul         Self        Total     # of calls        Self       Total    Routine@<thread-id>
                                                                             (Size; Size/sec; Size/call; MinSize; MaxSize)
        (self)        (sec)        (sec)        (sec)                    ms/call     ms/call

    1    25.79      397.897      397.897      469.091            343     1160.05     1367.61    radiation_ifs_rrtm:gas_optics_rrtm_GPU@1
    2     4.65      469.687       71.790       71.792            343      209.30      209.31    radiation_mcica_acc_sw:solver_mcica_acc_sw_GPU@1
    3     4.39      537.396       67.709       67.709             74      914.99      914.99    SLCOMM3:SLCOMM3_INT@1
    4     3.59      592.732       55.336       55.336             37     1495.56     1495.56    APL_ARPEGE_SHALLOW_CONVECTION_AND_TURBULENCE_PARALLEL:ACTKE:COMPUTE@1
    5     3.52      647.087       54.355       54.355             37     1469.06     1469.06    APL_ARPEGE_DEEP_CONVECTION_PARALLEL:CUCALLN_MF:COMPUTE@1
    6     3.38      699.276       52.189       52.189             37     1410.52     1410.52    LARMES_PARALLEL:LARMES:COMPUTE@1
    7     3.33      750.608       51.331       51.332             37     1387.34     1387.34    APL_ARPEGE_DPRECIPS_PARALLEL:0:COMPUTE@1
    8     3.29      801.383       50.775       50.777            343      148.03      148.04    radiation_mcica_acc_lw:solver_mcica_acc_lw_GPU@1
    9     2.97      847.182       45.799       45.799             37     1237.81     1237.82    APL_ARPEGE_PRECIPITATION_PARALLEL:ACUPTQ:COMPUTE@1
   10     2.09      879.358       32.176       32.176             37      869.63      869.63    CPG_GP_HYD_PARALLEL:2:COMPUTE@1
   11     1.96      909.658       30.300       30.300             37      818.92      818.92    ACVPPKF_PARALLEL:PART1:COMPUTE@1
   12     1.93      939.489       29.831       29.831             37      806.24      806.25    APL_ARPEGE_ATMOSPHERE_UPDATE_PARALLEL:CPTEND_NEW:COMPUTE@1
   13     1.91      969.024       29.535       29.535             37      798.24      798.25    ACVPPKF_PARALLEL:PART2:COMPUTE@1
   14     1.69      995.115       26.091       26.092            222      117.53      117.53    LARCINB_PARALLEL:LAITRE_GFL:COMPUTE@1
   15     1.59     1019.702       24.587       24.587             37      664.52      664.52    MF_PHYS_INIT_PARALLEL:ZERO:COMPUTE@1
   16     1.47     1042.378       22.675       22.675             37      612.84      612.85    LARCINB_PARALLEL:LRHS_CURV_F:COMPUTE@1
   17     1.33     1062.862       20.484       20.485             37      553.63      553.64    LAPINEA_PARALLEL:LARCINA:COMPUTE@1
   18     1.32     1083.228       20.366       20.367             37      550.44      550.45    ACVPPKF_PARALLEL:PART3:COMPUTE@1
   19     1.21     1101.861       18.633       18.633             37      503.58      503.59    APL_ARPEGE_INIT_PARALLEL:3:COMPUTE@1
   20     1.15     1119.648       17.787       17.789            343       51.86       51.86    radiation_ifs_rrtm:planck_function_atmos_GPU@1
   21     1.12     1136.942       17.294       17.294             37      467.40      467.41    ACVPPKF_PARALLEL:PART0:COMPUTE@1
   22     1.06     1153.252       16.310       16.311             37      440.82      440.83    APL_ARPEGE_CLOUDINESS_PARALLEL:ACNEBCOND:COMPUTE@1
   23     1.03     1169.178       15.926       15.926             37      430.43      430.44    APL_ARPEGE_SURFACE_PARALLEL:ACDIFV1:COMPUTE@1
   24     0.92     1183.354       14.176       14.177            343       41.33       41.33    radiation_aerosol_optics:add_aerosol_optics_GPU@1
   25     0.86     1196.684       13.330       13.330             37      360.27      360.27    LATTEX_PARALLEL:MAIN:COMPUTE@1
   26     0.80     1209.019       12.335       12.335             37      333.38      333.38    APL_ARPEGE_PARALLEL:ACTQSAT:COMPUTE@1
   27     0.72     1220.198       11.179       11.179             37      302.13      302.13    LASSIE_PARALLEL:SITNU:COMPUTE@1
   28     0.70     1231.047       10.849       10.850             37      293.23      293.23    APL_ARPEGE_PARALLEL:QNGCOR:COMPUTE@1
   29     0.65     1241.039        9.992        9.992             37      270.04      270.05    LAPINEB_PARALLEL:LARCHE:COMPUTE@1
   30     0.64     1250.878        9.839        9.839             37      265.93      265.93    APL_ARPEGE_PARALLEL:ACCLPH:COMPUTE@1
   31     0.54     1259.149        8.271        8.271             38      217.67      217.67    SCAN2M_LEGACY_F2L@1
   32     0.53     1267.350        8.200        8.200              7     1171.48     1171.49    RECMWF_PARALLEL:FINISH:COMPUTE@1
   33     0.53     1275.523        8.174        8.174             37      220.91      220.92    APL_ARPEGE_SURFACE_PARALLEL:LMSE_F:COMPUTE@1
   34     0.49     1283.019        7.496        7.496             37      202.58      202.59    CPG_GP_HYD_PARALLEL:1:COMPUTE@1
   35     0.46     1290.171        7.152        7.153             37      193.31      193.32    TRLTOM@1
   36     0.44     1297.000        6.829        6.830            343       19.91       19.91    RRTM_SETCOEF_140GP_GPU@1
   37     0.43     1303.702        6.702        6.702             37      181.13      181.13    APL_ARPEGE_PARALLEL:ACDRAG:COMPUTE@1
   38     0.41     1309.982        6.280        6.280             37      169.73      169.73    APL_ARPEGE_INIT_PARALLEL:4:COMPUTE@1
   39     0.40     1316.109        6.128       25.139            343       17.86       73.29    RRTM_GAS_OPTICAL_DEPTH_GPU@1
   40     0.38     1321.922        5.813       73.522             74       78.55      993.54    SLCOMM3@1
   41     0.33     1327.042        5.120        5.120             37      138.38      138.38    CPG_SL1B_TYPE_SHUFFLE_DEVICE_PARALLEL@1
   42     0.32     1332.021        4.979        4.979              7      711.22      711.22    RECMWF_PARALLEL:ECRAD_GPU:GET_DATA@1
   43     0.31     1336.764        4.743        4.744             37      128.20      128.20    LAVENT_PARALLEL:0:COMPUTE@1
   44     0.29     1341.305        4.541       18.380            343       13.24       53.59    SRTM_GAS_OPTICAL_DEPTH_GPU@1
   45     0.28     1345.692        4.387        4.387             37      118.56      118.57    APL_ARPEGE_PARALLEL:ZBAY_QRCONV:COMPUTE@1
   46     0.27     1349.877        4.185        4.185             57       73.42       73.43    TRGTOL@1
   47     0.27     1354.025        4.148        4.148             36      115.22      115.23    SCAN2M_LEGACY_L2F@1
   48     0.26     1357.980        3.954        3.955             37      106.87      106.88    LARCINB_PARALLEL:LAITRE_GMV:COMPUTE@1
   49     0.25     1361.790        3.811        3.811             37      102.99      102.99    APL_ARPEGE_PARALLEL:ACDRME:COMPUTE@1
   50     0.25     1365.582        3.792        3.794            555        6.83        6.84    GPRCP_EXPL_PARALLEL:1:COMPUTE@1
   51     0.24     1369.261        3.679        3.679              7      525.50      525.51    RECMWF_PARALLEL:PREPARE:COMPUTE@1
   52     0.23     1372.871        3.610        3.611             37       97.58       97.58    CPG_GP_HYD_PARALLEL:0:COMPUTE@1
   53     0.22     1376.292        3.421        3.421             37       92.46       92.46    APL_ARPEGE_DEEP_CONVECTION_PARALLEL:COPY:COMPUTE@1
   54     0.21     1379.544        3.252        3.252             36       90.32       90.32    SPCSINEW_PAR_fin@1
   55     0.21     1382.768        3.225        3.225             37       87.15       87.15    APL_ARPEGE_DEEP_CONVECTION_PARALLEL:ZERO:COMPUTE@1
   56     0.21     1385.971        3.203        3.203             37       86.57       86.57    MF_PHYS_PREP_PARALLEL:PREP:COMPUTE@1
   57     0.21     1389.155        3.184        3.184             37       86.05       86.05    APL_ARPEGE_SURFACE_PARALLEL:ACDIFV2:COMPUTE@1
   58     0.20     1392.172        3.017        3.017             37       81.53       81.54    APL_ARPEGE_DEEP_CONVECTION_PARALLEL:INIT:COMPUTE@1
   59     0.19     1395.173        3.001        3.001             37       81.11       81.11    LATTES_PARALLEL:0:COMPUTE@1
   60     0.19     1398.166        2.994        2.994             41       73.01       73.02    TRLTOG@1
   61     0.19     1401.149        2.982        2.983             37       80.61       80.61    CPG_DIA_FLU_PARALLEL:0:COMPUTE@1
   62     0.19     1404.090        2.941        2.942            222       13.25       13.25    LAPINEB_PARALLEL:CVGQ:COMPUTE@1
   63     0.19     1407.011        2.921        2.921             36       81.14       81.14    SPCSINEW_PAR_kern1@1
   64     0.17     1409.599        2.589        2.589             37       69.96       69.97    CPUTQY_APLPAR_EXPL_PARALLEL:ZDEC:COMPUTE@1
   65     0.16     1412.132        2.533        2.533             37       68.46       68.46    APL_ARPEGE_INIT_PARALLEL:5:COMPUTE@1
   66     0.16     1414.654        2.521        2.521             37       68.14       68.15    CPG_SL1B_TYPE_SET_DEVICE_PARALLEL@1
   67     0.16     1417.148        2.495        2.496            343        7.27        7.28    RRTM_TAUMOL3_GPU@1
   68     0.16     1419.611        2.463        2.463            343        7.18        7.18    SRTM_TAUMOL17_GPU@1
   69     0.15     1422.001        2.390        2.390             36       66.39       66.39    SPCHOR_TOT@1
   70     0.15     1424.341        2.340        2.342            343        6.82        6.83    RRTM_TAUMOL5_GPU@1
   71     0.15     1426.668        2.327        2.328            343        6.78        6.79    SRTM_TAUMOL29_GPU@1
   72     0.15     1428.944        2.276        2.276             37       61.51       61.51    LARCINB_PARALLEL:LCOMAD_SP:COMPUTE@1
   73     0.15     1431.194        2.250        2.250             74       30.40       30.41    GPMPFC_EXPL_PARALLEL:1:COMPUTE@1
   74     0.14     1433.341        2.147        2.148             37       58.04       58.04    APL_ARPEGE_PARALLEL:DIFTQ:COMPUTE@1
   75     0.14     1435.452        2.111        2.111             37       57.05       57.05    APL_ARPEGE_PARALLEL:APLPAR_INIT:COMPUTE@1
   76     0.13     1437.455        2.004        2.005            343        5.84        5.85    RRTM_TAUMOL4_GPU@1
   77     0.13     1439.405        1.949        1.950            222        8.78        8.78    LAPINEB_PARALLEL:ZERO_GMV9:COMPUTE@1
   78     0.13     1441.336        1.932        1.932             37       52.21       52.21    APL_ARPEGE_RADIATION_PARALLEL:ACDAYD:COMPUTE@1
   79     0.12     1443.260        1.924        1.925            333        5.78        5.78    CPUTQY0_PARALLEL:PVAR:COMPUTE@1
   80     0.12     1445.074        1.814        1.815            343        5.29        5.29    SRTM_SETCOEF_GPU@1
   81     0.12     1446.861        1.787        1.789            324        5.52        5.52    SCAN2M_TS_PARALLEL:0:COMPUTE@1
   82     0.11     1448.606        1.744        1.744             37       47.14       47.14    LAPINEB_PARALLEL:LACONE:COMPUTE@1
   83     0.11     1450.335        1.729        1.729             37       46.74       46.74    APL_ARPEGE_PARALLEL:CPPHINP:COMPUTE@1
   84     0.11     1452.056        1.721        1.721             74       23.25       23.26    LAPINEB_PARALLEL:ROTUVGEO:COMPUTE@1
   85     0.11     1453.731        1.675        1.676             37       45.28       45.28    CPG_GP_PARALLEL:GPINISLB_PART1_EXPL:COMPUTE@1
   86     0.11     1455.393        1.662        1.663            343        4.85        4.85    RRTM_TAUMOL9_GPU@1
   87     0.11     1457.049        1.655        1.657            343        4.83        4.83    radiation_cloud_optics:cloud_optics_GPU@1
   88     0.11     1458.699        1.651        1.651             37       44.61       44.61    APL_ARPEGE_OCEANIC_FLUXES_PARALLEL:ACFLUSO:COMPUTE@1
   89     0.11     1460.324        1.625        1.626            343        4.74        4.74    SRTM_TAUMOL21_GPU@1
   90     0.10     1461.926        1.602        1.603             37       43.31       43.31    APL_ARPEGE_DEEP_CONVECTION_PARALLEL:ACUPTQ:COMPUTE@1
   91     0.10     1463.510        1.584        2.425             72       22.00       33.67    EXCHANGE_MS:EXCHANGE@1
   92     0.10     1465.073        1.563        1.564            343        4.56        4.56    RRTM_TAUMOL7_GPU@1
   93     0.10     1466.562        1.489        1.489             37       40.25       40.25    APL_ARPEGE_RADIATION_PARALLEL:RADHEAT:COMPUTE@1
   94     0.10     1468.036        1.473        1.474             37       39.82       39.83    APL_ARPEGE_PARALLEL:ZDE2MR:COMPUTE@1
   95     0.09     1469.495        1.459        1.459             37       39.43       39.43    APL_ARPEGE_PARALLEL:ACHMT:COMPUTE@1
   96     0.09     1470.919        1.424        1.424             37       38.48       38.48    APL_ARPEGE_INIT_PARALLEL:1:COMPUTE@1
   97     0.09     1472.296        1.377     1540.297              1     1377.47  1540296.54    CNT4@1
   98     0.09     1473.669        1.373        1.373             37       37.12       37.12    APL_ARPEGE_SURFACE_UPDATE_PARALLEL:LMSE_F:COMPUTE@1
   99     0.09     1475.035        1.366        1.366             37       36.91       36.92    LARCINB_PARALLEL:NVLAG_3:COMPUTE@1
  100     0.09     1476.389        1.354        1.354             36       37.60       37.60    SPCSINEW_PAR_sidg1@1
  101     0.09     1477.722        1.334        1.334             37       36.04       36.05    CPG_DIA_FLU_PARALLEL:2:COMPUTE@1
  102     0.09     1479.051        1.329        1.329             37       35.91       35.91    LARCINB_PARALLEL:NTLAG_3:COMPUTE@1
  103     0.08     1480.338        1.287        1.287             37       34.79       34.79    LAPINEB_PARALLEL:NVLAG3:COMPUTE@1
  104     0.08     1481.609        1.271        1.271             37       34.35       34.35    CPGLAG_PARALLEL:0:COMPUTE@1
  105     0.08     1482.853        1.244        1.244            343        3.63        3.63    RRTM_TAUMOL10_GPU@1
  106     0.08     1484.065        1.212        1.213             37       32.77       32.77    APL_ARPEGE_INIT_PARALLEL:2:COMPUTE@1
  107     0.08     1485.273        1.208        1.208             37       32.64       32.64    APL_ARPEGE_PARALLEL:ACVISIH:COMPUTE@1
  108     0.08     1486.473        1.201        1.201             37       32.45       32.46    ACVPPKF_PARALLEL:PART2:GET_DATA@1
  109     0.08     1487.656        1.183        1.184            343        3.45        3.45    RRTM_PREPARE_GASES_GPU@1
  110     0.08     1488.817        1.160        1.161            222        5.23        5.23    LATTEX_EXPL_2TL_PARALLEL:3:COMPUTE@1
  111     0.07     1489.870        1.053       14.075             36       29.25      390.96    SPCMNEW_horsmodele@1
  112     0.07     1490.895        1.026        1.026             37       27.72       27.72    CPG_SL2_TYPE_SET_DEVICE_PARALLEL@1
  113     0.07     1491.912        1.017        1.018            343        2.96        2.97    SRTM_TAUMOL24_GPU@1
  114     0.06     1492.913        1.001        1.002            343        2.92        2.92    RRTM_TAUMOL8_GPU@1
  115     0.06     1493.900        0.987        0.988            343        2.88        2.88    SRTM_TAUMOL18_GPU@1
  116     0.06     1494.881        0.981        0.981            343        2.86        2.86    SRTM_TAUMOL19_GPU@1
  117     0.06     1495.833        0.952        0.953            343        2.78        2.78    RRTM_TAUMOL1_GPU@1
  118     0.06     1496.781        0.947        0.948             39       24.29       24.32    COMMSPNORM@1
  119     0.06     1497.702        0.921        0.921             37       24.90       24.90    APL_ARPEGE_PARALLEL:PPWETPOINT:COMPUTE@1
  120     0.06     1498.615        0.913        0.914            343        2.66        2.66    SRTM_TAUMOL20_GPU@1
  121     0.06     1499.526        0.911        0.911            185        4.92        4.93    GPRCP_EXPL_PARALLEL:2:COMPUTE@1
  122     0.06     1500.429        0.903        0.904            185        4.88        4.89    ACCTND0_PARALLEL:PACC:COMPUTE@1
  123     0.06     1501.326        0.897        0.897            343        2.61        2.62    RRTM_TAUMOL13_GPU@1
  124     0.05     1502.172        0.846        0.847            343        2.47        2.47    RRTM_TAUMOL2_GPU@1
  125     0.05     1503.014        0.842        0.842            343        2.45        2.46    RRTM_TAUMOL12_GPU@1
  126     0.05     1503.852        0.838        0.839             41       20.45       20.46    TRMTOL@1
  127     0.05     1504.656        0.804        0.804              7      114.81      114.81    APL_ARPEGE_AEROSOLS_FOR_RADIATION_PARALLEL:RADAER:COMPUTE@1
  128     0.05     1505.455        0.799        0.799             37       21.59       21.60    APL_ARPEGE_PARALLEL:ZRDG_LCVQ:COMPUTE@1
  129     0.05     1506.248        0.793        0.793             37       21.44       21.45    LAPINEB_PARALLEL:ROTUV:COMPUTE@1
  130     0.05     1507.033        0.785      609.738            343        2.29     1777.66    RADIATION_SCHEME_GPU@1
  131     0.05     1507.811        0.777        0.777            343        2.27        2.27    RRTM_TAUMOL15_GPU@1
  132     0.05     1508.587        0.776        0.777            222        3.50        3.50    GPINISLB_PART2_EXPL_PARALLEL:0:COMPUTE@1
  133     0.05     1509.349        0.763        0.763             37       20.61       20.62    APL_ARPEGE_PARALLEL:ACEVADCAPE:COMPUTE@1
  134     0.05     1510.077        0.728        0.729            343        2.12        2.12    RRTM_TAUMOL11_GPU@1
  135     0.05     1510.780        0.703        0.703            343        2.05        2.05    SRTM_TAUMOL16_GPU@1
  136     0.04     1511.459        0.679        0.679            343        1.98        1.98    RRTM_TAUMOL16_GPU@1
  137     0.04     1512.137        0.678        0.678            343        1.98        1.98    SRTM_TAUMOL23_GPU@1
  138     0.04     1512.813        0.676        0.677            343        1.97        1.97    RRTM_TAUMOL6_GPU@1
  139     0.04     1513.482        0.670        0.670            148        4.52        4.53    GPINISLB_PART2_EXPL_PARALLEL:1:COMPUTE@1
  140     0.04     1514.136        0.654        0.654            148        4.42        4.42    GPRCP_EXPL_PARALLEL:0:COMPUTE@1
  141     0.04     1514.788        0.652        0.652             37       17.63       17.63    CPXFU_PARALLEL:4:COMPUTE@1
  142     0.04     1515.436        0.648        5.825             41       15.81      142.06    INV_TRANS@1
  143     0.04     1516.071        0.634        0.635            148        4.29        4.29    GPRCP_EXPL_PARALLEL:4:COMPUTE@1
  144     0.04     1516.689        0.619        0.619             37       16.72       16.73    APL_WIND_GUST_PARALLEL:ACCLDIA:COMPUTE@1
  145     0.04     1517.296        0.607        0.607             37       16.40       16.41    APL_ARPEGE_HYDRO_BUDGET_PARALLEL:ACDROV:COMPUTE@1
  146     0.04     1517.899        0.603        0.603             37       16.30       16.30    APL_ARPEGE_PARALLEL:ACSOL:COMPUTE@1
  147     0.04     1518.493        0.593        0.593            222        2.67        2.67    LARCINB_PARALLEL:RRINTOPT:COMPUTE@1
  148     0.04     1519.075        0.583      615.308              7       83.22    87901.11    RECMWF_PARALLEL:ECRAD_GPU@1
  149     0.04     1519.652        0.576        0.576             37       15.58       15.58    MF_PHYS_MOCON_PARALLEL:PPWETPOINT:COMPUTE@1
  150     0.04     1520.224        0.573        0.573            343        1.67        1.67    SRTM_TAUMOL28_GPU@1
  151     0.03     1520.751        0.527        0.527             74        7.12        7.13    GPMPFC_EXPL_PART2_PARALLEL:0:COMPUTE@1
  152     0.03     1521.278        0.527        0.527             37       14.24       14.24    CPXFU_PARALLEL:2:COMPUTE@1
  153     0.03     1521.776        0.498        0.498             37       13.47       13.47    APL_ARPEGE_PARALLEL:EDR:COMPUTE@1
  154     0.03     1522.273        0.497        0.497            343        1.45        1.45    SRTM_TAUMOL27_GPU@1
  155     0.03     1522.769        0.495        0.496            235        2.11        2.11   *FFT992@1
  156     0.03     1523.262        0.493        0.494             37       13.34       13.34    GPTF1_YDVARS_PARALLEL:LTWOTL:COMPUTE@1
  157     0.03     1523.745        0.483        0.483             37       13.06       13.06    LAPINEB_PARALLEL:L_RDRY_VD:COMPUTE@1
  158     0.03     1523.745        0.470        0.470            236        1.99        1.99    FFT992@4
  159     0.03     1524.208        0.462        0.463             37       12.50       12.50    LAPINEB_PARALLEL:TEMP_EQ:COMPUTE@1
  160     0.03     1524.667        0.459        0.459             37       12.41       12.41    CPUTQY_APLPAR_EXPL_PARALLEL:PFDIS:COMPUTE@1
  161     0.03     1524.667        0.457        0.458            250        1.83        1.83    FFT992@2
  162     0.03     1524.667        0.452        0.452            263        1.72        1.72    FFT992@6
  163     0.03     1524.667        0.445        0.446            243        1.83        1.83    FFT992@5
  164     0.03     1525.108        0.441        0.441            115        3.84        3.84   *LEINV_DGEMM_1@8
  165     0.03     1525.108        0.439        0.439            235        1.87        1.87    FFT992@3
  166     0.03     1525.108        0.438        0.438            255        1.72        1.72    FFT992@7
  167     0.03     1525.108        0.433        0.433            112        3.86        3.86    LEINV_DGEMM_1@7
  168     0.03     1525.108        0.429        0.429            279        1.54        1.54    FFT992@8
  169     0.03     1525.108        0.427        0.428            638        0.67        0.67    FFT992@32
  170     0.03     1525.533        0.425       31.162             37       11.50      842.21    ACVPPKF_PARALLEL:PART2@1
  171     0.03     1525.533        0.423        0.424            519        0.82        0.82    FFT992@23
  172     0.03     1525.533        0.423        0.424            528        0.80        0.80    FFT992@24
  173     0.03     1525.533        0.423        0.423             78        5.43        5.43    LEINV_DGEMM_1@3
  174     0.03     1525.956        0.423        0.424            144        2.94        2.94    EXCHANGE_MS:MESSAGE_M@1
  175     0.03     1526.378        0.422        0.423            144        2.93        2.94    EXCHANGE_MS:MESSAGE_S@1
  176     0.03     1526.378        0.419        0.419             78        5.37        5.37    LEINV_DGEMM_1@4
  177     0.03     1526.378        0.418        0.419            598        0.70        0.70    FFT992@28
  178     0.03     1526.378        0.417        0.418            509        0.82        0.82    FFT992@22
  179     0.03     1526.378        0.416        0.417             78        5.34        5.34    LEINV_DGEMM_1@2
  180     0.03     1526.793        0.415        0.415             37       11.21       11.22    CPG_GP_PARALLEL:GPINISLB_PART3_EXPL:COMPUTE@1
  181     0.03     1526.793        0.414        0.415            613        0.68        0.68    FFT992@30
  182     0.03     1526.793        0.414        0.414            117        3.54        3.54    LEINV_DGEMM_1@9
  183     0.03     1526.793        0.414        0.414            557        0.74        0.74    FFT992@26
  184     0.03     1526.793        0.414        0.414            309        1.34        1.34    FFT992@12
  185     0.03     1526.793        0.413        0.413            482        0.86        0.86    FFT992@21
  186     0.03     1526.793        0.411        0.412            542        0.76        0.76    FFT992@25
  187     0.03     1527.204        0.411        0.411            343        1.20        1.20    SRTM_TAUMOL22_GPU@1
  188     0.03     1527.204        0.410        0.411            310        1.32        1.33    FFT992@11
  189     0.03     1527.613        0.409        0.409              1      409.29      409.30    SETUP_TRANS@1
  190     0.03     1527.613        0.408        0.408            234        1.74        1.74    LEINV_DGEMM_1@26
  191     0.03     1527.613        0.408        0.408            272        1.50        1.50    FFT992@9
  192     0.03     1527.613        0.407        0.408            610        0.67        0.67    FFT992@31
  193     0.03     1527.613        0.407        0.408            580        0.70        0.70    FFT992@27
  194     0.03     1527.613        0.407        0.407            234        1.74        1.74    LEINV_DGEMM_1@25
  195     0.03     1528.019        0.406        0.407             37       10.98       10.99    CPGLAG_PARALLEL:STR:COMPUTE@1
  196     0.03     1528.019        0.406        0.406            117        3.47        3.47    LEINV_DGEMM_1@10
  197     0.03     1528.019        0.406        0.406            234        1.73        1.74    LEINV_DGEMM_1@28
  198     0.03     1528.019        0.406        0.406            234        1.73        1.73    LEINV_DGEMM_1@27
  199     0.03     1528.019        0.406        0.406            487        0.83        0.83    FFT992@18
  200     0.03     1528.019        0.405        0.405            233        1.74        1.74    LEINV_DGEMM_1@32
  201     0.03     1528.423        0.404        1.129            194        2.08        5.82   *LTINV_MOD@17
  202     0.03     1528.423        0.403        0.404            234        1.72        1.73    LEINV_DGEMM_1@31
  203     0.03     1528.423        0.401        0.402            194        2.07        2.07    LEINV_DGEMM_1@17
  204     0.03     1528.423        0.400        0.401            591        0.68        0.68    FFT992@29
  205     0.03     1528.423        0.399        0.399            445        0.90        0.90    FFT992@17
  206     0.03     1528.423        0.397        1.107            195        2.04        5.68    LTINV_MOD@18
  207     0.03     1528.423        0.397        0.397            230        1.73        1.73    LEINV_DGEMM_1@24
  208     0.03     1528.423        0.397        0.397            347        1.14        1.14    FFT992@13
  209     0.03     1528.423        0.396        0.396            292        1.35        1.36    FFT992@10
  210     0.03     1528.423        0.395        0.396            469        0.84        0.84    FFT992@20
  211     0.03     1528.423        0.393        0.394             78        5.04        5.04    LEINV_DGEMM_1@5
  212     0.03     1528.423        0.392        0.392            231        1.70        1.70    LEINV_DGEMM_1@29
  213     0.03     1528.423        0.390        0.391            412        0.95        0.95    FFT992@16
  214     0.03     1528.423        0.389        1.077            149        2.61        7.23    LTINV_MOD@13
  215     0.03     1528.423        0.389        0.389            231        1.68        1.68    LEINV_DGEMM_1@30
  216     0.03     1528.423        0.389        1.105            195        1.99        5.67    LTINV_MOD@19
  217     0.03     1528.423        0.388        0.389            195        1.99        1.99    LEINV_DGEMM_1@19
  218     0.03     1528.423        0.386        1.064            156        2.47        6.82    LTINV_MOD@14
  219     0.03     1528.423        0.386        0.386            117        3.30        3.30    LEINV_DGEMM_1@11
  220     0.03     1528.423        0.386        0.386            476        0.81        0.81    FFT992@19
  221     0.02     1528.423        0.384        0.385            195        1.97        1.97    LEINV_DGEMM_1@18
  222     0.02     1528.806        0.383        0.383            343        1.12        1.12    radiation_flux:calc_surface_spectral_GPU@1
  223     0.02     1528.806        0.382        0.382            156        2.45        2.45    LEINV_DGEMM_1@14
  224     0.02     1528.806        0.381        1.077            195        1.95        5.52    LTINV_MOD@20
  225     0.02     1528.806        0.381        0.381            408        0.93        0.93    FFT992@15
  226     0.02     1528.806        0.378        0.378             86        4.40        4.40    LEINV_DGEMM_1@6
  227     0.02     1528.806        0.378        0.378            149        2.54        2.54    LEINV_DGEMM_1@13
  228     0.02     1528.806        0.377        1.093            231        1.63        4.73    LTINV_MOD@29
  229     0.02     1528.806        0.377        0.377            195        1.93        1.93    LEINV_DGEMM_1@20
  230     0.02     1528.806        0.375        0.376            386        0.97        0.97    FFT992@14
  231     0.02     1528.806        0.371        1.071            231        1.61        4.63    LTINV_MOD@30
  232     0.02     1528.806        0.369        0.369            195        1.89        1.89    LEINV_DGEMM_1@21
  233     0.02     1528.806        0.366        1.110            230        1.59        4.82    LTINV_MOD@24
  234     0.02     1529.172        0.366        0.366            234        1.56        1.57   *LEINV_DGEMM_2@25
  235     0.02     1529.538        0.366        0.366            343        1.07        1.07    SRTM_TAUMOL26_GPU@1
  236     0.02     1529.538        0.366        1.045            195        1.88        5.36    LTINV_MOD@21
  237     0.02     1529.903        0.365        0.365             37        9.87        9.87    LAPINEB_PARALLEL:ZVWEI:COMPUTE@1
  238     0.02     1529.903        0.364        1.005            157        2.32        6.40    LTINV_MOD@15
  239     0.02     1530.267        0.364       12.434             37        9.85      336.07    DIR_TRANS@1
  240     0.02     1530.267        0.360        1.096             78        4.62       14.06    LTINV_MOD@2
  241     0.02     1530.267        0.360        0.360            157        2.29        2.29    LEINV_DGEMM_1@15
  242     0.02     1530.267        0.360        1.133            234        1.54        4.84    LTINV_MOD@25
  243     0.02     1530.267        0.359        1.115            117        3.07        9.53    LTINV_MOD@9
  244     0.02     1530.267        0.359        0.359            234        1.53        1.53    LEINV_DGEMM_2@27
  245     0.02     1530.267        0.358        1.122            234        1.53        4.80    LTINV_MOD@26
  246     0.02     1530.625        0.358        0.716            200        1.79        3.58   *LTDIR_MOD@24
  247     0.02     1530.625        0.357        1.095             78        4.57       14.03    LTINV_MOD@3
  248     0.02     1530.625        0.356        0.357            195        1.83        1.83    LEINV_DGEMM_1@22
  249     0.02     1530.625        0.355        0.706            195        1.82        3.62    LTDIR_MOD@22
  250     0.02     1530.625        0.355        0.355            234        1.52        1.52    LEINV_DGEMM_2@26
  251     0.02     1530.980        0.355        0.355             37        9.58        9.59    CPG_GP_HYD_PARALLEL:3:COMPUTE@1
  252     0.02     1530.980        0.354        0.707            205        1.73        3.45    LTDIR_MOD@25
  253     0.02     1530.980        0.354        0.697            204        1.74        3.42    LTDIR_MOD@26
  254     0.02     1530.980        0.354        0.711            200        1.77        3.55    LTDIR_MOD@23
  255     0.02     1530.980        0.354        0.354            205        1.72        1.73    LEINV_DGEMM_1@23
  256     0.02     1530.980        0.352        0.352            157        2.24        2.24    LEINV_DGEMM_1@16
  257     0.02     1530.980        0.352        0.352            120        2.93        2.93    LEINV_DGEMM_1@12
  258     0.02     1530.980        0.351        1.114            112        3.13        9.95    LTINV_MOD@7
  259     0.02     1530.980        0.350        1.115            234        1.50        4.77    LTINV_MOD@27
  260     0.02     1530.980        0.349        0.700            208        1.68        3.36    LTDIR_MOD@28
  261     0.02     1530.980        0.349        0.349            115        3.04        3.04    LEINV_DGEMM_2@8
  262     0.02     1530.980        0.348        0.349            234        1.49        1.49    LEINV_DGEMM_2@28
  263     0.02     1530.980        0.348        0.701            212        1.64        3.31    LTDIR_MOD@29
  264     0.02     1530.980        0.347        0.984            157        2.21        6.27    LTINV_MOD@16
  265     0.02     1530.980        0.346        0.346            230        1.50        1.50    LEINV_DGEMM_2@24
  266     0.02     1530.980        0.345        0.704            205        1.68        3.43    LTDIR_MOD@27
  267     0.02     1530.980        0.344        1.099            234        1.47        4.70    LTINV_MOD@28
  268     0.02     1530.980        0.343        0.987            120        2.86        8.23    LTINV_MOD@12
  269     0.02     1531.323        0.343        0.343             37        9.26        9.26    GPRCP_EXPL_PARALLEL:5:COMPUTE@1
  270     0.02     1531.323        0.342        1.075            117        2.92        9.19    LTINV_MOD@10
  271     0.02     1531.323        0.341        0.341            117        2.91        2.92    LEINV_DGEMM_2@9
  272     0.02     1531.323        0.340        0.683            172        1.98        3.97    LTDIR_MOD@19
  273     0.02     1531.323        0.340        0.700            175        1.94        4.00    LTDIR_MOD@18
  274     0.02     1531.323        0.340        1.084             78        4.36       13.90    LTINV_MOD@4
  275     0.02     1531.323        0.340        0.340             81        4.20        4.20    LEINV_DGEMM_1@1
  276     0.02     1531.323        0.339        0.990             81        4.19       12.22    LTINV_MOD@1
  277     0.02     1531.323        0.339        0.678            170        1.99        3.99    LTDIR_MOD@20
  278     0.02     1531.323        0.338        1.129            115        2.94        9.82    LTINV_MOD@8
  279     0.02     1531.323        0.337        0.669            178        1.89        3.76    LTDIR_MOD@21
  280     0.02     1531.323        0.334        1.032            117        2.85        8.82    LTINV_MOD@11
  281     0.02     1531.323        0.332        0.694            176        1.88        3.94    LTDIR_MOD@17
  282     0.02     1531.323        0.331        0.999            205        1.61        4.87    LTINV_MOD@23
  283     0.02     1531.323        0.330        0.330            112        2.95        2.95    LEINV_DGEMM_2@7
  284     0.02     1531.323        0.329        0.694            217        1.51        3.20    LTDIR_MOD@30
  285     0.02     1531.323        0.328        0.328            195        1.68        1.68    LEINV_DGEMM_2@19
  286     0.02     1531.323        0.326        0.327            117        2.79        2.79    LEINV_DGEMM_2@10
  287     0.02     1531.323        0.325        0.325             78        4.16        4.16    LEINV_DGEMM_2@4
  288     0.02     1531.323        0.325        0.325            195        1.66        1.67    LEINV_DGEMM_2@18
  289     0.02     1531.323        0.323        0.323            231        1.40        1.40    LEINV_DGEMM_2@29
  290     0.02     1531.323        0.323        0.323            194        1.66        1.67    LEINV_DGEMM_2@17
  291     0.02     1531.323        0.320        0.320            233        1.37        1.37    LEINV_DGEMM_2@32
  292     0.02     1531.323        0.319        0.319             78        4.09        4.09    LEINV_DGEMM_2@2
  293     0.02     1531.323        0.319        1.035            234        1.36        4.42    LTINV_MOD@31
  294     0.02     1531.323        0.318        0.319            195        1.63        1.63    LEINV_DGEMM_2@20
  295     0.02     1531.323        0.315        0.316            195        1.62        1.62    LEINV_DGEMM_2@22
  296     0.02     1531.323        0.315        1.040            233        1.35        4.46    LTINV_MOD@32
  297     0.02     1531.323        0.314        0.314             78        4.03        4.03    LEINV_DGEMM_2@3
  298     0.02     1531.323        0.314        0.314            205        1.53        1.53    LEINV_DGEMM_2@23
  299     0.02     1531.323        0.313        0.994             86        3.64       11.56    LTINV_MOD@6
  300     0.02     1531.635        0.312        0.313             36        8.68        8.68    CPCFU_PARALLEL:1:COMPUTE@1
  301     0.02     1531.635        0.312        0.312            234        1.33        1.33    LEINV_DGEMM_2@31
  302     0.02     1531.635        0.311        0.312            117        2.66        2.66    LEINV_DGEMM_2@11
  303     0.02     1531.635        0.311        0.984            195        1.60        5.04    LTINV_MOD@22
  304     0.02     1531.635        0.310        0.311            231        1.34        1.34    LEINV_DGEMM_2@30
  305     0.02     1531.635        0.310        0.310             81        3.82        3.83    LEINV_DGEMM_2@1
  306     0.02     1531.635        0.309        0.310            195        1.59        1.59    LEINV_DGEMM_2@21
  307     0.02     1531.635        0.309        0.309            149        2.07        2.07    LEINV_DGEMM_2@13
  308     0.02     1531.635        0.309        1.006             78        3.96       12.89    LTINV_MOD@5
  309     0.02     1531.635        0.303        0.303             78        3.89        3.89    LEINV_DGEMM_2@5
  310     0.02     1531.635        0.302        0.302             86        3.51        3.52    LEINV_DGEMM_2@6
  311     0.02     1531.635        0.301        0.673            217        1.39        3.10    LTDIR_MOD@31
  312     0.02     1531.635        0.299        0.675            223        1.34        3.03    LTDIR_MOD@32
  313     0.02     1531.635        0.295        0.296            156        1.89        1.89    LEINV_DGEMM_2@14
  314     0.02     1531.927        0.292        0.292            343        0.85        0.85    RRTM_TAUMOL14_GPU@1
  315     0.02     1532.219        0.292        0.292            343        0.85        0.85    SRTM_TAUMOL25_GPU@1
  316     0.02     1532.219        0.292        0.292            120        2.43        2.43    LEINV_DGEMM_2@12
  317     0.02     1532.508        0.289        0.289              1      289.11      289.11    FAIXLA_MT@1
  318     0.02     1532.508        0.284        0.284            157        1.81        1.81    LEINV_DGEMM_2@16
  319     0.02     1532.508        0.280        0.280            157        1.78        1.78    LEINV_DGEMM_2@15
  320     0.02     1532.508        0.274        0.715             80        3.43        8.94    LTDIR_MOD@2
  321     0.02     1532.508        0.272        0.721             83        3.28        8.69    LTDIR_MOD@3
  322     0.02     1532.508        0.270        0.718             81        3.34        8.87    LTDIR_MOD@4
  323     0.02     1532.508        0.269        0.696            127        2.12        5.48    LTDIR_MOD@11
  324     0.02     1532.508        0.268        0.706             82        3.27        8.61    LTDIR_MOD@5
  325     0.02     1532.508        0.267        0.689            164        1.63        4.20    LTDIR_MOD@14
  326     0.02     1532.773        0.265        0.265             37        7.16        7.17    CTVTOT_EXPL_PARALLEL:0:COMPUTE@1
  327     0.02     1532.773        0.265        0.709            126        2.10        5.63    LTDIR_MOD@10
  328     0.02     1533.038        0.265        0.265             36        7.35        7.36    MXPTMAACC@1
  329     0.02     1533.038        0.264        0.666            142        1.86        4.69    LTDIR_MOD@13
  330     0.02     1533.038        0.263        0.685             83        3.17        8.26    LTDIR_MOD@6
  331     0.02     1533.300        0.262        0.262             37        7.07        7.08    APL_ARPEGE_ALBEDO_COMPUTATION_PARALLEL:0:COMPUTE@1
  332     0.02     1533.300        0.262        0.666            179        1.46        3.72    LTDIR_MOD@16
  333     0.02     1533.300        0.261        0.674            128        2.04        5.26    LTDIR_MOD@12
  334     0.02     1533.300        0.260        0.713            122        2.13        5.85    LTDIR_MOD@9
  335     0.02     1533.559        0.259        0.259            343        0.75        0.75    LIQUID_EFFECTIVE_RADIUS_GPU@1
  336     0.02     1533.817        0.258        0.259             81        3.19        3.19   *LEDIR_DGEMM_1@4
  337     0.02     1533.817        0.258        0.258            122        2.11        2.11    LEDIR_DGEMM_1@9
  338     0.02     1533.817        0.258        0.258             83        3.10        3.10    LEDIR_DGEMM_1@3
  339     0.02     1534.073        0.256        0.256             37        6.93        6.93    LASSIE_PARALLEL:GPRCP:COMPUTE@1
  340     0.02     1534.073        0.256        0.663            170        1.51        3.90    LTDIR_MOD@15
  341     0.02     1534.073        0.253        0.253             80        3.16        3.16    LEDIR_DGEMM_1@2
  342     0.02     1534.073        0.252        0.252            126        2.00        2.00    LEDIR_DGEMM_1@10
  343     0.02     1534.073        0.252        0.252             82        3.07        3.07    LEDIR_DGEMM_1@5
  344     0.02     1534.073        0.250        0.671             86        2.91        7.80    LTDIR_MOD@7
  345     0.02     1534.073        0.249        0.670             89        2.80        7.53    LTDIR_MOD@1
  346     0.02     1534.073        0.247        0.662             96        2.58        6.90    LTDIR_MOD@8
  347     0.02     1534.319        0.245        0.245             36        6.81        6.81    SPCMNEW_PARALLEL_LEGACY_F2L@1
  348     0.02     1534.564        0.245        0.245             37        6.63        6.63    APL_ARPEGE_SOIL_HYDRO_PARALLEL:ACVEG:COMPUTE@1
  349     0.02     1534.564        0.243        0.243             83        2.92        2.92    LEDIR_DGEMM_1@6
  350     0.02     1534.564        0.241        0.241            127        1.90        1.90    LEDIR_DGEMM_1@11
  351     0.02     1534.564        0.238        0.238             86        2.76        2.77    LEDIR_DGEMM_1@7
  352     0.02     1534.564        0.235        0.235            164        1.43        1.44    LEDIR_DGEMM_1@14
  353     0.02     1534.564        0.233        0.233            128        1.82        1.82    LEDIR_DGEMM_1@12
  354     0.02     1534.564        0.232        0.232             89        2.61        2.61    LEDIR_DGEMM_1@1
  355     0.01     1534.564        0.230        0.230             96        2.40        2.40    LEDIR_DGEMM_1@8
  356     0.01     1534.564        0.229        0.229            142        1.61        1.61    LEDIR_DGEMM_1@13
  357     0.01     1534.564        0.224        0.224            170        1.31        1.32    LEDIR_DGEMM_1@15
  358     0.01     1534.787        0.223        0.223             37        6.02        6.02    MF_PHYS_FPL_PART2_PARALLEL:PART2:COMPUTE@1
  359     0.01     1534.787        0.222        0.222            179        1.24        1.24    LEDIR_DGEMM_1@16
  360     0.01     1534.998        0.211        0.212             37        5.72        5.72    MF_PHYS_FPL_PART1_PARALLEL:PART1:COMPUTE@1
  361     0.01     1534.998        0.208        0.208            217        0.96        0.96    LEDIR_DGEMM_1@31
  362     0.01     1534.998        0.207        0.207            223        0.93        0.93    LEDIR_DGEMM_1@32
  363     0.01     1535.202        0.204        0.206           3087        0.07        0.07    radiation_gas:put_gas_GPU@1
  364     0.01     1535.202        0.203        0.203            217        0.93        0.93    LEDIR_DGEMM_1@30
  365     0.01     1535.401        0.199        0.199             37        5.38        5.38    CPXFU_PARALLEL:3:COMPUTE@1
  366     0.01     1535.596        0.195        0.195            122        1.60        1.60   *LEDIR_DGEMM_2@9
  367     0.01     1535.596        0.194        0.194            205        0.94        0.95    LEDIR_DGEMM_1@27
  368     0.01     1535.596        0.193        0.194            212        0.91        0.91    LEDIR_DGEMM_1@29
  369     0.01     1535.596        0.193        0.193            200        0.96        0.96    LEDIR_DGEMM_1@24
  370     0.01     1535.596        0.192        0.192            176        1.09        1.09    LEDIR_DGEMM_1@17
  371     0.01     1535.596        0.192        0.192            126        1.52        1.52    LEDIR_DGEMM_2@10
  372     0.01     1535.788        0.191       24.782             37        5.17      669.77    MF_PHYS_INIT_PARALLEL:ZERO@1
  373     0.01     1535.788        0.191        0.191             83        2.30        2.31    LEDIR_DGEMM_2@3
  374     0.01     1535.788        0.191        0.191            200        0.95        0.95    LEDIR_DGEMM_1@23
  375     0.01     1535.788        0.191        0.191            175        1.09        1.09    LEDIR_DGEMM_1@18
  376     0.01     1535.978        0.190        0.190             37        5.14        5.14    CPGLAG_PARALLEL:1:COMPUTE@1
  377     0.01     1535.978        0.189        0.190             81        2.34        2.34    LEDIR_DGEMM_2@4
  378     0.01     1535.978        0.189        0.189             89        2.13        2.13    LEDIR_DGEMM_2@1
  379     0.01     1535.978        0.189        0.189            208        0.91        0.91    LEDIR_DGEMM_1@28
  380     0.01     1535.978        0.188        0.189            205        0.92        0.92    LEDIR_DGEMM_1@25
  381     0.01     1535.978        0.188        0.188             80        2.35        2.35    LEDIR_DGEMM_2@2
  382     0.01     1535.978        0.187        0.187            195        0.96        0.96    LEDIR_DGEMM_1@22
  383     0.01     1535.978        0.186        0.186            164        1.14        1.14    LEDIR_DGEMM_2@14
  384     0.01     1535.978        0.186        0.186            127        1.46        1.46    LEDIR_DGEMM_2@11
  385     0.01     1535.978        0.185        0.185             82        2.26        2.26    LEDIR_DGEMM_2@5
  386     0.01     1536.162        0.185        0.185            343        0.54        0.54    radiation_thermodynamics:get_layer_mass_GPU@1
  387     0.01     1536.162        0.184        0.184             96        1.92        1.92    LEDIR_DGEMM_2@8
  388     0.01     1536.162        0.183        0.183            172        1.06        1.07    LEDIR_DGEMM_1@19
  389     0.01     1536.162        0.183        0.183            170        1.07        1.08    LEDIR_DGEMM_1@20
  390     0.01     1536.162        0.183        0.183            204        0.90        0.90    LEDIR_DGEMM_1@26
  391     0.01     1536.162        0.183        0.183            179        1.02        1.02    LEDIR_DGEMM_2@16
  392     0.01     1536.162        0.183        0.183            170        1.07        1.07    LEDIR_DGEMM_2@15
  393     0.01     1536.162        0.182        0.182             86        2.12        2.12    LEDIR_DGEMM_2@7
  394     0.01     1536.162        0.180        0.180            128        1.40        1.41    LEDIR_DGEMM_2@12
  395     0.01     1536.162        0.180        0.180             83        2.16        2.16    LEDIR_DGEMM_2@6
  396     0.01     1536.162        0.178        0.178            178        1.00        1.00    LEDIR_DGEMM_1@21
  397     0.01     1536.337        0.175        0.175             36        4.86        4.86    CPCFU_PARALLEL:2:COMPUTE@1
  398     0.01     1536.337        0.173        0.173            142        1.22        1.22    LEDIR_DGEMM_2@13
  399     0.01     1536.337        0.169        0.169            176        0.96        0.96    LEDIR_DGEMM_2@17
  400     0.01     1536.337        0.169        0.169            223        0.76        0.76    LEDIR_DGEMM_2@32
  401     0.01     1536.337        0.168        0.168            175        0.96        0.96    LEDIR_DGEMM_2@18
  402     0.01     1536.337        0.166        0.166            200        0.83        0.83    LEDIR_DGEMM_2@23
  403     0.01     1536.337        0.165        0.165            200        0.82        0.82    LEDIR_DGEMM_2@24
  404     0.01     1536.337        0.164        0.165            205        0.80        0.80    LEDIR_DGEMM_2@27
  405     0.01     1536.337        0.164        0.164            205        0.80        0.80    LEDIR_DGEMM_2@25
  406     0.01     1536.337        0.164        0.164            217        0.75        0.75    LEDIR_DGEMM_2@31
  407     0.01     1536.337        0.163        0.163            195        0.84        0.84    LEDIR_DGEMM_2@22
  408     0.01     1536.500        0.162        0.163             37        4.39        4.39    CPUTQY_APLPAR_EXPL_PARALLEL:ZTDCP:COMPUTE@1
  409     0.01     1536.500        0.162        0.162            217        0.75        0.75    LEDIR_DGEMM_2@30
  410     0.01     1536.500        0.161        0.161            208        0.77        0.77    LEDIR_DGEMM_2@28
  411     0.01     1536.500        0.160        0.160            204        0.78        0.78    LEDIR_DGEMM_2@26
  412     0.01     1536.500        0.160        0.160            212        0.75        0.75    LEDIR_DGEMM_2@29
  413     0.01     1536.500        0.159        0.159            172        0.93        0.93    LEDIR_DGEMM_2@19
  414     0.01     1536.500        0.156        0.156            170        0.92        0.92    LEDIR_DGEMM_2@20
  415     0.01     1536.655        0.155        0.155            116        1.34        1.34    "lfilec_alts"@1:lfi_alts.c
  416     0.01     1536.655        0.154        0.154            178        0.86        0.87    LEDIR_DGEMM_2@21
  417     0.01     1536.800        0.144        0.144             37        3.90        3.90    CPG_GP_PARALLEL:GP_SPV:COMPUTE@1
  418     0.01     1536.941        0.141        1.695             37        3.81       45.82    SCAN2M_CTVTOT_DRV@1
  419     0.01     1537.071        0.131        0.131             74        1.77        1.77    SLEXTPOL3@1
  420     0.01     1537.199        0.128        0.128             37        3.45        3.45    CPG_GP_PARALLEL:GPTF2_EXPL_2TL:COMPUTE@1
  421     0.01     1537.320        0.121        0.121            343        0.35        0.35    SATUR_GPU@1
  422     0.01     1537.440        0.120        0.121           3300        0.04        0.04    DELETE_TEMPORARIES@1
  423     0.01     1537.559        0.120        0.120             37        3.24        3.24    LACDYN_PARALLEL:ZMIXNL:COMPUTE@1
  424     0.01     1537.673        0.113        0.113             37        3.06        3.06    APL_ARPEGE_INIT_PARALLEL:6:COMPUTE@1
  425     0.01     1537.785        0.112        0.112             72        1.55        1.55   *SGEMMX@21
  426     0.01     1537.785        0.111        0.111             72        1.54        1.54    SGEMMX@17
  427     0.01     1537.785        0.111        0.111             72        1.53        1.54    SGEMMX@25
  428     0.01     1537.785        0.110        0.110             72        1.53        1.53    SGEMMX@24
  429     0.01     1537.894        0.109        0.109             37        2.95        2.96    APL_ARPEGE_PARALLEL:PRECIPS:COMPUTE@1
  430     0.01     1537.894        0.109        0.109             72        1.52        1.52    SGEMMX@22
  431     0.01     1537.894        0.109        0.109             72        1.52        1.52    SGEMMX@23
  432     0.01     1537.894        0.109        0.109             72        1.52        1.52    SGEMMX@20
  433     0.01     1537.894        0.108        0.108             72        1.50        1.50    SGEMMX@13
  434     0.01     1537.894        0.107        0.107             72        1.49        1.49    SGEMMX@28
  435     0.01     1537.894        0.107        0.107             72        1.49        1.49    SGEMMX@16
  436     0.01     1537.894        0.107        0.107             72        1.49        1.49    SGEMMX@4
  437     0.01     1537.894        0.106        0.106             72        1.48        1.48    SGEMMX@15
  438     0.01     1537.894        0.106        0.106             72        1.48        1.48    SGEMMX@14
  439     0.01     1537.894        0.106        0.106             72        1.47        1.47    SGEMMX@5
  440     0.01     1537.894        0.106        0.106             72        1.47        1.47    SGEMMX@27
  441     0.01     1537.894        0.106        0.106             72        1.47        1.47    SGEMMX@19
  442     0.01     1537.894        0.106        0.106             72        1.47        1.47    SGEMMX@3
  443     0.01     1537.894        0.105        0.105             72        1.46        1.46    SGEMMX@9
  444     0.01     1537.999        0.105        0.105             37        2.84        2.84    CPG_GP_PARALLEL:MAP_FACTOR:COMPUTE@1
  445     0.01     1537.999        0.105        0.105             72        1.46        1.46    SGEMMX@2
  446     0.01     1537.999        0.105        0.105             72        1.45        1.45    SGEMMX@32
  447     0.01     1537.999        0.104        0.104             72        1.45        1.45    SGEMMX@8
  448     0.01     1537.999        0.104        0.104             72        1.45        1.45    SGEMMX@26
  449     0.01     1537.999        0.104        0.104             72        1.44        1.45    SGEMMX@12
  450     0.01     1537.999        0.104        0.104             72        1.44        1.44    SGEMMX@29
  451     0.01     1538.102        0.103        0.103             37        2.78        2.78    APL_ARPEGE_PARALLEL:FRSOPT:COMPUTE@1
  452     0.01     1538.102        0.102        0.102             72        1.42        1.42    SGEMMX@31
  453     0.01     1538.102        0.102        0.102             72        1.42        1.42    SGEMMX@7
  454     0.01     1538.203        0.102        0.102             37        2.75        2.75    CPXFU_PARALLEL:0:COMPUTE@1
  455     0.01     1538.305        0.101        0.101             36        2.81        2.82    CPCFU_PARALLEL:0:COMPUTE@1
  456     0.01     1538.406        0.101        0.101             37        2.73        2.73    APL_ARPEGE_RADIATION_PARALLEL:DIRECT:COMPUTE@1
  457     0.01     1538.506        0.101        0.101             37        2.72        2.72    APL_ARPEGE_PARALLEL:ZDPHIV:COMPUTE@1
  458     0.01     1538.607        0.101        0.181             20        5.03        9.03    GPNORM_TRANS_CTL@1
  459     0.01     1538.607        0.100        0.101             72        1.40        1.40    SGEMMX@6
  460     0.01     1538.707        0.100        0.100             37        2.71        2.71    APL_ARPEGE_INIT_PARALLEL:0:COMPUTE@1
  461     0.01     1538.807        0.100        0.100            343        0.29        0.29    radiation_single_level:get_albedos_GPU@1
  462     0.01     1538.907        0.100        0.100             37        2.71        2.71    LACDYN_PARALLEL:LASURE:COMPUTE@1
  463     0.01     1538.907        0.100        0.100             72        1.38        1.39    SGEMMX@18
  464     0.01     1539.007        0.099        0.099            234        0.42        0.42    SPNORMB@1
  465     0.01     1539.106        0.099        0.099             37        2.68        2.68    GPMPFC_EXPL_PARALLEL:0:COMPUTE@1
  466     0.01     1539.205        0.099        0.099             37        2.68        2.68    CPXFU_PARALLEL:1:COMPUTE@1
  467     0.01     1539.304        0.099        0.099             37        2.67        2.67    APL_ARPEGE_PARALLEL:BAYRAD:COMPUTE@1
  468     0.01     1539.304        0.098        0.098             72        1.36        1.36    SGEMMX@30
  469     0.01     1539.304        0.097        0.098             72        1.35        1.35    SGEMMX@11
  470     0.01     1539.401        0.097        0.097            343        0.28        0.28    radiation_cloud:set_overlap_param_var_GPU@1
  471     0.01     1539.497        0.096        0.096             36        2.67        2.67    APL_ARPEGE_RADIATION_PARALLEL:SUNSHINE:COMPUTE@1
  472     0.01     1539.497        0.096        0.096             72        1.33        1.33    SGEMMX@10
  473     0.01     1539.589        0.092        0.092             37        2.50        2.50    APL_ARPEGE_RADIATION_PARALLEL:LMSE_F:COMPUTE@1
  474     0.01     1539.677        0.088        0.088             37        2.37        2.37    CPG_PARALLEL:ISETTLOFF:COMPUTE@1
  475     0.01     1539.677        0.083        0.083             72        1.16        1.16    SGEMMX@1
  476     0.01     1539.760        0.083        0.083              1       83.27       83.27    DIST_SPEC@1
  477     0.01     1539.842        0.082        0.083           3300        0.02        0.03    CREATE_TEMPORARIES@1
  478     0.01     1539.924        0.082        0.082              6       13.64       13.64    GRIB_API:IGRIB_NEW_FROM_SAMPLES@1
  479     0.01     1540.005        0.081        0.081             36        2.24        2.24    CPCFU_PARALLEL:3:COMPUTE@1
  480     0.01     1540.085        0.080        0.080             30        2.68        2.68    APL_ARPEGE_RADIATION_PARALLEL:CALLRAD_F:COMPUTE@1
  481     0.00     1540.155        0.070        0.070             42        1.66        1.66    GSBITE_MF@1
  482     0.00     1540.216        0.061        0.061             37        1.66        1.66    CPG_DIA_FLU_PARALLEL:4:COMPUTE@1
  483     0.00     1540.276        0.060        0.060             37        1.61        1.61    LAVABO_PARALLEL:0:COMPUTE@1
  484     0.00     1540.335        0.059        0.059             37        1.59        1.60    CPG_DIA_FLU_PARALLEL:1:COMPUTE@1
  485     0.00     1540.393        0.058        0.058              1       58.37       58.38    SUGRIDUA_FIXUP@1
  486     0.00     1540.449        0.056        0.056            343        0.16        0.16    radiation_ifs_rrtm:planck_function_surf_GPU@1
  487     0.00     1540.504        0.055        0.055             42        1.32        1.32    UNPAGB@1
  488     0.00     1540.559        0.055        0.316              1       54.51      316.09    SU0YOMB@1
  489     0.00     1540.612        0.053     1259.300             37        1.43    34035.14    CPG_DRV@1
  490     0.00     1540.663        0.051        0.051              1       51.15       51.16    DIST_GRID@1
  491     0.00     1540.713        0.050        0.050              1       50.30       50.44    IOSPECA_MOD:IOSPECA_SELECTFY@1
  492     0.00     1540.763        0.050        0.050             37        1.35        1.35    APL_ARPEGE_PARALLEL:PLSM:COMPUTE@1
  493     0.00     1540.810        0.047        0.047             37        1.28        1.28    LOGDIS@1
  494     0.00     1540.854        0.044        0.044            106        0.41        0.41    POSNAME@1
  495     0.00     1540.898        0.043     1489.438             37        1.17    40255.09    GP_MODEL@1
  496     0.00     1540.938        0.040        0.040            555        0.07        0.07    GPRCP_EXPL_PARALLEL:1:GET_DATA@1
  497     0.00     1540.977        0.040        0.043             38        1.04        1.12    SUHEG@1
  498     0.00     1541.015        0.037        0.038            343        0.11        0.11    radiation_cloud:crop_cloud_fraction_GPU@1
  499     0.00     1541.049        0.035        3.870            555        0.06        6.97    GPRCP_EXPL_PARALLEL:1@1
  500     0.00     1541.083        0.033        0.117             72        0.46        1.62    MXMAOP@1
  501     0.00     1541.116        0.033        0.033             37        0.90        0.90    CPG_GP_PARALLEL:SET1TO0:COMPUTE@1
  502     0.00     1541.149        0.033        0.033            222        0.15        0.15    LAVABO_EXPL_LAITVSPCQM_PART1_PARALLEL:0:COMPUTE@1
  503     0.00     1541.179        0.030        0.058             38        0.79        1.51    SUHDU@1
  504     0.00     1541.207        0.028        0.028             37        0.77        0.77    LAVABO_PARALLEL:2:COMPUTE@1
  505     0.00     1541.235        0.027        0.028            135        0.20        0.20    SUHERT@1
  506     0.00     1541.262        0.027        0.027             37        0.72        0.72    CPG_GP_PARALLEL:SETZERO:COMPUTE@1
  507     0.00     1541.288        0.027     1542.424              1       26.54  1542423.86    MASTER@1
  508     0.00     1541.313        0.025        0.025              2       12.34       12.35    DEALXMO@1
  509     0.00     1541.337        0.025        0.025             31        0.79        0.79    FAREOR_MT64@1
  510     0.00     1541.361        0.024        1.814            324        0.07        5.60    SCAN2M_TS_PARALLEL:0@1
  511     0.00     1541.384        0.023        0.709              1       23.14      708.86    SUSPECA@1
  512     0.00     1541.406        0.021        0.021             36        0.59        0.60    CPG_END_SFC_PARALLEL:SET0TO1:COMPUTE@1
  513     0.00     1541.427        0.021        0.021             13        1.63        1.63    GRIB_API:IGRIB_SET_CHAR@1
  514     0.00     1541.448        0.021        0.021              7        2.97        2.97    RECMWF_PARALLEL:FINISH:GET_DATA@1
  515     0.00     1541.468        0.020        1.071             39        0.52       27.46    SPNORM@1
  516     0.00     1541.488        0.020        0.021              1       20.18       20.62    IOGRID_MOD:IOGRID_SELECTFY@1
  517     0.00     1541.509        0.020        0.020              1       20.10       20.10    KPP_WSCALE_MOD:KPP_WSCALE@1
  518     0.00     1541.528        0.019        1.946            333        0.06        5.84    CPUTQY0_PARALLEL:PVAR@1
  519     0.00     1541.547        0.019        0.019              7        2.70        2.70    RECMWF_PARALLEL:ECRAD_POST:COMPUTE@1
  520     0.00     1541.565        0.019        0.019              1       18.76       18.79    SPECTRAL_FIELDS_MOD:CREATE_SPEC@1
  521     0.00     1541.584        0.019        0.019              7        2.67        2.67    RECMWF_PARALLEL:2:COMPUTE@1
  522     0.00     1541.603        0.019        0.019              7        2.67        2.67    RECMWF_PARALLEL:1:COMPUTE@1
  523     0.00     1541.621        0.018        0.078             36        0.51        2.17    SPCSINEW_PAR_mult1@1
  524     0.00     1541.638        0.017        1.179            222        0.07        5.31    LATTEX_EXPL_2TL_PARALLEL:3@1
  525     0.00     1541.654        0.017        0.017             37        0.45        0.45    CPG_DIA_FLU_PARALLEL:3:COMPUTE@1
  526     0.00     1541.671        0.016        0.612            222        0.07        2.76    LARCINB_PARALLEL:RRINTOPT@1
  527     0.00     1541.687        0.016        0.016             37        0.43        0.43    SCAN2M_INIT_T1@1
  528     0.00     1541.701        0.014        0.014              1       14.24       14.24    YOMCLIM:READ_GHG_CLIMATOLOGY@1
  529     0.00     1541.715        0.014        2.958            222        0.06       13.32    LAPINEB_PARALLEL:CVGQ@1
  530     0.00     1541.729        0.014        0.021              1       13.56       20.54    FIELDS_MOD:FIELDS_DELETE@1
  531     0.00     1541.742        0.014        1.965            222        0.06        8.85    LAPINEB_PARALLEL:ZERO_GMV9@1
  532     0.00     1541.755        0.013        0.791            222        0.06        3.56    GPINISLB_PART2_EXPL_PARALLEL:0@1
  533     0.00     1541.768        0.013        0.668            148        0.08        4.51    GPRCP_EXPL_PARALLEL:0@1
  534     0.00     1541.780        0.012        0.015           7800        0.00        0.00    SURFACE_FIELDS_MIX:GPOPER_3@1
  535     0.00     1541.793        0.012       80.157             37        0.33     2166.40    LAPINEB_DRV@1
  536     0.00     1541.804        0.012        0.012            343        0.03        0.04    ICE_EFFECTIVE_RADIUS_GPU@1
  537     0.00     1541.816        0.012        0.012            343        0.03        0.03    radiation_cloud:create_fractional_std_GPU@1
  538     0.00     1541.827        0.011        0.011            343        0.03        0.03    radiation_gas:put_well_mixed_gas_GPU@1
  539     0.00     1541.838        0.011        0.923            185        0.06        4.99    GPRCP_EXPL_PARALLEL:2@1
  540     0.00     1541.848        0.010        0.010              6        1.68        1.68    MINV_8:GECO@1
  541     0.00     1541.858        0.010       14.085             36        0.28      391.24    SPCMNEW_PARALLEL@1
  542     0.00     1541.868        0.010        0.043            222        0.04        0.20    LAVABO_EXPL_LAITVSPCQM_PART1_PARALLEL:0@1
  543     0.00     1541.878        0.010        0.167              1        9.66      166.66    GPNORM_GFL@1
  544     0.00     1541.887        0.009        0.645            148        0.06        4.36    GPRCP_EXPL_PARALLEL:4@1
  545     0.00     1541.897        0.009        0.009             37        0.25        0.25    MF_PHYS_TRANSFER_PARALLEL:ALL:COMPUTE@1
  546     0.00     1541.906        0.009       26.103            222        0.04      117.58    LARCINB_PARALLEL:LAITRE_GFL@1
  547     0.00     1541.915        0.009     1415.846             37        0.25    38266.12    STEPO@1
  548     0.00     1541.924        0.009      609.747              7        1.27    87106.66    RECMWF_PARALLEL:ECRAD_GPU:COMPUTE@1
  549     0.00     1541.933        0.009        0.680            148        0.06        4.59    GPINISLB_PART2_EXPL_PARALLEL:1@1
  550     0.00     1541.941        0.008        0.008             37        0.22        0.22    CTVTOT_EXPL_PARALLEL:0:GET_DATA@1
  551     0.00     1541.949        0.008        0.008              8        1.03        1.03    UPDECAEC@1
  552     0.00     1541.957        0.008      226.519             37        0.22     6122.14    CALL_SL@1
  553     0.00     1541.965        0.008        0.008              1        8.00        8.00    SUGEM2_YRGSGEOM@1
  554     0.00     1541.973        0.008      121.769              1        7.85   121769.09    STEPX@1
  555     0.00     1541.981        0.008        0.010           9360        0.00        0.00    SURFACE_FIELDS_MIX:GPOPER_2@1
  556     0.00     1541.988        0.008        0.008             37        0.21        0.21    APL_ARPEGE_PARALLEL:EDR:GET_DATA@1
  557     0.00     1541.996        0.008        0.008              1        7.67        7.67    INI_TIWMX@1
  558     0.00     1542.004        0.008      608.023            343        0.02     1772.66    radiation_interface_GPU:radiation_GPU@1
  559     0.00     1542.011        0.007        0.296             31        0.24        9.56    FARCIS_MT@1
  560     0.00     1542.018        0.007        0.033           1560        0.00        0.02    SURFACE_FIELDS_MIX:GPOPER@1
  561     0.00     1542.025        0.007     1383.655             37        0.19    37396.09    SCAN2M@1
  562     0.00     1542.032        0.007        0.007              2        3.41        3.41    TCFU_TYPE_FINAL@1
  563     0.00     1542.039        0.007        0.007             37        0.18        0.19    LARMES_PARALLEL:LARMES:GET_DATA@1
  564     0.00     1542.046        0.007        0.007              2        3.40        3.40    TXFU_TYPE_FINAL@1
  565     0.00     1542.052        0.007        0.912            185        0.04        4.93    ACCTND0_PARALLEL:PACC@1
  566     0.00     1542.059        0.007        0.007             37        0.18        0.18    SCAN2M:WIPE@1
  567     0.00     1542.065        0.006        0.006             37        0.17        0.17    SCAN2M:COPY@1
  568     0.00     1542.071        0.006        0.006              1        5.61        5.63    SUECOZC@1
  569     0.00     1542.076        0.005        0.005             36        0.15        0.15    CPCFU_PARALLEL:5:COMPUTE@1
  570     0.00     1542.081        0.005        1.727             74        0.07       23.34    LAPINEB_PARALLEL:ROTUVGEO@1
  571     0.00     1542.087        0.005        0.005            343        0.02        0.02    radiation_flux:allocate_flux_type_GPU@1
  572     0.00     1542.092        0.005        0.015              1        5.24       15.05    SUGEM2@1
  573     0.00     1542.097        0.005        0.533             74        0.07        7.20    GPMPFC_EXPL_PART2_PARALLEL:0@1
  574     0.00     1542.102        0.005     1489.443             37        0.14    40255.23    GP_MODEL_DRV@1
  575     0.00     1542.107        0.005        0.008          12600        0.00        0.00    FIELD_GFL_WRAPPER:GFL_MAP@1
  576     0.00     1542.112        0.005        7.939             36        0.14      220.51    SPCSINEW_PARALLEL@1
  577     0.00     1542.117        0.005        3.575             37        0.13       96.62    CPGLAG_DRV@1
  578     0.00     1542.121        0.005       72.701             37        0.12     1964.90    LAPINEA_DRV@1
  579     0.00     1542.126        0.005        2.399             36        0.13       66.63    SPCHORNEW_PARALLEL@1
  580     0.00     1542.130        0.004        0.013              3        1.50        4.31    FIELD_GFL_WRAPPER:GFL_FID_SETUP@1
  581     0.00     1542.135        0.004        0.635              1        4.46      635.11    RDFA2SP@1
  582     0.00     1542.139        0.004        0.004              1        4.45        4.45    SLRSET@1
  583     0.00     1542.143        0.004       20.490             37        0.11      553.77    LAPINEA_PARALLEL:LARCINA@1
  584     0.00     1542.148        0.004        0.004            343        0.01        0.01    radiation_flux:deallocate_flux_type_GPU@1
  585     0.00     1542.152        0.004        0.004              1        3.99        3.99    ALLOCATE_EMPTY_TRAJECTORY@1
  586     0.00     1542.156        0.004        0.004             36        0.11        0.11    SPCHORmval@1
  587     0.00     1542.159        0.004        0.004              1        3.81        3.81    SPECTRAL_FIELDS_MOD:DEALLOCATE_SPEC@1
  588     0.00     1542.163        0.004        0.004             37        0.10        0.10    CPXFU_PARALLEL:2:GET_DATA@1
  589     0.00     1542.167        0.004        0.581             37        0.10       15.69    MF_PHYS_MOCON_PARALLEL:PPWETPOINT@1
  590     0.00     1542.171        0.004        6.459            148        0.03       43.64    GPRCP_EXPL_PARALLEL@1
  591     0.00     1542.174        0.004       10.854             37        0.10      293.35    APL_ARPEGE_PARALLEL:QNGCOR@1
  592     0.00     1542.178        0.004        0.004             49        0.07        0.08   *GPRCP_PGFL@9
  593     0.00     1542.178        0.004        0.004             49        0.07        0.08    GPRCP_PGFL@11
  594     0.00     1542.178        0.004        0.004             48        0.08        0.08    GPRCP_PGFL@25
  595     0.00     1542.178        0.004        0.004             48        0.08        0.08    GPRCP_PGFL@28
  596     0.00     1542.178        0.004        0.004             49        0.07        0.07    GPRCP_PGFL@12
  597     0.00     1542.178        0.004        0.004             48        0.08        0.08    GPRCP_PGFL@27
  598     0.00     1542.178        0.004        0.004             49        0.07        0.08    GPRCP_PGFL@17
  599     0.00     1542.178        0.004        0.004             49        0.07        0.07    GPRCP_PGFL@10
  600     0.00     1542.178        0.004        0.004             48        0.07        0.08    GPRCP_PGFL@26
  601     0.00     1542.178        0.004        0.004             49        0.07        0.08    GPRCP_PGFL@18
  602     0.00     1542.182        0.004        1.819             36        0.10       50.52    SCAN2M_TS_DRV@1
  603     0.00     1542.182        0.004        0.004             49        0.07        0.08    GPRCP_PGFL@19
  604     0.00     1542.182        0.004        0.004             49        0.07        0.07    GPRCP_PGFL@22
  605     0.00     1542.182        0.004        0.004             49        0.07        0.07    GPRCP_PGFL@23
  606     0.00     1542.185        0.003        1.224             36        0.10       34.00    TRSTOMNEW@1
  607     0.00     1542.185        0.003        0.004             48        0.07        0.07    GPRCP_PGFL@29
  608     0.00     1542.185        0.003        0.004             49        0.07        0.07    GPRCP_PGFL@24
  609     0.00     1542.185        0.003        0.004             49        0.07        0.08    GPRCP_PGFL@20
  610     0.00     1542.185        0.003        0.004             49        0.07        0.07    GPRCP_PGFL@15
  611     0.00     1542.185        0.003        0.004             49        0.07        0.07    GPRCP_PGFL@21
  612     0.00     1542.185        0.003        0.003             49        0.07        0.07    GPRCP_PGFL@13
  613     0.00     1542.189        0.003        0.003             37        0.09        0.09    CPG_PARALLEL:LSMTSOL:COMPUTE@1
  614     0.00     1542.189        0.003        0.003             49        0.07        0.07    GPRCP_PGFL@5
  615     0.00     1542.189        0.003        0.003             49        0.07        0.07    GPRCP_PGFL@8
  616     0.00     1542.189        0.003        0.003             49        0.07        0.07    GPRCP_PGFL@16
  617     0.00     1542.189        0.003        0.004             48        0.07        0.07    GPRCP_PGFL@30
  618     0.00     1542.189        0.003        0.003             49        0.07        0.07    GPRCP_PGFL@6
  619     0.00     1542.189        0.003        0.003             49        0.07        0.07    GPRCP_PGFL@7
  620     0.00     1542.192        0.003        0.003             11        0.30        0.30    GRIB_API:IGRIB_SET_INT@1
  621     0.00     1542.192        0.003        0.003             48        0.07        0.07    GPRCP_PGFL@31
  622     0.00     1542.195        0.003        1.951            666        0.00        2.93    CPUTQY0_PARALLEL@1
  623     0.00     1542.195        0.003        0.003             49        0.07        0.07    GPRCP_PGFL@14
  624     0.00     1542.198        0.003       55.340             37        0.09     1495.68    APL_ARPEGE_SHALLOW_CONVECTION_AND_TURBULENCE_PARALLEL:ACTKE@1
  625     0.00     1542.198        0.003        0.003             49        0.07        0.07    GPRCP_PGFL@4
  626     0.00     1542.202        0.003        3.958             37        0.09      106.98    LARCINB_PARALLEL:LAITRE_GMV@1
  627     0.00     1542.205        0.003        0.358             37        0.09        9.68    CPG_GP_HYD_PARALLEL:3@1
  628     0.00     1542.205        0.003        0.003             48        0.07        0.07    GPRCP_PGFL@32
  629     0.00     1542.208        0.003        0.003             14        0.23        0.23    GRIB_API:IGRIB_GET_INT8@1
  630     0.00     1542.211        0.003        1.214             36        0.09       33.72    TRMTOSNEW@1
  631     0.00     1542.211        0.003        0.003             49        0.07        0.07    GPRCP_PGFL@3
  632     0.00     1542.215        0.003     1127.054             37        0.09    30460.92    APL_ARPEGE_PARALLEL@1
  633     0.00     1542.215        0.003        0.003             49        0.07        0.07    GPRCP_PGFL@2
  634     0.00     1542.218        0.003        3.207             37        0.08       86.67    MF_PHYS_PREP_PARALLEL:PREP@1
  635     0.00     1542.221        0.003        0.226             37        0.08        6.11    MF_PHYS_FPL_PART2_PARALLEL:PART2@1
  636     0.00     1542.224        0.003        0.003            686        0.00        0.00    radiation_single_level:deallocate_single_level_GPU@1
  637     0.00     1542.224        0.003        0.003             49        0.06        0.06    GPRCP_PGFL@1
  638     0.00     1542.227        0.003        0.063             37        0.08        1.70    LAVABO_PARALLEL:0@1
  639     0.00     1542.230        0.003        1.291             37        0.08       34.89    LAPINEB_PARALLEL:NVLAG3@1
  640     0.00     1542.233        0.003        0.215             37        0.08        5.81    MF_PHYS_FPL_PART1_PARALLEL:PART1@1
  641     0.00     1542.235        0.003        3.005             37        0.08       81.21    LATTES_PARALLEL:0@1
  642     0.00     1542.238        0.003        0.166             37        0.08        4.48    CPUTQY_APLPAR_EXPL_PARALLEL:ZTDCP@1
  643     0.00     1542.241        0.003        0.007              3        0.94        2.30    FAITOU_MT@1
  644     0.00     1542.244        0.003        0.007              1        2.82        7.27    SLCSET@1
  645     0.00     1542.247        0.003        0.265             37        0.08        7.17    APL_ARPEGE_ALBEDO_COMPUTATION_PARALLEL:0@1
  646     0.00     1542.249        0.003        4.748             37        0.08      128.31    LAVENT_PARALLEL:0@1
  647     0.00     1542.252        0.003        0.003            134        0.02        0.02    SUHES@1
  648     0.00     1542.255        0.003        1.332             37        0.08       36.00    LARCINB_PARALLEL:NTLAG_3@1
  649     0.00     1542.258        0.003        0.005              3        0.93        1.73    FIELD_DEFINITIONS:MAIN_FIELD_SET_METADATA@1
  650     0.00     1542.261        0.003        0.003              5        0.55        0.55    FIELD_CONTAINER_GP_MOD:FIELD_DESTROY@1
  651     0.00     1542.263        0.003        0.012             37        0.07        0.34    MF_PHYS_TRANSFER_PARALLEL:ALL@1
  652     0.00     1542.266        0.003       22.679             37        0.07      612.95    LARCINB_PARALLEL:LRHS_CURV_F@1
  653     0.00     1542.269        0.003        2.279             37        0.07       61.59    LARCINB_PARALLEL:LCOMAD_SP@1
  654     0.00     1542.271        0.003        0.123             37        0.07        3.32    LACDYN_PARALLEL:ZMIXNL@1
  655     0.00     1542.274        0.003       13.335             37        0.07      360.39    LATTEX_PARALLEL:MAIN@1
  656     0.00     1542.277        0.003        0.003             37        0.07        0.07    CPXFU_PARALLEL:0:GET_DATA@1
  657     0.00     1542.279        0.003        0.003             37        0.07        0.07    MF_PHYS_INIT_PARALLEL:ZERO:GET_DATA@1
  658     0.00     1542.282        0.003        9.995             37        0.07      270.13    LAPINEB_PARALLEL:LARCHE@1
  659     0.00     1542.284        0.003        0.003            343        0.01        0.01    radiation_single_level:allocate_single_level_GPU@1
  660     0.00     1542.287        0.003        0.259             37        0.07        7.01    LASSIE_PARALLEL:GPRCP@1
  661     0.00     1542.289        0.003        0.465             37        0.07       12.58    LAPINEB_PARALLEL:TEMP_EQ@1
  662     0.00     1542.292        0.003        0.486             37        0.07       13.14    LAPINEB_PARALLEL:L_RDRY_VD@1
  663     0.00     1542.295        0.003        0.796             37        0.07       21.52    LAPINEB_PARALLEL:ROTUV@1
  664     0.00     1542.297        0.003        3.424             37        0.07       92.54    APL_ARPEGE_DEEP_CONVECTION_PARALLEL:COPY@1
  665     0.00     1542.299        0.002        1.747             37        0.07       47.22    LAPINEB_PARALLEL:LACONE@1
  666     0.00     1542.302        0.002        0.368             37        0.07        9.95    LAPINEB_PARALLEL:ZVWEI@1
  667     0.00     1542.304        0.002        8.178             37        0.07      221.02    APL_ARPEGE_SURFACE_PARALLEL:LMSE_F@1
  668     0.00     1542.307        0.002        0.003            343        0.01        0.01    CLOUD_OVERLAP_DECORR_LEN_GPU@1
  669     0.00     1542.309        0.002        2.253             74        0.03       30.45    GPMPFC_EXPL_PARALLEL:1@1
  670     0.00     1542.312        0.002        0.002              3        0.80        0.80    "lfiouv_alts_ext:read"@1:lfi_alts.c
  671     0.00     1542.314        0.002        0.345             37        0.06        9.34    GPRCP_EXPL_PARALLEL:5@1
  672     0.00     1542.316        0.002        1.733             37        0.06       46.83    APL_ARPEGE_PARALLEL:CPPHINP@1
  673     0.00     1542.319        0.002       20.370             37        0.06      550.53    ACVPPKF_PARALLEL:PART3@1
  674     0.00     1542.321        0.002        2.592             37        0.06       70.04    CPUTQY_APLPAR_EXPL_PARALLEL:ZDEC@1
  675     0.00     1542.323        0.002        0.002             36        0.06        0.07    CPCFU_PARALLEL:0:GET_DATA@1
  676     0.00     1542.326        0.002        0.002              1        2.32        2.32    SUVSLETA@1
  677     0.00     1542.328        0.002        0.002              1        2.31        2.31    radiation_pdf_sampler:setup_pdf_sampler_GPU@1
  678     0.00     1542.330        0.002        3.187             37        0.06       86.14    APL_ARPEGE_SURFACE_PARALLEL:ACDIFV2@1
  679     0.00     1542.333        0.002        0.090             37        0.06        2.44    CPG_PARALLEL:ISETTLOFF@1
  680     0.00     1542.335        0.002        0.002             75        0.03        0.03    SCAN2M_ALLOCATE_VARIABLES@1
  681     0.00     1542.337        0.002       32.180             37        0.06      869.74    CPG_GP_HYD_PARALLEL:2@1
  682     0.00     1542.339        0.002        0.462             37        0.06       12.48    CPUTQY_APLPAR_EXPL_PARALLEL:PFDIS@1
  683     0.00     1542.342        0.002        1.476             37        0.06       39.90    APL_ARPEGE_PARALLEL:ZDE2MR@1
  684     0.00     1542.344        0.002        0.147             37        0.06        3.98    CPG_GP_PARALLEL:GP_SPV@1
  685     0.00     1542.346        0.002        0.002             36        0.06        0.06    SPCSINEW_PAR_datain1@1
  686     0.00     1542.348        0.002        1.274             37        0.06       34.42    CPGLAG_PARALLEL:0@1
  687     0.00     1542.350        0.002        0.607             37        0.06       16.40    APL_ARPEGE_PARALLEL:ACSOL@1
  688     0.00     1542.353        0.002        1.678             37        0.06       45.36    CPG_GP_PARALLEL:GPINISLB_PART1_EXPL@1
  689     0.00     1542.355        0.002        0.036             37        0.06        0.96    CPG_GP_PARALLEL:SET1TO0@1
  690     0.00     1542.357        0.002        0.003              1        2.14        2.53    SUMP@1
  691     0.00     1542.359        0.002        0.083             30        0.07        2.76    APL_ARPEGE_RADIATION_PARALLEL:CALLRAD_F@1
  692     0.00     1542.361        0.002        0.062             37        0.06        1.66    CPG_DIA_FLU_PARALLEL:1@1
  693     0.00     1542.363        0.002        0.418             37        0.06       11.28    CPG_GP_PARALLEL:GPINISLB_PART3_EXPL@1
  694     0.00     1542.365        0.002        2.150             37        0.06       58.11    APL_ARPEGE_PARALLEL:DIFTQ@1
  695     0.00     1542.367        0.002        0.002             36        0.06        0.06    CPCFU_PARALLEL:2:GET_DATA@1
  696     0.00     1542.370        0.002        0.002              8        0.26        0.26    UPD_GHGCLIM@1
  697     0.00     1542.372        0.002        6.283             37        0.06      169.80    APL_ARPEGE_INIT_PARALLEL:4@1
  698     0.00     1542.374        0.002        0.002             37        0.06        0.06    CPXFU_PARALLEL:3:GET_DATA@1
  699     0.00     1542.376        0.002        4.389             37        0.05      118.63    APL_ARPEGE_PARALLEL:ZBAY_QRCONV@1
  700     0.00     1542.378        0.002       52.198             37        0.05     1410.77    LARMES_PARALLEL:LARMES@1
  701     0.00     1542.380        0.002        0.024             36        0.06        0.65    CPG_END_SFC_PARALLEL:SET0TO1@1
  702     0.00     1542.382        0.002       45.802             37        0.05     1237.89    APL_ARPEGE_PRECIPITATION_PARALLEL:ACUPTQ@1
  703     0.00     1542.384        0.002        3.020             37        0.05       81.61    APL_ARPEGE_DEEP_CONVECTION_PARALLEL:INIT@1
  704     0.00     1542.386        0.002        7.498             37        0.05      202.66    CPG_GP_HYD_PARALLEL:1@1
  705     0.00     1542.388        0.002        1.934             37        0.05       52.27    APL_ARPEGE_RADIATION_PARALLEL:ACDAYD@1
  706     0.00     1542.390        0.002        1.653             37        0.05       44.68    APL_ARPEGE_OCEANIC_FLUXES_PARALLEL:ACFLUSO@1
  707     0.00     1542.391        0.002        0.409             37        0.05       11.05    CPGLAG_PARALLEL:STR@1
  708     0.00     1542.393        0.002        0.019             37        0.05        0.51    CPG_DIA_FLU_PARALLEL:3@1
  709     0.00     1542.395        0.002        0.914            333        0.01        2.75    ACCTND0_PARALLEL@1
  710     0.00     1542.397        0.002        1.210             37        0.05       32.71    APL_ARPEGE_PARALLEL:ACVISIH@1
  711     0.00     1542.399        0.002        0.002             36        0.05        0.05    CPCFU_PARALLEL:1:GET_DATA@1
  712     0.00     1542.401        0.002        0.132              1        1.90      132.10    SPECRT@1
  713     0.00     1542.403        0.002        0.002              1        1.88        1.88    radiation_cloud_optics_data:setup_cloud_optics_data_GPU@1
  714     0.00     1542.405        0.002        0.802             37        0.05       21.66    APL_ARPEGE_PARALLEL:ZRDG_LCVQ@1
  715     0.00     1542.407        0.002        0.052             37        0.05        1.41    APL_ARPEGE_PARALLEL:PLSM@1
  716     0.00     1542.409        0.002        0.095             37        0.05        2.56    APL_ARPEGE_RADIATION_PARALLEL:LMSE_F@1
  717     0.00     1542.410        0.002        0.005              1        1.82        4.66    SUARG@1
  718     0.00     1542.412        0.002        0.113             37        0.05        3.05    APL_ARPEGE_PARALLEL:PRECIPS@1
  719     0.00     1542.414        0.002        0.002              1        1.82        1.82    SUGEM2_YRCSGEOM@1
  720     0.00     1542.416        0.002        0.765             37        0.05       20.68    APL_ARPEGE_PARALLEL:ACEVADCAPE@1
  721     0.00     1542.418        0.002        0.275             37        0.05        7.44    CTVTOT_EXPL_PARALLEL:0@1
  722     0.00     1542.419        0.002        0.609             37        0.05       16.47    APL_ARPEGE_HYDRO_BUDGET_PARALLEL:ACDROV@1
  723     0.00     1542.421        0.002        1.140              1        1.78     1140.40    SUINIF@1
  724     0.00     1542.423        0.002        0.101             37        0.05        2.72    APL_ARPEGE_PARALLEL:BAYRAD@1
  725     0.00     1542.425        0.002        0.002              1        1.76        1.76    RRTM_KGB1@1
  726     0.00     1542.426        0.002        2.536             37        0.05       68.54    APL_ARPEGE_INIT_PARALLEL:5@1
  727     0.00     1542.428        0.002        0.002            343        0.01        0.01    radiation_cloud:deallocate_cloud_arrays_GPU@1
  728     0.00     1542.430        0.002        0.496             37        0.05       13.40    GPTF1_YDVARS_PARALLEL:LTWOTL@1
  729     0.00     1542.432        0.002        0.002              1        1.74        2.09    YOEAERC:SUECAEC@1
  730     0.00     1542.433        0.002        0.002             37        0.05        0.05    LATTEX_PARALLEL:MAIN:GET_DATA@1
  731     0.00     1542.435        0.002       54.358             37        0.05     1469.15    APL_ARPEGE_DEEP_CONVECTION_PARALLEL:CUCALLN_MF@1
  732     0.00     1542.437        0.002        0.002             37        0.05        0.05    APL_ARPEGE_PARALLEL:PRECIPS:GET_DATA@1
  733     0.00     1542.439        0.002        0.924             37        0.05       24.96    APL_ARPEGE_PARALLEL:PPWETPOINT@1
  734     0.00     1542.440        0.002        0.105             37        0.05        2.83    APL_ARPEGE_PARALLEL:FRSOPT@1
  735     0.00     1542.442        0.002        0.002            235        0.01        0.01    SPNORMAVE@1
  736     0.00     1542.444        0.002     1259.246             37        0.05    34033.67    CPG_PARALLEL@1
  737     0.00     1542.445        0.002       11.181             37        0.05      302.19    LASSIE_PARALLEL:SITNU@1
  738     0.00     1542.447        0.002       30.303             37        0.05      818.99    ACVPPKF_PARALLEL:PART1@1
  739     0.00     1542.449        0.002        2.114             37        0.05       57.13    APL_ARPEGE_PARALLEL:APLPAR_INIT@1
  740     0.00     1542.450        0.002        0.002              1        1.66        1.80    SUHDF@1
  741     0.00     1542.452        0.002        0.203             37        0.04        5.49    CPXFU_PARALLEL:3@1
  742     0.00     1542.454        0.002        0.021              1        1.65       20.62    IFS_INIT@1
  743     0.00     1542.455        0.002       18.636             37        0.04      503.67    APL_ARPEGE_INIT_PARALLEL:3@1
  744     0.00     1542.457        0.002        0.621             37        0.04       16.78    APL_WIND_GUST_PARALLEL:ACCLDIA@1
  745     0.00     1542.459        0.002       29.834             37        0.04      806.33    APL_ARPEGE_ATMOSPHERE_UPDATE_PARALLEL:CPTEND_NEW@1
  746     0.00     1542.460        0.002        3.813             37        0.04      103.05    APL_ARPEGE_PARALLEL:ACDRME@1
  747     0.00     1542.462        0.002        0.179             36        0.04        4.97    CPCFU_PARALLEL:2@1
  748     0.00     1542.463        0.002        3.227             37        0.04       87.21    APL_ARPEGE_DEEP_CONVECTION_PARALLEL:ZERO@1
  749     0.00     1542.465        0.002        0.115             37        0.04        3.11    APL_ARPEGE_INIT_PARALLEL:6@1
  750     0.00     1542.467        0.002        0.192             37        0.04        5.19    CPGLAG_PARALLEL:1@1
  751     0.00     1542.468        0.002        0.002            222        0.01        0.01    LARCINB_PARALLEL:RRINTOPT:GET_DATA@1
  752     0.00     1542.470        0.002        0.002             37        0.04        0.04    CPG_GP_HYD_PARALLEL:2:GET_DATA@1
  753     0.00     1542.471        0.002        1.605             37        0.04       43.37    APL_ARPEGE_DEEP_CONVECTION_PARALLEL:ACUPTQ@1
  754     0.00     1542.473        0.002        0.002             37        0.04        0.06    LAVABO_PARALLEL:1@1
  755     0.00     1542.474        0.001        0.002           3204        0.00        0.00    FIELD_DEFINITIONS_BASE:SET_FVAR@1
  756     0.00     1542.476        0.001        1.368             37        0.04       36.97    LARCINB_PARALLEL:NVLAG_3@1
  757     0.00     1542.477        0.001        0.002              1        1.46        1.91    SUMCUF@1
  758     0.00     1542.479        0.001       17.297             37        0.04      467.48    ACVPPKF_PARALLEL:PART0@1
  759     0.00     1542.480        0.001        9.841             37        0.04      265.99    APL_ARPEGE_PARALLEL:ACCLPH@1
  760     0.00     1542.481        0.001        1.027             37        0.04       27.77    CPG_PARALLEL:ZEROPB2@1
  761     0.00     1542.483        0.001       80.145             37        0.04     2166.07    LAPINEB_PARALLEL@1
  762     0.00     1542.484        0.001        0.001              1        1.44        1.44    SUHSLMER@1
  763     0.00     1542.486        0.001        0.030             37        0.04        0.81    LAVABO_PARALLEL:2@1
  764     0.00     1542.487        0.001        0.001              1        1.44        1.44    radiation_aerosol_optics_data:setup_aerosol_optics_data_GPU@1
  765     0.00     1542.489        0.001        0.002            343        0.00        0.00    radiation_cloud:allocate_cloud_arrays_GPU@1
  766     0.00     1542.490        0.001        0.005             37        0.04        0.14    CPG_PARALLEL:LSMTSOL@1
  767     0.00     1542.491        0.001        6.090             37        0.04      164.60    CPUTQY_APLPAR_EXPL_PARALLEL@1
  768     0.00     1542.493        0.001        0.001             37        0.04        0.04    APL_ARPEGE_ATMOSPHERE_UPDATE_PARALLEL:CPTEND_NEW:GET_DATA@1
  769     0.00     1542.494        0.001        0.266             36        0.04        7.39    SPCSIDG_PART2ACC@1
  770     0.00     1542.495        0.001        0.106             37        0.04        2.86    CPXFU_PARALLEL:0@1
  771     0.00     1542.497        0.001        0.001              1        1.34        1.34    SURFACE_FIELDS_MIX:ALLO_SURF@1
  772     0.00     1542.498        0.001        0.102             37        0.04        2.75    LACDYN_PARALLEL:LASURE@1
  773     0.00     1542.499        0.001        2.523             37        0.04       68.19    CPG_PARALLEL:ZEROSL1@1
  774     0.00     1542.501        0.001        0.007              2        0.65        3.37    OPENFA@1
  775     0.00     1542.502        0.001       58.338             37        0.04     1576.69    LARCINB_PARALLEL@1
  776     0.00     1542.503        0.001        0.129             37        0.03        3.49    CPG_GP_PARALLEL:GPTF2_EXPL_2TL@1
  777     0.00     1542.505        0.001        0.001             37        0.03        0.04    APL_ARPEGE_PARALLEL:ACDRAG:GET_DATA@1
  778     0.00     1542.506        0.001        0.001              1        1.28        1.28    SUMPOUT@1
  779     0.00     1542.507        0.001        0.001             37        0.03        0.03    APL_ARPEGE_INIT_PARALLEL:3:GET_DATA@1
  780     0.00     1542.508        0.001        0.001             37        0.03        0.03    CPG_GP_PARALLEL:MAP_FACTOR:GET_DATA@1
  781     0.00     1542.510        0.001        0.001             36        0.03        0.04    CPCFU_PARALLEL:3:GET_DATA@1
  782     0.00     1542.511        0.001        2.984             37        0.03       80.66    CPG_DIA_FLU_PARALLEL:0@1
  783     0.00     1542.512        0.001        0.101             37        0.03        2.72    GPMPFC_EXPL_PARALLEL:0@1
  784     0.00     1542.513        0.001        5.122             37        0.03      138.43    CPG_PARALLEL:SHUFFLESL1@1
  785     0.00     1542.515        0.001        0.001            343        0.00        0.00    radiation_gas:deallocate_gas_GPU@1
  786     0.00     1542.516        0.001        0.654             37        0.03       17.68    CPXFU_PARALLEL:4@1
  787     0.00     1542.517        0.001        0.446              1        1.22      445.51    SUGEOMETRY@1
  788     0.00     1542.518        0.001        0.001            222        0.01        0.01    LARCINB_PARALLEL:LAITRE_GFL:GET_DATA@1
  789     0.00     1542.519        0.001        0.004              3        0.39        1.30    "lfiouv_alts_ext"@1:lfi_alts.c
  790     0.00     1542.521        0.001        0.001             37        0.03        0.03    APL_ARPEGE_PARALLEL:ACSOL:GET_DATA@1
  791     0.00     1542.522        0.001        0.001              4        0.29        0.29    GRIB_API:IGRIB_SET_REAL8_ARRAY@1
  792     0.00     1542.523        0.001        0.101             37        0.03        2.72    CPXFU_PARALLEL:1@1
  793     0.00     1542.524        0.001        0.001             37        0.03        0.03    ACVPPKF_PARALLEL:PART0:GET_DATA@1
  794     0.00     1542.525        0.001       16.313             37        0.03      440.88    APL_ARPEGE_CLOUDINESS_PARALLEL:ACNEBCOND@1
  795     0.00     1542.526        0.001       12.776             36        0.03      354.90    SPCMNEW_PAR_horsmem@1
  796     0.00     1542.527        0.001        0.534             74        0.01        7.22    GPMPFC_EXPL_PART2_PARALLEL@1
  797     0.00     1542.529        0.001        1.335             37        0.03       36.08    CPG_DIA_FLU_PARALLEL:2@1
  798     0.00     1542.530        0.001        0.037              1        1.09       37.18    SUOROG@1
  799     0.00     1542.531        0.001        0.001             37        0.03        0.03    APL_ARPEGE_DEEP_CONVECTION_PARALLEL:CUCALLN_MF:GET_DATA@1
  800     0.00     1542.532        0.001        0.107             37        0.03        2.90    CPG_GP_PARALLEL:MAP_FACTOR@1
  801     0.00     1542.533        0.001        0.028             37        0.03        0.76    CPG_GP_PARALLEL:SETZERO@1
  802     0.00     1542.534        0.001        3.612             37        0.03       97.63    CPG_GP_HYD_PARALLEL:0@1
  803     0.00     1542.535        0.001        0.532             37        0.03       14.38    CPXFU_PARALLEL:2@1
  804     0.00     1542.536        0.001        0.001              2        0.52        0.52    YOE_SPECTRAL_PLANCK:INIT@1
  805     0.00     1542.537        0.001        0.001              3        0.35        0.35    GRIB_API:IGRIB_CLONE@1
  806     0.00     1542.538        0.001        0.001             37        0.03        0.03    LAVENT_PARALLEL:0:GET_DATA@1
  807     0.00     1542.539        0.001        1.491             37        0.03       40.30    APL_ARPEGE_RADIATION_PARALLEL:RADHEAT@1
  808     0.00     1542.540        0.001        1.472             37        0.03       39.78    GPINISLB_PART2_EXPL_PARALLEL@1
  809     0.00     1542.541        0.001        0.001             37        0.03        0.03    APL_ARPEGE_PARALLEL:APLPAR_INIT:GET_DATA@1
  810     0.00     1542.542        0.001       15.928             37        0.03      430.48    APL_ARPEGE_SURFACE_PARALLEL:ACDIFV1@1
  811     0.00     1542.543        0.001        0.001             37        0.03        0.03    APL_ARPEGE_SURFACE_PARALLEL:LMSE_F:GET_DATA@1
  812     0.00     1542.544        0.001        0.001              1        0.97        1.21    SUVERTFE3D@1
  813     0.00     1542.545        0.001        0.083             36        0.03        2.31    CPCFU_PARALLEL:3@1
  814     0.00     1542.546        0.001       51.869             37        0.03     1401.87    CPG_GP_PARALLEL@1
  815     0.00     1542.547        0.001        0.001            555        0.00        0.00    GPRCP_EXPL_PARALLEL:1:NULLIFY@1
  816     0.00     1542.548        0.001        0.063             37        0.03        1.69    CPG_DIA_FLU_PARALLEL:4@1
  817     0.00     1542.549        0.001        0.001            222        0.00        0.00    LAPINEB_PARALLEL:ZERO_GMV9:GET_DATA@1
  818     0.00     1542.550        0.001        0.001             37        0.03        0.03    APL_ARPEGE_INIT_PARALLEL:1:GET_DATA@1
  819     0.00     1542.551        0.001     1542.397              1        0.94  1542397.28    CNT0@1
  820     0.00     1542.552        0.001        0.105             36        0.03        2.91    CPCFU_PARALLEL:0@1
  821     0.00     1542.553        0.001        0.001              1        0.92        0.93    MF_PHYS_SAVE_PHSURF_PART1_PARALLEL:PART1:GET_DATA@1
  822     0.00     1542.554        0.001     1155.047             37        0.02    31217.49    MF_PHYS_PARALLEL@1
  823     0.00     1542.555        0.001        0.247             37        0.02        6.67    APL_ARPEGE_SOIL_HYDRO_PARALLEL:ACVEG@1
  824     0.00     1542.555        0.001        1.181             37        0.02       31.91    LATTEX_EXPL_2TL_PARALLEL@1
  825     0.00     1542.556        0.001        0.102             37        0.02        2.75    APL_ARPEGE_PARALLEL:ZDPHIV@1
  826     0.00     1542.557        0.001        0.001            333        0.00        0.00    CPUTQY0_PARALLEL:PVAR:GET_DATA@1
  827     0.00     1542.558        0.001        0.001             37        0.02        0.02    APL_ARPEGE_PARALLEL:CPPHINP:GET_DATA@1
  828     0.00     1542.559        0.001        1.375             37        0.02       37.17    APL_ARPEGE_SURFACE_UPDATE_PARALLEL:LMSE_F@1
  829     0.00     1542.560        0.001        0.315             36        0.02        8.76    CPCFU_PARALLEL:1@1
  830     0.00     1542.561        0.001        0.001           2163        0.00        0.00    GFL_SUBS_MOD:FALSIFY_GFL_COMP@1
  831     0.00     1542.562        0.001        0.097             36        0.02        2.70    APL_ARPEGE_RADIATION_PARALLEL:SUNSHINE@1
  832     0.00     1542.562        0.001        0.001             36        0.02        0.02    SPCSINEW_PAR_dataout2@1
  833     0.00     1542.563        0.001        0.012             38        0.02        0.31    UPDTIM@1
  834     0.00     1542.564        0.001        0.001            343        0.00        0.00    radiation_thermodynamics:deallocate_thermodynamics_arrays_GPU@1
  835     0.00     1542.565        0.001        0.002              1        0.81        2.35    SUGFL2@1
  836     0.00     1542.566        0.001        0.006             36        0.02        0.18    CPCFU_PARALLEL:5@1
  837     0.00     1542.566        0.001        0.424             43        0.02        9.86    FADECI_MT@1
  838     0.00     1542.567        0.001        0.001             37        0.02        0.02    APL_ARPEGE_SURFACE_PARALLEL:ACDIFV2:GET_DATA@1
  839     0.00     1542.568        0.001        0.001             37        0.02        0.02    ACVPPKF_PARALLEL:PART1:GET_DATA@1
  840     0.00     1542.569        0.001        0.001             37        0.02        0.02    APL_ARPEGE_SHALLOW_CONVECTION_AND_TURBULENCE_PARALLEL:ACTKE:GET_DATA@1
  841     0.00     1542.570        0.001        1.815             36        0.02       50.42    SCAN2M_TS_PARALLEL@1
  842     0.00     1542.570        0.001       35.318             37        0.02      954.54    LACDYN_PARALLEL@1
  843     0.00     1542.571        0.001        0.001            343        0.00        0.00    radiation_aerosol:deallocate_aerosol_arrays_GPU@1
  844     0.00     1542.572        0.001        0.001             37        0.02        0.02    APL_ARPEGE_INIT_PARALLEL:5:GET_DATA@1
  845     0.00     1542.573        0.001        0.001             37        0.02        0.02    LAVABO_PARALLEL:1:COMPUTE@1
  846     0.00     1542.574        0.001        0.001            222        0.00        0.00    LATTEX_EXPL_2TL_PARALLEL:3:GET_DATA@1
  847     0.00     1542.574        0.001        1.214             37        0.02       32.80    APL_ARPEGE_INIT_PARALLEL:2@1
  848     0.00     1542.575        0.001        0.001              1        0.75        0.75    SUDEFO_GFLATTR@1
  849     0.00     1542.576        0.001        0.001            343        0.00        0.00    radiation_thermodynamics:allocate_thermodynamics_arrays_GPU@1
  850     0.00     1542.577        0.001        0.003              1        0.74        3.20    SUMPINI@1
  851     0.00     1542.577        0.001        0.001             37        0.02        0.02    APL_ARPEGE_SURFACE_UPDATE_PARALLEL:LMSE_F:GET_DATA@1
  852     0.00     1542.578        0.001        0.001              1        0.74        0.74    SULAP@1
  853     0.00     1542.579        0.001        0.001            324        0.00        0.00    SCAN2M_TS_PARALLEL:0:GET_DATA@1
  854     0.00     1542.579        0.001        3.680              7        0.10      525.65    RECMWF_PARALLEL:PREPARE@1
  855     0.00     1542.580        0.001        0.001             37        0.02        0.02    LARCINB_PARALLEL:LRHS_CURV_F:GET_DATA@1
  856     0.00     1542.581        0.001        0.001            309        0.00        0.00    SET2PE@1
  857     0.00     1542.582        0.001        0.001            148        0.00        0.01    GPRCP_EXPL_PARALLEL:0:GET_DATA@1
  858     0.00     1542.582        0.001        0.102             37        0.02        2.75    APL_ARPEGE_RADIATION_PARALLEL:DIRECT@1
  859     0.00     1542.583        0.001        6.756             37        0.02      182.58    CPG_DIA_FLU_PARALLEL@1
  860     0.00     1542.584        0.001       65.650             37        0.02     1774.34    APL_ARPEGE_DEEP_CONVECTION_PARALLEL@1
  861     0.00     1542.584        0.001        0.001              2        0.35        0.35    GRIB_API:IGRIB_GET_CHAR@1
  862     0.00     1542.585        0.001        0.001             37        0.02        0.02    APL_ARPEGE_SOIL_HYDRO_PARALLEL:ACVEG:GET_DATA@1
  863     0.00     1542.586        0.001        0.001              1        0.71        0.79    SUCT0@1
  864     0.00     1542.587        0.001        0.001             36        0.02        0.02    SPCSINEW_PAR_datain2@1
  865     0.00     1542.587        0.001        0.267             36        0.02        7.41    SPCSINEW_PAR_sidg2@1
  866     0.00     1542.588        0.001        0.001            343        0.00        0.00    radiation_gas:allocate_gas_GPU@1
  867     0.00     1542.589        0.001       12.336             37        0.02      333.41    APL_ARPEGE_PARALLEL:ACTQSAT@1
  868     0.00     1542.589        0.001        6.704             37        0.02      181.19    APL_ARPEGE_PARALLEL:ACDRAG@1
  869     0.00     1542.590        0.001        0.001              1        0.68        0.68    MF_PHYS_SAVE_PHSURF_PART1_PARALLEL:PART1:COMPUTE@1
  870     0.00     1542.591        0.001        0.001             74        0.01        0.01    LAPINEB_PARALLEL:ROTUVGEO:GET_DATA@1
  871     0.00     1542.591        0.001        0.001              1        0.66        0.66    SRTM_KGB16@1
  872     0.00     1542.592        0.001        0.196              1        0.65      196.27    SUGRIDF@1
  873     0.00     1542.593        0.001        1.460             37        0.02       39.47    APL_ARPEGE_PARALLEL:ACHMT@1
  874     0.00     1542.593        0.001        3.570             37        0.02       96.49    CPGLAG_PARALLEL@1
  875     0.00     1542.594        0.001        0.507             37        0.02       13.70    APL_ARPEGE_PARALLEL:EDR@1
  876     0.00     1542.595        0.001        0.001             37        0.02        0.02    CPXFU_PARALLEL:4:GET_DATA@1
  877     0.00     1542.595        0.001        0.001            664        0.00        0.00    PE2SET@1
  878     0.00     1542.596        0.001        0.001            324        0.00        0.00    SCAN2M_TS_PARALLEL:0:NULLIFY@1
  879     0.00     1542.596        0.001        0.001             37        0.02        0.02    APL_ARPEGE_DEEP_CONVECTION_PARALLEL:INIT:GET_DATA@1
  880     0.00     1542.597        0.001      154.494             37        0.02     4175.50    APL_ARPEGE_SHALLOW_CONVECTION_AND_TURBULENCE_PARALLEL@1
  881     0.00     1542.598        0.001        0.002              1        0.60        2.21    SU_SURF_FLDS@1
  882     0.00     1542.598        0.001        0.001             37        0.02        0.02    ACVPPKF_PARALLEL:PART3:GET_DATA@1
  883     0.00     1542.599        0.001        0.001              3        0.20        0.20    "lfifer_alts"@1:lfi_alts.c
  884     0.00     1542.599        0.001        0.001            333        0.00        0.00    CPUTQY0_PARALLEL:PVAR:NULLIFY@1
  885     0.00     1542.600        0.001        0.019              7        0.09        2.77    RECMWF_PARALLEL:1@1
  886     0.00     1542.601        0.001        2.892             74        0.01       39.08    GPMPFC_EXPL_PARALLEL@1
  887     0.00     1542.601        0.001        0.127             42        0.01        3.02    DECOGA@1
  888     0.00     1542.602        0.001        0.001              7        0.08        0.09    APL_ARPEGE_AEROSOLS_FOR_RADIATION_PARALLEL:RADAER:GET_DATA@1
  889     0.00     1542.602        0.001        0.001             37        0.02        0.02    APL_ARPEGE_PARALLEL:ACHMT:GET_DATA@1
  890     0.00     1542.603        0.001        0.001            222        0.00        0.00    LAPINEB_PARALLEL:CVGQ:GET_DATA@1
  891     0.00     1542.604        0.001       72.697             37        0.02     1964.77    LAPINEA_PARALLEL@1
  892     0.00     1542.604        0.001        0.010              1        0.59       10.50    SUVERTFE3@1
  893     0.00     1542.605        0.001        0.001              1        0.58        0.58    MF_PHYS_SAVE_PHSURF_PART2_PARALLEL:PART2:COMPUTE@1
  894     0.00     1542.605        0.001       30.312             37        0.02      819.26    APL_ARPEGE_INIT_PARALLEL@1
  895     0.00     1542.606        0.001        0.002              1        0.58        1.81    SUGFL1@1
  896     0.00     1542.606        0.001        0.001              1        0.58        1.18    SUFA@1
  897     0.00     1542.607        0.001        0.020              7        0.08        2.79    RECMWF_PARALLEL:ECRAD_POST@1
  898     0.00     1542.608        0.001        0.008             39        0.01        0.20    SPNORMBE@1
  899     0.00     1542.608        0.001        0.001             37        0.02        0.02    CPG_GP_HYD_PARALLEL:1:GET_DATA@1
  900     0.00     1542.609        0.001       46.419             37        0.02     1254.57    CPG_GP_HYD_PARALLEL@1
  901     0.00     1542.609        0.001        0.018              5        0.11        3.59    GPNORM2@1
  902     0.00     1542.610        0.001        0.058             36        0.02        1.61    SPCSINEW_PAR_mult2@1
  903     0.00     1542.610        0.001        0.001             37        0.01        0.02    CPG_DRV:EXIT@1
  904     0.00     1542.611        0.001        0.001             37        0.01        0.02    LAPINEA_PARALLEL:LARCINA:GET_DATA@1
  905     0.00     1542.612        0.001        0.001              1        0.54        1.06    SUPHY0@1
  906     0.00     1542.612        0.001        0.001              1        0.54        0.54    SUGEM1A@1
  907     0.00     1542.613        0.001        0.691             36        0.01       19.19    CPCFU_PARALLEL@1
  908     0.00     1542.613        0.001       99.148             37        0.01     2679.67    ACVPPKF_PARALLEL@1
  909     0.00     1542.614        0.001        0.001             37        0.01        0.01    LATTES_PARALLEL:0:GET_DATA@1
  910     0.00     1542.614        0.001        0.001              1        0.52        0.52    YOMGSGEOM:DEALLO_TGSGEOM@1
  911     0.00     1542.615        0.001        0.041            100        0.01        0.41    POSNAM@1
  912     0.00     1542.615        0.001      631.076             37        0.01    17056.11    APL_ARPEGE_RADIATION_PARALLEL@1
  913     0.00     1542.616        0.001        0.001             37        0.01        0.01    APL_ARPEGE_RADIATION_PARALLEL:RADHEAT:GET_DATA@1
  914     0.00     1542.616        0.001        0.101             37        0.01        2.73    APL_ARPEGE_INIT_PARALLEL:0@1
  915     0.00     1542.617        0.001       51.337             37        0.01     1387.50    APL_ARPEGE_DPRECIPS_PARALLEL@1
  916     0.00     1542.617        0.001       51.333             37        0.01     1387.37    APL_ARPEGE_DPRECIPS_PARALLEL:0@1
  917     0.00     1542.618        0.001        0.001             37        0.01        0.01    APL_ARPEGE_ALBEDO_COMPUTATION_PARALLEL:0:GET_DATA@1
  918     0.00     1542.618        0.001        0.001             37        0.01        0.01    APL_ARPEGE_INIT_PARALLEL:4:GET_DATA@1
  919     0.00     1542.619        0.001        0.610             37        0.01       16.48    APL_ARPEGE_HYDRO_BUDGET_PARALLEL@1
  920     0.00     1542.619        0.001        0.001             37        0.01        0.01    CPG_DRV:INIT@1
  921     0.00     1542.620        0.000        0.001             37        0.01        0.01    APL_ARPEGE_PRECIPITATION_PARALLEL:ACUPTQ:GET_DATA@1
  922     0.00     1542.620        0.000        0.001            222        0.00        0.00    LATTEX_EXPL_2TL_PARALLEL:3:NULLIFY@1
  923     0.00     1542.621        0.000        0.215             37        0.01        5.82    MF_PHYS_FPL_PART1_PARALLEL@1
  924     0.00     1542.621        0.000        0.000             37        0.01        0.01    APL_ARPEGE_PARALLEL:QNGCOR:GET_DATA@1
  925     0.00     1542.622        0.000        0.000             37        0.01        0.01    MF_PHYS_PARALLEL:MF_PHYS_NEXT_STATE%INIT@1
  926     0.00     1542.622        0.000        0.001            222        0.00        0.00    LAPINEB_PARALLEL:CVGQ:NULLIFY@1
  927     0.00     1542.623        0.000        0.577             43        0.01       13.41    FACIL1_MT@1
  928     0.00     1542.623        0.000        0.001            222        0.00        0.00    LARCINB_PARALLEL:LAITRE_GFL:NULLIFY@1
  929     0.00     1542.624        0.000        0.000             37        0.01        0.01    APL_ARPEGE_PARALLEL:ACCLPH:GET_DATA@1
  930     0.00     1542.624        0.000        0.000             37        0.01        0.01    APL_ARPEGE_SURFACE_PARALLEL:ACDIFV1:GET_DATA@1
  931     0.00     1542.625        0.000       14.521             37        0.01      392.47    LATTEX_PARALLEL@1
  932     0.00     1542.625        0.000        2.431             72        0.01       33.76    EXCHANGE_MS@1
  933     0.00     1542.626        0.000        1.425             37        0.01       38.52    APL_ARPEGE_INIT_PARALLEL:1@1
  934     0.00     1542.626        0.000        0.001            343        0.00        0.00    radiation_aerosol:allocate_aerosol_arrays_GPU@1
  935     0.00     1542.626        0.000        0.000             37        0.01        0.01    CPG_GP_PARALLEL:GPINISLB_PART1_EXPL:GET_DATA@1
  936     0.00     1542.627        0.000        0.000             37        0.01        0.01    APL_ARPEGE_CLOUDINESS_PARALLEL:ACNEBCOND:GET_DATA@1
  937     0.00     1542.627        0.000       27.301             37        0.01      737.85    APL_ARPEGE_SURFACE_PARALLEL@1
  938     0.00     1542.628        0.000        1.655             37        0.01       44.73    APL_ARPEGE_OCEANIC_FLUXES_PARALLEL@1
  939     0.00     1542.628        0.000       12.669             37        0.01      342.40    LASSIE_PARALLEL@1
  940     0.00     1542.629        0.000        0.000             37        0.01        0.01    CPG_GP_PARALLEL:GP_SPV:GET_DATA@1
  941     0.00     1542.629        0.000        0.000            222        0.00        0.00    LAPINEB_PARALLEL:ZERO_GMV9:NULLIFY@1
  942     0.00     1542.629        0.000        0.012              1        0.43       12.21    SUPHMPA@1
  943     0.00     1542.630        0.000        0.000            222        0.00        0.00    GPINISLB_PART2_EXPL_PARALLEL:0:GET_DATA@1
  944     0.00     1542.630        0.000        0.000            185        0.00        0.00    GPRCP_EXPL_PARALLEL:2:GET_DATA@1
  945     0.00     1542.631        0.000      226.520             37        0.01     6122.15    CALL_SL_DRV@1
  946     0.00     1542.631        0.000        1.554             37        0.01       42.01    CTVTOT_EXPL_PARALLEL@1
  947     0.00     1542.632        0.000        0.000             37        0.01        0.01    LAPINEB_PARALLEL:LARCHE:GET_DATA@1
  948     0.00     1542.632        0.000        0.000             37        0.01        0.01    CPG_GP_HYD_PARALLEL:0:GET_DATA@1
  949     0.00     1542.632        0.000        0.000            185        0.00        0.00    ACCTND0_PARALLEL:PACC:GET_DATA@1
  950     0.00     1542.633        0.000        0.000             37        0.01        0.01    APL_ARPEGE_HYDRO_BUDGET_PARALLEL:ACDROV:GET_DATA@1
  951     0.00     1542.633        0.000        0.044              1        0.41       44.46    SUECRAD@1
  952     0.00     1542.634        0.000        0.000             38        0.01        0.01    STEPO_UPDATE_MODEL@1
  953     0.00     1542.634        0.000        0.008              1        0.40        7.70    SUSC2B@1
  954     0.00     1542.634        0.000        0.000             37        0.01        0.01    MF_PHYS_PREP_PARALLEL:PREP:GET_DATA@1
  955     0.00     1542.635        0.000        0.000             37        0.01        0.01    APL_ARPEGE_OCEANIC_FLUXES_PARALLEL:ACFLUSO:GET_DATA@1
  956     0.00     1542.635        0.000        0.000              1        0.40        0.40    HQR2@1
  957     0.00     1542.636        0.000        0.044             37        0.01        1.19    LAVABO_EXPL_LAITVSPCQM_PART1_PARALLEL@1
  958     0.00     1542.636        0.000        0.000            185        0.00        0.00    ACCTND0_PARALLEL:PACC:NULLIFY@1
  959     0.00     1542.636        0.000       45.806             37        0.01     1237.99    APL_ARPEGE_PRECIPITATION_PARALLEL@1
  960     0.00     1542.637        0.000        0.000              1        0.39        0.39    SURFACE_FIELDS_MIX:DEALLO_SURF@1
  961     0.00     1542.637        0.000        0.000            222        0.00        0.00    GPINISLB_PART2_EXPL_PARALLEL:0:NULLIFY@1
  962     0.00     1542.638        0.000        0.044              1        0.39       44.09    SUSI@1
  963     0.00     1542.638        0.000        0.000             37        0.01        0.01    LAPINEB_PARALLEL:NVLAG3:GET_DATA@1
  964     0.00     1542.638        0.000        0.000              1        0.39        0.39    RRTM_KGB3@1
  965     0.00     1542.639        0.000        0.000             37        0.01        0.01    LARCINB_PARALLEL:LAITRE_GMV:GET_DATA@1
  966     0.00     1542.639        0.000        0.000             37        0.01        0.01    LATTEX_EXPL_VSPLTRANS_PARALLEL@1
  967     0.00     1542.640        0.000        0.000             41        0.01        0.01    GRIB_API:IGRIB_SET_INT8@1
  968     0.00     1542.640        0.000        0.000            148        0.00        0.00    GPINISLB_PART2_EXPL_PARALLEL:1:GET_DATA@1
  969     0.00     1542.640        0.000        1.598             37        0.01       43.18    CPXFU_PARALLEL@1
  970     0.00     1542.641        0.000        5.688             37        0.01      153.72    TRANSINV_MDL@1
  971     0.00     1542.641        0.000        0.000            148        0.00        0.00    GPRCP_EXPL_PARALLEL:4:GET_DATA@1
  972     0.00     1542.641        0.000        0.000             37        0.01        0.01    APL_ARPEGE_PARALLEL:PPWETPOINT:GET_DATA@1
  973     0.00     1542.642        0.000        0.104              1        0.38      104.43    SUDYN@1
  974     0.00     1542.642        0.000        0.002              1        0.38        1.87    INI_RAIN_ICE@1
  975     0.00     1542.643        0.000        0.000             37        0.01        0.01    APL_ARPEGE_PARALLEL:ACEVADCAPE:GET_DATA@1
  976     0.00     1542.643        0.000        0.100            234        0.00        0.43    SPNORMBM@1
  977     0.00     1542.643        0.000        0.000              7        0.05        0.05    VERINT@1
  978     0.00     1542.644        0.000       24.782             37        0.01      669.78    MF_PHYS_INIT_PARALLEL@1
  979     0.00     1542.644        0.000        0.000             37        0.01        0.01    APL_ARPEGE_PARALLEL:ACVISIH:GET_DATA@1
  980     0.00     1542.644        0.000        0.000              1        0.36        0.36    RRTM_KGB4@1
  981     0.00     1542.645        0.000        0.000             38        0.01        0.01    UPDMOON@1
  982     0.00     1542.645        0.000        0.001              1        0.35        0.94    SUECAESS@1
  983     0.00     1542.645        0.000        0.001            202        0.00        0.00    SUCLDP:BETAI@1
  984     0.00     1542.646        0.000        0.000              1        0.35        0.35    RRTM_KGB5@1
  985     0.00     1542.646        0.000        0.000             37        0.01        0.01    CPG_DIA_FLU_PARALLEL:1:GET_DATA@1
  986     0.00     1542.646        0.000        0.001              1        0.35        1.05    SUECAESD@1
  987     0.00     1542.647        0.000        0.000              1        0.34        0.35    SRTM_KGB17@1
  988     0.00     1542.647        0.000        0.024             37        0.01        0.65    CPG_END_SFC_PARALLEL@1
  989     0.00     1542.648        0.000        0.581             37        0.01       15.70    MF_PHYS_MOCON_PARALLEL@1
  990     0.00     1542.648        0.000        0.001              1        0.34        1.00    SUECAEOR@1
  991     0.00     1542.648        0.000        0.000             74        0.00        0.00    GPMPFC_EXPL_PARALLEL:1:GET_DATA@1
  992     0.00     1542.649        0.000        0.496             37        0.01       13.41    GPTF1_YDVARS_PARALLEL@1
  993     0.00     1542.649        0.000        0.000              6        0.06        0.06    MINV_8:GEDI@1
  994     0.00     1542.649        0.000        3.009             37        0.01       81.31    LATTES_PARALLEL@1
  995     0.00     1542.650        0.000        0.000            145        0.00        0.00    FANFAR_MT@1
  996     0.00     1542.650        0.000        0.000              2        0.17        0.17    READ_XKER_RACCS@1
  997     0.00     1542.650        0.000        0.000             37        0.01        0.01    LARCINB_PARALLEL:NTLAG_3:GET_DATA@1
  998     0.00     1542.651        0.000       35.932             37        0.01      971.13    APL_ARPEGE_ATMOSPHERE_UPDATE_PARALLEL@1
  999     0.00     1542.651        0.000        4.749             37        0.01      128.35    LAVENT_PARALLEL@1
 1000     0.00     1542.651        0.000        0.005              1        0.33        4.63    SU0PHY@1
 1001     0.00     1542.652        0.000       16.316             37        0.01      440.97    APL_ARPEGE_CLOUDINESS_PARALLEL@1
 1002     0.00     1542.652        0.000        0.605             43        0.01       14.07    FACILO_MT@1
 1003     0.00     1542.652        0.000       52.205             37        0.01     1410.95    LARMES_PARALLEL@1
 1004     0.00     1542.653        0.000        5.688             37        0.01      153.73    TRANSINVH@1
 1005     0.00     1542.653        0.000        0.000              3        0.11        0.11    "lfiouv_alts_ext:read1"@1:lfi_alts.c
 1006     0.00     1542.653        0.000        0.002              2        0.17        0.94    SUFPC@1
 1007     0.00     1542.654        0.000        8.222              7        0.05     1174.52    RECMWF_PARALLEL:FINISH@1
 1008     0.00     1542.654        0.000        0.000            185        0.00        0.00    GPRCP_EXPL_PARALLEL:2:NULLIFY@1
 1009     0.00     1542.654        0.000        0.000              1        0.33        0.33    IOGRID_MOD:INI_INDSEL@1
 1010     0.00     1542.655        0.000        0.001              1        0.33        1.00    SUECAESU@1
 1011     0.00     1542.655        0.000        0.001              1        0.33        0.94    SUSTA@1
 1012     0.00     1542.655        0.000        0.000              1        0.33        0.33    SRTM_KGB28@1
 1013     0.00     1542.656        0.000        0.746              1        0.32      746.36    SUSPEC@1
 1014     0.00     1542.656        0.000        0.000             37        0.01        0.01    APL_ARPEGE_DEEP_CONVECTION_PARALLEL:ZERO:GET_DATA@1
 1015     0.00     1542.656        0.000        0.000              1        0.32        0.32    SRTM_KGB21@1
 1016     0.00     1542.656        0.000        0.000             37        0.01        0.01    CPXFU_PARALLEL:1:GET_DATA@1
 1017     0.00     1542.657        0.000        0.227             37        0.01        6.12    MF_PHYS_FPL_PART2_PARALLEL@1
 1018     0.00     1542.657        0.000        0.001              1        0.32        1.07    SUECAEBC@1
 1019     0.00     1542.657        0.000        1.378             37        0.01       37.26    APL_ARPEGE_SURFACE_UPDATE_PARALLEL@1
 1020     0.00     1542.658        0.000        0.000              1        0.31        0.32    FINAL_STATS@1
 1021     0.00     1542.658        0.000        0.000             37        0.01        0.01    APL_ARPEGE_PARALLEL:ZRDG_LCVQ:GET_DATA@1
 1022     0.00     1542.658        0.000        0.000              1        0.31        0.31    SUALMP2@1
 1023     0.00     1542.659        0.000        0.000             37        0.01        0.01    APL_ARPEGE_PARALLEL:PLSM:GET_DATA@1
 1024     0.00     1542.659        0.000        0.000             37        0.01        0.01    CPUTQY_APLPAR_EXPL_PARALLEL:ZDEC:GET_DATA@1
 1025     0.00     1542.659        0.000        0.019              7        0.04        2.72    RECMWF_PARALLEL:2@1
 1026     0.00     1542.660        0.000        0.000             37        0.01        0.01    GPRCP_EXPL_PARALLEL:5:GET_DATA@1
 1027     0.00     1542.660        0.000        0.000             37        0.01        0.01    APL_ARPEGE_DEEP_CONVECTION_PARALLEL:ACUPTQ:GET_DATA@1
 1028     0.00     1542.660        0.000        3.207             37        0.01       86.68    MF_PHYS_PREP_PARALLEL@1
 1029     0.00     1542.660        0.000        0.000             37        0.01        0.01    APL_ARPEGE_DPRECIPS_PARALLEL:0:GET_DATA@1
 1030     0.00     1542.661        0.000        0.000             37        0.01        0.01    LACDYN_PARALLEL:LASURE:GET_DATA@1
 1031     0.00     1542.661        0.000        0.000             37        0.01        0.01    APL_ARPEGE_PARALLEL:ACDRME:GET_DATA@1
 1032     0.00     1542.661        0.000        0.621             37        0.01       16.79    APL_WIND_GUST_PARALLEL@1
 1033     0.00     1542.662        0.000        0.000            343        0.00        0.00    radiation_flux:calc_toa_spectral_GPU@1
 1034     0.00     1542.662        0.000        0.019              3        0.09        6.24    FIELD_CONTAINER_GP_MOD:FIELD_CREATE@1
 1035     0.00     1542.662        0.000        0.000            148        0.00        0.00    GPRCP_EXPL_PARALLEL:0:NULLIFY@1
 1036     0.00     1542.662        0.000        0.000              1        0.28        0.28    GFL_SUBS_MOD:PRINT_GFL@1
 1037     0.00     1542.663        0.000        0.000             37        0.01        0.01    LARCINB_PARALLEL:LCOMAD_SP:GET_DATA@1
 1038     0.00     1542.663        0.000        0.000             37        0.01        0.01    CPG_GP_PARALLEL:GPINISLB_PART3_EXPL:GET_DATA@1
 1039     0.00     1542.663        0.000        0.000            148        0.00        0.00    GPRCP_EXPL_PARALLEL:4:NULLIFY@1
 1040     0.00     1542.664        0.000       35.318             37        0.01      954.55    CPG_DYN_SLG_PARALLEL@1
 1041     0.00     1542.664        0.000        0.000             37        0.01        0.01    APL_ARPEGE_INIT_SURFEX_PARALLEL@1
 1042     0.00     1542.664        0.000        0.000             37        0.01        0.01    APL_ARPEGE_RADIATION_PARALLEL:LMSE_F:GET_DATA@1
 1043     0.00     1542.664        0.000        7.939             36        0.01      220.52    SPCSI_TOT@1
 1044     0.00     1542.665        0.000        0.000             37        0.01        0.01    CPG_PARALLEL:ISETTLOFF:GET_DATA@1
 1045     0.00     1542.665        0.000        0.000            148        0.00        0.00    GPINISLB_PART2_EXPL_PARALLEL:1:NULLIFY@1
 1046     0.00     1542.665        0.000        0.000             12        0.02        0.02    SURFACE_FIELDS_MIX:FINALISE_SFLP3@1
 1047     0.00     1542.665        0.000        0.000             37        0.01        0.01    APL_ARPEGE_PARALLEL:ACTQSAT:GET_DATA@1
 1048     0.00     1542.666        0.000        0.001              1        0.27        0.62    SUDYNA@1
 1049     0.00     1542.666        0.000        0.000             37        0.01        0.01    LAPINEB_PARALLEL:LACONE:GET_DATA@1
 1050     0.00     1542.666        0.000        0.140             37        0.01        3.77    LAVABO_PARALLEL@1
 1051     0.00     1542.667        0.000        0.000              1        0.26        0.26    SUALDYN_DDH@1
 1052     0.00     1542.667        0.000        0.000              1        0.26        0.26    SPGEOM_MOD:SUGMRE@1
 1053     0.00     1542.667        0.000        0.001              1        0.26        0.83    SUTOPH@1
 1054     0.00     1542.667        0.000        0.000              3        0.09        0.09    FIELD_GFL_WRAPPER:GFL_MAPPING_SETUP@1
 1055     0.00     1542.668        0.000        0.000             37        0.01        0.01    MF_PHYS_PARALLEL:MF_PHYS_BASE_STATE%INIT@1
 1056     0.00     1542.668        0.000        0.000             36        0.01        0.01    APL_ARPEGE_RADIATION_PARALLEL:SUNSHINE:GET_DATA@1
 1057     0.00     1542.668        0.000        0.000             37        0.01        0.01    CPG_PARALLEL:LSMTSOL:GET_DATA@1
 1058     0.00     1542.668        0.000        0.000              1        0.25        0.25    SCAN2M_OOPS:COPY@1
 1059     0.00     1542.669        0.000        0.000             37        0.01        0.01    LARCINB_PARALLEL:NVLAG_3:GET_DATA@1
 1060     0.00     1542.669        0.000        0.000             37        0.01        0.01    CPG_DIA_FLU_PARALLEL:0:GET_DATA@1
 1061     0.00     1542.669        0.000        0.000              1        0.24        0.24    RRTM_KGB9@1
 1062     0.00     1542.669        0.000        0.000             37        0.01        0.01    APL_ARPEGE_DEEP_CONVECTION_PARALLEL:COPY:GET_DATA@1
 1063     0.00     1542.670        0.000        0.000             37        0.01        0.01    APL_ARPEGE_DEEP_CONVECTION_PARALLEL:CUCALLN_MF:NULLIFY@1
 1064     0.00     1542.670        0.000        0.000             37        0.01        0.01    ACVPPKF_PARALLEL:PART2:NULLIFY@1
 1065     0.00     1542.670        0.000        0.000             48        0.01        0.01    MONIO_T@1
 1066     0.00     1542.670        0.000        0.000             37        0.01        0.01    APL_ARPEGE_RADIATION_PARALLEL:ACDAYD:GET_DATA@1
 1067     0.00     1542.671        0.000        0.004             55        0.00        0.07    FANION_MT@1
 1068     0.00     1542.671        0.000        0.000             37        0.01        0.01    MF_PHYS_TRANSFER_PARALLEL:ALL:GET_DATA@1
 1069     0.00     1542.671        0.000        0.000             74        0.00        0.00    GPMPFC_EXPL_PART2_PARALLEL:0:GET_DATA@1
 1070     0.00     1542.671        0.000        0.000             37        0.01        0.01    APL_WIND_GUST_PARALLEL:ACCLDIA:GET_DATA@1
 1071     0.00     1542.671        0.000       12.409             36        0.01      344.69    TRANSDIR_MDL@1
 1072     0.00     1542.672        0.000        0.001              1        0.24        0.99    SUXFU@1
 1073     0.00     1542.672        0.000        0.000             37        0.01        0.01    LAPINEB_PARALLEL:ROTUV:GET_DATA@1
 1074     0.00     1542.672        0.000        0.000             37        0.01        0.01    APL_ARPEGE_PARALLEL:ZDE2MR:GET_DATA@1
 1075     0.00     1542.672        0.000        0.000             41        0.01        0.01    TRMTOL_BAR2@1
 1076     0.00     1542.673        0.000        0.000            594        0.00        0.00    SUCLDP:GAMMLN@1
 1077     0.00     1542.673        0.000        0.000             37        0.01        0.01    CPGLAG_PARALLEL:0:GET_DATA@1
 1078     0.00     1542.673        0.000        0.024             10        0.02        2.38    GPNORM1@1
 1079     0.00     1542.673        0.000        0.000             37        0.01        0.01    MF_PHYS_FPL_PART1_PARALLEL:PART1:GET_DATA@1
 1080     0.00     1542.674        0.000        0.000            144        0.00        0.00    EXCHANGE_MS:ADD3DF@1
 1081     0.00     1542.674        0.000        0.138              1        0.23      138.44    SUGRIDA@1
 1082     0.00     1542.674        0.000      121.761              1        0.22   121760.59    SCAN2M_OOPS@1
 1083     0.00     1542.674        0.000        0.000              1        0.22        0.22    RRTM_KGB7@1
 1084     0.00     1542.674        0.000        0.000             37        0.01        0.01    MF_PHYS_INIT_PARALLEL:ZERO:NULLIFY@1
 1085     0.00     1542.675        0.000        0.000             37        0.01        0.01    LAPINEB_PARALLEL:L_RDRY_VD:GET_DATA@1
 1086     0.00     1542.675        0.000        0.001              1        0.22        0.61    SUGEM_NAML@1
 1087     0.00     1542.675        0.000        0.266             37        0.01        7.20    APL_ARPEGE_ALBEDO_COMPUTATION_PARALLEL@1
 1088     0.00     1542.675        0.000        0.000             37        0.01        0.01    MF_PHYS_MOCON_PARALLEL:PPWETPOINT:GET_DATA@1
 1089     0.00     1542.676        0.000        0.000              1        0.22        0.22    SURCORDI@1
 1090     0.00     1542.676        0.000        0.000             74        0.00        0.00    LAPINEB_PARALLEL:ROTUVGEO:NULLIFY@1
 1091     0.00     1542.676        0.000        0.000             37        0.01        0.01    APL_ARPEGE_CLOUDINESS_PARALLEL:ACNEBCOND:NULLIFY@1
 1092     0.00     1542.676        0.000        0.000             37        0.01        0.01    CPUTQY_APLPAR_EXPL_PARALLEL:PFDIS:GET_DATA@1
 1093     0.00     1542.676        0.000        0.000              1        0.21        0.48    SUNDDH@1
 1094     0.00     1542.677        0.000        0.000             37        0.01        0.01    APL_ARPEGE_PARALLEL:FRSOPT:GET_DATA@1
 1095     0.00     1542.677        0.000        0.000             37        0.01        0.01    APL_ARPEGE_SHALLOW_CONVECTION_AND_TURBULENCE_PARALLEL:ACTKE:NULLIFY@1
 1096     0.00     1542.677        0.000        0.000             37        0.01        0.01    APL_ARPEGE_PARALLEL:ZBAY_QRCONV:GET_DATA@1
 1097     0.00     1542.677        0.000        0.007              1        0.21        7.38    RADIATION_SETUP:SETUP_RADIATION_SCHEME_GPU@1
 1098     0.00     1542.677        0.000        0.012              1        0.21       12.23    SUVERT@1
 1099     0.00     1542.678        0.000        0.002              1        0.21        2.28    YOMVAR:SETUP_VAR@1
 1100     0.00     1542.678        0.000        0.000             37        0.01        0.01    TRLTOM_BAR2@1
 1101     0.00     1542.678        0.000        0.000              1        0.20        0.20    RRTM_KGB16@1
 1102     0.00     1542.678        0.000        0.000            222        0.00        0.00    LAVABO_EXPL_LAITVSPCQM_PART1_PARALLEL:0:GET_DATA@1
 1103     0.00     1542.678        0.000        0.000             37        0.01        0.01    APL_ARPEGE_PARALLEL:DIFTQ:GET_DATA@1
 1104     0.00     1542.679        0.000        0.070            210        0.00        0.33    GSBYTE_MF@1
 1105     0.00     1542.679        0.000        1.462             37        0.01       39.51    CPG_END_MAP_PARALLEL@1
 1106     0.00     1542.679        0.000        0.000            469        0.00        0.00    OFFSET_MF@1
 1107     0.00     1542.679        0.000        0.000             37        0.01        0.01    APL_ARPEGE_ATMOSPHERE_UPDATE_PARALLEL:CPTEND_NEW:NULLIFY@1
 1108     0.00     1542.679        0.000        0.000             37        0.01        0.01    CPUTQY_APLPAR_EXPL_PARALLEL:ZTDCP:GET_DATA@1
 1109     0.00     1542.680        0.000        0.000            240        0.00        0.00    GAMMA_INC@1
 1110     0.00     1542.680        0.000        0.000             37        0.01        0.01    LAPINEB_PARALLEL:ZVWEI:GET_DATA@1
 1111     0.00     1542.680        0.000        0.000              1        0.19        0.29    SUVERT:SUVFE_ADJUST_AB@1
 1112     0.00     1542.680        0.000        0.000             37        0.01        0.01    ACVPPKF_PARALLEL:PART0:NULLIFY@1
 1113     0.00     1542.680        0.000        0.000             37        0.01        0.01    CPG_DIA_FLU_PARALLEL:4:GET_DATA@1
 1114     0.00     1542.681        0.000        0.114            187        0.00        0.61    FASGRA_MT@1
 1115     0.00     1542.681        0.000        0.805              7        0.03      114.93    APL_ARPEGE_AEROSOLS_FOR_RADIATION_PARALLEL:RADAER@1
 1116     0.00     1542.681        0.000        0.000              1        0.19        0.19    RRTM_CMBGB3_GPU@1
 1117     0.00     1542.681        0.000        0.000             37        0.01        0.01    APL_ARPEGE_INIT_PARALLEL:0:GET_DATA@1
 1118     0.00     1542.681        0.000        0.000              1        0.18        0.18    RRTM_KGB15@1
 1119     0.00     1542.681        0.000        0.000              2        0.09        0.09    READ_XKER_SDRYG@1
 1120     0.00     1542.682        0.000        0.000              1        0.18        0.18    SPGEOM_MOD:SUSPGM@1
 1121     0.00     1542.682        0.000        0.000              1        0.18        0.18    SCAN2M_OOPS:WIPE@1
 1122     0.00     1542.682        0.000        0.001              1        0.18        1.24    SUCLDP@1
 1123     0.00     1542.682        0.000        0.117             72        0.00        1.63    MXMAOPDRV@1
 1124     0.00     1542.682        0.000        0.000             36        0.01        0.01    SPCSINEW_PAR_dataout1@1
 1125     0.00     1542.683        0.000        0.000              1        0.18        0.18    SRTM_KGB19@1
 1126     0.00     1542.683        0.000        0.000             37        0.00        0.01    CPG_DIA_FLU_PARALLEL:3:GET_DATA@1
 1127     0.00     1542.683        0.000        0.247             37        0.00        6.68    APL_ARPEGE_SOIL_HYDRO_PARALLEL@1
 1128     0.00     1542.683        0.000        0.000              1        0.18        0.18    RRTM_KGB13@1
 1129     0.00     1542.683        0.000        0.000             37        0.00        0.01    APL_ARPEGE_PRECIPITATION_PARALLEL:ACUPTQ:NULLIFY@1
 1130     0.00     1542.683        0.000        0.000              1        0.18        0.18    SRTM_KGB24@1
 1131     0.00     1542.684        0.000        0.000             74        0.00        0.00    GPMPFC_EXPL_PART2_PARALLEL:0:NULLIFY@1
 1132     0.00     1542.684        0.000        0.000              2        0.09        0.09    READ_XKER_SWETH@1
 1133     0.00     1542.684        0.000       12.409             36        0.00      344.69    TRANSDIRH@1
 1134     0.00     1542.684        0.000        0.000              1        0.18        0.18    SRTM_KGB22@1
 1135     0.00     1542.684        0.000        0.000              1        0.18        0.19    GMV_SUBS_MOD:SETUP_GMV@1
 1136     0.00     1542.685        0.000        0.000            222        0.00        0.00    LARCINB_PARALLEL:RRINTOPT:NULLIFY@1
 1137     0.00     1542.685        0.000        0.000             30        0.01        0.01    DEALLOCATE_IF_ASSOCIATED_MOD:DEALLOCATE_IF_ASSOCIATED_REAL_1D@1
 1138     0.00     1542.685        0.000        0.000              1        0.17        0.17    SRTM_KGB18@1
 1139     0.00     1542.685        0.000        0.000             37        0.00        0.00    LATTEX_PARALLEL:MAIN:NULLIFY@1
 1140     0.00     1542.685        0.000        0.000              7        0.02        0.02    RECMWF_PARALLEL:PREPARE:GET_DATA@1
 1141     0.00     1542.685        0.000        0.000             74        0.00        0.00    GPMPFC_EXPL_PARALLEL:1:NULLIFY@1
 1142     0.00     1542.686        0.000        0.000             37        0.00        0.00    GPMPFC_EXPL_PARALLEL:0:GET_DATA@1
 1143     0.00     1542.686        0.000        0.000             37        0.00        0.00    LARCINB_PARALLEL:LRHS_CURV_F:NULLIFY@1
 1144     0.00     1542.686        0.000        0.000              1        0.17        0.34    SUCFU@1
 1145     0.00     1542.686        0.000        0.000             37        0.00        0.00    LAPINEA_PARALLEL:LARCINA:NULLIFY@1
 1146     0.00     1542.686        0.000        0.000             37        0.00        0.00    APL_ARPEGE_PARALLEL:APLPAR_INIT:NULLIFY@1
 1147     0.00     1542.686        0.000        0.000              1        0.16        0.16    RRTM_CMBGB5_GPU@1
 1148     0.00     1542.687        0.000        0.000             37        0.00        0.00    LASSIE_PARALLEL:SITNU:GET_DATA@1
 1149     0.00     1542.687        0.000        0.117              1        0.16      116.96    RDFA2GP@1
 1150     0.00     1542.687        0.000        0.027              2        0.08       13.34    FACGRM_MT@1
 1151     0.00     1542.687        0.000        0.000            394        0.00        0.00    GAMMA_X0D@1
 1152     0.00     1542.687        0.000        0.000             37        0.00        0.00    APL_ARPEGE_SURFACE_PARALLEL:LMSE_F:NULLIFY@1
 1153     0.00     1542.687        0.000        0.000            407        0.00        0.00    GBYTE_MF@1
 1154     0.00     1542.688        0.000        0.000             37        0.00        0.00    LAPINEB_PARALLEL:LACONE:NULLIFY@1
 1155     0.00     1542.688        0.000        0.001            184        0.00        0.00    IOGRIDA_MOD:ACPY@1
 1156     0.00     1542.688        0.000        0.000             37        0.00        0.00    CPGLAG_PARALLEL:1:GET_DATA@1
 1157     0.00     1542.688        0.000        0.000             37        0.00        0.00    LACDYN_PARALLEL:ZMIXNL:GET_DATA@1
 1158     0.00     1542.688        0.000        0.007              5        0.03        1.32    GPNORM3@1
 1159     0.00     1542.688        0.000        0.000             37        0.00        0.00    LAVABO_PARALLEL:2:GET_DATA@1
 1160     0.00     1542.688        0.000        0.000             37        0.00        0.00    LATTES_PARALLEL:0:NULLIFY@1
 1161     0.00     1542.689        0.000        0.000             37        0.00        0.00    APL_ARPEGE_PARALLEL:ACDRME:NULLIFY@1
 1162     0.00     1542.689        0.000        0.000             37        0.00        0.00    LAPINEB_PARALLEL:LARCHE:NULLIFY@1
 1163     0.00     1542.689        0.000        0.000             36        0.00        0.00    CPCFU_PARALLEL:5:GET_DATA@1
 1164     0.00     1542.689        0.000        0.000             37        0.00        0.00    APL_ARPEGE_SURFACE_UPDATE_PARALLEL:LMSE_F:NULLIFY@1
 1165     0.00     1542.689        0.000        0.000             37        0.00        0.00    APL_ARPEGE_DPRECIPS_PARALLEL:0:NULLIFY@1
 1166     0.00     1542.689        0.000        0.000             37        0.00        0.00    LAVENT_PARALLEL:0:NULLIFY@1
 1167     0.00     1542.689        0.000        0.000             37        0.00        0.00    LAPINEB_PARALLEL:ROTUV:NULLIFY@1
 1168     0.00     1542.690        0.000        0.000             41        0.00        0.00    TRLTOG_BAR@1
 1169     0.00     1542.690        0.000        0.000             37        0.00        0.00    APL_ARPEGE_DEEP_CONVECTION_PARALLEL:ACUPTQ:NULLIFY@1
 1170     0.00     1542.690        0.000        0.000             37        0.00        0.00    APL_ARPEGE_PARALLEL:ACDRAG:NULLIFY@1
 1171     0.00     1542.690        0.000        0.806             37        0.00       21.78    APL_ARPEGE_AEROSOLS_FOR_RADIATION_PARALLEL@1
 1172     0.00     1542.690        0.000        0.000             37        0.00        0.00    APL_ARPEGE_SURFACE_PARALLEL:ACDIFV1:NULLIFY@1
 1173     0.00     1542.690        0.000        0.000            144        0.00        0.00    MYSENDSET@1
 1174     0.00     1542.690        0.000        0.000             22        0.01        0.01    SURFACE_FIELDS_MIX:FINALISE_SFLP2@1
 1175     0.00     1542.691        0.000        0.000             37        0.00        0.00    LAVABO_PARALLEL:0:GET_DATA@1
 1176     0.00     1542.691        0.000        0.005              1        0.14        5.47    RRTM_INIT_140GP_GPU@1
 1177     0.00     1542.691        0.000        0.574              1        0.14      574.01    SU0YOMA@1
 1178     0.00     1542.691        0.000        0.000              1        0.14        0.14    RRTM_CMBGB4_GPU@1
 1179     0.00     1542.691        0.000        0.001              1        0.14        0.65    YOMCST:SETUP_CONSTANTS@1
 1180     0.00     1542.691        0.000        0.000             37        0.00        0.00    CPG_GP_PARALLEL:GPINISLB_PART1_EXPL:NULLIFY@1
 1181     0.00     1542.691        0.000        0.001              1        0.14        0.62    SUNUD@1
 1182     0.00     1542.692        0.000        0.000             37        0.00        0.00    CPG_GP_HYD_PARALLEL:3:GET_DATA@1
 1183     0.00     1542.692        0.000        0.000             37        0.00        0.00    LARCINB_PARALLEL:LAITRE_GMV:NULLIFY@1
 1184     0.00     1542.692        0.000        0.000             37        0.00        0.00    MF_PHYS_FPL_PART2_PARALLEL:PART2:GET_DATA@1
 1185     0.00     1542.692        0.000        0.000             37        0.00        0.00    LARCINB_PARALLEL:LCOMAD_SP:NULLIFY@1
 1186     0.00     1542.692        0.000        0.001              1        0.14        1.22    SUPHY1@1
 1187     0.00     1542.692        0.000        0.000             37        0.00        0.00    CPGLAG_PARALLEL:1:NULLIFY@1
 1188     0.00     1542.692        0.000        0.000             37        0.00        0.00    CPGLAG_PARALLEL:STR:NULLIFY@1
 1189     0.00     1542.693        0.000        0.000            212        0.00        0.00    IOMULTIBUF_MOD:IOMULTIBUF_INCR_IDX@1
 1190     0.00     1542.693        0.000        0.000             37        0.00        0.00    LARCINB_PARALLEL:NTLAG_3:NULLIFY@1
 1191     0.00     1542.693        0.000        0.013             37        0.00        0.34    MF_PHYS_TRANSFER_PARALLEL@1
 1192     0.00     1542.693        0.000        0.000            222        0.00        0.00    LAVABO_EXPL_LAITVSPCQM_PART1_PARALLEL:0:NULLIFY@1
 1193     0.00     1542.693        0.000        0.000             37        0.00        0.00    APL_ARPEGE_PARALLEL:ZBAY_QRCONV:NULLIFY@1
 1194     0.00     1542.693        0.000        0.000             37        0.00        0.00    APL_ARPEGE_DEEP_CONVECTION_PARALLEL:INIT:NULLIFY@1
 1195     0.00     1542.693        0.000        0.000             37        0.00        0.00    CPG_GP_HYD_PARALLEL:0:NULLIFY@1
 1196     0.00     1542.693        0.000        0.000             37        0.00        0.00    APL_ARPEGE_INIT_PARALLEL:2:NULLIFY@1
 1197     0.00     1542.694        0.000        0.000             37        0.00        0.00    APL_ARPEGE_PARALLEL:ZRDG_LCVQ:NULLIFY@1
 1198     0.00     1542.694        0.000        0.000             37        0.00        0.00    MF_PHYS_FPL_PART1_PARALLEL:PART1:NULLIFY@1
 1199     0.00     1542.694        0.000        0.000             37        0.00        0.00    APL_ARPEGE_PARALLEL:QNGCOR:NULLIFY@1
 1200     0.00     1542.694        0.000        0.000             37        0.00        0.00    CPG_DIA_FLU_PARALLEL:2:GET_DATA@1
 1201     0.00     1542.694        0.000        0.000             37        0.00        0.00    APL_ARPEGE_PARALLEL:ACVISIH:NULLIFY@1
 1202     0.00     1542.694        0.000        0.000              1        0.13        0.13    FIELD_DEFINITIONS:READ_DYNAMIC_NAMESPACE@1
 1203     0.00     1542.694        0.000        0.000             37        0.00        0.00    APL_ARPEGE_RADIATION_PARALLEL:RADHEAT:NULLIFY@1
 1204     0.00     1542.695        0.000        0.000              1        0.13        0.13    SUGEM1B@1
 1205     0.00     1542.695        0.000        0.000             37        0.00        0.00    APL_ARPEGE_PARALLEL:ZDE2MR:NULLIFY@1
 1206     0.00     1542.695        0.000        0.000             37        0.00        0.00    CPG_PARALLEL:ZEROPB2:NULLIFY@1
 1207     0.00     1542.695        0.000        0.000             37        0.00        0.00    CTVTOT_EXPL_PARALLEL:0:NULLIFY@1
 1208     0.00     1542.695        0.000        0.000             37        0.00        0.00    LAPINEB_PARALLEL:TEMP_EQ:NULLIFY@1
 1209     0.00     1542.695        0.000        0.000             37        0.00        0.00    APL_ARPEGE_PARALLEL:CPPHINP:NULLIFY@1
 1210     0.00     1542.695        0.000      627.270              7        0.02    89610.00    RECMWF_PARALLEL@1
 1211     0.00     1542.695        0.000        0.000             37        0.00        0.00    LARCINB_PARALLEL:NVLAG_3:NULLIFY@1
 1212     0.00     1542.696        0.000        0.000             37        0.00        0.00    LASSIE_PARALLEL:SITNU:NULLIFY@1
 1213     0.00     1542.696        0.000        0.000             37        0.00        0.00    CPGLAG_PARALLEL:0:NULLIFY@1
 1214     0.00     1542.696        0.000        0.000             37        0.00        0.00    APL_WIND_GUST_PARALLEL:ACCLDIA:NULLIFY@1
 1215     0.00     1542.696        0.000        0.000             37        0.00        0.00    APL_ARPEGE_PARALLEL:DIFTQ:NULLIFY@1
 1216     0.00     1542.696        0.000        0.000             37        0.00        0.00    APL_ARPEGE_INIT_PARALLEL:5:NULLIFY@1
 1217     0.00     1542.696        0.000        0.000             37        0.00        0.00    APL_ARPEGE_PARALLEL:ACCLPH:NULLIFY@1
 1218     0.00     1542.696        0.000        0.000             37        0.00        0.00    CPG_GP_PARALLEL:GPINISLB_PART3_EXPL:NULLIFY@1
 1219     0.00     1542.696        0.000        0.000              1        0.12        0.12    SRTM_CMBGB17_GPU@1
 1220     0.00     1542.697        0.000        0.000             37        0.00        0.00    APL_ARPEGE_DEEP_CONVECTION_PARALLEL:ZERO:NULLIFY@1
 1221     0.00     1542.697        0.000        0.000             38        0.00        0.00    SCAN2M_ALLOCATE_T1@1
 1222     0.00     1542.697        0.000        0.000             37        0.00        0.00    APL_ARPEGE_PARALLEL:ACEVADCAPE:NULLIFY@1
 1223     0.00     1542.697        0.000        0.000             37        0.00        0.00    APL_ARPEGE_RADIATION_PARALLEL:ACDAYD:NULLIFY@1
 1224     0.00     1542.697        0.000        0.000             37        0.00        0.00    CPG_DIA_FLU_PARALLEL:0:NULLIFY@1
 1225     0.00     1542.697        0.000        0.000             37        0.00        0.00    LAPINEB_PARALLEL:L_RDRY_VD:NULLIFY@1
 1226     0.00     1542.697        0.000        0.000             37        0.00        0.00    APL_ARPEGE_PARALLEL:ZDPHIV:GET_DATA@1
 1227     0.00     1542.697        0.000        0.000             37        0.00        0.00    LAPINEB_PARALLEL:NVLAG3:NULLIFY@1
 1228     0.00     1542.698        0.000        0.000             37        0.00        0.00    LACDYN_PARALLEL:ZMIXNL:NULLIFY@1
 1229     0.00     1542.698        0.000        0.000             37        0.00        0.00    GPTF1_YDVARS_PARALLEL:LTWOTL:NULLIFY@1
 1230     0.00     1542.698        0.000        0.000             37        0.00        0.00    CPG_PARALLEL:ZEROSL1:NULLIFY@1
 1231     0.00     1542.698        0.000        0.000              1        0.12        0.12    RRTM_KGB12@1
 1232     0.00     1542.698        0.000        0.000             37        0.00        0.00    APL_ARPEGE_INIT_PARALLEL:6:GET_DATA@1
 1233     0.00     1542.698        0.000        0.000              1        0.12        0.12    SUALDYNB@1
 1234     0.00     1542.698        0.000        0.001              1        0.12        0.66    SUPHY3@1
 1235     0.00     1542.698        0.000        0.000             37        0.00        0.00    APL_ARPEGE_DEEP_CONVECTION_PARALLEL:COPY:NULLIFY@1
 1236     0.00     1542.698        0.000        0.000              1        0.12        0.12    YOMCSGEOM:DEALLO_TCSGEOM@1
 1237     0.00     1542.699        0.000        0.000             37        0.00        0.00    LASSIE_PARALLEL:GPRCP:NULLIFY@1
 1238     0.00     1542.699        0.000        0.006              1        0.12        5.84    radiation_interface_GPU:setup_radiation_GPU@1
 1239     0.00     1542.699        0.000        0.000             37        0.00        0.00    APL_ARPEGE_INIT_PARALLEL:2:GET_DATA@1
 1240     0.00     1542.699        0.000        0.000             37        0.00        0.00    APL_ARPEGE_PARALLEL:ACHMT:NULLIFY@1
 1241     0.00     1542.699        0.000        0.000              1        0.12        0.12    FAICOR_MT@1
 1242     0.00     1542.699        0.000        0.000             37        0.00        0.00    LAPINEB_PARALLEL:TEMP_EQ:GET_DATA@1
 1243     0.00     1542.699        0.000        0.000             37        0.00        0.00    CPUTQY_APLPAR_EXPL_PARALLEL:ZTDCP:NULLIFY@1
 1244     0.00     1542.699        0.000        0.000             37        0.00        0.00    CPGLAG_PARALLEL:STR:GET_DATA@1
 1245     0.00     1542.700        0.000        0.000             37        0.00        0.00    MF_PHYS_MOCON_PARALLEL:PPWETPOINT:NULLIFY@1
 1246     0.00     1542.700        0.000        0.003              1        0.12        3.38    SRTM_INIT_GPU@1
 1247     0.00     1542.700        0.000        0.000             37        0.00        0.00    CPUTQY_APLPAR_EXPL_PARALLEL:PFDIS:NULLIFY@1
 1248     0.00     1542.700        0.000        0.000             37        0.00        0.00    APL_ARPEGE_PARALLEL:BAYRAD:GET_DATA@1
 1249     0.00     1542.700        0.000        0.000              1        0.11        0.12    SRTM_CMBGB21_GPU@1
 1250     0.00     1542.700        0.000        0.000            285        0.00        0.00    TYPE_FADS:YSUFAD@1
 1251     0.00     1542.700        0.000        0.000             37        0.00        0.00    CPUTQY_APLPAR_EXPL_PARALLEL:ZDEC:NULLIFY@1
 1252     0.00     1542.700        0.000        0.000             37        0.00        0.00    GPTF1_YDVARS_PARALLEL:LTWOTL:GET_DATA@1
 1253     0.00     1542.700        0.000        1.026             37        0.00       27.72    CPG_PARALLEL:ZEROPB2:COMPUTE@1
 1254     0.00     1542.701        0.000        0.000             37        0.00        0.00    APL_ARPEGE_PARALLEL:EDR:NULLIFY@1
 1255     0.00     1542.701        0.000        0.000             37        0.00        0.00    CPG_GP_HYD_PARALLEL:2:NULLIFY@1
 1256     0.00     1542.701        0.000        0.000              1        0.11        0.11    radiation_config:read_config_from_namelist_GPU@1
 1257     0.00     1542.701        0.000        0.000             39        0.00        0.00    SUMETRIC@1
 1258     0.00     1542.701        0.000        0.000             37        0.00        0.00    CPG_PARALLEL:SHUFFLESL1:NULLIFY@1
 1259     0.00     1542.701        0.000        0.000             37        0.00        0.00    APL_ARPEGE_INIT_PARALLEL:3:NULLIFY@1
 1260     0.00     1542.701        0.000        0.000              1        0.11        0.11    SUHDVP@1
 1261     0.00     1542.701        0.000        5.120             37        0.00      138.39    CPG_PARALLEL:SHUFFLESL1:COMPUTE@1
 1262     0.00     1542.701        0.000        0.000             37        0.00        0.00    LARMES_PARALLEL:LARMES:NULLIFY@1
 1263     0.00     1542.702        0.000        0.000             37        0.00        0.01    TXFU_TYPE_RESET@1
 1264     0.00     1542.702        0.000        2.522             37        0.00       68.15    CPG_PARALLEL:ZEROSL1:COMPUTE@1
 1265     0.00     1542.702        0.000        0.000            241        0.00        0.00    FANUMU_MT@1
 1266     0.00     1542.702        0.000        0.000              2        0.05        0.05    READ_XKER_GWETH@1
 1267     0.00     1542.702        0.000        0.000              3        0.03        0.04    GRIB_API:IGRIB_RELEASE@1
 1268     0.00     1542.702        0.000        0.000              8        0.01        0.01    UPDECOZC@1
 1269     0.00     1542.702        0.000        0.000              1        0.10        0.10    RRTM_KGB8@1
 1270     0.00     1542.702        0.000        0.000             11        0.01        0.01    FACADI_MT@1
 1271     0.00     1542.702        0.000        0.000             37        0.00        0.00    ACVPPKF_PARALLEL:PART3:NULLIFY@1
 1272     0.00     1542.702        0.000        0.000            144        0.00        0.00    MYRECVSET@1
 1273     0.00     1542.703        0.000        0.000             37        0.00        0.00    LASSIE_PARALLEL:GPRCP:GET_DATA@1
 1274     0.00     1542.703        0.000        0.000             37        0.00        0.00    CPXFU_PARALLEL:2:NULLIFY@1
 1275     0.00     1542.703        0.000        0.000             37        0.00        0.00    APL_ARPEGE_HYDRO_BUDGET_PARALLEL:ACDROV:NULLIFY@1
 1276     0.00     1542.703        0.000        0.000             37        0.00        0.00    MF_PHYS_FPL_PART2_PARALLEL:PART2:NULLIFY@1
 1277     0.00     1542.703        0.000        0.000              1        0.09        0.09    IOSTREAM_MIX:IOSTREAM_STATS@1
 1278     0.00     1542.703        0.000        0.000             30        0.00        0.00    APL_ARPEGE_RADIATION_PARALLEL:CALLRAD_F:GET_DATA@1
 1279     0.00     1542.703        0.000        0.000              1        0.09        0.09    RRTM_KGB2@1
 1280     0.00     1542.703        0.000        0.000            203        0.00        0.00    FANUCA_MT@1
 1281     0.00     1542.703        0.000        0.000              1        0.09        0.09    RRTM_KGB14@1
 1282     0.00     1542.703        0.000        0.000             37        0.00        0.00    CPG_GP_HYD_PARALLEL:1:NULLIFY@1
 1283     0.00     1542.704        0.000        0.000             37        0.00        0.00    APL_ARPEGE_PARALLEL:ACTQSAT:NULLIFY@1
 1284     0.00     1542.704        0.000        0.000              1        0.09        0.09    GSTATS_LABEL_IFS@1
 1285     0.00     1542.704        0.000        0.000             37        0.00        0.00    ACVPPKF_PARALLEL:PART1:NULLIFY@1
 1286     0.00     1542.704        0.000        0.000              1        0.09        0.09    RRTM_KGB10@1
 1287     0.00     1542.704        0.000        0.000             72        0.00        0.00    EXCHANGE_MS:ADD2DF@1
 1288     0.00     1542.704        0.000        0.000              1        0.09        0.09    SRTM_KGB20@1
 1289     0.00     1542.704        0.000        0.000             37        0.00        0.00    APL_ARPEGE_OCEANIC_FLUXES_PARALLEL:ACFLUSO:NULLIFY@1
 1290     0.00     1542.704        0.000        0.000              2        0.04        0.04    READ_XKER_RWETH@1
 1291     0.00     1542.704        0.000        0.000             37        0.00        0.00    MF_PHYS_PREP_PARALLEL:PREP:NULLIFY@1
 1292     0.00     1542.704        0.000        0.000              1        0.09        0.09    SRTM_CMBGB28_GPU@1
 1293     0.00     1542.704        0.000        0.000             72        0.00        0.00    EXCHANGE_MS:ADD2DFL@1
 1294     0.00     1542.704        0.000        0.001              1        0.09        0.62    SUTRANS0@1
 1295     0.00     1542.705        0.000        0.000             72        0.00        0.00    EXCHANGE_MS:ADD3DFL@1
 1296     0.00     1542.705        0.000        0.000              1        0.08        0.08    SRTM_KGB29@1
 1297     0.00     1542.705        0.000        0.002              1        0.08        1.69    MF_PHYS_SAVE_PHSURF_PART1_PARALLEL:PART1@1
 1298     0.00     1542.705        0.000        0.000            202        0.00        0.00    SUCLDP:BETACF@1
 1299     0.00     1542.705        0.000        0.000             22        0.00        0.00    SURFACE_FIELDS_MIX:INI_SFLP2@1
 1300     0.00     1542.705        0.000     1541.439              1        0.08  1541438.96    CNT3@1
 1301     0.00     1542.705        0.000        0.000             37        0.00        0.00    APL_ARPEGE_SURFACE_PARALLEL:ACDIFV2:NULLIFY@1
 1302     0.00     1542.705        0.000        0.000             10        0.01        0.01    GFL_SUBS_MOD:DEFINE_GFL_COMP@1
 1303     0.00     1542.705        0.000        0.000             37        0.00        0.00    CPG_GP_PARALLEL:GPTF2_EXPL_2TL:GET_DATA@1
 1304     0.00     1542.705        0.000        0.000             37        0.00        0.00    TRLTOM_BAR@1
 1305     0.00     1542.705        0.000        0.000            168        0.00        0.00    GBYTES_MF@1
 1306     0.00     1542.705        0.000        0.000              2        0.04        0.04    OPENFAINFO@1
 1307     0.00     1542.706        0.000        0.000              1        0.08        0.08    ELMHES@1
 1308     0.00     1542.706        0.000        0.001              1        0.08        0.67    MF_PHYS_SAVE_PHSURF_PART2_PARALLEL:PART2@1
 1309     0.00     1542.706        0.000        0.000              1        0.08        0.08    SRTM_KGB27@1
 1310     0.00     1542.706        0.000        0.000              1        0.08        0.08    RRTM_KGB11@1
 1311     0.00     1542.706        0.000        0.000             37        0.00        0.00    CPG_GP_PARALLEL:SETZERO:GET_DATA@1
 1312     0.00     1542.706        0.000        0.000             37        0.00        0.00    APL_ARPEGE_ALBEDO_COMPUTATION_PARALLEL:0:NULLIFY@1
 1313     0.00     1542.706        0.000        0.000              2        0.04        0.04    READ_XKER_RDRYG@1
 1314     0.00     1542.706        0.000        0.000             57        0.00        0.00    TRGTOL_BAR@1
 1315     0.00     1542.706        0.000        0.069              1        0.08       68.66    SUPHEC@1
 1316     0.00     1542.706        0.000        0.001              2        0.04        0.30    IOGRIDA_MOD:IOGRIDA_SELECT_WH@1
 1317     0.00     1542.706        0.000        0.000              1        0.07        0.08    SUHER@1
 1318     0.00     1542.706        0.000        0.001              1        0.07        0.65    SURLX@1
 1319     0.00     1542.706        0.000        0.000             36        0.00        0.00    CPCFU_PARALLEL:1:NULLIFY@1
 1320     0.00     1542.707        0.000        0.000             37        0.00        0.00    APL_ARPEGE_RADIATION_PARALLEL:DIRECT:GET_DATA@1
 1321     0.00     1542.707        0.000        0.000             47        0.00        0.01    FANFAN_MT@1
 1322     0.00     1542.707        0.000        0.000             39        0.00        0.00    SUECOZO@1
 1323     0.00     1542.707        0.000        0.000              2        0.04        0.04    TCFU_TYPE_INIT@1
 1324     0.00     1542.707        0.000        0.000             41        0.00        0.00    TRMTOL_BAR@1
 1325     0.00     1542.707        0.000        0.000              7        0.01        0.01    RECMWF_PARALLEL:PREPARE:NULLIFY@1
 1326     0.00     1542.707        0.000        0.000              1        0.07        0.07    SUCTRL_GFLATTR@1
 1327     0.00     1542.707        0.000        0.000             37        0.00        0.00    LAVABO_PARALLEL:0:NULLIFY@1
 1328     0.00     1542.707        0.000        0.000             37        0.00        0.00    CPG_DIA_FLU_PARALLEL:2:NULLIFY@1
 1329     0.00     1542.707        0.000        0.000              7        0.01        0.01    RECMWF_PARALLEL:FINISH:NULLIFY@1
 1330     0.00     1542.707        0.000        0.000             37        0.00        0.00    CPG_GP_HYD_PARALLEL:3:NULLIFY@1
 1331     0.00     1542.707        0.000        0.000              1        0.07        0.07    RRTM_CMBGB9_GPU@1
 1332     0.00     1542.707        0.000        0.000             37        0.00        0.00    LAPINEB_PARALLEL:ZVWEI:NULLIFY@1
 1333     0.00     1542.707        0.000        0.000             36        0.00        0.00    UPDATE_CALENDAR@1
 1334     0.00     1542.707        0.000        0.000              1        0.07        0.07    RRTM_CMBGB7_GPU@1
 1335     0.00     1542.708        0.000        0.000             12        0.01        0.01    GRIB_API:IGRIB_SET_REAL8@1
 1336     0.00     1542.708        0.000        0.000              1        0.06        0.07    SUALDYN@1
 1337     0.00     1542.708        0.000        0.000             37        0.00        0.00    APL_ARPEGE_INIT_PARALLEL:4:NULLIFY@1
 1338     0.00     1542.708        0.000        0.000             37        0.00        0.00    LAVABO_PARALLEL:1:GET_DATA@1
 1339     0.00     1542.708        0.000        0.000             37        0.00        0.00    CPG_GP_PARALLEL:GP_SPV:NULLIFY@1
 1340     0.00     1542.708        0.000        0.000              1        0.06        0.06    SUALMP1@1
 1341     0.00     1542.708        0.000        0.000              7        0.01        0.01    RECMWF_PARALLEL:ECRAD_GPU:NULLIFY@1
 1342     0.00     1542.708        0.000        2.536             37        0.00       68.54    APL_ARPEGE_INIT_PARALLEL:PART6@1
 1343     0.00     1542.708        0.000        0.000              1        0.06        0.06    SUMPINI_PRT@1
 1344     0.00     1542.708        0.000        0.000             37        0.00        0.00    APL_ARPEGE_PARALLEL:ACSOL:NULLIFY@1
 1345     0.00     1542.708        0.000        0.000             37        0.00        0.00    CPG_DRV_SETTLOFF@1
 1346     0.00     1542.708        0.000        0.000            131        0.00        0.00    "lfinfo_alts"@1:lfi_alts.c
 1347     0.00     1542.708        0.000        0.000             37        0.00        0.00    CPG_GP_PARALLEL:GPTF2_EXPL_2TL:NULLIFY@1
 1348     0.00     1542.708        0.000        0.002              1        0.06        1.58    SUVAREPS@1
 1349     0.00     1542.708        0.000        0.000             37        0.00        0.00    SPMCUF@1
 1350     0.00     1542.708        0.000       18.636             37        0.00      503.67    APL_ARPEGE_INIT_PARALLEL:PART4@1
 1351     0.00     1542.708        0.000        0.101             37        0.00        2.74    APL_ARPEGE_INIT_PARALLEL:PART1@1
 1352     0.00     1542.709        0.000        0.000             90        0.00        0.00    SUXFU:NEXTYPE1@1
 1353     0.00     1542.709        0.000        0.181             20        0.00        9.03    GPNORM_TRANS@1
 1354     0.00     1542.709        0.000        0.000             37        0.00        0.00    GPRCP_EXPL_PARALLEL:5:NULLIFY@1
 1355     0.00     1542.709        0.000        0.000              2        0.03        0.03    TXFU_TYPE_INIT@1
 1356     0.00     1542.709        0.000        0.000             32        0.00        0.00    DEALLOCATE_IF_ASSOCIATED_MOD:DEALLOCATE_IF_ASSOCIATED_REAL_2D@1
 1357     0.00     1542.709        0.000        0.000              1        0.05        0.05    YOEAERC:PART3@1
 1358     0.00     1542.709        0.000        0.000             37        0.00        0.00    APL_ARPEGE_RADIATION_PARALLEL:LMSE_F:NULLIFY@1
 1359     0.00     1542.709        0.000        0.000              1        0.05        0.05    YOEAERC:PART2@1
 1360     0.00     1542.709        0.000        0.000              1        0.05        0.05    YOEAERC:PART1@1
 1361     0.00     1542.709        0.000        0.000             37        0.00        0.00    APL_ARPEGE_PARALLEL:FRSOPT:NULLIFY@1
 1362     0.00     1542.709        0.000        0.001              1        0.05        0.59    SURIP@1
 1363     0.00     1542.709        0.000        0.000              1        0.05        0.05    YOEAERC:PART4@1
 1364     0.00     1542.709        0.000        0.000              1        0.05        0.21    SITNU_SP_OPENMP@1
 1365     0.00     1542.709        0.000        6.283             37        0.00      169.80    APL_ARPEGE_INIT_PARALLEL:PART5@1
 1366     0.00     1542.709        0.000        0.000             37        0.00        0.00    CPG_PARALLEL:ISETTLOFF:NULLIFY@1
 1367     0.00     1542.709        0.000        0.000              1        0.05        0.05    SUSRTAB@1
 1368     0.00     1542.709        0.000        0.000              1        0.05        0.05    SUALLO@1
 1369     0.00     1542.709        0.000        0.000             37        0.00        0.00    APL_ARPEGE_PARALLEL:PPWETPOINT:NULLIFY@1
 1370     0.00     1542.709        0.000        0.000              1        0.05        0.05    YOEAERC:PART6@1
 1371     0.00     1542.710        0.000        0.000              7        0.01        0.01    APL_ARPEGE_AEROSOLS_FOR_RADIATION_PARALLEL:RADAER:NULLIFY@1
 1372     0.00     1542.710        0.000        0.000              1        0.05        0.05    YOEAERC:PART5@1
 1373     0.00     1542.710        0.000        0.000              1        0.05        0.05    SUECAEBC:PART20@1
 1374     0.00     1542.710        0.000        0.000              1        0.05        0.05    IOSPECA_MOD:IOSPECA_FLDSORT@1
 1375     0.00     1542.710        0.000        0.000             37        0.00        0.00    CPG_GP_PARALLEL:SET1TO0:GET_DATA@1
 1376     0.00     1542.710        0.000        0.000              1        0.05        0.05    SRTM_CMBGB24_GPU@1
 1377     0.00     1542.710        0.000        0.001              1        0.05        0.54    SATS_MIX:SUSATS@1
 1378     0.00     1542.710        0.000        0.000              1        0.05        0.05    RERESF_PART1@1
 1379     0.00     1542.710        0.000        0.000            110        0.00        0.00    "lfierf_alts"@1:lfi_alts.c
 1380     0.00     1542.710        0.000        1.214             37        0.00       32.80    APL_ARPEGE_INIT_PARALLEL:PART3@1
 1381     0.00     1542.710        0.000        0.000              2        0.02        0.03    CHIEN@1
 1382     0.00     1542.710        0.000        0.001              3        0.02        0.22    FAIRME_MT@1
 1383     0.00     1542.710        0.000        0.000             37        0.00        0.00    CPG_PARALLEL:ZEROPB2:GET_DATA@1
 1384     0.00     1542.710        0.000        0.000             36        0.00        0.00    CPCFU_PARALLEL:0:NULLIFY@1
 1385     0.00     1542.710        0.000        0.000              1        0.05        0.05    SRTM_CMBGB18_GPU@1
 1386     0.00     1542.710        0.000        0.000             37        0.00        0.00    APL_ARPEGE_SOIL_HYDRO_PARALLEL:ACVEG:NULLIFY@1
 1387     0.00     1542.710        0.000        0.000              1        0.05        0.32    SUDIM@1
 1388     0.00     1542.710        0.000        0.001              1        0.05        0.97    SUFP_CTL@1
 1389     0.00     1542.710        0.000        0.000             37        0.00        0.00    CPG_PARALLEL:SHUFFLESL1:GET_DATA@1
 1390     0.00     1542.710        0.000        0.018              1        0.04       17.79    SUPHMF@1
 1391     0.00     1542.710        0.000        0.087              3        0.01       28.89    FAIGRA_MT@1
 1392     0.00     1542.711        0.000        0.000              1        0.04        0.05    SUOPTSURF@1
 1393     0.00     1542.711        0.000        0.000             36        0.00        0.00    CPG_END_SFC_PARALLEL:SET0TO1:GET_DATA@1
 1394     0.00     1542.711        0.000        0.000              1        0.04        0.49    SUMP0@1
 1395     0.00     1542.711        0.000        0.001              1        0.04        0.52    SUPARAR@1
 1396     0.00     1542.711        0.000        0.000              1        0.04        0.04    SUECAEBC:PART1@1
 1397     0.00     1542.711        0.000        0.000             37        0.00        0.00    APL_ARPEGE_PARALLEL:PRECIPS:NULLIFY@1
 1398     0.00     1542.711        0.000        0.007              1        0.04        7.20    YOEAERC:SETUP_TEGEN@1
 1399     0.00     1542.711        0.000        0.000             37        0.00        0.00    CPXFU_PARALLEL:0:NULLIFY@1
 1400     0.00     1542.711        0.000        0.115             37        0.00        3.11    APL_ARPEGE_INIT_PARALLEL:PART7@1
 1401     0.00     1542.711        0.000        0.005              3        0.01        1.75    FIELD_CONTAINER_BASE_MOD:FIELD_CREATE_BASE@1
 1402     0.00     1542.711        0.000        0.000             37        0.00        0.00    APL_ARPEGE_PARALLEL:PLSM:NULLIFY@1
 1403     0.00     1542.711        0.000        0.000              7        0.01        0.01    RECMWF_PARALLEL:1:GET_DATA@1
 1404     0.00     1542.711        0.000        0.000             37        0.00        0.00    APL_ARPEGE_INIT_PARALLEL:1:NULLIFY@1
 1405     0.00     1542.711        0.000        0.000              1        0.04        0.06    SUECV@1
 1406     0.00     1542.711        0.000        0.000              1        0.04        0.04    SUECAEBC:PART6@1
 1407     0.00     1542.711        0.000        0.000             36        0.00        0.00    CPG_END_SFC_PARALLEL:SET0TO1:NULLIFY@1
 1408     0.00     1542.711        0.000        0.000              1        0.04        0.04    SUECAESD:PART22@1
 1409     0.00     1542.711        0.000        0.000             37        0.00        0.00    CPG_GP_PARALLEL:MAP_FACTOR:NULLIFY@1
 1410     0.00     1542.711        0.000        0.000              1        0.04        0.04    SRTM_CMBGB19_GPU@1
 1411     0.00     1542.711        0.000        0.015              1        0.04       14.90    SPEUV@1
 1412     0.00     1542.711        0.000        0.001              1        0.04        1.32    SULUN@1
 1413     0.00     1542.711        0.000        0.001              1        0.04        0.51    SUNORGWD@1
 1414     0.00     1542.711        0.000        0.000              1        0.04        0.04    SUECAESD:PART1@1
 1415     0.00     1542.711        0.000        0.000              1        0.04        0.04    FA_COM:NEW_FA@1
 1416     0.00     1542.712        0.000        0.000             37        0.00        0.00    CPG_GP_PARALLEL:SET1TO0:NULLIFY@1
 1417     0.00     1542.712        0.000        0.000              1        0.04        0.04    SUTIM@1
 1418     0.00     1542.712        0.000        0.000              1        0.04        0.05    RIEN@1
 1419     0.00     1542.712        0.000        0.001              1        0.04        0.58    SUPP@1
 1420     0.00     1542.712        0.000        0.000             37        0.00        0.00    CPXFU_PARALLEL:4:NULLIFY@1
 1421     0.00     1542.712        0.000        0.000             37        0.00        0.00    APL_ARPEGE_RADIATION_PARALLEL:DIRECT:NULLIFY@1
 1422     0.00     1542.712        0.000        0.000             36        0.00        0.00    SPCMNEW_PARALLEL_LEGACY_L2F@1
 1423     0.00     1542.712        0.000        0.000              2        0.02        0.06    SUXFU:SETUP_DESCRIPTORS@1
 1424     0.00     1542.712        0.000        0.000              2        0.02        0.18    MINV_CALLER@1
 1425     0.00     1542.712        0.000        0.000             37        0.00        0.00    APL_ARPEGE_PARALLEL:ZDPHIV:NULLIFY@1
 1426     0.00     1542.712        0.000        0.000             36        0.00        0.00    SPCSINEW_cp1@1
 1427     0.00     1542.712        0.000        0.000              1        0.04        0.04    YOEAERC:PART7@1
 1428     0.00     1542.712        0.000        0.010              6        0.01        1.75    MINV_8@1
 1429     0.00     1542.712        0.000        0.000             37        0.00        0.00    CPG_PARALLEL:ZEROSL1:GET_DATA@1
 1430     0.00     1542.712        0.000        0.000             37        0.00        0.00    LACDYN_PARALLEL:LASURE:NULLIFY@1
 1431     0.00     1542.712        0.000        0.000              9        0.00        0.02    FARINE_MT@1
 1432     0.00     1542.712        0.000        0.000             37        0.00        0.00    CPG_DIA_FLU_PARALLEL:4:NULLIFY@1
 1433     0.00     1542.712        0.000        0.000             38        0.00        0.00    GP_DERIVATIVES@1
 1434     0.00     1542.712        0.000        0.000             12        0.00        0.00    SURFACE_FIELDS_MIX:INI_SFLP3@1
 1435     0.00     1542.712        0.000        0.000              1        0.04        0.04    SUNRTAER@1
 1436     0.00     1542.712        0.000        0.000              1        0.04        0.04    SUECAEOR:PART4@1
 1437     0.00     1542.712        0.000        1.425             37        0.00       38.52    APL_ARPEGE_INIT_PARALLEL:PART2@1
 1438     0.00     1542.712        0.000        0.000              7        0.01        0.01    RECMWF_PARALLEL:ECRAD_POST:GET_DATA@1
 1439     0.00     1542.712        0.000        0.000              1        0.04        0.04    SULSFORC@1
 1440     0.00     1542.712        0.000        0.000              2        0.02        0.06    SUCFU:SETUP_DESCRIPTORS@1
 1441     0.00     1542.712        0.000        0.000              1        0.04        0.04    SURRTAB@1
 1442     0.00     1542.712        0.000        0.000             37        0.00        0.00    CPG_PARALLEL:LSMTSOL:NULLIFY@1
 1443     0.00     1542.713        0.000        0.000             36        0.00        0.00    APL_ARPEGE_RADIATION_PARALLEL:SUNSHINE:NULLIFY@1
 1444     0.00     1542.713        0.000        0.000              1        0.04        0.04    YOMCVER:PRT_CVER_GEOM@1
 1445     0.00     1542.713        0.000        0.000              1        0.04        0.04    SUECAEOR:PART2@1
 1446     0.00     1542.713        0.000        0.000             37        0.00        0.00    APL_ARPEGE_INIT_PARALLEL:0:NULLIFY@1
 1447     0.00     1542.713        0.000        0.000             37        0.00        0.00    GPMPFC_EXPL_PARALLEL:0:NULLIFY@1
 1448     0.00     1542.713        0.000        0.000             30        0.00        0.00    APL_ARPEGE_RADIATION_PARALLEL:CALLRAD_F:NULLIFY@1
 1449     0.00     1542.713        0.000        0.000             36        0.00        0.00    CPCFU_PARALLEL:2:NULLIFY@1
 1450     0.00     1542.713        0.000        0.000              1        0.04        0.50    SUOPH0@1
 1451     0.00     1542.713        0.000        0.000              1        0.04        0.04    SUECAEOR:PART1@1
 1452     0.00     1542.713        0.000        0.000             37        0.00        0.00    CPG_GP_PARALLEL:SETZERO:NULLIFY@1
 1453     0.00     1542.713        0.000        0.000              1        0.03        0.04    SUECAESD:PART3@1
 1454     0.00     1542.713        0.000        0.000             37        0.00        0.00    APL_ARPEGE_PARALLEL:BAYRAD:NULLIFY@1
 1455     0.00     1542.713        0.000        0.000              1        0.03        0.03    SRTM_CMBGB16_GPU@1
 1456     0.00     1542.713        0.000        0.000              1        0.03        0.03    SUECAESU:PART1@1
 1457     0.00     1542.713        0.000        0.020              1        0.03       20.27    SUSURF@1
 1458     0.00     1542.713        0.000        0.000              1        0.03        0.03    SUECAESU:PART17@1
 1459     0.00     1542.713        0.000        0.000              1        0.03        0.03    SUECAEOR:PART6@1
 1460     0.00     1542.713        0.000        0.027              2        0.02       13.40    FACGRA_MT@1
 1461     0.00     1542.713        0.000        0.000              1        0.03        0.03    SUECAEBC:PART12@1
 1462     0.00     1542.713        0.000        0.000              1        0.03        0.10    IOMULTIBUF_MOD:IOMULTIBUF_COMP_IDX@1
 1463     0.00     1542.713        0.000        0.001              1        0.03        0.64    SUSPSDT@1
 1464     0.00     1542.713        0.000        0.000             36        0.00        0.00    CPCFU_PARALLEL:5:NULLIFY@1
 1465     0.00     1542.713        0.000        0.002              1        0.03        1.56    SUSC2C@1
 1466     0.00     1542.713        0.000        0.000             36        0.00        0.00    CPCFU_PARALLEL:3:NULLIFY@1
 1467     0.00     1542.713        0.000        0.000             37        0.00        0.00    CPXFU_PARALLEL:3:NULLIFY@1
 1468     0.00     1542.713        0.000        0.000              1        0.03        0.03    RRTM_CMBGB12_GPU@1
 1469     0.00     1542.713        0.000        0.000             37        0.00        0.00    CPG_DIA_FLU_PARALLEL:1:NULLIFY@1
 1470     0.00     1542.713        0.000        0.000              1        0.03        0.03    SUECAESD:PART14@1
 1471     0.00     1542.713        0.000        1.142              1        0.03     1142.33    CNT3_GLO@1
 1472     0.00     1542.714        0.000        0.000              1        0.03        0.03    SUECAESS:PART9@1
 1473     0.00     1542.714        0.000        0.000              1        0.03        0.03    SUECAESD:PART4@1
 1474     0.00     1542.714        0.000        0.000              1        0.03        0.03    SRTM_KGB25@1
 1475     0.00     1542.714        0.000        0.000              2        0.02        0.02    SUCLOPN@1
 1476     0.00     1542.714        0.000        0.000              1        0.03        0.03    SUECAEBC:PART22@1
 1477     0.00     1542.714        0.000        0.000              1        0.03        0.03    SUECAESU:PART13@1
 1478     0.00     1542.714        0.000        0.000              1        0.03        0.03    SUECAEOR:PART19@1
 1479     0.00     1542.714        0.000        0.000              1        0.03        0.03    SUECAEOR:PART9@1
 1480     0.00     1542.714        0.000        0.000              1        0.03        0.03    SUECAESD:PART15@1
 1481     0.00     1542.714        0.000        0.000              1        0.03        0.03    SUECAESU:PART5@1
 1482     0.00     1542.714        0.000        0.000              2        0.02        0.02    FAQUIN_MT@1
 1483     0.00     1542.714        0.000        0.000              1        0.03        0.03    SUECAESS:PART10@1
 1484     0.00     1542.714        0.000        0.000              1        0.03        0.03    SUECAEBC:PART14@1
 1485     0.00     1542.714        0.000        0.000              1        0.03        0.03    SUECAEBC:PART4@1
 1486     0.00     1542.714        0.000        0.000              1        0.03        0.03    SUECAEBC:PART2@1
 1487     0.00     1542.714        0.000        0.000              1        0.03        0.03    SURIP0@1
 1488     0.00     1542.714        0.000        0.020              1        0.03       20.13    SUSOCEAN_ML_MOD:SUSOCEAN_ML@1
 1489     0.00     1542.714        0.000        0.000              1        0.03        0.03    SUECAEBC:PART5@1
 1490     0.00     1542.714        0.000        0.000              2        0.01        0.02    SUMPIOH@1
 1491     0.00     1542.714        0.000        0.000              1        0.03        0.03    SUECAEBC:PART19@1
 1492     0.00     1542.714        0.000        0.000              1        0.03        0.29    SUCVMNH@1
 1493     0.00     1542.714        0.000        0.000              1        0.03        0.03    RRTM_CMBGB13_GPU@1
 1494     0.00     1542.714        0.000        0.000              1        0.03        0.47    SUGRIB@1
 1495     0.00     1542.714        0.000        0.001              1        0.03        0.52    SUMCC@1
 1496     0.00     1542.714        0.000        0.000              1        0.03        0.03    SUVSPLIP@1
 1497     0.00     1542.714        0.000        0.000              1        0.03        0.03    SUECAESD:PART16@1
 1498     0.00     1542.714        0.000        0.000             37        0.00        0.00    MF_PHYS_TRANSFER_PARALLEL:ALL:NULLIFY@1
 1499     0.00     1542.714        0.000        0.000              1        0.03        0.03    SUGEM3@1
 1500     0.00     1542.714        0.000        0.000              1        0.03        0.03    SUECAEBC:PART18@1
 1501     0.00     1542.714        0.000        0.001              1        0.03        1.48    radiation_aerosol_optics:setup_aerosol_optics_GPU@1
 1502     0.00     1542.714        0.000        0.000              1        0.03        0.03    SUECAEBC:PART3@1
 1503     0.00     1542.714        0.000        0.000              1        0.03        0.03    SUECAESD:PART12@1
 1504     0.00     1542.714        0.000        0.000              1        0.03        0.03    SUECAESD:PART2@1
 1505     0.00     1542.715        0.000        0.000              1        0.03        0.03    SUECAESD:PART17@1
 1506     0.00     1542.715        0.000        0.000              1        0.03        0.03    SUECAESU:PART8@1
 1507     0.00     1542.715        0.000        0.000              1        0.03        0.03    SUECAEBC:PART7@1
 1508     0.00     1542.715        0.000        0.000              1        0.03        0.03    VAL923@1
 1509     0.00     1542.715        0.000        0.001              1        0.03        0.63    TESTVAR_MIX:SETUP_TESTVAR@1
 1510     0.00     1542.715        0.000        0.000              1        0.03        0.03    SUECAESU:PART10@1
 1511     0.00     1542.715        0.000        0.000              1        0.03        0.03    SUECAESU:PART7@1
 1512     0.00     1542.715        0.000        0.001              1        0.03        0.58    SUVV1@1
 1513     0.00     1542.715        0.000        0.000              1        0.03        0.03    SUECAEBC:PART8@1
 1514     0.00     1542.715        0.000        0.000              1        0.03        0.03    SUECAESU:PART15@1
 1515     0.00     1542.715        0.000        0.000              1        0.03        0.03    SUECAESD:PART18@1
 1516     0.00     1542.715        0.000        0.000              8        0.00        0.05    VERDISINT@1
 1517     0.00     1542.715        0.000        0.000              1        0.03        0.03    SUECAESD:PART11@1
 1518     0.00     1542.715        0.000        0.000              1        0.03        0.03    SUECAEBC:PART21@1
 1519     0.00     1542.715        0.000        0.000              1        0.03        0.03    SUECAESU:PART19@1
 1520     0.00     1542.715        0.000        0.000              1        0.03        0.03    SUECAESD:PART20@1
 1521     0.00     1542.715        0.000        0.000              1        0.03        0.03    SUECAESS:PART7@1
 1522     0.00     1542.715        0.000        0.000              1        0.03        0.03    SUECAESU:PART18@1
 1523     0.00     1542.715        0.000        0.000              1        0.03        0.03    SUECAESU:PART9@1
 1524     0.00     1542.715        0.000        0.000              1        0.03        0.03    SUECAESD:PART21@1
 1525     0.00     1542.715        0.000        0.000              1        0.03        0.03    SUECAEOR:PART3@1
 1526     0.00     1542.715        0.000        0.000              1        0.03        0.03    SUECAEBC:PART16@1
 1527     0.00     1542.715        0.000        0.000              1        0.03        0.03    SUECAESD:PART6@1
 1528     0.00     1542.715        0.000        0.000              1        0.03        0.03    SUECAEOR:PART5@1
 1529     0.00     1542.715        0.000        0.000              1        0.03        0.03    SUHDVPN@1
 1530     0.00     1542.715        0.000        0.000              1        0.03        0.03    SUDIMO@1
 1531     0.00     1542.715        0.000        0.000              8        0.00        0.00    VERINTS@1
 1532     0.00     1542.715        0.000        0.000              1        0.03        0.03    SUECAEBC:PART13@1
 1533     0.00     1542.715        0.000        0.000              1        0.03        0.03    SUECAESU:PART21@1
 1534     0.00     1542.715        0.000        0.000              1        0.03        0.03    SUECAESS:PART2@1
 1535     0.00     1542.715        0.000        0.000              1        0.03        0.03    SUECAEBC:PART9@1
 1536     0.00     1542.715        0.000        0.000              1        0.03        0.03    SUECAEBC:PART15@1
 1537     0.00     1542.715        0.000        0.000              1        0.03        0.03    SUECAESU:PART14@1
 1538     0.00     1542.715        0.000        0.000              1        0.03        0.03    SUECAESD:PART5@1
 1539     0.00     1542.715        0.000        0.000              1        0.03        0.03    SUECAESD:PART8@1
 1540     0.00     1542.715        0.000        0.000              1        0.03        0.03    SUECAESS:PART1@1
 1541     0.00     1542.715        0.000        0.000              1        0.03        0.03    SUECAESU:PART22@1
 1542     0.00     1542.716        0.000        0.000              1        0.03        0.03    SUECAEBC:PART10@1
 1543     0.00     1542.716        0.000        0.000              1        0.03        0.03    SULEGA@1
 1544     0.00     1542.716        0.000        0.000              1        0.03        0.03    SUECAEOR:PART11@1
 1545     0.00     1542.716        0.000        0.000              1        0.03        0.32    SUGFL3@1
 1546     0.00     1542.716        0.000        0.000             30        0.00        0.00    TYPES_FPCAT:SUCATIND@1
 1547     0.00     1542.716        0.000        0.000              1        0.03        0.03    SUECAESU:PART12@1
 1548     0.00     1542.716        0.000        0.020              1        0.03       20.23    SUSURF_CTL_MOD:SUSURF_CTL@1
 1549     0.00     1542.716        0.000        0.000              1        0.03        0.03    SUECAEOR:PART12@1
 1550     0.00     1542.716        0.000        0.000             50        0.00        0.00    SUCFU:NEXTYPE1@1
 1551     0.00     1542.716        0.000        0.000              1        0.03        0.03    SUECAESS:PART5@1
 1552     0.00     1542.716        0.000        0.000              1        0.03        0.03    SUECAESU:PART3@1
 1553     0.00     1542.716        0.000        0.000              1        0.03        0.03    SUECAEBC:PART23@1
 1554     0.00     1542.716        0.000        0.000              1        0.03        0.03    SUECAESD:PART10@1
 1555     0.00     1542.716        0.000        0.000              1        0.03        0.03    SUECAESD:PART9@1
 1556     0.00     1542.716        0.000        0.000              1        0.03        0.03    SUECAESD:PART7@1
 1557     0.00     1542.716        0.000        0.000              1        0.03        0.03    SUECAEBC:PART24@1
 1558     0.00     1542.716        0.000        0.000              1        0.03        0.03    SUECAESU:PART24@1
 1559     0.00     1542.716        0.000        0.000              1        0.03        0.05    YOMCLMICST:SETUP_CLMICST@1
 1560     0.00     1542.716        0.000        0.000              1        0.02        0.03    SRTM_CMBGB22_GPU@1
 1561     0.00     1542.716        0.000        0.000              1        0.02        0.03    SUECAEOR:PART8@1
 1562     0.00     1542.716        0.000        0.000             37        0.00        0.00    CPXFU_PARALLEL:1:NULLIFY@1
 1563     0.00     1542.716        0.000        0.000              1        0.02        0.04    SUSSOIL_MOD:SUSSOIL@1
 1564     0.00     1542.716        0.000        0.000              1        0.02        0.02    SUECAEOR:PART18@1
 1565     0.00     1542.716        0.000        0.000              1        0.02        0.02    SUECAESU:PART16@1
 1566     0.00     1542.716        0.000        0.000              1        0.02        0.02    SUSWN@1
 1567     0.00     1542.716        0.000        0.000              1        0.02        0.02    SUECAESD:PART24@1
 1568     0.00     1542.716        0.000        0.000              1        0.02        0.02    SUECAESU:PART11@1
 1569     0.00     1542.716        0.000        0.000              1        0.02        0.02    SUECAEBC:PART11@1
 1570     0.00     1542.716        0.000        0.000              1        0.02        0.02    SUECAESS:PART15@1
 1571     0.00     1542.716        0.000        0.000             37        0.00        0.00    APL_ARPEGE_INIT_PARALLEL:6:NULLIFY@1
 1572     0.00     1542.716        0.000        0.000              1        0.02        0.02    SUECAESD:PART13@1
 1573     0.00     1542.716        0.000        0.000              4        0.01        0.01    IOSTREAM_MIX:INI_IOSTREAM@1
 1574     0.00     1542.716        0.000        0.000              1        0.02        0.02    SUECAESU:PART2@1
 1575     0.00     1542.716        0.000        0.000              1        0.02        0.02    SUECAESS:PART17@1
 1576     0.00     1542.716        0.000        0.000              1        0.02        0.02    SUECAEOR:PART7@1
 1577     0.00     1542.716        0.000        0.000              1        0.02        0.02    SUECAESS:PART8@1
 1578     0.00     1542.716        0.000        0.000              1        0.02        0.35    SUDIMF1@1
 1579     0.00     1542.716        0.000        0.000             39        0.00        0.00    FCGENERALIZED_GAMMA@1
 1580     0.00     1542.716        0.000        0.000              1        0.02        0.02    SUECAESD:PART19@1
 1581     0.00     1542.716        0.000        0.000             32        0.00        0.00    SUCFU:NEXTYPE3@1
 1582     0.00     1542.717        0.000        0.000              1        0.02        0.02    SUECAEOR:PART23@1
 1583     0.00     1542.717        0.000        0.000              1        0.02        0.26    SUCUMF@1
 1584     0.00     1542.717        0.000        0.000              1        0.02        0.02    SUECAEOR:PART16@1
 1585     0.00     1542.717        0.000        0.000              1        0.02        0.02    SUECAEOR:PART14@1
 1586     0.00     1542.717        0.000        0.000              1        0.02        0.02    SUECAESS:PART22@1
 1587     0.00     1542.717        0.000        0.000              1        0.02        0.02    SUECAEOR:PART13@1
 1588     0.00     1542.717        0.000        0.000              1        0.02        0.02    SUECAEOR:PART20@1
 1589     0.00     1542.717        0.000        0.000              1        0.02        0.02    SUECAESS:PART6@1
 1590     0.00     1542.717        0.000        0.000              1        0.02        0.02    SUECAEBC:PART17@1
 1591     0.00     1542.717        0.000        0.000              1        0.02        0.20    YOMGSGEOM:DEALLO_TGSGEOM_NB@1
 1592     0.00     1542.717        0.000        0.000              1        0.02        0.02    SUECAESS:PART19@1
 1593     0.00     1542.717        0.000        0.000              1        0.02        0.02    SUECAESU:PART20@1
 1594     0.00     1542.717        0.000        0.000              1        0.02        0.02    SUECAESU:PART23@1
 1595     0.00     1542.717        0.000        0.000              1        0.02        0.02    SUECAEOR:PART24@1
 1596     0.00     1542.717        0.000        0.000              1        0.02        0.02    SUECAEOR:PART10@1
 1597     0.00     1542.717        0.000        0.000              1        0.02        0.02    SRTM_KGB23@1
 1598     0.00     1542.717        0.000        0.000              1        0.02        0.02    SUECAESU:PART6@1
 1599     0.00     1542.717        0.000        0.000              1        0.02        0.02    SUECAESS:PART11@1
 1600     0.00     1542.717        0.000        0.000              1        0.02        0.02    SUECAESU:PART4@1
 1601     0.00     1542.717        0.000        0.000              1        0.02        0.26    SUCUMF2@1
 1602     0.00     1542.717        0.000        0.000              4        0.01        0.01    FACTUI_MT@1
 1603     0.00     1542.717        0.000        0.000              1        0.02        0.02    SUECAESS:PART12@1
 1604     0.00     1542.717        0.000        0.001              1        0.02        0.55    SUPHY2@1
 1605     0.00     1542.717        0.000        0.000              1        0.02        0.02    RRTM_CMBGB16_GPU@1
 1606     0.00     1542.717        0.000        0.000              1        0.02        0.02    RRTM_KGB6@1
 1607     0.00     1542.717        0.000        0.000              1        0.02        0.02    RRTM_CMBGB1_GPU@1
 1608     0.00     1542.717        0.000        0.000              1        0.02        0.02    SUECAEOR:PART22@1
 1609     0.00     1542.717        0.000        0.000             37        0.00        0.00    CPG_DIA_FLU_PARALLEL:3:NULLIFY@1
 1610     0.00     1542.717        0.000        0.000              1        0.02        0.02    SUECAEOR:PART21@1
 1611     0.00     1542.717        0.000        0.000              1        0.02        0.02    SUECAESS:PART16@1
 1612     0.00     1542.717        0.000        0.000              1        0.02        0.02    SUECAEOR:PART15@1
 1613     0.00     1542.717        0.000        0.000              1        0.02        0.02    SUECAESD:PART23@1
 1614     0.00     1542.717        0.000        0.000              1        0.02        0.09    SUCHET@1
 1615     0.00     1542.717        0.000        0.001              1        0.02        0.52    SURINC@1
 1616     0.00     1542.717        0.000        0.000              1        0.02        0.02    SUECAESS:PART23@1
 1617     0.00     1542.717        0.000        0.000              1        0.02        0.02    SUECAEOR:PART17@1
 1618     0.00     1542.717        0.000        0.000              1        0.02        0.02    SUECAESS:PART18@1
 1619     0.00     1542.717        0.000        0.000              1        0.02        0.02    SUSLB@1
 1620     0.00     1542.717        0.000        0.000              1        0.02        0.20    SIGAM_SP_OPENMP@1
 1621     0.00     1542.717        0.000        0.000              1        0.02        0.02    SUECAESS:PART21@1
 1622     0.00     1542.717        0.000        0.000              1        0.02        0.02    SUECAEBC:PART25@1
 1623     0.00     1542.717        0.000        0.000              1        0.02        0.02    SUECAESS:PART14@1
 1624     0.00     1542.717        0.000        0.000             37        0.00        0.00    LAVABO_PARALLEL:2:NULLIFY@1
 1625     0.00     1542.717        0.000        0.001              1        0.02        0.95    GEOMETRY_MOD:GEOMETRY_DELETE@1
 1626     0.00     1542.717        0.000        0.000              1        0.02        0.02    SUECAESS:PART24@1
 1627     0.00     1542.718        0.000        0.000              1        0.02        0.02    SUECAESS:PART13@1
 1628     0.00     1542.718        0.000        0.000              1        0.02        0.02    RRTM_CMBGB15_GPU@1
 1629     0.00     1542.718        0.000        0.000              1        0.02        0.32    SUDIM_TRAJ@1
 1630     0.00     1542.718        0.000        0.000              1        0.02        0.02    YOERADGHG:INIT_RAD_GHG@1
 1631     0.00     1542.718        0.000        0.000              1        0.02        0.15    SUMCCLAG@1
 1632     0.00     1542.718        0.000        0.000              4        0.01        0.01    radiation_spectral_definition:calc_mapping_from_bands_GPU@1
 1633     0.00     1542.718        0.000        0.000              1        0.02        0.02    SUECAESS:PART3@1
 1634     0.00     1542.718        0.000        0.000              1        0.02        0.02    SUECAESS:PART20@1
 1635     0.00     1542.718        0.000        0.000              1        0.02        0.02    SUECAESU:PART25@1
 1636     0.00     1542.718        0.000        0.000              2        0.01        0.02    STACK_MIX:INIT_STACK@1
 1637     0.00     1542.718        0.000        0.000              1        0.02        0.31    SUDYNCORE@1
 1638     0.00     1542.718        0.000        0.005              1        0.02        4.50    SUGFL@1
 1639     0.00     1542.718        0.000        0.000              1        0.02        0.02    SUECAESS:PART4@1
 1640     0.00     1542.718        0.000        0.000             37        0.00        0.00    LAVABO_PARALLEL:1:NULLIFY@1
 1641     0.00     1542.718        0.000        0.000              1        0.02        0.02    RRTM_CMBGB2_GPU@1
 1642     0.00     1542.718        0.000        0.058              1        0.02       58.41    SUGRIDUA@1
 1643     0.00     1542.718        0.000        0.000              3        0.01        0.01    GRIDPOINT_FIELDS_MIX:ALLOCATE_GRID@1
 1644     0.00     1542.718        0.000        0.000              2        0.01        0.03    SUEDRD@1
 1645     0.00     1542.718        0.000        0.000              1        0.02        0.42    SUBMAT@1
 1646     0.00     1542.718        0.000        0.000              1        0.02        0.02    SUECAEOR:PART25@1
 1647     0.00     1542.718        0.000        0.001              1        0.02        0.55    SURES@1
 1648     0.00     1542.718        0.000        0.000              1        0.02        0.02    SRTM_CMBGB20_GPU@1
 1649     0.00     1542.718        0.000        0.000              1        0.02        0.02    SRTM_CMBGB29_GPU@1
 1650     0.00     1542.718        0.000        0.000              1        0.02        0.38    SUFAINIT@1
 1651     0.00     1542.718        0.000        0.000              1        0.02        0.02    radiation_ifs_rrtm:setup_gas_optics_rrtm_GPU@1
 1652     0.00     1542.718        0.000     1541.464              1        0.02  1541463.68    CNT1@1
 1653     0.00     1542.718        0.000        0.000              1        0.02        0.02    RRTM_CMBGB8_GPU@1
 1654     0.00     1542.718        0.000        0.000              1        0.02        0.02    SUECAESS:PART25@1
 1655     0.00     1542.718        0.000        0.000              1        0.02        0.13    SU_COUP_COM@1
 1656     0.00     1542.718        0.000        0.000              1        0.02        0.02    SUECAESD:PART25@1
 1657     0.00     1542.718        0.000        0.000              1        0.02        0.47    SPGEOM_MOD:SUSPGEOM@1
 1658     0.00     1542.718        0.000        0.000              2        0.01        0.09    FANMSG_MT@1
 1659     0.00     1542.718        0.000        0.000              1        0.01        0.02    RRTM_CMBGB11_GPU@1
 1660     0.00     1542.718        0.000        0.004              1        0.01        3.80    SUINTERPOLATOR@1
 1661     0.00     1542.718        0.000        0.000              7        0.00        0.00    RECMWF_PARALLEL:2:GET_DATA@1
 1662     0.00     1542.718        0.000        0.000              1        0.01        0.01    SURRTPK_GPU@1
 1663     0.00     1542.718        0.000        0.000              1        0.01        0.07    SUCAPE@1
 1664     0.00     1542.718        0.000        0.000              1        0.01        0.01    SULWN@1
 1665     0.00     1542.718        0.000        0.000              1        0.01        0.24    SUCT1@1
 1666     0.00     1542.718        0.000        0.000              1        0.01        0.07    IOSPECA_MOD:IOSPECA_SELECTD@1
 1667     0.00     1542.718        0.000        0.000              1        0.01        0.08    YOE_CUCONVCA:INI_CUCONVCA@1
 1668     0.00     1542.718        0.000        0.000              1        0.01        0.01    SUDIMF2@1
 1669     0.00     1542.718        0.000        0.001              1        0.01        0.57    SURAND1@1
 1670     0.00     1542.718        0.000        0.000              4        0.00        0.00    GRIB_API:IGRIB_GET_REAL8@1
 1671     0.00     1542.718        0.000        0.000              1        0.01        0.01    MODEL_MOD:MODEL_SET@1
 1672     0.00     1542.718        0.000        0.000              1        0.01        0.31    SUDWET@1
 1673     0.00     1542.718        0.000        0.000              2        0.01        0.01    FANOUV_MT@1
 1674     0.00     1542.718        0.000        0.000              1        0.01        0.24    YOMCVER:SUCVER@1
 1675     0.00     1542.718        0.000        0.000             28        0.00        0.00    SURFACE_FIELDS_MIX:SETUP_SFLP2@1
 1676     0.00     1542.718        0.000        0.000              3        0.00        0.01    FACIES_MT@1
 1677     0.00     1542.718        0.000        0.000              1        0.01        0.01    SRTM_CMBGB27_GPU@1
 1678     0.00     1542.718        0.000        0.000              1        0.01        0.31    SUDPRECIPS@1
 1679     0.00     1542.718        0.000        0.000              1        0.01        0.01    YOMLUN:RESERVE_LUN@1
 1680     0.00     1542.718        0.000        0.000             12        0.00        0.00    SPECTRAL_FIELDS_MOD:INTLOC@1
 1681     0.00     1542.718        0.000        0.000              1        0.01        0.45    SUGWD@1
 1682     0.00     1542.718        0.000        0.001              1        0.01        0.52    TRAJ_SETUP@1
 1683     0.00     1542.718        0.000        0.000              7        0.00        0.00    RECMWF_PARALLEL:1:NULLIFY@1
 1684     0.00     1542.718        0.000        0.000              8        0.00        0.00    UPDCAL@1
 1685     0.00     1542.718        0.000     1541.439              1        0.01  1541438.97    CNT2@1
 1686     0.00     1542.718        0.000        0.000              1        0.01        0.01    DISTRIBUTED_VECTORS_MIX:SETUP_DISTVEC@1
 1687     0.00     1542.718        0.000        0.000              1        0.01        0.49    SUPERTPAR@1
 1688     0.00     1542.718        0.000        0.000              1        0.01        0.01    SUMSC@1
 1689     0.00     1542.718        0.000        0.001              1        0.01        0.60    SUVDF@1
 1690     0.00     1542.718        0.000        0.000              2        0.01        0.01    INI_SPEC_DIST@1
 1691     0.00     1542.718        0.000        0.000              1        0.01        0.49    SUPPVI@1
 1692     0.00     1542.718        0.000        0.000              7        0.00        0.00    RECMWF_PARALLEL:ECRAD_POST:NULLIFY@1
 1693     0.00     1542.719        0.000        0.012              1        0.01       11.72    SUVERTFE@1
 1694     0.00     1542.719        0.000        0.000              1        0.01        0.01    RRTM_CMBGB10_GPU@1
 1695     0.00     1542.719        0.000        0.000              1        0.01        0.31    SUDVISI@1
 1696     0.00     1542.719        0.000        0.019              1        0.01       18.74    FIELDS_MOD:FIELDS_CONTAIN@1
 1697     0.00     1542.719        0.000        0.000              1        0.01        0.05    YOMGSGEOM:DEALLO_TGSGEOM_B@1
 1698     0.00     1542.719        0.000        0.000              1        0.01        0.03    INTDYN_MOD:SUINTDYN@1
 1699     0.00     1542.719        0.000        0.001              1        0.01        0.51    RG@1
 1700     0.00     1542.719        0.000        0.410              1        0.01      409.83    SUTRANS@1
 1701     0.00     1542.719        0.000        0.000              3        0.00        0.01    GPHPRE_EXPL@1
 1702     0.00     1542.719        0.000        0.000              1        0.01        0.46    SUGWWMS@1
 1703     0.00     1542.719        0.000        0.000              1        0.01        0.31    ENKF_MIX:SETUP_ENKF@1
 1704     0.00     1542.719        0.000        0.114              1        0.01      113.59    SUOPH@1
 1705     0.00     1542.719        0.000        0.000             24        0.00        0.00    INDEXFIND_MOD:INDINLOC@1
 1706     0.00     1542.719        0.000        0.000              1        0.01        0.01    AROINI_CONF@1
 1707     0.00     1542.719        0.000        0.000              8        0.00        0.00    SURFACE_FIELDS_MIX:SETUP_SFLP3@1
 1708     0.00     1542.719        0.000        0.000              3        0.00        0.01    GPHPRE@1
 1709     0.00     1542.719        0.000        0.086              1        0.01       86.46    SUPHY@1
 1710     0.00     1542.719        0.000        0.000              8        0.00        0.00    YOMCLMICST:MOMG@1
 1711     0.00     1542.719        0.000        0.000              2        0.00        0.00    GRIB_API:IGRIB_GET_INT@1
 1712     0.00     1542.719        0.000        0.000              1        0.01        0.45    SUINTFLEX@1
 1713     0.00     1542.719        0.000        0.000              2        0.00        0.00    IO_SERV_MAP_RECV_PART2@1
 1714     0.00     1542.719        0.000        0.000              1        0.01        0.01    MF_PHYS_SAVE_PHSURF_PART2_PARALLEL:PART2:GET_DATA@1
 1715     0.00     1542.719        0.000        0.000              1        0.01        0.01    SUWCOU@1
 1716     0.00     1542.719        0.000        0.000              3        0.00        0.00    GPHPRE_EXPL_VERTFE1@1
 1717     0.00     1542.719        0.000        0.000              1        0.01        0.01    SUALTDH@1
 1718     0.00     1542.719        0.000        0.000              1        0.01        0.01    LFICOM:NEW_LFI_DEFAULT@1
 1719     0.00     1542.719        0.000        0.000              2        0.00        0.01    SUPERGOM_CLASS:SUPERGOM_DESTROY@1
 1720     0.00     1542.719        0.000        0.000              3        0.00        0.00    FANDAI_MT@1
 1721     0.00     1542.719        0.000        0.000              1        0.01        0.01    CPTAVE_MOD:CPTAVE@1
 1722     0.00     1542.719        0.000        0.000              1        0.01        0.01    XUTRII@1
 1723     0.00     1542.719        0.000        0.002              1        0.01        1.89    radiation_cloud_optics:setup_cloud_optics_GPU@1
 1724     0.00     1542.719        0.000        0.000              1        0.01        0.01    SUVDFS@1
 1725     0.00     1542.719        0.000        0.000              2        0.00        0.01    STACK_MIX:GETSTACKUSAGEX@1
 1726     0.00     1542.719        0.000        0.000              2        0.00        0.01    SUPERGOM_CLASS:SUPERGOM_FINAL@1
 1727     0.00     1542.719        0.000        0.000              1        0.01        0.03    SUETLDIAG@1
 1728     0.00     1542.719        0.000        0.001              1        0.01        0.56    SPNG_MOD:SUSPNG@1
 1729     0.00     1542.719        0.000        0.000              1        0.01        0.01    SUVEXCS_MOD:SUVEXCS@1
 1730     0.00     1542.719        0.000        0.001              1        0.01        0.54    SUVWRK@1
 1731     0.00     1542.719        0.000        0.000              1        0.01        0.01    SUALMDH@1
 1732     0.00     1542.719        0.000        0.000              1        0.01        0.41    SUINI@1
 1733     0.00     1542.719        0.000        0.000              1        0.01        0.01    RRTM_CMBGB14_GPU@1
 1734     0.00     1542.719        0.000        0.000              1        0.01        0.46    SUMETHOX@1
 1735     0.00     1542.719        0.000        0.000              1        0.01        0.01    FIELD_CONTAINER_BASE_MOD:GET_ACTIVE_FIELDS@1
 1736     0.00     1542.719        0.000        0.000              1        0.01        0.01    IO_SERV_SUIOSCTMPL@1
 1737     0.00     1542.719        0.000        0.000              1        0.01        0.46    SUIAU@1
 1738     0.00     1542.719        0.000        0.000              1        0.01        0.01    SURRTFTR@1
 1739     0.00     1542.719        0.000        0.000              1        0.01        0.01    IOGRID_MOD:DEL_INDSEL@1
 1740     0.00     1542.719        0.000        0.004              3        0.00        1.31    "lfiouv_alts"@1:lfi_alts.c
 1741     0.00     1542.719        0.000        0.001              1        0.01        0.55    SUSCM@1
 1742     0.00     1542.719        0.000        0.000              1        0.01        0.01    SRTM_CMBGB23_GPU@1
 1743     0.00     1542.719        0.000        0.000              1        0.01        0.01    SUGRIDA_FIXUP@1
 1744     0.00     1542.719        0.000        0.000              1        0.01        0.01    SUALNUD@1
 1745     0.00     1542.719        0.000        0.001              1        0.01        0.57    GET_SPP_CONF@1
 1746     0.00     1542.719        0.000        0.021              1        0.01       20.63    IOGRID_MOD:IOGRID_SELECTFX@1
 1747     0.00     1542.719        0.000        0.000              1        0.01        0.01    RERESF_PART2@1
 1748     0.00     1542.719        0.000        0.000              1        0.01        0.01    radiation_config:consolidate_config_GPU@1
 1749     0.00     1542.719        0.000        0.050              1        0.01       50.44    IOSPECA_MOD:IOSPECA_SELECTFX@1
 1750     0.00     1542.719        0.000        0.000              1        0.01        0.01    PPSTA@1
 1751     0.00     1542.719        0.000        0.000              4        0.00        0.00    EINT_MOD:DEALLO_SL_STRUCT@1
 1752     0.00     1542.719        0.000        0.000              1        0.01        0.01    SUAPL_ARPEGE@1
 1753     0.00     1542.719        0.000        0.000              1        0.01        0.01    INI_CST@1
 1754     0.00     1542.719        0.000        0.000              1        0.01        0.01    SUSVEG_MOD:SUSVEG@1
 1755     0.00     1542.719        0.000        0.000              1        0.01        0.01    SCORDO@1
 1756     0.00     1542.719        0.000        0.000              1        0.01        0.01    RRTM_CMBGB6_GPU@1
 1757     0.00     1542.719        0.000        0.000              1        0.01        0.01    YOMLUN:FREE_LUN@1
 1758     0.00     1542.719        0.000        0.000              1        0.01        0.01    SUSRTM_GPU@1
 1759     0.00     1542.719        0.000        0.000              1        0.01        0.01    SUJFH@1
 1760     0.00     1542.719        0.000        0.000              3        0.00        0.00    SURF_INQ@1
 1761     0.00     1542.719        0.000        0.000              1        0.01        0.01    SUOPTPROMA@1
 1762     0.00     1542.719        0.000        0.000              1        0.01        0.01    BALANC@1
 1763     0.00     1542.719        0.000        0.000              1        0.01        0.01    SURWN_MOD:SURWN@1
 1764     0.00     1542.719        0.000        0.000              1        0.01        0.03    SUFRAME@1
 1765     0.00     1542.719        0.000        1.140              1        0.01     1140.41    CSTA@1
 1766     0.00     1542.719        0.000        0.000              1        0.01        0.01    INTDYNSL_MOD:SUINTDYNSL@1
 1767     0.00     1542.719        0.000        0.000             10        0.00        0.00    SEAPRE@1
 1768     0.00     1542.719        0.000        0.000              1        0.01        0.01    SUJBSKTECV@1
 1769     0.00     1542.719        0.000        0.000              6        0.00        0.00    FAINOC_MT@1
 1770     0.00     1542.719        0.000        0.000              1        0.01        0.01    ELTRAN@1
 1771     0.00     1542.719        0.000        0.021              1        0.01       21.19    SPEREE@1
 1772     0.00     1542.719        0.000        0.000             10        0.00        0.00    GFL_SUBS_MOD:SET_GFL_ATTR@1
 1773     0.00     1542.719        0.000        0.000              1        0.01        0.01    SUJBALPHACV@1
 1774     0.00     1542.719        0.000        0.000              2        0.00        0.00    GRIB_API:IGRIB_GET_MESSAGE_SIZE@1
 1775     0.00     1542.719        0.000        0.000              2        0.00        0.00    DEALLOCATE_IF_ASSOCIATED_MOD:DEALLOCATE_IF_ASSOCIATED_INTEGER_1D@1
 1776     0.00     1542.719        0.000        0.000              2        0.00        0.00    radiation_spectral_definition:allocate_bands_only_GPU@1
 1777     0.00     1542.719        0.000        0.000              1        0.00        0.27    SPGEOM_MOD:SUSMAP@1
 1778     0.00     1542.719        0.000        0.000              1        0.00        0.03    FACADE_MT@1
 1779     0.00     1542.719        0.000        0.000              1        0.00        0.01    SURRTRF_GPU@1
 1780     0.00     1542.719        0.000        0.000              1        0.00        0.01    ECRADFR@1
 1781     0.00     1542.719        0.000        0.000              1        0.00        0.02    YOMCSGEOM:DEALLO_TCSGEOM_NB@1
 1782     0.00     1542.719        0.000        0.000              2        0.00        0.01    FAIRNO_MT@1
 1783     0.00     1542.719        0.000        0.000              1        0.00        0.01    MODEL_MOD:MODEL_DELETE@1
 1784     0.00     1542.719        0.000        0.000              1        0.00        0.01    class_nvar%auto_finish@1
 1785     0.00     1542.719        0.000        0.000              1        0.00        0.01    radiation_aerosol_optics_data:set_types_GPU@1
 1786     0.00     1542.719        0.000        0.000              1        0.00        0.47    SUNUDGLH@1
 1787     0.00     1542.719        0.000        0.000              1        0.00        0.45    YOMGWDIAG:SETUP_GWDIAG@1
 1788     0.00     1542.719        0.000        0.000              1        0.00        0.01    FAGOTE_MT@1
 1789     0.00     1542.719        0.000        0.001              1        0.00        0.68    MF_PHYS_SAVE_PHSURF_PART2_PARALLEL@1
 1790     0.00     1542.719        0.000        0.000              1        0.00        0.00    SUSRTCOP@1
 1791     0.00     1542.719        0.000        0.000             10        0.00        0.00    SUCSLINT@1
 1792     0.00     1542.719        0.000        0.000              3        0.00        0.00    FADIEX_MT@1
 1793     0.00     1542.719        0.000        0.000              1        0.00        0.00    SLCSET:SLEXPOLSETUP@1
 1794     0.00     1542.719        0.000        0.000              1        0.00        0.00    MONVAR@1
 1795     0.00     1542.719        0.000        0.000              1        0.00        0.00    SUSAVTEND@1
 1796     0.00     1542.719        0.000        0.000              1        0.00        0.00    GMV_SUBS_MOD:SETUP_T9@1
 1797     0.00     1542.719        0.000        0.000              1        0.00        0.00    SUCOND@1
 1798     0.00     1542.719        0.000        0.000              1        0.00        0.08    SUSPECA_FIXUP@1
 1799     0.00     1542.719        0.000        0.002              1        0.00        1.70    MF_PHYS_SAVE_PHSURF_PART1_PARALLEL@1
 1800     0.00     1542.719        0.000        0.000              4        0.00        0.00    CPTAVE_MOD:AVECLA@1
 1801     0.00     1542.719        0.000        0.000              1        0.00        0.01    IOGRIDUA_MOD:IOGRIDUA_SELECT_WH@1
 1802     0.00     1542.719        0.000        0.000              7        0.00        0.00    RECMWF_PARALLEL:2:NULLIFY@1
 1803     0.00     1542.719        0.000        0.000              4        0.00        0.00    FALIMU_MT@1
 1804     0.00     1542.719        0.000        0.000              9        0.00        0.00    INTDYN_MOD:SUPTR_TXYB@1
 1805     0.00     1542.719        0.000        0.000              2        0.00        0.00    DEALLOCATE_IF_ASSOCIATED_MOD:DEALLOCATE_IF_ASSOCIATED_INTEGER_2D@1
 1806     0.00     1542.719        0.000        0.000              1        0.00        0.01    SUSPECA_MAP_PART2@1
 1807     0.00     1542.719        0.000        0.001              1        0.00        0.55    SUSATSIM@1
 1808     0.00     1542.719        0.000        0.058              1        0.00       58.42    SUGRIDU@1
 1809     0.00     1542.719        0.000        0.000              1        0.00        0.01    YOMCSGEOM:DEALLO_TCSGEOM_B@1
 1810     0.00     1542.719        0.000        0.000              1        0.00        0.00    SUAERV@1
 1811     0.00     1542.719        0.000        0.000              1        0.00        0.31    IOGRIDA_MOD:IOGRIDA_COUNT@1
 1812     0.00     1542.719        0.000        0.000              1        0.00        0.00    IOSPECA_MOD:IOSPECA_FINISH@1
 1813     0.00     1542.719        0.000        0.000              6        0.00        0.00    radiation_aerosol_optics_data:set_hydrophobic_type_GPU@1
 1814     0.00     1542.719        0.000        0.000              1        0.00        0.00    YOMVERT:ALLOC_INIT_TVAB@1
 1815     0.00     1542.719        0.000        0.000              1        0.00        0.00    SRTM_CMBGB25_GPU@1
 1816     0.00     1542.719        0.000        0.000              1        0.00        0.00    SUXIOS@1
 1817     0.00     1542.719        0.000        0.000              1        0.00        0.01    SUSRAD_MOD:SUSRAD@1
 1818     0.00     1542.719        0.000        0.000              1        0.00        0.00    FAREGI_MT@1
 1819     0.00     1542.719        0.000        0.000              3        0.00        0.00    IOMULTIBUF_MOD:IOMULTIBUF_SIZE_IDX@1
 1820     0.00     1542.719        0.000        0.000              1        0.00        0.00    FALSIFY_SURF_FLDS@1
 1821     0.00     1542.719        0.000        0.000              1        0.00        0.02    SUALSPA@1
 1822     0.00     1542.719        0.000        0.001              1        0.00        0.51    EIGSOL@1
 1823     0.00     1542.719        0.000        0.000              2        0.00        0.00    FALSIF_MT@1
 1824     0.00     1542.719        0.000        0.000              3        0.00        0.00    "lficas_alts"@1:lfi_alts.c
 1825     0.00     1542.719        0.000        0.000              1        0.00        0.07    SUECHK@1
 1826     0.00     1542.719        0.000        0.000              2        0.00        0.00    FAVORI_MT@1
 1827     0.00     1542.719        0.000        0.000              1        0.00        0.00    SUSURB_MOD:SUSURB@1
 1828     0.00     1542.719        0.000        0.000              1        0.00        0.45    SUIOS@1
 1829     0.00     1542.719        0.000        0.000              1        0.00        0.02    SUPHLI@1
 1830     0.00     1542.719        0.000        0.000              3        0.00        0.00    "lfiomg_alts"@1:lfi_alts.c
 1831     0.00     1542.719        0.000        0.000              2        0.00        0.00    YOE_SPECTRAL_PLANCK:FREE_SPECTRAL_PLANCK@1
 1832     0.00     1542.719        0.000        0.000              6        0.00        0.00    INTDYN_MOD:SUPTR_THWIND@1
 1833     0.00     1542.719        0.000        0.000              2        0.00        0.00    FAVEUR_MT@1
 1834     0.00     1542.719        0.000        0.000              2        0.00        0.00    AROINI_BUDGET@1
 1835     0.00     1542.719        0.000        0.000              1        0.00        0.00    SUAERH@1
 1836     0.00     1542.719        0.000        0.000              4        0.00        0.00    SUCFU:NEXTYPE1B@1
 1837     0.00     1542.719        0.000        0.000              1        0.00        0.00    FAGIOT_MT@1
 1838     0.00     1542.719        0.000        0.000              1        0.00        0.00    BALBAK@1
 1839     0.00     1542.719        0.000        0.000              1        0.00        0.00    SUSRTAER@1
 1840     0.00     1542.719        0.000        0.000              2        0.00        0.00    MFIOOPTS_MOD:MFIOOPTS_GETOPTS@1
 1841     0.00     1542.719        0.000        0.000              1        0.00        0.00    SPECTRAL_FIELDS_MOD:SETUP_SPEC@1
 1842     0.00     1542.719        0.000        0.000              1        0.00        0.00    SRFROOTFR_MOD:SRFROOTFR@1
 1843     0.00     1542.719        0.000        0.000              1        0.00        0.30    IOGRIDA_MOD:IOGRIDA_SELECTDP@1
 1844     0.00     1542.719        0.000        0.000              1        0.00        0.00    SUCLD@1
 1845     0.00     1542.719        0.000        0.000              5        0.00        0.00    INTDYN_MOD:SUPTR_TXYBDER@1
 1846     0.00     1542.719        0.000        0.000              1        0.00        0.00    UPDTIER@1
 1847     0.00     1542.719        0.000        0.000              1        0.00        0.00    SUHDIR@1
 1848     0.00     1542.719        0.000        0.000              1        0.00        0.00    SUGRIDUA_MAP_PART2@1
 1849     0.00     1542.719        0.000        0.000              1        0.00        0.00    class_nvar%finish@1
 1850     0.00     1542.719        0.000        0.000              3        0.00        0.00    DEALLOCATE_IF_ALLOCATED_MOD:DEALLOCATE_IF_ALLOCATED_REAL64_1D@1
 1851     0.00     1542.719        0.000        0.000              1        0.00        0.00    INI_CONVPAR0@1
 1852     0.00     1542.719        0.000        0.000              3        0.00        0.00    GRIDPOINT_FIELDS_MIX:HUGIFY_ENDGRID@1
 1853     0.00     1542.719        0.000        0.000              1        0.00        0.00    SUDEFO_VV1@1
 1854     0.00     1542.719        0.000        0.000              1        0.00        0.00    MF_PHYS_SAVE_PHSURF_PART1_PARALLEL:PART1:NULLIFY@1
 1855     0.00     1542.719        0.000        0.000              2        0.00        0.00    "lfinmg_altm"@1:lfi_altm.c
 1856     0.00     1542.719        0.000        0.000              4        0.00        0.00    INTDYN_MOD:SUPTR_TRCP@1
 1857     0.00     1542.719        0.000        0.000              2        0.00        0.00    INTDYNSL_MOD:SUPTR_TRSCAW@1
 1858     0.00     1542.719        0.000        0.000              1        0.00        0.00    MF_PHYS_SAVE_PHSURF_PART2_PARALLEL:PART2:NULLIFY@1
 1859     0.00     1542.719        0.000        0.000              4        0.00        0.00    INTDYN_MOD:SUPTR_TCTY@1
 1860     0.00     1542.719        0.000        0.000              1        0.00        0.00    IOSPECA_MOD:IOSPECA_VSETOFF@1
 1861     0.00     1542.719        0.000        0.000              1        0.00        0.00    SUSTHF_MOD:SUSTHF@1
 1862     0.00     1542.719        0.000        0.000              1        0.00        0.00    GSTATS_OUTPUT_IFS@1
 1863     0.00     1542.719        0.000        0.000              1        0.00        0.00    FP_SERV_EXIT@1
 1864     0.00     1542.719        0.000        0.000              2        0.00        0.00    "lfinmg_alts"@1:lfi_alts.c
 1865     0.00     1542.719        0.000        0.000              2        0.00        0.00    GMV_SUBS_MOD:SETUP_T0@1
 1866     0.00     1542.719        0.000        0.000              1        0.00        0.00    YEMLBC_INIT:SUELBC_INIT@1
 1867     0.00     1542.719        0.000        0.000              2        0.00        0.00    SU_CLOP550@1
 1868     0.00     1542.719        0.000        0.000              1        0.00        0.01    IOGRIDUA_MOD:IOGRIDUA_COUNT@1
 1869     0.00     1542.719        0.000        0.000              1        0.00        0.00    IO_SERV_EXIT@1
 1870     0.00     1542.719        0.000        0.000              2        0.00        0.00    DEALLOCATE_IF_ALLOCATED_MOD:DEALLOCATE_IF_ALLOCATED_INTEGER_1D@1
 1871     0.00     1542.719        0.000        0.000              1        0.00        0.00    MODEL_MOD:MODEL_UNSET@1
 1872     0.00     1542.719        0.000        0.000              2        0.00        0.00    FX2T@1
 1873     0.00     1542.719        0.000        0.000              2        0.00        0.00    IOMULTIBUF_MOD:IOMULTIBUF_INIT_IDX@1
 1874     0.00     1542.719        0.000        0.000              1        0.00        0.00    SUPTRGPPC@1
 1875     0.00     1542.719        0.000        0.000              1        0.00        0.00    MTRAJ_MOD:MTRAJ_DELETE@1
 1876     0.00     1542.719        0.000        0.000              1        0.00        0.00    FAAUTO_MT@1
 1877     0.00     1542.719        0.000        0.000              2        0.00        0.00    IOGRIDA_MOD:ROZO@1
 1878     0.00     1542.719        0.000        0.000              1        0.00        0.00    MODULE_RADTC_MIX:SUPTRTC@1
 1879     0.00     1542.719        0.000        0.000              1        0.00        0.00    INI_SPP@1
 1880     0.00     1542.719        0.000        0.001              1        0.00        0.63    SUFIELD_API@1
 1881     0.00     1542.719        0.000        0.000              1        0.00        0.00    SURAYFRIC@1
 1882     0.00     1542.719        0.000        0.000              1        0.00        0.00    INI_TURB@1
 1883     0.00     1542.719        0.000        0.000              1        0.00        0.00    INTDYN_MOD:SUPTR_TTND@1
 1884     0.00     1542.719        0.000        0.000              1        0.00        0.00    SUSPVARIABLES@1
 1885     0.00     1542.719        0.000        0.000              1        0.00        0.00    SUOVLP@1
 1886     0.00     1542.719        0.000        0.000              1        0.00        0.00    SUJBECPHYSECV@1
 1887     0.00     1542.719        0.000        0.000              1        0.00        0.00    IOSPECA_MOD:IOSPECA_COUNT@1
 1888     0.00     1542.719        0.000        0.000              2        0.00        0.00    INTDYNSL_MOD:SUPTR_TLSCAW@1
 1889     0.00     1542.719        0.000        0.000              1        0.00        0.00    SUGRIDA_FIX_TOZ@1
 1890     0.00     1542.719        0.000        0.000              1        0.00        0.00    SUIOSTREAM@1
 1891     0.00     1542.719        0.000        0.000              1        0.00        0.00    SUTRAJP@1
 1892     0.00     1542.719        0.000        0.000              1        0.00        0.00    YOMCST:TCST_INIT@1
 1893     0.00     1542.719        0.000        0.000              1        0.00        0.00    MODIFY_WV_CONTINUUM@1
 1894     0.00     1542.719        0.000        0.000              1        0.00        0.00    LFICOM:NEW_LFI@1
 1895     0.00     1542.719        0.000        0.000              1        0.00        0.00    SUGRIDA_FIXUP:SUGRIDA_FIX_SURFANALYSISMASK@1
 1896     0.00     1542.719        0.000        0.000              1        0.00        0.00    SUGRIDA_FIXUP:SUGRIDA_FIX_LSM@1
 1897     0.00     1542.719        0.000        0.000              1        0.00        0.00    SUVEXC_MOD:SUVEXC@1
 1898     0.00     1542.719        0.000        0.000              1        0.00        0.00    IOSPECA_MOD:IOSPECA_START@1
 1899     0.00     1542.719        0.000        0.000              1        0.00        0.00    TYPE_ECV:INITIALIZE_ECVDIM@1
 1900     0.00     1542.719        0.000        0.000              1        0.00        0.00    GMV_SUBS_MOD:SETUP_PH9@1
 1901     0.00     1542.719        0.000        0.000              1        0.00        0.00    SU1YOM@1
 1902     0.00     1542.719        0.000        0.000              1        0.00        0.00    SUSCST_MOD:SUSCST@1
 1903     0.00     1542.719        0.000        0.000              1        0.00        0.00    SUSFLAKE_MOD:SUSFLAKE@1
 1904     0.00     1542.719        0.000        0.000              1        0.00        0.00    SUAERL@1
 1905     0.00     1542.719        0.000        0.000              1        0.00        0.00    GMV_SUBS_MOD:SETUP_T1@1
 1906     0.00     1542.719        0.000        0.000              1        0.00        0.00    SU3YOM@1
 1907     0.00     1542.719        0.000        0.000              1        0.00        0.00    SUCST_IFSAUX@1
 1908     0.00     1542.719        0.000        0.000              1        0.00        0.00    SURDI@1
 1909     0.00     1542.719        0.000        0.000              1        0.00        0.00    INTDYN_MOD:SUPTR_TGMVT@1
 1910     0.00     1542.719        0.000        0.000              1        0.00        0.00    SUDEFO_TSTEP@1
 1911     0.00     1542.719        0.000        0.000              1        0.00        0.00    SU2YOM@1
 1912     0.00     1542.719        0.000        0.000              1        0.00        0.00    SRTM_CMBGB26_GPU@1
 1913     0.00     1542.719        0.000        0.000              1        0.00        0.00    INTDYNSL_MOD:SUPTR_TSCO@1
 1914     0.00     1542.719        0.000        0.000              1        0.00        0.00    INTDYNSL_MOD:SUPTR_TCCO@1
 1915     0.00     1542.719        0.000        0.000              1        0.00        0.00    INTDYN_MOD:SUPTR_TGFLT@1
 1916     0.00     1542.719        0.000        0.000              1        0.00        0.00    SRTM_KGB26@1
 1917     0.00     1542.719        0.000        0.000              1        0.00        0.00    INI_CONVPAR1@1
 1918     0.00     1542.719        0.000        0.000              1        0.00        0.00    GMV_SUBS_MOD:SETUP_GP@1
