Profiling information for program='/home/gmap/mrpm/marguina/gpupack/pack/49t2_openacc-bench.01.INTEL2302.2s/bin/MASTERODB', proc#1:
	No. of instrumented routines called : 1628
	Instrumentation started : 20240830 132115
	Instrumentation   ended : 20240830 133809
	Instrumentation overhead: 0.05%
	Memory usage : 76371 MB (heap), 15556 MB (rss), 755 MB (stack), 218698 MB (vmpeak), 0 (paging)
	Wall-time is 1013.61 sec on proc#1 (12 procs, 32 threads)
	Thread#1:     1013.20 sec (99.96%) -- Cycles: 2280773803365 (2281606329667)
	Thread#2:        3.92 sec (0.39%) -- Cycles: 8814054514 (2281606338173)
	Thread#3:        3.93 sec (0.39%) -- Cycles: 8840415684 (2281606329915)
	Thread#4:        3.92 sec (0.39%) -- Cycles: 8818914934 (2281606326720)
	Thread#5:        3.88 sec (0.38%) -- Cycles: 8737929305 (2281606347848)
	Thread#6:        3.98 sec (0.39%) -- Cycles: 8948469119 (2281606358985)
	Thread#7:        4.01 sec (0.40%) -- Cycles: 9019654241 (2281606351313)
	Thread#8:        3.99 sec (0.39%) -- Cycles: 8982579116 (2281606346160)
	Thread#9:        3.89 sec (0.38%) -- Cycles: 8767301247 (2281606334887)
	Thread#10:        3.83 sec (0.38%) -- Cycles: 8629498417 (2281606343910)
	Thread#11:        3.92 sec (0.39%) -- Cycles: 8829605915 (2281606338240)
	Thread#12:        3.96 sec (0.39%) -- Cycles: 8922026801 (2281606335293)
	Thread#13:        3.84 sec (0.38%) -- Cycles: 8642726539 (2281606338465)
	Thread#14:        3.84 sec (0.38%) -- Cycles: 8636849516 (2281606348837)
	Thread#15:        3.81 sec (0.38%) -- Cycles: 8581676957 (2281606340985)
	Thread#16:        3.90 sec (0.38%) -- Cycles: 8769501192 (2281606333807)
	Thread#17:        3.99 sec (0.39%) -- Cycles: 8980252108 (2281606338780)
	Thread#18:        3.92 sec (0.39%) -- Cycles: 8814975892 (2281606349737)
	Thread#19:        3.88 sec (0.38%) -- Cycles: 8740054770 (2281606342965)
	Thread#20:        3.88 sec (0.38%) -- Cycles: 8738470807 (2281606338870)
	Thread#21:        3.97 sec (0.39%) -- Cycles: 8934487883 (2281606362945)
	Thread#22:        3.97 sec (0.39%) -- Cycles: 8938320053 (2281606375050)
	Thread#23:        3.96 sec (0.39%) -- Cycles: 8923667180 (2281606364452)
	Thread#24:        3.91 sec (0.39%) -- Cycles: 8811557372 (2281606364048)
	Thread#25:        3.93 sec (0.39%) -- Cycles: 8841902910 (2281606361212)
	Thread#26:        3.95 sec (0.39%) -- Cycles: 8886378500 (2281606368570)
	Thread#27:        3.99 sec (0.39%) -- Cycles: 8982954463 (2281606362472)
	Thread#28:        4.01 sec (0.40%) -- Cycles: 9026180287 (2281606361235)
	Thread#29:        4.01 sec (0.40%) -- Cycles: 9022449386 (2281606361167)
	Thread#30:        3.97 sec (0.39%) -- Cycles: 8933133004 (2281606372035)
	Thread#31:        3.96 sec (0.39%) -- Cycles: 8925002322 (2281606364880)
	Thread#32:        3.99 sec (0.39%) -- Cycles: 8974287443 (2281606360672)

    #  % Time         Cumul         Self        Total     # of calls        Self       Total    Routine@<thread-id>
                                                                             (Size; Size/sec; Size/call; MinSize; MaxSize)
        (self)        (sec)        (sec)        (sec)                    ms/call     ms/call

    1    12.87      130.497      130.497      130.516          15764        8.28        8.28    radiation_mcica_acc_sw:solver_mcica_acc_sw_GPU@1
    2     9.29      224.705       94.208       94.208             37     2546.16     2546.17    ACVPPKF_PARALLEL:PART1:COMPUTE@1
    3     8.14      307.207       82.502       82.519          15764        5.23        5.23    radiation_mcica_acc_lw:solver_mcica_acc_lw_GPU@1
    4     7.60      384.257       77.050       77.050             74     1041.22     1041.22    SLCOMM3:SLCOMM3_INT@1
    5     5.82      443.254       58.997       58.997             37     1594.51     1594.52    ACVPPKF_PARALLEL:PART2:COMPUTE@1
    6     4.74      491.343       48.089       48.089            222      216.62      216.62    LARCINB_PARALLEL:LAITRE_GFL:COMPUTE@1
    7     4.37      535.596       44.254       44.254             37     1196.04     1196.05    LARCINB_PARALLEL:LRHS_CURV_F:COMPUTE@1
    8     3.52      571.296       35.700       35.700             37      964.87      964.87    APL_ARPEGE_INIT_PARALLEL:3:COMPUTE@1
    9     3.08      602.470       31.173       31.173             37      842.52      842.52    ACVPPKF_PARALLEL:PART3:COMPUTE@1
   10     2.86      631.429       28.960       28.969          15764        1.84        1.84    radiation_aerosol_optics:add_aerosol_optics_GPU@1
   11     2.66      658.357       26.928       26.928             37      727.78      727.79    ACVPPKF_PARALLEL:PART0:COMPUTE@1
   12     2.47      683.347       24.989       24.990             37      675.39      675.40    APL_ARPEGE_SURFACE_PARALLEL:ACDIFV1:COMPUTE@1
   13     1.95      703.156       19.809       19.810             37      535.39      535.39    LATTEX_PARALLEL:MAIN:COMPUTE@1
   14     1.90      722.461       19.306      119.461          15764        1.22        7.58    radiation_ifs_rrtm:gas_optics_rrtm_GPU@1
   15     1.36      736.216       13.755       13.755              7     1964.99     1964.99    RECMWF_PARALLEL:FINISH:COMPUTE@1
   16     1.34      749.779       13.563       13.565           3300        4.11        4.11    DELETE_TEMPORARIES@1
   17     1.03      760.224       10.444       10.444             37      282.28      282.28    APL_ARPEGE_SURFACE_PARALLEL:LMSE_F:COMPUTE@1
   18     0.94      769.724        9.501        9.501             37      256.78      256.78    APL_ARPEGE_INIT_PARALLEL:4:COMPUTE@1
   19     0.88      778.633        8.909        8.916          15764        0.57        0.57    RRTM_TAUMOL5_GPU@1
   20     0.86      787.345        8.711        8.718          15764        0.55        0.55    RRTM_TAUMOL3_GPU@1
   21     0.76      795.054        7.710        7.710              7     1101.40     1101.41    RECMWF_PARALLEL:PREPARE:COMPUTE@1
   22     0.71      802.245        7.191        7.191             37      194.34      194.34    LARCINB_PARALLEL:LAITRE_GMV:COMPUTE@1
   23     0.58      808.160        5.915       35.845          15764        0.38        2.27    SRTM_GAS_OPTICAL_DEPTH_GPU@1
   24     0.57      813.987        5.827       82.877             74       78.75     1119.96    SLCOMM3@1
   25     0.57      819.746        5.759        5.767          15764        0.37        0.37    radiation_ifs_rrtm:planck_function_atmos_GPU@1
   26     0.53      825.080        5.333        5.334             37      144.15      144.15    APL_ARPEGE_SURFACE_PARALLEL:ACDIFV2:COMPUTE@1
   27     0.52      830.321        5.241        5.241             37      141.65      141.66    APL_ARPEGE_INIT_PARALLEL:5:COMPUTE@1
   28     0.51      835.486        5.165        5.165             37      139.60      139.61    APL_ARPEGE_DEEP_CONVECTION_PARALLEL:CUCALLN_MF:COMPUTE@1
   29     0.47      840.281        4.795      788.789             37      129.59    21318.62    CPG_DRV@1
   30     0.44      844.701        4.419        4.420             37      119.44      119.45    APL_ARPEGE_SHALLOW_CONVECTION_AND_TURBULENCE_PARALLEL:ACTKE:COMPUTE@1
   31     0.43      849.102        4.401        4.407          15764        0.28        0.28    SRTM_TAUMOL21_GPU@1
   32     0.42      853.360        4.258        4.258             37      115.08      115.08    CPG_GP_HYD_PARALLEL:2:COMPUTE@1
   33     0.41      857.469        4.109        4.109             37      111.05      111.06    LARMES_PARALLEL:LARMES:COMPUTE@1
   34     0.36      861.136        3.667        3.667             37       99.11       99.12    APL_ARPEGE_DPRECIPS_PARALLEL:0:COMPUTE@1
   35     0.36      864.788        3.652        3.658          15764        0.23        0.23    SRTM_TAUMOL24_GPU@1
   36     0.36      868.434        3.646        3.646             37       98.55       98.55    LARCINB_PARALLEL:LCOMAD_SP:COMPUTE@1
   37     0.36      872.054        3.620       54.017          15764        0.23        3.43    RRTM_GAS_OPTICAL_DEPTH_GPU@1
   38     0.34      875.519        3.465        3.465             37       93.65       93.65    APL_ARPEGE_PRECIPITATION_PARALLEL:ACUPTQ:COMPUTE@1
   39     0.33      878.847        3.327        3.333          15764        0.21        0.21    RRTM_TAUMOL12_GPU@1
   40     0.33      882.169        3.322        3.328          15764        0.21        0.21    RRTM_TAUMOL9_GPU@1
   41     0.32      885.462        3.293        3.299          15764        0.21        0.21    SRTM_TAUMOL18_GPU@1
   42     0.32      888.755        3.293        3.299          15764        0.21        0.21    SRTM_TAUMOL19_GPU@1
   43     0.32      892.009        3.254        3.260          15764        0.21        0.21    RRTM_TAUMOL8_GPU@1
   44     0.31      895.189        3.180        3.186          15764        0.20        0.20    RRTM_TAUMOL7_GPU@1
   45     0.30      898.238        3.049        3.049             41       74.36       74.36    TRLTOG@1
   46     0.29      901.222        2.984        2.990          15764        0.19        0.19    RRTM_TAUMOL4_GPU@1
   47     0.29      904.202        2.980        2.986          15764        0.19        0.19    RRTM_TAUMOL1_GPU@1
   48     0.28      907.061        2.859        2.859             37       77.28       77.28    APL_ARPEGE_ATMOSPHERE_UPDATE_PARALLEL:CPTEND_NEW:COMPUTE@1
   49     0.27      909.840        2.779        2.785          15764        0.18        0.18    RRTM_TAUMOL2_GPU@1
   50     0.27      912.584        2.744        2.750          15764        0.17        0.17    RRTM_SETCOEF_140GP_GPU@1
   51     0.27      915.317        2.733        2.733             37       73.86       73.86    MF_PHYS_INIT_PARALLEL:ZERO:COMPUTE@1
   52     0.26      917.976        2.659        2.666          15764        0.17        0.17    radiation_cloud_optics:cloud_optics_GPU@1
   53     0.26      920.620        2.643        2.644             37       71.45       71.45    LAPINEA_PARALLEL:LARCINA:COMPUTE@1
   54     0.26      923.247        2.627        2.633          15764        0.17        0.17    SRTM_TAUMOL17_GPU@1
   55     0.26      925.837        2.590        2.596          15764        0.16        0.16    SRTM_TAUMOL20_GPU@1
   56     0.25      928.403        2.567        2.567             37       69.37       69.37    APL_ARPEGE_INIT_PARALLEL:2:COMPUTE@1
   57     0.25      930.964        2.561        2.561             37       69.21       69.21    APL_ARPEGE_RADIATION_PARALLEL:ACDAYD:COMPUTE@1
   58     0.25      933.457        2.493        2.493             37       67.37       67.38    TRLTOM@1
   59     0.24      935.883        2.426        2.431          15764        0.15        0.15    RRTM_TAUMOL11_GPU@1
   60     0.23      938.227        2.345        2.345             72       32.57       32.57    VERINT_DGEMM_1@1
   61     0.23      940.552        2.325        2.325             37       62.83       62.84    APL_ARPEGE_RADIATION_PARALLEL:RADHEAT:COMPUTE@1
   62     0.22      942.748        2.196        2.201          15764        0.14        0.14    SRTM_TAUMOL23_GPU@1
   63     0.21      944.884        2.136        2.142          15764        0.14        0.14    RRTM_TAUMOL13_GPU@1
   64     0.21      946.977        2.093        2.098          15764        0.13        0.13    RRTM_TAUMOL6_GPU@1
   65     0.20      949.047        2.070        2.071             37       55.96       55.96    LARCINB_PARALLEL:NVLAG_3:COMPUTE@1
   66     0.20      951.098        2.051        2.051             37       55.43       55.43    LARCINB_PARALLEL:NTLAG_3:COMPUTE@1
   67     0.20      953.132        2.034        2.034             37       54.98       54.99    APL_ARPEGE_INIT_PARALLEL:1:COMPUTE@1
   68     0.18      954.919        1.786        1.786             37       48.27       48.28    LASSIE_PARALLEL:SITNU:COMPUTE@1
   69     0.17      956.661        1.742        1.987             72       24.20       27.59    EXCHANGE_MS:EXCHANGE@1
   70     0.17      958.403        1.742        1.748          15764        0.11        0.11    SRTM_TAUMOL28_GPU@1
   71     0.17      960.129        1.726      368.619          15764        0.11       23.38    RADIATION_SCHEME_GPU@1
   72     0.16      961.771        1.641        1.642             57       28.80       28.80    TRGTOL@1
   73     0.15      963.294        1.524        1.530          15764        0.10        0.10    SRTM_TAUMOL16_GPU@1
   74     0.15      964.795        1.501        1.507          15764        0.10        0.10    SRTM_TAUMOL29_GPU@1
   75     0.14      966.254        1.458        1.464          15764        0.09        0.09    RRTM_TAUMOL10_GPU@1
   76     0.12      967.445        1.191        1.198          15764        0.08        0.08    SRTM_SETCOEF_GPU@1
   77     0.11      968.599        1.154        1.154             37       31.18       31.18    APL_ARPEGE_CLOUDINESS_PARALLEL:ACNEBCOND:COMPUTE@1
   78     0.11      969.747        1.148        1.154          15764        0.07        0.07    RRTM_TAUMOL15_GPU@1
   79     0.11      970.891        1.144        1.145             39       29.32       29.36    COMMSPNORM@1
   80     0.11      972.031        1.140        1.142           2590        0.44        0.44   *CPG_SL1B_TYPE_SHUFFLE_PB1@32
   81     0.11      972.031        1.133        1.135           2590        0.44        0.44    CPG_SL1B_TYPE_SHUFFLE_PB1@28
   82     0.11      972.031        1.131        1.134           2590        0.44        0.44    CPG_SL1B_TYPE_SHUFFLE_PB1@25
   83     0.11      972.031        1.131        1.133           2590        0.44        0.44    CPG_SL1B_TYPE_SHUFFLE_PB1@27
   84     0.11      972.031        1.130        1.132           2590        0.44        0.44    CPG_SL1B_TYPE_SHUFFLE_PB1@29
   85     0.11      972.031        1.129        1.131           2590        0.44        0.44    CPG_SL1B_TYPE_SHUFFLE_PB1@26
   86     0.11      972.031        1.127        1.129           2590        0.44        0.44    CPG_SL1B_TYPE_SHUFFLE_PB1@30
   87     0.11      972.031        1.127        1.129           2590        0.43        0.44    CPG_SL1B_TYPE_SHUFFLE_PB1@31
   88     0.11      972.031        1.126        1.129           2590        0.43        0.44    CPG_SL1B_TYPE_SHUFFLE_PB1@24
   89     0.11      972.031        1.125        1.128           2590        0.43        0.44    CPG_SL1B_TYPE_SHUFFLE_PB1@21
   90     0.11      972.031        1.125        1.127           2590        0.43        0.44    CPG_SL1B_TYPE_SHUFFLE_PB1@23
   91     0.11      972.031        1.124        1.127           2590        0.43        0.43    CPG_SL1B_TYPE_SHUFFLE_PB1@22
   92     0.11      972.031        1.124        1.126           2590        0.43        0.43    CPG_SL1B_TYPE_SHUFFLE_PB1@20
   93     0.11      972.031        1.124        1.126           2590        0.43        0.43    CPG_SL1B_TYPE_SHUFFLE_PB1@17
   94     0.11      972.031        1.123        1.125           2590        0.43        0.43    CPG_SL1B_TYPE_SHUFFLE_PB1@18
   95     0.11      972.031        1.122        1.125           2590        0.43        0.43    CPG_SL1B_TYPE_SHUFFLE_PB1@19
   96     0.11      973.143        1.112        1.117          15764        0.07        0.07    RRTM_TAUMOL16_GPU@1
   97     0.11      974.254        1.112        1.117          15764        0.07        0.07    SRTM_TAUMOL27_GPU@1
   98     0.11      974.254        1.086        1.090           2627        0.41        0.41    CPG_SL1B_TYPE_SHUFFLE_PB1@9
   99     0.11      975.340        1.086        1.086             41       26.48       26.49    TRMTOL@1
  100     0.11      976.426        1.086        1.086             37       29.34       29.35    CPG_GP_HYD_PARALLEL:1:COMPUTE@1
  101     0.11      976.426        1.084        1.087           2627        0.41        0.41    CPG_SL1B_TYPE_SHUFFLE_PB1@12
  102     0.11      976.426        1.084        1.086           2627        0.41        0.41    CPG_SL1B_TYPE_SHUFFLE_PB1@10
  103     0.11      976.426        1.083        1.086           2627        0.41        0.41    CPG_SL1B_TYPE_SHUFFLE_PB1@11
  104     0.11      976.426        1.083        1.086           2627        0.41        0.41    CPG_SL1B_TYPE_SHUFFLE_PB1@8
  105     0.11      976.426        1.079        1.082           2590        0.42        0.42    CPG_SL1B_TYPE_SHUFFLE_PB1@16
  106     0.11      976.426        1.078        1.082           2627        0.41        0.41    CPG_SL1B_TYPE_SHUFFLE_PB1@5
  107     0.11      976.426        1.078        1.081           2590        0.42        0.42    CPG_SL1B_TYPE_SHUFFLE_PB1@15
  108     0.11      976.426        1.077        1.079           2627        0.41        0.41    CPG_SL1B_TYPE_SHUFFLE_PB1@7
  109     0.11      976.426        1.077        1.079           2627        0.41        0.41    CPG_SL1B_TYPE_SHUFFLE_PB1@6
  110     0.11      976.426        1.075        1.077           2627        0.41        0.41    CPG_SL1B_TYPE_SHUFFLE_PB1@4
  111     0.11      976.426        1.074        1.077           2590        0.41        0.42    CPG_SL1B_TYPE_SHUFFLE_PB1@14
  112     0.11      976.426        1.073        1.076           2590        0.41        0.42    CPG_SL1B_TYPE_SHUFFLE_PB1@13
  113     0.11      976.426        1.072        1.075           2627        0.41        0.41    CPG_SL1B_TYPE_SHUFFLE_PB1@3
  114     0.11      976.426        1.071        1.073           2627        0.41        0.41    CPG_SL1B_TYPE_SHUFFLE_PB1@1
  115     0.11      976.426        1.068        1.071           2627        0.41        0.41    CPG_SL1B_TYPE_SHUFFLE_PB1@2
  116     0.09      977.372        0.946        0.952          15764        0.06        0.06    SRTM_TAUMOL22_GPU@1
  117     0.09      978.256        0.884        0.884             37       23.89       23.90    APL_ARPEGE_PARALLEL:QNGCOR:COMPUTE@1
  118     0.09      979.123        0.866        0.867            222        3.90        3.90    LARCINB_PARALLEL:RRINTOPT:COMPUTE@1
  119     0.09      979.988        0.866        0.866              1      865.58      865.59    SETUP_TRANS@1
  120     0.09      980.850        0.862        0.862             37       23.29       23.29    APL_ARPEGE_PARALLEL:ACTQSAT:COMPUTE@1
  121     0.08      981.643        0.793        0.798          15764        0.05        0.05    SRTM_TAUMOL25_GPU@1
  122     0.08      982.428        0.785        0.785             37       21.21       21.21    LAPINEB_PARALLEL:LARCHE:COMPUTE@1
  123     0.07      983.174        0.746        0.746             37       20.16       20.17    CPG_SL1B_TYPE_SET_HOST_PARALLEL@1
  124     0.07      983.910        0.737        0.737             37       19.91       19.91    APL_ARPEGE_PARALLEL:ACCLPH:COMPUTE@1
  125     0.06      984.568        0.658      111.398             37       17.78     3010.76    LAPINEB_DRV@1
  126     0.06      985.195        0.627        0.632          15764        0.04        0.04    radiation_flux:calc_surface_spectral_GPU@1
  127     0.06      985.785        0.590        0.590             37       15.95       15.95    CPG_GP_HYD_PARALLEL:0:COMPUTE@1
  128     0.06      986.372        0.587        0.587             37       15.87       15.87    LAVENT_PARALLEL:0:COMPUTE@1
  129     0.05      986.926        0.553        0.554            151        3.67        3.67   *LEINV_SGEMM_1@6
  130     0.05      986.926        0.552        0.552            156        3.54        3.54    LEINV_SGEMM_1@7
  131     0.05      986.926        0.545        0.545            117        4.66        4.66    LEINV_SGEMM_1@2
  132     0.05      986.926        0.541        0.541            117        4.63        4.63    LEINV_SGEMM_1@3
  133     0.05      986.926        0.540        0.540            156        3.46        3.46    LEINV_SGEMM_1@8
  134     0.05      986.926        0.539        0.540            119        4.53        4.53    LEINV_SGEMM_1@4
  135     0.05      987.462        0.536        0.536             37       14.49       14.49    APL_ARPEGE_PARALLEL:APLPAR_INIT:COMPUTE@1
  136     0.05      987.462        0.536        0.536            346        1.55        1.55    LEINV_SGEMM_1@29
  137     0.05      987.462        0.528        0.528            129        4.09        4.09    LEINV_SGEMM_1@5
  138     0.05      987.989        0.527        0.527             37       14.24       14.24    APL_ARPEGE_PARALLEL:ACDRAG:COMPUTE@1
  139     0.05      987.989        0.526        0.526            349        1.51        1.51    LEINV_SGEMM_1@28
  140     0.05      987.989        0.525        0.526            346        1.52        1.52    LEINV_SGEMM_1@27
  141     0.05      987.989        0.524        0.525            354        1.48        1.48    LEINV_SGEMM_1@30
  142     0.05      987.989        0.521        0.521            191        2.73        2.73    LEINV_SGEMM_1@11
  143     0.05      987.989        0.517        0.517            194        2.66        2.67    LEINV_SGEMM_1@12
  144     0.05      987.989        0.516        0.516            310        1.66        1.66    LEINV_SGEMM_1@21
  145     0.05      987.989        0.512        0.512            347        1.47        1.47    LEINV_SGEMM_1@32
  146     0.05      987.989        0.509        0.509            157        3.24        3.24    LEINV_SGEMM_1@9
  147     0.05      988.497        0.508        0.509             37       13.74       13.74    MF_PHYS_PREP_PARALLEL:PREP:COMPUTE@1
  148     0.05      989.005        0.508        5.599             37       13.73      151.32    DIR_TRANS@1
  149     0.05      989.005        0.508        0.508            339        1.50        1.50    LEINV_SGEMM_1@31
  150     0.05      989.005        0.506        0.506            312        1.62        1.62    LEINV_SGEMM_1@22
  151     0.05      989.510        0.505        6.198             41       12.32      151.17    INV_TRANS@1
  152     0.05      989.510        0.504        0.504            273        1.84        1.85    LEINV_SGEMM_1@17
  153     0.05      989.510        0.503        0.504            137        3.67        3.68    LEINV_SGEMM_1@1
  154     0.05      989.510        0.503        0.503            312        1.61        1.61    LEINV_SGEMM_1@23
  155     0.05      989.510        0.501        0.501            261        1.92        1.92    LEINV_SGEMM_1@16
  156     0.05      989.510        0.499        0.500            332        1.50        1.50    LEINV_SGEMM_1@26
  157     0.05      990.007        0.497        0.498            380        1.31        1.31   *FFT992@6
  158     0.05      990.007        0.497        0.497            164        3.03        3.03    LEINV_SGEMM_1@10
  159     0.05      990.007        0.496        0.496            381        1.30        1.30    FFT992@1
  160     0.05      990.501        0.494        0.494             37       13.34       13.34    APL_ARPEGE_PARALLEL:ZBAY_QRCONV:COMPUTE@1
  161     0.05      990.501        0.493        0.494            378        1.31        1.31    FFT992@7
  162     0.05      990.501        0.492        0.492            273        1.80        1.80    LEINV_SGEMM_1@18
  163     0.05      990.501        0.491        0.492            313        1.57        1.57    LEINV_SGEMM_1@24
  164     0.05      990.501        0.491        0.492            197        2.49        2.50    LEINV_SGEMM_1@13
  165     0.05      990.992        0.491        0.491             37       13.26       13.27    APL_ARPEGE_PARALLEL:ACDRME:COMPUTE@1
  166     0.05      990.992        0.486        0.487            366        1.33        1.33    FFT992@4
  167     0.05      991.477        0.486        2.831             72        6.74       39.32    VERINTACC@1
  168     0.05      991.477        0.485        0.485            236        2.05        2.05    LEINV_SGEMM_1@15
  169     0.05      991.477        0.485        0.485            374        1.30        1.30    FFT992@3
  170     0.05      991.477        0.482        0.482            203        2.37        2.37    LEINV_SGEMM_1@14
  171     0.05      991.477        0.480        0.480            319        1.50        1.50    LEINV_SGEMM_1@25
  172     0.05      991.954        0.477        0.482          15764        0.03        0.03    RRTM_TAUMOL14_GPU@1
  173     0.05      991.954        0.477        0.477            273        1.75        1.75    LEINV_SGEMM_1@19
  174     0.05      991.954        0.475        0.475            450        1.06        1.06    FFT992@12
  175     0.05      992.422        0.468        0.474          15764        0.03        0.03    RRTM_PREPARE_GASES_GPU@1
  176     0.05      992.422        0.466        0.466            278        1.68        1.68    LEINV_SGEMM_1@20
  177     0.05      992.887        0.465        0.465             37       12.57       12.57    APL_ARPEGE_DEEP_CONVECTION_PARALLEL:INIT:COMPUTE@1
  178     0.05      992.887        0.461        0.462            973        0.47        0.47    FFT992@32
  179     0.05      993.348        0.460        0.461            346        1.33        1.33   *LEINV_SGEMM_2@27
  180     0.05      993.348        0.459        0.460            353        1.30        1.30    FFT992@2
  181     0.05      993.348        0.459        0.459            396        1.16        1.16    FFT992@5
  182     0.05      993.348        0.459        0.459            444        1.03        1.03    FFT992@8
  183     0.05      993.348        0.457        0.457            310        1.47        1.47    LEINV_SGEMM_2@21
  184     0.05      993.348        0.457        0.457            349        1.31        1.31    LEINV_SGEMM_2@28
  185     0.04      993.348        0.454        0.455            312        1.46        1.46    LEINV_SGEMM_2@22
  186     0.04      993.348        0.452        0.452            156        2.89        2.90    LEINV_SGEMM_2@7
  187     0.04      993.348        0.450        0.451            156        2.89        2.89    LEINV_SGEMM_2@8
  188     0.04      993.348        0.450        0.451            442        1.02        1.02    FFT992@9
  189     0.04      993.348        0.448        0.448            312        1.44        1.44    LEINV_SGEMM_2@23
  190     0.04      993.348        0.448        0.448            191        2.34        2.35    LEINV_SGEMM_2@11
  191     0.04      993.348        0.447        0.447            273        1.64        1.64    LEINV_SGEMM_2@17
  192     0.04      993.348        0.446        0.447            772        0.58        0.58    FFT992@24
  193     0.04      993.348        0.446        0.447            829        0.54        0.54    FFT992@26
  194     0.04      993.348        0.444        0.445            659        0.67        0.68    FFT992@17
  195     0.04      993.348        0.444        0.445            830        0.54        0.54    FFT992@25
  196     0.04      993.348        0.444        0.444            151        2.94        2.94    LEINV_SGEMM_2@6
  197     0.04      993.348        0.444        0.445            424        1.05        1.05    FFT992@10
  198     0.04      993.348        0.443        0.443            194        2.28        2.28    LEINV_SGEMM_2@12
  199     0.04      993.348        0.443        0.444            934        0.47        0.48    FFT992@31
  200     0.04      993.348        0.443        0.443            261        1.70        1.70    LEINV_SGEMM_2@16
  201     0.04      993.348        0.441        0.442            677        0.65        0.65    FFT992@18
  202     0.04      993.348        0.441        0.441            313        1.41        1.41    LEINV_SGEMM_2@24
  203     0.04      993.348        0.440        0.441            510        0.86        0.86    FFT992@14
  204     0.04      993.348        0.440        0.440            522        0.84        0.84    FFT992@13
  205     0.04      993.348        0.439        0.440            941        0.47        0.47    FFT992@30
  206     0.04      993.348        0.438        0.439            905        0.48        0.48    FFT992@29
  207     0.04      993.348        0.437        0.438            346        1.26        1.26    LEINV_SGEMM_2@29
  208     0.04      993.348        0.437        0.437            332        1.32        1.32    LEINV_SGEMM_2@26
  209     0.04      993.348        0.436        0.438            877        0.50        0.50    FFT992@28
  210     0.04      993.348        0.436        0.437            354        1.23        1.23    LEINV_SGEMM_2@30
  211     0.04      993.348        0.436        0.436            273        1.60        1.60    LEINV_SGEMM_2@18
  212     0.04      993.348        0.435        0.435            702        0.62        0.62    FFT992@20
  213     0.04      993.348        0.434        0.434            347        1.25        1.25    LEINV_SGEMM_2@32
  214     0.04      993.348        0.433        0.433            836        0.52        0.52    FFT992@27
  215     0.04      993.348        0.432        0.433            778        0.56        0.56    FFT992@23
  216     0.04      993.348        0.431        0.431            588        0.73        0.73    FFT992@16
  217     0.04      993.348        0.430        0.430            485        0.89        0.89    FFT992@11
  218     0.04      993.348        0.429        0.430            273        1.57        1.57    LEINV_SGEMM_2@19
  219     0.04      993.348        0.429        0.429            339        1.27        1.27    LEINV_SGEMM_2@31
  220     0.04      993.348        0.429        0.429            137        3.13        3.13    LEINV_SGEMM_2@1
  221     0.04      993.348        0.428        0.429            319        1.34        1.34    LEINV_SGEMM_2@25
  222     0.04      993.348        0.426        0.426            157        2.71        2.71    LEINV_SGEMM_2@9
  223     0.04      993.772        0.424        0.424             37       11.47       11.47    APL_ARPEGE_DEEP_CONVECTION_PARALLEL:ZERO:COMPUTE@1
  224     0.04      993.772        0.424        0.424            117        3.62        3.63    LEINV_SGEMM_2@2
  225     0.04      993.772        0.423        0.423            236        1.79        1.79    LEINV_SGEMM_2@15
  226     0.04      993.772        0.422        0.423            704        0.60        0.60    FFT992@19
  227     0.04      993.772        0.421        0.421            733        0.57        0.57    FFT992@22
  228     0.04      993.772        0.420        0.420            119        3.53        3.53    LEINV_SGEMM_2@4
  229     0.04      994.191        0.419        0.419            324        1.29        1.29    SCAN2M_TS_PARALLEL:0:COMPUTE@1
  230     0.04      994.191        0.419        0.419            278        1.51        1.51    LEINV_SGEMM_2@20
  231     0.04      994.191        0.418        0.418            164        2.55        2.55    LEINV_SGEMM_2@10
  232     0.04      994.191        0.418        0.418            197        2.12        2.12    LEINV_SGEMM_2@13
  233     0.04      994.191        0.418        0.418            117        3.57        3.57    LEINV_SGEMM_2@3
  234     0.04      994.191        0.417        0.418            556        0.75        0.75    FFT992@15
  235     0.04      994.191        0.416        0.417            203        2.05        2.05    LEINV_SGEMM_2@14
  236     0.04      994.191        0.415        0.415            129        3.21        3.22    LEINV_SGEMM_2@5
  237     0.04      994.191        0.411        0.412            713        0.58        0.58    FFT992@21
  238     0.04      994.589        0.398        0.398             74        5.38        5.38    GPMPFC_EXPL_PARALLEL:1:COMPUTE@1
  239     0.04      994.976        0.387        0.388            555        0.70        0.70    GPRCP_EXPL_PARALLEL:1:COMPUTE@1
  240     0.04      995.363        0.386        0.823            282        1.37        2.92   *LTDIR_MOD@25
  241     0.04      995.742        0.379        0.379            222        1.71        1.71    LAPINEB_PARALLEL:CVGQ:COMPUTE@1
  242     0.04      995.742        0.370        0.838            272        1.36        3.08    LTDIR_MOD@22
  243     0.04      995.742        0.370        0.837            270        1.37        3.10    LTDIR_MOD@23
  244     0.04      995.742        0.370        0.849            312        1.19        2.72    LTDIR_MOD@28
  245     0.04      995.742        0.370        0.831            295        1.25        2.82    LTDIR_MOD@26
  246     0.04      995.742        0.369        0.853            314        1.18        2.72    LTDIR_MOD@29
  247     0.04      995.742        0.368        0.839            271        1.36        3.10    LTDIR_MOD@21
  248     0.04      995.742        0.368        0.834            300        1.23        2.78    LTDIR_MOD@27
  249     0.04      996.107        0.366        0.366             36       10.16       10.17    SPCSIDG_PART0ACC2@1
  250     0.04      996.470        0.362        0.362            117        3.10        3.10   *LEDIR_SGEMM_1@1
  251     0.04      996.470        0.362        0.801            269        1.35        2.98    LTDIR_MOD@24
  252     0.04      996.829        0.360        0.364          15764        0.02        0.02    LIQUID_EFFECTIVE_RADIUS_GPU@1
  253     0.04      996.829        0.358        0.839            270        1.33        3.11    LTDIR_MOD@20
  254     0.04      997.185        0.356        0.356            333        1.07        1.07    CPUTQY0_PARALLEL:PVAR:COMPUTE@1
  255     0.03      997.540        0.355        0.355             37        9.59        9.59    APL_ARPEGE_DEEP_CONVECTION_PARALLEL:ACUPTQ:COMPUTE@1
  256     0.03      997.892        0.352        0.352             37        9.52        9.52    APL_ARPEGE_DEEP_CONVECTION_PARALLEL:COPY:COMPUTE@1
  257     0.03      997.892        0.350        0.823            262        1.34        3.14    LTDIR_MOD@19
  258     0.03      998.242        0.349        0.349             74        4.72        4.72    LAPINEB_PARALLEL:ROTUVGEO:COMPUTE@1
  259     0.03      998.589        0.348        0.348             72        4.83        4.83    VERINTSACC@1
  260     0.03      998.937        0.348        0.348             37        9.40        9.40    LATTES_PARALLEL:0:COMPUTE@1
  261     0.03      999.281        0.344        1.295            273        1.26        4.74   *LTINV_MOD@17
  262     0.03      999.624        0.344        0.344             37        9.29        9.29    CPG_GP_PARALLEL:GPINISLB_PART1_EXPL:COMPUTE@1
  263     0.03      999.968        0.343        0.343             37        9.27        9.28    APL_ARPEGE_PARALLEL:DIFTQ:COMPUTE@1
  264     0.03      999.968        0.341        0.802            246        1.39        3.26    LTDIR_MOD@18
  265     0.03      999.968        0.339        0.831            251        1.35        3.31    LTDIR_MOD@17
  266     0.03      999.968        0.338        1.300            312        1.08        4.17    LTINV_MOD@22
  267     0.03      999.968        0.336        1.264            273        1.23        4.63    LTINV_MOD@18
  268     0.03      999.968        0.334        0.334            119        2.80        2.81    LEDIR_SGEMM_1@3
  269     0.03      999.968        0.334        0.334            120        2.78        2.78    LEDIR_SGEMM_1@2
  270     0.03     1000.301        0.333      368.953              7       47.61    52707.51    RECMWF_PARALLEL:ECRAD_GPU:COMPUTE@1
  271     0.03     1000.301        0.332        1.283            312        1.06        4.11    LTINV_MOD@23
  272     0.03     1000.301        0.331        0.836            325        1.02        2.57    LTDIR_MOD@30
  273     0.03     1000.301        0.329        1.302            310        1.06        4.20    LTINV_MOD@21
  274     0.03     1000.301        0.326        0.326            120        2.71        2.72    LEDIR_SGEMM_1@4
  275     0.03     1000.301        0.325        1.258            313        1.04        4.02    LTINV_MOD@24
  276     0.03     1000.301        0.324        1.262            339        0.95        3.72    LTINV_MOD@31
  277     0.03     1000.301        0.323        1.255            137        2.36        9.16    LTINV_MOD@1
  278     0.03     1000.301        0.323        0.323            123        2.63        2.63    LEDIR_SGEMM_1@5
  279     0.03     1000.301        0.323        1.267            261        1.24        4.85    LTINV_MOD@16
  280     0.03     1000.301        0.323        1.231            319        1.01        3.86    LTINV_MOD@25
  281     0.03     1000.301        0.322        0.322            162        1.99        1.99    LEDIR_SGEMM_1@8
  282     0.03     1000.301        0.321        0.321            147        2.18        2.18    LEDIR_SGEMM_1@7
  283     0.03     1000.301        0.321        1.227            273        1.17        4.50    LTINV_MOD@19
  284     0.03     1000.301        0.319        1.293            346        0.92        3.74    LTINV_MOD@29
  285     0.03     1000.301        0.318        1.301            349        0.91        3.73    LTINV_MOD@28
  286     0.03     1000.618        0.318        0.318             37        8.58        8.59    CPG_DIA_FLU_PARALLEL:0:COMPUTE@1
  287     0.03     1000.618        0.316        1.263            347        0.91        3.64    LTINV_MOD@32
  288     0.03     1000.618        0.316        0.316            168        1.88        1.88    LEDIR_SGEMM_1@9
  289     0.03     1000.618        0.314        1.300            346        0.91        3.76    LTINV_MOD@27
  290     0.03     1000.618        0.314        1.199            278        1.13        4.31    LTINV_MOD@20
  291     0.03     1000.618        0.313        1.282            191        1.64        6.71    LTINV_MOD@11
  292     0.03     1000.618        0.312        1.274            354        0.88        3.60    LTINV_MOD@30
  293     0.03     1000.618        0.312        0.312            212        1.47        1.47    LEDIR_SGEMM_1@12
  294     0.03     1000.618        0.311        0.311            128        2.43        2.43    LEDIR_SGEMM_1@6
  295     0.03     1000.618        0.308        0.308            195        1.58        1.58    LEDIR_SGEMM_1@11
  296     0.03     1000.618        0.306        1.243            332        0.92        3.74    LTINV_MOD@26
  297     0.03     1000.618        0.305        0.841            330        0.93        2.55    LTDIR_MOD@31
  298     0.03     1000.618        0.304        1.265            194        1.57        6.52    LTINV_MOD@12
  299     0.03     1000.618        0.304        1.203            203        1.50        5.92    LTINV_MOD@14
  300     0.03     1000.618        0.304        1.212            236        1.29        5.14    LTINV_MOD@15
  301     0.03     1000.618        0.303        1.213            197        1.54        6.16    LTINV_MOD@13
  302     0.03     1000.618        0.302        0.834            328        0.92        2.54    LTDIR_MOD@32
  303     0.03     1000.618        0.300        1.291            156        1.93        8.28    LTINV_MOD@8
  304     0.03     1000.618        0.300        1.298            151        1.99        8.60    LTINV_MOD@6
  305     0.03     1000.618        0.300        1.304            156        1.92        8.36    LTINV_MOD@7
  306     0.03     1000.618        0.299        0.299            277        1.08        1.08    LEDIR_SGEMM_1@16
  307     0.03     1000.618        0.298        0.298            175        1.70        1.70    LEDIR_SGEMM_1@10
  308     0.03     1000.618        0.298        0.298            233        1.28        1.28    LEDIR_SGEMM_1@14
  309     0.03     1000.618        0.296        0.296            214        1.38        1.38    LEDIR_SGEMM_1@13
  310     0.03     1000.913        0.294        0.294             37        7.95        7.96    ACVPPKF_PARALLEL:PART2:GET_DATA@1
  311     0.03     1000.913        0.293        1.208            164        1.79        7.37    LTINV_MOD@10
  312     0.03     1000.913        0.291        0.291            256        1.14        1.14    LEDIR_SGEMM_1@15
  313     0.03     1000.913        0.288        1.223            157        1.84        7.79    LTINV_MOD@9
  314     0.03     1001.198        0.285        0.285            162        1.76        1.76   *LEDIR_SGEMM_2@8
  315     0.03     1001.198        0.284        1.254            117        2.43       10.72    LTINV_MOD@2
  316     0.03     1001.198        0.282        0.282            120        2.35        2.35    LEDIR_SGEMM_2@2
  317     0.03     1001.198        0.282        0.282            212        1.33        1.33    LEDIR_SGEMM_2@12
  318     0.03     1001.198        0.280        0.280            117        2.39        2.39    LEDIR_SGEMM_2@1
  319     0.03     1001.198        0.280        0.280            119        2.35        2.35    LEDIR_SGEMM_2@3
  320     0.03     1001.198        0.279        0.279            328        0.85        0.85    LEDIR_SGEMM_1@32
  321     0.03     1001.198        0.279        0.279            147        1.90        1.90    LEDIR_SGEMM_2@7
  322     0.03     1001.198        0.279        0.279            120        2.32        2.32    LEDIR_SGEMM_2@4
  323     0.03     1001.198        0.277        0.277            330        0.84        0.84    LEDIR_SGEMM_1@31
  324     0.03     1001.198        0.276        0.276            277        1.00        1.00    LEDIR_SGEMM_2@16
  325     0.03     1001.198        0.276        0.276            168        1.64        1.64    LEDIR_SGEMM_2@9
  326     0.03     1001.198        0.275        1.235            117        2.35       10.55    LTINV_MOD@3
  327     0.03     1001.198        0.275        0.275            195        1.41        1.41    LEDIR_SGEMM_2@11
  328     0.03     1001.198        0.274        1.217            129        2.13        9.44    LTINV_MOD@5
  329     0.03     1001.198        0.274        0.274            233        1.18        1.18    LEDIR_SGEMM_2@14
  330     0.03     1001.470        0.272        0.272             37        7.35        7.35    APL_ARPEGE_PARALLEL:CPPHINP:COMPUTE@1
  331     0.03     1001.470        0.269        0.269            123        2.19        2.19    LEDIR_SGEMM_2@5
  332     0.03     1001.470        0.268        0.268            256        1.05        1.05    LEDIR_SGEMM_2@15
  333     0.03     1001.470        0.268        1.228            119        2.25       10.32    LTINV_MOD@4
  334     0.03     1001.470        0.268        0.268            128        2.09        2.09    LEDIR_SGEMM_2@6
  335     0.03     1001.470        0.267        0.267            214        1.25        1.25    LEDIR_SGEMM_2@13
  336     0.03     1001.470        0.265        0.266            175        1.52        1.52    LEDIR_SGEMM_2@10
  337     0.03     1001.732        0.262        0.301         141876        0.00        0.00    radiation_gas:put_gas_GPU@1
  338     0.03     1001.993        0.261        0.261            222        1.18        1.18    LAPINEB_PARALLEL:ZERO_GMV9:COMPUTE@1
  339     0.03     1001.993        0.260        0.260            325        0.80        0.80    LEDIR_SGEMM_1@30
  340     0.03     1001.993        0.258        0.258            330        0.78        0.78    LEDIR_SGEMM_2@31
  341     0.03     1002.248        0.255        0.255            222        1.15        1.15    LATTEX_EXPL_2TL_PARALLEL:3:COMPUTE@1
  342     0.02     1002.248        0.253        0.828            277        0.91        2.99    LTDIR_MOD@16
  343     0.02     1002.248        0.252        0.253            328        0.77        0.77    LEDIR_SGEMM_2@32
  344     0.02     1002.248        0.252        0.252            251        1.00        1.01    LEDIR_SGEMM_1@17
  345     0.02     1002.248        0.248        0.820            233        1.06        3.52    LTDIR_MOD@14
  346     0.02     1002.248        0.247        0.248            314        0.79        0.79    LEDIR_SGEMM_1@29
  347     0.02     1002.248        0.247        0.854            162        1.52        5.27    LTDIR_MOD@8
  348     0.02     1002.248        0.246        0.246            270        0.91        0.91    LEDIR_SGEMM_1@20
  349     0.02     1002.248        0.246        0.246            312        0.79        0.79    LEDIR_SGEMM_1@28
  350     0.02     1002.248        0.246        0.809            214        1.15        3.78    LTDIR_MOD@13
  351     0.02     1002.248        0.245        0.245            325        0.75        0.75    LEDIR_SGEMM_2@30
  352     0.02     1002.248        0.244        0.244            271        0.90        0.90    LEDIR_SGEMM_1@21
  353     0.02     1002.248        0.243        0.802            256        0.95        3.13    LTDIR_MOD@15
  354     0.02     1002.248        0.243        0.837            212        1.15        3.95    LTDIR_MOD@12
  355     0.02     1002.248        0.242        0.243            270        0.90        0.90    LEDIR_SGEMM_1@23
  356     0.02     1002.248        0.242        0.242            272        0.89        0.89    LEDIR_SGEMM_1@22
  357     0.02     1002.248        0.240        0.240            262        0.92        0.92    LEDIR_SGEMM_1@19
  358     0.02     1002.248        0.240        0.240            251        0.96        0.96    LEDIR_SGEMM_2@17
  359     0.02     1002.248        0.240        0.240            300        0.80        0.80    LEDIR_SGEMM_1@27
  360     0.02     1002.248        0.237        0.820            195        1.22        4.21    LTDIR_MOD@11
  361     0.02     1002.248        0.237        0.829            168        1.41        4.93    LTDIR_MOD@9
  362     0.02     1002.248        0.236        0.237            295        0.80        0.80    LEDIR_SGEMM_1@26
  363     0.02     1002.248        0.235        0.236            314        0.75        0.75    LEDIR_SGEMM_2@29
  364     0.02     1002.248        0.234        0.234            270        0.87        0.87    LEDIR_SGEMM_2@20
  365     0.02     1002.482        0.234        0.234             37        6.33        6.33    CPUTQY_APLPAR_EXPL_PARALLEL:ZDEC:COMPUTE@1
  366     0.02     1002.482        0.234        0.234            246        0.95        0.95    LEDIR_SGEMM_1@18
  367     0.02     1002.482        0.232        0.232            312        0.74        0.74    LEDIR_SGEMM_2@28
  368     0.02     1002.482        0.232        0.232            262        0.88        0.89    LEDIR_SGEMM_2@19
  369     0.02     1002.482        0.232        0.836            120        1.93        6.97    LTDIR_MOD@4
  370     0.02     1002.482        0.231        0.847            120        1.93        7.06    LTDIR_MOD@2
  371     0.02     1002.482        0.230        0.844            119        1.93        7.09    LTDIR_MOD@3
  372     0.02     1002.482        0.230        0.830            147        1.57        5.65    LTDIR_MOD@7
  373     0.02     1002.482        0.228        0.792            175        1.30        4.52    LTDIR_MOD@10
  374     0.02     1002.482        0.228        0.820            123        1.85        6.67    LTDIR_MOD@5
  375     0.02     1002.482        0.227        0.227            246        0.92        0.92    LEDIR_SGEMM_2@18
  376     0.02     1002.482        0.226        0.227            271        0.84        0.84    LEDIR_SGEMM_2@21
  377     0.02     1002.482        0.226        0.226            300        0.75        0.75    LEDIR_SGEMM_2@27
  378     0.02     1002.482        0.225        0.225            272        0.83        0.83    LEDIR_SGEMM_2@22
  379     0.02     1002.482        0.225        0.225            282        0.80        0.80    LEDIR_SGEMM_1@25
  380     0.02     1002.482        0.225        0.225            269        0.84        0.84    LEDIR_SGEMM_1@24
  381     0.02     1002.482        0.225        0.225            295        0.76        0.76    LEDIR_SGEMM_2@26
  382     0.02     1002.482        0.224        0.224            270        0.83        0.83    LEDIR_SGEMM_2@23
  383     0.02     1002.482        0.220        0.800            128        1.72        6.25    LTDIR_MOD@6
  384     0.02     1002.482        0.214        0.214            269        0.79        0.80    LEDIR_SGEMM_2@24
  385     0.02     1002.482        0.211        0.212            282        0.75        0.75    LEDIR_SGEMM_2@25
  386     0.02     1002.692        0.210        0.210             37        5.68        5.69    CPGLAG_PARALLEL:0:COMPUTE@1
  387     0.02     1002.901        0.209        0.209             37        5.64        5.64    LAPINEB_PARALLEL:LACONE:COMPUTE@1
  388     0.02     1002.901        0.207        0.849            117        1.77        7.26    LTDIR_MOD@1
  389     0.02     1003.101        0.201        0.201             37        5.42        5.43    CPG_SL2_TYPE_SET_HOST_PARALLEL@1
  390     0.02     1003.302        0.201        0.201            148        1.36        1.36    GPRCP_EXPL_PARALLEL:0:COMPUTE@1
  391     0.02     1003.500        0.198        0.198            148        1.34        1.34    GPINISLB_PART2_EXPL_PARALLEL:1:COMPUTE@1
  392     0.02     1003.688        0.189        0.189             37        5.10        5.10    LAPINEB_PARALLEL:NVLAG3:COMPUTE@1
  393     0.02     1003.871        0.183      365.194          15764        0.01       23.17    radiation_interface_GPU:radiation_GPU@1
  394     0.02     1004.046        0.175        0.179          15764        0.01        0.01    SRTM_TAUMOL26_GPU@1
  395     0.02     1004.218        0.172        0.172             37        4.65        4.65    APL_ARPEGE_INIT_PARALLEL:6:COMPUTE@1
  396     0.02     1004.389        0.171       59.463             37        4.63     1607.11    ACVPPKF_PARALLEL:PART2@1
  397     0.02     1004.554        0.165        0.170          15764        0.01        0.01    radiation_single_level:get_albedos_GPU@1
  398     0.02     1004.717        0.163        0.163            113        1.44        1.44    "lfilec_alts"@1:lfi_alts.c
  399     0.02     1004.880        0.163        0.163             41        3.97        3.97    GRIB_API:IGRIB_GET_REAL4_ARRAY@1
  400     0.02     1005.040        0.160        0.160             37        4.33        4.33    LAPINEB_PARALLEL:ROTUV:COMPUTE@1
  401     0.02     1005.198        0.158        1.856             36        4.39       51.55    SIGAM_GP_ACC@1
  402     0.02     1005.356        0.157        0.157             37        4.25        4.25    APL_ARPEGE_RADIATION_PARALLEL:LMSE_F:COMPUTE@1
  403     0.02     1005.510        0.155        0.155             37        4.18        4.18    APL_ARPEGE_INIT_PARALLEL:0:COMPUTE@1
  404     0.02     1005.664        0.154        0.154             72        2.14        2.14   *SGEMMX@5
  405     0.01     1005.816        0.152        0.152             37        4.11        4.11    APL_ARPEGE_RADIATION_PARALLEL:DIRECT:COMPUTE@1
  406     0.01     1005.968        0.152        0.152            222        0.68        0.68    GPINISLB_PART2_EXPL_PARALLEL:0:COMPUTE@1
  407     0.01     1005.968        0.152        0.152             72        2.11        2.11    SGEMMX@9
  408     0.01     1005.968        0.152        0.152             72        2.10        2.10    SGEMMX@13
  409     0.01     1006.120        0.151        1.634             36        4.21       45.39    SITNU_GP_ACC@1
  410     0.01     1006.120        0.151        0.151             72        2.09        2.09    SGEMMX@25
  411     0.01     1006.120        0.149        0.149             72        2.07        2.07    SGEMMX@6
  412     0.01     1006.120        0.149        0.149             72        2.07        2.07    SGEMMX@17
  413     0.01     1006.120        0.149        0.149             72        2.07        2.07    SGEMMX@7
  414     0.01     1006.120        0.149        0.149             72        2.07        2.07    SGEMMX@10
  415     0.01     1006.120        0.149        0.149             72        2.06        2.06    SGEMMX@8
  416     0.01     1006.120        0.148        0.148             72        2.06        2.06    SGEMMX@21
  417     0.01     1006.120        0.148        0.148             72        2.05        2.05    SGEMMX@11
  418     0.01     1006.267        0.148        0.148             37        3.99        3.99    APL_ARPEGE_SURFACE_UPDATE_PARALLEL:LMSE_F:COMPUTE@1
  419     0.01     1006.267        0.148        0.148             72        2.05        2.05    SGEMMX@29
  420     0.01     1006.267        0.147        0.147             72        2.04        2.04    SGEMMX@15
  421     0.01     1006.267        0.146        0.146             72        2.03        2.03    SGEMMX@14
  422     0.01     1006.414        0.146        0.146             36        4.06        4.06    APL_ARPEGE_RADIATION_PARALLEL:SUNSHINE:COMPUTE@1
  423     0.01     1006.414        0.145        0.145             72        2.01        2.02    SGEMMX@12
  424     0.01     1006.414        0.144        0.144             72        2.00        2.00    SGEMMX@19
  425     0.01     1006.414        0.144        0.144             72        1.99        2.00    SGEMMX@26
  426     0.01     1006.414        0.143        0.143             72        1.99        1.99    SGEMMX@18
  427     0.01     1006.557        0.143        0.327             37        3.87        8.84    SCAN2M_CTVTOT_DRV@1
  428     0.01     1006.557        0.142        0.143             72        1.98        1.98    SGEMMX@22
  429     0.01     1006.557        0.141        0.142             72        1.96        1.97    SGEMMX@27
  430     0.01     1006.557        0.141        0.141             72        1.96        1.96    SGEMMX@28
  431     0.01     1006.557        0.141        0.141             72        1.96        1.96    SGEMMX@20
  432     0.01     1006.557        0.140        0.140             72        1.94        1.94    SGEMMX@32
  433     0.01     1006.557        0.140        0.140             72        1.94        1.94    SGEMMX@30
  434     0.01     1006.557        0.139        0.140             72        1.94        1.94    SGEMMX@31
  435     0.01     1006.557        0.139        0.139             72        1.94        1.94    SGEMMX@4
  436     0.01     1006.557        0.139        0.139             72        1.93        1.93    SGEMMX@3
  437     0.01     1006.557        0.139        0.139             72        1.93        1.93    SGEMMX@24
  438     0.01     1006.695        0.139        0.143          15764        0.01        0.01    radiation_flux:allocate_flux_type_GPU@1
  439     0.01     1006.695        0.139        0.139             72        1.93        1.93    SGEMMX@23
  440     0.01     1006.695        0.137        0.137             72        1.90        1.91    SGEMMX@2
  441     0.01     1006.695        0.136        0.136             72        1.89        1.90    SGEMMX@16
  442     0.01     1006.831        0.136        0.140          15764        0.01        0.01    SATUR_GPU@1
  443     0.01     1006.967        0.136        0.136             37        3.66        3.66    APL_ARPEGE_PARALLEL:ZRDG_LCVQ:COMPUTE@1
  444     0.01     1007.097        0.130        0.135          15764        0.01        0.01    radiation_flux:deallocate_flux_type_GPU@1
  445     0.01     1007.225        0.128        0.129            288        0.45        0.45    EXCHANGE_MS:MESSAGE_S@1
  446     0.01     1007.350        0.125        0.125             74        1.69        1.69    GPMPFC_EXPL_PART2_PARALLEL:0:COMPUTE@1
  447     0.01     1007.475        0.125        0.125            185        0.67        0.67    GPRCP_EXPL_PARALLEL:2:COMPUTE@1
  448     0.01     1007.600        0.125        0.125             37        3.37        3.37    APL_ARPEGE_PARALLEL:ZDE2MR:COMPUTE@1
  449     0.01     1007.722        0.122        0.122             37        3.30        3.31    APL_ARPEGE_PARALLEL:ACVISIH:COMPUTE@1
  450     0.01     1007.843        0.121        0.122            288        0.42        0.42    EXCHANGE_MS:MESSAGE_M@1
  451     0.01     1007.963        0.120        0.120             30        4.01        4.01    APL_ARPEGE_RADIATION_PARALLEL:CALLRAD_F:COMPUTE@1
  452     0.01     1008.084        0.120        0.120             37        3.25        3.25    CPG_DIA_FLU_PARALLEL:2:COMPUTE@1
  453     0.01     1008.201        0.117        0.122             38        3.08        3.21    SUHEG@1
  454     0.01     1008.315        0.114        0.114             37        3.09        3.09    GPTF1_YDVARS_PARALLEL:LTWOTL:COMPUTE@1
  455     0.01     1008.426        0.111        0.112              1      111.50      111.69    IOSPECA_MOD:IOSPECA_SELECTFY@1
  456     0.01     1008.534        0.108        0.108            234        0.46        0.46    SPNORMB@1
  457     0.01     1008.534        0.107        0.107             72        1.49        1.49    SGEMMX@1
  458     0.01     1008.641        0.106        0.106             37        2.88        2.88    APL_ARPEGE_OCEANIC_FLUXES_PARALLEL:ACFLUSO:COMPUTE@1
  459     0.01     1008.739        0.098        1.173             37        2.66       31.69    CPG_SL1B_TYPE_SHUFFLE_HOST_PARALLEL@1
  460     0.01     1008.834        0.095        0.095            308        0.31        0.31   *MXTURHDMULTNEW@11
  461     0.01     1008.834        0.094        0.094            310        0.30        0.30    MXTURHDMULTNEW@12
  462     0.01     1008.928        0.093        0.098          15764        0.01        0.01    radiation_ifs_rrtm:planck_function_surf_GPU@1
  463     0.01     1008.928        0.092        0.092            294        0.31        0.31    MXTURHDMULTNEW@8
  464     0.01     1008.928        0.092        0.092            286        0.32        0.32    MXTURHDMULTNEW@10
  465     0.01     1009.019        0.092        0.092             36        2.54        2.55    SPCSIDG_PART1SC@1
  466     0.01     1009.019        0.091        0.091            258        0.35        0.35    MXTURHDMULTNEW@1
  467     0.01     1009.110        0.091        0.091              6       15.14       15.14    GRIB_API:IGRIB_NEW_FROM_SAMPLES@1
  468     0.01     1009.110        0.091        0.091            376        0.24        0.24    MXTURHDMULTNEW@15
  469     0.01     1009.110        0.090        0.091            256        0.35        0.35    MXTURHDMULTNEW@6
  470     0.01     1009.110        0.090        0.091            628        0.14        0.14    MXTURHDMULTNEW@26
  471     0.01     1009.110        0.090        0.091            634        0.14        0.14    MXTURHDMULTNEW@27
  472     0.01     1009.110        0.090        0.090            284        0.32        0.32    MXTURHDMULTNEW@7
  473     0.01     1009.110        0.090        0.090            282        0.32        0.32    MXTURHDMULTNEW@4
  474     0.01     1009.110        0.089        0.090            346        0.26        0.26    MXTURHDMULTNEW@14
  475     0.01     1009.110        0.089        0.089            700        0.13        0.13    MXTURHDMULTNEW@31
  476     0.01     1009.199        0.089        0.089            185        0.48        0.48    ACCTND0_PARALLEL:PACC:COMPUTE@1
  477     0.01     1009.287        0.088        0.088              7       12.64       12.64    APL_ARPEGE_AEROSOLS_FOR_RADIATION_PARALLEL:RADAER:COMPUTE@1
  478     0.01     1009.287        0.088        0.089            388        0.23        0.23    MXTURHDMULTNEW@16
  479     0.01     1009.287        0.088        0.088            270        0.33        0.33    MXTURHDMULTNEW@3
  480     0.01     1009.287        0.087        0.087            246        0.35        0.35    MXTURHDMULTNEW@5
  481     0.01     1009.287        0.087        0.087            266        0.33        0.33    MXTURHDMULTNEW@9
  482     0.01     1009.287        0.086        0.087            324        0.27        0.27    MXTURHDMULTNEW@13
  483     0.01     1009.287        0.086        0.087            634        0.14        0.14    MXTURHDMULTNEW@28
  484     0.01     1009.373        0.085        0.086             37        2.31        2.31    APL_ARPEGE_PARALLEL:ACEVADCAPE:COMPUTE@1
  485     0.01     1009.373        0.085        0.086            690        0.12        0.12    MXTURHDMULTNEW@30
  486     0.01     1009.373        0.085        0.085            246        0.35        0.35    MXTURHDMULTNEW@2
  487     0.01     1009.373        0.083        0.084            702        0.12        0.12    MXTURHDMULTNEW@32
  488     0.01     1009.456        0.083        0.088          15764        0.01        0.01    radiation_cloud:set_overlap_param_var_GPU@1
  489     0.01     1009.538        0.082        0.082             37        2.22        2.23    MF_PHYS_MOCON_PARALLEL:PPWETPOINT:COMPUTE@1
  490     0.01     1009.538        0.082        0.083            566        0.14        0.15    MXTURHDMULTNEW@23
  491     0.01     1009.538        0.081        0.082            540        0.15        0.15    MXTURHDMULTNEW@20
  492     0.01     1009.538        0.081        0.081            612        0.13        0.13    MXTURHDMULTNEW@25
  493     0.01     1009.538        0.081        0.081            486        0.17        0.17    MXTURHDMULTNEW@17
  494     0.01     1009.538        0.080        0.081            566        0.14        0.14    MXTURHDMULTNEW@22
  495     0.01     1009.538        0.080        0.081            592        0.14        0.14    MXTURHDMULTNEW@24
  496     0.01     1009.618        0.080        0.080             74        1.08        1.08    SLEXTPOL3@1
  497     0.01     1009.618        0.080        0.080            518        0.15        0.15    MXTURHDMULTNEW@19
  498     0.01     1009.618        0.078        0.079            492        0.16        0.16    MXTURHDMULTNEW@18
  499     0.01     1009.696        0.078        0.078             37        2.11        2.11    CPG_GP_PARALLEL:GPINISLB_PART3_EXPL:COMPUTE@1
  500     0.01     1009.696        0.078        0.078            556        0.14        0.14    MXTURHDMULTNEW@21
  501     0.01     1009.774        0.078        0.078             37        2.10        2.10    APL_WIND_GUST_PARALLEL:ACCLDIA:COMPUTE@1
  502     0.01     1009.851        0.077        0.077             37        2.09        2.09    APL_ARPEGE_PARALLEL:ACHMT:COMPUTE@1
  503     0.01     1009.851        0.077        0.078            672        0.11        0.12    MXTURHDMULTNEW@29
  504     0.01     1009.928        0.077        0.077           1296        0.06        0.06    MXPTMASC2@1
  505     0.01     1009.998        0.070        0.070             37        1.88        1.88    LAPINEB_PARALLEL:L_RDRY_VD:COMPUTE@1
  506     0.01     1010.067        0.069        0.069             37        1.87        1.87    LAPINEB_PARALLEL:TEMP_EQ:COMPUTE@1
  507     0.01     1010.134        0.067        0.069           3300        0.02        0.02    CREATE_TEMPORARIES@1
  508     0.01     1010.201        0.067        0.077          31528        0.00        0.00    radiation_single_level:deallocate_single_level_GPU@1
  509     0.01     1010.269        0.067        0.068           1008        0.07        0.07   *MXTURHDNEW@29
  510     0.01     1010.335        0.066        0.066              1       66.11       66.11    DIST_GRID@1
  511     0.01     1010.400        0.065        0.153             20        3.27        7.64    GPNORM_TRANS_CTL@1
  512     0.01     1010.465        0.065        0.065             37        1.76        1.76    APL_ARPEGE_PARALLEL:EDR:COMPUTE@1
  513     0.01     1010.465        0.064        0.064            387        0.17        0.17    MXTURHDNEW@1
  514     0.01     1010.465        0.064        0.065           1035        0.06        0.06    MXTURHDNEW@30
  515     0.01     1010.465        0.064        0.064            399        0.16        0.16    MXTURHDNEW@9
  516     0.01     1010.529        0.064        0.219             36        1.77        6.10    SPCHOR_TOT@1
  517     0.01     1010.529        0.063        0.064            486        0.13        0.13    MXTURHDNEW@13
  518     0.01     1010.592        0.063        0.436              1       63.14      436.30    SU0YOMB@1
  519     0.01     1010.592        0.063        0.064            918        0.07        0.07    MXTURHDNEW@25
  520     0.01     1010.592        0.063        0.063           1053        0.06        0.06    MXTURHDNEW@32
  521     0.01     1010.592        0.062        0.063            849        0.07        0.07    MXTURHDNEW@23
  522     0.01     1010.654        0.062      933.389             37        1.69    25226.74    STEPO@1
  523     0.01     1010.654        0.062        0.063            834        0.07        0.08    MXTURHDNEW@21
  524     0.01     1010.654        0.062        0.063            582        0.11        0.11    MXTURHDNEW@16
  525     0.01     1010.654        0.062        0.062            369        0.17        0.17    MXTURHDNEW@5
  526     0.01     1010.654        0.062        0.063            849        0.07        0.07    MXTURHDNEW@22
  527     0.01     1010.654        0.062        0.062            564        0.11        0.11    MXTURHDNEW@15
  528     0.01     1010.654        0.062        0.062            369        0.17        0.17    MXTURHDNEW@2
  529     0.01     1010.654        0.062        0.062            429        0.14        0.14    MXTURHDNEW@10
  530     0.01     1010.716        0.061        0.061              1       61.47       61.48    SUGRIDUA_FIXUP@1
  531     0.01     1010.716        0.061        0.062            729        0.08        0.08    MXTURHDNEW@17
  532     0.01     1010.716        0.061        0.061            405        0.15        0.15    MXTURHDNEW@3
  533     0.01     1010.716        0.061        0.061            426        0.14        0.14    MXTURHDNEW@7
  534     0.01     1010.716        0.061        0.062            942        0.06        0.07    MXTURHDNEW@26
  535     0.01     1010.716        0.061        0.061            462        0.13        0.13    MXTURHDNEW@11
  536     0.01     1010.716        0.061        0.061            519        0.12        0.12    MXTURHDNEW@14
  537     0.01     1010.716        0.061        0.061           1050        0.06        0.06    MXTURHDNEW@31
  538     0.01     1010.716        0.061        0.061            777        0.08        0.08    MXTURHDNEW@19
  539     0.01     1010.716        0.061        0.061            465        0.13        0.13    MXTURHDNEW@12
  540     0.01     1010.716        0.061        0.061            810        0.07        0.08    MXTURHDNEW@20
  541     0.01     1010.716        0.061        0.061            384        0.16        0.16    MXTURHDNEW@6
  542     0.01     1010.716        0.060        0.061            738        0.08        0.08    MXTURHDNEW@18
  543     0.01     1010.716        0.060        0.061            888        0.07        0.07    MXTURHDNEW@24
  544     0.01     1010.716        0.060        0.060            423        0.14        0.14    MXTURHDNEW@4
  545     0.01     1010.716        0.059        0.060            441        0.13        0.14    MXTURHDNEW@8
  546     0.01     1010.716        0.059        0.060            951        0.06        0.06    MXTURHDNEW@28
  547     0.01     1010.775        0.059        0.059             37        1.59        1.60    MF_PHYS_FPL_PART1_PARALLEL:PART1:COMPUTE@1
  548     0.01     1010.833        0.058        0.058              1       58.39       58.39    DIST_SPEC@1
  549     0.01     1010.833        0.058        0.058            951        0.06        0.06    MXTURHDNEW@27
  550     0.01     1010.889        0.055        0.060          15764        0.00        0.00    radiation_cloud:crop_cloud_fraction_GPU@1
  551     0.01     1010.943        0.054        0.054             37        1.47        1.47    CPUTQY_APLPAR_EXPL_PARALLEL:PFDIS:COMPUTE@1
  552     0.01     1010.997        0.054        0.054             37        1.46        1.46    APL_ARPEGE_PARALLEL:PPWETPOINT:COMPUTE@1
  553     0.01     1011.051        0.054        0.070          15764        0.00        0.00    radiation_single_level:allocate_single_level_GPU@1
  554     0.01     1011.104        0.053        4.237             36        1.48      117.71    SPCSINEW_PARALLEL@1
  555     0.01     1011.156        0.052        0.052             37        1.40        1.40    CPGLAG_PARALLEL:STR:COMPUTE@1
  556     0.01     1011.207        0.052        0.083             38        1.36        2.18    SUHDU@1
  557     0.00     1011.257        0.050        0.157             72        0.69        2.18    MXMAOP@1
  558     0.00     1011.304        0.047        0.047            106        0.44        0.44    POSNAME@1
  559     0.00     1011.350        0.046        0.047              1       45.98       46.60    IOGRID_MOD:IOGRID_SELECTFY@1
  560     0.00     1011.395        0.045        0.045             37        1.22        1.22    CPXFU_PARALLEL:4:COMPUTE@1
  561     0.00     1011.440        0.045        0.049          15764        0.00        0.00    radiation_thermodynamics:get_layer_mass_GPU@1
  562     0.00     1011.485        0.045        0.045             37        1.21        1.21    LOGDIS@1
  563     0.00     1011.528        0.043        0.043             37        1.17        1.17    LAPINEB_PARALLEL:ZVWEI:COMPUTE@1
  564     0.00     1011.570        0.042        0.042              3       14.03       14.03    "lfiouv_alts_ext:read1"@1:lfi_alts.c
  565     0.00     1011.612        0.042        0.042             37        1.14        1.14    APL_ARPEGE_PARALLEL:ACSOL:COMPUTE@1
  566     0.00     1011.654        0.042        0.042             37        1.13        1.13    MF_PHYS_FPL_PART2_PARALLEL:PART2:COMPUTE@1
  567     0.00     1011.695        0.041        0.041             37        1.10        1.10    CPG_GP_HYD_PARALLEL:3:COMPUTE@1
  568     0.00     1011.735        0.041        0.041             37        1.10        1.10    LACDYN_PARALLEL:ZMIXNL:COMPUTE@1
  569     0.00     1011.775        0.039        0.039             37        1.07        1.07    CPUTQY_APLPAR_EXPL_PARALLEL:ZTDCP:COMPUTE@1
  570     0.00     1011.812        0.037        0.037             37        1.01        1.01    CPG_PARALLEL:ISETTLOFF:COMPUTE@1
  571     0.00     1011.848        0.036        0.036             37        0.98        0.98    GPRCP_EXPL_PARALLEL:5:COMPUTE@1
  572     0.00     1011.884        0.036        0.204             41        0.87        4.96    FADGRA_MT@1
  573     0.00     1011.919        0.035        0.035              2       17.63       17.63    DEALXMO@1
  574     0.00     1011.952        0.033        0.033             36        0.93        0.93    CPCFU_PARALLEL:1:COMPUTE@1
  575     0.00     1011.985        0.032        0.037          15764        0.00        0.00    ICE_EFFECTIVE_RADIUS_GPU@1
  576     0.00     1012.016        0.031     1013.681              1       31.32  1013680.98    MASTER@1
  577     0.00     1012.047        0.031        0.031            199        0.16        0.16    SUHERT@1
  578     0.00     1012.077        0.030        0.034          15764        0.00        0.00    radiation_cloud:deallocate_cloud_arrays_GPU@1
  579     0.00     1012.107        0.029        0.034          15764        0.00        0.00    radiation_thermodynamics:deallocate_thermodynamics_arrays_GPU@1
  580     0.00     1012.136        0.029        0.033          15764        0.00        0.00    radiation_thermodynamics:allocate_thermodynamics_arrays_GPU@1
  581     0.00     1012.164        0.029        0.033          15764        0.00        0.00    radiation_gas:put_well_mixed_gas_GPU@1
  582     0.00     1012.192        0.028        0.168              1       28.37      167.62    GPNORM_GFL@1
  583     0.00     1012.221        0.028        0.028              7        4.04        4.04    RECMWF_PARALLEL:2:COMPUTE@1
  584     0.00     1012.249        0.028        0.028              7        4.02        4.02    RECMWF_PARALLEL:1:COMPUTE@1
  585     0.00     1012.277        0.028        0.028              7        3.97        3.97    RECMWF_PARALLEL:ECRAD_POST:COMPUTE@1
  586     0.00     1012.304        0.027        0.027             37        0.74        0.74    CTVTOT_EXPL_PARALLEL:0:COMPUTE@1
  587     0.00     1012.331        0.027        0.032          15764        0.00        0.00    radiation_cloud:allocate_cloud_arrays_GPU@1
  588     0.00     1012.357        0.026        0.026             37        0.70        0.70    CPGLAG_PARALLEL:1:COMPUTE@1
  589     0.00     1012.382        0.025      990.526             37        0.69    26770.97    GP_MODEL@1
  590     0.00     1012.407        0.025        0.512              1       24.83      511.88    SUSPECA@1
  591     0.00     1012.431        0.024        0.024             37        0.64        0.64    APL_ARPEGE_SOIL_HYDRO_PARALLEL:ACVEG:COMPUTE@1
  592     0.00     1012.453        0.023        0.023              1       22.51       22.53    SPECTRAL_FIELDS_MOD:CREATE_SPEC@1
  593     0.00     1012.476        0.022        0.023            148        0.15        0.15    GPRCP_EXPL_PARALLEL:4:COMPUTE@1
  594     0.00     1012.498        0.022        0.022             13        1.71        1.71    GRIB_API:IGRIB_SET_CHAR@1
  595     0.00     1012.520        0.022        0.026          15764        0.00        0.00    CLOUD_OVERLAP_DECORR_LEN_GPU@1
  596     0.00     1012.542        0.022        1.278             39        0.56       32.78    SPNORM@1
  597     0.00     1012.563        0.021        0.021             36        0.60        0.60    SPCHORmval@1
  598     0.00     1012.584        0.021        0.021             37        0.57        0.57    CPXFU_PARALLEL:2:COMPUTE@1
  599     0.00     1012.605        0.021        0.021             37        0.56        0.56    APL_ARPEGE_HYDRO_BUDGET_PARALLEL:ACDROV:COMPUTE@1
  600     0.00     1012.626        0.020        0.025          15764        0.00        0.00    radiation_aerosol:deallocate_aerosol_arrays_GPU@1
  601     0.00     1012.644        0.018        0.023          15764        0.00        0.00    radiation_aerosol:allocate_aerosol_arrays_GPU@1
  602     0.00     1012.661        0.017        0.022          15764        0.00        0.00    radiation_gas:allocate_gas_GPU@1
  603     0.00     1012.678        0.017        0.017              1       17.18       17.18    KPP_WSCALE_MOD:KPP_WSCALE@1
  604     0.00     1012.696        0.017        0.021          15764        0.00        0.00    radiation_cloud:create_fractional_std_GPU@1
  605     0.00     1012.712        0.016        0.022              1       16.28       22.28    FIELDS_MOD:FIELDS_DELETE@1
  606     0.00     1012.728        0.016        6.495             36        0.44      180.43    SPCMNEW_PARALLEL@1
  607     0.00     1012.743        0.015        0.019          15764        0.00        0.00    radiation_gas:deallocate_gas_GPU@1
  608     0.00     1012.757        0.015        0.018          11260        0.00        0.00    SURFACE_FIELDS_MIX:GPOPER_3@1
  609     0.00     1012.772        0.014        0.014             37        0.39        0.39    SCAN2M_INIT_T1@1
  610     0.00     1012.786        0.014        0.014             36        0.40        0.40    CPCFU_PARALLEL:0:COMPUTE@1
  611     0.00     1012.800        0.014        0.014             37        0.38        0.38    CPG_GP_PARALLEL:GPTF2_EXPL_2TL:COMPUTE@1
  612     0.00     1012.814        0.014        0.014             36        0.38        0.39    CPCFU_PARALLEL:2:COMPUTE@1
  613     0.00     1012.828        0.014        0.014             37        0.37        0.37    LASSIE_PARALLEL:GPRCP:COMPUTE@1
  614     0.00     1012.840        0.012        0.401            555        0.02        0.72    GPRCP_EXPL_PARALLEL:1@1
  615     0.00     1012.850        0.011        0.011              6        1.77        1.77    MINV_8:GECO@1
  616     0.00     1012.861        0.010        0.010             37        0.28        0.28    CPG_GP_PARALLEL:GP_SPV:COMPUTE@1
  617     0.00     1012.871        0.010      915.218             37        0.28    24735.62    SCAN2M@1
  618     0.00     1012.881        0.010        0.010             37        0.28        0.28    CPXFU_PARALLEL:3:COMPUTE@1
  619     0.00     1012.891        0.010        0.043           2252        0.00        0.02    SURFACE_FIELDS_MIX:GPOPER@1
  620     0.00     1012.901        0.010        0.010              1        9.94        9.94    YOMCLIM:READ_GHG_CLIMATOLOGY@1
  621     0.00     1012.911        0.010        0.429            324        0.03        1.33    SCAN2M_TS_PARALLEL:0@1
  622     0.00     1012.921        0.010        0.014          13512        0.00        0.00    SURFACE_FIELDS_MIX:GPOPER_2@1
  623     0.00     1012.930        0.009       76.128              1        9.25    76127.95    STEPX@1
  624     0.00     1012.939        0.009        0.211            148        0.06        1.42    GPRCP_EXPL_PARALLEL:0@1
  625     0.00     1012.948        0.009        0.009             37        0.25        0.25    APL_ARPEGE_ALBEDO_COMPUTATION_PARALLEL:0:COMPUTE@1
  626     0.00     1012.957        0.009      990.535             37        0.23    26771.20    GP_MODEL_DRV@1
  627     0.00     1012.965        0.008        0.008              1        8.38        8.39    SUGEM2_YRGSGEOM@1
  628     0.00     1012.973        0.008        0.013          15764        0.00        0.00    radiation_flux:calc_toa_spectral_GPU@1
  629     0.00     1012.982        0.008      201.131             37        0.22     5435.96    CALL_SL@1
  630     0.00     1012.990        0.008        0.008             37        0.22        0.22    CPG_DIA_FLU_PARALLEL:4:COMPUTE@1
  631     0.00     1012.998        0.008        0.008             36        0.23        0.23    CPCFU_PARALLEL:3:COMPUTE@1
  632     0.00     1013.006        0.008        0.008             37        0.22        0.22    CPG_GP_PARALLEL:SET1TO0:COMPUTE@1
  633     0.00     1013.015        0.008        0.008              1        8.18        8.18    SLRSET@1
  634     0.00     1013.023        0.008        0.008             37        0.22        0.22    APL_ARPEGE_PARALLEL:PRECIPS:COMPUTE@1
  635     0.00     1013.031        0.008        0.008             37        0.22        0.22    SCAN2M:COPY@1
  636     0.00     1013.038        0.008        0.008             37        0.21        0.21    CPXFU_PARALLEL:0:COMPUTE@1
  637     0.00     1013.046        0.008        1.017              1        7.53     1016.89    SUINIF@1
  638     0.00     1013.053        0.007        0.007              1        7.26        7.26    INI_TIWMX@1
  639     0.00     1013.060        0.007        0.875            222        0.03        3.94    LARCINB_PARALLEL:RRINTOPT@1
  640     0.00     1013.067        0.007        0.018              1        7.13       17.65    SUGEM2@1
  641     0.00     1013.074        0.007        0.262            222        0.03        1.18    LATTEX_EXPL_2TL_PARALLEL:3@1
  642     0.00     1013.080        0.006        0.006              1        6.31        6.31    ALLOCATE_EMPTY_TRAJECTORY@1
  643     0.00     1013.086        0.006        0.010              2        3.15        4.90    OPENFA@1
  644     0.00     1013.093        0.006        0.011            222        0.03        0.05    LAVABO_EXPL_LAITVSPCQM_PART1_PARALLEL:0@1
  645     0.00     1013.099        0.006        0.006             37        0.16        0.16    SCAN2M:WIPE@1
  646     0.00     1013.105        0.006        0.363            333        0.02        1.09    CPUTQY0_PARALLEL:PVAR@1
  647     0.00     1013.110        0.006        0.268            222        0.03        1.21    LAPINEB_PARALLEL:ZERO_GMV9@1
  648     0.00     1013.116        0.006        0.006             37        0.16        0.16    LAVABO_PARALLEL:0:COMPUTE@1
  649     0.00     1013.122        0.006       48.097            222        0.03      216.65    LARCINB_PARALLEL:LAITRE_GFL@1
  650     0.00     1013.127        0.006        0.006             36        0.15        0.15    CPG_END_SFC_PARALLEL:SET0TO1:COMPUTE@1
  651     0.00     1013.133        0.005        0.005             37        0.15        0.15    APL_ARPEGE_PARALLEL:BAYRAD:COMPUTE@1
  652     0.00     1013.138        0.005        6.767             37        0.14      182.90    LAPINEA_DRV@1
  653     0.00     1013.144        0.005        0.005             37        0.14        0.14    LACDYN_PARALLEL:LASURE:COMPUTE@1
  654     0.00     1013.149        0.005        0.005              1        5.18        5.18    SPECTRAL_FIELDS_MOD:DEALLOCATE_SPEC@1
  655     0.00     1013.154        0.005        0.013              1        5.05       13.23    SLCSET@1
  656     0.00     1013.159        0.005        0.158            222        0.02        0.71    GPINISLB_PART2_EXPL_PARALLEL:0@1
  657     0.00     1013.164        0.005        0.005            198        0.02        0.03    SUHES@1
  658     0.00     1013.168        0.005        0.008          12600        0.00        0.00    FIELD_GFL_WRAPPER:GFL_MAP@1
  659     0.00     1013.173        0.005        0.384            222        0.02        1.73    LAPINEB_PARALLEL:CVGQ@1
  660     0.00     1013.178        0.005        0.005              1        4.57        4.62    SUECOZC@1
  661     0.00     1013.182        0.005        0.005            222        0.02        0.02    LAVABO_EXPL_LAITVSPCQM_PART1_PARALLEL:0:COMPUTE@1
  662     0.00     1013.187        0.004        0.005             70        0.06        0.07   *GPRCP_PGFL@30
  663     0.00     1013.187        0.004        0.005             70        0.06        0.06    GPRCP_PGFL@29
  664     0.00     1013.191        0.004        0.013              3        1.46        4.25    FIELD_GFL_WRAPPER:GFL_FID_SETUP@1
  665     0.00     1013.191        0.004        0.005             70        0.06        0.06    GPRCP_PGFL@20
  666     0.00     1013.191        0.004        0.005             70        0.06        0.07    GPRCP_PGFL@17
  667     0.00     1013.191        0.004        0.005             70        0.06        0.06    GPRCP_PGFL@19
  668     0.00     1013.191        0.004        0.004             70        0.06        0.06    GPRCP_PGFL@31
  669     0.00     1013.191        0.004        0.004             70        0.06        0.06    GPRCP_PGFL@23
  670     0.00     1013.191        0.004        0.004             70        0.06        0.06    GPRCP_PGFL@22
  671     0.00     1013.191        0.004        0.004             70        0.06        0.06    GPRCP_PGFL@21
  672     0.00     1013.191        0.004        0.004             70        0.06        0.06    GPRCP_PGFL@27
  673     0.00     1013.195        0.004        0.375              1        4.30      375.18    RDFA2SP@1
  674     0.00     1013.195        0.004        0.004             70        0.06        0.06    GPRCP_PGFL@28
  675     0.00     1013.195        0.004        0.004             70        0.06        0.06    GPRCP_PGFL@26
  676     0.00     1013.195        0.004        0.004             70        0.06        0.06    GPRCP_PGFL@18
  677     0.00     1013.195        0.004        0.004             70        0.06        0.06    GPRCP_PGFL@24
  678     0.00     1013.195        0.004        0.004             70        0.06        0.06    GPRCP_PGFL@14
  679     0.00     1013.195        0.004        0.004             70        0.06        0.06    GPRCP_PGFL@16
  680     0.00     1013.195        0.004        0.004             70        0.06        0.06    GPRCP_PGFL@15
  681     0.00     1013.195        0.004        0.004             71        0.06        0.06    GPRCP_PGFL@10
  682     0.00     1013.195        0.004        0.004             70        0.06        0.06    GPRCP_PGFL@25
  683     0.00     1013.195        0.004        0.004             71        0.06        0.06    GPRCP_PGFL@9
  684     0.00     1013.195        0.004        0.004             70        0.06        0.06    GPRCP_PGFL@13
  685     0.00     1013.195        0.004        0.004             71        0.06        0.06    GPRCP_PGFL@11
  686     0.00     1013.195        0.004        0.004             70        0.06        0.06    GPRCP_PGFL@32
  687     0.00     1013.195        0.004        0.004             71        0.06        0.06    GPRCP_PGFL@12
  688     0.00     1013.199        0.004        0.006              2        2.03        2.87    SUFPC@1
  689     0.00     1013.199        0.004        0.004             71        0.06        0.06    GPRCP_PGFL@7
  690     0.00     1013.199        0.004        0.004             71        0.06        0.06    GPRCP_PGFL@8
  691     0.00     1013.203        0.004        0.580             37        0.11       15.68    CPGLAG_DRV@1
  692     0.00     1013.203        0.004        0.004             71        0.05        0.06    GPRCP_PGFL@5
  693     0.00     1013.203        0.004        0.004             71        0.05        0.05    GPRCP_PGFL@4
  694     0.00     1013.203        0.004        0.004             71        0.05        0.05    GPRCP_PGFL@2
  695     0.00     1013.203        0.004        0.004             71        0.05        0.05    GPRCP_PGFL@3
  696     0.00     1013.203        0.004        0.004             71        0.05        0.05    GPRCP_PGFL@1
  697     0.00     1013.203        0.004        0.004             71        0.05        0.05    GPRCP_PGFL@6
  698     0.00     1013.207        0.004        0.434             36        0.10       12.05    SCAN2M_TS_DRV@1
  699     0.00     1013.211        0.004     1011.008              1        3.75  1011008.22    CNT4@1
  700     0.00     1013.215        0.004        0.004             11        0.34        0.34    GRIB_API:IGRIB_SET_INT@1
  701     0.00     1013.218        0.004        0.004             37        0.10        0.10    CPG_GP_PARALLEL:MAP_FACTOR:COMPUTE@1
  702     0.00     1013.222        0.004        0.004              1        3.64        3.64    IOSTREAM_MIX:IOSTREAM_STATS@1
  703     0.00     1013.225        0.004        0.004             37        0.10        0.10    CPG_DIA_FLU_PARALLEL:1:COMPUTE@1
  704     0.00     1013.229        0.004        0.129            185        0.02        0.70    GPRCP_EXPL_PARALLEL:2@1
  705     0.00     1013.232        0.003        0.003             37        0.09        0.09    APL_ARPEGE_PARALLEL:FRSOPT:COMPUTE@1
  706     0.00     1013.236        0.003        0.003              1        3.43        3.43    SUVSLETA@1
  707     0.00     1013.239        0.003        0.026            148        0.02        0.18    GPRCP_EXPL_PARALLEL:4@1
  708     0.00     1013.243        0.003        0.003            207        0.02        0.02    GRIB_API:IGRIB_GET_INT@1
  709     0.00     1013.246        0.003        0.004              1        3.30        3.92    SUMP@1
  710     0.00     1013.249        0.003      745.032             37        0.08    20136.00    APL_ARPEGE_PARALLEL@1
  711     0.00     1013.252        0.003        0.003              3        1.00        1.00    "lfiouv_alts_ext:read"@1:lfi_alts.c
  712     0.00     1013.255        0.003        0.811            148        0.02        5.48    GPRCP_EXPL_PARALLEL@1
  713     0.00     1013.258        0.003        0.005              3        0.95        1.74    FIELD_DEFINITIONS:MAIN_FIELD_SET_METADATA@1
  714     0.00     1013.260        0.003        0.201            148        0.02        1.36    GPINISLB_PART2_EXPL_PARALLEL:1@1
  715     0.00     1013.263        0.003        0.003             37        0.07        0.07    APL_ARPEGE_PARALLEL:ZDPHIV:COMPUTE@1
  716     0.00     1013.266        0.003        0.244             36        0.07        6.77    SPCHORNEW_PARALLEL@1
  717     0.00     1013.269        0.003        0.353             74        0.04        4.77    LAPINEB_PARALLEL:ROTUVGEO@1
  718     0.00     1013.271        0.003        0.128             74        0.04        1.73    GPMPFC_EXPL_PART2_PARALLEL:0@1
  719     0.00     1013.274        0.003        0.003              1        2.61        2.61    radiation_cloud_optics_data:setup_cloud_optics_data_GPU@1
  720     0.00     1013.276        0.003        0.003            235        0.01        0.01    SPNORMAVE@1
  721     0.00     1013.279        0.002        0.003            189        0.01        0.01    GRIB_API:IGRIB_GET_INT8@1
  722     0.00     1013.281        0.002        0.002             37        0.06        0.06    LAVABO_PARALLEL:2:COMPUTE@1
  723     0.00     1013.283        0.002        0.005              1        2.34        5.18    SUMPINI@1
  724     0.00     1013.286        0.002        0.511             37        0.06       13.82    MF_PHYS_PREP_PARALLEL:PREP@1
  725     0.00     1013.288        0.002        0.049              1        2.22       48.72    SUARG@1
  726     0.00     1013.290        0.002        0.003              1        2.20        2.73    SUVERTFE3D@1
  727     0.00     1013.292        0.002        0.002              1        2.14        2.14    SUGEM2_YRCSGEOM@1
  728     0.00     1013.294        0.002        2.736             37        0.06       73.95    MF_PHYS_INIT_PARALLEL:ZERO@1
  729     0.00     1013.296        0.002        0.002             37        0.06        0.06    CPG_PARALLEL:LSMTSOL:COMPUTE@1
  730     0.00     1013.298        0.002        0.447             36        0.06       12.41    TRSTOMNEW@1
  731     0.00     1013.300        0.002        0.002             37        0.05        0.05    CPXFU_PARALLEL:1:COMPUTE@1
  732     0.00     1013.302        0.002        0.085             37        0.05        2.29    MF_PHYS_MOCON_PARALLEL:PPWETPOINT@1
  733     0.00     1013.304        0.002        0.044             37        0.05        1.19    MF_PHYS_FPL_PART2_PARALLEL:PART2@1
  734     0.00     1013.306        0.002      783.992             37        0.05    21188.98    CPG_PARALLEL@1
  735     0.00     1013.308        0.002        0.049              3        0.63       16.22    FAITOU_MT@1
  736     0.00     1013.310        0.002        0.002             37        0.05        0.05    CPG_DIA_FLU_PARALLEL:3:COMPUTE@1
  737     0.00     1013.312        0.002        4.112             37        0.05      111.13    LARMES_PARALLEL:LARMES@1
  738     0.00     1013.314        0.002        0.002              1        1.79        1.80    radiation_pdf_sampler:setup_pdf_sampler_GPU@1
  739     0.00     1013.315        0.002        0.012              1        1.78       12.30    SUVERTFE3@1
  740     0.00     1013.317        0.002        0.002             37        0.05        0.05    APL_ARPEGE_PARALLEL:PLSM:COMPUTE@1
  741     0.00     1013.319        0.002        0.002              1        1.77        1.99    SUHDF@1
  742     0.00     1013.321        0.002        0.002              8        0.22        0.22    UPDECAEC@1
  743     0.00     1013.322        0.002        0.401             74        0.02        5.42    GPMPFC_EXPL_PARALLEL:1@1
  744     0.00     1013.324        0.002        0.155              1        1.72      155.22    SPECRT@1
  745     0.00     1013.326        0.002        0.079           1296        0.00        0.06    SPCSIDG_PART2SC2@1
  746     0.00     1013.327        0.002        2.646             37        0.05       71.51    LAPINEA_PARALLEL:LARCINA@1
  747     0.00     1013.329        0.002        0.002              1        1.66        1.99    YOEAERC:SUECAEC@1
  748     0.00     1013.331        0.002        0.002              1        1.64        2.12    SUMCUF@1
  749     0.00     1013.332        0.002        0.366            666        0.00        0.55    CPUTQY0_PARALLEL@1
  750     0.00     1013.334        0.002        0.043             37        0.04        1.15    LACDYN_PARALLEL:ZMIXNL@1
  751     0.00     1013.336        0.002        7.193             37        0.04      194.40    LARCINB_PARALLEL:LAITRE_GMV@1
  752     0.00     1013.337        0.002        0.002              1        1.61        1.61    SUHSLMER@1
  753     0.00     1013.339        0.002        0.911              1        1.60      910.92    SUGEOMETRY@1
  754     0.00     1013.340        0.002        0.061             37        0.04        1.64    MF_PHYS_FPL_PART1_PARALLEL:PART1@1
  755     0.00     1013.342        0.002        0.002             75        0.02        0.02    SCAN2M_ALLOCATE_VARIABLES@1
  756     0.00     1013.344        0.002        0.191             37        0.04        5.15    LAPINEB_PARALLEL:NVLAG3@1
  757     0.00     1013.345        0.002        0.002             44        0.04        0.04    GRIB_API:IGRIB_RELEASE@1
  758     0.00     1013.347        0.002        0.002             30        0.05        0.05    DEALLOCATE_IF_ASSOCIATED_MOD:DEALLOCATE_IF_ASSOCIATED_REAL_1D@1
  759     0.00     1013.348        0.002        0.162             37        0.04        4.38    LAPINEB_PARALLEL:ROTUV@1
  760     0.00     1013.350        0.002        0.071             37        0.04        1.91    LAPINEB_PARALLEL:TEMP_EQ@1
  761     0.00     1013.351        0.002        3.180             72        0.02       44.17    VERDISINTACC@1
  762     0.00     1013.353        0.002        0.008             37        0.04        0.20    LAVABO_PARALLEL:0@1
  763     0.00     1013.354        0.002        0.047              3        0.50       15.53    "lfiouv_alts_ext"@1:lfi_alts.c
  764     0.00     1013.356        0.001        0.787             37        0.04       21.26    LAPINEB_PARALLEL:LARCHE@1
  765     0.00     1013.357        0.001        0.001              1        1.49        1.49    radiation_aerosol_optics_data:setup_aerosol_optics_data_GPU@1
  766     0.00     1013.359        0.001        0.002           3204        0.00        0.00    FIELD_DEFINITIONS_BASE:SET_FVAR@1
  767     0.00     1013.360        0.001        0.116             37        0.04        3.13    GPTF1_YDVARS_PARALLEL:LTWOTL@1
  768     0.00     1013.362        0.001        0.041             37        0.04        1.11    CPUTQY_APLPAR_EXPL_PARALLEL:ZTDCP@1
  769     0.00     1013.363        0.001       19.812             37        0.04      535.47    LATTEX_PARALLEL:MAIN@1
  770     0.00     1013.364        0.001      108.195             37        0.04     2924.20    LARCINB_PARALLEL@1
  771     0.00     1013.366        0.001        1.551             36        0.04       43.08    TRMTOSNEW@1
  772     0.00     1013.367        0.001        0.071              1        1.39       70.85    IFS_INIT@1
  773     0.00     1013.369        0.001        2.053             37        0.04       55.48    LARCINB_PARALLEL:NTLAG_3@1
  774     0.00     1013.370        0.001        0.346             37        0.04        9.35    CPG_GP_PARALLEL:GPINISLB_PART1_EXPL@1
  775     0.00     1013.371        0.001        0.589             37        0.04       15.93    LAVENT_PARALLEL:0@1
  776     0.00     1013.373        0.001        0.003             37        0.04        0.07    MF_PHYS_TRANSFER_PARALLEL:ALL@1
  777     0.00     1013.374        0.001        3.648             37        0.04       98.60    LARCINB_PARALLEL:LCOMAD_SP@1
  778     0.00     1013.375        0.001        0.236             37        0.04        6.37    CPUTQY_APLPAR_EXPL_PARALLEL:ZDEC@1
  779     0.00     1013.377        0.001        4.260             37        0.04      115.14    CPG_GP_HYD_PARALLEL:2@1
  780     0.00     1013.378        0.001        0.001              2        0.65        0.65    YOE_SPECTRAL_PLANCK:INIT@1
  781     0.00     1013.379        0.001        0.001              4        0.32        0.33    GRIB_API:IGRIB_SET_REAL4_ARRAY@1
  782     0.00     1013.380        0.001        0.045             37        0.03        1.21    LAPINEB_PARALLEL:ZVWEI@1
  783     0.00     1013.382        0.001        0.001              1        1.28        1.28    SUMPOUT@1
  784     0.00     1013.383        0.001        0.001              8        0.16        0.16    UPD_GHGCLIM@1
  785     0.00     1013.384        0.001        0.015             37        0.03        0.41    LASSIE_PARALLEL:GPRCP@1
  786     0.00     1013.386        0.001      110.740             37        0.03     2992.98    LAPINEB_PARALLEL@1
  787     0.00     1013.387        0.001        0.001            222        0.01        0.01    LARCINB_PARALLEL:LAITRE_GFL:GET_DATA@1
  788     0.00     1013.388        0.001        8.382             37        0.03      226.55    CPG_GP_PARALLEL@1
  789     0.00     1013.389        0.001        1.788             37        0.03       48.32    LASSIE_PARALLEL:SITNU@1
  790     0.00     1013.390        0.001        0.007             36        0.03        0.19    CPG_END_SFC_PARALLEL:SET0TO1@1
  791     0.00     1013.391        0.001        6.762             37        0.03      182.76    LAPINEA_PARALLEL@1
  792     0.00     1013.393        0.001        0.349             37        0.03        9.44    LATTES_PARALLEL:0@1
  793     0.00     1013.394        0.001        0.001              7        0.16        0.16    VERINT@1
  794     0.00     1013.395        0.001       44.255             37        0.03     1196.09    LARCINB_PARALLEL:LRHS_CURV_F@1
  795     0.00     1013.396        0.001        0.001             37        0.03        0.03    LATTEX_PARALLEL:MAIN:GET_DATA@1
  796     0.00     1013.397        0.001        0.056             37        0.03        1.50    CPUTQY_APLPAR_EXPL_PARALLEL:PFDIS@1
  797     0.00     1013.398        0.001        0.001              1        1.12        1.12    FADECI_MT@1
  798     0.00     1013.399        0.001        0.001             37        0.03        0.03    MF_PHYS_TRANSFER_PARALLEL:ALL:COMPUTE@1
  799     0.00     1013.401        0.001        0.001              1        1.11        1.11    RRTM_KGB1@1
  800     0.00     1013.402        0.001        4.421             37        0.03      119.50    APL_ARPEGE_SHALLOW_CONVECTION_AND_TURBULENCE_PARALLEL:ACTKE@1
  801     0.00     1013.403        0.001      748.337             37        0.03    20225.33    MF_PHYS_PARALLEL@1
  802     0.00     1013.404        0.001        0.926             37        0.03       25.02    CPUTQY_APLPAR_EXPL_PARALLEL@1
  803     0.00     1013.405        0.001        0.001              1        1.08        1.08    SULAP@1
  804     0.00     1013.406        0.001        0.319             37        0.03        8.62    CPG_DIA_FLU_PARALLEL:0@1
  805     0.00     1013.407        0.001        0.039             37        0.03        1.05    CPG_PARALLEL:ISETTLOFF@1
  806     0.00     1013.408        0.001        0.003             37        0.03        0.09    CPG_PARALLEL:LSMTSOL@1
  807     0.00     1013.409        0.001        0.001              1        1.05        1.05    SURFACE_FIELDS_MIX:ALLO_SURF@1
  808     0.00     1013.410        0.001        0.004             37        0.03        0.10    LAVABO_PARALLEL:2@1
  809     0.00     1013.411        0.001        0.001             37        0.03        0.03    MF_PHYS_INIT_PARALLEL:ZERO:GET_DATA@1
  810     0.00     1013.412        0.001        0.001             37        0.03        0.04    LAVABO_PARALLEL:1@1
  811     0.00     1013.413        0.001        2.072             37        0.03       56.00    LARCINB_PARALLEL:NVLAG_3@1
  812     0.00     1013.414        0.001        0.001              6        0.17        0.17    MINV_8:GEDI@1
  813     0.00     1013.415        0.001        0.001              3        0.33        0.33    GRIB_API:IGRIB_CLONE@1
  814     0.00     1013.416        0.001        0.042             37        0.03        1.14    CPG_GP_HYD_PARALLEL:3@1
  815     0.00     1013.417        0.001        5.335             37        0.03      144.19    APL_ARPEGE_SURFACE_PARALLEL:ACDIFV2@1
  816     0.00     1013.418        0.001        0.002             37        0.03        0.05    GPMPFC_EXPL_PARALLEL:0@1
  817     0.00     1013.419        0.001        0.001              1        0.97        0.97    YOMGSGEOM:DEALLO_TGSGEOM@1
  818     0.00     1013.420        0.001       10.446             37        0.03      282.33    APL_ARPEGE_SURFACE_PARALLEL:LMSE_F@1
  819     0.00     1013.421        0.001        0.003             37        0.03        0.09    CPG_DIA_FLU_PARALLEL:3@1
  820     0.00     1013.422        0.001        0.006             37        0.03        0.17    LACDYN_PARALLEL:LASURE@1
  821     0.00     1013.423        0.001        0.005             37        0.03        0.13    CPG_DIA_FLU_PARALLEL:1@1
  822     0.00     1013.424        0.001        0.001             37        0.03        0.03    CPG_GP_PARALLEL:SETZERO:COMPUTE@1
  823     0.00     1013.425        0.001        0.001            222        0.00        0.00    LARCINB_PARALLEL:RRINTOPT:GET_DATA@1
  824     0.00     1013.426        0.001        0.071             37        0.03        1.91    LAPINEB_PARALLEL:L_RDRY_VD@1
  825     0.00     1013.427        0.001        0.003              1        0.91        2.58    SU_SURF_FLDS@1
  826     0.00     1013.428        0.001        0.360             37        0.02        9.72    GPINISLB_PART2_EXPL_PARALLEL@1
  827     0.00     1013.428        0.001        1.174             37        0.02       31.72    CPG_PARALLEL:SHUFFLESL1@1
  828     0.00     1013.429        0.001        0.239              1        0.89      239.12    SUGRIDF@1
  829     0.00     1013.430        0.001        0.001             37        0.02        0.02    APL_ARPEGE_ATMOSPHERE_UPDATE_PARALLEL:CPTEND_NEW:GET_DATA@1
  830     0.00     1013.431        0.001        3.467             37        0.02       93.69    APL_ARPEGE_PRECIPITATION_PARALLEL:ACUPTQ@1
  831     0.00     1013.432        0.001        0.210             37        0.02        5.68    LAPINEB_PARALLEL:LACONE@1
  832     0.00     1013.433        0.001        0.137             37        0.02        3.70    APL_ARPEGE_PARALLEL:ZRDG_LCVQ@1
  833     0.00     1013.434        0.001        0.004             38        0.02        0.12    UPDTIM@1
  834     0.00     1013.435        0.001        0.015             36        0.02        0.42    CPCFU_PARALLEL:2@1
  835     0.00     1013.435        0.001        0.001              1        0.85        0.85    HQR2@1
  836     0.00     1013.436        0.001        0.001             37        0.02        0.02    LAVENT_PARALLEL:0:GET_DATA@1
  837     0.00     1013.437        0.001        0.273             37        0.02        7.39    APL_ARPEGE_PARALLEL:CPPHINP@1
  838     0.00     1013.438        0.001        0.001           2163        0.00        0.00    GFL_SUBS_MOD:FALSIFY_GFL_COMP@1
  839     0.00     1013.439        0.001        0.009             37        0.02        0.24    CPXFU_PARALLEL:0@1
  840     0.00     1013.440        0.001        0.037             37        0.02        1.01    GPRCP_EXPL_PARALLEL:5@1
  841     0.00     1013.441        0.001        0.886             37        0.02       23.93    APL_ARPEGE_PARALLEL:QNGCOR@1
  842     0.00     1013.441        0.001        0.212             37        0.02        5.72    CPGLAG_PARALLEL:0@1
  843     0.00     1013.442        0.001        0.202             37        0.02        5.46    CPG_PARALLEL:ZEROPB2@1
  844     0.00     1013.443        0.001        0.028             37        0.02        0.76    CTVTOT_EXPL_PARALLEL:0@1
  845     0.00     1013.444        0.001        0.091            333        0.00        0.27    ACCTND0_PARALLEL@1
  846     0.00     1013.445        0.001        0.263             37        0.02        7.11    LATTEX_EXPL_2TL_PARALLEL@1
  847     0.00     1013.445        0.001        0.748             37        0.02       20.20    CPG_PARALLEL:ZEROSL1@1
  848     0.00     1013.446        0.001        2.562             37        0.02       69.24    APL_ARPEGE_RADIATION_PARALLEL:ACDAYD@1
  849     0.00     1013.447        0.001        0.015             37        0.02        0.41    CPG_GP_PARALLEL:GPTF2_EXPL_2TL@1
  850     0.00     1013.448        0.001        0.003             37        0.02        0.07    APL_ARPEGE_PARALLEL:PLSM@1
  851     0.00     1013.449        0.001        0.001              1        0.81        0.81    SUGEM1A@1
  852     0.00     1013.450        0.001     1013.650              1        0.81  1013649.63    CNT0@1
  853     0.00     1013.450        0.001        0.129             74        0.01        1.75    GPMPFC_EXPL_PART2_PARALLEL@1
  854     0.00     1013.451        0.001        0.002              1        0.81        2.34    SUGFL2@1
  855     0.00     1013.452        0.001        0.495             37        0.02       13.37    APL_ARPEGE_PARALLEL:ZBAY_QRCONV@1
  856     0.00     1013.453        0.001        0.158             37        0.02        4.28    APL_ARPEGE_RADIATION_PARALLEL:LMSE_F@1
  857     0.00     1013.454        0.001        0.001            976        0.00        0.00    PE2SET@1
  858     0.00     1013.454        0.001        0.344             37        0.02        9.31    APL_ARPEGE_PARALLEL:DIFTQ@1
  859     0.00     1013.455        0.001        0.001             37        0.02        0.02    APL_ARPEGE_SURFACE_PARALLEL:LMSE_F:GET_DATA@1
  860     0.00     1013.456        0.001       23.830             37        0.02      644.05    LACDYN_PARALLEL@1
  861     0.00     1013.457        0.001        0.079             37        0.02        2.14    CPG_GP_PARALLEL:GPINISLB_PART3_EXPL@1
  862     0.00     1013.457        0.001        0.001              1        0.77        0.77    SUDEFO_GFLATTR@1
  863     0.00     1013.458        0.001        0.005             37        0.02        0.12    APL_ARPEGE_PARALLEL:FRSOPT@1
  864     0.00     1013.459        0.001        0.001              1        0.77        0.77    SRTM_KGB16@1
  865     0.00     1013.460        0.001        6.236             36        0.02      173.22    SPCMNEW_PAR_horsmem@1
  866     0.00     1013.460        0.001        0.003             37        0.02        0.08    CPXFU_PARALLEL:1@1
  867     0.00     1013.461        0.001        0.035              1        0.75       35.44    SUOROG@1
  868     0.00     1013.462        0.001        0.079             37        0.02        2.12    APL_WIND_GUST_PARALLEL:ACCLDIA@1
  869     0.00     1013.463        0.001        1.087             37        0.02       29.38    CPG_GP_HYD_PARALLEL:1@1
  870     0.00     1013.463        0.001        0.002             37        0.02        0.05    CPG_GP_PARALLEL:SETZERO@1
  871     0.00     1013.464        0.001        0.009             37        0.02        0.24    CPG_GP_PARALLEL:SET1TO0@1
  872     0.00     1013.465        0.001        0.001            457        0.00        0.00    SET2PE@1
  873     0.00     1013.466        0.001        0.011             37        0.02        0.30    CPXFU_PARALLEL:3@1
  874     0.00     1013.466        0.001        8.454             37        0.02      228.48    APL_ARPEGE_DEEP_CONVECTION_PARALLEL@1
  875     0.00     1013.467        0.001        1.052             37        0.02       28.42    CPG_DIA_FLU_PARALLEL@1
  876     0.00     1013.468        0.001        0.046             37        0.02        1.25    CPXFU_PARALLEL:4@1
  877     0.00     1013.468        0.001        0.121             30        0.02        4.04    APL_ARPEGE_RADIATION_PARALLEL:CALLRAD_F@1
  878     0.00     1013.469        0.001        0.001             37        0.02        0.02    LARMES_PARALLEL:LARMES:GET_DATA@1
  879     0.00     1013.470        0.001        0.022             37        0.02        0.60    CPXFU_PARALLEL:2@1
  880     0.00     1013.471        0.001        0.001            555        0.00        0.00    GPRCP_EXPL_PARALLEL:1:GET_DATA@1
  881     0.00     1013.471        0.001        0.011             37        0.02        0.31    CPG_GP_PARALLEL:GP_SPV@1
  882     0.00     1013.472        0.001        0.591             37        0.02       15.98    CPG_GP_HYD_PARALLEL:0@1
  883     0.00     1013.473        0.001        0.043             37        0.02        1.17    APL_ARPEGE_PARALLEL:ACSOL@1
  884     0.00     1013.473        0.001        0.087             37        0.02        2.34    APL_ARPEGE_PARALLEL:ACEVADCAPE@1
  885     0.00     1013.474        0.001        0.001              1        0.68        0.76    SUCT0@1
  886     0.00     1013.475        0.001        0.001             37        0.02        0.02    APL_ARPEGE_DEEP_CONVECTION_PARALLEL:CUCALLN_MF:GET_DATA@1
  887     0.00     1013.475        0.001        0.001             74        0.01        0.01    CPG_SL1B_TYPE_SYNC_HOST@1
  888     0.00     1013.476        0.001        0.001             37        0.02        0.02    GPMPFC_EXPL_PARALLEL:0:COMPUTE@1
  889     0.00     1013.477        0.001        0.005             37        0.02        0.13    CPG_GP_PARALLEL:MAP_FACTOR@1
  890     0.00     1013.477        0.001        0.001             37        0.02        0.02    CPG_DRV:INIT@1
  891     0.00     1013.478        0.001        2.326             37        0.02       62.87    APL_ARPEGE_RADIATION_PARALLEL:RADHEAT@1
  892     0.00     1013.479        0.001        0.108             37        0.02        2.91    APL_ARPEGE_OCEANIC_FLUXES_PARALLEL:ACFLUSO@1
  893     0.00     1013.479        0.001        0.368             42        0.02        8.75    FACIL1_MT@1
  894     0.00     1013.480        0.001        0.001             37        0.02        0.02    CPG_DRV:EXIT@1
  895     0.00     1013.480        0.001        7.052             37        0.02      190.58    CPG_GP_HYD_PARALLEL@1
  896     0.00     1013.481        0.001        0.009             37        0.02        0.24    CPG_DIA_FLU_PARALLEL:4@1
  897     0.00     1013.482        0.001        0.002              1        0.60        1.88    SUGFL1@1
  898     0.00     1013.482        0.001        0.001             37        0.02        0.02    CPG_GP_HYD_PARALLEL:2:GET_DATA@1
  899     0.00     1013.483        0.001        0.121             37        0.02        3.27    CPG_DIA_FLU_PARALLEL:2@1
  900     0.00     1013.484        0.001        0.149             37        0.02        4.03    APL_ARPEGE_SURFACE_UPDATE_PARALLEL:LMSE_F@1
  901     0.00     1013.484        0.001        0.090            185        0.00        0.48    ACCTND0_PARALLEL:PACC@1
  902     0.00     1013.485        0.001        0.001             37        0.02        0.02    CPG_SL1F_TYPE_SYNC_HOST@1
  903     0.00     1013.485        0.001        0.001             37        0.02        0.02    APL_ARPEGE_SHALLOW_CONVECTION_AND_TURBULENCE_PARALLEL:ACTKE:GET_DATA@1
  904     0.00     1013.486        0.001      396.266             37        0.02    10709.90    APL_ARPEGE_RADIATION_PARALLEL@1
  905     0.00     1013.486        0.001       55.378             37        0.02     1496.70    APL_ARPEGE_INIT_PARALLEL@1
  906     0.00     1013.487        0.001        3.663             37        0.02       98.99    APL_ARPEGE_PRECIPITATION_PARALLEL@1
  907     0.00     1013.488        0.001        0.001              1        0.57        1.13    SUPHY0@1
  908     0.00     1013.488        0.001        0.125             37        0.02        3.39    APL_ARPEGE_PARALLEL:ZDE2MR@1
  909     0.00     1013.489        0.001        0.001             37        0.02        0.02    MF_PHYS_PARALLEL:MF_PHYS_NEXT_STATE%INIT@1
  910     0.00     1013.489        0.001      218.429             37        0.02     5903.49    APL_ARPEGE_SHALLOW_CONVECTION_AND_TURBULENCE_PARALLEL@1
  911     0.00     1013.490        0.001        0.001              1        0.56        0.56    SURFACE_FIELDS_MIX:DEALLO_SURF@1
  912     0.00     1013.490        0.001        0.001             36        0.02        0.02    CPCFU_PARALLEL:5:COMPUTE@1
  913     0.00     1013.491        0.001        0.015             36        0.02        0.42    CPCFU_PARALLEL:0@1
  914     0.00     1013.491        0.001        0.052             37        0.01        1.42    CPGLAG_PARALLEL:STR@1
  915     0.00     1013.492        0.001        9.502             37        0.01      256.80    APL_ARPEGE_INIT_PARALLEL:4@1
  916     0.00     1013.493        0.001        0.001              1        0.55        1.14    SUFA@1
  917     0.00     1013.493        0.001       24.991             37        0.01      675.42    APL_ARPEGE_SURFACE_PARALLEL:ACDIFV1@1
  918     0.00     1013.494        0.001        0.014              1        0.54       13.79    SUSC2B@1
  919     0.00     1013.494        0.001        0.027             37        0.01        0.72    CPGLAG_PARALLEL:1@1
  920     0.00     1013.495        0.001        0.034             36        0.01        0.95    CPCFU_PARALLEL:1@1
  921     0.00     1013.495        0.001      213.740             37        0.01     5776.76    ACVPPKF_PARALLEL@1
  922     0.00     1013.496        0.001        0.533             74        0.01        7.21    GPMPFC_EXPL_PARALLEL@1
  923     0.00     1013.496        0.001        0.055             37        0.01        1.48    APL_ARPEGE_PARALLEL:PPWETPOINT@1
  924     0.00     1013.497        0.001        0.126              1        0.53      125.61    SUSI@1
  925     0.00     1013.497        0.001        0.353             37        0.01        9.54    APL_ARPEGE_DEEP_CONVECTION_PARALLEL:COPY@1
  926     0.00     1013.498        0.001        0.001              1        0.52        0.52    SUALMP2@1
  927     0.00     1013.498        0.001        0.013             39        0.01        0.34    SPNORMBE@1
  928     0.00     1013.499        0.001        0.123             37        0.01        3.33    APL_ARPEGE_PARALLEL:ACVISIH@1
  929     0.00     1013.499        0.001        0.001             36        0.01        0.03    CPCFU_PARALLEL:5@1
  930     0.00     1013.500        0.001        0.001             37        0.01        0.01    APL_ARPEGE_SURFACE_PARALLEL:ACDIFV2:GET_DATA@1
  931     0.00     1013.500        0.001        0.009             36        0.01        0.25    CPCFU_PARALLEL:3@1
  932     0.00     1013.501        0.001        0.430             36        0.01       11.95    SCAN2M_TS_PARALLEL@1
  933     0.00     1013.502        0.001        0.466             37        0.01       12.60    APL_ARPEGE_DEEP_CONVECTION_PARALLEL:INIT@1
  934     0.00     1013.502        0.001       35.701             37        0.01      964.90    APL_ARPEGE_INIT_PARALLEL:3@1
  935     0.00     1013.503        0.001        4.114             37        0.01      111.19    LARMES_PARALLEL@1
  936     0.00     1013.503        0.001        0.001            148        0.00        0.00    GPRCP_EXPL_PARALLEL:0:GET_DATA@1
  937     0.00     1013.504        0.001        0.001             37        0.01        0.01    APL_ARPEGE_SURFACE_UPDATE_PARALLEL:LMSE_F:GET_DATA@1
  938     0.00     1013.504        0.001        0.001             37        0.01        0.01    LAPINEA_PARALLEL:LARCINA:GET_DATA@1
  939     0.00     1013.505        0.000       31.174             37        0.01      842.55    ACVPPKF_PARALLEL:PART3@1
  940     0.00     1013.505        0.000        0.862             37        0.01       23.31    APL_ARPEGE_PARALLEL:ACTQSAT@1
  941     0.00     1013.506        0.000        0.044            100        0.00        0.44    POSNAM@1
  942     0.00     1013.506        0.000        0.000             37        0.01        0.01    APL_ARPEGE_INIT_PARALLEL:3:GET_DATA@1
  943     0.00     1013.506        0.000        0.000              1        0.48        0.48    IOGRID_MOD:INI_INDSEL@1
  944     0.00     1013.507        0.000        0.000             37        0.01        0.01    APL_ARPEGE_HYDRO_BUDGET_PARALLEL:ACDROV:GET_DATA@1
  945     0.00     1013.507        0.000        0.425             37        0.01       11.49    APL_ARPEGE_DEEP_CONVECTION_PARALLEL:ZERO@1
  946     0.00     1013.508        0.000        0.003             37        0.01        0.09    APL_ARPEGE_PARALLEL:ZDPHIV@1
  947     0.00     1013.508        0.000        0.022             37        0.01        0.59    APL_ARPEGE_HYDRO_BUDGET_PARALLEL:ACDROV@1
  948     0.00     1013.509        0.000        0.024             37        0.01        0.66    APL_ARPEGE_SOIL_HYDRO_PARALLEL:ACVEG@1
  949     0.00     1013.509        0.000        5.167             37        0.01      139.64    APL_ARPEGE_DEEP_CONVECTION_PARALLEL:CUCALLN_MF@1
  950     0.00     1013.510        0.000        0.537             37        0.01       14.51    APL_ARPEGE_PARALLEL:APLPAR_INIT@1
  951     0.00     1013.510        0.000        0.492             37        0.01       13.29    APL_ARPEGE_PARALLEL:ACDRME@1
  952     0.00     1013.511        0.000        5.242             37        0.01      141.68    APL_ARPEGE_INIT_PARALLEL:5@1
  953     0.00     1013.511        0.000        0.000             37        0.01        0.01    APL_ARPEGE_PRECIPITATION_PARALLEL:ACUPTQ:GET_DATA@1
  954     0.00     1013.512        0.000        0.173             37        0.01        4.67    APL_ARPEGE_INIT_PARALLEL:6@1
  955     0.00     1013.512        0.000        3.836             37        0.01      103.68    APL_ARPEGE_DPRECIPS_PARALLEL@1
  956     0.00     1013.513        0.000        0.001            222        0.00        0.00    LARCINB_PARALLEL:LAITRE_GFL:NULLIFY@1
  957     0.00     1013.513        0.000        0.147             36        0.01        4.08    APL_ARPEGE_RADIATION_PARALLEL:SUNSHINE@1
  958     0.00     1013.513        0.000        0.548              1        0.45      547.78    SUSPEC@1
  959     0.00     1013.514        0.000        1.994             72        0.01       27.69    EXCHANGE_MS@1
  960     0.00     1013.514        0.000        0.000             37        0.01        0.01    ACVPPKF_PARALLEL:PART1:GET_DATA@1
  961     0.00     1013.515        0.000       41.018             37        0.01     1108.61    APL_ARPEGE_SURFACE_PARALLEL@1
  962     0.00     1013.515        0.000        0.000             37        0.01        0.01    LARCINB_PARALLEL:LRHS_CURV_F:GET_DATA@1
  963     0.00     1013.516        0.000        0.000             74        0.01        0.01    LAPINEB_PARALLEL:ROTUVGEO:GET_DATA@1
  964     0.00     1013.516        0.000        0.001              1        0.44        1.10    SUSTA@1
  965     0.00     1013.517        0.000        0.000             37        0.01        0.01    APL_ARPEGE_PARALLEL:ACDRAG:GET_DATA@1
  966     0.00     1013.517        0.000        0.153             37        0.01        4.13    APL_ARPEGE_RADIATION_PARALLEL:DIRECT@1
  967     0.00     1013.517        0.000        0.576             37        0.01       15.58    CPGLAG_PARALLEL@1
  968     0.00     1013.518        0.000        0.000             37        0.01        0.01    APL_ARPEGE_PARALLEL:ACSOL:GET_DATA@1
  969     0.00     1013.518        0.000        0.000             37        0.01        0.01    CPG_DIA_FLU_PARALLEL:3:GET_DATA@1
  970     0.00     1013.519        0.000        0.000             37        0.01        0.01    APL_ARPEGE_PARALLEL:ACEVADCAPE:GET_DATA@1
  971     0.00     1013.519        0.000        0.011              5        0.09        2.20    GPNORM2@1
  972     0.00     1013.520        0.000        0.356             37        0.01        9.61    APL_ARPEGE_DEEP_CONVECTION_PARALLEL:ACUPTQ@1
  973     0.00     1013.520        0.000        0.006             37        0.01        0.16    APL_ARPEGE_PARALLEL:BAYRAD@1
  974     0.00     1013.521        0.000        0.076             36        0.01        2.11    CPCFU_PARALLEL@1
  975     0.00     1013.521        0.000        0.000             37        0.01        0.01    ACVPPKF_PARALLEL:PART3:GET_DATA@1
  976     0.00     1013.521        0.000        0.038              1        0.41       37.82    SUECRAD@1
  977     0.00     1013.522        0.000        0.009             37        0.01        0.23    APL_ARPEGE_PARALLEL:PRECIPS@1
  978     0.00     1013.522        0.000        0.000              1        0.41        0.41    RRTM_KGB3@1
  979     0.00     1013.523        0.000        6.037             37        0.01      163.17    TRANSINV_MDL@1
  980     0.00     1013.523        0.000      201.131             37        0.01     5435.98    CALL_SL_DRV@1
  981     0.00     1013.523        0.000        0.044             37        0.01        1.20    MF_PHYS_FPL_PART2_PARALLEL@1
  982     0.00     1013.524        0.000        0.010             37        0.01        0.27    APL_ARPEGE_ALBEDO_COMPUTATION_PARALLEL:0@1
  983     0.00     1013.524        0.000       94.209             37        0.01     2546.19    ACVPPKF_PARALLEL:PART1@1
  984     0.00     1013.525        0.000        0.000             38        0.01        0.01    UPDMOON@1
  985     0.00     1013.525        0.000        0.000            141        0.00        0.00    FANFAR_MT@1
  986     0.00     1013.525        0.000        0.000             37        0.01        0.01    CPXFU_PARALLEL:2:GET_DATA@1
  987     0.00     1013.526        0.000        0.000            333        0.00        0.00    CPUTQY0_PARALLEL:PVAR:GET_DATA@1
  988     0.00     1013.526        0.000        0.000             37        0.01        0.01    ACVPPKF_PARALLEL:PART0:GET_DATA@1
  989     0.00     1013.527        0.000        0.000             37        0.01        0.01    APL_ARPEGE_RADIATION_PARALLEL:RADHEAT:GET_DATA@1
  990     0.00     1013.527        0.000        0.000             74        0.01        0.01    GPMPFC_EXPL_PARALLEL:1:GET_DATA@1
  991     0.00     1013.527        0.000        7.710              7        0.06     1101.48    RECMWF_PARALLEL:PREPARE@1
  992     0.00     1013.528        0.000        0.022             37        0.01        0.61    APL_ARPEGE_HYDRO_BUDGET_PARALLEL@1
  993     0.00     1013.528        0.000        0.000             37        0.01        0.01    APL_ARPEGE_INIT_PARALLEL:5:GET_DATA@1
  994     0.00     1013.528        0.000       20.275             37        0.01      547.97    LATTEX_PARALLEL@1
  995     0.00     1013.529        0.000        0.000              2        0.19        0.19    GRIB_API:IGRIB_GET_CHAR@1
  996     0.00     1013.529        0.000        0.000             37        0.01        0.01    LAPINEB_PARALLEL:LARCHE:GET_DATA@1
  997     0.00     1013.530        0.000        0.066             37        0.01        1.77    APL_ARPEGE_PARALLEL:EDR@1
  998     0.00     1013.530        0.000        0.000             41        0.01        0.01    GRIB_API:IGRIB_SET_INT8@1
  999     0.00     1013.530        0.000        0.000             37        0.01        0.01    APL_ARPEGE_PARALLEL:ACHMT:GET_DATA@1
 1000     0.00     1013.531        0.000        0.211              1        0.37      211.37    SUDYN@1
 1001     0.00     1013.531        0.000        0.000             36        0.01        0.01    CPCFU_PARALLEL:1:GET_DATA@1
 1002     0.00     1013.532        0.000        0.000             37        0.01        0.01    CPG_GP_PARALLEL:GPINISLB_PART1_EXPL:GET_DATA@1
 1003     0.00     1013.532        0.000        0.012              1        0.37       11.74    SUPHMPA@1
 1004     0.00     1013.532        0.000        0.550             37        0.01       14.87    LATTES_PARALLEL@1
 1005     0.00     1013.533        0.000        0.000            222        0.00        0.00    LATTEX_EXPL_2TL_PARALLEL:3:GET_DATA@1
 1006     0.00     1013.533        0.000        0.000              1        0.36        0.36    RRTM_KGB5@1
 1007     0.00     1013.533        0.000        0.528             37        0.01       14.27    APL_ARPEGE_PARALLEL:ACDRAG@1
 1008     0.00     1013.534        0.000        0.737             37        0.01       19.93    APL_ARPEGE_PARALLEL:ACCLPH@1
 1009     0.00     1013.534        0.000        0.001            555        0.00        0.00    GPRCP_EXPL_PARALLEL:1:NULLIFY@1
 1010     0.00     1013.534        0.000        6.038             37        0.01      163.18    TRANSINVH@1
 1011     0.00     1013.535        0.000        2.737             37        0.01       73.97    MF_PHYS_INIT_PARALLEL@1
 1012     0.00     1013.535        0.000        0.002              1        0.35        1.74    INI_RAIN_ICE@1
 1013     0.00     1013.535        0.000        0.000             37        0.01        0.01    APL_ARPEGE_PARALLEL:QNGCOR:GET_DATA@1
 1014     0.00     1013.536        0.000        0.591             37        0.01       15.96    LAVENT_PARALLEL@1
 1015     0.00     1013.536        0.000        0.029              7        0.05        4.08    RECMWF_PARALLEL:1@1
 1016     0.00     1013.537        0.000        0.000              1        0.35        0.35    RRTM_KGB4@1
 1017     0.00     1013.537        0.000        0.001            202        0.00        0.00    SUCLDP:BETAI@1
 1018     0.00     1013.537        0.000        0.000             37        0.01        0.01    APL_ARPEGE_OCEANIC_FLUXES_PARALLEL:ACFLUSO:GET_DATA@1
 1019     0.00     1013.538        0.000        4.854             37        0.01      131.19    APL_ARPEGE_ATMOSPHERE_UPDATE_PARALLEL@1
 1020     0.00     1013.538        0.000        0.007             37        0.01        0.20    CPG_END_SFC_PARALLEL@1
 1021     0.00     1013.538        0.000        0.028              7        0.05        4.02    RECMWF_PARALLEL:ECRAD_POST@1
 1022     0.00     1013.539        0.000        0.109            234        0.00        0.46    SPNORMBM@1
 1023     0.00     1013.539        0.000        2.861             37        0.01       77.32    APL_ARPEGE_ATMOSPHERE_UPDATE_PARALLEL:CPTEND_NEW@1
 1024     0.00     1013.539        0.000        0.005              1        0.34        4.89    SU0PHY@1
 1025     0.00     1013.540        0.000        0.078             37        0.01        2.11    APL_ARPEGE_PARALLEL:ACHMT@1
 1026     0.00     1013.540        0.000        0.000             37        0.01        0.01    APL_ARPEGE_PARALLEL:CPPHINP:GET_DATA@1
 1027     0.00     1013.540        0.000        1.345             37        0.01       36.35    APL_ARPEGE_CLOUDINESS_PARALLEL@1
 1028     0.00     1013.541        0.000        0.000             37        0.01        0.01    APL_ARPEGE_DEEP_CONVECTION_PARALLEL:ACUPTQ:GET_DATA@1
 1029     0.00     1013.541        0.000        0.512             37        0.01       13.83    MF_PHYS_PREP_PARALLEL@1
 1030     0.00     1013.541        0.000        0.134              1        0.33      133.77    RDFA2GP@1
 1031     0.00     1013.542        0.000        0.000              1        0.33        0.33    SRTM_KGB17@1
 1032     0.00     1013.542        0.000       23.830             37        0.01      644.06    CPG_DYN_SLG_PARALLEL@1
 1033     0.00     1013.542        0.000        0.000             37        0.01        0.01    MF_PHYS_PREP_PARALLEL:PREP:GET_DATA@1
 1034     0.00     1013.543        0.000        0.109             37        0.01        2.93    APL_ARPEGE_OCEANIC_FLUXES_PARALLEL@1
 1035     0.00     1013.543        0.000        0.000              1        0.33        0.33    SRTM_KGB21@1
 1036     0.00     1013.543        0.000        0.001              1        0.33        0.94    SUTOPH@1
 1037     0.00     1013.544        0.000        0.061             37        0.01        1.65    MF_PHYS_FPL_PART1_PARALLEL@1
 1038     0.00     1013.544        0.000        0.000              3        0.11        0.11    FIELD_GFL_WRAPPER:GFL_MAPPING_SETUP@1
 1039     0.00     1013.544        0.000        0.000             37        0.01        0.01    MF_PHYS_PARALLEL:MF_PHYS_BASE_STATE%INIT@1
 1040     0.00     1013.545        0.000        0.000             74        0.00        0.00    GPMPFC_EXPL_PART2_PARALLEL:0:GET_DATA@1
 1041     0.00     1013.545        0.000        0.000              1        0.32        0.32    SPGEOM_MOD:SUGMRE@1
 1042     0.00     1013.545        0.000        0.000             37        0.01        0.01    LAPINEB_PARALLEL:ROTUV:GET_DATA@1
 1043     0.00     1013.545        0.000        0.019              3        0.11        6.21    FIELD_CONTAINER_GP_MOD:FIELD_CREATE@1
 1044     0.00     1013.546        0.000        0.001              1        0.32        0.72    SUGEM_NAML@1
 1045     0.00     1013.546        0.000        0.000             37        0.01        0.01    LATTES_PARALLEL:0:GET_DATA@1
 1046     0.00     1013.546        0.000        0.000             37        0.01        0.01    APL_ARPEGE_CLOUDINESS_PARALLEL:ACNEBCOND:GET_DATA@1
 1047     0.00     1013.547        0.000        0.000              3        0.10        0.10    "lfifer_alts"@1:lfi_alts.c
 1048     0.00     1013.547        0.000        0.000              1        0.31        0.31    SRTM_KGB28@1
 1049     0.00     1013.547        0.000        0.025             37        0.01        0.66    LAVABO_PARALLEL@1
 1050     0.00     1013.548        0.000        0.000             37        0.01        0.01    LARCINB_PARALLEL:LAITRE_GMV:GET_DATA@1
 1051     0.00     1013.548        0.000        0.000             37        0.01        0.01    LAVABO_PARALLEL:1:COMPUTE@1
 1052     0.00     1013.548        0.000        0.001             53        0.01        0.03    FANION_MT@1
 1053     0.00     1013.549        0.000        0.000              1        0.30        0.30    SUALDYN_DDH@1
 1054     0.00     1013.549        0.000        0.000            324        0.00        0.00    SCAN2M_TS_PARALLEL:0:GET_DATA@1
 1055     0.00     1013.549        0.000        0.000             37        0.01        0.01    APL_ARPEGE_DEEP_CONVECTION_PARALLEL:INIT:GET_DATA@1
 1056     0.00     1013.549        0.000        0.000             37        0.01        0.01    CPG_GP_HYD_PARALLEL:1:GET_DATA@1
 1057     0.00     1013.550        0.000        0.000             37        0.01        0.01    LATTEX_EXPL_VSPLTRANS_PARALLEL@1
 1058     0.00     1013.550        0.000        0.000              1        0.30        0.30    RRTM_KGB7@1
 1059     0.00     1013.550        0.000        0.001              1        0.30        0.90    SUECAESU@1
 1060     0.00     1013.551        0.000        0.000              2        0.15        0.15    READ_XKER_RACCS@1
 1061     0.00     1013.551        0.000        2.567             37        0.01       69.39    APL_ARPEGE_INIT_PARALLEL:2@1
 1062     0.00     1013.551        0.000        2.069             37        0.01       55.92    LASSIE_PARALLEL@1
 1063     0.00     1013.552        0.000        0.184             37        0.01        4.97    CTVTOT_EXPL_PARALLEL@1
 1064     0.00     1013.552        0.000        0.000             37        0.01        0.01    APL_ARPEGE_PARALLEL:APLPAR_INIT:GET_DATA@1
 1065     0.00     1013.552        0.000        3.668             37        0.01       99.13    APL_ARPEGE_DPRECIPS_PARALLEL:0@1
 1066     0.00     1013.552        0.000        0.000             37        0.01        0.01    LAPINEB_PARALLEL:NVLAG3:GET_DATA@1
 1067     0.00     1013.553        0.000        0.000             37        0.01        0.01    APL_ARPEGE_INIT_SURFEX_PARALLEL@1
 1068     0.00     1013.553        0.000        0.012             37        0.01        0.31    LAVABO_EXPL_LAITVSPCQM_PART1_PARALLEL@1
 1069     0.00     1013.553        0.000        0.001              1        0.29        0.90    SUECAESS@1
 1070     0.00     1013.554        0.000        0.016              1        0.28       15.77    SUVERT@1
 1071     0.00     1013.554        0.000        0.000              1        0.28        0.44    SUVERT:SUVFE_ADJUST_AB@1
 1072     0.00     1013.554        0.000        0.001              1        0.28        0.80    SUECAEOR@1
 1073     0.00     1013.554        0.000        0.011             37        0.01        0.29    APL_ARPEGE_ALBEDO_COMPUTATION_PARALLEL@1
 1074     0.00     1013.555        0.000        0.000              1        0.28        0.28    SURCORDI@1
 1075     0.00     1013.555        0.000        0.000              1        0.28        0.28    FINAL_STATS@1
 1076     0.00     1013.555        0.000        0.000            222        0.00        0.00    GPINISLB_PART2_EXPL_PARALLEL:0:GET_DATA@1
 1077     0.00     1013.555        0.000        0.001              1        0.28        0.83    SUECAESD@1
 1078     0.00     1013.556        0.000        0.000            222        0.00        0.00    LAPINEB_PARALLEL:CVGQ:GET_DATA@1
 1079     0.00     1013.556        0.000        0.001              1        0.28        0.65    SUDYNA@1
 1080     0.00     1013.556        0.000        0.000              1        0.27        0.27    GFL_SUBS_MOD:PRINT_GFL@1
 1081     0.00     1013.557        0.000        0.000             37        0.01        0.01    APL_ARPEGE_PARALLEL:FRSOPT:GET_DATA@1
 1082     0.00     1013.557        0.000        0.000             37        0.01        0.01    LARCINB_PARALLEL:NTLAG_3:GET_DATA@1
 1083     0.00     1013.557        0.000        0.000              1        0.27        0.27    SRTM_KGB19@1
 1084     0.00     1013.557        0.000        0.000             37        0.01        0.01    APL_ARPEGE_DEEP_CONVECTION_PARALLEL:COPY:GET_DATA@1
 1085     0.00     1013.558        0.000        0.000             37        0.01        0.01    APL_ARPEGE_INIT_PARALLEL:4:GET_DATA@1
 1086     0.00     1013.558        0.000        0.116             37        0.01        3.14    GPTF1_YDVARS_PARALLEL@1
 1087     0.00     1013.558        0.000        0.003              1        0.26        2.50    YOMVAR:SETUP_VAR@1
 1088     0.00     1013.558        0.000        0.014             10        0.03        1.39    GPNORM1@1
 1089     0.00     1013.559        0.000        0.000             37        0.01        0.01    CPXFU_PARALLEL:0:GET_DATA@1
 1090     0.00     1013.559        0.000        0.000             36        0.01        0.01    CPCFU_PARALLEL:2:GET_DATA@1
 1091     0.00     1013.559        0.000        0.000             12        0.02        0.02    SURFACE_FIELDS_MIX:FINALISE_SFLP3@1
 1092     0.00     1013.559        0.000        0.000              5        0.05        0.05    FIELD_CONTAINER_GP_MOD:FIELD_DESTROY@1
 1093     0.00     1013.560        0.000        0.155             37        0.01        4.19    APL_ARPEGE_INIT_PARALLEL:0@1
 1094     0.00     1013.560        0.000        0.157             72        0.00        2.18    MXMAOPDRV@1
 1095     0.00     1013.560        0.000        1.155             37        0.01       31.20    APL_ARPEGE_CLOUDINESS_PARALLEL:ACNEBCOND@1
 1096     0.00     1013.560        0.000        2.035             37        0.01       55.00    APL_ARPEGE_INIT_PARALLEL:1@1
 1097     0.00     1013.561        0.000        0.000             48        0.01        0.01    MONIO_T@1
 1098     0.00     1013.561        0.000        0.000              1        0.24        0.24    SPGEOM_MOD:SUSPGM@1
 1099     0.00     1013.561        0.000        0.092             37        0.01        2.49    CPXFU_PARALLEL@1
 1100     0.00     1013.561        0.000       26.929             37        0.01      727.81    ACVPPKF_PARALLEL:PART0@1
 1101     0.00     1013.562        0.000        0.000             37        0.01        0.01    CPXFU_PARALLEL:1:GET_DATA@1
 1102     0.00     1013.562        0.000        0.000             37        0.01        0.01    LARCINB_PARALLEL:LCOMAD_SP:GET_DATA@1
 1103     0.00     1013.562        0.000        0.000             37        0.01        0.01    APL_ARPEGE_SURFACE_PARALLEL:ACDIFV1:GET_DATA@1
 1104     0.00     1013.562        0.000        0.000             37        0.01        0.01    APL_ARPEGE_INIT_PARALLEL:1:GET_DATA@1
 1105     0.00     1013.563        0.000        0.085             37        0.01        2.30    MF_PHYS_MOCON_PARALLEL@1
 1106     0.00     1013.563        0.000        0.000             37        0.01        0.01    CPG_GP_HYD_PARALLEL:0:GET_DATA@1
 1107     0.00     1013.563        0.000       13.755              7        0.03     1965.06    RECMWF_PARALLEL:FINISH@1
 1108     0.00     1013.563        0.000        0.001              1        0.23        0.76    SUECAEBC@1
 1109     0.00     1013.564        0.000        0.000            144        0.00        0.00    EXCHANGE_MS:ADD3DF@1
 1110     0.00     1013.564        0.000        0.000            594        0.00        0.00    SUCLDP:GAMMLN@1
 1111     0.00     1013.564        0.000        0.000             37        0.01        0.01    APL_ARPEGE_RADIATION_PARALLEL:LMSE_F:GET_DATA@1
 1112     0.00     1013.564        0.000        0.000             36        0.01        0.01    CPCFU_PARALLEL:0:GET_DATA@1
 1113     0.00     1013.564        0.000        0.000             37        0.01        0.01    LARCINB_PARALLEL:NVLAG_3:GET_DATA@1
 1114     0.00     1013.565        0.000        0.000             37        0.01        0.01    APL_ARPEGE_PARALLEL:ACVISIH:GET_DATA@1
 1115     0.00     1013.565        0.000        0.000            222        0.00        0.00    LAPINEB_PARALLEL:ZERO_GMV9:GET_DATA@1
 1116     0.00     1013.565        0.000        0.123            247        0.00        0.50    FASGRA_MT@1
 1117     0.00     1013.565        0.000        0.000             37        0.01        0.01    APL_ARPEGE_ALBEDO_COMPUTATION_PARALLEL:0:GET_DATA@1
 1118     0.00     1013.566        0.000        0.000             37        0.01        0.01    MF_PHYS_MOCON_PARALLEL:PPWETPOINT:GET_DATA@1
 1119     0.00     1013.566        0.000        1.049              1        0.22     1049.20    SU0YOMA@1
 1120     0.00     1013.566        0.000        0.000             37        0.01        0.01    APL_ARPEGE_DEEP_CONVECTION_PARALLEL:ZERO:GET_DATA@1
 1121     0.00     1013.566        0.000        0.000            148        0.00        0.00    GPRCP_EXPL_PARALLEL:4:GET_DATA@1
 1122     0.00     1013.566        0.000        0.000             37        0.01        0.01    CPG_GP_PARALLEL:GP_SPV:GET_DATA@1
 1123     0.00     1013.567        0.000        0.000             37        0.01        0.01    CPGLAG_PARALLEL:0:GET_DATA@1
 1124     0.00     1013.567        0.000        0.000              1        0.21        0.21    RRTM_KGB9@1
 1125     0.00     1013.567        0.000        0.001              1        0.21        1.05    SUXFU@1
 1126     0.00     1013.567        0.000        0.000             37        0.01        0.01    APL_ARPEGE_RADIATION_PARALLEL:ACDAYD:GET_DATA@1
 1127     0.00     1013.567        0.000        0.000             37        0.01        0.01    CPG_GP_PARALLEL:MAP_FACTOR:GET_DATA@1
 1128     0.00     1013.568        0.000        0.028              7        0.03        4.07    RECMWF_PARALLEL:2@1
 1129     0.00     1013.568        0.000        0.000             36        0.01        0.01    CPCFU_PARALLEL:3:GET_DATA@1
 1130     0.00     1013.568        0.000        0.000            324        0.00        0.00    SCAN2M_TS_PARALLEL:0:NULLIFY@1
 1131     0.00     1013.568        0.000        0.000             37        0.01        0.01    APL_ARPEGE_PARALLEL:ACDRME:GET_DATA@1
 1132     0.00     1013.568        0.000        0.000            185        0.00        0.00    ACCTND0_PARALLEL:PACC:GET_DATA@1
 1133     0.00     1013.569        0.000        0.000              1        0.20        0.20    SRTM_KGB22@1
 1134     0.00     1013.569        0.000        0.000             37        0.01        0.01    APL_ARPEGE_PARALLEL:ACCLPH:GET_DATA@1
 1135     0.00     1013.569        0.000        0.000            333        0.00        0.00    CPUTQY0_PARALLEL:PVAR:NULLIFY@1
 1136     0.00     1013.569        0.000        0.000              1        0.20        0.20    ELMHES@1
 1137     0.00     1013.569        0.000        0.000             37        0.01        0.01    MF_PHYS_TRANSFER_PARALLEL:ALL:GET_DATA@1
 1138     0.00     1013.570        0.000        0.001            244        0.00        0.00    IOGRIDA_MOD:ACPY@1
 1139     0.00     1013.570        0.000        0.000            185        0.00        0.00    GPRCP_EXPL_PARALLEL:2:GET_DATA@1
 1140     0.00     1013.570        0.000        0.000             37        0.01        0.01    APL_ARPEGE_PARALLEL:ZRDG_LCVQ:GET_DATA@1
 1141     0.00     1013.570        0.000        5.576             36        0.01      154.88    TRANSDIR_MDL@1
 1142     0.00     1013.570        0.000        0.000             37        0.01        0.01    LAVABO_PARALLEL:0:GET_DATA@1
 1143     0.00     1013.571        0.000        0.000              7        0.03        0.03    RECMWF_PARALLEL:FINISH:GET_DATA@1
 1144     0.00     1013.571        0.000        0.000            242        0.00        0.00    IOMULTIBUF_MOD:IOMULTIBUF_INCR_IDX@1
 1145     0.00     1013.571        0.000        0.000              1        0.19        0.19    RRTM_KGB16@1
 1146     0.00     1013.571        0.000        0.000              1        0.19        0.19    SCAN2M_OOPS:WIPE@1
 1147     0.00     1013.571        0.000        0.000              1        0.19        0.19    SRTM_KGB18@1
 1148     0.00     1013.572        0.000        0.000             37        0.00        0.01    CPG_DIA_FLU_PARALLEL:1:GET_DATA@1
 1149     0.00     1013.572        0.000        0.000              2        0.09        0.09    READ_XKER_SDRYG@1
 1150     0.00     1013.572        0.000        0.000            240        0.00        0.00    GAMMA_INC@1
 1151     0.00     1013.572        0.000        0.000             37        0.00        0.01    APL_ARPEGE_PARALLEL:DIFTQ:GET_DATA@1
 1152     0.00     1013.572        0.000        0.000             41        0.00        0.01    TRMTOL_BAR2@1
 1153     0.00     1013.572        0.000        0.000              1        0.18        0.18    SCAN2M_OOPS:COPY@1
 1154     0.00     1013.573        0.000       76.118              1        0.18    76118.27    SCAN2M_OOPS@1
 1155     0.00     1013.573        0.000        0.000             37        0.00        0.01    CPG_PARALLEL:ISETTLOFF:GET_DATA@1
 1156     0.00     1013.573        0.000        0.000              1        0.18        0.18    YOMCSGEOM:DEALLO_TCSGEOM@1
 1157     0.00     1013.573        0.000        0.079             37        0.00        2.13    APL_WIND_GUST_PARALLEL@1
 1158     0.00     1013.573        0.000        0.000            148        0.00        0.00    GPINISLB_PART2_EXPL_PARALLEL:1:GET_DATA@1
 1159     0.00     1013.573        0.000        0.000             37        0.00        0.01    APL_ARPEGE_SOIL_HYDRO_PARALLEL:ACVEG:GET_DATA@1
 1160     0.00     1013.574        0.000        0.000            222        0.00        0.00    LAVABO_EXPL_LAITVSPCQM_PART1_PARALLEL:0:GET_DATA@1
 1161     0.00     1013.574        0.000        0.000            288        0.00        0.00    MYSENDSET@1
 1162     0.00     1013.574        0.000        0.216             37        0.00        5.85    CPG_END_MAP_PARALLEL@1
 1163     0.00     1013.574        0.000        4.238             36        0.00      117.71    SPCSI_TOT@1
 1164     0.00     1013.574        0.000        0.000              1        0.17        0.17    SRTM_KGB24@1
 1165     0.00     1013.575        0.000        0.000             37        0.00        0.00    LAPINEB_PARALLEL:L_RDRY_VD:GET_DATA@1
 1166     0.00     1013.575        0.000        0.000             37        0.00        0.00    APL_ARPEGE_SHALLOW_CONVECTION_AND_TURBULENCE_PARALLEL:ACTKE:NULLIFY@1
 1167     0.00     1013.575        0.000        0.000              2        0.08        0.08    READ_XKER_SWETH@1
 1168     0.00     1013.575        0.000        0.000              1        0.17        0.17    SUGEM1B@1
 1169     0.00     1013.575        0.000        0.000             37        0.00        0.00    APL_ARPEGE_PARALLEL:ACTQSAT:GET_DATA@1
 1170     0.00     1013.575        0.000        0.000             37        0.00        0.00    LAPINEB_PARALLEL:LACONE:GET_DATA@1
 1171     0.00     1013.576        0.000        0.000              1        0.17        0.34    SUCFU@1
 1172     0.00     1013.576        0.000        0.000             37        0.00        0.00    CPG_DIA_FLU_PARALLEL:0:GET_DATA@1
 1173     0.00     1013.576        0.000        0.008              1        0.16        7.85    RADIATION_SETUP:SETUP_RADIATION_SCHEME_GPU@1
 1174     0.00     1013.576        0.000        0.000             37        0.00        0.00    CPG_DIA_FLU_PARALLEL:2:GET_DATA@1
 1175     0.00     1013.576        0.000        0.151             37        0.00        4.08    APL_ARPEGE_SURFACE_UPDATE_PARALLEL@1
 1176     0.00     1013.576        0.000        0.000            222        0.00        0.00    LAPINEB_PARALLEL:CVGQ:NULLIFY@1
 1177     0.00     1013.577        0.000        0.001              1        0.16        0.52    SUNDDH@1
 1178     0.00     1013.577        0.000        0.000             37        0.00        0.00    CPG_SL2_TYPE_SYNC_HOST@1
 1179     0.00     1013.577        0.000        0.000             37        0.00        0.00    CPG_GP_PARALLEL:GPINISLB_PART3_EXPL:GET_DATA@1
 1180     0.00     1013.577        0.000        0.000              1        0.16        0.16    RRTM_KGB13@1
 1181     0.00     1013.577        0.000        0.000             37        0.00        0.00    APL_ARPEGE_DPRECIPS_PARALLEL:0:GET_DATA@1
 1182     0.00     1013.577        0.000        0.000             22        0.01        0.01    SURFACE_FIELDS_MIX:FINALISE_SFLP2@1
 1183     0.00     1013.577        0.000        0.000             74        0.00        0.00    GPMPFC_EXPL_PARALLEL:1:NULLIFY@1
 1184     0.00     1013.578        0.000        0.001              1        0.16        0.69    YOMCST:SETUP_CONSTANTS@1
 1185     0.00     1013.578        0.000        0.000             37        0.00        0.00    CPG_GP_PARALLEL:GPTF2_EXPL_2TL:GET_DATA@1
 1186     0.00     1013.578        0.000        0.000            222        0.00        0.00    LARCINB_PARALLEL:RRINTOPT:NULLIFY@1
 1187     0.00     1013.578        0.000      368.953              7        0.02    52707.55    RECMWF_PARALLEL:ECRAD_GPU@1
 1188     0.00     1013.578        0.000        0.000              1        0.16        0.16    FIELD_DEFINITIONS:READ_DYNAMIC_NAMESPACE@1
 1189     0.00     1013.578        0.000        0.000            394        0.00        0.00    GAMMA_X0D@1
 1190     0.00     1013.579        0.000        0.000              1        0.16        0.16    SUHDVP@1
 1191     0.00     1013.579        0.000      390.768              7        0.02    55824.01    RECMWF_PARALLEL@1
 1192     0.00     1013.579        0.000        0.000             37        0.00        0.01    TRLTOM_BAR2@1
 1193     0.00     1013.579        0.000        0.000            222        0.00        0.00    LAPINEB_PARALLEL:ZERO_GMV9:NULLIFY@1
 1194     0.00     1013.579        0.000        0.000             37        0.00        0.00    APL_ARPEGE_ATMOSPHERE_UPDATE_PARALLEL:CPTEND_NEW:NULLIFY@1
 1195     0.00     1013.579        0.000        0.000            288        0.00        0.00    MYRECVSET@1
 1196     0.00     1013.579        0.000        0.089             37        0.00        2.42    APL_ARPEGE_AEROSOLS_FOR_RADIATION_PARALLEL@1
 1197     0.00     1013.580        0.000        0.000             37        0.00        0.00    CPXFU_PARALLEL:3:GET_DATA@1
 1198     0.00     1013.580        0.000        0.000             37        0.00        0.00    MF_PHYS_INIT_PARALLEL:ZERO:NULLIFY@1
 1199     0.00     1013.580        0.000        0.025             37        0.00        0.67    APL_ARPEGE_SOIL_HYDRO_PARALLEL@1
 1200     0.00     1013.580        0.000        0.000             37        0.00        0.00    CPUTQY_APLPAR_EXPL_PARALLEL:ZDEC:GET_DATA@1
 1201     0.00     1013.580        0.000        0.000             37        0.00        0.00    CPUTQY_APLPAR_EXPL_PARALLEL:PFDIS:GET_DATA@1
 1202     0.00     1013.580        0.000        0.000            222        0.00        0.00    LATTEX_EXPL_2TL_PARALLEL:3:NULLIFY@1
 1203     0.00     1013.581        0.000        0.001              1        0.15        1.20    SUCLDP@1
 1204     0.00     1013.581        0.000        0.000             37        0.00        0.00    APL_WIND_GUST_PARALLEL:ACCLDIA:GET_DATA@1
 1205     0.00     1013.581        0.000        0.000             37        0.00        0.00    CPG_PARALLEL:LSMTSOL:GET_DATA@1
 1206     0.00     1013.581        0.000        0.000            222        0.00        0.00    GPINISLB_PART2_EXPL_PARALLEL:0:NULLIFY@1
 1207     0.00     1013.581        0.000        0.000             37        0.00        0.00    APL_ARPEGE_DEEP_CONVECTION_PARALLEL:CUCALLN_MF:NULLIFY@1
 1208     0.00     1013.581        0.000        0.000             74        0.00        0.00    LAPINEB_PARALLEL:ROTUVGEO:NULLIFY@1
 1209     0.00     1013.581        0.000        0.000             37        0.00        0.00    APL_ARPEGE_INIT_PARALLEL:6:GET_DATA@1
 1210     0.00     1013.582        0.000        0.000             37        0.00        0.00    CPG_GP_HYD_PARALLEL:3:GET_DATA@1
 1211     0.00     1013.582        0.000        0.000             37        0.00        0.00    MF_PHYS_FPL_PART2_PARALLEL:PART2:GET_DATA@1
 1212     0.00     1013.582        0.000        0.001              1        0.14        0.63    SUNUD@1
 1213     0.00     1013.582        0.000        0.000             37        0.00        0.00    APL_ARPEGE_PARALLEL:PPWETPOINT:GET_DATA@1
 1214     0.00     1013.582        0.000        0.369             42        0.00        8.79    FACILO_MT@1
 1215     0.00     1013.582        0.000        0.000              1        0.14        0.14    SUHER@1
 1216     0.00     1013.582        0.000        0.000             37        0.00        0.00    MF_PHYS_PREP_PARALLEL:PREP:NULLIFY@1
 1217     0.00     1013.582        0.000        0.000              1        0.13        0.13    GSTATS_LABEL_IFS@1
 1218     0.00     1013.583        0.000        5.576             36        0.00      154.88    TRANSDIRH@1
 1219     0.00     1013.583        0.000        0.000              1        0.13        0.13    RRTM_KGB15@1
 1220     0.00     1013.583        0.000        0.000            148        0.00        0.00    GPRCP_EXPL_PARALLEL:0:NULLIFY@1
 1221     0.00     1013.583        0.000        0.000            222        0.00        0.00    LAVABO_EXPL_LAITVSPCQM_PART1_PARALLEL:0:NULLIFY@1
 1222     0.00     1013.583        0.000        0.000             37        0.00        0.00    LAPINEB_PARALLEL:TEMP_EQ:GET_DATA@1
 1223     0.00     1013.583        0.000        0.001              1        0.13        1.31    SUPHY1@1
 1224     0.00     1013.583        0.000        0.000             37        0.00        0.00    CPG_GP_PARALLEL:GPINISLB_PART1_EXPL:NULLIFY@1
 1225     0.00     1013.584        0.000        0.006              1        0.13        6.15    radiation_interface_GPU:setup_radiation_GPU@1
 1226     0.00     1013.584        0.000        0.000             37        0.00        0.00    APL_ARPEGE_PARALLEL:CPPHINP:NULLIFY@1
 1227     0.00     1013.584        0.000        0.000              1        0.13        0.13    RRTM_KGB12@1
 1228     0.00     1013.584        0.000        0.000             37        0.00        0.00    APL_ARPEGE_PRECIPITATION_PARALLEL:ACUPTQ:NULLIFY@1
 1229     0.00     1013.584        0.000        0.000            185        0.00        0.00    ACCTND0_PARALLEL:PACC:NULLIFY@1
 1230     0.00     1013.584        0.000        0.000             37        0.00        0.00    CPUTQY_APLPAR_EXPL_PARALLEL:ZTDCP:GET_DATA@1
 1231     0.00     1013.584        0.000        0.003             37        0.00        0.08    MF_PHYS_TRANSFER_PARALLEL@1
 1232     0.00     1013.584        0.000        0.000              1        0.12        0.12    MF_PHYS_SAVE_PHSURF_PART1_PARALLEL:PART1:COMPUTE@1
 1233     0.00     1013.585        0.000        0.000              1        0.12        0.12    RRTM_CMBGB3_GPU@1
 1234     0.00     1013.585        0.000        0.000             38        0.00        0.00    SCAN2M_ALLOCATE_T1@1
 1235     0.00     1013.585        0.000        0.000             37        0.00        0.00    CPG_GP_HYD_PARALLEL:0:NULLIFY@1
 1236     0.00     1013.585        0.000        0.000              1        0.12        0.12    RRTM_CMBGB5_GPU@1
 1237     0.00     1013.585        0.000        0.000             37        0.00        0.00    ACVPPKF_PARALLEL:PART0:NULLIFY@1
 1238     0.00     1013.585        0.000        0.000             37        0.00        0.00    LATTEX_PARALLEL:MAIN:NULLIFY@1
 1239     0.00     1013.585        0.000        0.000             37        0.00        0.00    CPGLAG_PARALLEL:STR:GET_DATA@1
 1240     0.00     1013.585        0.000        0.000             37        0.00        0.00    LARMES_PARALLEL:LARMES:NULLIFY@1
 1241     0.00     1013.585        0.000        0.005              1        0.12        4.59    RRTM_INIT_140GP_GPU@1
 1242     0.00     1013.586        0.000        0.027              2        0.06       13.49    FACGRM_MT@1
 1243     0.00     1013.586        0.000        0.000              1        0.12        0.12    RRTM_KGB2@1
 1244     0.00     1013.586        0.000        0.000             30        0.00        0.00    APL_ARPEGE_RADIATION_PARALLEL:CALLRAD_F:GET_DATA@1
 1245     0.00     1013.586        0.000        0.000             37        0.00        0.00    ACVPPKF_PARALLEL:PART2:NULLIFY@1
 1246     0.00     1013.586        0.000        0.000             37        0.00        0.00    APL_ARPEGE_SURFACE_PARALLEL:LMSE_F:NULLIFY@1
 1247     0.00     1013.586        0.000        0.000             37        0.00        0.00    LACDYN_PARALLEL:ZMIXNL:GET_DATA@1
 1248     0.00     1013.586        0.000        0.000             37        0.00        0.00    APL_ARPEGE_CLOUDINESS_PARALLEL:ACNEBCOND:NULLIFY@1
 1249     0.00     1013.586        0.000        0.000              1        0.11        0.11    SUALDYNB@1
 1250     0.00     1013.587        0.000        0.000             37        0.00        0.00    APL_ARPEGE_PARALLEL:QNGCOR:NULLIFY@1
 1251     0.00     1013.587        0.000        0.000            285        0.00        0.00    TYPE_FADS:YSUFAD@1
 1252     0.00     1013.587        0.000        0.000             37        0.00        0.00    LAVENT_PARALLEL:0:NULLIFY@1
 1253     0.00     1013.587        0.000        0.000             37        0.00        0.00    APL_ARPEGE_PARALLEL:APLPAR_INIT:NULLIFY@1
 1254     0.00     1013.587        0.000        0.000            263        0.00        0.00    FANUCA_MT@1
 1255     0.00     1013.587        0.000        0.001              1        0.11        0.67    SUPHY3@1
 1256     0.00     1013.587        0.000        0.000             37        0.00        0.00    CPG_PARALLEL:ZEROSL1:NULLIFY@1
 1257     0.00     1013.587        0.000        0.000             37        0.00        0.01    TXFU_TYPE_RESET@1
 1258     0.00     1013.587        0.000        0.747             37        0.00       20.18    CPG_PARALLEL:ZEROSL1:COMPUTE@1
 1259     0.00     1013.588        0.000        0.000             37        0.00        0.00    APL_ARPEGE_RADIATION_PARALLEL:RADHEAT:NULLIFY@1
 1260     0.00     1013.588        0.000        0.201             37        0.00        5.43    CPG_PARALLEL:ZEROPB2:COMPUTE@1
 1261     0.00     1013.588        0.000        0.000             37        0.00        0.00    APL_ARPEGE_DEEP_CONVECTION_PARALLEL:ACUPTQ:NULLIFY@1
 1262     0.00     1013.588        0.000        0.000             37        0.00        0.00    APL_ARPEGE_SURFACE_PARALLEL:ACDIFV1:NULLIFY@1
 1263     0.00     1013.588        0.000        0.000            185        0.00        0.00    GPRCP_EXPL_PARALLEL:2:NULLIFY@1
 1264     0.00     1013.588        0.000        0.000             37        0.00        0.00    LARCINB_PARALLEL:LRHS_CURV_F:NULLIFY@1
 1265     0.00     1013.588        0.000        0.000             37        0.00        0.00    APL_ARPEGE_RADIATION_PARALLEL:ACDAYD:NULLIFY@1
 1266     0.00     1013.588        0.000        0.000            148        0.00        0.00    GPRCP_EXPL_PARALLEL:4:NULLIFY@1
 1267     0.00     1013.588        0.000        0.000             11        0.01        0.01    FACADI_MT@1
 1268     0.00     1013.588        0.000        0.000             37        0.00        0.00    LAPINEA_PARALLEL:LARCINA:NULLIFY@1
 1269     0.00     1013.589        0.000        0.000             37        0.00        0.00    CPG_GP_HYD_PARALLEL:2:NULLIFY@1
 1270     0.00     1013.589        0.000        0.000             37        0.00        0.00    CPUTQY_APLPAR_EXPL_PARALLEL:ZDEC:NULLIFY@1
 1271     0.00     1013.589        0.000        0.000              1        0.10        0.10    radiation_config:read_config_from_namelist_GPU@1
 1272     0.00     1013.589        0.000        0.000             37        0.00        0.00    LAPINEB_PARALLEL:LACONE:NULLIFY@1
 1273     0.00     1013.589        0.000        0.000             37        0.00        0.00    APL_ARPEGE_INIT_PARALLEL:3:NULLIFY@1
 1274     0.00     1013.589        0.000        0.000              1        0.10        0.10    RRTM_CMBGB4_GPU@1
 1275     0.00     1013.589        0.000        0.000             37        0.00        0.00    APL_ARPEGE_PARALLEL:ACDRAG:NULLIFY@1
 1276     0.00     1013.589        0.000        0.000             37        0.00        0.00    APL_ARPEGE_DEEP_CONVECTION_PARALLEL:INIT:NULLIFY@1
 1277     0.00     1013.589        0.000        0.000              1        0.10        0.10    RRTM_KGB10@1
 1278     0.00     1013.590        0.000        0.000             37        0.00        0.00    CPG_GP_HYD_PARALLEL:1:NULLIFY@1
 1279     0.00     1013.590        0.000        0.000             37        0.00        0.00    LARCINB_PARALLEL:LAITRE_GMV:NULLIFY@1
 1280     0.00     1013.590        0.000        0.003              5        0.02        0.68    GPNORM3@1
 1281     0.00     1013.590        0.000        0.000             37        0.00        0.00    APL_ARPEGE_PARALLEL:ACCLPH:NULLIFY@1
 1282     0.00     1013.590        0.000        0.003              1        0.10        3.36    SRTM_INIT_GPU@1
 1283     0.00     1013.590        0.000        0.000             37        0.00        0.00    LAPINEB_PARALLEL:LARCHE:NULLIFY@1
 1284     0.00     1013.590        0.000        0.000             37        0.00        0.00    APL_ARPEGE_DEEP_CONVECTION_PARALLEL:ZERO:NULLIFY@1
 1285     0.00     1013.590        0.000        0.000             37        0.00        0.00    APL_ARPEGE_PARALLEL:ZDE2MR:GET_DATA@1
 1286     0.00     1013.590        0.000        0.000              1        0.10        0.10    RRTM_KGB8@1
 1287     0.00     1013.590        0.000        0.000             37        0.00        0.00    APL_ARPEGE_PARALLEL:DIFTQ:NULLIFY@1
 1288     0.00     1013.591        0.000        0.000             37        0.00        0.00    LARCINB_PARALLEL:NTLAG_3:NULLIFY@1
 1289     0.00     1013.591        0.000        0.000             37        0.00        0.00    APL_ARPEGE_DEEP_CONVECTION_PARALLEL:COPY:NULLIFY@1
 1290     0.00     1013.591        0.000        0.000            205        0.00        0.00    FANUMU_MT@1
 1291     0.00     1013.591        0.000        0.000             37        0.00        0.00    LAPINEB_PARALLEL:ZVWEI:GET_DATA@1
 1292     0.00     1013.591        0.000        0.000             46        0.00        0.01    FANFAN_MT@1
 1293     0.00     1013.591        0.000        0.000             72        0.00        0.00    EXCHANGE_MS:ADD3DFL@1
 1294     0.00     1013.591        0.000        0.000              8        0.01        0.01    UPDECOZC@1
 1295     0.00     1013.591        0.000        0.000             37        0.00        0.00    LASSIE_PARALLEL:SITNU:NULLIFY@1
 1296     0.00     1013.591        0.000        1.173             37        0.00       31.70    CPG_PARALLEL:SHUFFLESL1:COMPUTE@1
 1297     0.00     1013.591        0.000        0.000            148        0.00        0.00    GPINISLB_PART2_EXPL_PARALLEL:1:NULLIFY@1
 1298     0.00     1013.591        0.000        0.000              1        0.09        0.10    MF_PHYS_SAVE_PHSURF_PART2_PARALLEL:PART2:COMPUTE@1
 1299     0.00     1013.592        0.000        0.000             37        0.00        0.00    APL_ARPEGE_PARALLEL:ACDRME:NULLIFY@1
 1300     0.00     1013.592        0.000        0.000             37        0.00        0.00    APL_ARPEGE_INIT_PARALLEL:2:NULLIFY@1
 1301     0.00     1013.592        0.000        0.001              2        0.05        0.39    IOGRIDA_MOD:IOGRIDA_SELECT_WH@1
 1302     0.00     1013.592        0.000        0.000              1        0.09        0.09    RRTM_KGB14@1
 1303     0.00     1013.592        0.000        0.000             37        0.00        0.00    LARCINB_PARALLEL:LCOMAD_SP:NULLIFY@1
 1304     0.00     1013.592        0.000        0.000              1        0.09        0.09    SRTM_KGB29@1
 1305     0.00     1013.592        0.000        0.000             37        0.00        0.00    CPG_PARALLEL:ZEROPB2:NULLIFY@1
 1306     0.00     1013.592        0.000        0.000             37        0.00        0.00    CPG_DIA_FLU_PARALLEL:0:NULLIFY@1
 1307     0.00     1013.592        0.000        0.000              1        0.09        0.09    SRTM_KGB20@1
 1308     0.00     1013.592        0.000        0.000             37        0.00        0.00    LARCINB_PARALLEL:NVLAG_3:NULLIFY@1
 1309     0.00     1013.592        0.000        0.000             37        0.00        0.00    APL_ARPEGE_PARALLEL:ACTQSAT:NULLIFY@1
 1310     0.00     1013.593        0.000        0.000             36        0.00        0.00    CPCFU_PARALLEL:5:GET_DATA@1
 1311     0.00     1013.593        0.000        0.000             37        0.00        0.00    APL_ARPEGE_PARALLEL:PLSM:GET_DATA@1
 1312     0.00     1013.593        0.000        0.000              1        0.09        0.09    RRTM_KGB11@1
 1313     0.00     1013.593        0.000        0.000             37        0.00        0.00    GPTF1_YDVARS_PARALLEL:LTWOTL:GET_DATA@1
 1314     0.00     1013.593        0.000        0.000             37        0.00        0.00    LASSIE_PARALLEL:SITNU:GET_DATA@1
 1315     0.00     1013.593        0.000        0.000             37        0.00        0.00    APL_ARPEGE_PARALLEL:ZBAY_QRCONV:GET_DATA@1
 1316     0.00     1013.593        0.000        0.000             39        0.00        0.00    SUMETRIC@1
 1317     0.00     1013.593        0.000        0.001              1        0.09        0.67    SURAND1@1
 1318     0.00     1013.593        0.000        0.000              7        0.01        0.01    RECMWF_PARALLEL:ECRAD_GPU:GET_DATA@1
 1319     0.00     1013.593        0.000        0.001              1        0.09        0.66    SUTRANS0@1
 1320     0.00     1013.593        0.000        0.000             37        0.00        0.00    ACVPPKF_PARALLEL:PART3:NULLIFY@1
 1321     0.00     1013.594        0.000        0.000             37        0.00        0.00    LAVABO_PARALLEL:2:GET_DATA@1
 1322     0.00     1013.594        0.000        0.000             37        0.00        0.00    APL_ARPEGE_INIT_PARALLEL:2:GET_DATA@1
 1323     0.00     1013.594        0.000        0.000             37        0.00        0.00    APL_ARPEGE_INIT_PARALLEL:4:NULLIFY@1
 1324     0.00     1013.594        0.000        0.000              1        0.08        0.08    SRTM_CMBGB17_GPU@1
 1325     0.00     1013.594        0.000        0.000             37        0.00        0.00    LATTES_PARALLEL:0:NULLIFY@1
 1326     0.00     1013.594        0.000        0.000             37        0.00        0.00    LAPINEB_PARALLEL:ROTUV:NULLIFY@1
 1327     0.00     1013.594        0.000        0.000             41        0.00        0.00    TRLTOG_BAR@1
 1328     0.00     1013.594        0.000        0.000             37        0.00        0.00    GPRCP_EXPL_PARALLEL:5:GET_DATA@1
 1329     0.00     1013.594        0.000        0.000             10        0.01        0.01    GFL_SUBS_MOD:DEFINE_GFL_COMP@1
 1330     0.00     1013.594        0.000        0.181              1        0.08      181.26    SUGRIDA@1
 1331     0.00     1013.594        0.000        0.000              1        0.08        0.08    SRTM_KGB27@1
 1332     0.00     1013.594        0.000        0.000             37        0.00        0.00    LAPINEB_PARALLEL:NVLAG3:NULLIFY@1
 1333     0.00     1013.595        0.000        0.000              2        0.04        0.04    READ_XKER_RDRYG@1
 1334     0.00     1013.595        0.000        0.000            202        0.00        0.00    SUCLDP:BETACF@1
 1335     0.00     1013.595        0.000        0.000             22        0.00        0.00    SURFACE_FIELDS_MIX:INI_SFLP2@1
 1336     0.00     1013.595        0.000        0.000             37        0.00        0.00    CPG_PARALLEL:SHUFFLESL1:NULLIFY@1
 1337     0.00     1013.595        0.000        0.000              1        0.08        0.08    FAICOR_MT@1
 1338     0.00     1013.595        0.000        0.000             37        0.00        0.00    APL_ARPEGE_INIT_PARALLEL:0:GET_DATA@1
 1339     0.00     1013.595        0.000        0.000             57        0.00        0.00    TRGTOL_BAR@1
 1340     0.00     1013.595        0.000        0.000             37        0.00        0.00    APL_ARPEGE_DPRECIPS_PARALLEL:0:NULLIFY@1
 1341     0.00     1013.595        0.000        0.000             37        0.00        0.00    APL_ARPEGE_RADIATION_PARALLEL:DIRECT:GET_DATA@1
 1342     0.00     1013.595        0.000        0.000              7        0.01        0.01    RECMWF_PARALLEL:PREPARE:GET_DATA@1
 1343     0.00     1013.595        0.000        0.012              6        0.01        1.95    MINV_8@1
 1344     0.00     1013.595        0.000        0.000             37        0.00        0.00    APL_ARPEGE_PARALLEL:BAYRAD:GET_DATA@1
 1345     0.00     1013.595        0.000        0.000             72        0.00        0.00    EXCHANGE_MS:ADD2DF@1
 1346     0.00     1013.596        0.000        0.000             37        0.00        0.00    MF_PHYS_FPL_PART1_PARALLEL:PART1:GET_DATA@1
 1347     0.00     1013.596        0.000        0.000             37        0.00        0.00    ACVPPKF_PARALLEL:PART1:NULLIFY@1
 1348     0.00     1013.596        0.000        0.000              1        0.08        0.08    SUTIM@1
 1349     0.00     1013.596        0.000        0.059              1        0.08       59.10    SUPHEC@1
 1350     0.00     1013.596        0.000        0.000             74        0.00        0.00    GPMPFC_EXPL_PART2_PARALLEL:0:NULLIFY@1
 1351     0.00     1013.596        0.000        0.000              1        0.07        0.07    SRTM_CMBGB21_GPU@1
 1352     0.00     1013.596        0.000        0.000             37        0.00        0.00    APL_ARPEGE_SURFACE_PARALLEL:ACDIFV2:NULLIFY@1
 1353     0.00     1013.596        0.000        0.000             37        0.00        0.00    CPGLAG_PARALLEL:1:GET_DATA@1
 1354     0.00     1013.596        0.000        0.000             37        0.00        0.00    APL_ARPEGE_INIT_PARALLEL:5:NULLIFY@1
 1355     0.00     1013.596        0.000        0.001              1        0.07        0.58    SITNU_SP_OPENMP@1
 1356     0.00     1013.596        0.000        0.000             37        0.00        0.00    CPXFU_PARALLEL:4:GET_DATA@1
 1357     0.00     1013.596        0.000        0.000             72        0.00        0.00    EXCHANGE_MS:ADD2DFL@1
 1358     0.00     1013.596        0.000        0.000             37        0.00        0.00    APL_ARPEGE_PARALLEL:ACVISIH:NULLIFY@1
 1359     0.00     1013.597        0.000        0.000             37        0.00        0.00    CPG_DIA_FLU_PARALLEL:4:GET_DATA@1
 1360     0.00     1013.597        0.000        0.000             37        0.00        0.00    CTVTOT_EXPL_PARALLEL:0:GET_DATA@1
 1361     0.00     1013.597        0.000        0.000              1        0.07        0.07    SUCTRL_GFLATTR@1
 1362     0.00     1013.597        0.000        0.001              1        0.07        0.60    SATS_MIX:SUSATS@1
 1363     0.00     1013.597        0.000        0.001              1        0.07        0.64    SURIP@1
 1364     0.00     1013.597        0.000        0.000             37        0.00        0.00    APL_ARPEGE_SURFACE_UPDATE_PARALLEL:LMSE_F:NULLIFY@1
 1365     0.00     1013.597        0.000        0.000             37        0.00        0.00    APL_ARPEGE_PARALLEL:PRECIPS:GET_DATA@1
 1366     0.00     1013.597        0.000        0.153             20        0.00        7.64    GPNORM_TRANS@1
 1367     0.00     1013.597        0.000        0.000              1        0.07        0.07    SULSFORC@1
 1368     0.00     1013.597        0.000        0.000              2        0.03        0.03    READ_XKER_GWETH@1
 1369     0.00     1013.597        0.000        0.089              7        0.01       12.66    APL_ARPEGE_AEROSOLS_FOR_RADIATION_PARALLEL:RADAER@1
 1370     0.00     1013.597        0.000        0.000             12        0.01        0.01    GRIB_API:IGRIB_SET_REAL4@1
 1371     0.00     1013.597        0.000        0.155             37        0.00        4.20    APL_ARPEGE_INIT_PARALLEL:PART1@1
 1372     0.00     1013.597        0.000        0.000             37        0.00        0.00    APL_ARPEGE_PARALLEL:EDR:GET_DATA@1
 1373     0.00     1013.597        0.000        0.000              1        0.07        0.07    SUALDYN@1
 1374     0.00     1013.598        0.000        0.000             37        0.00        0.00    CPG_GP_PARALLEL:GPINISLB_PART3_EXPL:NULLIFY@1
 1375     0.00     1013.598        0.000        5.242             37        0.00      141.68    APL_ARPEGE_INIT_PARALLEL:PART6@1
 1376     0.00     1013.598        0.000        0.000             36        0.00        0.00    APL_ARPEGE_RADIATION_PARALLEL:SUNSHINE:GET_DATA@1
 1377     0.00     1013.598        0.000        0.000              2        0.03        0.03    READ_XKER_RWETH@1
 1378     0.00     1013.598        0.000        0.000             36        0.00        0.00    UPDATE_CALENDAR@1
 1379     0.00     1013.598        0.000        0.000            127        0.00        0.00    "lfinfo_alts"@1:lfi_alts.c
 1380     0.00     1013.598        0.000        0.000              1        0.06        0.06    SUALMP1@1
 1381     0.00     1013.598        0.000       35.702             37        0.00      964.91    APL_ARPEGE_INIT_PARALLEL:PART4@1
 1382     0.00     1013.598        0.000        0.002              1        0.06        1.56    radiation_aerosol_optics:setup_aerosol_optics_GPU@1
 1383     0.00     1013.598        0.000        0.000             37        0.00        0.00    LASSIE_PARALLEL:GPRCP:GET_DATA@1
 1384     0.00     1013.598        0.000        0.000             37        0.00        0.00    CPXFU_PARALLEL:2:NULLIFY@1
 1385     0.00     1013.598        0.000        9.502             37        0.00      256.81    APL_ARPEGE_INIT_PARALLEL:PART5@1
 1386     0.00     1013.598        0.000        2.567             37        0.00       69.39    APL_ARPEGE_INIT_PARALLEL:PART3@1
 1387     0.00     1013.598        0.000        0.000             37        0.00        0.00    CPG_GP_PARALLEL:GP_SPV:NULLIFY@1
 1388     0.00     1013.598        0.000        0.000             37        0.00        0.00    APL_ARPEGE_PARALLEL:ACHMT:NULLIFY@1
 1389     0.00     1013.598        0.000        0.000             37        0.00        0.00    LACDYN_PARALLEL:LASURE:GET_DATA@1
 1390     0.00     1013.599        0.000        0.000              1        0.06        0.06    SUMPINI_PRT@1
 1391     0.00     1013.599        0.000        0.000             37        0.00        0.00    APL_ARPEGE_PARALLEL:ACEVADCAPE:NULLIFY@1
 1392     0.00     1013.599        0.000        0.173             37        0.00        4.67    APL_ARPEGE_INIT_PARALLEL:PART7@1
 1393     0.00     1013.599        0.000        0.001              1        0.06        0.57    SUPARAR@1
 1394     0.00     1013.599        0.000        0.000              1        0.06        0.06    SUHDVPN@1
 1395     0.00     1013.599        0.000        0.000             37        0.00        0.00    CPGLAG_PARALLEL:0:NULLIFY@1
 1396     0.00     1013.599        0.000        0.002              1        0.06        1.69    SUVAREPS@1
 1397     0.00     1013.599        0.000        0.096              3        0.02       31.86    FAIGRA_MT@1
 1398     0.00     1013.599        0.000        0.000             37        0.00        0.00    APL_ARPEGE_PARALLEL:ZBAY_QRCONV:NULLIFY@1
 1399     0.00     1013.599        0.000        0.000             32        0.00        0.00    DEALLOCATE_IF_ASSOCIATED_MOD:DEALLOCATE_IF_ASSOCIATED_REAL_2D@1
 1400     0.00     1013.599        0.000        0.000             37        0.00        0.00    MF_PHYS_TRANSFER_PARALLEL:ALL:NULLIFY@1
 1401     0.00     1013.599        0.000        0.000              1        0.05        0.05    SRTM_CMBGB28_GPU@1
 1402     0.00     1013.599        0.000        0.000             39        0.00        0.00    SUECOZO@1
 1403     0.00     1013.599        0.000        0.000             37        0.00        0.00    CPG_GP_PARALLEL:SETZERO:GET_DATA@1
 1404     0.00     1013.599        0.000        0.000             37        0.00        0.00    APL_ARPEGE_HYDRO_BUDGET_PARALLEL:ACDROV:NULLIFY@1
 1405     0.00     1013.599        0.000        0.000              1        0.05        0.05    IOSPECA_MOD:IOSPECA_FLDSORT@1
 1406     0.00     1013.599        0.000        0.000              8        0.01        0.01    VERINTS@1
 1407     0.00     1013.599        0.000        0.000             37        0.00        0.00    APL_ARPEGE_PARALLEL:ZDE2MR:NULLIFY@1
 1408     0.00     1013.600        0.000        0.000             37        0.00        0.00    CPG_DIA_FLU_PARALLEL:2:NULLIFY@1
 1409     0.00     1013.600        0.000        0.006              1        0.05        6.23    YOEAERC:SETUP_TEGEN@1
 1410     0.00     1013.600        0.000        0.000             37        0.00        0.00    APL_ARPEGE_OCEANIC_FLUXES_PARALLEL:ACFLUSO:NULLIFY@1
 1411     0.00     1013.600        0.000        0.000             41        0.00        0.00    TRMTOL_BAR@1
 1412     0.00     1013.600        0.000        0.001              2        0.03        0.36    MINV_CALLER@1
 1413     0.00     1013.600        0.000        0.000              1        0.05        0.05    YOEAERC:PART1@1
 1414     0.00     1013.600        0.000        0.000             12        0.00        0.00    SURFACE_FIELDS_MIX:INI_SFLP3@1
 1415     0.00     1013.600        0.000        0.000             37        0.00        0.00    CPG_PARALLEL:ZEROSL1:GET_DATA@1
 1416     0.00     1013.600        0.000        0.018              1        0.05       17.72    SUPHMF@1
 1417     0.00     1013.600        0.000        0.000              1        0.05        0.05    SUECAESU:PART17@1
 1418     0.00     1013.600        0.000        2.035             37        0.00       55.00    APL_ARPEGE_INIT_PARALLEL:PART2@1
 1419     0.00     1013.600        0.000        0.000             37        0.00        0.00    APL_WIND_GUST_PARALLEL:ACCLDIA:NULLIFY@1
 1420     0.00     1013.600        0.000        0.000              1        0.05        0.05    YOEAERC:PART5@1
 1421     0.00     1013.600        0.000        0.000             37        0.00        0.00    GPMPFC_EXPL_PARALLEL:0:GET_DATA@1
 1422     0.00     1013.600        0.000        0.000             37        0.00        0.00    LAPINEB_PARALLEL:L_RDRY_VD:NULLIFY@1
 1423     0.00     1013.600        0.000        0.000              1        0.05        0.05    YOEAERC:PART3@1
 1424     0.00     1013.600        0.000        0.000             37        0.00        0.00    CPG_PARALLEL:ISETTLOFF:NULLIFY@1
 1425     0.00     1013.600        0.000        0.000              1        0.05        0.05    SUECAEBC:PART1@1
 1426     0.00     1013.600        0.000        0.001              1        0.05        0.61    SUPP@1
 1427     0.00     1013.600        0.000        0.000             37        0.00        0.00    APL_ARPEGE_PARALLEL:ZRDG_LCVQ:NULLIFY@1
 1428     0.00     1013.601        0.000        0.000              1        0.05        0.05    YOEAERC:PART4@1
 1429     0.00     1013.601        0.000        0.000              1        0.05        0.05    YOEAERC:PART2@1
 1430     0.00     1013.601        0.000        0.000             37        0.00        0.00    CTVTOT_EXPL_PARALLEL:0:NULLIFY@1
 1431     0.00     1013.601        0.000        0.000              1        0.05        0.05    YOMCVER:PRT_CVER_GEOM@1
 1432     0.00     1013.601        0.000        0.001              1        0.05        0.68    SURLX@1
 1433     0.00     1013.601        0.000        0.000             37        0.00        0.00    CPXFU_PARALLEL:0:NULLIFY@1
 1434     0.00     1013.601        0.000        0.000             36        0.00        0.00    CPCFU_PARALLEL:1:NULLIFY@1
 1435     0.00     1013.601        0.000        0.000              1        0.05        0.05    YOEAERC:PART6@1
 1436     0.00     1013.601        0.000        0.000              2        0.02        0.03    CHIEN@1
 1437     0.00     1013.601        0.000        0.000             37        0.00        0.00    TRLTOM_BAR@1
 1438     0.00     1013.601        0.000        0.000             90        0.00        0.00    SUXFU:NEXTYPE1@1
 1439     0.00     1013.601        0.000        0.000             37        0.00        0.00    CPG_GP_PARALLEL:SET1TO0:GET_DATA@1
 1440     0.00     1013.601        0.000        0.000             37        0.00        0.00    LAPINEB_PARALLEL:TEMP_EQ:NULLIFY@1
 1441     0.00     1013.601        0.000        0.000             37        0.00        0.00    CPG_GP_PARALLEL:SETZERO:NULLIFY@1
 1442     0.00     1013.601        0.000        0.000             37        0.00        0.00    APL_ARPEGE_RADIATION_PARALLEL:LMSE_F:NULLIFY@1
 1443     0.00     1013.601        0.000        0.000            106        0.00        0.00    "lfierf_alts"@1:lfi_alts.c
 1444     0.00     1013.601        0.000        0.000             37        0.00        0.00    LAVABO_PARALLEL:1:GET_DATA@1
 1445     0.00     1013.601        0.000        0.000             37        0.00        0.00    CPG_PARALLEL:ZEROPB2:GET_DATA@1
 1446     0.00     1013.601        0.000        0.000             37        0.00        0.00    SPMCUF@1
 1447     0.00     1013.601        0.000        0.000              1        0.05        0.13    IOMULTIBUF_MOD:IOMULTIBUF_COMP_IDX@1
 1448     0.00     1013.601        0.000        0.000              1        0.05        0.05    RRTM_CMBGB9_GPU@1
 1449     0.00     1013.602        0.000        0.000             37        0.00        0.00    MF_PHYS_MOCON_PARALLEL:PPWETPOINT:NULLIFY@1
 1450     0.00     1013.602        0.000        0.000              1        0.05        0.05    RRTM_CMBGB7_GPU@1
 1451     0.00     1013.602        0.000        0.000             37        0.00        0.00    CPUTQY_APLPAR_EXPL_PARALLEL:PFDIS:NULLIFY@1
 1452     0.00     1013.602        0.000        0.000             37        0.00        0.00    GPTF1_YDVARS_PARALLEL:LTWOTL:NULLIFY@1
 1453     0.00     1013.602        0.000        0.000              7        0.01        0.01    RECMWF_PARALLEL:PREPARE:NULLIFY@1
 1454     0.00     1013.602        0.000        0.005              3        0.02        1.75    FIELD_CONTAINER_BASE_MOD:FIELD_CREATE_BASE@1
 1455     0.00     1013.602        0.000        0.000             37        0.00        0.00    APL_ARPEGE_INIT_PARALLEL:0:NULLIFY@1
 1456     0.00     1013.602        0.000        0.000             36        0.00        0.00    CPG_END_SFC_PARALLEL:SET0TO1:GET_DATA@1
 1457     0.00     1013.602        0.000        0.000             37        0.00        0.00    CPG_GP_PARALLEL:MAP_FACTOR:NULLIFY@1
 1458     0.00     1013.602        0.000        0.000              2        0.02        0.02    TXFU_TYPE_INIT@1
 1459     0.00     1013.602        0.000        0.000              1        0.04        0.04    RERESF_PART1@1
 1460     0.00     1013.602        0.000        0.000             36        0.00        0.00    CPCFU_PARALLEL:0:NULLIFY@1
 1461     0.00     1013.602        0.000        0.000              7        0.01        0.01    RECMWF_PARALLEL:ECRAD_POST:GET_DATA@1
 1462     0.00     1013.602        0.000        0.000             37        0.00        0.00    APL_ARPEGE_PARALLEL:PPWETPOINT:NULLIFY@1
 1463     0.00     1013.602        0.000        0.001              1        0.04        0.51    SUMP0@1
 1464     0.00     1013.602        0.000        0.000              1        0.04        0.30    SUCVMNH@1
 1465     0.00     1013.602        0.000        0.000              1        0.04        0.05    RIEN@1
 1466     0.00     1013.602        0.000        0.000              1        0.04        0.04    SUALLO@1
 1467     0.00     1013.602        0.000        0.000             37        0.00        0.00    CPGLAG_PARALLEL:STR:NULLIFY@1
 1468     0.00     1013.602        0.000        0.000              1        0.04        0.04    SULEGA@1
 1469     0.00     1013.602        0.000        0.000             37        0.00        0.00    CPG_DRV_SETTLOFF@1
 1470     0.00     1013.602        0.000        0.000             37        0.00        0.00    CPXFU_PARALLEL:1:NULLIFY@1
 1471     0.00     1013.602        0.000        0.000             37        0.00        0.00    APL_ARPEGE_PARALLEL:ZDPHIV:GET_DATA@1
 1472     0.00     1013.603        0.000        0.000             37        0.00        0.00    APL_ARPEGE_PARALLEL:ACSOL:NULLIFY@1
 1473     0.00     1013.603        0.000        0.000             37        0.00        0.00    CPG_GP_PARALLEL:SET1TO0:NULLIFY@1
 1474     0.00     1013.603        0.000        0.000             37        0.00        0.00    APL_ARPEGE_PARALLEL:EDR:NULLIFY@1
 1475     0.00     1013.603        0.000        0.000             37        0.00        0.00    LACDYN_PARALLEL:ZMIXNL:NULLIFY@1
 1476     0.00     1013.603        0.000        0.000             37        0.00        0.00    APL_ARPEGE_RADIATION_PARALLEL:DIRECT:NULLIFY@1
 1477     0.00     1013.603        0.000        0.000             37        0.00        0.00    APL_ARPEGE_SOIL_HYDRO_PARALLEL:ACVEG:NULLIFY@1
 1478     0.00     1013.603        0.000        0.000              1        0.04        0.04    SURIP0@1
 1479     0.00     1013.603        0.000        0.000              4        0.01        0.01    IOSTREAM_MIX:INI_IOSTREAM@1
 1480     0.00     1013.603        0.000        0.000             37        0.00        0.00    APL_ARPEGE_PARALLEL:PLSM:NULLIFY@1
 1481     0.00     1013.603        0.000        0.000             38        0.00        0.00    GP_DERIVATIVES@1
 1482     0.00     1013.603        0.000        0.000             37        0.00        0.00    CPG_GP_PARALLEL:GPTF2_EXPL_2TL:NULLIFY@1
 1483     0.00     1013.603        0.000        0.000             36        0.00        0.00    CPG_END_SFC_PARALLEL:SET0TO1:NULLIFY@1
 1484     0.00     1013.603        0.000        0.001              1        0.04        0.61    SIGAM_SP_OPENMP@1
 1485     0.00     1013.603        0.000        0.000             37        0.00        0.00    CPUTQY_APLPAR_EXPL_PARALLEL:ZTDCP:NULLIFY@1
 1486     0.00     1013.603        0.000        0.000             37        0.00        0.00    MF_PHYS_FPL_PART2_PARALLEL:PART2:NULLIFY@1
 1487     0.00     1013.603        0.000        0.000             37        0.00        0.00    APL_ARPEGE_INIT_PARALLEL:1:NULLIFY@1
 1488     0.00     1013.603        0.000        0.000              1        0.04        0.04    SUECAEOR:PART1@1
 1489     0.00     1013.603        0.000        0.000             36        0.00        0.00    CPCFU_PARALLEL:2:NULLIFY@1
 1490     0.00     1013.603        0.000        0.000             37        0.00        0.00    APL_ARPEGE_ALBEDO_COMPUTATION_PARALLEL:0:NULLIFY@1
 1491     0.00     1013.603        0.000        0.000              1        0.04        0.04    YOEAERC:PART7@1
 1492     0.00     1013.603        0.000        0.001              1        0.04        0.63    SUVV1@1
 1493     0.00     1013.603        0.000        0.000              9        0.00        0.01    FARINE_MT@1
 1494     0.00     1013.603        0.000        0.000             37        0.00        0.00    APL_ARPEGE_PARALLEL:BAYRAD:NULLIFY@1
 1495     0.00     1013.603        0.000        0.000             37        0.00        0.00    CPG_PARALLEL:LSMTSOL:NULLIFY@1
 1496     0.00     1013.603        0.000        0.000             37        0.00        0.00    MF_PHYS_FPL_PART1_PARALLEL:PART1:NULLIFY@1
 1497     0.00     1013.603        0.000        0.000              2        0.02        0.06    SUXFU:SETUP_DESCRIPTORS@1
 1498     0.00     1013.604        0.000        0.000             37        0.00        0.00    LAPINEB_PARALLEL:ZVWEI:NULLIFY@1
 1499     0.00     1013.604        0.000        0.000              2        0.02        0.02    TCFU_TYPE_INIT@1
 1500     0.00     1013.604        0.000        0.000              2        0.02        0.05    SUCFU:SETUP_DESCRIPTORS@1
 1501     0.00     1013.604        0.000        0.000              7        0.01        0.01    RECMWF_PARALLEL:FINISH:NULLIFY@1
 1502     0.00     1013.604        0.000        0.000              2        0.02        0.02    TCFU_TYPE_FINAL@1
 1503     0.00     1013.604        0.000        0.000              7        0.01        0.01    APL_ARPEGE_AEROSOLS_FOR_RADIATION_PARALLEL:RADAER:GET_DATA@1
 1504     0.00     1013.604        0.000        0.000              2        0.02        0.02    OPENFAINFO@1
 1505     0.00     1013.604        0.000        0.000              1        0.04        0.04    FA_COM:NEW_FA@1
 1506     0.00     1013.604        0.000        0.000              1        0.04        0.05    SUECV@1
 1507     0.00     1013.604        0.000        0.000              1        0.04        0.14    MF_PHYS_SAVE_PHSURF_PART2_PARALLEL:PART2@1
 1508     0.00     1013.604        0.000        0.000             37        0.00        0.00    LASSIE_PARALLEL:GPRCP:NULLIFY@1
 1509     0.00     1013.604        0.000        0.000             37        0.00        0.00    CPG_PARALLEL:SHUFFLESL1:GET_DATA@1
 1510     0.00     1013.604        0.000        0.005              1        0.04        4.75    SUFP_CTL@1
 1511     0.00     1013.604        0.000        0.000             36        0.00        0.00    CPCFU_PARALLEL:3:NULLIFY@1
 1512     0.00     1013.604        0.000        0.000              1        0.04        0.04    SUECAESS:PART12@1
 1513     0.00     1013.604        0.000        0.001              1        0.04        0.54    SUNORGWD@1
 1514     0.00     1013.604        0.000        0.000             37        0.00        0.00    APL_ARPEGE_PARALLEL:ZDPHIV:NULLIFY@1
 1515     0.00     1013.604        0.000        0.001              1        0.03        0.51    SUOPH0@1
 1516     0.00     1013.604        0.000        0.000              1        0.03        0.17    MF_PHYS_SAVE_PHSURF_PART1_PARALLEL:PART1@1
 1517     0.00     1013.604        0.000        0.001              1        0.03        1.31    SULUN@1
 1518     0.00     1013.604        0.000        0.000              1        0.03        0.03    SUECAESS:PART18@1
 1519     0.00     1013.604        0.000        0.000              1        0.03        0.03    SUECAESU:PART1@1
 1520     0.00     1013.604        0.000        0.000             37        0.00        0.00    APL_ARPEGE_PARALLEL:FRSOPT:NULLIFY@1
 1521     0.00     1013.604        0.000     1012.028              1        0.03  1012028.14    CNT3@1
 1522     0.00     1013.604        0.000        0.000             37        0.00        0.00    CPG_GP_HYD_PARALLEL:3:NULLIFY@1
 1523     0.00     1013.604        0.000        0.000             37        0.00        0.00    CPGLAG_PARALLEL:1:NULLIFY@1
 1524     0.00     1013.604        0.000        0.000             30        0.00        0.00    APL_ARPEGE_RADIATION_PARALLEL:CALLRAD_F:NULLIFY@1
 1525     0.00     1013.604        0.000        0.000             37        0.00        0.00    LACDYN_PARALLEL:LASURE:NULLIFY@1
 1526     0.00     1013.605        0.000        0.000              1        0.03        0.03    SUVSPLIP@1
 1527     0.00     1013.605        0.000        0.000             37        0.00        0.00    LAVABO_PARALLEL:0:NULLIFY@1
 1528     0.00     1013.605        0.000        0.000             37        0.00        0.00    CPXFU_PARALLEL:4:NULLIFY@1
 1529     0.00     1013.605        0.000        0.000              1        0.03        0.03    SUECAESD:PART19@1
 1530     0.00     1013.605        0.000        0.000             37        0.00        0.00    APL_ARPEGE_PARALLEL:PRECIPS:NULLIFY@1
 1531     0.00     1013.605        0.000        0.000              1        0.03        0.03    SUECAESS:PART1@1
 1532     0.00     1013.605        0.000        0.015              1        0.03       15.42    SPEUV@1
 1533     0.00     1013.605        0.000        0.000             36        0.00        0.00    APL_ARPEGE_RADIATION_PARALLEL:SUNSHINE:NULLIFY@1
 1534     0.00     1013.605        0.000        0.000              1        0.03        0.03    SUECAEOR:PART2@1
 1535     0.00     1013.605        0.000        0.000              7        0.00        0.00    RECMWF_PARALLEL:ECRAD_GPU:NULLIFY@1
 1536     0.00     1013.605        0.000        0.001              1        0.03        0.65    SUSPSDT@1
 1537     0.00     1013.605        0.000        0.000             37        0.00        0.00    GPMPFC_EXPL_PARALLEL:0:NULLIFY@1
 1538     0.00     1013.605        0.000        1.020              1        0.03     1019.88    CNT3_GLO@1
 1539     0.00     1013.605        0.000        0.000             36        0.00        0.00    CPCFU_PARALLEL:5:NULLIFY@1
 1540     0.00     1013.605        0.000        0.000              1        0.03        0.03    SUECAESS:PART13@1
 1541     0.00     1013.605        0.000        0.017              1        0.03       17.32    SUSURF@1
 1542     0.00     1013.605        0.000        0.000              3        0.01        0.12    FAIRME_MT@1
 1543     0.00     1013.605        0.000        0.000              2        0.01        0.01    TXFU_TYPE_FINAL@1
 1544     0.00     1013.605        0.000        0.000              2        0.01        0.01    SUMPIOH@1
 1545     0.00     1013.605        0.000        0.000              1        0.03        0.03    RRTM_CMBGB13_GPU@1
 1546     0.00     1013.605        0.000        0.000              1        0.03        0.03    SUECAESD:PART9@1
 1547     0.00     1013.605        0.000        0.000              1        0.03        0.03    VAL923@1
 1548     0.00     1013.605        0.000        0.001              8        0.00        0.15    VERDISINT@1
 1549     0.00     1013.605        0.000        0.000              1        0.03        0.03    SUECAESD:PART18@1
 1550     0.00     1013.605        0.000        0.000              1        0.03        0.03    SUGEM3@1
 1551     0.00     1013.605        0.000        0.000             37        0.00        0.00    APL_ARPEGE_INIT_PARALLEL:6:NULLIFY@1
 1552     0.00     1013.605        0.000        0.000              1        0.03        0.32    SUDIM@1
 1553     0.00     1013.605        0.000        0.000              1        0.03        0.03    SRTM_KGB23@1
 1554     0.00     1013.605        0.000        0.000              1        0.03        0.03    SRTM_CMBGB18_GPU@1
 1555     0.00     1013.605        0.000        0.001              1        0.03        0.51    SUMCC@1
 1556     0.00     1013.605        0.000        0.000              1        0.03        0.03    SRTM_CMBGB24_GPU@1
 1557     0.00     1013.605        0.000        0.000              1        0.03        0.05    YOMCLMICST:SETUP_CLMICST@1
 1558     0.00     1013.605        0.000        0.001              1        0.03        1.12    SUSC2C@1
 1559     0.00     1013.605        0.000        0.000              1        0.03        0.03    SRTM_CMBGB19_GPU@1
 1560     0.00     1013.606        0.000        0.000              1        0.03        0.03    SUECAESS:PART9@1
 1561     0.00     1013.606        0.000        0.000             37        0.00        0.00    CPXFU_PARALLEL:3:NULLIFY@1
 1562     0.00     1013.606        0.000        0.000             37        0.00        0.00    GPRCP_EXPL_PARALLEL:5:NULLIFY@1
 1563     0.00     1013.606        0.000        0.000              2        0.01        0.02    FAQUIN_MT@1
 1564     0.00     1013.606        0.000        0.000              1        0.03        0.03    SUECAESD:PART1@1
 1565     0.00     1013.606        0.000        0.000              1        0.03        0.03    SUDIMO@1
 1566     0.00     1013.606        0.000        0.000              1        0.03        0.03    SUECAESU:PART2@1
 1567     0.00     1013.606        0.000        0.000              1        0.03        0.03    SUECAESS:PART24@1
 1568     0.00     1013.606        0.000        0.027              2        0.01       13.54    FACGRA_MT@1
 1569     0.00     1013.606        0.000        0.000             50        0.00        0.00    SUCFU:NEXTYPE1@1
 1570     0.00     1013.606        0.000        0.000              1        0.03        0.03    YOMLUN:RESERVE_LUN@1
 1571     0.00     1013.606        0.000        0.000              7        0.00        0.00    RECMWF_PARALLEL:1:GET_DATA@1
 1572     0.00     1013.606        0.000        0.000              1        0.03        0.03    SUECAESS:PART20@1
 1573     0.00     1013.606        0.000        0.000              1        0.03        0.03    SUECAESS:PART10@1
 1574     0.00     1013.606        0.000        0.000              1        0.03        0.03    SUECAESD:PART21@1
 1575     0.00     1013.606        0.000        0.000              1        0.03        0.03    SUECAESU:PART12@1
 1576     0.00     1013.606        0.000        0.000              1        0.03        0.04    GMV_SUBS_MOD:SETUP_GMV@1
 1577     0.00     1013.606        0.000        0.000              1        0.03        0.03    SUECAESU:PART6@1
 1578     0.00     1013.606        0.000        0.000              1        0.02        0.03    SUECAESU:PART9@1
 1579     0.00     1013.606        0.000        0.000              1        0.02        0.03    SUECAESU:PART15@1
 1580     0.00     1013.606        0.000        0.000              1        0.02        0.03    SUECAESD:PART22@1
 1581     0.00     1013.606        0.000        0.000              1        0.02        0.02    SUECAESD:PART23@1
 1582     0.00     1013.606        0.000        0.000              1        0.02        0.02    SUECAESS:PART23@1
 1583     0.00     1013.606        0.000        0.001              1        0.02        0.64    TESTVAR_MIX:SETUP_TESTVAR@1
 1584     0.00     1013.606        0.000        0.000              1        0.02        0.02    SUECAESU:PART5@1
 1585     0.00     1013.606        0.000        0.000              1        0.02        0.02    SUECAESS:PART5@1
 1586     0.00     1013.606        0.000        0.000              1        0.02        0.02    SUECAESS:PART7@1
 1587     0.00     1013.606        0.000        0.000              1        0.02        0.02    YOMLUN:FREE_LUN@1
 1588     0.00     1013.606        0.000        0.000             37        0.00        0.00    CPG_DIA_FLU_PARALLEL:1:NULLIFY@1
 1589     0.00     1013.606        0.000        0.000              1        0.02        0.02    SUECAESU:PART11@1
 1590     0.00     1013.606        0.000        0.000              1        0.02        0.02    SUECAEBC:PART20@1
 1591     0.00     1013.606        0.000        0.000              1        0.02        0.35    SUDIM_TRAJ@1
 1592     0.00     1013.606        0.000        0.000              1        0.02        0.02    SUECAESU:PART8@1
 1593     0.00     1013.606        0.000        0.000              1        0.02        0.02    RRTM_KGB6@1
 1594     0.00     1013.606        0.000        0.000              1        0.02        0.09    SUCHET@1
 1595     0.00     1013.606        0.000        0.000              7        0.00        0.00    APL_ARPEGE_AEROSOLS_FOR_RADIATION_PARALLEL:RADAER:NULLIFY@1
 1596     0.00     1013.606        0.000        0.000              1        0.02        0.02    SUOPTSURF@1
 1597     0.00     1013.606        0.000        0.017              1        0.02       17.29    SUSURF_CTL_MOD:SUSURF_CTL@1
 1598     0.00     1013.606        0.000        0.000              1        0.02        0.02    SUECAESD:PART20@1
 1599     0.00     1013.606        0.000        0.000             37        0.00        0.00    LAVABO_PARALLEL:1:NULLIFY@1
 1600     0.00     1013.607        0.000        0.000              1        0.02        0.02    SUECAESS:PART19@1
 1601     0.00     1013.607        0.000        0.000              1        0.02        0.02    SUECAESD:PART5@1
 1602     0.00     1013.607        0.000        0.000              1        0.02        0.02    SUECAESS:PART11@1
 1603     0.00     1013.607        0.000        0.000              1        0.02        0.02    SUECAESS:PART2@1
 1604     0.00     1013.607        0.000        0.000              1        0.02        0.02    SUECAESU:PART3@1
 1605     0.00     1013.607        0.000        0.000              1        0.02        0.31    SUGFL3@1
 1606     0.00     1013.607        0.000        0.000              1        0.02        0.02    SUECAESU:PART14@1
 1607     0.00     1013.607        0.000        0.000              1        0.02        0.02    SRTM_CMBGB16_GPU@1
 1608     0.00     1013.607        0.000        0.000              1        0.02        0.02    SUECAESD:PART4@1
 1609     0.00     1013.607        0.000        0.000              1        0.02        0.02    SUECAESD:PART24@1
 1610     0.00     1013.607        0.000        0.000              1        0.02        0.02    SUECAESU:PART4@1
 1611     0.00     1013.607        0.000        0.000              1        0.02        0.02    SUECAESS:PART22@1
 1612     0.00     1013.607        0.000        0.000              1        0.02        0.02    SUECAEBC:PART13@1
 1613     0.00     1013.607        0.000        0.000              1        0.02        0.02    SUECAEOR:PART16@1
 1614     0.00     1013.607        0.000        0.000              1        0.02        0.02    SUECAESU:PART13@1
 1615     0.00     1013.607        0.000        0.000              1        0.02        0.02    SUECAESU:PART10@1
 1616     0.00     1013.607        0.000        0.000              1        0.02        0.02    SUECAESS:PART4@1
 1617     0.00     1013.607        0.000        0.000              1        0.02        0.02    SUECAESU:PART16@1
 1618     0.00     1013.607        0.000        0.000              1        0.02        0.02    SUECAEBC:PART2@1
 1619     0.00     1013.607        0.000        0.000              1        0.02        0.02    SUECAEOR:PART3@1
 1620     0.00     1013.607        0.000        0.000             37        0.00        0.00    CPG_DIA_FLU_PARALLEL:4:NULLIFY@1
 1621     0.00     1013.607        0.000        0.000              1        0.02        0.03    radiation_ifs_rrtm:setup_gas_optics_rrtm_GPU@1
 1622     0.00     1013.607        0.000        0.001              1        0.02        0.56    SURINC@1
 1623     0.00     1013.607        0.000        0.000              1        0.02        0.28    SUCUMF@1
 1624     0.00     1013.607        0.000        0.000              1        0.02        0.02    SUECAEOR:PART4@1
 1625     0.00     1013.607        0.000        0.000              1        0.02        0.02    SUECAESS:PART8@1
 1626     0.00     1013.607        0.000        0.000              1        0.02        0.02    RRTM_CMBGB12_GPU@1
 1627     0.00     1013.607        0.000        0.000             37        0.00        0.00    CPG_DIA_FLU_PARALLEL:3:NULLIFY@1
 1628     0.00     1013.607        0.000        0.000              1        0.02        0.02    SUSLB@1
 1629     0.00     1013.607        0.000        0.000              1        0.02        0.02    SUECAEBC:PART19@1
 1630     0.00     1013.607        0.000        0.000              1        0.02        0.02    SUECAESS:PART6@1
 1631     0.00     1013.607        0.000        0.000              1        0.02        0.02    SRTM_KGB25@1
 1632     0.00     1013.607        0.000        0.000              1        0.02        0.02    SUECAESS:PART17@1
 1633     0.00     1013.607        0.000        0.000              1        0.02        0.02    SUECAESU:PART22@1
 1634     0.00     1013.607        0.000        0.000              1        0.02        0.28    SUCUMF2@1
 1635     0.00     1013.607        0.000        0.000              1        0.02        0.02    SUECAESS:PART21@1
 1636     0.00     1013.607        0.000        0.001              1        0.02        0.59    SUPHY2@1
 1637     0.00     1013.607        0.000        0.000              1        0.02        0.02    SUSRTAB@1
 1638     0.00     1013.607        0.000        0.000              1        0.02        0.35    SUDIMF1@1
 1639     0.00     1013.607        0.000        0.000              1        0.02        0.02    SUECAESS:PART3@1
 1640     0.00     1013.607        0.000        0.000              1        0.02        0.02    SUECAEBC:PART12@1
 1641     0.00     1013.607        0.000        0.000              1        0.02        0.49    SUGRIB@1
 1642     0.00     1013.607        0.000        0.000              1        0.02        0.02    SUNRTAER@1
 1643     0.00     1013.607        0.000        0.000              1        0.02        0.02    SUECAESU:PART23@1
 1644     0.00     1013.607        0.000        0.000              1        0.02        0.02    SUECAESU:PART18@1
 1645     0.00     1013.608        0.000        0.000              1        0.02        0.34    SUDYNCORE@1
 1646     0.00     1013.608        0.000        0.000              1        0.02        0.02    SUECAESU:PART7@1
 1647     0.00     1013.608        0.000        0.000             37        0.00        0.00    LAVABO_PARALLEL:2:NULLIFY@1
 1648     0.00     1013.608        0.000        0.000              1        0.02        0.02    SUECAESD:PART12@1
 1649     0.00     1013.608        0.000        0.000              1        0.02        0.02    SUECAEOR:PART13@1
 1650     0.00     1013.608        0.000        0.000              1        0.02        0.02    SUECAEBC:PART21@1
 1651     0.00     1013.608        0.000        0.005              1        0.02        4.55    SUGFL@1
 1652     0.00     1013.608        0.000        0.000              1        0.02        0.02    SUECAEBC:PART5@1
 1653     0.00     1013.608        0.000        0.000              1        0.02        0.02    SUECAEBC:PART18@1
 1654     0.00     1013.608        0.000        0.000              1        0.02        0.02    SUECAEBC:PART23@1
 1655     0.00     1013.608        0.000        0.000              1        0.02        0.02    SUECAEBC:PART16@1
 1656     0.00     1013.608        0.000        0.000              1        0.02        0.02    IO_SERV_SUIOSCTMPL@1
 1657     0.00     1013.608        0.000        0.000              1        0.02        0.02    SUECAEBC:PART6@1
 1658     0.00     1013.608        0.000        0.000              1        0.02        0.02    SUECAEOR:PART17@1
 1659     0.00     1013.608        0.000        0.000              1        0.02        0.02    SUECAESD:PART10@1
 1660     0.00     1013.608        0.000        0.000              1        0.02        0.02    SUECAESD:PART14@1
 1661     0.00     1013.608        0.000        0.000              1        0.02        0.02    SUECAESU:PART20@1
 1662     0.00     1013.608        0.000        0.000              1        0.02        0.02    SUECAEOR:PART12@1
 1663     0.00     1013.608        0.000        0.000              1        0.02        0.02    SUECAEOR:PART14@1
 1664     0.00     1013.608        0.000        0.000              1        0.02        0.02    SUECAESD:PART6@1
 1665     0.00     1013.608        0.000        0.000              1        0.02        0.02    SUECAESU:PART21@1
 1666     0.00     1013.608        0.000        0.000              1        0.02        0.02    SUECAESU:PART24@1
 1667     0.00     1013.608        0.000        0.000              1        0.02        0.02    SUECAEOR:PART8@1
 1668     0.00     1013.608        0.000        0.000              1        0.02        0.02    SUECAEOR:PART5@1
 1669     0.00     1013.608        0.000        0.000              1        0.02        0.02    SUECAEBC:PART4@1
 1670     0.00     1013.608        0.000        0.000              1        0.02        0.02    SUECAEOR:PART15@1
 1671     0.00     1013.608        0.000        0.000              1        0.02        0.02    XUTRII@1
 1672     0.00     1013.608        0.000        0.000              1        0.02        0.02    SUECAEBC:PART14@1
 1673     0.00     1013.608        0.000        0.000              1        0.02        0.02    SUECAESD:PART15@1
 1674     0.00     1013.608        0.000        0.000              1        0.02        0.02    SUECAESU:PART19@1
 1675     0.00     1013.608        0.000        0.000              1        0.02        0.02    SUECAEBC:PART10@1
 1676     0.00     1013.608        0.000        0.000              1        0.02        0.02    SUECAEOR:PART6@1
 1677     0.00     1013.608        0.000        0.000             39        0.00        0.00    FCGENERALIZED_GAMMA@1
 1678     0.00     1013.608        0.000        0.000              1        0.02        0.02    SUECAEBC:PART7@1
 1679     0.00     1013.608        0.000        0.000              1        0.02        0.02    SUECAESD:PART2@1
 1680     0.00     1013.608        0.000        0.000              2        0.01        0.01    STACK_MIX:INIT_STACK@1
 1681     0.00     1013.608        0.000        0.000              1        0.02        0.02    SUECAEBC:PART22@1
 1682     0.00     1013.608        0.000        0.000              4        0.00        0.00    FACTUI_MT@1
 1683     0.00     1013.608        0.000        0.000              1        0.02        0.02    SUECAEBC:PART15@1
 1684     0.00     1013.608        0.000        0.000              1        0.02        0.02    SUECAEOR:PART7@1
 1685     0.00     1013.608        0.000        0.000              1        0.02        0.02    SUECAESD:PART25@1
 1686     0.00     1013.608        0.000        0.000              1        0.02        0.02    SUECAESD:PART8@1
 1687     0.00     1013.608        0.000        0.000              1        0.02        0.02    SUECAEBC:PART9@1
 1688     0.00     1013.608        0.000        0.000             30        0.00        0.00    TYPES_FPCAT:SUCATIND@1
 1689     0.00     1013.608        0.000        0.000              1        0.02        0.02    YOERADGHG:INIT_RAD_GHG@1
 1690     0.00     1013.608        0.000        0.000              1        0.02        0.02    SUECAEBC:PART8@1
 1691     0.00     1013.608        0.000        0.000              1        0.02        0.02    SUECAEOR:PART24@1
 1692     0.00     1013.608        0.000        0.000              1        0.02        0.02    SUECAEOR:PART23@1
 1693     0.00     1013.608        0.000        0.000              1        0.02        0.02    SUECAEOR:PART21@1
 1694     0.00     1013.608        0.000        0.000              4        0.00        0.00    radiation_spectral_definition:calc_mapping_from_bands_GPU@1
 1695     0.00     1013.608        0.000        0.000              1        0.02        0.02    SUECAESD:PART13@1
 1696     0.00     1013.609        0.000        0.000              1        0.02        0.02    SUECAESD:PART7@1
 1697     0.00     1013.609        0.000        0.003              1        0.02        2.80    GEOMETRY_MOD:GEOMETRY_DELETE@1
 1698     0.00     1013.609        0.000        0.000              1        0.02        0.02    SUECAESS:PART14@1
 1699     0.00     1013.609        0.000        0.000              1        0.02        0.02    SUECAESS:PART15@1
 1700     0.00     1013.609        0.000        0.000              1        0.02        0.02    SUECAEOR:PART19@1
 1701     0.00     1013.609        0.000        0.000              1        0.02        0.02    SUECAEOR:PART9@1
 1702     0.00     1013.609        0.000        0.000              1        0.02        0.02    SUECAESD:PART16@1
 1703     0.00     1013.609        0.000        0.000              1        0.02        0.02    SUECAEBC:PART3@1
 1704     0.00     1013.609        0.000        0.000              1        0.02        0.02    SUECAESD:PART3@1
 1705     0.00     1013.609        0.000        0.000              1        0.02        0.06    SUFRAME@1
 1706     0.00     1013.609        0.000        0.000              1        0.02        0.02    SUECAEOR:PART20@1
 1707     0.00     1013.609        0.000        0.017              1        0.02       17.20    SUSOCEAN_ML_MOD:SUSOCEAN_ML@1
 1708     0.00     1013.609        0.000        0.000              1        0.02        0.02    SUECAEBC:PART17@1
 1709     0.00     1013.609        0.000        0.001              1        0.02        0.58    SPGEOM_MOD:SUSPGEOM@1
 1710     0.00     1013.609        0.000        0.000              1        0.02        0.10    YOE_CUCONVCA:INI_CUCONVCA@1
 1711     0.00     1013.609        0.000        0.000              2        0.01        0.01    INI_SPEC_DIST@1
 1712     0.00     1013.609        0.000        0.000              1        0.02        0.02    SUECAESD:PART17@1
 1713     0.00     1013.609        0.000        0.000              1        0.02        0.02    SUECAEOR:PART10@1
 1714     0.00     1013.609        0.000        0.000              1        0.02        0.02    SUECAEBC:PART11@1
 1715     0.00     1013.609        0.000        0.000              1        0.02        0.02    SUECAESD:PART11@1
 1716     0.00     1013.609        0.000        0.000              3        0.01        0.01    GRIDPOINT_FIELDS_MIX:ALLOCATE_GRID@1
 1717     0.00     1013.609        0.000        0.000              1        0.02        0.02    SUECAESS:PART25@1
 1718     0.00     1013.609        0.000        0.000              1        0.02        0.02    SUECAEOR:PART18@1
 1719     0.00     1013.609        0.000        0.000              1        0.02        0.02    SUSWN@1
 1720     0.00     1013.609        0.000        0.000              1        0.02        0.02    SUECAEOR:PART22@1
 1721     0.00     1013.609        0.000        0.000              1        0.02        0.02    SUECAESS:PART16@1
 1722     0.00     1013.609        0.000        0.000              1        0.02        0.02    PPSTA@1
 1723     0.00     1013.609        0.000        0.000              1        0.02        0.02    SUECAEOR:PART11@1
 1724     0.00     1013.609        0.000        0.000             32        0.00        0.00    SUCFU:NEXTYPE3@1
 1725     0.00     1013.609        0.000        0.000              2        0.01        0.01    SUCLOPN@1
 1726     0.00     1013.609        0.000        0.000              1        0.02        0.02    SUECAEBC:PART24@1
 1727     0.00     1013.609        0.000        0.000              1        0.02        0.03    SUSSOIL_MOD:SUSSOIL@1
 1728     0.00     1013.609        0.000        0.001              1        0.02        1.09    RG@1
 1729     0.00     1013.609        0.000        0.000              1        0.02        0.07    IOSPECA_MOD:IOSPECA_SELECTD@1
 1730     0.00     1013.609        0.000        0.000              1        0.02        0.02    RRTM_CMBGB16_GPU@1
 1731     0.00     1013.609        0.000        0.000              1        0.02        0.09    SUCAPE@1
 1732     0.00     1013.609        0.000        0.000              1        0.02        0.02    MODEL_MOD:MODEL_SET@1
 1733     0.00     1013.609        0.000        0.000              1        0.02        0.02    RRTM_CMBGB15_GPU@1
 1734     0.00     1013.609        0.000        0.000              1        0.02        0.25    SUCT1@1
 1735     0.00     1013.609        0.000        0.001              1        0.02        0.53    SUPPVI@1
 1736     0.00     1013.609        0.000        0.000              1        0.01        0.14    SUMCCLAG@1
 1737     0.00     1013.609        0.000        0.001              1        0.01        1.21    SUBMAT@1
 1738     0.00     1013.609        0.000        0.000              1        0.01        0.02    SRTM_CMBGB22_GPU@1
 1739     0.00     1013.609        0.000        0.000              1        0.01        0.41    SUFAINIT@1
 1740     0.00     1013.609        0.000        0.000              1        0.01        0.02    RRTM_CMBGB1_GPU@1
 1741     0.00     1013.609        0.000        0.000              1        0.01        0.01    SURRTAB@1
 1742     0.00     1013.609        0.000        0.123              1        0.01      122.82    SUOPH@1
 1743     0.00     1013.609        0.000        0.001              1        0.01        0.59    SURES@1
 1744     0.00     1013.609        0.000        0.000              1        0.01        0.12    SU_COUP_COM@1
 1745     0.00     1013.609        0.000        0.000              1        0.01        0.01    SUECAEOR:PART25@1
 1746     0.00     1013.609        0.000        0.000              1        0.01        0.01    SUECAESU:PART25@1
 1747     0.00     1013.609        0.000        0.000              2        0.01        0.02    SUEDRD@1
 1748     0.00     1013.609        0.000        0.000              2        0.01        0.07    FANMSG_MT@1
 1749     0.00     1013.609        0.000        0.005              1        0.01        5.08    SUINTERPOLATOR@1
 1750     0.00     1013.609        0.000        0.000              1        0.01        0.01    SRTM_CMBGB29_GPU@1
 1751     0.00     1013.609        0.000        0.000              1        0.01        0.01    RRTM_CMBGB2_GPU@1
 1752     0.00     1013.609        0.000        0.015              1        0.01       15.05    SUVERTFE@1
 1753     0.00     1013.609        0.000        0.000              1        0.01        0.01    RRTM_CMBGB8_GPU@1
 1754     0.00     1013.609        0.000        0.000              1        0.01        0.01    YOMVERT:ALLOC_INIT_TVAB@1
 1755     0.00     1013.609        0.000        0.000              1        0.01        0.01    SUECAEBC:PART25@1
 1756     0.00     1013.609        0.000        0.000              1        0.01        0.26    YOMCVER:SUCVER@1
 1757     0.00     1013.609        0.000        0.000              1        0.01        0.33    SUDVISI@1
 1758     0.00     1013.609        0.000        0.000              1        0.01        0.01    SUDIMF2@1
 1759     0.00     1013.609        0.000        0.000              1        0.01        0.33    SUDPRECIPS@1
 1760     0.00     1013.610        0.000        0.047              1        0.01       46.61    IOGRID_MOD:IOGRID_SELECTFX@1
 1761     0.00     1013.610        0.000        0.001              1        0.01        0.58    TRAJ_SETUP@1
 1762     0.00     1013.610        0.000        0.866              1        0.01      866.16    SUTRANS@1
 1763     0.00     1013.610        0.000        0.000             28        0.00        0.00    SURFACE_FIELDS_MIX:SETUP_SFLP2@1
 1764     0.00     1013.610        0.000        0.000              4        0.00        0.00    EINT_MOD:DEALLO_SL_STRUCT@1
 1765     0.00     1013.610        0.000        0.000              1        0.01        0.01    RRTM_CMBGB11_GPU@1
 1766     0.00     1013.610        0.000        0.000              4        0.00        0.00    GRIB_API:IGRIB_GET_REAL4@1
 1767     0.00     1013.610        0.000        0.000              7        0.00        0.00    RECMWF_PARALLEL:ECRAD_POST:NULLIFY@1
 1768     0.00     1013.610        0.000        0.000              1        0.01        0.33    SUDWET@1
 1769     0.00     1013.610        0.000        0.000              1        0.01        0.07    YOMGSGEOM:DEALLO_TGSGEOM_NB@1
 1770     0.00     1013.610        0.000        0.000              1        0.01        0.03    INTDYN_MOD:SUINTDYN@1
 1771     0.00     1013.610        0.000        0.000              2        0.01        0.01    FANOUV_MT@1
 1772     0.00     1013.610        0.000        0.000              8        0.00        0.00    SURFACE_FIELDS_MIX:SETUP_SFLP3@1
 1773     0.00     1013.610        0.000        0.000              1        0.01        0.01    SUJBSKTECV@1
 1774     0.00     1013.610        0.000        0.000              1        0.01        0.48    SUGWD@1
 1775     0.00     1013.610        0.000        0.000              1        0.01        0.01    RRTM_CMBGB10_GPU@1
 1776     0.00     1013.610        0.000        0.000             12        0.00        0.00    SPECTRAL_FIELDS_MOD:INTLOC@1
 1777     0.00     1013.610        0.000        0.000              1        0.01        0.05    YOMGSGEOM:DEALLO_TGSGEOM_B@1
 1778     0.00     1013.610        0.000        0.000              8        0.00        0.00    UPDCAL@1
 1779     0.00     1013.610        0.000        0.000              1        0.01        0.01    DISTRIBUTED_VECTORS_MIX:SETUP_DISTVEC@1
 1780     0.00     1013.610        0.000        0.000              1        0.01        0.01    BALANC@1
 1781     0.00     1013.610        0.000        0.000              3        0.00        0.00    FACIES_MT@1
 1782     0.00     1013.610        0.000        0.000              1        0.01        0.01    SRTM_CMBGB20_GPU@1
 1783     0.00     1013.610        0.000        0.000              7        0.00        0.00    RECMWF_PARALLEL:2:GET_DATA@1
 1784     0.00     1013.610        0.000        0.000              1        0.01        0.47    SUGWWMS@1
 1785     0.00     1013.610        0.000        0.000              7        0.00        0.00    RECMWF_PARALLEL:1:NULLIFY@1
 1786     0.00     1013.610        0.000        0.001              1        0.01        0.51    SUPERTPAR@1
 1787     0.00     1013.610        0.000        0.000              3        0.00        0.01    GPHPRE_EXPL@1
 1788     0.00     1013.610        0.000        0.000              1        0.01        0.01    LFICOM:NEW_LFI_DEFAULT@1
 1789     0.00     1013.610        0.000        0.000             24        0.00        0.00    INDEXFIND_MOD:INDINLOC@1
 1790     0.00     1013.610        0.000        0.000              2        0.00        0.01    IO_SERV_MAP_RECV_PART2@1
 1791     0.00     1013.610        0.000        0.000              8        0.00        0.00    YOMCLMICST:MOMG@1
 1792     0.00     1013.610        0.000        0.000              1        0.01        0.02    SUGRIDA_FIXUP@1
 1793     0.00     1013.610        0.000        0.000              1        0.01        0.33    ENKF_MIX:SETUP_ENKF@1
 1794     0.00     1013.610        0.000        0.019              1        0.01       18.66    FIELDS_MOD:FIELDS_CONTAIN@1
 1795     0.00     1013.610        0.000        0.001              1        0.01        0.61    SUVDF@1
 1796     0.00     1013.610        0.000        0.000              1        0.01        0.47    SUINTFLEX@1
 1797     0.00     1013.610        0.000        0.001              1        0.01        0.65    SPNG_MOD:SUSPNG@1
 1798     0.00     1013.610        0.000        0.077              1        0.01       76.83    SUPHY@1
 1799     0.00     1013.610        0.000        0.000              1        0.01        0.04    SUETLDIAG@1
 1800     0.00     1013.610        0.000        0.062              1        0.01       61.50    SUGRIDUA@1
 1801     0.00     1013.610        0.000        0.000              1        0.01        0.01    CPTAVE_MOD:CPTAVE@1
 1802     0.00     1013.610        0.000        0.000              1        0.01        0.01    SRTM_CMBGB27_GPU@1
 1803     0.00     1013.610        0.000        0.000              2        0.00        0.02    SUPERGOM_CLASS:SUPERGOM_FINAL@1
 1804     0.00     1013.610        0.000        0.000              1        0.01        0.01    SUVDFS@1
 1805     0.00     1013.610        0.000        0.001              1        0.01        0.59    GET_SPP_CONF@1
 1806     0.00     1013.610        0.000        0.000              1        0.01        0.01    MF_PHYS_SAVE_PHSURF_PART2_PARALLEL:PART2:GET_DATA@1
 1807     0.00     1013.610        0.000        0.000              1        0.01        0.01    SURRTPK_GPU@1
 1808     0.00     1013.610        0.000        0.000              1        0.01        0.01    SUALTDH@1
 1809     0.00     1013.610        0.000     1012.063              1        0.01  1012063.41    CNT1@1
 1810     0.00     1013.610        0.000        0.000              1        0.01        0.49    SUMETHOX@1
 1811     0.00     1013.610        0.000        0.000              1        0.01        0.01    IOGRID_MOD:DEL_INDSEL@1
 1812     0.00     1013.610        0.000        0.000              1        0.01        0.01    IOSPECA_MOD:IOSPECA_FINISH@1
 1813     0.00     1013.610        0.000        0.000              3        0.00        0.00    GPHPRE_EXPL_VERTFE1@1
 1814     0.00     1013.610        0.000        0.003              1        0.01        2.62    radiation_cloud_optics:setup_cloud_optics_GPU@1
 1815     0.00     1013.610        0.000        0.001              1        0.01        0.58    SUSCM@1
 1816     0.00     1013.610        0.000        0.000              1        0.01        0.01    SUALNUD@1
 1817     0.00     1013.610        0.000        0.000              1        0.01        0.01    ELTRAN@1
 1818     0.00     1013.610        0.000        0.000              2        0.00        0.01    SUPERGOM_CLASS:SUPERGOM_DESTROY@1
 1819     0.00     1013.610        0.000        0.000              2        0.00        0.00    STACK_MIX:GETSTACKUSAGEX@1
 1820     0.00     1013.610        0.000        0.000              1        0.01        0.01    AROINI_CONF@1
 1821     0.00     1013.610        0.000        0.000              1        0.01        0.01    SUSRTAER@1
 1822     0.00     1013.610        0.000        0.112              1        0.01      111.70    IOSPECA_MOD:IOSPECA_SELECTFX@1
 1823     0.00     1013.610        0.000        0.000              1        0.01        0.49    SUNUDGLH@1
 1824     0.00     1013.610        0.000        0.000              1        0.01        0.01    SUOPTPROMA@1
 1825     0.00     1013.610        0.000        0.000              1        0.01        0.01    SULWN@1
 1826     0.00     1013.610        0.000        0.000              3        0.00        0.00    FANDAI_MT@1
 1827     0.00     1013.610        0.000        0.000              3        0.00        0.01    GPHPRE@1
 1828     0.00     1013.610        0.000        0.000              3        0.00        0.00    FADIEX_MT@1
 1829     0.00     1013.610        0.000        0.000              1        0.01        0.01    SUMSC@1
 1830     0.00     1013.610        0.000        0.000              1        0.01        0.45    SUINI@1
 1831     0.00     1013.610        0.000        0.000              1        0.01        0.01    INTDYNSL_MOD:SUINTDYNSL@1
 1832     0.00     1013.610        0.000        0.047              3        0.00       15.53    "lfiouv_alts"@1:lfi_alts.c
 1833     0.00     1013.610        0.000        0.000              1        0.01        0.03    SCORDO@1
 1834     0.00     1013.610        0.000        0.000              1        0.01        0.32    SPGEOM_MOD:SUSMAP@1
 1835     0.00     1013.610        0.000        0.001              1        0.01        0.57    SUVWRK@1
 1836     0.00     1013.610        0.000        0.000              1        0.01        0.01    radiation_config:consolidate_config_GPU@1
 1837     0.00     1013.610        0.000        0.000              1        0.01        0.01    SUSVEG_MOD:SUSVEG@1
 1838     0.00     1013.610        0.000        0.000              1        0.01        0.01    INI_CST@1
 1839     0.00     1013.610        0.000        0.000              1        0.01        0.01    FIELD_CONTAINER_BASE_MOD:GET_ACTIVE_FIELDS@1
 1840     0.00     1013.610        0.000        0.000              1        0.01        0.01    SUVEXCS_MOD:SUVEXCS@1
 1841     0.00     1013.610        0.000        0.000              1        0.01        0.01    SUAPL_ARPEGE@1
 1842     0.00     1013.610        0.000        0.000              1        0.01        0.01    SUWCOU@1
 1843     0.00     1013.610        0.000        0.019              1        0.01       19.26    SPEREE@1
 1844     0.00     1013.610        0.000        0.000              1        0.01        0.04    FACADE_MT@1
 1845     0.00     1013.610        0.000        0.000              1        0.01        0.01    RERESF_PART2@1
 1846     0.00     1013.610        0.000        0.000              1        0.01        0.01    SUJFH@1
 1847     0.00     1013.610        0.000        0.000              2        0.00        0.00    AROINI_BUDGET@1
 1848     0.00     1013.610        0.000        0.000              1        0.01        0.01    SLCSET:SLEXPOLSETUP@1
 1849     0.00     1013.610        0.000        0.062              1        0.01       61.51    SUGRIDU@1
 1850     0.00     1013.610        0.000        0.000             10        0.00        0.00    SEAPRE@1
 1851     0.00     1013.610        0.000        0.000              6        0.00        0.00    FAINOC_MT@1
 1852     0.00     1013.610        0.000        1.017              1        0.01     1016.89    CSTA@1
 1853     0.00     1013.610        0.000        0.000              1        0.01        0.01    RRTM_CMBGB14_GPU@1
 1854     0.00     1013.610        0.000        0.000              2        0.00        0.01    FAIRNO_MT@1
 1855     0.00     1013.610        0.000        0.000              4        0.00        0.00    FALIMU_MT@1
 1856     0.00     1013.610        0.000        0.000              1        0.01        0.01    SUALMDH@1
 1857     0.00     1013.610        0.000        0.000              1        0.01        0.01    MF_PHYS_SAVE_PHSURF_PART1_PARALLEL:PART1:GET_DATA@1
 1858     0.00     1013.610        0.000        0.000              2        0.00        0.00    radiation_spectral_definition:allocate_bands_only_GPU@1
 1859     0.00     1013.610        0.000        0.000             10        0.00        0.00    GFL_SUBS_MOD:SET_GFL_ATTR@1
 1860     0.00     1013.610        0.000        0.000              1        0.00        0.01    class_nvar%auto_finish@1
 1861     0.00     1013.610        0.000        0.000              1        0.00        0.01    ECRADFR@1
 1862     0.00     1013.610        0.000        0.000              1        0.00        0.01    SUSRTCOP@1
 1863     0.00     1013.610        0.000        0.000              1        0.00        0.01    FAGOTE_MT@1
 1864     0.00     1013.610        0.000        0.000              1        0.00        0.01    MODEL_MOD:MODEL_DELETE@1
 1865     0.00     1013.610        0.000        0.000              1        0.00        0.00    BALBAK@1
 1866     0.00     1013.610        0.000        0.000              1        0.00        0.46    YOMGWDIAG:SETUP_GWDIAG@1
 1867     0.00     1013.610        0.000        0.000              1        0.00        0.01    radiation_aerosol_optics_data:set_types_GPU@1
 1868     0.00     1013.610        0.000        0.000              7        0.00        0.00    RECMWF_PARALLEL:2:NULLIFY@1
 1869     0.00     1013.610        0.000        0.000              1        0.00        0.48    SUIAU@1
 1870     0.00     1013.610        0.000        0.000              2        0.00        0.00    DEALLOCATE_IF_ASSOCIATED_MOD:DEALLOCATE_IF_ASSOCIATED_INTEGER_1D@1
 1871     0.00     1013.610        0.000        0.000              1        0.00        0.00    MONVAR@1
 1872     0.00     1013.610        0.000        0.000              1        0.00        0.00    SURRTRF_GPU@1
 1873     0.00     1013.610        0.000        0.000              1        0.00        0.15    MF_PHYS_SAVE_PHSURF_PART2_PARALLEL@1
 1874     0.00     1013.610        0.000        0.001              1        0.00        0.58    SUSATSIM@1
 1875     0.00     1013.610        0.000        0.001              1        0.00        1.50    YOMCSGEOM:DEALLO_TCSGEOM_NB@1
 1876     0.00     1013.610        0.000        0.000             10        0.00        0.00    SUCSLINT@1
 1877     0.00     1013.610        0.000        0.000              1        0.00        0.00    SUSAVTEND@1
 1878     0.00     1013.610        0.000        0.000              1        0.00        0.39    IOGRIDA_MOD:IOGRIDA_COUNT@1
 1879     0.00     1013.610        0.000        0.000              1        0.00        0.00    SURWN_MOD:SURWN@1
 1880     0.00     1013.610        0.000        0.000              1        0.00        0.08    SUECHK@1
 1881     0.00     1013.610        0.000        0.000              3        0.00        0.00    SURF_INQ@1
 1882     0.00     1013.610        0.000        0.000              1        0.00        0.08    SUSPECA_FIXUP@1
 1883     0.00     1013.610        0.000        0.000              1        0.00        0.00    SURRTFTR@1
 1884     0.00     1013.610        0.000        0.000              2        0.00        0.00    GRIB_API:IGRIB_GET_MESSAGE_SIZE@1
 1885     0.00     1013.610        0.000        0.000              1        0.00        0.00    RRTM_CMBGB6_GPU@1
 1886     0.00     1013.610        0.000     1012.028              1        0.00  1012028.14    CNT2@1
 1887     0.00     1013.610        0.000        0.000              1        0.00        0.01    SUSRAD_MOD:SUSRAD@1
 1888     0.00     1013.610        0.000        0.000              9        0.00        0.00    INTDYN_MOD:SUPTR_TXYB@1
 1889     0.00     1013.610        0.000        0.000              1        0.00        0.00    GMV_SUBS_MOD:SETUP_T9@1
 1890     0.00     1013.610        0.000        0.000              1        0.00        0.17    MF_PHYS_SAVE_PHSURF_PART1_PARALLEL@1
 1891     0.00     1013.610        0.000        0.000              1        0.00        0.00    FAAUTO_MT@1
 1892     0.00     1013.610        0.000        0.000              1        0.00        0.47    SUIOS@1
 1893     0.00     1013.610        0.000        0.000              1        0.00        0.01    SUSPECA_MAP_PART2@1
 1894     0.00     1013.610        0.000        0.000              3        0.00        0.00    IOMULTIBUF_MOD:IOMULTIBUF_SIZE_IDX@1
 1895     0.00     1013.610        0.000        0.000              1        0.00        0.00    SUSRTM_GPU@1
 1896     0.00     1013.610        0.000        0.000              4        0.00        0.00    CPTAVE_MOD:AVECLA@1
 1897     0.00     1013.610        0.000        0.000              1        0.00        0.01    YOMCSGEOM:DEALLO_TCSGEOM_B@1
 1898     0.00     1013.610        0.000        0.000              1        0.00        0.00    SRTM_CMBGB23_GPU@1
 1899     0.00     1013.610        0.000        0.000              1        0.00        0.01    IOGRIDUA_MOD:IOGRIDUA_SELECT_WH@1
 1900     0.00     1013.610        0.000        0.000              2        0.00        0.00    FALSIF_MT@1
 1901     0.00     1013.610        0.000        0.000              1        0.00        0.00    FAREGI_MT@1
 1902     0.00     1013.611        0.000        0.000              2        0.00        0.00    DEALLOCATE_IF_ASSOCIATED_MOD:DEALLOCATE_IF_ASSOCIATED_INTEGER_2D@1
 1903     0.00     1013.611        0.000        0.000              6        0.00        0.00    radiation_aerosol_optics_data:set_hydrophobic_type_GPU@1
 1904     0.00     1013.611        0.000        0.000              3        0.00        0.00    "lficas_alts"@1:lfi_alts.c
 1905     0.00     1013.611        0.000        0.000              1        0.00        0.01    SUGRIDUA_MAP_PART2@1
 1906     0.00     1013.611        0.000        0.000              1        0.00        0.02    SUPHLI@1
 1907     0.00     1013.611        0.000        0.000              1        0.00        0.00    FAGIOT_MT@1
 1908     0.00     1013.611        0.000        0.000              3        0.00        0.00    "lfiomg_alts"@1:lfi_alts.c
 1909     0.00     1013.611        0.000        0.000              1        0.00        0.00    FALSIFY_SURF_FLDS@1
 1910     0.00     1013.611        0.000        0.000              1        0.00        0.02    SUALSPA@1
 1911     0.00     1013.611        0.000        0.000              1        0.00        0.00    SPECTRAL_FIELDS_MOD:SETUP_SPEC@1
 1912     0.00     1013.611        0.000        0.000              6        0.00        0.00    INTDYN_MOD:SUPTR_THWIND@1
 1913     0.00     1013.611        0.000        0.000              2        0.00        0.00    YOE_SPECTRAL_PLANCK:FREE_SPECTRAL_PLANCK@1
 1914     0.00     1013.611        0.000        0.000              1        0.00        0.00    SUCOND@1
 1915     0.00     1013.611        0.000        0.000              2        0.00        0.00    "lfinmg_altm"@1:lfi_altm.c
 1916     0.00     1013.611        0.000        0.000              1        0.00        0.00    SUGRIDA_FIX_TOZ@1
 1917     0.00     1013.611        0.000        0.001              1        0.00        0.67    SUFIELD_API@1
 1918     0.00     1013.611        0.000        0.000              2        0.00        0.00    MFIOOPTS_MOD:MFIOOPTS_GETOPTS@1
 1919     0.00     1013.611        0.000        0.001              1        0.00        1.09    EIGSOL@1
 1920     0.00     1013.611        0.000        0.000              1        0.00        0.00    SRTM_CMBGB25_GPU@1
 1921     0.00     1013.611        0.000        0.000              4        0.00        0.00    SUCFU:NEXTYPE1B@1
 1922     0.00     1013.611        0.000        0.000              1        0.00        0.00    INI_SPP@1
 1923     0.00     1013.611        0.000        0.000              2        0.00        0.00    FAVORI_MT@1
 1924     0.00     1013.611        0.000        0.000              1        0.00        0.00    UPDTIER@1
 1925     0.00     1013.611        0.000        0.000              1        0.00        0.00    SUJBALPHACV@1
 1926     0.00     1013.611        0.000        0.000              1        0.00        0.00    SUSPVARIABLES@1
 1927     0.00     1013.611        0.000        0.000              1        0.00        0.00    SUGRIDA_FIXUP:SUGRIDA_FIX_LSM@1
 1928     0.00     1013.611        0.000        0.000              2        0.00        0.00    DEALLOCATE_IF_ALLOCATED_MOD:DEALLOCATE_IF_ALLOCATED_INTEGER_1D@1
 1929     0.00     1013.611        0.000        0.000              2        0.00        0.00    FAVEUR_MT@1
 1930     0.00     1013.611        0.000        0.000              2        0.00        0.00    IOMULTIBUF_MOD:IOMULTIBUF_INIT_IDX@1
 1931     0.00     1013.611        0.000        0.000              1        0.00        0.00    MODULE_RADTC_MIX:SUPTRTC@1
 1932     0.00     1013.611        0.000        0.000              5        0.00        0.00    INTDYN_MOD:SUPTR_TXYBDER@1
 1933     0.00     1013.611        0.000        0.000              3        0.00        0.00    DEALLOCATE_IF_ALLOCATED_MOD:DEALLOCATE_IF_ALLOCATED_REAL32_1D@1
 1934     0.00     1013.611        0.000        0.000              1        0.00        0.00    IOSPECA_MOD:IOSPECA_VSETOFF@1
 1935     0.00     1013.611        0.000        0.000              1        0.00        0.38    IOGRIDA_MOD:IOGRIDA_SELECTDP@1
 1936     0.00     1013.611        0.000        0.000              1        0.00        0.01    IOGRIDUA_MOD:IOGRIDUA_COUNT@1
 1937     0.00     1013.611        0.000        0.000              1        0.00        0.00    SRFROOTFR_MOD:SRFROOTFR@1
 1938     0.00     1013.611        0.000        0.000              1        0.00        0.00    SUGRIDA_FIXUP:SUGRIDA_FIX_SURFANALYSISMASK@1
 1939     0.00     1013.611        0.000        0.000              2        0.00        0.00    INTDYNSL_MOD:SUPTR_TRSCAW@1
 1940     0.00     1013.611        0.000        0.000              1        0.00        0.00    SUSURB_MOD:SUSURB@1
 1941     0.00     1013.611        0.000        0.000              1        0.00        0.00    class_nvar%finish@1
 1942     0.00     1013.611        0.000        0.000              4        0.00        0.00    INTDYN_MOD:SUPTR_TCTY@1
 1943     0.00     1013.611        0.000        0.000              2        0.00        0.00    IOGRIDA_MOD:ROZO@1
 1944     0.00     1013.611        0.000        0.000              1        0.00        0.00    IO_SERV_EXIT@1
 1945     0.00     1013.611        0.000        0.000              1        0.00        0.00    SUTRAJP@1
 1946     0.00     1013.611        0.000        0.000              1        0.00        0.00    SUSTHF_MOD:SUSTHF@1
 1947     0.00     1013.611        0.000        0.000              3        0.00        0.00    GRIDPOINT_FIELDS_MIX:HUGIFY_ENDGRID@1
 1948     0.00     1013.611        0.000        0.000              4        0.00        0.00    INTDYN_MOD:SUPTR_TRCP@1
 1949     0.00     1013.611        0.000        0.000              1        0.00        0.00    MF_PHYS_SAVE_PHSURF_PART2_PARALLEL:PART2:NULLIFY@1
 1950     0.00     1013.611        0.000        0.000              1        0.00        0.00    MF_PHYS_SAVE_PHSURF_PART1_PARALLEL:PART1:NULLIFY@1
 1951     0.00     1013.611        0.000        0.000              1        0.00        0.00    GSTATS_OUTPUT_IFS@1
 1952     0.00     1013.611        0.000        0.000              1        0.00        0.00    SUDEFO_VV1@1
 1953     0.00     1013.611        0.000        0.000              1        0.00        0.00    SU3YOM@1
 1954     0.00     1013.611        0.000        0.000              1        0.00        0.00    SUAERV@1
 1955     0.00     1013.611        0.000        0.000              2        0.00        0.00    SU_CLOP550@1
 1956     0.00     1013.611        0.000        0.000              2        0.00        0.00    FX2T@1
 1957     0.00     1013.611        0.000        0.000              1        0.00        0.00    GMV_SUBS_MOD:SETUP_T1@1
 1958     0.00     1013.611        0.000        0.000              2        0.00        0.00    GMV_SUBS_MOD:SETUP_T0@1
 1959     0.00     1013.611        0.000        0.000              1        0.00        0.00    SUXIOS@1
 1960     0.00     1013.611        0.000        0.000              1        0.00        0.00    YEMLBC_INIT:SUELBC_INIT@1
 1961     0.00     1013.611        0.000        0.000              1        0.00        0.00    MTRAJ_MOD:MTRAJ_DELETE@1
 1962     0.00     1013.611        0.000        0.000              1        0.00        0.00    SUPTRGPPC@1
 1963     0.00     1013.611        0.000        0.000              1        0.00        0.00    FP_SERV_EXIT@1
 1964     0.00     1013.611        0.000        0.000              2        0.00        0.00    INTDYNSL_MOD:SUPTR_TLSCAW@1
 1965     0.00     1013.611        0.000        0.000              1        0.00        0.00    SUAERH@1
 1966     0.00     1013.611        0.000        0.000              1        0.00        0.00    MODEL_MOD:MODEL_UNSET@1
 1967     0.00     1013.611        0.000        0.000              1        0.00        0.00    SU1YOM@1
 1968     0.00     1013.611        0.000        0.000              1        0.00        0.00    SURAYFRIC@1
 1969     0.00     1013.611        0.000        0.000              1        0.00        0.00    INI_TURB@1
 1970     0.00     1013.611        0.000        0.000              1        0.00        0.00    YOMCST:TCST_INIT@1
 1971     0.00     1013.611        0.000        0.000              2        0.00        0.00    "lfinmg_alts"@1:lfi_alts.c
 1972     0.00     1013.611        0.000        0.000              1        0.00        0.00    SUHDIR@1
 1973     0.00     1013.611        0.000        0.000              1        0.00        0.00    MODIFY_WV_CONTINUUM@1
 1974     0.00     1013.611        0.000        0.000              1        0.00        0.00    IOSPECA_MOD:IOSPECA_COUNT@1
 1975     0.00     1013.611        0.000        0.000              1        0.00        0.00    SUSFLAKE_MOD:SUSFLAKE@1
 1976     0.00     1013.611        0.000        0.000              1        0.00        0.00    INTDYN_MOD:SUPTR_TTND@1
 1977     0.00     1013.611        0.000        0.000              1        0.00        0.00    INTDYNSL_MOD:SUPTR_TSCO@1
 1978     0.00     1013.611        0.000        0.000              1        0.00        0.00    INI_CONVPAR0@1
 1979     0.00     1013.611        0.000        0.000              1        0.00        0.00    SUDEFO_TSTEP@1
 1980     0.00     1013.611        0.000        0.000              1        0.00        0.00    SURDI@1
 1981     0.00     1013.611        0.000        0.000              1        0.00        0.00    IOSPECA_MOD:IOSPECA_START@1
 1982     0.00     1013.611        0.000        0.000              1        0.00        0.00    SUIOSTREAM@1
 1983     0.00     1013.611        0.000        0.000              1        0.00        0.00    SUJBECPHYSECV@1
 1984     0.00     1013.611        0.000        0.000              1        0.00        0.00    SUCLD@1
 1985     0.00     1013.611        0.000        0.000              1        0.00        0.00    SUOVLP@1
 1986     0.00     1013.611        0.000        0.000              1        0.00        0.00    SUSCST_MOD:SUSCST@1
 1987     0.00     1013.611        0.000        0.000              1        0.00        0.00    SUVEXC_MOD:SUVEXC@1
 1988     0.00     1013.611        0.000        0.000              1        0.00        0.00    SUCST_IFSAUX@1
 1989     0.00     1013.611        0.000        0.000              1        0.00        0.00    SRTM_CMBGB26_GPU@1
 1990     0.00     1013.611        0.000        0.000              1        0.00        0.00    TYPE_ECV:INITIALIZE_ECVDIM@1
 1991     0.00     1013.611        0.000        0.000              1        0.00        0.00    SU2YOM@1
 1992     0.00     1013.611        0.000        0.000              1        0.00        0.00    INTDYN_MOD:SUPTR_TGMVT@1
 1993     0.00     1013.611        0.000        0.000              1        0.00        0.00    GMV_SUBS_MOD:SETUP_PH9@1
 1994     0.00     1013.611        0.000        0.000              1        0.00        0.00    SUAERL@1
 1995     0.00     1013.611        0.000        0.000              1        0.00        0.00    INTDYN_MOD:SUPTR_TGFLT@1
 1996     0.00     1013.611        0.000        0.000              1        0.00        0.00    LFICOM:NEW_LFI@1
 1997     0.00     1013.611        0.000        0.000              1        0.00        0.00    GMV_SUBS_MOD:SETUP_GP@1
 1998     0.00     1013.611        0.000        0.000              1        0.00        0.00    INTDYNSL_MOD:SUPTR_TCCO@1
 1999     0.00     1013.611        0.000        0.000              1        0.00        0.00    SRTM_KGB26@1
 2000     0.00     1013.611        0.000        0.000              1        0.00        0.00    INI_CONVPAR1@1
