Profiling information for program='/home/gmap/mrpm/marguina/gpupack/pack/49t2_openacc-bench-notransfer.01.INTEL2302.2d/bin/MASTERODB', proc#1:
	No. of instrumented routines called : 1756
	Instrumentation started : 20240717 084330
	Instrumentation   ended : 20240717 085043
	Instrumentation overhead: 0.81%
	Memory usage : 8913 MB (heap), 12516 MB (rss), 938 MB (stack), 152239 MB (vmpeak), 0 (paging)
	Wall-time is 430.12 sec on proc#1 (8 procs, 32 threads)
	Thread#1:      428.99 sec (99.74%) -- Cycles: 973021728173 (973806794145)
	Thread#2:       16.54 sec (3.85%) -- Cycles: 37532135561 (973806800827)
	Thread#3:       16.64 sec (3.87%) -- Cycles: 37758842664 (973806795315)
	Thread#4:       16.69 sec (3.88%) -- Cycles: 37829996321 (973806793560)
	Thread#5:       16.77 sec (3.90%) -- Cycles: 38091720963 (973806804653)
	Thread#6:       16.74 sec (3.89%) -- Cycles: 37989645761 (973806812595)
	Thread#7:       16.93 sec (3.94%) -- Cycles: 38440181794 (973806807915)
	Thread#8:       16.92 sec (3.93%) -- Cycles: 38432359606 (973806803842)
	Thread#9:       17.00 sec (3.95%) -- Cycles: 38580760342 (973806802763)
	Thread#10:       16.92 sec (3.93%) -- Cycles: 38398780477 (973806810998)
	Thread#11:       16.90 sec (3.93%) -- Cycles: 38394380269 (973806804720)
	Thread#12:       16.97 sec (3.95%) -- Cycles: 38539342276 (973806800625)
	Thread#13:       16.92 sec (3.93%) -- Cycles: 38441629521 (973806802830)
	Thread#14:       16.87 sec (3.92%) -- Cycles: 38308332355 (973806813113)
	Thread#15:       16.81 sec (3.91%) -- Cycles: 38181889647 (973806806025)
	Thread#16:       16.78 sec (3.90%) -- Cycles: 38097750800 (973806800512)
	Thread#17:       15.81 sec (3.67%) -- Cycles: 35932362981 (973806814755)
	Thread#18:       15.82 sec (3.68%) -- Cycles: 35920150004 (973806824970)
	Thread#19:       15.79 sec (3.67%) -- Cycles: 35881799484 (973806816127)
	Thread#20:       15.77 sec (3.67%) -- Cycles: 35847524195 (973806812392)
	Thread#21:       15.64 sec (3.64%) -- Cycles: 35570962598 (973806836692)
	Thread#22:       15.62 sec (3.63%) -- Cycles: 35529367055 (973806844410)
	Thread#23:       15.66 sec (3.64%) -- Cycles: 35605403530 (973806837975)
	Thread#24:       15.78 sec (3.67%) -- Cycles: 35885342257 (973806834555)
	Thread#25:       15.69 sec (3.65%) -- Cycles: 35683194594 (973806824093)
	Thread#26:       15.67 sec (3.64%) -- Cycles: 35589513548 (973806833565)
	Thread#27:       15.64 sec (3.64%) -- Cycles: 35516177924 (973806824250)
	Thread#28:       15.65 sec (3.64%) -- Cycles: 35545391812 (973806823530)
	Thread#29:       15.53 sec (3.61%) -- Cycles: 35247401839 (973806832057)
	Thread#30:       15.46 sec (3.59%) -- Cycles: 35079909130 (973806841643)
	Thread#31:       15.44 sec (3.59%) -- Cycles: 35045348113 (973806833835)
	Thread#32:       15.34 sec (3.57%) -- Cycles: 34808441599 (973806829830)

    #  % Time         Cumul         Self        Total     # of calls        Self       Total    Routine@<thread-id>
                                                                             (Size; Size/sec; Size/call; MinSize; MaxSize)
        (self)        (sec)        (sec)        (sec)                    ms/call     ms/call

    1    10.02       43.103       43.103       43.294         638372        0.07        0.07    RANDOM_NUMBERS_MIX:INITIALIZE_RANDOM_NUMBERS@1
    2     8.17       78.253       35.150       74.319          10920        3.22        6.81    radiation_mcica_sw:solver_mcica_sw_CPU@1
    3     5.31      101.079       22.827       23.071         634920        0.04        0.04    LAITRI_VECTOR@1
    4     5.09      122.960       21.881       62.326          10920        2.00        5.71    radiation_mcica_lw:solver_mcica_lw_CPU@1
    5     4.04      140.335       17.375       61.547         698572        0.02        0.09    radiation_cloud_generator:cloud_generator_CPU@1
    6     3.81      156.715       16.380       16.380             37      442.70      442.70    ACVPPKF_PARALLEL:PART3:COMPUTE@1
    7     3.80      173.067       16.352       16.373          57720        0.28        0.28    CONVECT_TRIGGER_SHAL@1
    8     3.15      186.600       13.532       13.611          10920        1.24        1.25    radiation_aerosol_optics:add_aerosol_optics_CPU@1
    9     3.04      199.684       13.085       55.949          10920        1.20        5.12    radiation_ifs_rrtm:gas_optics_rrtm_CPU@1
   10     2.88      212.067       12.383       12.385           3300        3.75        3.75    DELETE_TEMPORARIES@1
   11     2.88      224.436       12.369       12.369             37      334.29      334.29    ACVPPKF_PARALLEL:PART0:COMPUTE@1
   12     2.84      236.632       12.196       12.196             37      329.63      329.63    APL_ARPEGE_INIT_PARALLEL:3:COMPUTE@1
   13     2.47      247.274       10.642       10.642             74      143.81      143.81    SLCOMM3:SLCOMM3_INT@1
   14     2.11      256.369        9.095        9.355         668472        0.01        0.01    radiation_adding_ica_sw:adding_ica_sw_CPU@1
   15     1.56      263.086        6.717        7.855             37      181.54      212.30    LATTEX_PARALLEL:MAIN:COMPUTE@1
   16     1.53      269.669        6.583      359.127             37      177.92     9706.14    CPG_DRV@1
   17     1.47      275.984        6.315        6.865          14506        0.44        0.47    CONVECT_CLOSURE_SHAL@1
   18     1.40      282.023        6.039        6.046          17319        0.35        0.35   *VERINT@1
   19     1.13      286.895        4.873        4.873             37      131.69      131.69    APL_ARPEGE_INIT_PARALLEL:4:COMPUTE@1
   20     0.93      290.880        3.985        3.990          10920        0.36        0.37    radiation_ifs_rrtm:planck_function_atmos_CPU@1
   21     0.92      294.817        3.937       22.996          10920        0.36        2.11    RRTM_GAS_OPTICAL_DEPTH_CPU@1
   22     0.87      298.568        3.751       13.019          10920        0.34        1.19    SRTM_GAS_OPTICAL_DEPTH_CPU@1
   23     0.83      302.139        3.571        3.571             37       96.51       96.52    TRLTOM@1
   24     0.82      305.659        3.519        3.745         668472        0.01        0.01    radiation_adding_ica_lw:calc_fluxes_no_scattering_lw_CPU@1
   25     0.74      308.852        3.194        3.591        1421588        0.00        0.00    CONVECT_CONDENS@1
   26     0.73      311.984        3.131        3.131              7      447.32      447.32    RECMWF_PARALLEL:PREPARE:COMPUTE@1
   27     0.72      315.071        3.088       19.476          57720        0.05        0.34    SHALLOW_CONVECTION_PART1@1
   28     0.71      318.107        3.036       13.678             74       41.02      184.83    SLCOMM3@1
   29     0.68      321.039        2.932        2.932             41       71.51       71.51    TRLTOG@1
   30     0.66      323.872        2.833        2.834             37       76.58       76.58    APL_ARPEGE_INIT_PARALLEL:5:COMPUTE@1
   31     0.64      326.633        2.761        2.843         247197        0.01        0.01   *LAITLI@1
   32     0.62      329.280        2.647        2.651          10920        0.24        0.24    RRTM_TAUMOL3_CPU@1
   33     0.61      331.915        2.635        2.736         349286        0.01        0.01    radiation_lw_derivatives:calc_lw_derivatives_ica_CPU@1
   34     0.59      334.466        2.551        2.573          57720        0.04        0.04    ARP_GROUND_PARAM@1
   35     0.57      336.918        2.452        4.268          57720        0.04        0.07    ACDIFV1@1
   36     0.54      339.254        2.337        2.341          10920        0.21        0.21    RRTM_TAUMOL5_CPU@1
   37     0.50      341.394        2.139        2.224         280161        0.01        0.01    radiation_lw_derivatives:modify_lw_derivatives_ica_CPU@1
   38     0.48      343.438        2.044        2.048          10920        0.19        0.19    ACRALU@1
   39     0.47      345.475        2.038        2.038             37       55.07       55.08    MF_PHYS_INIT_PARALLEL:ZERO:COMPUTE@1
   40     0.46      347.449        1.974        1.978          10920        0.18        0.18    RRTM_TAUMOL9_CPU@1
   41     0.42      349.261        1.812        1.970             72       25.16       27.36    EXCHANGE_MS:EXCHANGE@1
   42     0.42      351.050        1.789        1.794          10920        0.16        0.16    RRTM_TAUMOL4_CPU@1
   43     0.40      352.762        1.712        1.800         288600        0.01        0.01    TRIDIFV1@1
   44     0.38      354.415        1.654        1.658          10920        0.15        0.15    RRTM_TAUMOL7_CPU@1
   45     0.36      355.958        1.543        5.735          14506        0.11        0.40    CONVECT_UPDRAFT_SHAL@1
   46     0.35      357.449        1.492        1.496          10920        0.14        0.14    RRTM_SETCOEF_140GP_CPU@1
   47     0.34      358.929        1.479        1.485          10920        0.14        0.14    radiation_cloud_optics:cloud_optics_CPU@1
   48     0.34      358.929        1.454        1.462          14504        0.10        0.10    VERINT@23
   49     0.34      358.929        1.453        1.461          14504        0.10        0.10    VERINT@19
   50     0.34      358.929        1.451        1.457          14504        0.10        0.10    VERINT@9
   51     0.34      358.929        1.451        1.459          14504        0.10        0.10    VERINT@12
   52     0.34      358.929        1.450        1.456          14504        0.10        0.10    VERINT@16
   53     0.34      358.929        1.449        1.457          14504        0.10        0.10    VERINT@13
   54     0.34      358.929        1.449        1.457          14504        0.10        0.10    VERINT@20
   55     0.34      358.929        1.446        1.454          14504        0.10        0.10    VERINT@24
   56     0.33      358.929        1.433        1.441          14504        0.10        0.10    VERINT@11
   57     0.33      358.929        1.429        1.436          14208        0.10        0.10    VERINT@27
   58     0.33      358.929        1.429        1.438          14504        0.10        0.10    VERINT@21
   59     0.33      358.929        1.428        1.434          14504        0.10        0.10    VERINT@10
   60     0.33      358.929        1.428        1.437          14504        0.10        0.10    VERINT@17
   61     0.33      358.929        1.428        1.436          14504        0.10        0.10    VERINT@7
   62     0.33      358.929        1.428        1.436          14504        0.10        0.10    VERINT@15
   63     0.33      358.929        1.428        1.436          14504        0.10        0.10    VERINT@22
   64     0.33      358.929        1.427        1.436          14504        0.10        0.10    VERINT@14
   65     0.33      358.929        1.427        1.435          14504        0.10        0.10    VERINT@5
   66     0.33      358.929        1.427        1.433          14504        0.10        0.10    VERINT@18
   67     0.33      358.929        1.426        1.434          14504        0.10        0.10    VERINT@8
   68     0.33      358.929        1.424        1.430          14504        0.10        0.10    VERINT@6
   69     0.33      360.352        1.423        1.423             57       24.96       24.97    TRGTOL@1
   70     0.33      360.352        1.419        1.426          14504        0.10        0.10    VERINT@3
   71     0.33      360.352        1.418        1.425          14504        0.10        0.10    VERINT@2
   72     0.33      360.352        1.417        1.423          14504        0.10        0.10    VERINT@4
   73     0.33      360.352        1.403        1.411          14208        0.10        0.10    VERINT@25
   74     0.33      360.352        1.402        1.408          14208        0.10        0.10    VERINT@26
   75     0.33      360.352        1.401        1.407          14208        0.10        0.10    VERINT@28
   76     0.33      360.352        1.400        1.406          14208        0.10        0.10    VERINT@29
   77     0.33      360.352        1.399        1.405          14208        0.10        0.10    VERINT@30
   78     0.32      360.352        1.398        1.403          14208        0.10        0.10    VERINT@31
   79     0.32      361.741        1.389      430.247              1     1389.47   430247.31    CNT4@1
   80     0.32      361.741        1.380        1.386          14208        0.10        0.10    VERINT@32
   81     0.31      363.089        1.348        1.348             37       36.43       36.43    APL_ARPEGE_INIT_PARALLEL:2:COMPUTE@1
   82     0.30      364.398        1.310      211.404          10920        0.12       19.36    RADIATION_SCHEME_CPU@1
   83     0.29      365.643        1.244        1.262          57720        0.02        0.02    ACDAYD@1
   84     0.28      366.858        1.215        1.235          57720        0.02        0.02    ACDIFV2@1
   85     0.26      367.997        1.139        1.144          10920        0.10        0.10    RRTM_TAUMOL1_CPU@1
   86     0.26      369.113        1.116        1.121          10920        0.10        0.10    SRTM_TAUMOL17_CPU@1
   87     0.25      370.198        1.085        1.089          10920        0.10        0.10    SRTM_TAUMOL21_CPU@1
   88     0.25      371.281        1.083        1.138         173160        0.01        0.01    LATTEX_DNT@1
   89     0.24      372.335        1.053        1.058          10920        0.10        0.10    RRTM_TAUMOL8_CPU@1
   90     0.23      373.333        0.998        1.002          10920        0.09        0.09    RRTM_TAUMOL12_CPU@1
   91     0.22      374.291        0.958        0.960           1813        0.53        0.53   *CPG_SL1B_TYPE_SHUFFLE_PB1@20
   92     0.22      374.291        0.958        0.960           1813        0.53        0.53    CPG_SL1B_TYPE_SHUFFLE_PB1@17
   93     0.22      374.291        0.957        0.959           1813        0.53        0.53    CPG_SL1B_TYPE_SHUFFLE_PB1@19
   94     0.22      374.291        0.957        0.959           1813        0.53        0.53    CPG_SL1B_TYPE_SHUFFLE_PB1@18
   95     0.22      374.291        0.953        0.955           1813        0.53        0.53    CPG_SL1B_TYPE_SHUFFLE_PB1@12
   96     0.22      374.291        0.953        0.955           1813        0.53        0.53    CPG_SL1B_TYPE_SHUFFLE_PB1@11
   97     0.22      374.291        0.953        0.955           1813        0.53        0.53    CPG_SL1B_TYPE_SHUFFLE_PB1@9
   98     0.22      374.291        0.953        0.955           1813        0.53        0.53    CPG_SL1B_TYPE_SHUFFLE_PB1@10
   99     0.22      374.291        0.948        0.950           1813        0.52        0.52    CPG_SL1B_TYPE_SHUFFLE_PB1@16
  100     0.22      374.291        0.948        0.950           1813        0.52        0.52    CPG_SL1B_TYPE_SHUFFLE_PB1@8
  101     0.22      374.291        0.948        0.950           1813        0.52        0.52    CPG_SL1B_TYPE_SHUFFLE_PB1@24
  102     0.22      374.291        0.947        0.949           1776        0.53        0.53    CPG_SL1B_TYPE_SHUFFLE_PB1@29
  103     0.22      374.291        0.947        0.949           1776        0.53        0.53    CPG_SL1B_TYPE_SHUFFLE_PB1@30
  104     0.22      374.291        0.947        0.949           1813        0.52        0.52    CPG_SL1B_TYPE_SHUFFLE_PB1@23
  105     0.22      374.291        0.947        0.948           1776        0.53        0.53    CPG_SL1B_TYPE_SHUFFLE_PB1@31
  106     0.22      374.291        0.946        0.948           1813        0.52        0.52    CPG_SL1B_TYPE_SHUFFLE_PB1@7
  107     0.22      374.291        0.946        0.948           1813        0.52        0.52    CPG_SL1B_TYPE_SHUFFLE_PB1@1
  108     0.22      374.291        0.946        0.948           1813        0.52        0.52    CPG_SL1B_TYPE_SHUFFLE_PB1@21
  109     0.22      374.291        0.946        0.948           1813        0.52        0.52    CPG_SL1B_TYPE_SHUFFLE_PB1@5
  110     0.22      374.291        0.946        0.948           1813        0.52        0.52    CPG_SL1B_TYPE_SHUFFLE_PB1@22
  111     0.22      374.291        0.945        0.947           1776        0.53        0.53    CPG_SL1B_TYPE_SHUFFLE_PB1@32
  112     0.22      374.291        0.945        0.947           1813        0.52        0.52    CPG_SL1B_TYPE_SHUFFLE_PB1@6
  113     0.22      374.291        0.945        0.947           1813        0.52        0.52    CPG_SL1B_TYPE_SHUFFLE_PB1@4
  114     0.22      374.291        0.944        0.946           1813        0.52        0.52    CPG_SL1B_TYPE_SHUFFLE_PB1@13
  115     0.22      374.291        0.944        0.946           1813        0.52        0.52    CPG_SL1B_TYPE_SHUFFLE_PB1@15
  116     0.22      374.291        0.944        0.946           1776        0.53        0.53    CPG_SL1B_TYPE_SHUFFLE_PB1@28
  117     0.22      374.291        0.943        0.945           1813        0.52        0.52    CPG_SL1B_TYPE_SHUFFLE_PB1@3
  118     0.22      374.291        0.943        0.945           1813        0.52        0.52    CPG_SL1B_TYPE_SHUFFLE_PB1@2
  119     0.22      374.291        0.943        0.945           1813        0.52        0.52    CPG_SL1B_TYPE_SHUFFLE_PB1@14
  120     0.22      374.291        0.943        0.945           1776        0.53        0.53    CPG_SL1B_TYPE_SHUFFLE_PB1@27
  121     0.22      374.291        0.942        0.944           1776        0.53        0.53    CPG_SL1B_TYPE_SHUFFLE_PB1@25
  122     0.22      374.291        0.941        0.944           1776        0.53        0.53    CPG_SL1B_TYPE_SHUFFLE_PB1@26
  123     0.22      375.227        0.937        0.941          10920        0.09        0.09    RRTM_TAUMOL13_CPU@1
  124     0.22      376.159        0.932        1.626           7252        0.13        0.22   *LASCAW@4
  125     0.22      376.159        0.932        1.643           7252        0.13        0.23    LASCAW@12
  126     0.22      376.159        0.931        1.629           7252        0.13        0.22    LASCAW@7
  127     0.21      377.084        0.925        0.929          10920        0.08        0.09    RRTM_TAUMOL2_CPU@1
  128     0.21      377.084        0.923        1.632           7252        0.13        0.23    LASCAW@1
  129     0.21      377.084        0.923        1.618           7252        0.13        0.22    LASCAW@6
  130     0.21      377.084        0.919        1.611           7252        0.13        0.22    LASCAW@2
  131     0.21      378.003        0.919        0.921           1813        0.51        0.51   *CPTEND_NEW@12
  132     0.21      378.003        0.915        1.621           7252        0.13        0.22    LASCAW@5
  133     0.21      378.003        0.914        1.615           7252        0.13        0.22    LASCAW@10
  134     0.21      378.003        0.914        0.916           1813        0.50        0.51    CPTEND_NEW@9
  135     0.21      378.003        0.914        1.609           7252        0.13        0.22    LASCAW@15
  136     0.21      378.003        0.913        1.628           7252        0.13        0.22    LASCAW@9
  137     0.21      378.003        0.912        0.913           1813        0.50        0.50    CPTEND_NEW@10
  138     0.21      378.003        0.908        0.910           1813        0.50        0.50    CPTEND_NEW@13
  139     0.21      378.003        0.906        1.603           7252        0.12        0.22    LASCAW@3
  140     0.21      378.003        0.906        0.908           1813        0.50        0.50    CPTEND_NEW@16
  141     0.21      378.003        0.906        0.908           1813        0.50        0.50    CPTEND_NEW@11
  142     0.21      378.003        0.905        1.600           7252        0.12        0.22    LASCAW@14
  143     0.21      378.003        0.905        1.570           7252        0.12        0.22    LASCAW@18
  144     0.21      378.003        0.903        0.905           1813        0.50        0.50    CPTEND_NEW@8
  145     0.21      378.003        0.902        1.613           7252        0.12        0.22    LASCAW@11
  146     0.21      378.003        0.902        1.616           7252        0.12        0.22    LASCAW@8
  147     0.21      378.003        0.899        1.603           7252        0.12        0.22    LASCAW@13
  148     0.21      378.003        0.899        0.901           1813        0.50        0.50    CPTEND_NEW@5
  149     0.21      378.003        0.896        0.898           1813        0.49        0.50    CPTEND_NEW@17
  150     0.21      378.003        0.896        1.581           7252        0.12        0.22    LASCAW@17
  151     0.21      378.003        0.895        0.896           1776        0.50        0.50    CPTEND_NEW@27
  152     0.21      378.003        0.894        0.896           1813        0.49        0.49    CPTEND_NEW@20
  153     0.21      378.003        0.894        0.895           1776        0.50        0.50    CPTEND_NEW@28
  154     0.21      378.003        0.893        1.573           7252        0.12        0.22    LASCAW@19
  155     0.21      378.003        0.892        0.894           1776        0.50        0.50    CPTEND_NEW@32
  156     0.21      378.003        0.892        0.894           1813        0.49        0.49    CPTEND_NEW@6
  157     0.21      378.003        0.892        0.894           1813        0.49        0.49    CPTEND_NEW@4
  158     0.21      378.003        0.892        1.555           7104        0.13        0.22    LASCAW@31
  159     0.21      378.003        0.891        1.556           7104        0.13        0.22    LASCAW@30
  160     0.21      378.003        0.890        0.892           1813        0.49        0.49    CPTEND_NEW@14
  161     0.21      378.003        0.889        0.891           1776        0.50        0.50    CPTEND_NEW@29
  162     0.21      378.003        0.889        0.891           1776        0.50        0.50    CPTEND_NEW@25
  163     0.21      378.003        0.889        0.891           1813        0.49        0.49    CPTEND_NEW@24
  164     0.21      378.003        0.888        0.890           1813        0.49        0.49    CPTEND_NEW@21
  165     0.21      378.003        0.888        0.890           1813        0.49        0.49    CPTEND_NEW@7
  166     0.21      378.003        0.888        0.890           1813        0.49        0.49    CPTEND_NEW@15
  167     0.21      378.003        0.888        0.889           1813        0.49        0.49    CPTEND_NEW@3
  168     0.21      378.003        0.887        1.589           7252        0.12        0.22    LASCAW@16
  169     0.21      378.003        0.886        0.888           1776        0.50        0.50    CPTEND_NEW@26
  170     0.21      378.889        0.886        0.890          10920        0.08        0.08    SRTM_TAUMOL24_CPU@1
  171     0.21      378.889        0.885        0.887           1813        0.49        0.49    CPTEND_NEW@18
  172     0.21      378.889        0.885        1.562           7104        0.12        0.22    LASCAW@29
  173     0.21      378.889        0.884        1.550           7104        0.12        0.22    LASCAW@26
  174     0.21      378.889        0.884        0.885           1776        0.50        0.50    CPTEND_NEW@31
  175     0.21      378.889        0.882        0.883           1813        0.49        0.49    CPTEND_NEW@1
  176     0.21      378.889        0.882        1.555           7104        0.12        0.22    LASCAW@27
  177     0.20      378.889        0.881        0.883           1813        0.49        0.49    CPTEND_NEW@2
  178     0.20      378.889        0.880        0.882           1813        0.49        0.49    CPTEND_NEW@19
  179     0.20      378.889        0.879        0.880           1776        0.49        0.50    CPTEND_NEW@30
  180     0.20      378.889        0.879        1.557           7104        0.12        0.22    LASCAW@32
  181     0.20      378.889        0.878        1.540           7252        0.12        0.21    LASCAW@23
  182     0.20      378.889        0.877        1.546           7252        0.12        0.21    LASCAW@22
  183     0.20      378.889        0.877        1.552           7252        0.12        0.21    LASCAW@21
  184     0.20      378.889        0.876        1.547           7252        0.12        0.21    LASCAW@24
  185     0.20      378.889        0.872        1.551           7104        0.12        0.22    LASCAW@28
  186     0.20      378.889        0.872        0.874           1813        0.48        0.48    CPTEND_NEW@22
  187     0.20      378.889        0.872        0.874           1813        0.48        0.48    CPTEND_NEW@23
  188     0.20      378.889        0.871        1.560           7252        0.12        0.22    LASCAW@20
  189     0.20      379.759        0.870        0.890          57720        0.02        0.02    LAIDDI@1
  190     0.20      379.759        0.861        1.548           7104        0.12        0.22    LASCAW@25
  191     0.19      380.590        0.830        0.834          10920        0.08        0.08    SRTM_TAUMOL20_CPU@1
  192     0.19      381.400        0.811        0.815          10920        0.07        0.07    RRTM_TAUMOL11_CPU@1
  193     0.19      382.197        0.796        0.797             41       19.42       19.43    TRMTOL@1
  194     0.18      382.964        0.767        0.771          10920        0.07        0.07    SRTM_TAUMOL18_CPU@1
  195     0.18      383.731        0.767        0.771          10920        0.07        0.07    SRTM_TAUMOL19_CPU@1
  196     0.17      384.463        0.732        1.531             37       19.80       41.38    LARMES_PARALLEL:LARMES:COMPUTE@1
  197     0.16      385.164        0.701        0.705          10920        0.06        0.06    RRTM_TAUMOL6_CPU@1
  198     0.16      385.849        0.685        0.689          10920        0.06        0.06    SRTM_SETCOEF_CPU@1
  199     0.16      386.528        0.679        0.683          10920        0.06        0.06    SRTM_TAUMOL23_CPU@1
  200     0.16      387.203        0.675        0.679          10920        0.06        0.06    SRTM_TAUMOL29_CPU@1
  201     0.15      387.858        0.655        0.659          10920        0.06        0.06    RRTM_TAUMOL10_CPU@1
  202     0.15      388.495        0.637        5.709             41       15.54      139.25    INV_TRANS@1
  203     0.14      389.117        0.621        0.626          10920        0.06        0.06    SRTM_TAUMOL16_CPU@1
  204     0.14      389.734        0.618        0.621          10920        0.06        0.06    RRTM_TAUMOL15_CPU@1
  205     0.14      390.350        0.616        0.620          10920        0.06        0.06    SRTM_TAUMOL28_CPU@1
  206     0.14      390.936        0.586        0.590          10920        0.05        0.05    RRTM_PREPARE_GASES_CPU@1
  207     0.13      391.477        0.542        1.425             37       14.64       38.51    APL_ARPEGE_ATMOSPHERE_UPDATE_PARALLEL:CPTEND_NEW:COMPUTE@1
  208     0.12      392.002        0.524       23.773         634920        0.00        0.04    LAITRI@1
  209     0.12      392.522        0.521        0.522           1813        0.29        0.29   *ACTURB@1
  210     0.12      392.522        0.519        0.520           1813        0.29        0.29    ACTURB@7
  211     0.12      392.522        0.518        0.519           1813        0.29        0.29    ACTURB@10
  212     0.12      392.522        0.516        0.518           1813        0.28        0.29    ACTURB@9
  213     0.12      392.522        0.516        0.517           1813        0.28        0.29    ACTURB@13
  214     0.12      392.522        0.516        0.517           1813        0.28        0.29    ACTURB@12
  215     0.12      392.522        0.515        0.516           1813        0.28        0.28    ACTURB@5
  216     0.12      392.522        0.515        0.516           1813        0.28        0.28    ACTURB@8
  217     0.12      392.522        0.514        0.515           1813        0.28        0.28    ACTURB@16
  218     0.12      392.522        0.514        0.516           1813        0.28        0.28    ACTURB@14
  219     0.12      392.522        0.514        0.516           1813        0.28        0.28    ACTURB@15
  220     0.12      392.522        0.514        0.515           1813        0.28        0.28    ACTURB@3
  221     0.12      392.522        0.514        0.515           1813        0.28        0.28    ACTURB@6
  222     0.12      392.522        0.514        0.515           1813        0.28        0.28    ACTURB@11
  223     0.12      392.522        0.514        0.515           1813        0.28        0.28    ACTURB@4
  224     0.12      393.035        0.513        0.515           1813        0.28        0.28   *ADVPRCS@15
  225     0.12      393.035        0.513        0.514           1813        0.28        0.28    ADVPRCS@8
  226     0.12      393.035        0.512        0.514           1813        0.28        0.28    ADVPRCS@11
  227     0.12      393.035        0.512        0.514           1813        0.28        0.28    ADVPRCS@9
  228     0.12      393.035        0.512        0.514           1813        0.28        0.28    ADVPRCS@12
  229     0.12      393.035        0.512        0.513           1813        0.28        0.28    ACTURB@2
  230     0.12      393.035        0.511        0.513           1813        0.28        0.28    ADVPRCS@6
  231     0.12      393.035        0.511        0.513           1813        0.28        0.28    ADVPRCS@14
  232     0.12      393.035        0.511        0.512           1813        0.28        0.28    ADVPRCS@10
  233     0.12      393.035        0.511        0.512           1813        0.28        0.28    ADVPRCS@7
  234     0.12      393.546        0.511        0.511            241        2.12        2.12   *FFT992@1
  235     0.12      393.546        0.510        0.512           1813        0.28        0.28    ADVPRCS@5
  236     0.12      393.546        0.510        0.511           1813        0.28        0.28    ADVPRCS@13
  237     0.12      393.546        0.508        0.510           1813        0.28        0.28    ADVPRCS@16
  238     0.12      394.052        0.506        0.507             37       13.68       13.69    CPG_SL1B_TYPE_SET_HOST_PARALLEL@1
  239     0.12      394.052        0.506        0.507           1813        0.28        0.28    ADVPRCS@2
  240     0.12      394.052        0.505        0.507           1813        0.28        0.28    ADVPRCS@23
  241     0.12      394.052        0.505        0.507           1813        0.28        0.28    ADVPRCS@17
  242     0.12      394.052        0.505        0.506           1813        0.28        0.28    ADVPRCS@18
  243     0.12      394.557        0.505        0.508          10920        0.05        0.05    RRTM_TAUMOL16_CPU@1
  244     0.12      394.557        0.504        0.505           1813        0.28        0.28    ADVPRCS@4
  245     0.12      394.557        0.504        0.505           1813        0.28        0.28    ADVPRCS@20
  246     0.12      394.557        0.504        0.505           1813        0.28        0.28    ADVPRCS@3
  247     0.12      394.557        0.503        0.504           1813        0.28        0.28    ADVPRCS@19
  248     0.12      394.557        0.502        0.504           1813        0.28        0.28    ADVPRCS@22
  249     0.12      394.557        0.498        0.499           1813        0.27        0.28    ADVPRCS@1
  250     0.12      394.557        0.495        0.497           1813        0.27        0.27    ADVPRCS@24
  251     0.12      394.557        0.495        0.497           1813        0.27        0.27    ADVPRCS@21
  252     0.11      394.557        0.493        0.494           1776        0.28        0.28    ADVPRCS@26
  253     0.11      394.557        0.493        0.494           1776        0.28        0.28    ADVPRCS@28
  254     0.11      394.557        0.493        0.494           1776        0.28        0.28    ADVPRCS@30
  255     0.11      394.557        0.492        0.493           1776        0.28        0.28    ADVPRCS@29
  256     0.11      394.557        0.492        0.493           1776        0.28        0.28    ADVPRCS@25
  257     0.11      394.557        0.491        0.493           1776        0.28        0.28    ADVPRCS@31
  258     0.11      394.557        0.488        0.489           1776        0.27        0.28    ADVPRCS@27
  259     0.11      394.557        0.486        0.487           1776        0.27        0.27    ADVPRCS@32
  260     0.11      395.041        0.484        0.679         698572        0.00        0.00    radiation_cloud_cover:cum_cloud_cover_exp_ran_CPU@1
  261     0.11      395.041        0.477        0.479           1813        0.26        0.26    ACTURB@20
  262     0.11      395.041        0.477        0.479           1813        0.26        0.26    ACTURB@22
  263     0.11      395.041        0.475        0.477           1813        0.26        0.26    ACTURB@17
  264     0.11      395.041        0.475        0.476           1813        0.26        0.26    ACTURB@18
  265     0.11      395.041        0.475        0.476           1813        0.26        0.26    ACTURB@23
  266     0.11      395.041        0.474        0.476           1813        0.26        0.26    ACTURB@21
  267     0.11      395.041        0.474        0.475           1813        0.26        0.26    ACTURB@24
  268     0.11      395.041        0.474        0.475           1813        0.26        0.26    ACTURB@19
  269     0.11      395.514        0.473        0.474           3626        0.13        0.13   *ACNEBSM@1
  270     0.11      395.985        0.471        0.475          10920        0.04        0.04    radiation_flux:calc_surface_spectral_CPU@1
  271     0.11      395.985        0.471        0.472           1776        0.27        0.27    ACTURB@28
  272     0.11      395.985        0.470        0.471            231        2.04        2.04    FFT992@4
  273     0.11      395.985        0.470        0.472           3626        0.13        0.13    ACNEBSM@16
  274     0.11      395.985        0.470        0.471           1776        0.26        0.27    ACTURB@27
  275     0.11      395.985        0.469        0.470           1776        0.26        0.26    ACTURB@29
  276     0.11      396.453        0.468       13.072          14506        0.03        0.90    SHALLOW_CONVECTION_PART2@1
  277     0.11      396.453        0.468        0.471           3626        0.13        0.13    ACNEBSM@12
  278     0.11      396.453        0.468        0.470           3626        0.13        0.13    ACNEBSM@10
  279     0.11      396.453        0.467        0.468           1776        0.26        0.26    ACTURB@30
  280     0.11      396.453        0.467        0.469           3626        0.13        0.13    ACNEBSM@11
  281     0.11      396.453        0.467        0.469           3626        0.13        0.13    ACNEBSM@13
  282     0.11      396.453        0.467        0.469           3626        0.13        0.13    ACNEBSM@15
  283     0.11      396.453        0.466        0.468           1776        0.26        0.26    ACTURB@26
  284     0.11      396.453        0.466        0.469           3626        0.13        0.13    ACNEBSM@14
  285     0.11      396.453        0.466        0.468           3626        0.13        0.13    ACNEBSM@9
  286     0.11      396.453        0.466        0.467           1776        0.26        0.26    ACTURB@31
  287     0.11      396.453        0.466        0.468           1776        0.26        0.26    ACTURB@25
  288     0.11      396.453        0.465        0.468           3626        0.13        0.13    ACNEBSM@8
  289     0.11      396.453        0.465        0.467           3626        0.13        0.13    ACNEBSM@7
  290     0.11      396.453        0.464        0.466           3626        0.13        0.13    ACNEBSM@6
  291     0.11      396.453        0.464        0.466           3626        0.13        0.13    ACNEBSM@5
  292     0.11      396.453        0.464        0.465           1776        0.26        0.26    ACTURB@32
  293     0.11      396.913        0.460        0.464           9065        0.05        0.05   *LARCHE@3
  294     0.11      396.913        0.459        0.464           9065        0.05        0.05    LARCHE@7
  295     0.11      396.913        0.459        0.463           9065        0.05        0.05    LARCHE@10
  296     0.11      396.913        0.459        0.464           9065        0.05        0.05    LARCHE@5
  297     0.11      396.913        0.458        0.460           3626        0.13        0.13    ACNEBSM@4
  298     0.11      396.913        0.457        0.463           9065        0.05        0.05    LARCHE@11
  299     0.11      396.913        0.456        0.459           9065        0.05        0.05    LARCHE@4
  300     0.11      396.913        0.455        0.458           3626        0.13        0.13    ACNEBSM@3
  301     0.11      396.913        0.455        0.457           3626        0.13        0.13    ACNEBSM@2
  302     0.11      396.913        0.455        0.460           9065        0.05        0.05    LARCHE@12
  303     0.11      396.913        0.455        0.455            242        1.88        1.88    FFT992@3
  304     0.11      396.913        0.454        0.459           9065        0.05        0.05    LARCHE@14
  305     0.11      396.913        0.454        0.458           9065        0.05        0.05    LARCHE@9
  306     0.11      396.913        0.453        0.457           9065        0.05        0.05    LARCHE@6
  307     0.11      396.913        0.453        0.457           9065        0.05        0.05    LARCHE@16
  308     0.11      396.913        0.452        0.457           9065        0.05        0.05    LARCHE@15
  309     0.10      396.913        0.450        0.451            243        1.85        1.85    FFT992@5
  310     0.10      396.913        0.450        0.455           9065        0.05        0.05    LARCHE@13
  311     0.10      397.363        0.450        0.450            116        3.88        3.88   *LEINV_DGEMM_1@7
  312     0.10      397.363        0.449        0.453           9065        0.05        0.05    LARCHE@2
  313     0.10      397.363        0.449        0.454           9065        0.05        0.05    LARCHE@8
  314     0.10      397.812        0.449        0.452          10920        0.04        0.04    SRTM_TAUMOL27_CPU@1
  315     0.10      397.812        0.448        0.448            253        1.77        1.77    FFT992@6
  316     0.10      397.812        0.448        0.448            533        0.84        0.84    FFT992@24
  317     0.10      397.812        0.447        0.452           9065        0.05        0.05    LARCHE@23
  318     0.10      397.812        0.446        0.446            117        3.81        3.81    LEINV_DGEMM_1@8
  319     0.10      397.812        0.445        0.445            513        0.87        0.87    FFT992@23
  320     0.10      397.812        0.444        0.449           9065        0.05        0.05    LARCHE@17
  321     0.10      397.812        0.443        0.449           9065        0.05        0.05    LARCHE@22
  322     0.10      397.812        0.443        0.448           9065        0.05        0.05    LARCHE@24
  323     0.10      397.812        0.442        0.446           8880        0.05        0.05    LARCHE@31
  324     0.10      397.812        0.441        0.445           9065        0.05        0.05    LARCHE@1
  325     0.10      397.812        0.440        0.444           8880        0.05        0.05    LARCHE@30
  326     0.10      398.252        0.440        1.173            195        2.25        6.02   *LTINV_MOD@18
  327     0.10      398.252        0.440        0.440            267        1.65        1.65    FFT992@7
  328     0.10      398.252        0.439        0.444           9065        0.05        0.05    LARCHE@19
  329     0.10      398.252        0.439        0.444           9065        0.05        0.05    LARCHE@18
  330     0.10      398.252        0.439        0.444           9065        0.05        0.05    LARCHE@20
  331     0.10      398.252        0.439        0.440            630        0.70        0.70    FFT992@32
  332     0.10      398.252        0.438        0.443           8880        0.05        0.05    LARCHE@25
  333     0.10      398.252        0.436        0.442           9065        0.05        0.05    LARCHE@21
  334     0.10      398.252        0.435        0.439           8880        0.05        0.05    LARCHE@27
  335     0.10      398.252        0.434        0.438           8880        0.05        0.05    LARCHE@32
  336     0.10      398.252        0.433        0.438           8880        0.05        0.05    LARCHE@26
  337     0.10      398.252        0.433        0.434            317        1.37        1.37    FFT992@12
  338     0.10      398.252        0.432        0.436           8880        0.05        0.05    LARCHE@28
  339     0.10      398.252        0.431        0.432            238        1.81        1.82    FFT992@2
  340     0.10      398.683        0.431        0.435          10920        0.04        0.04    RADOZCMF@1
  341     0.10      398.683        0.431        0.431            233        1.85        1.85    LEINV_DGEMM_1@32
  342     0.10      398.683        0.430        0.430            479        0.90        0.90    FFT992@21
  343     0.10      399.112        0.429        6.108             37       11.60      165.07    DIR_TRANS@1
  344     0.10      399.112        0.429        0.433           8880        0.05        0.05    LARCHE@29
  345     0.10      399.540        0.428        0.446          58024        0.01        0.01    CONVECT_CLOSURE_THRVLCL@1
  346     0.10      399.540        0.428        0.430           3626        0.12        0.12    ACNEBSM@22
  347     0.10      399.540        0.427        0.430           3626        0.12        0.12    ACNEBSM@19
  348     0.10      399.540        0.427        0.429           3626        0.12        0.12    ACNEBSM@18
  349     0.10      399.540        0.425        0.428           3626        0.12        0.12    ACNEBSM@20
  350     0.10      399.540        0.425        0.428           3626        0.12        0.12    ACNEBSM@17
  351     0.10      399.540        0.425        0.425            234        1.82        1.82    LEINV_DGEMM_1@31
  352     0.10      399.540        0.425        0.426            503        0.84        0.85    FFT992@22
  353     0.10      399.540        0.425        0.425             78        5.44        5.45    LEINV_DGEMM_1@3
  354     0.10      399.965        0.424       31.448             37       11.47      849.94    LAPINEB_DRV@1
  355     0.10      400.388        0.424        0.425             39       10.86       10.89    COMMSPNORM@1
  356     0.10      400.388        0.423        0.423            277        1.53        1.53    FFT992@8
  357     0.10      400.388        0.423        0.426           3626        0.12        0.12    ACNEBSM@24
  358     0.10      400.388        0.422        0.423            597        0.71        0.71    FFT992@28
  359     0.10      400.388        0.422        0.424           3626        0.12        0.12    ACNEBSM@23
  360     0.10      400.388        0.422        1.166            233        1.81        5.01    LTINV_MOD@26
  361     0.10      400.388        0.421        0.421            235        1.79        1.79    LEINV_DGEMM_1@30
  362     0.10      400.388        0.420        0.421             78        5.39        5.39    LEINV_DGEMM_1@4
  363     0.10      400.388        0.420        0.423           3626        0.12        0.12    ACNEBSM@21
  364     0.10      400.388        0.419        0.420            618        0.68        0.68    FFT992@31
  365     0.10      400.388        0.419        0.421           3552        0.12        0.12    ACNEBSM@28
  366     0.10      400.388        0.419        0.420           3552        0.12        0.12    ACNEBSM@30
  367     0.10      400.388        0.419        0.421           3552        0.12        0.12    ACNEBSM@26
  368     0.10      400.388        0.418        0.422           3552        0.12        0.12    ACNEBSM@25
  369     0.10      400.388        0.418        0.420           3552        0.12        0.12    ACNEBSM@29
  370     0.10      400.388        0.418        0.420           3552        0.12        0.12    ACNEBSM@31
  371     0.10      400.388        0.417        0.417             78        5.35        5.35    LEINV_DGEMM_1@2
  372     0.10      400.388        0.417        0.417            556        0.75        0.75    FFT992@26
  373     0.10      400.388        0.417        0.418           3552        0.12        0.12    ACNEBSM@32
  374     0.10      400.388        0.416        0.418           3552        0.12        0.12    ACNEBSM@27
  375     0.10      400.388        0.414        0.415            485        0.85        0.86    FFT992@20
  376     0.10      400.388        0.414        1.176            234        1.77        5.03    LTINV_MOD@25
  377     0.10      400.802        0.413        0.413              1      413.28      413.28    SETUP_TRANS@1
  378     0.10      401.215        0.413        0.415           3626        0.11        0.11   *LASCAW_CLO@9
  379     0.10      401.215        0.412        0.413            535        0.77        0.77    FFT992@25
  380     0.10      401.215        0.412        0.414           3626        0.11        0.11    LASCAW_CLO@1
  381     0.10      401.215        0.412        0.415           3626        0.11        0.11    LASCAW_CLO@8
  382     0.10      401.215        0.411        0.412            314        1.31        1.31    FFT992@11
  383     0.10      401.215        0.410        0.412           3626        0.11        0.11    LASCAW_CLO@11
  384     0.10      401.215        0.410        0.410            233        1.76        1.76    LEINV_DGEMM_1@29
  385     0.10      401.215        0.410        0.412           3626        0.11        0.11    LASCAW_CLO@12
  386     0.10      401.624        0.409        0.409             37       11.06       11.06    MF_PHYS_PREP_PARALLEL:PREP:COMPUTE@1
  387     0.09      401.624        0.409        1.127            191        2.14        5.90    LTINV_MOD@17
  388     0.09      401.624        0.407        0.408            116        3.51        3.51    LEINV_DGEMM_1@9
  389     0.09      401.624        0.407        0.408            586        0.69        0.70    FFT992@29
  390     0.09      401.624        0.407        0.409           3626        0.11        0.11    LASCAW_CLO@5
  391     0.09      401.624        0.405        0.408           3626        0.11        0.11    LASCAW_CLO@13
  392     0.09      401.624        0.405        0.407           3626        0.11        0.11    LASCAW_CLO@10
  393     0.09      401.624        0.404        0.404            234        1.73        1.73    LEINV_DGEMM_1@25
  394     0.09      401.624        0.404        0.406           3626        0.11        0.11    LASCAW_CLO@16
  395     0.09      401.624        0.403        0.404            482        0.84        0.84    FFT992@18
  396     0.09      401.624        0.402        0.402            195        2.06        2.06    LEINV_DGEMM_1@18
  397     0.09      401.624        0.401        0.404           3626        0.11        0.11    LASCAW_CLO@7
  398     0.09      401.624        0.401        0.402            600        0.67        0.67    FFT992@30
  399     0.09      401.624        0.401        0.403           3626        0.11        0.11    LASCAW_CLO@4
  400     0.09      401.624        0.401        0.403           3626        0.11        0.11    LASCAW_CLO@3
  401     0.09      401.624        0.401        0.401            306        1.31        1.31    FFT992@10
  402     0.09      401.624        0.401        0.403           3626        0.11        0.11    LASCAW_CLO@6
  403     0.09      401.624        0.400        0.403           3626        0.11        0.11    LASCAW_CLO@14
  404     0.09      401.624        0.400        0.402           3626        0.11        0.11    LASCAW_CLO@15
  405     0.09      402.023        0.399        0.597         710794        0.00        0.00    CONVECT_MIXING_FUNCT@1
  406     0.09      402.023        0.399        0.401           3626        0.11        0.11    LASCAW_CLO@2
  407     0.09      402.023        0.399        0.399            117        3.41        3.41    LEINV_DGEMM_1@10
  408     0.09      402.023        0.398        0.398            233        1.71        1.71    LEINV_DGEMM_1@26
  409     0.09      402.023        0.398        0.400           3626        0.11        0.11    LASCAW_CLO@20
  410     0.09      402.023        0.397        0.398            586        0.68        0.68    FFT992@27
  411     0.09      402.023        0.396        0.397            191        2.08        2.08    LEINV_DGEMM_1@17
  412     0.09      402.023        0.396        0.399           3626        0.11        0.11    LASCAW_CLO@17
  413     0.09      402.023        0.396        0.399           3552        0.11        0.11    LASCAW_CLO@25
  414     0.09      402.023        0.395        0.395            282        1.40        1.40    FFT992@9
  415     0.09      402.023        0.394        0.396           3552        0.11        0.11    LASCAW_CLO@32
  416     0.09      402.023        0.393        0.395           3626        0.11        0.11    LASCAW_CLO@19
  417     0.09      402.023        0.393        0.395           3552        0.11        0.11    LASCAW_CLO@29
  418     0.09      402.023        0.392        0.393            473        0.83        0.83    FFT992@19
  419     0.09      402.023        0.392        0.392            406        0.96        0.97    FFT992@16
  420     0.09      402.023        0.391        0.392            341        1.15        1.15    FFT992@13
  421     0.09      402.023        0.391        0.392             79        4.95        4.96    LEINV_DGEMM_1@5
  422     0.09      402.023        0.391        0.393           3552        0.11        0.11    LASCAW_CLO@28
  423     0.09      402.414        0.391        0.391            324        1.21        1.21    SCAN2M_TS_PARALLEL:0:COMPUTE@1
  424     0.09      402.414        0.390        1.099            229        1.70        4.80    LTINV_MOD@27
  425     0.09      402.414        0.390        0.390            153        2.55        2.55    LEINV_DGEMM_1@13
  426     0.09      402.414        0.389        0.389            226        1.72        1.72    LEINV_DGEMM_1@24
  427     0.09      402.414        0.389        0.389            195        2.00        2.00    LEINV_DGEMM_1@19
  428     0.09      402.414        0.389        0.391           3552        0.11        0.11    LASCAW_CLO@27
  429     0.09      402.414        0.389        0.389            195        1.99        2.00    LEINV_DGEMM_1@20
  430     0.09      402.802        0.388        0.390           3626        0.11        0.11   *PPWETPOINT@20
  431     0.09      403.190        0.388        0.406          57720        0.01        0.01    RADHEAT@1
  432     0.09      403.190        0.388        0.391           3626        0.11        0.11    LASCAW_CLO@21
  433     0.09      403.190        0.387        0.390           3626        0.11        0.11    LASCAW_CLO@24
  434     0.09      403.190        0.387        1.100            227        1.71        4.85    LTINV_MOD@28
  435     0.09      403.190        0.387        0.387            227        1.70        1.71    LEINV_DGEMM_1@28
  436     0.09      403.190        0.387        0.387             91        4.25        4.25    LEINV_DGEMM_1@6
  437     0.09      403.190        0.387        1.110            195        1.98        5.69    LTINV_MOD@19
  438     0.09      403.190        0.386        0.386            156        2.47        2.47    LEINV_DGEMM_1@14
  439     0.09      403.190        0.385        0.387           3626        0.11        0.11    LASCAW_CLO@22
  440     0.09      403.190        0.385        0.387           3626        0.11        0.11    PPWETPOINT@22
  441     0.09      403.190        0.385        0.387           3626        0.11        0.11    PPWETPOINT@24
  442     0.09      403.190        0.385        0.387           3552        0.11        0.11    LASCAW_CLO@26
  443     0.09      403.190        0.385        0.386           3552        0.11        0.11    LASCAW_CLO@30
  444     0.09      403.190        0.385        0.387           3626        0.11        0.11    PPWETPOINT@19
  445     0.09      403.190        0.385        0.387           3626        0.11        0.11    PPWETPOINT@23
  446     0.09      403.190        0.385        0.385            438        0.88        0.88    FFT992@17
  447     0.09      403.190        0.384        0.387           3626        0.11        0.11    PPWETPOINT@21
  448     0.09      403.190        0.384        0.386           3626        0.11        0.11    LASCAW_CLO@18
  449     0.09      403.190        0.384        0.386           3626        0.11        0.11    PPWETPOINT@17
  450     0.09      403.190        0.384        0.385           3626        0.11        0.11    PPWETPOINT@18
  451     0.09      403.190        0.383        0.385           3626        0.11        0.11    PPWETPOINT@9
  452     0.09      403.190        0.383        0.385           3626        0.11        0.11    PPWETPOINT@8
  453     0.09      403.190        0.383        0.384           3626        0.11        0.11    PPWETPOINT@10
  454     0.09      403.190        0.383        0.384           3626        0.11        0.11    PPWETPOINT@12
  455     0.09      403.190        0.383        0.384           3552        0.11        0.11    LASCAW_CLO@31
  456     0.09      403.190        0.383        0.384           3626        0.11        0.11    PPWETPOINT@11
  457     0.09      403.190        0.383        0.384           3626        0.11        0.11    PPWETPOINT@7
  458     0.09      403.190        0.382        0.384           3626        0.11        0.11    PPWETPOINT@5
  459     0.09      403.190        0.382        0.382            117        3.27        3.27    LEINV_DGEMM_1@11
  460     0.09      403.190        0.382        0.384           3626        0.11        0.11    PPWETPOINT@6
  461     0.09      403.190        0.382        0.384           3626        0.11        0.11    PPWETPOINT@15
  462     0.09      403.190        0.382        0.384           3626        0.11        0.11    PPWETPOINT@16
  463     0.09      403.190        0.382        0.384           3626        0.11        0.11    PPWETPOINT@14
  464     0.09      403.190        0.382        0.384           3626        0.11        0.11    PPWETPOINT@13
  465     0.09      403.190        0.381        0.381            229        1.66        1.66    LEINV_DGEMM_1@27
  466     0.09      403.190        0.380        0.382           3626        0.10        0.11    PPWETPOINT@2
  467     0.09      403.190        0.380        0.383           3626        0.10        0.11    LASCAW_CLO@23
  468     0.09      403.190        0.380        0.382           3626        0.10        0.11    PPWETPOINT@3
  469     0.09      403.190        0.380        0.381           3626        0.10        0.11    PPWETPOINT@4
  470     0.09      403.190        0.380        0.381            415        0.92        0.92    FFT992@15
  471     0.09      403.190        0.378        0.378            195        1.94        1.94    LEINV_DGEMM_1@21
  472     0.09      403.190        0.378        0.379           3626        0.10        0.10    PPWETPOINT@1
  473     0.09      403.190        0.378        0.379           3552        0.11        0.11    PPWETPOINT@26
  474     0.09      403.190        0.377        0.379           3552        0.11        0.11    PPWETPOINT@27
  475     0.09      403.190        0.377        0.379           3552        0.11        0.11    PPWETPOINT@28
  476     0.09      403.190        0.377        0.379           3552        0.11        0.11    PPWETPOINT@25
  477     0.09      403.190        0.377        0.379           3552        0.11        0.11    PPWETPOINT@29
  478     0.09      403.190        0.377        1.072            153        2.46        7.00    LTINV_MOD@13
  479     0.09      403.190        0.376        0.378           3552        0.11        0.11    PPWETPOINT@30
  480     0.09      403.190        0.376        0.377           3552        0.11        0.11    PPWETPOINT@31
  481     0.09      403.190        0.374        1.083            195        1.92        5.55    LTINV_MOD@20
  482     0.09      403.190        0.374        0.375           3552        0.11        0.11    PPWETPOINT@32
  483     0.09      403.190        0.371        0.372            389        0.95        0.96    FFT992@14
  484     0.08      403.190        0.365        1.044            156        2.34        6.69    LTINV_MOD@14
  485     0.08      403.190        0.361        0.361            157        2.30        2.30    LEINV_DGEMM_1@15
  486     0.08      403.190        0.359        1.096            226        1.59        4.85    LTINV_MOD@24
  487     0.08      403.190        0.359        0.359            124        2.89        2.90    LEINV_DGEMM_1@12
  488     0.08      403.549        0.358        0.359             37        9.69        9.69    LAVENT_PARALLEL:0:COMPUTE@1
  489     0.08      403.906        0.357        0.358            234        1.53        1.53   *LEINV_DGEMM_2@25
  490     0.08      404.263        0.357        0.357             37        9.65        9.66    ACVPPKF_PARALLEL:PART2:GET_DATA@1
  491     0.08      404.263        0.357        1.092             78        4.58       14.00    LTINV_MOD@2
  492     0.08      404.620        0.357        0.361          10920        0.03        0.03    SRTM_TAUMOL22_CPU@1
  493     0.08      404.620        0.355        0.355            156        2.27        2.28    LEINV_DGEMM_1@16
  494     0.08      404.620        0.354        0.354            196        1.81        1.81    LEINV_DGEMM_1@22
  495     0.08      404.973        0.354        0.360          12691        0.03        0.03   *ROTUV@14
  496     0.08      404.973        0.353        0.359          12691        0.03        0.03    ROTUV@9
  497     0.08      405.327        0.353        0.355           3626        0.10        0.10   *GPMPFC_EXPL_PART1@6
  498     0.08      405.327        0.353        0.355           3626        0.10        0.10    GPMPFC_EXPL_PART1@7
  499     0.08      405.327        0.353        0.355           3626        0.10        0.10    GPMPFC_EXPL_PART1@8
  500     0.08      405.327        0.353        0.358          12691        0.03        0.03    ROTUV@10
  501     0.08      405.327        0.352        0.359          12691        0.03        0.03    ROTUV@11
  502     0.08      405.327        0.352        0.355           3626        0.10        0.10    GPMPFC_EXPL_PART1@5
  503     0.08      405.327        0.352        1.095            116        3.04        9.44    LTINV_MOD@9
  504     0.08      405.327        0.352        0.359          12691        0.03        0.03    ROTUV@13
  505     0.08      405.327        0.352        0.357          12691        0.03        0.03    ROTUV@16
  506     0.08      405.327        0.352        0.358          12691        0.03        0.03    ROTUV@15
  507     0.08      405.327        0.352        0.358          12691        0.03        0.03    ROTUV@12
  508     0.08      405.327        0.351        0.992            157        2.24        6.32    LTINV_MOD@15
  509     0.08      405.327        0.351        0.353           3626        0.10        0.10    GPMPFC_EXPL_PART1@14
  510     0.08      405.327        0.351        0.352           3626        0.10        0.10    GPMPFC_EXPL_PART1@9
  511     0.08      405.327        0.350        0.353           3626        0.10        0.10    GPMPFC_EXPL_PART1@11
  512     0.08      405.327        0.350        0.353           3626        0.10        0.10    GPMPFC_EXPL_PART1@13
  513     0.08      405.327        0.350        0.352           3626        0.10        0.10    GPMPFC_EXPL_PART1@15
  514     0.08      405.327        0.350        0.356          12691        0.03        0.03    ROTUV@8
  515     0.08      405.327        0.350        0.355          12691        0.03        0.03    ROTUV@6
  516     0.08      405.327        0.350        0.356          12691        0.03        0.03    ROTUV@7
  517     0.08      405.327        0.350        0.352           3626        0.10        0.10    GPMPFC_EXPL_PART1@10
  518     0.08      405.327        0.350        0.356          12691        0.03        0.03    ROTUV@5
  519     0.08      405.327        0.350        0.352           3626        0.10        0.10    GPMPFC_EXPL_PART1@16
  520     0.08      405.327        0.349        0.351           3626        0.10        0.10    GPMPFC_EXPL_PART1@3
  521     0.08      405.327        0.349        0.352           3626        0.10        0.10    GPMPFC_EXPL_PART1@12
  522     0.08      405.327        0.349        0.354          12691        0.03        0.03    ROTUV@1
  523     0.08      405.327        0.349        0.349            116        3.01        3.01    LEINV_DGEMM_2@7
  524     0.08      405.327        0.349        0.351           3626        0.10        0.10    GPMPFC_EXPL_PART1@2
  525     0.08      405.327        0.348        0.349            117        2.98        2.98    LEINV_DGEMM_2@8
  526     0.08      405.327        0.348        0.350           3626        0.10        0.10    GPMPFC_EXPL_PART1@4
  527     0.08      405.327        0.348        0.353          12691        0.03        0.03    ROTUV@4
  528     0.08      405.327        0.347        0.352          12691        0.03        0.03    ROTUV@2
  529     0.08      405.327        0.347        0.347            226        1.54        1.54    LEINV_DGEMM_2@24
  530     0.08      405.327        0.347        0.352          12691        0.03        0.03    ROTUV@3
  531     0.08      405.327        0.346        0.348           3626        0.10        0.10    GPMPFC_EXPL_PART1@1
  532     0.08      405.673        0.346       14.805         346320        0.00        0.04    LAITRE_GFL@1
  533     0.08      405.673        0.346        0.346            233        1.48        1.49    LEINV_DGEMM_2@26
  534     0.08      405.673        0.345        1.086             78        4.42       13.92    LTINV_MOD@3
  535     0.08      405.673        0.344        1.035            195        1.77        5.31    LTINV_MOD@21
  536     0.08      405.673        0.344        1.144            116        2.97        9.86    LTINV_MOD@7
  537     0.08      405.673        0.341        1.089            233        1.46        4.67    LTINV_MOD@29
  538     0.08      405.673        0.340        0.341            197        1.73        1.73    LEINV_DGEMM_1@23
  539     0.08      405.673        0.340        0.987             84        4.05       11.75    LTINV_MOD@1
  540     0.08      406.012        0.339        0.341           1813        0.19        0.19   *QNGCOR@15
  541     0.08      406.012        0.338        0.340           1813        0.19        0.19    QNGCOR@13
  542     0.08      406.012        0.338        0.339           1813        0.19        0.19    QNGCOR@14
  543     0.08      406.012        0.338        0.338            233        1.45        1.45    LEINV_DGEMM_2@29
  544     0.08      406.012        0.337        0.338           1813        0.19        0.19    QNGCOR@16
  545     0.08      406.012        0.337        0.989            197        1.71        5.02    LTINV_MOD@23
  546     0.08      406.012        0.336        0.337           1813        0.19        0.19    QNGCOR@7
  547     0.08      406.012        0.335        0.337           1813        0.18        0.19    QNGCOR@8
  548     0.08      406.012        0.335        0.335            116        2.89        2.89    LEINV_DGEMM_2@9
  549     0.08      406.012        0.335        0.336           1813        0.18        0.19    QNGCOR@5
  550     0.08      406.012        0.334        0.336           1813        0.18        0.19    QNGCOR@11
  551     0.08      406.012        0.334        0.336           1813        0.18        0.19    QNGCOR@9
  552     0.08      406.012        0.334        0.981            124        2.69        7.91    LTINV_MOD@12
  553     0.08      406.012        0.334        0.335           1813        0.18        0.18    QNGCOR@6
  554     0.08      406.012        0.333        0.334            195        1.71        1.71    LEINV_DGEMM_2@19
  555     0.08      406.012        0.333        0.333             84        3.97        3.97    LEINV_DGEMM_1@1
  556     0.08      406.012        0.333        0.334           1813        0.18        0.18    QNGCOR@10
  557     0.08      406.345        0.333        0.334           1813        0.18        0.18   *APLPAR_INIT@16
  558     0.08      406.345        0.333        0.334           1813        0.18        0.18    APLPAR_INIT@12
  559     0.08      406.345        0.333        0.334           1813        0.18        0.18    APLPAR_INIT@15
  560     0.08      406.345        0.332        0.333           1813        0.18        0.18    APLPAR_INIT@11
  561     0.08      406.345        0.332        0.333           1813        0.18        0.18    APLPAR_INIT@8
  562     0.08      406.345        0.332        0.333           1813        0.18        0.18    APLPAR_INIT@7
  563     0.08      406.345        0.332        0.332           1813        0.18        0.18    APLPAR_INIT@9
  564     0.08      406.345        0.331        0.332            235        1.41        1.41    LEINV_DGEMM_2@30
  565     0.08      406.345        0.331        0.332           1813        0.18        0.18    APLPAR_INIT@4
  566     0.08      406.345        0.331        0.331            195        1.70        1.70    LEINV_DGEMM_2@18
  567     0.08      406.345        0.331        0.332           1813        0.18        0.18    APLPAR_INIT@10
  568     0.08      406.345        0.331        0.332           1813        0.18        0.18    APLPAR_INIT@14
  569     0.08      406.345        0.331        0.332           1813        0.18        0.18    APLPAR_INIT@13
  570     0.08      406.345        0.330        0.331           1813        0.18        0.18    APLPAR_INIT@5
  571     0.08      406.345        0.330        0.331           1813        0.18        0.18    APLPAR_INIT@6
  572     0.08      406.345        0.330        0.966            156        2.11        6.20    LTINV_MOD@16
  573     0.08      406.345        0.330        0.331           1813        0.18        0.18    APLPAR_INIT@23
  574     0.08      406.345        0.330        0.331           1813        0.18        0.18    APLPAR_INIT@24
  575     0.08      406.345        0.329        0.330           1813        0.18        0.18    APLPAR_INIT@3
  576     0.08      406.345        0.329        0.330           1813        0.18        0.18    APLPAR_INIT@20
  577     0.08      406.345        0.329        0.330           1813        0.18        0.18    QNGCOR@3
  578     0.08      406.345        0.329        0.330           1813        0.18        0.18    QNGCOR@4
  579     0.08      406.345        0.329        0.330           1813        0.18        0.18    QNGCOR@12
  580     0.08      406.345        0.328        0.329           1813        0.18        0.18    APLPAR_INIT@19
  581     0.08      406.345        0.328        0.329           1813        0.18        0.18    QNGCOR@2
  582     0.08      406.345        0.328        0.328            229        1.43        1.43    LEINV_DGEMM_2@27
  583     0.08      406.345        0.328        0.329           1813        0.18        0.18    APLPAR_INIT@2
  584     0.08      406.345        0.328        0.329           1813        0.18        0.18    APLPAR_INIT@22
  585     0.08      406.345        0.327        0.329           1813        0.18        0.18    APLPAR_INIT@21
  586     0.08      406.345        0.327        0.329           1813        0.18        0.18    APLPAR_INIT@17
  587     0.08      406.345        0.327        0.328           1813        0.18        0.18    APLPAR_INIT@18
  588     0.08      406.345        0.326        0.326            233        1.40        1.40    LEINV_DGEMM_2@32
  589     0.08      406.345        0.326        0.327           1776        0.18        0.18    APLPAR_INIT@28
  590     0.08      406.345        0.326        0.326           1813        0.18        0.18    APLPAR_INIT@1
  591     0.08      406.345        0.325        0.326           1776        0.18        0.18    APLPAR_INIT@31
  592     0.08      406.345        0.325        0.326           1776        0.18        0.18    APLPAR_INIT@32
  593     0.08      406.345        0.325        0.325            227        1.43        1.43    LEINV_DGEMM_2@28
  594     0.08      406.345        0.325        1.078            235        1.38        4.59    LTINV_MOD@30
  595     0.08      406.345        0.324        0.325           1776        0.18        0.18    APLPAR_INIT@27
  596     0.08      406.345        0.324        1.045            117        2.77        8.93    LTINV_MOD@10
  597     0.08      406.345        0.324        0.324            196        1.65        1.65    LEINV_DGEMM_2@22
  598     0.08      406.345        0.323        1.002            196        1.65        5.11    LTINV_MOD@22
  599     0.08      406.345        0.323        0.324           1776        0.18        0.18    APLPAR_INIT@25
  600     0.08      406.345        0.323        0.323           1776        0.18        0.18    APLPAR_INIT@29
  601     0.07      406.345        0.322        0.323            234        1.38        1.38    LEINV_DGEMM_2@31
  602     0.07      406.345        0.322        0.323           1776        0.18        0.18    APLPAR_INIT@26
  603     0.07      406.345        0.322        0.322           1776        0.18        0.18    APLPAR_INIT@30
  604     0.07      406.345        0.322        0.322            191        1.68        1.68    LEINV_DGEMM_2@17
  605     0.07      406.345        0.322        0.322            117        2.75        2.75    LEINV_DGEMM_2@10
  606     0.07      406.665        0.321        0.321            333        0.96        0.96    CPUTQY0_PARALLEL:PVAR:COMPUTE@1
  607     0.07      406.665        0.319        0.320            195        1.64        1.64    LEINV_DGEMM_2@20
  608     0.07      406.665        0.319        0.321           1813        0.18        0.18    QNGCOR@1
  609     0.07      406.665        0.319        1.004            117        2.73        8.58    LTINV_MOD@11
  610     0.07      406.665        0.318        0.318             78        4.08        4.08    LEINV_DGEMM_2@4
  611     0.07      406.983        0.318        0.318            222        1.43        1.43    LAPINEB_PARALLEL:CVGQ:COMPUTE@1
  612     0.07      406.983        0.318        0.318             78        4.07        4.07    LEINV_DGEMM_2@2
  613     0.07      406.983        0.317        1.112            117        2.71        9.50    LTINV_MOD@8
  614     0.07      406.983        0.316        0.316             78        4.05        4.05    LEINV_DGEMM_2@3
  615     0.07      406.983        0.313        0.314             84        3.73        3.73    LEINV_DGEMM_2@1
  616     0.07      407.296        0.313        0.518           1813        0.17        0.29   *CUASCN@15
  617     0.07      407.296        0.313        1.012             91        3.44       11.12    LTINV_MOD@6
  618     0.07      407.296        0.312        0.312             91        3.43        3.43    LEINV_DGEMM_2@6
  619     0.07      407.296        0.311        0.312            195        1.60        1.60    LEINV_DGEMM_2@21
  620     0.07      407.296        0.311        0.311            197        1.58        1.58    LEINV_DGEMM_2@23
  621     0.07      407.606        0.310        2.358              7       44.23      336.87    RECMWF_PARALLEL:FINISH:COMPUTE@1
  622     0.07      407.606        0.309        0.514           1813        0.17        0.28    CUASCN@14
  623     0.07      407.914        0.309        0.629             37        8.35       17.01    APL_ARPEGE_PARALLEL:QNGCOR:COMPUTE@1
  624     0.07      408.222        0.308        0.657            206        1.50        3.19   *LTDIR_MOD@26
  625     0.07      408.222        0.308        0.514           1813        0.17        0.28    CUASCN@13
  626     0.07      408.222        0.306        0.510           1813        0.17        0.28    CUASCN@16
  627     0.07      408.222        0.305        1.044             78        3.92       13.39    LTINV_MOD@4
  628     0.07      408.222        0.305        0.650            206        1.48        3.16    LTDIR_MOD@25
  629     0.07      408.222        0.305        0.305            153        1.99        1.99    LEINV_DGEMM_2@13
  630     0.07      408.222        0.304        0.513           1813        0.17        0.28    CUASCN@22
  631     0.07      408.222        0.304        0.668            206        1.48        3.24    LTDIR_MOD@23
  632     0.07      408.222        0.304        1.052            234        1.30        4.50    LTINV_MOD@31
  633     0.07      408.222        0.304        0.304             79        3.85        3.85    LEINV_DGEMM_2@5
  634     0.07      408.222        0.303        0.654            207        1.46        3.16    LTDIR_MOD@27
  635     0.07      408.222        0.303        0.511           1813        0.17        0.28    CUASCN@21
  636     0.07      408.525        0.303        0.303            555        0.55        0.55    GPRCP_EXPL_PARALLEL:1:COMPUTE@1
  637     0.07      408.525        0.303        0.508           1813        0.17        0.28    CUASCN@24
  638     0.07      408.525        0.302        0.302            117        2.58        2.58    LEINV_DGEMM_2@11
  639     0.07      408.525        0.302        0.507           1813        0.17        0.28    CUASCN@23
  640     0.07      408.525        0.301        0.502           1813        0.17        0.28    CUASCN@12
  641     0.07      408.525        0.301        0.652            212        1.42        3.07    LTDIR_MOD@29
  642     0.07      408.525        0.300        0.650            210        1.43        3.09    LTDIR_MOD@28
  643     0.07      408.525        0.300        0.638            194        1.55        3.29    LTDIR_MOD@22
  644     0.07      408.525        0.300        0.499           1813        0.17        0.28    CUASCN@11
  645     0.07      408.525        0.299        0.995             79        3.79       12.60    LTINV_MOD@5
  646     0.07      408.525        0.299        0.667            205        1.46        3.25    LTDIR_MOD@24
  647     0.07      408.525        0.298        0.498           1813        0.16        0.27    CUASCN@18
  648     0.07      408.525        0.298        0.502           1813        0.16        0.28    CUASCN@17
  649     0.07      408.822        0.297        0.300           3626        0.08        0.08   *ACUPTQ@12
  650     0.07      408.822        0.297        0.496           1813        0.16        0.27    CUASCN@10
  651     0.07      408.822        0.297        0.499           1813        0.16        0.28    CUASCN@8
  652     0.07      408.822        0.296        0.299           3626        0.08        0.08    ACUPTQ@13
  653     0.07      408.822        0.296        0.299           3626        0.08        0.08    ACUPTQ@8
  654     0.07      408.822        0.296        0.298           3626        0.08        0.08    ACUPTQ@9
  655     0.07      408.822        0.296        0.496           1776        0.17        0.28    CUASCN@26
  656     0.07      408.822        0.296        0.499           1776        0.17        0.28    CUASCN@25
  657     0.07      408.822        0.295        0.493           1776        0.17        0.28    CUASCN@27
  658     0.07      408.822        0.295        0.499           1813        0.16        0.28    CUASCN@20
  659     0.07      408.822        0.295        0.297           3626        0.08        0.08    ACUPTQ@10
  660     0.07      408.822        0.295        0.298           3626        0.08        0.08    ACUPTQ@11
  661     0.07      408.822        0.295        0.297           3626        0.08        0.08    ACUPTQ@16
  662     0.07      408.822        0.294        0.493           1813        0.16        0.27    CUASCN@9
  663     0.07      408.822        0.294        0.492           1776        0.17        0.28    CUASCN@28
  664     0.07      408.822        0.294        0.497           1813        0.16        0.27    CUASCN@19
  665     0.07      408.822        0.293        0.296           3626        0.08        0.08    ACUPTQ@7
  666     0.07      408.822        0.293        0.293            156        1.88        1.88    LEINV_DGEMM_2@14
  667     0.07      408.822        0.292        0.295           3626        0.08        0.08    ACUPTQ@5
  668     0.07      408.822        0.292        0.295           3626        0.08        0.08    ACUPTQ@14
  669     0.07      408.822        0.292        0.642            176        1.66        3.65    LTDIR_MOD@18
  670     0.07      408.822        0.291        1.048            233        1.25        4.50    LTINV_MOD@32
  671     0.07      408.822        0.290        0.490           1813        0.16        0.27    CUASCN@7
  672     0.07      408.822        0.290        0.292           3626        0.08        0.08    ACUPTQ@6
  673     0.07      409.112        0.290        1.387           1813        0.16        0.76   *CUMASTRN@14
  674     0.07      409.402        0.289        0.289              1      289.49      289.49    FAIXLA_MT@1
  675     0.07      409.402        0.289        0.292           3626        0.08        0.08    ACUPTQ@3
  676     0.07      409.402        0.289        0.291           3626        0.08        0.08    ACUPTQ@4
  677     0.07      409.402        0.289        0.292           3626        0.08        0.08    ACUPTQ@15
  678     0.07      409.402        0.289        0.652            179        1.61        3.64    LTDIR_MOD@17
  679     0.07      409.402        0.288        0.632            215        1.34        2.94    LTDIR_MOD@30
  680     0.07      409.402        0.288        1.385           1813        0.16        0.76    CUMASTRN@13
  681     0.07      409.402        0.287        0.288            124        2.32        2.32    LEINV_DGEMM_2@12
  682     0.07      409.689        0.287        0.288           1813        0.16        0.16   *GPINISLB_PART1_EXPL@12
  683     0.07      409.689        0.287        0.288           1813        0.16        0.16    GPINISLB_PART1_EXPL@9
  684     0.07      409.689        0.287        0.288           1813        0.16        0.16    GPINISLB_PART1_EXPL@10
  685     0.07      409.689        0.287        0.288           1813        0.16        0.16    GPINISLB_PART1_EXPL@11
  686     0.07      409.689        0.286        1.367           1813        0.16        0.75    CUMASTRN@21
  687     0.07      409.689        0.286        0.287           1813        0.16        0.16    GPINISLB_PART1_EXPL@16
  688     0.07      409.689        0.286        1.368           1813        0.16        0.75    CUMASTRN@24
  689     0.07      409.689        0.286        0.287           1813        0.16        0.16    GPINISLB_PART1_EXPL@15
  690     0.07      409.689        0.285        0.287           1813        0.16        0.16    GPINISLB_PART1_EXPL@14
  691     0.07      409.689        0.285        0.287           1813        0.16        0.16    GPINISLB_PART1_EXPL@13
  692     0.07      409.689        0.285        0.620            187        1.52        3.32    LTDIR_MOD@21
  693     0.07      409.689        0.285        0.286           3626        0.08        0.08    ACUPTQ@1
  694     0.07      409.689        0.285        0.287           3626        0.08        0.08    ACUPTQ@2
  695     0.07      409.689        0.284        0.464           1776        0.16        0.26    CUASCN@30
  696     0.07      409.689        0.283        0.479           1813        0.16        0.26    CUASCN@6
  697     0.07      409.689        0.283        1.366           1813        0.16        0.75    CUMASTRN@12
  698     0.07      409.689        0.283        0.464           1776        0.16        0.26    CUASCN@29
  699     0.07      409.689        0.283        1.364           1813        0.16        0.75    CUMASTRN@23
  700     0.07      409.689        0.282        0.283           1813        0.16        0.16    GPINISLB_PART1_EXPL@8
  701     0.07      409.689        0.282        0.283           1813        0.16        0.16    GPINISLB_PART1_EXPL@7
  702     0.07      409.689        0.282        0.283           1813        0.16        0.16    GPINISLB_PART1_EXPL@6
  703     0.07      409.689        0.282        0.628            179        1.57        3.51    LTDIR_MOD@19
  704     0.07      409.689        0.281        1.364           1813        0.16        0.75    CUMASTRN@16
  705     0.07      409.689        0.281        1.378           1813        0.16        0.76    CUMASTRN@15
  706     0.07      409.689        0.281        0.282            156        1.80        1.80    LEINV_DGEMM_2@16
  707     0.07      409.689        0.281        0.282           1813        0.16        0.16    GPINISLB_PART1_EXPL@5
  708     0.07      409.689        0.280        0.620            177        1.58        3.50    LTDIR_MOD@20
  709     0.07      409.689        0.280        0.280            157        1.78        1.78    LEINV_DGEMM_2@15
  710     0.07      409.689        0.280        1.368           1813        0.15        0.75    CUMASTRN@22
  711     0.06      409.689        0.279        0.280           1813        0.15        0.15    GPINISLB_PART1_EXPL@3
  712     0.06      409.689        0.279        0.476           1813        0.15        0.26    CUASCN@5
  713     0.06      409.689        0.279        0.280           1813        0.15        0.15    GPINISLB_PART1_EXPL@2
  714     0.06      409.689        0.279        0.280           1813        0.15        0.15    GPINISLB_PART1_EXPL@4
  715     0.06      409.689        0.278        1.347           1813        0.15        0.74    CUMASTRN@17
  716     0.06      409.689        0.278        1.338           1813        0.15        0.74    CUMASTRN@20
  717     0.06      409.689        0.277        1.340           1813        0.15        0.74    CUMASTRN@19
  718     0.06      409.689        0.277        1.339           1813        0.15        0.74    CUMASTRN@18
  719     0.06      409.966        0.277        1.203             37        7.48       32.53    APL_ARPEGE_SHALLOW_CONVECTION_AND_TURBULENCE_PARALLEL:ACTKE:COMPUTE@1
  720     0.06      409.966        0.277        0.446           1776        0.16        0.25    CUASCN@31
  721     0.06      409.966        0.276        1.332           1776        0.16        0.75    CUMASTRN@25
  722     0.06      409.966        0.275        0.276           1813        0.15        0.15    GPINISLB_PART1_EXPL@1
  723     0.06      409.966        0.275        0.449           1813        0.15        0.25    CUASCN@1
  724     0.06      409.966        0.275        0.445           1776        0.15        0.25    CUASCN@32
  725     0.06      409.966        0.274        1.328           1776        0.15        0.75    CUMASTRN@28
  726     0.06      409.966        0.273        1.290           1776        0.15        0.73    CUMASTRN@29
  727     0.06      409.966        0.273        1.192           1813        0.15        0.66    CUMASTRN@1
  728     0.06      409.966        0.273        1.324           1776        0.15        0.75    CUMASTRN@27
  729     0.06      409.966        0.273        1.347           1813        0.15        0.74    CUMASTRN@11
  730     0.06      409.966        0.272        1.325           1776        0.15        0.75    CUMASTRN@26
  731     0.06      410.238        0.272        0.276          10920        0.02        0.03    SRTM_TAUMOL25_CPU@1
  732     0.06      410.238        0.272        1.279           1776        0.15        0.72    CUMASTRN@30
  733     0.06      410.238        0.270        1.268           1776        0.15        0.71    CUMASTRN@31
  734     0.06      410.238        0.269        0.444           1813        0.15        0.24    CUASCN@4
  735     0.06      410.238        0.269        0.444           1813        0.15        0.24    CUASCN@3
  736     0.06      410.503        0.265        0.265             37        7.17        7.17    APL_ARPEGE_DEEP_CONVECTION_PARALLEL:INIT:COMPUTE@1
  737     0.06      410.767        0.264        0.481             37        7.14       12.99    LAPINEB_PARALLEL:LARCHE:COMPUTE@1
  738     0.06      410.767        0.262        1.252           1776        0.15        0.71    CUMASTRN@32
  739     0.06      411.030        0.262        0.262             37        7.09        7.09    APL_ARPEGE_DEEP_CONVECTION_PARALLEL:COPY:COMPUTE@1
  740     0.06      411.030        0.261        0.629            219        1.19        2.87    LTDIR_MOD@31
  741     0.06      411.030        0.259        0.430           1813        0.14        0.24    CUASCN@2
  742     0.06      411.030        0.258        1.322           1813        0.14        0.73    CUMASTRN@10
  743     0.06      411.286        0.257        0.258           1813        0.14        0.14   *ACTQSAT@9
  744     0.06      411.286        0.253        0.255           1813        0.14        0.14    ACTQSAT@12
  745     0.06      411.286        0.253        0.254           1813        0.14        0.14    ACTQSAT@11
  746     0.06      411.286        0.253        0.254           1813        0.14        0.14    ACTQSAT@10
  747     0.06      411.286        0.252        1.158           1813        0.14        0.64    CUMASTRN@2
  748     0.06      411.286        0.252        0.253           1813        0.14        0.14    ACTQSAT@5
  749     0.06      411.286        0.252        1.301           1813        0.14        0.72    CUMASTRN@9
  750     0.06      411.286        0.250        0.252           1813        0.14        0.14    ACTQSAT@13
  751     0.06      411.286        0.250        0.611            220        1.14        2.78    LTDIR_MOD@32
  752     0.06      411.286        0.250        0.251           1813        0.14        0.14    ACTQSAT@4
  753     0.06      411.286        0.250        0.251           1813        0.14        0.14    ACTQSAT@3
  754     0.06      411.286        0.249        1.306           1813        0.14        0.72    CUMASTRN@8
  755     0.06      411.286        0.249        0.250           1813        0.14        0.14    ACTQSAT@14
  756     0.06      411.286        0.249        0.250           1813        0.14        0.14    ACTQSAT@15
  757     0.06      411.286        0.248        0.250           1813        0.14        0.14    ACTQSAT@7
  758     0.06      411.286        0.248        1.290           1813        0.14        0.71    CUMASTRN@7
  759     0.06      411.286        0.248        0.249           1813        0.14        0.14    ACTQSAT@16
  760     0.06      411.286        0.248        0.250           1813        0.14        0.14    ACTQSAT@8
  761     0.06      411.286        0.248        0.249           1813        0.14        0.14    ACTQSAT@6
  762     0.06      411.286        0.248        0.650             78        3.17        8.33    LTDIR_MOD@2
  763     0.06      411.286        0.246        1.192           1813        0.14        0.66    CUMASTRN@3
  764     0.06      411.286        0.246        0.247           1813        0.14        0.14    ACTQSAT@2
  765     0.06      411.286        0.246        1.213           1813        0.14        0.67    CUMASTRN@4
  766     0.06      411.286        0.244        1.252           1813        0.13        0.69    CUMASTRN@5
  767     0.06      411.286        0.243        0.653             80        3.04        8.17    LTDIR_MOD@3
  768     0.06      411.530        0.243        0.243            121        2.01        2.01   *LEDIR_DGEMM_1@9
  769     0.06      411.773        0.243        0.243             37        6.57        6.57    APL_ARPEGE_DEEP_CONVECTION_PARALLEL:ZERO:COMPUTE@1
  770     0.06      411.773        0.243        0.647            126        1.93        5.13    LTDIR_MOD@11
  771     0.06      411.773        0.242        0.242             80        3.03        3.03    LEDIR_DGEMM_1@4
  772     0.06      411.773        0.241        0.640             80        3.02        8.00    LTDIR_MOD@5
  773     0.06      412.014        0.241        0.245          10920        0.02        0.02    RRTM_TAUMOL14_CPU@1
  774     0.06      412.014        0.240        1.258           1813        0.13        0.69    CUMASTRN@6
  775     0.06      412.253        0.240        9.730         288600        0.00        0.03    LAITRE_GMV@1
  776     0.06      412.253        0.239        0.657             80        2.99        8.21    LTDIR_MOD@4
  777     0.06      412.253        0.237        0.237             80        2.97        2.97    LEDIR_DGEMM_1@3
  778     0.05      412.253        0.236        0.650            123        1.92        5.29    LTDIR_MOD@10
  779     0.05      412.489        0.236        0.237           1813        0.13        0.13   *CPPHINP@11
  780     0.05      412.489        0.236        0.237           1813        0.13        0.13    CPPHINP@12
  781     0.05      412.489        0.236        0.236            123        1.92        1.92    LEDIR_DGEMM_1@10
  782     0.05      412.489        0.236        0.237           1813        0.13        0.13    CPPHINP@9
  783     0.05      412.489        0.236        0.611            138        1.71        4.43    LTDIR_MOD@13
  784     0.05      412.489        0.236        0.628            126        1.87        4.98    LTDIR_MOD@12
  785     0.05      412.725        0.236        0.236            222        1.06        1.06    LATTEX_EXPL_2TL_PARALLEL:3:COMPUTE@1
  786     0.05      412.725        0.235        0.237           1813        0.13        0.13    CPPHINP@16
  787     0.05      412.725        0.235        0.237           1813        0.13        0.13    CPPHINP@10
  788     0.05      412.725        0.235        0.237           1813        0.13        0.13    CPPHINP@13
  789     0.05      412.725        0.235        0.237           1813        0.13        0.13    CPPHINP@15
  790     0.05      412.960        0.235        1.146             37        6.35       30.97    APL_ARPEGE_PRECIPITATION_PARALLEL:ACUPTQ:COMPUTE@1
  791     0.05      412.960        0.235        0.236           1813        0.13        0.13    CPPHINP@14
  792     0.05      413.194        0.235        0.235             37        6.34        6.35    APL_ARPEGE_PARALLEL:DIFTQ:COMPUTE@1
  793     0.05      413.194        0.235        0.238           3626        0.06        0.07    GPMPFC_EXPL_PART1@19
  794     0.05      413.194        0.234        0.238           3626        0.06        0.07    GPMPFC_EXPL_PART1@20
  795     0.05      413.194        0.234        0.235           1813        0.13        0.13    CPPHINP@7
  796     0.05      413.194        0.234        0.235           1813        0.13        0.13    CPPHINP@5
  797     0.05      413.194        0.234        0.235           1813        0.13        0.13    CPPHINP@8
  798     0.05      413.194        0.234        0.235           1813        0.13        0.13    CPPHINP@6
  799     0.05      413.194        0.233        0.624            158        1.48        3.95    LTDIR_MOD@14
  800     0.05      413.194        0.233        0.238           3626        0.06        0.07    GPMPFC_EXPL_PART1@23
  801     0.05      413.194        0.233        0.237           3626        0.06        0.07    GPMPFC_EXPL_PART1@24
  802     0.05      413.194        0.233        0.659            121        1.92        5.45    LTDIR_MOD@9
  803     0.05      413.194        0.232        0.616             80        2.90        7.70    LTDIR_MOD@6
  804     0.05      413.194        0.232        0.235           3552        0.07        0.07    GPMPFC_EXPL_PART1@27
  805     0.05      413.194        0.232        0.236           3626        0.06        0.07    GPMPFC_EXPL_PART1@17
  806     0.05      413.194        0.231        0.233           1813        0.13        0.13    CPPHINP@3
  807     0.05      413.194        0.231        0.232           1813        0.13        0.13    CPPHINP@4
  808     0.05      413.194        0.231        0.231             78        2.96        2.97    LEDIR_DGEMM_1@2
  809     0.05      413.194        0.231        0.614            165        1.40        3.72    LTDIR_MOD@15
  810     0.05      413.194        0.231        0.234           3552        0.07        0.07    GPMPFC_EXPL_PART1@28
  811     0.05      413.194        0.231        0.234           3552        0.07        0.07    GPMPFC_EXPL_PART1@31
  812     0.05      413.194        0.231        0.235           3626        0.06        0.06    GPMPFC_EXPL_PART1@18
  813     0.05      413.194        0.231        0.234           3552        0.06        0.07    GPMPFC_EXPL_PART1@32
  814     0.05      413.194        0.230        0.231             80        2.88        2.88    LEDIR_DGEMM_1@5
  815     0.05      413.194        0.230        0.231           1813        0.13        0.13    CPPHINP@2
  816     0.05      413.424        0.230        0.230              1      230.03      230.03    DIST_SPEC@1
  817     0.05      413.654        0.230        0.231           1813        0.13        0.13   *CUBASEN@10
  818     0.05      413.654        0.229        0.234           3626        0.06        0.06    GPMPFC_EXPL_PART1@22
  819     0.05      413.654        0.229        0.236          12691        0.02        0.02    ROTUV@20
  820     0.05      413.654        0.229        0.234           3626        0.06        0.06    GPMPFC_EXPL_PART1@21
  821     0.05      413.654        0.229        0.229            126        1.82        1.82    LEDIR_DGEMM_1@11
  822     0.05      413.654        0.229        0.233           3552        0.06        0.07    GPMPFC_EXPL_PART1@25
  823     0.05      413.654        0.229        0.232           3552        0.06        0.07    GPMPFC_EXPL_PART1@29
  824     0.05      413.654        0.229        0.235          12691        0.02        0.02    ROTUV@18
  825     0.05      413.654        0.229        0.597            169        1.35        3.53    LTDIR_MOD@16
  826     0.05      413.654        0.229        0.235          12691        0.02        0.02    ROTUV@19
  827     0.05      413.654        0.228        0.231           3552        0.06        0.07    GPMPFC_EXPL_PART1@30
  828     0.05      413.654        0.228        0.235          12691        0.02        0.02    ROTUV@17
  829     0.05      413.654        0.228        0.232           3552        0.06        0.07    GPMPFC_EXPL_PART1@26
  830     0.05      413.654        0.228        0.629            103        2.21        6.11    LTDIR_MOD@8
  831     0.05      413.654        0.227        0.228           1776        0.13        0.13    ACTQSAT@28
  832     0.05      413.654        0.227        0.615             88        2.58        6.99    LTDIR_MOD@1
  833     0.05      413.654        0.227        0.227            103        2.20        2.20    LEDIR_DGEMM_1@8
  834     0.05      413.880        0.225        0.229          10920        0.02        0.02    LIQUID_EFFECTIVE_RADIUS_CPU@1
  835     0.05      414.105        0.225        0.225             37        6.09        6.09    CPG_DIA_FLU_PARALLEL:0:COMPUTE@1
  836     0.05      414.105        0.225        0.231          12432        0.02        0.02    ROTUV@26
  837     0.05      414.105        0.225        0.226           1813        0.12        0.12    CUBASEN@8
  838     0.05      414.330        0.225        5.491           1404        0.16        3.91    SPCSINEW@1
  839     0.05      414.330        0.225        0.226           1813        0.12        0.12    CPPHINP@1
  840     0.05      414.330        0.225        0.230          12432        0.02        0.02    ROTUV@28
  841     0.05      414.330        0.225        0.230          12432        0.02        0.02    ROTUV@31
  842     0.05      414.330        0.225        0.230          12432        0.02        0.02    ROTUV@30
  843     0.05      414.330        0.224        0.229          12432        0.02        0.02    ROTUV@32
  844     0.05      414.330        0.224        0.230          12432        0.02        0.02    ROTUV@27
  845     0.05      414.330        0.224        0.225           1813        0.12        0.12    CUBASEN@11
  846     0.05      414.330        0.224        0.225           1813        0.12        0.12    CUBASEN@9
  847     0.05      414.330        0.224        0.224           1813        0.12        0.12    ACTQSAT@1
  848     0.05      414.330        0.224        0.229          12432        0.02        0.02    ROTUV@29
  849     0.05      414.330        0.223        0.603             82        2.72        7.36    LTDIR_MOD@7
  850     0.05      414.330        0.223        0.224           1776        0.13        0.13    ACTQSAT@26
  851     0.05      414.330        0.223        0.230          12432        0.02        0.02    ROTUV@25
  852     0.05      414.330        0.222        0.224           1813        0.12        0.12    CUBASEN@12
  853     0.05      414.330        0.222        0.224           1813        0.12        0.12    ACTQSAT@17
  854     0.05      414.330        0.222        0.223           1776        0.13        0.13    ACTQSAT@27
  855     0.05      414.330        0.222        0.222             80        2.78        2.78    LEDIR_DGEMM_1@6
  856     0.05      414.330        0.222        0.223           1813        0.12        0.12    QNGCOR@19
  857     0.05      414.330        0.222        0.222            126        1.76        1.76    LEDIR_DGEMM_1@12
  858     0.05      414.330        0.222        0.223           1813        0.12        0.12    QNGCOR@17
  859     0.05      414.330        0.222        0.223           1813        0.12        0.12    ACTQSAT@20
  860     0.05      414.330        0.221        0.223           1813        0.12        0.12    ACTQSAT@19
  861     0.05      414.330        0.221        0.223           1813        0.12        0.12    QNGCOR@20
  862     0.05      414.330        0.221        0.222           1813        0.12        0.12    ACTQSAT@18
  863     0.05      414.330        0.220        0.221           1813        0.12        0.12    CUBASEN@13
  864     0.05      414.330        0.220        0.221           1776        0.12        0.12    ACTQSAT@25
  865     0.05      414.330        0.220        0.221           1813        0.12        0.12    QNGCOR@18
  866     0.05      414.330        0.219        0.221           1813        0.12        0.12    ACTQSAT@22
  867     0.05      414.330        0.219        0.220           1813        0.12        0.12    CUBASEN@7
  868     0.05      414.330        0.219        0.220           1776        0.12        0.12    QNGCOR@27
  869     0.05      414.330        0.219        0.221           1776        0.12        0.12    QNGCOR@25
  870     0.05      414.330        0.219        0.220           1776        0.12        0.12    QNGCOR@28
  871     0.05      414.330        0.219        0.220           1813        0.12        0.12    CUBASEN@22
  872     0.05      414.330        0.219        0.220           1813        0.12        0.12    CUBASEN@15
  873     0.05      414.548        0.218        0.220           1813        0.12        0.12   *LASCAW_VINTW@9
  874     0.05      414.548        0.218        0.220           1813        0.12        0.12    QNGCOR@22
  875     0.05      414.548        0.218        0.220           1813        0.12        0.12    LASCAW_VINTW@8
  876     0.05      414.548        0.218        0.220           1776        0.12        0.12    QNGCOR@26
  877     0.05      414.548        0.218        0.219           1813        0.12        0.12    CUBASEN@6
  878     0.05      414.548        0.218        0.219           1813        0.12        0.12    CUBASEN@14
  879     0.05      414.548        0.218        0.218             82        2.66        2.66    LEDIR_DGEMM_1@7
  880     0.05      414.548        0.218        0.220           1813        0.12        0.12    QNGCOR@21
  881     0.05      414.548        0.217        0.225          12691        0.02        0.02    ROTUV@23
  882     0.05      414.548        0.217        0.218           1813        0.12        0.12    CUBASEN@23
  883     0.05      414.548        0.217        0.218           1813        0.12        0.12    CUBASEN@16
  884     0.05      414.548        0.217        0.217            158        1.37        1.37    LEDIR_DGEMM_1@14
  885     0.05      414.548        0.217        0.219           1813        0.12        0.12    QNGCOR@24
  886     0.05      414.548        0.217        0.224          12691        0.02        0.02    ROTUV@24
  887     0.05      414.548        0.217        0.218           1813        0.12        0.12    QNGCOR@23
  888     0.05      414.548        0.217        0.224          12691        0.02        0.02    ROTUV@22
  889     0.05      414.548        0.216        0.218           1813        0.12        0.12    LASCAW_VINTW@12
  890     0.05      414.548        0.216        0.217           1813        0.12        0.12    LASCAW_VINTW@5
  891     0.05      414.548        0.216        0.217           1813        0.12        0.12    LASCAW_VINTW@16
  892     0.05      414.548        0.216        0.217           1813        0.12        0.12    LASCAW_VINTW@11
  893     0.05      414.548        0.216        0.224          12691        0.02        0.02    ROTUV@21
  894     0.05      414.548        0.215        0.217           1813        0.12        0.12    CUBASEN@19
  895     0.05      414.548        0.215        0.216           1776        0.12        0.12    QNGCOR@32
  896     0.05      414.548        0.215        0.216           1813        0.12        0.12    CUBASEN@24
  897     0.05      414.548        0.215        0.217           1813        0.12        0.12    LASCAW_VINTW@13
  898     0.05      414.548        0.215        0.215             88        2.44        2.44    LEDIR_DGEMM_1@1
  899     0.05      414.548        0.215        0.216           1776        0.12        0.12    CUBASEN@28
  900     0.05      414.548        0.215        0.216           1813        0.12        0.12    ACTQSAT@21
  901     0.05      414.548        0.215        0.216           1813        0.12        0.12    ACTQSAT@24
  902     0.05      414.548        0.214        0.216           1813        0.12        0.12    ACTQSAT@23
  903     0.05      414.548        0.214        0.215           1813        0.12        0.12    LASCAW_VINTW@7
  904     0.05      414.548        0.214        0.215           1813        0.12        0.12    LASCAW_VINTW@3
  905     0.05      414.548        0.214        0.215           1813        0.12        0.12    LASCAW_VINTW@1
  906     0.05      414.548        0.213        0.215           1813        0.12        0.12    CUBASEN@17
  907     0.05      414.548        0.213        0.215           1813        0.12        0.12    LASCAW_VINTW@10
  908     0.05      414.548        0.213        0.214           1813        0.12        0.12    LASCAW_VINTW@6
  909     0.05      414.548        0.213        0.214           1776        0.12        0.12    QNGCOR@29
  910     0.05      414.548        0.213        0.214           1776        0.12        0.12    QNGCOR@31
  911     0.05      414.548        0.213        0.214           1813        0.12        0.12    LASCAW_VINTW@4
  912     0.05      414.548        0.213        0.214           1813        0.12        0.12    LASCAW_VINTW@2
  913     0.05      414.548        0.213        0.214           1813        0.12        0.12    LASCAW_VINTW@15
  914     0.05      414.548        0.212        0.213           1813        0.12        0.12    CPPHINP@19
  915     0.05      414.548        0.212        0.213           1813        0.12        0.12    CUBASEN@18
  916     0.05      414.548        0.212        0.213           1813        0.12        0.12    LASCAW_VINTW@14
  917     0.05      414.548        0.212        0.213           1776        0.12        0.12    ACTQSAT@31
  918     0.05      414.548        0.212        0.213           1813        0.12        0.12    CPPHINP@20
  919     0.05      414.548        0.211        0.213           1813        0.12        0.12    CPPHINP@17
  920     0.05      414.548        0.211        0.212           1776        0.12        0.12    ACTQSAT@29
  921     0.05      414.548        0.211        0.211            165        1.28        1.28    LEDIR_DGEMM_1@15
  922     0.05      414.548        0.211        0.212           1776        0.12        0.12    ACTQSAT@30
  923     0.05      414.548        0.211        0.212           1776        0.12        0.12    ACTQSAT@32
  924     0.05      414.548        0.211        0.211            138        1.53        1.53    LEDIR_DGEMM_1@13
  925     0.05      414.548        0.211        0.212           1813        0.12        0.12    CPPHINP@24
  926     0.05      414.548        0.211        0.212           1813        0.12        0.12    CPPHINP@18
  927     0.05      414.548        0.211        0.211           1776        0.12        0.12    CUBASEN@31
  928     0.05      414.548        0.210        0.211           1776        0.12        0.12    CUBASEN@27
  929     0.05      414.548        0.210        0.212           1813        0.12        0.12    CPPHINP@23
  930     0.05      414.548        0.210        0.211           1776        0.12        0.12    CUBASEN@26
  931     0.05      414.548        0.210        0.212           1813        0.12        0.12    CPPHINP@22
  932     0.05      414.548        0.210        0.211           1776        0.12        0.12    CUBASEN@32
  933     0.05      414.758        0.210        0.238          98280        0.00        0.00    radiation_gas:put_gas_CPU@1
  934     0.05      414.758        0.210        0.211           1813        0.12        0.12    CUBASEN@21
  935     0.05      414.758        0.210        0.211           1813        0.12        0.12    CUBASEN@20
  936     0.05      414.968        0.210        1.518             37        5.67       41.03    APL_ARPEGE_DEEP_CONVECTION_PARALLEL:CUCALLN_MF:COMPUTE@1
  937     0.05      414.968        0.209        0.211           1813        0.12        0.12    CPPHINP@21
  938     0.05      414.968        0.209        0.211           1776        0.12        0.12    LASCAW_VINTW@25
  939     0.05      414.968        0.209        0.210           1776        0.12        0.12    QNGCOR@30
  940     0.05      414.968        0.209        0.210           1813        0.12        0.12    LASCAW_VINTW@20
  941     0.05      414.968        0.208        0.209           1813        0.11        0.12    CUBASEN@5
  942     0.05      414.968        0.208        0.209           1776        0.12        0.12    CUBASEN@29
  943     0.05      414.968        0.208        0.209           1776        0.12        0.12    LASCAW_VINTW@28
  944     0.05      414.968        0.208        0.216          16317        0.01        0.01    LAITLI@20
  945     0.05      414.968        0.207        0.209           1813        0.11        0.12    LASCAW_VINTW@17
  946     0.05      414.968        0.206        0.208           1776        0.12        0.12    CPPHINP@25
  947     0.05      414.968        0.206        0.207           1813        0.11        0.11    LASCAW_VINTW@19
  948     0.05      414.968        0.206        0.207           1776        0.12        0.12    CUBASEN@25
  949     0.05      414.968        0.206        0.207           1776        0.12        0.12    CPPHINP@26
  950     0.05      414.968        0.206        0.207           1813        0.11        0.11    LASCAW_VINTW@21
  951     0.05      414.968        0.205        0.207           1776        0.12        0.12    LASCAW_VINTW@29
  952     0.05      414.968        0.205        0.207           1776        0.12        0.12    LASCAW_VINTW@27
  953     0.05      414.968        0.205        0.214          16317        0.01        0.01    LAITLI@21
  954     0.05      414.968        0.205        0.213          16317        0.01        0.01    LAITLI@12
  955     0.05      414.968        0.205        0.214          16317        0.01        0.01    LAITLI@17
  956     0.05      414.968        0.205        0.206           1776        0.12        0.12    LASCAW_VINTW@32
  957     0.05      414.968        0.205        0.212          16317        0.01        0.01    LAITLI@9
  958     0.05      414.968        0.205        0.206           1813        0.11        0.11    GPINISLB_PART1_EXPL@19
  959     0.05      414.968        0.204        0.206           1813        0.11        0.11    GPINISLB_PART1_EXPL@20
  960     0.05      414.968        0.204        0.205           1813        0.11        0.11    GPINISLB_PART1_EXPL@18
  961     0.05      414.968        0.204        0.204            219        0.93        0.93    LEDIR_DGEMM_1@31
  962     0.05      414.968        0.204        0.206           1813        0.11        0.11    GPINISLB_PART1_EXPL@17
  963     0.05      414.968        0.204        0.212          16317        0.01        0.01    LAITLI@19
  964     0.05      414.968        0.204        0.205           1813        0.11        0.11    LASCAW_VINTW@24
  965     0.05      414.968        0.204        0.211          16317        0.01        0.01    LAITLI@10
  966     0.05      414.968        0.204        0.205           1776        0.11        0.12    CPPHINP@27
  967     0.05      414.968        0.204        0.205           1813        0.11        0.11    LASCAW_VINTW@22
  968     0.05      414.968        0.204        0.205           3552        0.06        0.06    ACUPTQ@32
  969     0.05      414.968        0.203        0.205           1813        0.11        0.11    LASCAW_VINTW@18
  970     0.05      414.968        0.203        0.204           1776        0.11        0.12    GPINISLB_PART1_EXPL@27
  971     0.05      414.968        0.203        0.204           1776        0.11        0.11    LASCAW_VINTW@30
  972     0.05      414.968        0.203        0.211          16317        0.01        0.01    LAITLI@23
  973     0.05      414.968        0.203        0.204           1776        0.11        0.11    GPINISLB_PART1_EXPL@28
  974     0.05      414.968        0.203        0.204           1813        0.11        0.11    GPINISLB_PART1_EXPL@24
  975     0.05      414.968        0.203        0.204           1776        0.11        0.12    LASCAW_VINTW@26
  976     0.05      414.968        0.203        0.204           1776        0.11        0.11    LASCAW_VINTW@31
  977     0.05      414.968        0.203        0.204           1813        0.11        0.11    GPINISLB_PART1_EXPL@23
  978     0.05      414.968        0.203        0.211          16317        0.01        0.01    LAITLI@22
  979     0.05      414.968        0.203        0.204           1776        0.11        0.11    GPINISLB_PART1_EXPL@32
  980     0.05      414.968        0.203        0.204           1813        0.11        0.11    CUBASEN@4
  981     0.05      414.968        0.203        0.204           1776        0.11        0.12    GPINISLB_PART1_EXPL@25
  982     0.05      414.968        0.203        0.211          16317        0.01        0.01    LAITLI@13
  983     0.05      414.968        0.203        0.210          16317        0.01        0.01    LAITLI@18
  984     0.05      414.968        0.203        0.211          16317        0.01        0.01    LAITLI@11
  985     0.05      414.968        0.203        0.210          16317        0.01        0.01    LAITLI@16
  986     0.05      414.968        0.203        0.204           1776        0.11        0.11    GPINISLB_PART1_EXPL@26
  987     0.05      414.968        0.203        0.203           1776        0.11        0.11    GPINISLB_PART1_EXPL@31
  988     0.05      414.968        0.203        0.211          16317        0.01        0.01    LAITLI@15
  989     0.05      414.968        0.202        0.204           1813        0.11        0.11    LASCAW_VINTW@23
  990     0.05      414.968        0.202        0.203           1776        0.11        0.11    GPINISLB_PART1_EXPL@29
  991     0.05      414.968        0.202        0.203           1776        0.11        0.11    GPINISLB_PART1_EXPL@30
  992     0.05      415.169        0.202        0.203           1813        0.11        0.11   *ACNEBN@9
  993     0.05      415.169        0.202        0.202            169        1.19        1.20    LEDIR_DGEMM_1@16
  994     0.05      415.371        0.202        0.203           1813        0.11        0.11   *ACDRAG@12
  995     0.05      415.371        0.202        0.203           1813        0.11        0.11    ACNEBN@11
  996     0.05      415.371        0.202        0.210          16317        0.01        0.01    LAITLI@24
  997     0.05      415.371        0.202        0.203           1813        0.11        0.11    ACDRAG@9
  998     0.05      415.371        0.201        0.204           3552        0.06        0.06    ACUPTQ@25
  999     0.05      415.371        0.201        0.203           1813        0.11        0.11    GPINISLB_PART1_EXPL@22
 1000     0.05      415.371        0.201        0.202           1813        0.11        0.11    ACDRAG@10
 1001     0.05      415.371        0.201        0.209          16317        0.01        0.01    LAITLI@14
 1002     0.05      415.572        0.201        0.204           5439        0.04        0.04   *ROTUVGEO@12
 1003     0.05      415.572        0.201        0.202           1813        0.11        0.11    ACNEBN@7
 1004     0.05      415.572        0.201        0.202           1813        0.11        0.11    ACNEBN@10
 1005     0.05      415.572        0.201        0.202           1813        0.11        0.11    ACNEBN@5
 1006     0.05      415.572        0.201        0.202           1813        0.11        0.11    ACDRAG@11
 1007     0.05      415.572        0.201        0.201           1776        0.11        0.11    CUBASEN@30
 1008     0.05      415.572        0.201        0.202           1813        0.11        0.11    GPINISLB_PART1_EXPL@21
 1009     0.05      415.572        0.201        0.203           5439        0.04        0.04    ROTUVGEO@9
 1010     0.05      415.572        0.201        0.208          16317        0.01        0.01    LAITLI@8
 1011     0.05      415.572        0.201        0.202           1813        0.11        0.11    ACDRAG@7
 1012     0.05      415.572        0.200        0.202           1813        0.11        0.11    ACNEBN@12
 1013     0.05      415.572        0.200        0.201           1813        0.11        0.11    ACNEBN@3
 1014     0.05      415.572        0.200        0.202           1813        0.11        0.11    ACDRAG@8
 1015     0.05      415.572        0.200        0.203           3626        0.06        0.06    ACUPTQ@19
 1016     0.05      415.572        0.200        0.202           1813        0.11        0.11    ACDRAG@13
 1017     0.05      415.572        0.200        0.201           1813        0.11        0.11    ACDRAG@5
 1018     0.05      415.572        0.200        0.203           5439        0.04        0.04    ROTUVGEO@10
 1019     0.05      415.572        0.200        0.201           1813        0.11        0.11    ACNEBN@6
 1020     0.05      415.572        0.200        0.203           5439        0.04        0.04    ROTUVGEO@11
 1021     0.05      415.572        0.200        0.201           1813        0.11        0.11    ACNEBN@14
 1022     0.05      415.572        0.200        0.202           3552        0.06        0.06    ACUPTQ@28
 1023     0.05      415.572        0.200        0.201           1813        0.11        0.11    ACNEBN@15
 1024     0.05      415.572        0.200        0.201           1813        0.11        0.11    ACNEBN@8
 1025     0.05      415.572        0.200        0.201           1813        0.11        0.11    ACNEBN@2
 1026     0.05      415.572        0.200        0.208          16317        0.01        0.01    LAITLI@5
 1027     0.05      415.572        0.200        0.208          16317        0.01        0.01    LAITLI@7
 1028     0.05      415.572        0.200        0.201           3552        0.06        0.06    ACUPTQ@31
 1029     0.05      415.572        0.200        0.202           5439        0.04        0.04    ROTUVGEO@7
 1030     0.05      415.572        0.200        0.201           1813        0.11        0.11    ACDRAG@6
 1031     0.05      415.572        0.200        0.201           1813        0.11        0.11    ACNEBN@13
 1032     0.05      415.572        0.200        0.200           1813        0.11        0.11    ACDRAG@2
 1033     0.05      415.572        0.200        0.203           5439        0.04        0.04    ROTUVGEO@8
 1034     0.05      415.572        0.200        0.200           1813        0.11        0.11    ACNEBN@4
 1035     0.05      415.572        0.199        0.200           1813        0.11        0.11    ACDRAG@4
 1036     0.05      415.572        0.199        0.200           1813        0.11        0.11    ACDRAG@15
 1037     0.05      415.572        0.199        0.201           3552        0.06        0.06    ACUPTQ@30
 1038     0.05      415.572        0.199        0.200           1813        0.11        0.11    ACDRAG@14
 1039     0.05      415.572        0.199        0.202           3626        0.05        0.06    ACUPTQ@22
 1040     0.05      415.572        0.199        0.200           1813        0.11        0.11    ACNEBN@16
 1041     0.05      415.572        0.199        0.201           5439        0.04        0.04    ROTUVGEO@3
 1042     0.05      415.572        0.199        0.200           1813        0.11        0.11    ACDRAG@16
 1043     0.05      415.572        0.199        0.201           5439        0.04        0.04    ROTUVGEO@4
 1044     0.05      415.572        0.199        0.200           1776        0.11        0.11    CPPHINP@28
 1045     0.05      415.572        0.199        0.202           5439        0.04        0.04    ROTUVGEO@5
 1046     0.05      415.572        0.199        0.199            220        0.90        0.90    LEDIR_DGEMM_1@32
 1047     0.05      415.572        0.199        0.200           1813        0.11        0.11    ACDRAG@3
 1048     0.05      415.572        0.199        0.201           3552        0.06        0.06    ACUPTQ@26
 1049     0.05      415.771        0.199        0.199             37        5.37        5.37    CPUTQY_APLPAR_EXPL_PARALLEL:ZDEC:COMPUTE@1
 1050     0.05      415.771        0.198        0.201           3626        0.05        0.06    ACUPTQ@20
 1051     0.05      415.771        0.198        0.199            205        0.97        0.97    LEDIR_DGEMM_1@24
 1052     0.05      415.771        0.198        0.199           1776        0.11        0.11    CPPHINP@32
 1053     0.05      415.771        0.198        0.200           5439        0.04        0.04    ROTUVGEO@6
 1054     0.05      415.771        0.198        0.200           5439        0.04        0.04    ROTUVGEO@2
 1055     0.05      415.771        0.198        0.200           5439        0.04        0.04    ROTUVGEO@16
 1056     0.05      415.771        0.198        0.200           3626        0.05        0.06    ACUPTQ@17
 1057     0.05      415.771        0.198        0.201           5439        0.04        0.04    ROTUVGEO@13
 1058     0.05      415.771        0.198        0.199           5439        0.04        0.04    ROTUVGEO@1
 1059     0.05      415.771        0.197        0.200           5439        0.04        0.04    ROTUVGEO@15
 1060     0.05      415.771        0.197        0.205          16317        0.01        0.01    LAITLI@6
 1061     0.05      415.771        0.197        0.200           5439        0.04        0.04    ROTUVGEO@14
 1062     0.05      415.968        0.197        0.197             37        5.33        5.33    CPGLAG_PARALLEL:0:COMPUTE@1
 1063     0.05      415.968        0.197        0.205          15984        0.01        0.01    LAITLI@25
 1064     0.05      415.968        0.197        0.198           1776        0.11        0.11    CPPHINP@31
 1065     0.05      415.968        0.197        0.198           1776        0.11        0.11    CPPHINP@29
 1066     0.05      415.968        0.197        0.199           3626        0.05        0.05    ACUPTQ@18
 1067     0.05      415.968        0.197        0.204          15984        0.01        0.01    LAITLI@28
 1068     0.05      415.968        0.196        0.199           3552        0.06        0.06    ACUPTQ@29
 1069     0.05      415.968        0.196        0.197           1776        0.11        0.11    CPPHINP@30
 1070     0.05      415.968        0.196        0.196            206        0.95        0.95    LEDIR_DGEMM_1@23
 1071     0.05      415.968        0.196        0.203          15984        0.01        0.01    LAITLI@29
 1072     0.05      416.164        0.196        0.282             37        5.29        7.61    APL_ARPEGE_PARALLEL:ACCLPH:COMPUTE@1
 1073     0.05      416.164        0.196        0.203          15984        0.01        0.01    LAITLI@26
 1074     0.05      416.164        0.196        0.202          15984        0.01        0.01    LAITLI@32
 1075     0.05      416.164        0.195        0.196           1813        0.11        0.11    ACNEBN@1
 1076     0.05      416.164        0.195        0.202          15984        0.01        0.01    LAITLI@27
 1077     0.05      416.164        0.195        0.195            179        1.09        1.09    LEDIR_DGEMM_1@17
 1078     0.05      416.164        0.194        0.201          15984        0.01        0.01    LAITLI@30
 1079     0.05      416.164        0.194        0.201          15984        0.01        0.01    LAITLI@31
 1080     0.05      416.164        0.194        0.196           3552        0.05        0.06    ACUPTQ@27
 1081     0.04      416.357        0.193        0.194           1813        0.11        0.11   *ACBL89@6
 1082     0.04      416.357        0.193        0.196           3626        0.05        0.05    ACUPTQ@24
 1083     0.04      416.357        0.193        0.199          16317        0.01        0.01    LAITLI@4
 1084     0.04      416.357        0.193        0.199          16317        0.01        0.01    LAITLI@2
 1085     0.04      416.550        0.193      211.596              7       27.51    30228.04    RECMWF_PARALLEL:ECRAD_CPU:COMPUTE@1
 1086     0.04      416.550        0.192        0.193           1813        0.11        0.11    ACBL89@7
 1087     0.04      416.550        0.192        0.199          16317        0.01        0.01    LAITLI@3
 1088     0.04      416.550        0.192        0.193           1813        0.11        0.11    ACBL89@5
 1089     0.04      416.550        0.192        0.193           1813        0.11        0.11    ACBL89@8
 1090     0.04      416.550        0.192        0.193           1813        0.11        0.11    ACBL89@9
 1091     0.04      416.741        0.191        0.193           2808        0.07        0.07   *SGEMMX@21
 1092     0.04      416.741        0.191        0.194           3626        0.05        0.05    ACUPTQ@21
 1093     0.04      416.741        0.191        0.192           2808        0.07        0.07    SGEMMX@24
 1094     0.04      416.741        0.191        0.192           2808        0.07        0.07    SGEMMX@22
 1095     0.04      416.741        0.191        0.193           3626        0.05        0.05    ACUPTQ@23
 1096     0.04      416.741        0.191        0.192           2808        0.07        0.07    SGEMMX@20
 1097     0.04      416.741        0.191        0.192           2808        0.07        0.07    SGEMMX@23
 1098     0.04      416.741        0.190        0.192           2808        0.07        0.07    SGEMMX@17
 1099     0.04      416.741        0.190        0.191           2808        0.07        0.07    SGEMMX@18
 1100     0.04      416.741        0.190        0.192           2808        0.07        0.07    SGEMMX@19
 1101     0.04      416.741        0.190        0.190            212        0.90        0.90    LEDIR_DGEMM_1@29
 1102     0.04      416.741        0.190        0.192           2808        0.07        0.07    SGEMMX@13
 1103     0.04      416.931        0.190        0.191           1813        0.10        0.11   *ACDRME@10
 1104     0.04      416.931        0.189        0.190           1813        0.10        0.10    ACDRME@9
 1105     0.04      416.931        0.189        0.190           1813        0.10        0.10    ACBL89@10
 1106     0.04      416.931        0.189        0.191           2808        0.07        0.07    SGEMMX@14
 1107     0.04      416.931        0.189        0.190           1813        0.10        0.11    ACBL89@11
 1108     0.04      416.931        0.189        0.190           2808        0.07        0.07    SGEMMX@12
 1109     0.04      416.931        0.189        0.190           1813        0.10        0.10    ACDRME@12
 1110     0.04      416.931        0.189        0.190           2808        0.07        0.07    SGEMMX@9
 1111     0.04      416.931        0.189        0.190           1813        0.10        0.10    ACDRME@16
 1112     0.04      416.931        0.189        0.190           2808        0.07        0.07    SGEMMX@16
 1113     0.04      416.931        0.189        0.189           1813        0.10        0.10    ACBL89@4
 1114     0.04      416.931        0.189        0.190           1813        0.10        0.10    ACDRME@13
 1115     0.04      416.931        0.189        0.189           1813        0.10        0.10    ACBL89@16
 1116     0.04      416.931        0.188        0.190           2808        0.07        0.07    SGEMMX@10
 1117     0.04      416.931        0.188        0.189           1813        0.10        0.10    ACDRME@15
 1118     0.04      416.931        0.188        0.189           1813        0.10        0.10    ACDRAG@1
 1119     0.04      416.931        0.188        0.189           1813        0.10        0.10    ACDRME@14
 1120     0.04      416.931        0.188        0.189           1813        0.10        0.10    ACBL89@12
 1121     0.04      416.931        0.188        0.189           1813        0.10        0.10    ACBL89@15
 1122     0.04      416.931        0.188        0.190           2808        0.07        0.07    SGEMMX@15
 1123     0.04      416.931        0.188        0.189           2808        0.07        0.07    SGEMMX@28
 1124     0.04      416.931        0.188        0.189           1813        0.10        0.10    ACDRME@8
 1125     0.04      416.931        0.188        0.189           1813        0.10        0.10    ACBL89@13
 1126     0.04      417.119        0.188        0.188             37        5.08        5.08    APL_ARPEGE_PARALLEL:ZBAY_QRCONV:COMPUTE@1
 1127     0.04      417.119        0.188        0.190           2808        0.07        0.07    SGEMMX@11
 1128     0.04      417.119        0.188        0.190           2808        0.07        0.07    SGEMMX@25
 1129     0.04      417.119        0.188        0.189           1813        0.10        0.10    ACDRME@6
 1130     0.04      417.119        0.188        0.188            215        0.87        0.87    LEDIR_DGEMM_1@30
 1131     0.04      417.119        0.188        0.189           2808        0.07        0.07    SGEMMX@26
 1132     0.04      417.119        0.188        0.189           1813        0.10        0.10    ACDRME@11
 1133     0.04      417.119        0.188        0.189           1813        0.10        0.10    ACDRME@7
 1134     0.04      417.119        0.187        0.188           2808        0.07        0.07    SGEMMX@27
 1135     0.04      417.119        0.187        0.188           1813        0.10        0.10    ACBL89@14
 1136     0.04      417.119        0.187        0.188           1813        0.10        0.10    ACDRME@5
 1137     0.04      417.119        0.187        0.187            210        0.89        0.89    LEDIR_DGEMM_1@28
 1138     0.04      417.119        0.186        0.187           1813        0.10        0.10    ACBL89@3
 1139     0.04      417.119        0.186        0.186           1813        0.10        0.10    ACDRME@2
 1140     0.04      417.119        0.186        0.186            176        1.05        1.05    LEDIR_DGEMM_1@18
 1141     0.04      417.304        0.185       13.628             37        5.01      368.33    ACVPPKF_PARALLEL:PART2@1
 1142     0.04      417.304        0.185        0.185            179        1.03        1.03    LEDIR_DGEMM_1@19
 1143     0.04      417.304        0.185        0.185           1813        0.10        0.10    ACDRME@4
 1144     0.04      417.304        0.185        0.185           1813        0.10        0.10    ACDRME@1
 1145     0.04      417.489        0.185        2.896         230880        0.00        0.01    LAITLIF@1
 1146     0.04      417.489        0.184        0.185            207        0.89        0.89    LEDIR_DGEMM_1@27
 1147     0.04      417.489        0.184        0.185           1813        0.10        0.10    ACDRME@3
 1148     0.04      417.489        0.184        0.184            206        0.89        0.89    LEDIR_DGEMM_1@26
 1149     0.04      417.672        0.183        0.184            121        1.52        1.52   *LEDIR_DGEMM_2@9
 1150     0.04      417.672        0.183        0.184           1813        0.10        0.10    CUBASEN@3
 1151     0.04      417.672        0.183        0.183            177        1.03        1.03    LEDIR_DGEMM_1@20
 1152     0.04      417.672        0.182        0.184           2808        0.06        0.07    SGEMMX@5
 1153     0.04      417.672        0.182        0.182            206        0.88        0.89    LEDIR_DGEMM_1@25
 1154     0.04      417.672        0.182        0.183           2808        0.06        0.07    SGEMMX@6
 1155     0.04      417.854        0.181        0.182            148        1.23        1.23    GPINISLB_PART2_EXPL_PARALLEL:1:COMPUTE@1
 1156     0.04      417.854        0.181        0.183           2808        0.06        0.07    SGEMMX@7
 1157     0.04      417.854        0.181        0.183           2808        0.06        0.07    SGEMMX@8
 1158     0.04      417.854        0.181        0.183           2808        0.06        0.07    SGEMMX@29
 1159     0.04      417.854        0.180        0.181           2808        0.06        0.06    SGEMMX@30
 1160     0.04      417.854        0.180        0.180            187        0.96        0.96    LEDIR_DGEMM_1@21
 1161     0.04      418.033        0.180        0.180           1813        0.10        0.10   *GPHPRE_EXPL_VERTFE1@16
 1162     0.04      418.033        0.179        0.180           1813        0.10        0.10    GPHPRE_EXPL_VERTFE1@6
 1163     0.04      418.033        0.179        0.180           1813        0.10        0.10    GPHPRE_EXPL_VERTFE1@14
 1164     0.04      418.033        0.179        0.180           1813        0.10        0.10    GPHPRE_EXPL_VERTFE1@10
 1165     0.04      418.033        0.179        0.180           1813        0.10        0.10    GPHPRE_EXPL_VERTFE1@15
 1166     0.04      418.033        0.179        0.180           1813        0.10        0.10    GPHPRE_EXPL_VERTFE1@7
 1167     0.04      418.033        0.179        0.180           1813        0.10        0.10    GPHPRE_EXPL_VERTFE1@9
 1168     0.04      418.033        0.179        0.180           1813        0.10        0.10    GPHPRE_EXPL_VERTFE1@3
 1169     0.04      418.033        0.178        0.179           1816        0.10        0.10    GPHPRE_EXPL_VERTFE1@1
 1170     0.04      418.033        0.178        0.179           1813        0.10        0.10    GPHPRE_EXPL_VERTFE1@2
 1171     0.04      418.033        0.178        0.179           1813        0.10        0.10    GPHPRE_EXPL_VERTFE1@11
 1172     0.04      418.033        0.178        0.179           1813        0.10        0.10    GPHPRE_EXPL_VERTFE1@8
 1173     0.04      418.033        0.178        0.179           1813        0.10        0.10    GPHPRE_EXPL_VERTFE1@13
 1174     0.04      418.033        0.178        0.179           1813        0.10        0.10    ACBL89@2
 1175     0.04      418.033        0.178        0.178            123        1.45        1.45    LEDIR_DGEMM_2@10
 1176     0.04      418.033        0.178        0.179           1813        0.10        0.10    GPHPRE_EXPL_VERTFE1@4
 1177     0.04      418.033        0.178        0.179           2808        0.06        0.06    SGEMMX@31
 1178     0.04      418.033        0.178        0.178            194        0.92        0.92    LEDIR_DGEMM_1@22
 1179     0.04      418.033        0.178        0.179           1813        0.10        0.10    GPHPRE_EXPL_VERTFE1@5
 1180     0.04      418.211        0.177        0.184             37        4.79        4.96    LATTES_PARALLEL:0:COMPUTE@1
 1181     0.04      418.211        0.177        0.178           1813        0.10        0.10    GPHPRE_EXPL_VERTFE1@12
 1182     0.04      418.211        0.175        0.175             80        2.19        2.19    LEDIR_DGEMM_2@4
 1183     0.04      418.211        0.175        0.175            103        1.70        1.70    LEDIR_DGEMM_2@8
 1184     0.04      418.211        0.175        0.176           1813        0.10        0.10    ACDRAG@19
 1185     0.04      418.211        0.174        0.175            126        1.38        1.39    LEDIR_DGEMM_2@11
 1186     0.04      418.211        0.174        0.176           1813        0.10        0.10    ACDRAG@20
 1187     0.04      418.211        0.174        0.175           1813        0.10        0.10    ACDRAG@18
 1188     0.04      418.211        0.174        0.175           1813        0.10        0.10    ACDRAG@17
 1189     0.04      418.211        0.173        0.174           1776        0.10        0.10    ACDRAG@28
 1190     0.04      418.211        0.173        0.175           1813        0.10        0.10    ACDRAG@21
 1191     0.04      418.211        0.173        0.173             88        1.97        1.97    LEDIR_DGEMM_2@1
 1192     0.04      418.211        0.173        0.174           1813        0.10        0.10    ACDRAG@24
 1193     0.04      418.211        0.173        0.174           1813        0.10        0.10    ACBL89@17
 1194     0.04      418.211        0.173        0.174           1776        0.10        0.10    ACDRAG@31
 1195     0.04      418.211        0.173        0.173             80        2.16        2.16    LEDIR_DGEMM_2@3
 1196     0.04      418.211        0.173        0.173            158        1.09        1.09    LEDIR_DGEMM_2@14
 1197     0.04      418.211        0.173        0.174           1813        0.10        0.10    ACDRAG@23
 1198     0.04      418.211        0.173        0.173           1776        0.10        0.10    ACDRAG@27
 1199     0.04      418.211        0.173        0.174           1813        0.10        0.10    ACBL89@18
 1200     0.04      418.211        0.172        0.174           1813        0.10        0.10    ACDRAG@22
 1201     0.04      418.211        0.172        0.173           1776        0.10        0.10    ACDRAG@30
 1202     0.04      418.211        0.172        0.173           1776        0.10        0.10    ACDRAG@29
 1203     0.04      418.211        0.172        0.173           1813        0.09        0.10    ACBL89@19
 1204     0.04      418.211        0.172        0.173           1813        0.09        0.10    ACBL89@1
 1205     0.04      418.211        0.172        0.173           1813        0.09        0.10    ACBL89@21
 1206     0.04      418.211        0.172        0.172           1776        0.10        0.10    ACDRAG@32
 1207     0.04      418.211        0.172        0.173           1813        0.09        0.10    ACBL89@24
 1208     0.04      418.211        0.172        0.173           1776        0.10        0.10    ACDRAG@25
 1209     0.04      418.211        0.172        0.173           1813        0.09        0.10    ACBL89@23
 1210     0.04      418.211        0.172        0.172            165        1.04        1.04    LEDIR_DGEMM_2@15
 1211     0.04      418.211        0.171        0.172           1776        0.10        0.10    ACDRAG@26
 1212     0.04      418.211        0.171        0.172           1813        0.09        0.09    ACBL89@22
 1213     0.04      418.211        0.171        0.171             78        2.19        2.19    LEDIR_DGEMM_2@2
 1214     0.04      418.211        0.171        0.172           1813        0.09        0.09    ACBL89@20
 1215     0.04      418.211        0.170        0.170            126        1.35        1.35    LEDIR_DGEMM_2@12
 1216     0.04      418.211        0.170        0.170           1776        0.10        0.10    ACBL89@31
 1217     0.04      418.211        0.169        0.170           1776        0.10        0.10    ACBL89@30
 1218     0.04      418.211        0.169        0.170           1776        0.10        0.10    ACBL89@32
 1219     0.04      418.211        0.169        0.169            205        0.82        0.82    LEDIR_DGEMM_2@24
 1220     0.04      418.211        0.168        0.169           1776        0.09        0.10    ACBL89@26
 1221     0.04      418.211        0.168        0.169           1776        0.09        0.10    ACBL89@29
 1222     0.04      418.211        0.168        0.168             80        2.10        2.10    LEDIR_DGEMM_2@5
 1223     0.04      418.211        0.168        0.168            179        0.94        0.94    LEDIR_DGEMM_2@17
 1224     0.04      418.379        0.168        0.168             37        4.54        4.55    CPG_SL2_TYPE_SET_HOST_PARALLEL@1
 1225     0.04      418.379        0.168        0.169           1776        0.09        0.10    ACBL89@25
 1226     0.04      418.379        0.168        0.169           1776        0.09        0.10    ACBL89@27
 1227     0.04      418.379        0.167        0.167            206        0.81        0.81    LEDIR_DGEMM_2@23
 1228     0.04      418.379        0.167        0.168           1776        0.09        0.09    ACBL89@28
 1229     0.04      418.379        0.166        0.167           1813        0.09        0.09    GPHPRE_EXPL_VERTFE1@19
 1230     0.04      418.379        0.166        0.166            169        0.98        0.98    LEDIR_DGEMM_2@16
 1231     0.04      418.544        0.166        0.964           1813        0.09        0.53   *ACTKE@8
 1232     0.04      418.544        0.166        0.166            207        0.80        0.80    LEDIR_DGEMM_2@27
 1233     0.04      418.544        0.166        0.167           1813        0.09        0.09    GPHPRE_EXPL_VERTFE1@22
 1234     0.04      418.544        0.166        0.167           1813        0.09        0.09    GPHPRE_EXPL_VERTFE1@24
 1235     0.04      418.544        0.166        0.167           1813        0.09        0.09    GPHPRE_EXPL_VERTFE1@21
 1236     0.04      418.544        0.165        0.166           1813        0.09        0.09    GPHPRE_EXPL_VERTFE1@18
 1237     0.04      418.544        0.165        0.167           1813        0.09        0.09    GPHPRE_EXPL_VERTFE1@17
 1238     0.04      418.544        0.165        0.167           1813        0.09        0.09    GPHPRE_EXPL_VERTFE1@23
 1239     0.04      418.544        0.165        0.166           1813        0.09        0.09    GPHPRE_EXPL_VERTFE1@20
 1240     0.04      418.544        0.165        0.965           1813        0.09        0.53    ACTKE@5
 1241     0.04      418.544        0.165        0.960           1813        0.09        0.53    ACTKE@15
 1242     0.04      418.544        0.165        0.959           1813        0.09        0.53    ACTKE@14
 1243     0.04      418.544        0.165        0.963           1813        0.09        0.53    ACTKE@6
 1244     0.04      418.544        0.164        0.962           1813        0.09        0.53    ACTKE@12
 1245     0.04      418.544        0.164        0.164            176        0.93        0.93    LEDIR_DGEMM_2@18
 1246     0.04      418.544        0.164        0.164            138        1.19        1.19    LEDIR_DGEMM_2@13
 1247     0.04      418.544        0.164        0.164            206        0.80        0.80    LEDIR_DGEMM_2@26
 1248     0.04      418.544        0.164        0.960           1813        0.09        0.53    ACTKE@13
 1249     0.04      418.544        0.164        0.165           1776        0.09        0.09    GPHPRE_EXPL_VERTFE1@27
 1250     0.04      418.544        0.164        0.957           1813        0.09        0.53    ACTKE@16
 1251     0.04      418.544        0.164        0.164           1776        0.09        0.09    GPHPRE_EXPL_VERTFE1@31
 1252     0.04      418.544        0.164        0.959           1813        0.09        0.53    ACTKE@11
 1253     0.04      418.544        0.163        0.164           1776        0.09        0.09    GPHPRE_EXPL_VERTFE1@28
 1254     0.04      418.544        0.163        0.164           1776        0.09        0.09    GPHPRE_EXPL_VERTFE1@29
 1255     0.04      418.544        0.163        0.164           1776        0.09        0.09    GPHPRE_EXPL_VERTFE1@26
 1256     0.04      418.544        0.163        0.164           1776        0.09        0.09    GPHPRE_EXPL_VERTFE1@30
 1257     0.04      418.544        0.163        0.164           1776        0.09        0.09    GPHPRE_EXPL_VERTFE1@25
 1258     0.04      418.544        0.163        0.163            206        0.79        0.79    LEDIR_DGEMM_2@25
 1259     0.04      418.544        0.163        0.163            219        0.74        0.74    LEDIR_DGEMM_2@31
 1260     0.04      418.707        0.162        1.288             37        4.39       34.82    CPG_GP_HYD_PARALLEL:2:COMPUTE@1
 1261     0.04      418.707        0.162        0.163           1776        0.09        0.09    GPHPRE_EXPL_VERTFE1@32
 1262     0.04      418.707        0.162        0.162            210        0.77        0.77    LEDIR_DGEMM_2@28
 1263     0.04      418.707        0.162        0.162             80        2.03        2.03    LEDIR_DGEMM_2@6
 1264     0.04      418.707        0.162        0.162            220        0.74        0.74    LEDIR_DGEMM_2@32
 1265     0.04      418.707        0.162        0.162             82        1.97        1.97    LEDIR_DGEMM_2@7
 1266     0.04      418.707        0.161        0.161            179        0.90        0.90    LEDIR_DGEMM_2@19
 1267     0.04      418.707        0.160        0.958           1813        0.09        0.53    ACTKE@9
 1268     0.04      418.707        0.160        0.161            212        0.76        0.76    LEDIR_DGEMM_2@29
 1269     0.04      418.707        0.160        0.961           1813        0.09        0.53    ACTKE@7
 1270     0.04      418.707        0.160        0.956           1813        0.09        0.53    ACTKE@10
 1271     0.04      418.707        0.160        0.160            194        0.82        0.83    LEDIR_DGEMM_2@22
 1272     0.04      418.707        0.160        0.163           5439        0.03        0.03    ROTUVGEO@17
 1273     0.04      418.707        0.159        0.162           5439        0.03        0.03    ROTUVGEO@19
 1274     0.04      418.707        0.159        0.162           5439        0.03        0.03    ROTUVGEO@20
 1275     0.04      418.707        0.159        0.161           5439        0.03        0.03    ROTUVGEO@18
 1276     0.04      418.707        0.158        0.947           1813        0.09        0.52    ACTKE@4
 1277     0.04      418.707        0.157        0.157            177        0.89        0.89    LEDIR_DGEMM_2@20
 1278     0.04      418.864        0.157        9.132             37        4.24      246.82    LARCINB_PARALLEL:LRHS_CURV_F:COMPUTE@1
 1279     0.04      418.864        0.157        0.945           1813        0.09        0.52    ACTKE@3
 1280     0.04      418.864        0.157        0.934           1813        0.09        0.52    ACTKE@2
 1281     0.04      418.864        0.156        0.160           5328        0.03        0.03    ROTUVGEO@25
 1282     0.04      418.864        0.156        0.159           5439        0.03        0.03    ROTUVGEO@24
 1283     0.04      418.864        0.156        0.158           5328        0.03        0.03    ROTUVGEO@27
 1284     0.04      418.864        0.155        0.156            215        0.72        0.72    LEDIR_DGEMM_2@30
 1285     0.04      418.864        0.155        0.158           5328        0.03        0.03    ROTUVGEO@28
 1286     0.04      418.864        0.155        0.159           5439        0.03        0.03    ROTUVGEO@21
 1287     0.04      418.864        0.155        0.157           5328        0.03        0.03    ROTUVGEO@29
 1288     0.04      418.864        0.155        0.155            187        0.83        0.83    LEDIR_DGEMM_2@21
 1289     0.04      418.864        0.155        0.158           5439        0.03        0.03    ROTUVGEO@23
 1290     0.04      418.864        0.155        0.157           5328        0.03        0.03    ROTUVGEO@26
 1291     0.04      418.864        0.154        0.156           5328        0.03        0.03    ROTUVGEO@32
 1292     0.04      418.864        0.154        0.157           5439        0.03        0.03    ROTUVGEO@22
 1293     0.04      418.864        0.154        0.156           5328        0.03        0.03    ROTUVGEO@30
 1294     0.04      418.864        0.154        0.156           5328        0.03        0.03    ROTUVGEO@31
 1295     0.04      419.017        0.153        0.153            148        1.04        1.04    GPRCP_EXPL_PARALLEL:0:COMPUTE@1
 1296     0.04      419.170        0.153        0.411             37        4.13       11.12    CPG_GP_HYD_PARALLEL:0:COMPUTE@1
 1297     0.04      419.322        0.152       14.958            222        0.69       67.38    LARCINB_PARALLEL:LAITRE_GFL:COMPUTE@1
 1298     0.04      419.322        0.151        0.152           1813        0.08        0.08    CUBASEN@2
 1299     0.03      419.322        0.148        0.927           1813        0.08        0.51    ACTKE@1
 1300     0.03      419.469        0.147        0.151          10920        0.01        0.01    SATUR_CPU@1
 1301     0.03      419.469        0.147        0.148           1813        0.08        0.08    ACDRME@22
 1302     0.03      419.469        0.146        0.147           1813        0.08        0.08    ACDRME@23
 1303     0.03      419.469        0.146        0.147           1813        0.08        0.08    ACDRME@17
 1304     0.03      419.469        0.145        0.146           1813        0.08        0.08    ACDRME@18
 1305     0.03      419.469        0.145        0.146           1813        0.08        0.08    ACDRME@21
 1306     0.03      419.469        0.145        0.146           1813        0.08        0.08    ACDRME@19
 1307     0.03      419.469        0.145        0.146           1813        0.08        0.08    ACDRME@24
 1308     0.03      419.469        0.144        0.145           1776        0.08        0.08    ACDRME@29
 1309     0.03      419.469        0.144        0.145           1813        0.08        0.08    ACDRME@20
 1310     0.03      419.469        0.144        0.145           1776        0.08        0.08    ACDRME@27
 1311     0.03      419.469        0.143        0.144           1776        0.08        0.08    ACDRME@26
 1312     0.03      419.469        0.143        0.144           1776        0.08        0.08    ACDRME@30
 1313     0.03      419.469        0.143        0.144           1776        0.08        0.08    ACDRME@28
 1314     0.03      419.469        0.142        0.143           1776        0.08        0.08    ACDRME@31
 1315     0.03      419.469        0.142        0.143           1776        0.08        0.08    ACDRME@25
 1316     0.03      419.469        0.141        0.142           1776        0.08        0.08    ACDRME@32
 1317     0.03      419.469        0.140        0.849           1776        0.08        0.48    ACTKE@28
 1318     0.03      419.469        0.139        0.140           2808        0.05        0.05    SGEMMX@2
 1319     0.03      419.608        0.138        0.142          10920        0.01        0.01    radiation_gas:allocate_gas_CPU@1
 1320     0.03      419.608        0.138        0.140           1813        0.08        0.08    ACNEBN@23
 1321     0.03      419.608        0.138        0.140           1813        0.08        0.08    ACNEBN@24
 1322     0.03      419.746        0.138        0.138            222        0.62        0.62    LAPINEB_PARALLEL:ZERO_GMV9:COMPUTE@1
 1323     0.03      419.746        0.138        0.139           1776        0.08        0.08    ACNEBN@26
 1324     0.03      419.746        0.137        0.139           1776        0.08        0.08    ACNEBN@27
 1325     0.03      419.746        0.137        0.139           1813        0.08        0.08    ACNEBN@21
 1326     0.03      419.746        0.137        0.139           1776        0.08        0.08    ACNEBN@25
 1327     0.03      419.882        0.137      208.513          10920        0.01       19.09    radiation_interface_CPU:radiation_CPU@1
 1328     0.03      419.882        0.136        0.137           2808        0.05        0.05    SGEMMX@4
 1329     0.03      420.019        0.136        0.140          10920        0.01        0.01    radiation_single_level:get_albedos_CPU@1
 1330     0.03      420.019        0.136        0.138           1776        0.08        0.08    ACNEBN@28
 1331     0.03      420.019        0.136        0.138           1813        0.08        0.08    ACNEBN@22
 1332     0.03      420.019        0.136        0.138           1776        0.08        0.08    ACNEBN@31
 1333     0.03      420.019        0.136        0.137           1813        0.07        0.08    ACNEBN@17
 1334     0.03      420.154        0.135        0.136            222        0.61        0.61    GPINISLB_PART2_EXPL_PARALLEL:0:COMPUTE@1
 1335     0.03      420.154        0.135        0.136           1813        0.07        0.08    CUBASEN@1
 1336     0.03      420.154        0.135        0.137           1813        0.07        0.08    ACNEBN@19
 1337     0.03      420.154        0.135        0.137           1813        0.07        0.08    ACNEBN@20
 1338     0.03      420.154        0.135        0.137           1776        0.08        0.08    ACNEBN@29
 1339     0.03      420.154        0.135        0.136           1776        0.08        0.08    ACNEBN@32
 1340     0.03      420.154        0.135        0.136           2808        0.05        0.05    SGEMMX@3
 1341     0.03      420.154        0.134        0.136           1776        0.08        0.08    ACNEBN@30
 1342     0.03      420.154        0.134        0.136           1813        0.07        0.07    ACNEBN@18
 1343     0.03      420.287        0.133        0.517             37        3.60       13.97    CPG_GP_HYD_PARALLEL:1:COMPUTE@1
 1344     0.03      420.416        0.129        0.131           3626        0.04        0.04   *VERDER@23
 1345     0.03      420.416        0.128        0.130           3626        0.04        0.04    VERDER@4
 1346     0.03      420.416        0.128        0.130           3626        0.04        0.04    VERDER@22
 1347     0.03      420.416        0.128        0.129           3626        0.04        0.04    VERDER@9
 1348     0.03      420.416        0.128        0.129           3626        0.04        0.04    VERDER@18
 1349     0.03      420.416        0.128        0.130           3626        0.04        0.04    VERDER@17
 1350     0.03      420.416        0.128        0.129           3626        0.04        0.04    VERDER@15
 1351     0.03      420.416        0.128        0.129           3626        0.04        0.04    VERDER@14
 1352     0.03      420.416        0.128        0.129           3626        0.04        0.04    VERDER@2
 1353     0.03      420.416        0.128        0.129           3626        0.04        0.04    VERDER@20
 1354     0.03      420.416        0.127        0.129           3626        0.04        0.04    VERDER@21
 1355     0.03      420.416        0.127        0.129           3626        0.04        0.04    VERDER@6
 1356     0.03      420.416        0.127        0.129           3626        0.04        0.04    VERDER@7
 1357     0.03      420.543        0.127        0.312             37        3.43        8.44    APL_ARPEGE_PARALLEL:ACDRME:COMPUTE@1
 1358     0.03      420.543        0.127        0.128           3626        0.03        0.04    VERDER@3
 1359     0.03      420.543        0.127        0.129           3626        0.03        0.04    VERDER@13
 1360     0.03      420.543        0.126        0.128           3626        0.03        0.04    VERDER@19
 1361     0.03      420.543        0.126        0.128           3552        0.04        0.04    VERDER@26
 1362     0.03      420.543        0.126        0.128           3552        0.04        0.04    VERDER@27
 1363     0.03      420.543        0.126        0.127           3552        0.04        0.04    VERDER@28
 1364     0.03      420.543        0.126        0.833           1776        0.07        0.47    ACTKE@31
 1365     0.03      420.543        0.126        0.127           3626        0.03        0.04    VERDER@5
 1366     0.03      420.543        0.126        0.128           3626        0.03        0.04    VERDER@8
 1367     0.03      420.543        0.126        0.128           3626        0.03        0.04    VERDER@11
 1368     0.03      420.543        0.126        0.127           3626        0.03        0.04    VERDER@12
 1369     0.03      420.543        0.126        0.127           3626        0.03        0.04    VERDER@24
 1370     0.03      420.543        0.125        0.127           3552        0.04        0.04    VERDER@25
 1371     0.03      420.543        0.125        0.829           1776        0.07        0.47    ACTKE@32
 1372     0.03      420.543        0.125        0.127           3626        0.03        0.03    VERDER@10
 1373     0.03      420.543        0.125        0.126           3552        0.04        0.04    VERDER@30
 1374     0.03      420.543        0.125        0.126           3552        0.04        0.04    VERDER@31
 1375     0.03      420.543        0.125        0.126           3626        0.03        0.03    VERDER@16
 1376     0.03      420.543        0.124        0.126           3552        0.03        0.04    VERDER@29
 1377     0.03      420.543        0.124        0.125           3626        0.03        0.03    VERDER@1
 1378     0.03      420.543        0.124        0.842           1813        0.07        0.46    ACTKE@24
 1379     0.03      420.667        0.124        0.127          10920        0.01        0.01    radiation_flux:allocate_flux_type_CPU@1
 1380     0.03      420.667        0.124        0.125           3552        0.03        0.04    VERDER@32
 1381     0.03      420.667        0.124        0.833           1776        0.07        0.47    ACTKE@27
 1382     0.03      420.667        0.124        0.831           1776        0.07        0.47    ACTKE@25
 1383     0.03      420.667        0.123        0.831           1776        0.07        0.47    ACTKE@30
 1384     0.03      420.667        0.123        0.844           1813        0.07        0.47    ACTKE@22
 1385     0.03      420.667        0.123        0.842           1813        0.07        0.46    ACTKE@23
 1386     0.03      420.667        0.123        0.842           1813        0.07        0.46    ACTKE@21
 1387     0.03      420.667        0.122        0.841           1813        0.07        0.46    ACTKE@19
 1388     0.03      420.788        0.121        0.556             37        3.28       15.03    APL_ARPEGE_INIT_PARALLEL:1:COMPUTE@1
 1389     0.03      420.788        0.121        0.826           1776        0.07        0.47    ACTKE@26
 1390     0.03      420.788        0.120        0.839           1813        0.07        0.46    ACTKE@18
 1391     0.03      420.908        0.120        0.122           3626        0.03        0.03   *LACONE@11
 1392     0.03      420.908        0.120        0.828           1776        0.07        0.47    ACTKE@29
 1393     0.03      421.028        0.120        0.123          10920        0.01        0.01    radiation_cloud:set_overlap_param_var_CPU@1
 1394     0.03      421.028        0.119        0.839           1813        0.07        0.46    ACTKE@20
 1395     0.03      421.028        0.119        0.838           1813        0.07        0.46    ACTKE@17
 1396     0.03      421.028        0.119        0.121           3626        0.03        0.03    LACONE@12
 1397     0.03      421.146        0.118        0.122           9065        0.01        0.01   *MCOORDS@10
 1398     0.03      421.146        0.118        0.120           3626        0.03        0.03    LACONE@10
 1399     0.03      421.146        0.118        0.120           3626        0.03        0.03    LACONE@15
 1400     0.03      421.146        0.118        0.120           3626        0.03        0.03    LACONE@13
 1401     0.03      421.146        0.118        0.120           3626        0.03        0.03    LACONE@14
 1402     0.03      421.146        0.118        0.120           3626        0.03        0.03    LACONE@5
 1403     0.03      421.264        0.118        0.118             74        1.59        1.59    GPMPFC_EXPL_PART2_PARALLEL:0:COMPUTE@1
 1404     0.03      421.264        0.118        0.120           3626        0.03        0.03    LACONE@7
 1405     0.03      421.264        0.118        0.119           3626        0.03        0.03    LACONE@9
 1406     0.03      421.264        0.118        0.122           9065        0.01        0.01    MCOORDS@9
 1407     0.03      421.264        0.118        0.119           3626        0.03        0.03    LACONE@16
 1408     0.03      421.264        0.118        0.119           3626        0.03        0.03    LACONE@8
 1409     0.03      421.264        0.118        0.122           9065        0.01        0.01    MCOORDS@7
 1410     0.03      421.264        0.118        0.119           3626        0.03        0.03    LACONE@3
 1411     0.03      421.264        0.118        0.122           9065        0.01        0.01    MCOORDS@15
 1412     0.03      421.264        0.117        0.119           3626        0.03        0.03    LACONE@4
 1413     0.03      421.264        0.117        0.121           9065        0.01        0.01    MCOORDS@16
 1414     0.03      421.382        0.117        0.117            185        0.63        0.63    GPRCP_EXPL_PARALLEL:2:COMPUTE@1
 1415     0.03      421.382        0.117        0.119           3626        0.03        0.03    LACONE@6
 1416     0.03      421.382        0.117        0.121           9065        0.01        0.01    MCOORDS@8
 1417     0.03      421.382        0.117        0.118           3626        0.03        0.03    LACONE@1
 1418     0.03      421.382        0.117        0.118           3626        0.03        0.03    LACONE@2
 1419     0.03      421.496        0.115        0.378           1813        0.06        0.21   *ACNEBCOND@8
 1420     0.03      421.496        0.114        0.380           1813        0.06        0.21    ACNEBCOND@12
 1421     0.03      421.496        0.113        0.376           1813        0.06        0.21    ACNEBCOND@7
 1422     0.03      421.496        0.113        0.378           1813        0.06        0.21    ACNEBCOND@11
 1423     0.03      421.496        0.113        0.377           1813        0.06        0.21    ACNEBCOND@13
 1424     0.03      421.496        0.113        0.375           1813        0.06        0.21    ACNEBCOND@16
 1425     0.03      421.496        0.113        0.377           1813        0.06        0.21    ACNEBCOND@10
 1426     0.03      421.609        0.113      389.969             37        3.04    10539.70    STEPO@1
 1427     0.03      421.609        0.112        0.376           1813        0.06        0.21    ACNEBCOND@9
 1428     0.03      421.609        0.112        0.375           1813        0.06        0.21    ACNEBCOND@5
 1429     0.03      421.609        0.112        0.375           1813        0.06        0.21    ACNEBCOND@14
 1430     0.03      421.609        0.112        0.116           9065        0.01        0.01    MCOORDS@12
 1431     0.03      421.609        0.112        0.116           9065        0.01        0.01    MCOORDS@11
 1432     0.03      421.609        0.112        0.370           1813        0.06        0.20    ACNEBCOND@4
 1433     0.03      421.609        0.112        0.374           1813        0.06        0.21    ACNEBCOND@6
 1434     0.03      421.609        0.112        0.368           1813        0.06        0.20    ACNEBCOND@3
 1435     0.03      421.609        0.111        0.367           1813        0.06        0.20    ACNEBCOND@2
 1436     0.03      421.720        0.111        0.115          10920        0.01        0.01    radiation_flux:deallocate_flux_type_CPU@1
 1437     0.03      421.832        0.111        0.111            116        0.96        0.96    "lfilec_alts"@1:lfi_alts.c
 1438     0.03      421.832        0.111        0.375           1813        0.06        0.21    ACNEBCOND@15
 1439     0.03      421.832        0.111        0.371           1813        0.06        0.20    ACNEBCOND@1
 1440     0.03      421.832        0.111        0.115           9065        0.01        0.01    MCOORDS@14
 1441     0.03      421.832        0.109        0.113           9065        0.01        0.01    MCOORDS@6
 1442     0.03      421.832        0.109        0.110           2808        0.04        0.04    SGEMMX@1
 1443     0.03      421.832        0.108        0.113           9065        0.01        0.01    MCOORDS@13
 1444     0.03      421.832        0.108        0.112           9065        0.01        0.01    MCOORDS@5
 1445     0.02      421.939        0.107        0.114          20946        0.01        0.01   *VERINTS@1
 1446     0.02      421.939        0.107        0.110           9065        0.01        0.01    MCOORDS@3
 1447     0.02      421.939        0.105        0.109           9065        0.01        0.01    MCOORDS@4
 1448     0.02      422.044        0.105        0.105             37        2.84        2.84    CPG_DIA_FLU_PARALLEL:2:COMPUTE@1
 1449     0.02      422.149        0.105        0.106           1813        0.06        0.06   *CUFLXN@14
 1450     0.02      422.149        0.105        0.106           1813        0.06        0.06    CUFLXN@21
 1451     0.02      422.149        0.105        0.106           1813        0.06        0.06    CUFLXN@13
 1452     0.02      422.149        0.105        0.106           1813        0.06        0.06    CUFLXN@24
 1453     0.02      422.149        0.104        0.105           1813        0.06        0.06    CUFLXN@12
 1454     0.02      422.149        0.104        0.107           9065        0.01        0.01    MCOORDS@2
 1455     0.02      422.149        0.104        0.105           1813        0.06        0.06    CUFLXN@15
 1456     0.02      422.149        0.103        0.104           1813        0.06        0.06    CUFLXN@23
 1457     0.02      422.149        0.103        0.104           1813        0.06        0.06    CUFLXN@16
 1458     0.02      422.149        0.103        0.104           1813        0.06        0.06    CUFLXN@22
 1459     0.02      422.149        0.103        0.106           9065        0.01        0.01    MCOORDS@1
 1460     0.02      422.149        0.103        0.104           1813        0.06        0.06    CUFLXN@17
 1461     0.02      422.149        0.103        0.103           1813        0.06        0.06    CUFLXN@18
 1462     0.02      422.149        0.103        0.104           1813        0.06        0.06    CUFLXN@11
 1463     0.02      422.149        0.102        0.103           1813        0.06        0.06    CUFLXN@20
 1464     0.02      422.149        0.102        0.103           1813        0.06        0.06    CUFLXN@19
 1465     0.02      422.251        0.102        0.213           2808        0.04        0.08    MXMAOP@1
 1466     0.02      422.353        0.102        1.508           1813        0.06        0.83   *CUCALLN_MF@14
 1467     0.02      422.353        0.102        0.103           2664        0.04        0.04    SGEMMX@32
 1468     0.02      422.353        0.102        0.103           1776        0.06        0.06    CUFLXN@25
 1469     0.02      422.353        0.101        1.372           1813        0.06        0.76    CUCALLN_MF@5
 1470     0.02      422.353        0.101        1.379           1813        0.06        0.76    CUCALLN_MF@6
 1471     0.02      422.353        0.101        0.102           1776        0.06        0.06    CUFLXN@30
 1472     0.02      422.353        0.101        0.102           1776        0.06        0.06    CUFLXN@29
 1473     0.02      422.353        0.101        1.506           1813        0.06        0.83    CUCALLN_MF@13
 1474     0.02      422.353        0.101        0.102           1776        0.06        0.06    CUFLXN@31
 1475     0.02      422.353        0.101        0.101           1776        0.06        0.06    CUFLXN@28
 1476     0.02      422.353        0.100        0.101           1776        0.06        0.06    CUFLXN@26
 1477     0.02      422.353        0.100        0.101           1776        0.06        0.06    CUFLXN@27
 1478     0.02      422.353        0.100        1.498           1813        0.06        0.83    CUCALLN_MF@15
 1479     0.02      422.353        0.100        1.483           1813        0.06        0.82    CUCALLN_MF@16
 1480     0.02      422.353        0.100        1.420           1813        0.06        0.78    CUCALLN_MF@9
 1481     0.02      422.353        0.099        0.100           1813        0.05        0.06    CUFLXN@1
 1482     0.02      422.353        0.099        1.331           1813        0.05        0.73    CUCALLN_MF@4
 1483     0.02      422.353        0.099        1.276           1813        0.05        0.70    CUCALLN_MF@2
 1484     0.02      422.353        0.099        1.440           1813        0.05        0.79    CUCALLN_MF@10
 1485     0.02      422.452        0.099        2.672             37        2.68       72.21    APL_ARPEGE_SURFACE_PARALLEL:LMSE_F:COMPUTE@1
 1486     0.02      422.452        0.099        0.100           1776        0.06        0.06    CUFLXN@32
 1487     0.02      422.452        0.099        1.408           1813        0.05        0.78    CUCALLN_MF@7
 1488     0.02      422.452        0.099        0.100           1813        0.05        0.05    CUFLXN@10
 1489     0.02      422.551        0.099        0.099             37        2.67        2.67    GPTF1_YDVARS_PARALLEL:LTWOTL:COMPUTE@1
 1490     0.02      422.551        0.098        1.308           1813        0.05        0.72    CUCALLN_MF@1
 1491     0.02      422.551        0.098        1.309           1813        0.05        0.72    CUCALLN_MF@3
 1492     0.02      422.551        0.098        1.483           1813        0.05        0.82    CUCALLN_MF@12
 1493     0.02      422.551        0.098        0.099           1813        0.05        0.05    CUFLXN@7
 1494     0.02      422.551        0.098        0.099           1813        0.05        0.05    CUFLXN@8
 1495     0.02      422.551        0.098        1.464           1813        0.05        0.81    CUCALLN_MF@11
 1496     0.02      422.648        0.097        0.098             37        2.63        2.64    APL_ARPEGE_RADIATION_PARALLEL:LMSE_F:COMPUTE@1
 1497     0.02      422.648        0.097        0.098           1813        0.05        0.05    CUFLXN@9
 1498     0.02      422.648        0.097        1.423           1813        0.05        0.78    CUCALLN_MF@8
 1499     0.02      422.648        0.097        0.098           1813        0.05        0.05    CUFLXN@2
 1500     0.02      422.648        0.096        0.097           1813        0.05        0.05    CUFLXN@4
 1501     0.02      422.648        0.096        0.097           1813        0.05        0.05    CUFLXN@5
 1502     0.02      422.744        0.096        0.096           1404        0.07        0.07    MXTURENEW@1
 1503     0.02      422.744        0.095        0.096           1813        0.05        0.05    CUFLXN@3
 1504     0.02      422.744        0.095        0.096           1813        0.05        0.05    CUFLXN@6
 1505     0.02      422.839        0.095        0.319           1813        0.05        0.18   *GPCTY_EXPL@11
 1506     0.02      422.839        0.095        0.317           1813        0.05        0.17    GPCTY_EXPL@12
 1507     0.02      422.839        0.095        0.316           1813        0.05        0.17    GPCTY_EXPL@9
 1508     0.02      422.839        0.094        1.481           1813        0.05        0.82    CUCALLN_MF@21
 1509     0.02      422.839        0.094        0.316           1813        0.05        0.17    GPCTY_EXPL@13
 1510     0.02      422.839        0.094        0.316           1813        0.05        0.17    GPCTY_EXPL@14
 1511     0.02      422.839        0.094        0.316           1813        0.05        0.17    GPCTY_EXPL@10
 1512     0.02      422.839        0.094        0.315           1813        0.05        0.17    GPCTY_EXPL@15
 1513     0.02      422.839        0.094        0.314           1813        0.05        0.17    GPCTY_EXPL@16
 1514     0.02      422.839        0.094        1.452           1813        0.05        0.80    CUCALLN_MF@20
 1515     0.02      422.839        0.093        1.451           1813        0.05        0.80    CUCALLN_MF@18
 1516     0.02      422.839        0.093        1.477           1813        0.05        0.81    CUCALLN_MF@23
 1517     0.02      422.839        0.093        1.459           1813        0.05        0.80    CUCALLN_MF@17
 1518     0.02      422.839        0.093        1.436           1776        0.05        0.81    CUCALLN_MF@26
 1519     0.02      422.839        0.093        1.452           1813        0.05        0.80    CUCALLN_MF@19
 1520     0.02      422.839        0.093        1.480           1813        0.05        0.82    CUCALLN_MF@24
 1521     0.02      422.839        0.093        0.314           1813        0.05        0.17    GPCTY_EXPL@7
 1522     0.02      422.839        0.093        1.480           1813        0.05        0.82    CUCALLN_MF@22
 1523     0.02      422.839        0.093        1.435           1776        0.05        0.81    CUCALLN_MF@27
 1524     0.02      422.839        0.093        1.363           1776        0.05        0.77    CUCALLN_MF@32
 1525     0.02      422.839        0.093        1.443           1776        0.05        0.81    CUCALLN_MF@25
 1526     0.02      422.839        0.093        1.439           1776        0.05        0.81    CUCALLN_MF@28
 1527     0.02      422.839        0.093        0.313           1813        0.05        0.17    GPCTY_EXPL@8
 1528     0.02      422.839        0.092        0.314           1813        0.05        0.17    GPCTY_EXPL@5
 1529     0.02      422.839        0.092        0.312           1813        0.05        0.17    GPCTY_EXPL@6
 1530     0.02      422.931        0.092        0.092              6       15.37       15.37    GRIB_API:IGRIB_NEW_FROM_SAMPLES@1
 1531     0.02      423.022        0.091        0.092            234        0.39        0.39    SPNORMB@1
 1532     0.02      423.022        0.091        0.309           1813        0.05        0.17    GPCTY_EXPL@4
 1533     0.02      423.022        0.091        1.400           1776        0.05        0.79    CUCALLN_MF@29
 1534     0.02      423.022        0.091        0.310           1813        0.05        0.17    GPCTY_EXPL@3
 1535     0.02      423.022        0.091        1.377           1776        0.05        0.78    CUCALLN_MF@31
 1536     0.02      423.022        0.091        0.309           1813        0.05        0.17    GPCTY_EXPL@2
 1537     0.02      423.022        0.090        0.309           1813        0.05        0.17    GPCTY_EXPL@1
 1538     0.02      423.022        0.090        1.387           1776        0.05        0.78    CUCALLN_MF@30
 1539     0.02      423.112        0.090        0.618             37        2.43       16.70    LASSIE_PARALLEL:SITNU:COMPUTE@1
 1540     0.02      423.112        0.089        0.091           3552        0.03        0.03    LACONE@25
 1541     0.02      423.112        0.089        0.090           3626        0.02        0.02    LACONE@18
 1542     0.02      423.112        0.088        0.090           3626        0.02        0.02    LACONE@19
 1543     0.02      423.112        0.088        0.090           3626        0.02        0.02    LACONE@20
 1544     0.02      423.112        0.088        0.090           3626        0.02        0.02    LACONE@17
 1545     0.02      423.112        0.088        0.302           1776        0.05        0.17    GPCTY_EXPL@25
 1546     0.02      423.112        0.087        0.301           1776        0.05        0.17    GPCTY_EXPL@26
 1547     0.02      423.112        0.087        0.305           1813        0.05        0.17    GPCTY_EXPL@21
 1548     0.02      423.112        0.087        0.303           1813        0.05        0.17    GPCTY_EXPL@19
 1549     0.02      423.112        0.087        0.301           1776        0.05        0.17    GPCTY_EXPL@28
 1550     0.02      423.112        0.087        0.089           3626        0.02        0.02    LACONE@24
 1551     0.02      423.112        0.087        0.089           3626        0.02        0.02    LACONE@23
 1552     0.02      423.112        0.087        0.089           3626        0.02        0.02    LACONE@21
 1553     0.02      423.112        0.087        0.304           1813        0.05        0.17    GPCTY_EXPL@22
 1554     0.02      423.112        0.087        0.089           3626        0.02        0.02    LACONE@22
 1555     0.02      423.112        0.087        0.303           1813        0.05        0.17    GPCTY_EXPL@17
 1556     0.02      423.112        0.087        0.301           1776        0.05        0.17    GPCTY_EXPL@27
 1557     0.02      423.112        0.087        0.088           3552        0.02        0.02    LACONE@30
 1558     0.02      423.112        0.087        0.304           1813        0.05        0.17    GPCTY_EXPL@23
 1559     0.02      423.112        0.087        0.088           3552        0.02        0.02    LACONE@32
 1560     0.02      423.112        0.087        0.088           3552        0.02        0.02    LACONE@29
 1561     0.02      423.112        0.087        0.304           1813        0.05        0.17    GPCTY_EXPL@24
 1562     0.02      423.112        0.087        0.303           1813        0.05        0.17    GPCTY_EXPL@20
 1563     0.02      423.112        0.087        0.088           3552        0.02        0.02    LACONE@28
 1564     0.02      423.112        0.086        0.088           3552        0.02        0.02    LACONE@26
 1565     0.02      423.112        0.086        0.088           3552        0.02        0.02    LACONE@31
 1566     0.02      423.112        0.086        0.298           1776        0.05        0.17    GPCTY_EXPL@31
 1567     0.02      423.112        0.086        0.297           1776        0.05        0.17    GPCTY_EXPL@32
 1568     0.02      423.112        0.086        0.299           1776        0.05        0.17    GPCTY_EXPL@29
 1569     0.02      423.112        0.086        0.088           3552        0.02        0.02    LACONE@27
 1570     0.02      423.199        0.086        0.090          10920        0.01        0.01    SRTM_TAUMOL26_CPU@1
 1571     0.02      423.199        0.086        0.298           1776        0.05        0.17    GPCTY_EXPL@30
 1572     0.02      423.199        0.086        0.302           1813        0.05        0.17    GPCTY_EXPL@18
 1573     0.02      423.284        0.085        0.086           1813        0.05        0.05   *ACCLPH@1
 1574     0.02      423.369        0.085        0.085            144        0.59        0.59    EXCHANGE_MS:MESSAGE_S@1
 1575     0.02      423.369        0.084        0.085           1813        0.05        0.05    ACCLPH@14
 1576     0.02      423.453        0.084        0.086           3300        0.03        0.03    CREATE_TEMPORARIES@1
 1577     0.02      423.453        0.084        0.085           1813        0.05        0.05    ACCLPH@13
 1578     0.02      423.453        0.084        0.085           1813        0.05        0.05    ACCLPH@16
 1579     0.02      423.453        0.084        0.085           1813        0.05        0.05    ACCLPH@12
 1580     0.02      423.453        0.084        0.084           1813        0.05        0.05    ACCLPH@11
 1581     0.02      423.453        0.084        0.084           1813        0.05        0.05    ACCLPH@15
 1582     0.02      423.453        0.084        0.084           1813        0.05        0.05    ACCLPH@10
 1583     0.02      423.453        0.083        0.084           1813        0.05        0.05    ACCLPH@7
 1584     0.02      423.453        0.083        0.084           1813        0.05        0.05    ACCLPH@9
 1585     0.02      423.536        0.083        2.461           1404        0.06        1.75    SIGAM_GP_OPENMP@1
 1586     0.02      423.536        0.083        0.083           1813        0.05        0.05    ACCLPH@8
 1587     0.02      423.536        0.082        0.083           1813        0.05        0.05    ACCLPH@5
 1588     0.02      423.536        0.082        0.083           1813        0.05        0.05    ACCLPH@6
 1589     0.02      423.536        0.082        0.083           1813        0.05        0.05    ACCLPH@4
 1590     0.02      423.618        0.082        0.099          58024        0.00        0.00    CONVECT_CLOSURE_ADJUST_SHAL@1
 1591     0.02      423.618        0.082        0.083           1813        0.05        0.05    ACCLPH@3
 1592     0.02      423.618        0.082        0.086           9065        0.01        0.01    MCOORDS@19
 1593     0.02      423.618        0.082        0.083           1813        0.05        0.05    ACCLPH@2
 1594     0.02      423.618        0.081        0.085           9065        0.01        0.01    MCOORDS@20
 1595     0.02      423.699        0.081        0.081            426        0.19        0.19   *MXTURHDMULTNEW@27
 1596     0.02      423.699        0.080        0.085           9065        0.01        0.01    MCOORDS@21
 1597     0.02      423.699        0.079        0.083           8880        0.01        0.01    MCOORDS@29
 1598     0.02      423.699        0.079        0.084           8880        0.01        0.01    MCOORDS@27
 1599     0.02      423.778        0.079        0.080           1813        0.04        0.04   *GPRT@10
 1600     0.02      423.778        0.079        0.080           1813        0.04        0.04    GPRT@12
 1601     0.02      423.778        0.079        0.080           1813        0.04        0.04    GPRT@11
 1602     0.02      423.778        0.079        0.080           1813        0.04        0.04    GPRT@9
 1603     0.02      423.778        0.079        0.080           1813        0.04        0.04    GPRT@15
 1604     0.02      423.778        0.079        0.080           1813        0.04        0.04    GPRT@13
 1605     0.02      423.857        0.079        0.080           1813        0.04        0.04   *CUININ@6
 1606     0.02      423.857        0.079        0.083           8880        0.01        0.01    MCOORDS@28
 1607     0.02      423.857        0.079        0.080           1813        0.04        0.04    CUININ@5
 1608     0.02      423.857        0.079        0.080           1813        0.04        0.04    CUININ@15
 1609     0.02      423.857        0.079        0.080           1813        0.04        0.04    GPRT@14
 1610     0.02      423.857        0.079        0.079           1813        0.04        0.04    GPRT@16
 1611     0.02      423.857        0.079        0.079           1813        0.04        0.04    CUININ@10
 1612     0.02      423.857        0.079        0.080           1813        0.04        0.04    CUININ@11
 1613     0.02      423.857        0.079        0.080           1813        0.04        0.04    CUININ@13
 1614     0.02      423.857        0.079        0.079           1813        0.04        0.04    CUININ@9
 1615     0.02      423.857        0.078        0.079           1813        0.04        0.04    CUININ@2
 1616     0.02      423.857        0.078        0.079           1813        0.04        0.04    CUININ@8
 1617     0.02      423.857        0.078        0.079           1813        0.04        0.04    CUININ@14
 1618     0.02      423.857        0.078        0.079           1813        0.04        0.04    CUININ@16
 1619     0.02      423.857        0.078        0.079           1813        0.04        0.04    GPRT@5
 1620     0.02      423.857        0.078        0.079           1813        0.04        0.04    CUININ@3
 1621     0.02      423.857        0.078        0.079           1813        0.04        0.04    GPRT@8
 1622     0.02      423.857        0.078        0.079           1813        0.04        0.04    CUININ@4
 1623     0.02      423.857        0.078        0.079           1813        0.04        0.04    CUININ@18
 1624     0.02      423.857        0.078        0.079           1813        0.04        0.04    CUININ@19
 1625     0.02      423.857        0.078        0.079           1813        0.04        0.04    CUININ@23
 1626     0.02      423.857        0.078        0.078           1813        0.04        0.04    CUININ@1
 1627     0.02      423.857        0.078        0.079           1813        0.04        0.04    CUININ@12
 1628     0.02      423.857        0.078        0.079           1813        0.04        0.04    CUININ@22
 1629     0.02      423.935        0.078        0.079           3626        0.02        0.02   *ACCLDIA@12
 1630     0.02      423.935        0.077        0.078           1813        0.04        0.04    GPRT@6
 1631     0.02      423.935        0.077        0.078           1813        0.04        0.04    GPRT@7
 1632     0.02      423.935        0.077        0.078           1813        0.04        0.04    CUININ@7
 1633     0.02      423.935        0.077        0.289           1776        0.04        0.16    ACNEBCOND@28
 1634     0.02      423.935        0.077        0.078           1813        0.04        0.04    CUININ@17
 1635     0.02      423.935        0.077        0.078           1813        0.04        0.04    CUININ@20
 1636     0.02      423.935        0.077        0.078           1813        0.04        0.04    CUININ@21
 1637     0.02      424.012        0.077        0.164             20        3.86        8.18    GPNORM_TRANS_CTL@1
 1638     0.02      424.012        0.077        0.078           1813        0.04        0.04    CUININ@24
 1639     0.02      424.012        0.077        0.079           3626        0.02        0.02    ACCLDIA@9
 1640     0.02      424.012        0.077        0.288           1776        0.04        0.16    ACNEBCOND@29
 1641     0.02      424.012        0.077        0.078           1776        0.04        0.04    CUININ@27
 1642     0.02      424.012        0.077        0.078           1776        0.04        0.04    CUININ@28
 1643     0.02      424.012        0.077        0.287           1776        0.04        0.16    ACNEBCOND@32
 1644     0.02      424.012        0.077        0.077           1776        0.04        0.04    CUININ@26
 1645     0.02      424.012        0.077        0.288           1776        0.04        0.16    ACNEBCOND@31
 1646     0.02      424.012        0.076        0.079           3626        0.02        0.02    ACCLDIA@13
 1647     0.02      424.012        0.076        0.078           3626        0.02        0.02    ACCLDIA@2
 1648     0.02      424.012        0.076        0.077           1813        0.04        0.04    GPRT@4
 1649     0.02      424.012        0.076        0.077           1776        0.04        0.04    CUININ@25
 1650     0.02      424.088        0.076        0.077           1813        0.04        0.04   *LASCAW_CLA@1
 1651     0.02      424.088        0.076        0.077           1813        0.04        0.04    LASCAW_CLA@11
 1652     0.02      424.088        0.076        0.081           9065        0.01        0.01    MCOORDS@22
 1653     0.02      424.088        0.076        0.289           1776        0.04        0.16    ACNEBCOND@25
 1654     0.02      424.164        0.076        0.076            185        0.41        0.41    ACCTND0_PARALLEL:PACC:COMPUTE@1
 1655     0.02      424.164        0.076        0.077           1813        0.04        0.04    GPRT@3
 1656     0.02      424.164        0.076        0.078           3626        0.02        0.02    ACCLDIA@7
 1657     0.02      424.164        0.076        0.080           8880        0.01        0.01    MCOORDS@30
 1658     0.02      424.164        0.076        0.077           1813        0.04        0.04    LASCAW_CLA@9
 1659     0.02      424.164        0.076        0.077           1776        0.04        0.04    CUININ@32
 1660     0.02      424.164        0.076        0.077           1813        0.04        0.04    LASCAW_CLA@12
 1661     0.02      424.164        0.076        0.077           1776        0.04        0.04    ACCLPH@28
 1662     0.02      424.240        0.076        0.077            144        0.53        0.53    EXCHANGE_MS:MESSAGE_M@1
 1663     0.02      424.240        0.076        0.292           1813        0.04        0.16    ACNEBCOND@20
 1664     0.02      424.240        0.076        0.078           3626        0.02        0.02    ACCLDIA@14
 1665     0.02      424.240        0.076        0.076           1813        0.04        0.04    GPRT@2
 1666     0.02      424.240        0.076        0.077           1813        0.04        0.04    ACCLPH@19
 1667     0.02      424.240        0.076        0.077           1776        0.04        0.04    CUININ@29
 1668     0.02      424.240        0.076        0.076            428        0.18        0.18    MXTURHDMULTNEW@29
 1669     0.02      424.240        0.076        0.078           3626        0.02        0.02    ACCLDIA@8
 1670     0.02      424.240        0.076        0.290           1813        0.04        0.16    ACNEBCOND@21
 1671     0.02      424.240        0.076        0.076           1776        0.04        0.04    CUININ@31
 1672     0.02      424.240        0.076        0.076           1776        0.04        0.04    CUININ@30
 1673     0.02      424.240        0.076        0.076           1813        0.04        0.04    ACCLPH@20
 1674     0.02      424.240        0.076        0.287           1776        0.04        0.16    ACNEBCOND@30
 1675     0.02      424.240        0.076        0.078           3626        0.02        0.02    ACCLDIA@11
 1676     0.02      424.240        0.075        0.076           1813        0.04        0.04    LASCAW_CLA@8
 1677     0.02      424.240        0.075        0.287           1776        0.04        0.16    ACNEBCOND@27
 1678     0.02      424.240        0.075        0.076           1776        0.04        0.04    ACCLPH@27
 1679     0.02      424.240        0.075        0.076           1813        0.04        0.04    ACCLPH@23
 1680     0.02      424.240        0.075        0.076           3626        0.02        0.02    ACCLDIA@1
 1681     0.02      424.240        0.075        0.077           3626        0.02        0.02    ACCLDIA@10
 1682     0.02      424.240        0.075        0.077           3626        0.02        0.02    ACCLDIA@5
 1683     0.02      424.240        0.075        0.077           3626        0.02        0.02    ACCLDIA@6
 1684     0.02      424.240        0.075        0.077           3626        0.02        0.02    ACCLDIA@3
 1685     0.02      424.240        0.075        0.076           1813        0.04        0.04    ACCLPH@21
 1686     0.02      424.240        0.075        0.076           1813        0.04        0.04    ACCLPH@22
 1687     0.02      424.240        0.075        0.076           1813        0.04        0.04    ACCLPH@24
 1688     0.02      424.240        0.075        0.286           1776        0.04        0.16    ACNEBCOND@26
 1689     0.02      424.240        0.075        0.291           1813        0.04        0.16    ACNEBCOND@24
 1690     0.02      424.240        0.075        0.076           1813        0.04        0.04    LASCAW_CLA@10
 1691     0.02      424.240        0.075        0.075           1813        0.04        0.04    ACCLPH@18
 1692     0.02      424.240        0.075        0.076           3626        0.02        0.02    ACCLDIA@16
 1693     0.02      424.240        0.075        0.075           1813        0.04        0.04    ACCLPH@17
 1694     0.02      424.240        0.075        0.075           1776        0.04        0.04    ACCLPH@29
 1695     0.02      424.240        0.075        0.076           1813        0.04        0.04    LASCAW_CLA@13
 1696     0.02      424.240        0.075        0.075            352        0.21        0.21    MXTURHDMULTNEW@19
 1697     0.02      424.240        0.074        0.075           1813        0.04        0.04    LASCAW_CLA@5
 1698     0.02      424.240        0.074        0.075           1776        0.04        0.04    ACCLPH@31
 1699     0.02      424.240        0.074        0.076           3626        0.02        0.02    ACCLDIA@4
 1700     0.02      424.240        0.074        0.075           1776        0.04        0.04    ACCLPH@25
 1701     0.02      424.240        0.074        0.075           1813        0.04        0.04    LASCAW_CLA@6
 1702     0.02      424.240        0.074        0.075           1813        0.04        0.04    GPRT@1
 1703     0.02      424.240        0.074        0.290           1813        0.04        0.16    ACNEBCOND@19
 1704     0.02      424.240        0.074        0.075            404        0.18        0.18    MXTURHDMULTNEW@26
 1705     0.02      424.240        0.074        0.075           1776        0.04        0.04    ACCLPH@26
 1706     0.02      424.240        0.074        0.075           1813        0.04        0.04    LASCAW_CLA@16
 1707     0.02      424.240        0.074        0.075           1813        0.04        0.04    LASCAW_CLA@7
 1708     0.02      424.314        0.074        0.074             37        2.01        2.01    APL_ARPEGE_PARALLEL:ZRDG_LCVQ:COMPUTE@1
 1709     0.02      424.314        0.074        0.075           1776        0.04        0.04    ACCLPH@30
 1710     0.02      424.314        0.074        0.075           1813        0.04        0.04    LASCAW_CLA@14
 1711     0.02      424.314        0.074        0.076           3626        0.02        0.02    ACCLDIA@15
 1712     0.02      424.314        0.074        0.075           1813        0.04        0.04    LASCAW_CLA@3
 1713     0.02      424.314        0.074        0.075           1813        0.04        0.04    LASCAW_CLA@4
 1714     0.02      424.314        0.074        0.075           1813        0.04        0.04    LASCAW_CLA@2
 1715     0.02      424.314        0.074        0.075           1813        0.04        0.04    LASCAW_CLA@15
 1716     0.02      424.314        0.074        0.074            352        0.21        0.21    MXTURHDMULTNEW@20
 1717     0.02      424.314        0.074        0.074           1776        0.04        0.04    ACCLPH@32
 1718     0.02      424.314        0.074        0.290           1813        0.04        0.16    ACNEBCOND@22
 1719     0.02      424.314        0.074        0.075           1813        0.04        0.04    LASCAW_CLA@20
 1720     0.02      424.314        0.073        0.074           1813        0.04        0.04    GPRT@24
 1721     0.02      424.314        0.073        0.074           1813        0.04        0.04    LASCAW_CLA@17
 1722     0.02      424.314        0.073        0.289           1813        0.04        0.16    ACNEBCOND@23
 1723     0.02      424.388        0.073        0.079             37        1.98        2.13    LAPINEB_PARALLEL:NVLAG3:COMPUTE@1
 1724     0.02      424.388        0.073        0.289           1813        0.04        0.16    ACNEBCOND@17
 1725     0.02      424.388        0.073        0.073            430        0.17        0.17    MXTURHDMULTNEW@28
 1726     0.02      424.388        0.073        0.074           1776        0.04        0.04    GPRT@25
 1727     0.02      424.388        0.073        0.074           1813        0.04        0.04    GPRT@20
 1728     0.02      424.388        0.073        0.074           1776        0.04        0.04    LASCAW_CLA@28
 1729     0.02      424.461        0.073        0.076          10920        0.01        0.01    radiation_ifs_rrtm:planck_function_surf_CPU@1
 1730     0.02      424.461        0.073        0.074           1776        0.04        0.04    GPRT@27
 1731     0.02      424.461        0.073        0.074           1813        0.04        0.04    GPRT@21
 1732     0.02      424.461        0.073        0.074           1776        0.04        0.04    LASCAW_CLA@25
 1733     0.02      424.461        0.073        0.073           1776        0.04        0.04    GPRT@28
 1734     0.02      424.461        0.073        0.074           1813        0.04        0.04    GPRT@23
 1735     0.02      424.461        0.073        0.074           1813        0.04        0.04    GPRT@19
 1736     0.02      424.461        0.073        0.074           1813        0.04        0.04    LASCAW_CLA@19
 1737     0.02      424.461        0.073        0.288           1813        0.04        0.16    ACNEBCOND@18
 1738     0.02      424.461        0.072        0.073           1776        0.04        0.04    LASCAW_CLA@32
 1739     0.02      424.461        0.072        0.073           1776        0.04        0.04    LASCAW_CLA@29
 1740     0.02      424.461        0.072        0.073           1813        0.04        0.04    GPRT@17
 1741     0.02      424.461        0.072        0.073           1776        0.04        0.04    LASCAW_CLA@27
 1742     0.02      424.461        0.072        0.073           1813        0.04        0.04    GPRT@22
 1743     0.02      424.461        0.072        0.072            220        0.33        0.33    MXTURHDMULTNEW@9
 1744     0.02      424.461        0.072        0.072           1776        0.04        0.04    GPRT@29
 1745     0.02      424.461        0.072        0.072           1776        0.04        0.04    GPRT@26
 1746     0.02      424.461        0.072        0.073           1813        0.04        0.04    LASCAW_CLA@24
 1747     0.02      424.461        0.072        0.076           8880        0.01        0.01    MCOORDS@25
 1748     0.02      424.461        0.072        0.072           1776        0.04        0.04    GPRT@31
 1749     0.02      424.461        0.071        0.073           1813        0.04        0.04    LASCAW_CLA@21
 1750     0.02      424.461        0.071        0.072           1776        0.04        0.04    GPRT@32
 1751     0.02      424.461        0.071        0.072           1813        0.04        0.04    GPRT@18
 1752     0.02      424.461        0.071        0.072           1813        0.04        0.04    LASCAW_CLA@22
 1753     0.02      424.461        0.071        0.072           1776        0.04        0.04    LASCAW_CLA@26
 1754     0.02      424.461        0.071        0.072           1776        0.04        0.04    GPRT@30
 1755     0.02      424.461        0.071        0.072           1813        0.04        0.04    LASCAW_CLA@18
 1756     0.02      424.461        0.071        0.072           1776        0.04        0.04    LASCAW_CLA@30
 1757     0.02      424.461        0.071        0.071            352        0.20        0.20    MXTURHDMULTNEW@21
 1758     0.02      424.461        0.071        0.071            224        0.32        0.32    MXTURHDMULTNEW@10
 1759     0.02      424.461        0.071        0.071            216        0.33        0.33    MXTURHDMULTNEW@8
 1760     0.02      424.461        0.070        0.071           1813        0.04        0.04    LASCAW_CLA@23
 1761     0.02      424.461        0.070        0.071           1776        0.04        0.04    LASCAW_CLA@31
 1762     0.02      424.461        0.070        0.071            338        0.21        0.21    MXTURHDMULTNEW@18
 1763     0.02      424.461        0.070        0.074           9065        0.01        0.01    MCOORDS@18
 1764     0.02      424.530        0.070        0.086             37        1.89        2.31    APL_ARPEGE_SURFACE_UPDATE_PARALLEL:LMSE_F:COMPUTE@1
 1765     0.02      424.530        0.070        0.070            368        0.19        0.19    MXTURHDMULTNEW@24
 1766     0.02      424.530        0.070        0.074           9065        0.01        0.01    MCOORDS@23
 1767     0.02      424.530        0.069        0.074           9065        0.01        0.01    MCOORDS@24
 1768     0.02      424.530        0.069        0.074           9065        0.01        0.01    MCOORDS@17
 1769     0.02      424.530        0.069        0.073           8880        0.01        0.01    MCOORDS@26
 1770     0.02      424.530        0.069        0.073           8880        0.01        0.01    MCOORDS@31
 1771     0.02      424.600        0.069        0.071           3626        0.02        0.02   *DPRECIPS@5
 1772     0.02      424.669        0.069        0.069             37        1.87        1.87    MF_PHYS_MOCON_PARALLEL:PPWETPOINT:COMPUTE@1
 1773     0.02      424.669        0.069        0.069            204        0.34        0.34    MXTURHDMULTNEW@7
 1774     0.02      424.738        0.069        0.069             37        1.86        1.86    APL_ARPEGE_PARALLEL:ZDE2MR:COMPUTE@1
 1775     0.02      424.738        0.069        0.069            212        0.32        0.33    MXTURHDMULTNEW@4
 1776     0.02      424.738        0.069        0.070           3626        0.02        0.02    DPRECIPS@16
 1777     0.02      424.738        0.069        0.069            376        0.18        0.18    MXTURHDMULTNEW@25
 1778     0.02      424.738        0.068        0.070           3626        0.02        0.02    DPRECIPS@12
 1779     0.02      424.738        0.068        0.072           8880        0.01        0.01    MCOORDS@32
 1780     0.02      424.738        0.068        0.070           3626        0.02        0.02    DPRECIPS@22
 1781     0.02      424.738        0.068        0.070           3626        0.02        0.02    DPRECIPS@15
 1782     0.02      424.806        0.068        0.069           1813        0.04        0.04   *GPGRXYB_EXPL@12
 1783     0.02      424.806        0.068        0.070           3626        0.02        0.02    DPRECIPS@11
 1784     0.02      424.806        0.068        0.068            432        0.16        0.16    MXTURHDMULTNEW@30
 1785     0.02      424.806        0.068        0.070           3626        0.02        0.02    DPRECIPS@9
 1786     0.02      424.874        0.068        0.829           1813        0.04        0.46   *ACPLUIZ@9
 1787     0.02      424.874        0.068        0.070           3626        0.02        0.02    DPRECIPS@8
 1788     0.02      424.874        0.068        0.069           1813        0.04        0.04    GPGRXYB_EXPL@3
 1789     0.02      424.874        0.068        0.069           1813        0.04        0.04    GPGRXYB_EXPL@8
 1790     0.02      424.874        0.068        0.069           1813        0.04        0.04    GPGRXYB_EXPL@2
 1791     0.02      424.874        0.068        0.068           1813        0.04        0.04    GPGRXYB_EXPL@4
 1792     0.02      424.874        0.068        0.827           1813        0.04        0.46    ACPLUIZ@5
 1793     0.02      424.874        0.068        0.069           3626        0.02        0.02    DPRECIPS@7
 1794     0.02      424.874        0.068        0.069           3626        0.02        0.02    DPRECIPS@24
 1795     0.02      424.874        0.068        0.069           3626        0.02        0.02    DPRECIPS@23
 1796     0.02      424.874        0.068        0.829           1813        0.04        0.46    ACPLUIZ@10
 1797     0.02      424.874        0.068        0.826           1813        0.04        0.46    ACPLUIZ@6
 1798     0.02      424.874        0.068        0.069           3626        0.02        0.02    DPRECIPS@6
 1799     0.02      424.874        0.068        0.069           3626        0.02        0.02    DPRECIPS@17
 1800     0.02      424.874        0.068        0.069           3626        0.02        0.02    DPRECIPS@14
 1801     0.02      424.874        0.068        0.068            224        0.30        0.30    MXTURHDMULTNEW@11
 1802     0.02      424.874        0.068        0.068           1813        0.04        0.04    GPGRXYB_EXPL@10
 1803     0.02      424.874        0.067        0.068           1813        0.04        0.04    GPGRXYB_EXPL@9
 1804     0.02      424.874        0.067        0.069           3626        0.02        0.02    DPRECIPS@4
 1805     0.02      424.874        0.067        0.069           3626        0.02        0.02    DPRECIPS@18
 1806     0.02      424.874        0.067        0.069           3626        0.02        0.02    DPRECIPS@19
 1807     0.02      424.874        0.067        0.068            196        0.34        0.34    MXTURHDMULTNEW@3
 1808     0.02      424.874        0.067        0.068           1813        0.04        0.04    GPGRXYB_EXPL@1
 1809     0.02      424.874        0.067        0.068           1813        0.04        0.04    GPGRXYB_EXPL@15
 1810     0.02      424.874        0.067        0.068           1813        0.04        0.04    GPGRXYB_EXPL@11
 1811     0.02      424.874        0.067        0.068           1813        0.04        0.04    GPGRXYB_EXPL@16
 1812     0.02      424.874        0.067        0.068           1813        0.04        0.04    GPGRXYB_EXPL@5
 1813     0.02      424.874        0.067        0.069           3626        0.02        0.02    DPRECIPS@13
 1814     0.02      424.874        0.067        0.069           3626        0.02        0.02    DPRECIPS@10
 1815     0.02      424.874        0.067        0.068           1813        0.04        0.04    GPGRXYB_EXPL@13
 1816     0.02      424.874        0.067        0.068           1813        0.04        0.04    GPGRXYB_EXPL@7
 1817     0.02      424.874        0.067        0.068           1813        0.04        0.04    GPGRXYB_EXPL@6
 1818     0.02      424.874        0.067        0.069           3626        0.02        0.02    DPRECIPS@20
 1819     0.02      424.874        0.067        0.831           1813        0.04        0.46    ACPLUIZ@15
 1820     0.02      424.874        0.067        0.830           1813        0.04        0.46    ACPLUIZ@12
 1821     0.02      424.874        0.067        0.068           1813        0.04        0.04    GPGRXYB_EXPL@14
 1822     0.02      424.874        0.067        0.830           1813        0.04        0.46    ACPLUIZ@11
 1823     0.02      424.874        0.067        0.069           3626        0.02        0.02    DPRECIPS@21
 1824     0.02      424.941        0.067        0.105         103341        0.00        0.00   *CUBASMCN@22
 1825     0.02      424.941        0.067        0.067            292        0.23        0.23    MXTURHDMULTNEW@16
 1826     0.02      424.941        0.067        0.068           3626        0.02        0.02    DPRECIPS@2
 1827     0.02      424.941        0.067        0.069           3552        0.02        0.02    DPRECIPS@25
 1828     0.02      424.941        0.067        0.067            290        0.23        0.23    MXTURHDMULTNEW@14
 1829     0.02      424.941        0.067        0.068           3626        0.02        0.02    DPRECIPS@1
 1830     0.02      424.941        0.067        0.104         103341        0.00        0.00    CUBASMCN@21
 1831     0.02      424.941        0.067        0.104         103341        0.00        0.00    CUBASMCN@13
 1832     0.02      424.941        0.067        0.067            438        0.15        0.15    MXTURHDMULTNEW@31
 1833     0.02      424.941        0.067        0.104         103341        0.00        0.00    CUBASMCN@15
 1834     0.02      424.941        0.066        0.068           3552        0.02        0.02    DPRECIPS@27
 1835     0.02      424.941        0.066        0.104         103341        0.00        0.00    CUBASMCN@17
 1836     0.02      425.007        0.066        0.070          10920        0.01        0.01    radiation_gas:get_gas_CPU@1
 1837     0.02      425.007        0.066        0.067            328        0.20        0.20    MXTURHDMULTNEW@17
 1838     0.02      425.007        0.066        0.829           1813        0.04        0.46    ACPLUIZ@8
 1839     0.02      425.007        0.066        0.068           3626        0.02        0.02    DPRECIPS@3
 1840     0.02      425.007        0.066        0.067            352        0.19        0.19    MXTURHDMULTNEW@22
 1841     0.02      425.007        0.066        0.104         103341        0.00        0.00    CUBASMCN@14
 1842     0.02      425.007        0.066        0.833           1813        0.04        0.46    ACPLUIZ@14
 1843     0.02      425.007        0.066        0.828           1813        0.04        0.46    ACPLUIZ@16
 1844     0.02      425.007        0.066        0.826           1813        0.04        0.46    ACPLUIZ@7
 1845     0.02      425.007        0.066        0.067           3552        0.02        0.02    DPRECIPS@26
 1846     0.02      425.073        0.066        0.066             42        1.57        1.57    GSBITE_MF@1
 1847     0.02      425.073        0.066        0.103         103341        0.00        0.00    CUBASMCN@23
 1848     0.02      425.073        0.066        0.066            184        0.36        0.36    MXTURHDMULTNEW@6
 1849     0.02      425.073        0.066        0.066            292        0.23        0.23    MXTURHDMULTNEW@15
 1850     0.02      425.073        0.066        0.827           1813        0.04        0.46    ACPLUIZ@13
 1851     0.02      425.073        0.066        0.103         103341        0.00        0.00    CUBASMCN@20
 1852     0.02      425.073        0.066        0.800           1776        0.04        0.45    ACPLUIZ@32
 1853     0.02      425.139        0.065        0.077          10920        0.01        0.01    radiation_single_level:allocate_single_level_CPU@1
 1854     0.02      425.204        0.065        0.066           1813        0.04        0.04   *GP_TNDLAGADIAB_UV@4
 1855     0.02      425.204        0.065        0.103         103341        0.00        0.00    CUBASMCN@8
 1856     0.02      425.269        0.065        0.103         103341        0.00        0.00   *CUENTR@22
 1857     0.02      425.269        0.065        0.065            178        0.37        0.37    MXTURHDMULTNEW@5
 1858     0.02      425.269        0.065        0.066           1813        0.04        0.04    GP_TNDLAGADIAB_UV@6
 1859     0.02      425.269        0.065        0.067           3552        0.02        0.02    DPRECIPS@32
 1860     0.02      425.269        0.065        0.103         103341        0.00        0.00    CUBASMCN@16
 1861     0.02      425.269        0.065        0.065            448        0.15        0.15    MXTURHDMULTNEW@32
 1862     0.02      425.269        0.065        0.103         103341        0.00        0.00    CUBASMCN@19
 1863     0.02      425.269        0.065        0.103         103341        0.00        0.00    CUBASMCN@24
 1864     0.02      425.269        0.065        0.066           1813        0.04        0.04    GP_TNDLAGADIAB_UV@1
 1865     0.02      425.269        0.065        0.066           1813        0.04        0.04    GP_TNDLAGADIAB_UV@3
 1866     0.02      425.269        0.065        0.066           1813        0.04        0.04    GP_TNDLAGADIAB_UV@2
 1867     0.02      425.269        0.065        0.102         103341        0.00        0.00    CUBASMCN@7
 1868     0.02      425.269        0.065        0.102         103341        0.00        0.00    CUENTR@21
 1869     0.02      425.269        0.065        0.102         103341        0.00        0.00    CUBASMCN@12
 1870     0.02      425.269        0.065        0.102         103341        0.00        0.00    CUBASMCN@18
 1871     0.02      425.269        0.065        0.808           1776        0.04        0.45    ACPLUIZ@25
 1872     0.02      425.269        0.065        0.814           1813        0.04        0.45    ACPLUIZ@3
 1873     0.02      425.269        0.065        0.823           1813        0.04        0.45    ACPLUIZ@22
 1874     0.02      425.269        0.065        0.065           1813        0.04        0.04    GP_TNDLAGADIAB_UV@10
 1875     0.01      425.269        0.064        0.102         101232        0.00        0.00    CUBASMCN@25
 1876     0.01      425.269        0.064        0.065           1813        0.04        0.04    GP_TNDLAGADIAB_UV@9
 1877     0.01      425.269        0.064        0.065           1813        0.04        0.04    GP_TNDLAGADIAB_UV@12
 1878     0.01      425.269        0.064        0.065           1813        0.04        0.04    GP_TNDLAGADIAB_UV@5
 1879     0.01      425.269        0.064        0.065           1813        0.04        0.04    GP_TNDLAGADIAB_UV@7
 1880     0.01      425.269        0.064        0.065           1813        0.04        0.04    GP_TNDLAGADIAB_UV@11
 1881     0.01      425.269        0.064        0.808           1776        0.04        0.46    ACPLUIZ@28
 1882     0.01      425.333        0.064        0.064            343        0.19        0.19   *RADAER@16
 1883     0.01      425.333        0.064        0.102         103341        0.00        0.00    CUENTR@24
 1884     0.01      425.333        0.064        0.822           1813        0.04        0.45    ACPLUIZ@19
 1885     0.01      425.333        0.064        0.065           1813        0.04        0.04    GP_TNDLAGADIAB_UV@14
 1886     0.01      425.333        0.064        0.823           1813        0.04        0.45    ACPLUIZ@17
 1887     0.01      425.333        0.064        0.101         101232        0.00        0.00    CUBASMCN@26
 1888     0.01      425.333        0.064        0.824           1813        0.04        0.45    ACPLUIZ@18
 1889     0.01      425.333        0.064        0.065           1813        0.04        0.04    GP_TNDLAGADIAB_UV@15
 1890     0.01      425.333        0.064        0.101         103341        0.00        0.00    CUENTR@23
 1891     0.01      425.333        0.064        0.101         103341        0.00        0.00    CUENTR@13
 1892     0.01      425.333        0.064        0.065           1813        0.04        0.04    GP_TNDLAGADIAB_UV@13
 1893     0.01      425.333        0.064        0.065           1813        0.04        0.04    GPGRXYB_EXPL@20
 1894     0.01      425.333        0.064        0.065           1813        0.04        0.04    GP_TNDLAGADIAB_UV@8
 1895     0.01      425.333        0.064        0.065           1813        0.04        0.04    GP_TNDLAGADIAB_UV@16
 1896     0.01      425.333        0.064        0.065           1813        0.04        0.04    GPGRXYB_EXPL@24
 1897     0.01      425.333        0.064        0.064            343        0.19        0.19    RADAER@13
 1898     0.01      425.333        0.064        0.813           1813        0.04        0.45    ACPLUIZ@4
 1899     0.01      425.333        0.064        0.065           1813        0.04        0.04    GPGRXYB_EXPL@17
 1900     0.01      425.333        0.064        0.814           1813        0.04        0.45    ACPLUIZ@2
 1901     0.01      425.397        0.064        0.065           1813        0.04        0.04   *GPINISLB_PART3_EXPL@10
 1902     0.01      425.397        0.064        0.101         103341        0.00        0.00    CUENTR@14
 1903     0.01      425.397        0.064        0.065           1813        0.04        0.04    GPINISLB_PART3_EXPL@12
 1904     0.01      425.397        0.064        0.101         103341        0.00        0.00    CUENTR@15
 1905     0.01      425.397        0.064        0.101         103341        0.00        0.00    CUBASMCN@5
 1906     0.01      425.397        0.064        0.822           1813        0.04        0.45    ACPLUIZ@20
 1907     0.01      425.397        0.064        0.065           1813        0.04        0.04    GPINISLB_PART3_EXPL@11
 1908     0.01      425.397        0.064        0.064           1813        0.04        0.04    GPINISLB_PART3_EXPL@9
 1909     0.01      425.397        0.064        0.064            180        0.35        0.35    MXTURHDMULTNEW@2
 1910     0.01      425.397        0.064        0.101         103341        0.00        0.00    CUBASMCN@9
 1911     0.01      425.397        0.064        0.065           1813        0.04        0.04    GPGRXYB_EXPL@21
 1912     0.01      425.397        0.064        0.064           1813        0.04        0.04    GP_TNDLAGADIAB_UV@18
 1913     0.01      425.397        0.064        0.064           1813        0.04        0.04    GPGRXYB_EXPL@18
 1914     0.01      425.397        0.063        0.064           1813        0.04        0.04    GPGRXYB_EXPL@19
 1915     0.01      425.397        0.063        0.101         103341        0.00        0.00    CUBASMCN@11
 1916     0.01      425.397        0.063        0.100         101232        0.00        0.00    CUENTR@25
 1917     0.01      425.397        0.063        0.064            343        0.18        0.19    RADAER@15
 1918     0.01      425.397        0.063        0.100         101232        0.00        0.00    CUBASMCN@27
 1919     0.01      425.397        0.063        0.064           1813        0.03        0.04    GP_TNDLAGADIAB_UV@24
 1920     0.01      425.397        0.063        0.100         103341        0.00        0.00    CUBASMCN@10
 1921     0.01      425.397        0.063        0.064           1813        0.03        0.04    GPGRXYB_EXPL@23
 1922     0.01      425.397        0.063        0.064            343        0.18        0.19    RADAER@3
 1923     0.01      425.397        0.063        0.064            343        0.18        0.19    RADAER@14
 1924     0.01      425.397        0.063        0.064           1813        0.03        0.04    GP_TNDLAGADIAB_UV@20
 1925     0.01      425.397        0.063        0.063            343        0.18        0.19    RADAER@4
 1926     0.01      425.397        0.063        0.063            343        0.18        0.19    RADAER@2
 1927     0.01      425.397        0.063        0.064           1813        0.03        0.04    GPGRXYB_EXPL@22
 1928     0.01      425.397        0.063        0.064            343        0.18        0.19    RADAER@12
 1929     0.01      425.397        0.063        0.807           1776        0.04        0.45    ACPLUIZ@26
 1930     0.01      425.397        0.063        0.100         103341        0.00        0.00    CUENTR@16
 1931     0.01      425.397        0.063        0.805           1776        0.04        0.45    ACPLUIZ@29
 1932     0.01      425.397        0.063        0.814           1813        0.03        0.45    ACPLUIZ@1
 1933     0.01      425.397        0.063        0.063            356        0.18        0.18    MXTURHDMULTNEW@23
 1934     0.01      425.397        0.063        0.064           1776        0.04        0.04    GPGRXYB_EXPL@25
 1935     0.01      425.397        0.063        0.064           1813        0.03        0.04    GP_TNDLAGADIAB_UV@19
 1936     0.01      425.397        0.063        0.063            343        0.18        0.18    RADAER@10
 1937     0.01      425.397        0.063        0.064           1813        0.03        0.04    GP_TNDLAGADIAB_UV@17
 1938     0.01      425.397        0.063        0.100         103341        0.00        0.00    CUENTR@17
 1939     0.01      425.397        0.063        0.063            343        0.18        0.18    RADAER@11
 1940     0.01      425.397        0.063        0.804           1776        0.04        0.45    ACPLUIZ@31
 1941     0.01      425.397        0.063        0.063            343        0.18        0.18    RADAER@9
 1942     0.01      425.397        0.063        0.064           1813        0.03        0.04    GP_TNDLAGADIAB_UV@21
 1943     0.01      425.397        0.063        0.064           1813        0.03        0.04    GP_TNDLAGADIAB_UV@23
 1944     0.01      425.397        0.063        0.100         103341        0.00        0.00    CUENTR@20
 1945     0.01      425.397        0.063        0.064           1813        0.03        0.04    GPINISLB_PART3_EXPL@8
 1946     0.01      425.397        0.063        0.805           1776        0.04        0.45    ACPLUIZ@30
 1947     0.01      425.397        0.063        0.063           1776        0.04        0.04    GP_TNDLAGADIAB_UV@32
 1948     0.01      425.397        0.063        0.063            343        0.18        0.18    RADAER@19
 1949     0.01      425.397        0.063        0.063           1776        0.04        0.04    GPGRXYB_EXPL@29
 1950     0.01      425.397        0.063        0.063           1813        0.03        0.04    GPINISLB_PART3_EXPL@6
 1951     0.01      425.397        0.063        0.064           1813        0.03        0.04    GPINISLB_PART3_EXPL@7
 1952     0.01      425.397        0.063        0.064           1813        0.03        0.04    GPINISLB_PART3_EXPL@5
 1953     0.01      425.397        0.063        0.064           1813        0.03        0.04    GP_TNDLAGADIAB_UV@22
 1954     0.01      425.397        0.063        0.063           1776        0.04        0.04    GP_TNDLAGADIAB_UV@27
 1955     0.01      425.397        0.063        0.063           1776        0.04        0.04    GPGRXYB_EXPL@28
 1956     0.01      425.397        0.063        0.100         103341        0.00        0.00    CUENTR@19
 1957     0.01      425.397        0.063        0.099         103341        0.00        0.00    CUBASMCN@6
 1958     0.01      425.397        0.062        0.063           1776        0.04        0.04    GP_TNDLAGADIAB_UV@30
 1959     0.01      425.397        0.062        0.063           1776        0.04        0.04    GPGRXYB_EXPL@26
 1960     0.01      425.397        0.062        0.063            343        0.18        0.18    RADAER@1
 1961     0.01      425.397        0.062        0.063            336        0.19        0.19    RADAER@27
 1962     0.01      425.397        0.062        0.063            343        0.18        0.18    RADAER@20
 1963     0.01      425.397        0.062        0.063            343        0.18        0.18    RADAER@17
 1964     0.01      425.397        0.062        0.063           1776        0.04        0.04    GPGRXYB_EXPL@27
 1965     0.01      425.397        0.062        0.063            336        0.19        0.19    RADAER@28
 1966     0.01      425.397        0.062        0.099         101232        0.00        0.00    CUBASMCN@28
 1967     0.01      425.397        0.062        0.063           1776        0.04        0.04    GPGRXYB_EXPL@30
 1968     0.01      425.397        0.062        0.099         103341        0.00        0.00    CUENTR@12
 1969     0.01      425.397        0.062        0.063            343        0.18        0.18    RADAER@18
 1970     0.01      425.397        0.062        0.063           1776        0.04        0.04    GPGRXYB_EXPL@31
 1971     0.01      425.397        0.062        0.063           1776        0.03        0.04    GP_TNDLAGADIAB_UV@31
 1972     0.01      425.397        0.062        0.063           1776        0.03        0.04    GP_TNDLAGADIAB_UV@29
 1973     0.01      425.397        0.062        0.099         103341        0.00        0.00    CUENTR@8
 1974     0.01      425.397        0.062        0.062            343        0.18        0.18    RADAER@6
 1975     0.01      425.397        0.062        0.063           1776        0.03        0.04    GPGRXYB_EXPL@32
 1976     0.01      425.397        0.062        0.062            343        0.18        0.18    RADAER@8
 1977     0.01      425.397        0.062        0.063           1776        0.03        0.04    GP_TNDLAGADIAB_UV@26
 1978     0.01      425.397        0.062        0.098         101232        0.00        0.00    CUENTR@26
 1979     0.01      425.397        0.062        0.062            343        0.18        0.18    RADAER@7
 1980     0.01      425.397        0.062        0.062            228        0.27        0.27    MXTURHDMULTNEW@12
 1981     0.01      425.397        0.062        0.062            336        0.18        0.19    RADAER@26
 1982     0.01      425.397        0.062        0.098         103341        0.00        0.00    CUENTR@18
 1983     0.01      425.397        0.062        0.099         103341        0.00        0.00    CUENTR@11
 1984     0.01      425.397        0.062        0.062            336        0.18        0.19    RADAER@29
 1985     0.01      425.397        0.062        0.062            336        0.18        0.18    RADAER@30
 1986     0.01      425.397        0.062        0.063           1776        0.03        0.04    GP_TNDLAGADIAB_UV@25
 1987     0.01      425.397        0.062        0.062            336        0.18        0.18    RADAER@31
 1988     0.01      425.397        0.062        0.062            343        0.18        0.18    RADAER@5
 1989     0.01      425.459        0.062        0.286             37        1.67        7.74    APL_ARPEGE_PARALLEL:ACTQSAT:COMPUTE@1
 1990     0.01      425.459        0.062        0.062            238        0.26        0.26    MXTURHDMULTNEW@13
 1991     0.01      425.459        0.062        0.062           1776        0.03        0.04    GP_TNDLAGADIAB_UV@28
 1992     0.01      425.459        0.062        0.062            336        0.18        0.18    RADAER@32
 1993     0.01      425.459        0.062        0.062            336        0.18        0.19    RADAER@25
 1994     0.01      425.459        0.062        0.063           3626        0.02        0.02    ACCLDIA@23
 1995     0.01      425.459        0.061        0.098         101232        0.00        0.00    CUENTR@28
 1996     0.01      425.459        0.061        0.098         103341        0.00        0.00    CUENTR@10
 1997     0.01      425.520        0.061        0.078           1813        0.03        0.04   *CUDTDQN@14
 1998     0.01      425.520        0.061        0.097         101232        0.00        0.00    CUENTR@27
 1999     0.01      425.520        0.061        0.098         103341        0.00        0.00    CUENTR@9
 2000     0.01      425.520        0.061        0.077           1813        0.03        0.04    CUDTDQN@13
 2001     0.01      425.520        0.061        0.097         103341        0.00        0.00    CUENTR@7
 2002     0.01      425.520        0.061        0.062           1813        0.03        0.03    GPINISLB_PART3_EXPL@2
 2003     0.01      425.520        0.061        0.062           1813        0.03        0.03    GPINISLB_PART3_EXPL@3
 2004     0.01      425.520        0.061        0.061           1813        0.03        0.03    GPINISLB_PART3_EXPL@4
 2005     0.01      425.520        0.060        0.061           1813        0.03        0.03    GPINISLB_PART3_EXPL@1
 2006     0.01      425.520        0.060        0.062           3552        0.02        0.02    ACCLDIA@27
 2007     0.01      425.520        0.060        0.092         101232        0.00        0.00    CUBASMCN@29
 2008     0.01      425.520        0.060        0.061           1813        0.03        0.03    GPINISLB_PART3_EXPL@15
 2009     0.01      425.520        0.060        0.091         101232        0.00        0.00    CUBASMCN@30
 2010     0.01      425.520        0.060        0.061           1813        0.03        0.03    GPINISLB_PART3_EXPL@14
 2011     0.01      425.520        0.060        0.061           1813        0.03        0.03    GPINISLB_PART3_EXPL@13
 2012     0.01      425.520        0.060        0.061           1813        0.03        0.03    GPINISLB_PART3_EXPL@16
 2013     0.01      425.520        0.060        0.091         103341        0.00        0.00    CUBASMCN@1
 2014     0.01      425.520        0.059        0.096         103341        0.00        0.00    CUENTR@6
 2015     0.01      425.520        0.059        0.060           1776        0.03        0.03    GPINISLB_PART3_EXPL@31
 2016     0.01      425.520        0.059        0.061           3626        0.02        0.02    ACCLDIA@22
 2017     0.01      425.520        0.059        0.060           1776        0.03        0.03    GPINISLB_PART3_EXPL@32
 2018     0.01      425.520        0.059        0.060           1776        0.03        0.03    GPINISLB_PART3_EXPL@29
 2019     0.01      425.520        0.059        0.061           3626        0.02        0.02    ACCLDIA@20
 2020     0.01      425.520        0.059        0.096         103341        0.00        0.00    CUENTR@5
 2021     0.01      425.520        0.059        0.060            343        0.17        0.17    RADAER@23
 2022     0.01      425.520        0.059        0.059            162        0.36        0.37    MXTURHDMULTNEW@1
 2023     0.01      425.520        0.059        0.061           3626        0.02        0.02    ACCLDIA@19
 2024     0.01      425.520        0.059        0.060           1813        0.03        0.03    GPINISLB_PART3_EXPL@20
 2025     0.01      425.520        0.059        0.061           3626        0.02        0.02    ACCLDIA@21
 2026     0.01      425.520        0.059        0.061           3626        0.02        0.02    ACCLDIA@17
 2027     0.01      425.520        0.059        0.060           3552        0.02        0.02    DPRECIPS@30
 2028     0.01      425.520        0.059        0.075           1813        0.03        0.04    CUDTDQN@21
 2029     0.01      425.520        0.059        0.075           1813        0.03        0.04    CUDTDQN@24
 2030     0.01      425.520        0.059        0.060           3552        0.02        0.02    DPRECIPS@28
 2031     0.01      425.520        0.059        0.060            343        0.17        0.17    RADAER@22
 2032     0.01      425.520        0.059        0.060           1813        0.03        0.03    GPINISLB_PART3_EXPL@19
 2033     0.01      425.520        0.059        0.060            343        0.17        0.17    RADAER@24
 2034     0.01      425.520        0.059        0.060           1813        0.03        0.03    GPINISLB_PART3_EXPL@18
 2035     0.01      425.520        0.059        0.060           1813        0.03        0.03    GPINISLB_PART3_EXPL@17
 2036     0.01      425.520        0.059        0.061           3626        0.02        0.02    ACCLDIA@24
 2037     0.01      425.520        0.059        0.060           1776        0.03        0.03    GPINISLB_PART3_EXPL@30
 2038     0.01      425.520        0.059        0.060            343        0.17        0.17    RADAER@21
 2039     0.01      425.520        0.059        0.060           3626        0.02        0.02    ACCLDIA@18
 2040     0.01      425.520        0.059        0.794           1776        0.03        0.45    ACPLUIZ@27
 2041     0.01      425.520        0.058        0.805           1813        0.03        0.44    ACPLUIZ@24
 2042     0.01      425.579        0.058      408.048             37        1.58    11028.32    GP_MODEL@1
 2043     0.01      425.579        0.058        0.060           3552        0.02        0.02    DPRECIPS@29
 2044     0.01      425.579        0.058        0.060           3552        0.02        0.02    DPRECIPS@31
 2045     0.01      425.579        0.058        0.059           1776        0.03        0.03    GPINISLB_PART3_EXPL@27
 2046     0.01      425.579        0.058        0.090         103341        0.00        0.00    CUBASMCN@3
 2047     0.01      425.579        0.058        0.074           1813        0.03        0.04    CUDTDQN@15
 2048     0.01      425.579        0.058        0.059           1776        0.03        0.03    GPINISLB_PART3_EXPL@25
 2049     0.01      425.579        0.058        0.075           1813        0.03        0.04    CUDTDQN@12
 2050     0.01      425.579        0.058        0.059           1776        0.03        0.03    GPINISLB_PART3_EXPL@28
 2051     0.01      425.579        0.058        0.060           3552        0.02        0.02    ACCLDIA@25
 2052     0.01      425.579        0.058        0.059           1776        0.03        0.03    GPINISLB_PART3_EXPL@26
 2053     0.01      425.579        0.058        0.059           3552        0.02        0.02    ACCLDIA@30
 2054     0.01      425.579        0.058        0.074           1813        0.03        0.04    CUDTDQN@16
 2055     0.01      425.579        0.058        0.074           1813        0.03        0.04    CUDTDQN@23
 2056     0.01      425.579        0.058        0.074           1813        0.03        0.04    CUDTDQN@22
 2057     0.01      425.579        0.058        0.059           3552        0.02        0.02    ACCLDIA@32
 2058     0.01      425.579        0.058        0.059           3552        0.02        0.02    ACCLDIA@26
 2059     0.01      425.579        0.058        0.089         101232        0.00        0.00    CUENTR@29
 2060     0.01      425.579        0.058        0.814           1813        0.03        0.45    ACPLUIZ@23
 2061     0.01      425.636        0.058        0.058             37        1.56        1.56    LOGDIS@1
 2062     0.01      425.636        0.057        0.089         103341        0.00        0.00    CUBASMCN@4
 2063     0.01      425.636        0.057        0.803           1813        0.03        0.44    ACPLUIZ@21
 2064     0.01      425.636        0.057        0.089         103341        0.00        0.00    CUBASMCN@2
 2065     0.01      425.636        0.057        0.073           1813        0.03        0.04    CUDTDQN@17
 2066     0.01      425.636        0.057        0.059           3552        0.02        0.02    ACCLDIA@28
 2067     0.01      425.693        0.057        0.057              1       57.03       57.04    SUGRIDUA_FIXUP@1
 2068     0.01      425.693        0.057        0.088         101232        0.00        0.00    CUENTR@30
 2069     0.01      425.693        0.057        0.073           1813        0.03        0.04    CUDTDQN@20
 2070     0.01      425.693        0.057        0.058           3552        0.02        0.02    ACCLDIA@29
 2071     0.01      425.693        0.057        0.073           1776        0.03        0.04    CUDTDQN@25
 2072     0.01      425.693        0.057        0.058           1813        0.03        0.03    GPINISLB_PART3_EXPL@24
 2073     0.01      425.693        0.057        0.058           3552        0.02        0.02    ACCLDIA@31
 2074     0.01      425.693        0.056        0.058           1813        0.03        0.03    GPINISLB_PART3_EXPL@23
 2075     0.01      425.693        0.056        0.058           1813        0.03        0.03    GPINISLB_PART3_EXPL@21
 2076     0.01      425.693        0.056        0.072           1813        0.03        0.04    CUDTDQN@18
 2077     0.01      425.749        0.056        4.325             37        1.52      116.88    APL_ARPEGE_SURFACE_PARALLEL:ACDIFV1:COMPUTE@1
 2078     0.01      425.805        0.056        0.437           1813        0.03        0.24   *GPGRGEO_EXPL@3
 2079     0.01      425.805        0.056        0.057           1813        0.03        0.03    GPINISLB_PART3_EXPL@22
 2080     0.01      425.861        0.056        0.056            435        0.13        0.13   *MXTURHDNEW@14
 2081     0.01      425.861        0.056        0.436           1813        0.03        0.24    GPGRGEO_EXPL@1
 2082     0.01      425.861        0.056        0.056            492        0.11        0.11    MXTURHDNEW@17
 2083     0.01      425.861        0.055        0.056            672        0.08        0.08    MXTURHDNEW@32
 2084     0.01      425.861        0.055        0.071           1776        0.03        0.04    CUDTDQN@29
 2085     0.01      425.861        0.055        0.436           1813        0.03        0.24    GPGRGEO_EXPL@4
 2086     0.01      425.861        0.055        0.071           1813        0.03        0.04    CUDTDQN@19
 2087     0.01      425.861        0.055        0.071           1776        0.03        0.04    CUDTDQN@27
 2088     0.01      425.861        0.055        0.071           1776        0.03        0.04    CUDTDQN@26
 2089     0.01      425.861        0.055        0.437           1813        0.03        0.24    GPGRGEO_EXPL@13
 2090     0.01      425.861        0.055        0.071           1776        0.03        0.04    CUDTDQN@28
 2091     0.01      425.861        0.055        0.436           1813        0.03        0.24    GPGRGEO_EXPL@14
 2092     0.01      425.861        0.055        0.435           1813        0.03        0.24    GPGRGEO_EXPL@16
 2093     0.01      425.861        0.055        0.055            438        0.13        0.13    MXTURHDNEW@15
 2094     0.01      425.861        0.055        0.436           1813        0.03        0.24    GPGRGEO_EXPL@2
 2095     0.01      425.861        0.055        0.436           1813        0.03        0.24    GPGRGEO_EXPL@11
 2096     0.01      425.861        0.055        0.436           1813        0.03        0.24    GPGRGEO_EXPL@15
 2097     0.01      425.861        0.055        0.435           1813        0.03        0.24    GPGRGEO_EXPL@12
 2098     0.01      425.861        0.054        0.434           1813        0.03        0.24    GPGRGEO_EXPL@10
 2099     0.01      425.861        0.054        0.434           1813        0.03        0.24    GPGRGEO_EXPL@6
 2100     0.01      425.861        0.054        0.069           1776        0.03        0.04    CUDTDQN@30
 2101     0.01      425.861        0.054        0.055            642        0.08        0.08    MXTURHDNEW@29
 2102     0.01      425.861        0.054        0.086         101232        0.00        0.00    CUBASMCN@32
 2103     0.01      425.861        0.054        0.054            507        0.11        0.11    MXTURHDNEW@18
 2104     0.01      425.861        0.054        0.054            270        0.20        0.20    MXTURHDNEW@2
 2105     0.01      425.915        0.054        0.323              1       54.09      322.73    SU0YOMB@1
 2106     0.01      425.915        0.054        0.435           1813        0.03        0.24    GPGRGEO_EXPL@5
 2107     0.01      425.915        0.054        0.434           1813        0.03        0.24    GPGRGEO_EXPL@9
 2108     0.01      425.915        0.054        0.086         101232        0.00        0.00    CUBASMCN@31
 2109     0.01      425.915        0.054        0.054            657        0.08        0.08    MXTURHDNEW@31
 2110     0.01      425.915        0.054        0.435           1813        0.03        0.24    GPGRGEO_EXPL@8
 2111     0.01      425.915        0.054        0.054            342        0.16        0.16    MXTURHDNEW@12
 2112     0.01      425.969        0.054        0.060          21840        0.00        0.00    radiation_single_level:deallocate_single_level_CPU@1
 2113     0.01      425.969        0.054        0.069           1813        0.03        0.04    CUDTDQN@11
 2114     0.01      425.969        0.054        0.068           1776        0.03        0.04    CUDTDQN@31
 2115     0.01      425.969        0.053        0.435           1813        0.03        0.24    GPGRGEO_EXPL@7
 2116     0.01      425.969        0.053        0.085         103341        0.00        0.00    CUENTR@4
 2117     0.01      425.969        0.053        0.434           1813        0.03        0.24    GPGRGEO_EXPL@18
 2118     0.01      426.022        0.053        0.054           1813        0.03        0.03   *ACVISIH@14
 2119     0.01      426.022        0.053        0.054           1813        0.03        0.03    ACVISIH@16
 2120     0.01      426.022        0.053        0.434           1813        0.03        0.24    GPGRGEO_EXPL@19
 2121     0.01      426.022        0.053        0.053            243        0.22        0.22    MXTURHDNEW@1
 2122     0.01      426.022        0.053        0.054           1813        0.03        0.03    ACVISIH@10
 2123     0.01      426.022        0.053        0.054           1813        0.03        0.03    ACVISIH@11
 2124     0.01      426.022        0.053        0.433           1813        0.03        0.24    GPGRGEO_EXPL@24
 2125     0.01      426.022        0.053        0.054           1813        0.03        0.03    ACVISIH@12
 2126     0.01      426.022        0.053        0.435           1813        0.03        0.24    GPGRGEO_EXPL@17
 2127     0.01      426.075        0.053        0.053             37        1.42        1.42    LAPINEB_PARALLEL:L_RDRY_VD:COMPUTE@1
 2128     0.01      426.075        0.053        0.434           1813        0.03        0.24    GPGRGEO_EXPL@20
 2129     0.01      426.075        0.053        0.434           1813        0.03        0.24    GPGRGEO_EXPL@23
 2130     0.01      426.075        0.053        0.053           1813        0.03        0.03    ACVISIH@15
 2131     0.01      426.075        0.053        0.053            648        0.08        0.08    MXTURHDNEW@30
 2132     0.01      426.075        0.053        0.053           1813        0.03        0.03    ACVISIH@13
 2133     0.01      426.075        0.053        0.067           1813        0.03        0.04    CUDTDQN@1
 2134     0.01      426.075        0.052        0.053            318        0.16        0.17    MXTURHDNEW@4
 2135     0.01      426.075        0.052        0.053            294        0.18        0.18    MXTURHDNEW@3
 2136     0.01      426.075        0.052        0.084         103341        0.00        0.00    CUENTR@3
 2137     0.01      426.075        0.052        0.053            528        0.10        0.10    MXTURHDNEW@19
 2138     0.01      426.075        0.052        0.434           1813        0.03        0.24    GPGRGEO_EXPL@21
 2139     0.01      426.075        0.052        0.053           1813        0.03        0.03    ACVISIH@1
 2140     0.01      426.075        0.052        0.053           1813        0.03        0.03    ACVISIH@9
 2141     0.01      426.075        0.052        0.053            528        0.10        0.10    MXTURHDNEW@21
 2142     0.01      426.075        0.052        0.053           1813        0.03        0.03    ACVISIH@7
 2143     0.01      426.075        0.052        0.053           1813        0.03        0.03    ACVISIH@6
 2144     0.01      426.075        0.052        0.053            564        0.09        0.09    MXTURHDNEW@25
 2145     0.01      426.075        0.052        0.053           1813        0.03        0.03    ACVISIH@5
 2146     0.01      426.075        0.052        0.053           1813        0.03        0.03    ACVISIH@8
 2147     0.01      426.075        0.052        0.053           1813        0.03        0.03    ACVISIH@2
 2148     0.01      426.075        0.052        0.053           1813        0.03        0.03    ACVISIH@4
 2149     0.01      426.075        0.052        0.083         101232        0.00        0.00    CUENTR@31
 2150     0.01      426.075        0.052        0.052            357        0.15        0.15    MXTURHDNEW@13
 2151     0.01      426.075        0.052        0.083         101232        0.00        0.00    CUENTR@32
 2152     0.01      426.075        0.052        0.433           1813        0.03        0.24    GPGRGEO_EXPL@22
 2153     0.01      426.075        0.052        0.420           1776        0.03        0.24    GPGRGEO_EXPL@32
 2154     0.01      426.075        0.052        0.425           1776        0.03        0.24    GPGRGEO_EXPL@30
 2155     0.01      426.126        0.052      332.776             37        1.40     8993.94    APL_ARPEGE_PARALLEL@1
 2156     0.01      426.126        0.052        0.425           1776        0.03        0.24    GPGRGEO_EXPL@26
 2157     0.01      426.126        0.052        0.424           1776        0.03        0.24    GPGRGEO_EXPL@31
 2158     0.01      426.126        0.052        0.052           1813        0.03        0.03    ACVISIH@3
 2159     0.01      426.126        0.051        0.052            552        0.09        0.09    MXTURHDNEW@24
 2160     0.01      426.126        0.051        0.066           1776        0.03        0.04    CUDTDQN@32
 2161     0.01      426.126        0.051        0.052            639        0.08        0.08    MXTURHDNEW@27
 2162     0.01      426.126        0.051        0.052            438        0.12        0.12    MXTURHDNEW@16
 2163     0.01      426.126        0.051        0.052            528        0.10        0.10    MXTURHDNEW@20
 2164     0.01      426.126        0.051        0.425           1776        0.03        0.24    GPGRGEO_EXPL@25
 2165     0.01      426.126        0.051        0.424           1776        0.03        0.24    GPGRGEO_EXPL@29
 2166     0.01      426.126        0.051        0.425           1776        0.03        0.24    GPGRGEO_EXPL@27
 2167     0.01      426.177        0.051        0.051             37        1.38        1.38    LAPINEB_PARALLEL:TEMP_EQ:COMPUTE@1
 2168     0.01      426.177        0.051        0.051            267        0.19        0.19    MXTURHDNEW@5
 2169     0.01      426.177        0.051        0.051            330        0.15        0.16    MXTURHDNEW@9
 2170     0.01      426.177        0.051        0.082         103341        0.00        0.00    CUENTR@1
 2171     0.01      426.177        0.051        0.051            336        0.15        0.15    MXTURHDNEW@11
 2172     0.01      426.177        0.051        0.051            606        0.08        0.08    MXTURHDNEW@26
 2173     0.01      426.177        0.051        0.051            528        0.10        0.10    MXTURHDNEW@22
 2174     0.01      426.177        0.051        0.051            306        0.17        0.17    MXTURHDNEW@7
 2175     0.01      426.177        0.050        0.423           1776        0.03        0.24    GPGRGEO_EXPL@28
 2176     0.01      426.228        0.050        0.054          10920        0.00        0.00    radiation_cloud:crop_cloud_fraction_CPU@1
 2177     0.01      426.228        0.050        0.051            276        0.18        0.18    MXTURHDNEW@6
 2178     0.01      426.278        0.050        0.051              1       50.40       50.54    IOSPECA_MOD:IOSPECA_SELECTFY@1
 2179     0.01      426.278        0.050        0.051            336        0.15        0.15    MXTURHDNEW@10
 2180     0.01      426.278        0.050        0.051            324        0.16        0.16    MXTURHDNEW@8
 2181     0.01      426.278        0.050        0.050            645        0.08        0.08    MXTURHDNEW@28
 2182     0.01      426.278        0.050        0.081         103341        0.00        0.00    CUENTR@2
 2183     0.01      426.278        0.048        0.049            534        0.09        0.09    MXTURHDNEW@23
 2184     0.01      426.278        0.048        0.063           1813        0.03        0.03    CUDTDQN@10
 2185     0.01      426.326        0.047        2.416           1404        0.03        1.72    SITNU_GP_OPENMP@1
 2186     0.01      426.372        0.047        0.048           1813        0.03        0.03   *ACEVOLET@12
 2187     0.01      426.419        0.047        0.047           1813        0.03        0.03   *ACFLUSO@10
 2188     0.01      426.419        0.047        0.047           1813        0.03        0.03    ACFLUSO@11
 2189     0.01      426.419        0.046        0.061           1813        0.03        0.03    CUDTDQN@8
 2190     0.01      426.465        0.046        0.046             37        1.24        1.24    CPGLAG_PARALLEL:STR:COMPUTE@1
 2191     0.01      426.511        0.046        0.158             36        1.27        4.39    SPCHOR_TOT@1
 2192     0.01      426.556        0.046        0.046              1       45.81       45.81    DIST_GRID@1
 2193     0.01      426.556        0.046        0.061           1813        0.03        0.03    CUDTDQN@9
 2194     0.01      426.556        0.046        0.060           1813        0.03        0.03    CUDTDQN@2
 2195     0.01      426.602        0.046        1.280             37        1.23       34.60    APL_ARPEGE_SURFACE_PARALLEL:ACDIFV2:COMPUTE@1
 2196     0.01      426.602        0.046        0.046           1813        0.03        0.03    ACFLUSO@9
 2197     0.01      426.648        0.046        0.047           1813        0.03        0.03   *ACMICRO@14
 2198     0.01      426.648        0.045        0.046           1813        0.03        0.03    ACFLUSO@17
 2199     0.01      426.648        0.045        0.046           1813        0.02        0.03    ACEVOLET@15
 2200     0.01      426.693        0.045        0.332             74        0.61        4.49    LAPINEB_PARALLEL:ROTUVGEO:COMPUTE@1
 2201     0.01      426.693        0.045        0.046           1813        0.02        0.03    ACEVOLET@5
 2202     0.01      426.693        0.045        0.046           1813        0.02        0.03    ACEVOLET@14
 2203     0.01      426.693        0.045        0.046           1813        0.02        0.03    ACEVOLET@11
 2204     0.01      426.693        0.045        0.046           1813        0.02        0.03    ACEVOLET@16
 2205     0.01      426.693        0.045        0.046           1813        0.02        0.03    ACEVOLET@13
 2206     0.01      426.693        0.045        0.060           1813        0.02        0.03    CUDTDQN@7
 2207     0.01      426.693        0.044        0.045           1813        0.02        0.02    ACFLUSO@12
 2208     0.01      426.693        0.044        0.045           1813        0.02        0.03    ACEVOLET@6
 2209     0.01      426.693        0.044        0.045           1813        0.02        0.02    ACEVOLET@3
 2210     0.01      426.693        0.044        0.058           1813        0.02        0.03    CUDTDQN@4
 2211     0.01      426.693        0.044        0.045           1813        0.02        0.02    ACEVOLET@8
 2212     0.01      426.693        0.044        0.045           1813        0.02        0.02    ACFLUSO@8
 2213     0.01      426.737        0.044        0.047          10920        0.00        0.00    radiation_cloud:allocate_cloud_arrays_CPU@1
 2214     0.01      426.737        0.044        0.045           1813        0.02        0.02    ACFLUSO@13
 2215     0.01      426.737        0.044        0.045           1813        0.02        0.02    ACFLUSO@23
 2216     0.01      426.737        0.044        0.045           1813        0.02        0.02    ACEVOLET@9
 2217     0.01      426.737        0.044        0.045           1813        0.02        0.02    ACEVOLET@1
 2218     0.01      426.780        0.044        0.044            106        0.41        0.41    POSNAME@1
 2219     0.01      426.780        0.044        0.045           1813        0.02        0.02    ACEVOLET@2
 2220     0.01      426.780        0.044        0.045           1813        0.02        0.02    ACEVOLET@7
 2221     0.01      426.780        0.043        0.044           1813        0.02        0.02    ACEVOLET@4
 2222     0.01      426.780        0.043        0.044           1813        0.02        0.02    ACEVOLET@10
 2223     0.01      426.780        0.043        0.057           1813        0.02        0.03    CUDTDQN@3
 2224     0.01      426.780        0.043        0.044           1813        0.02        0.02    ACFLUSO@14
 2225     0.01      426.780        0.043        0.044           1813        0.02        0.02    ACFLUSO@16
 2226     0.01      426.780        0.043        0.044           1813        0.02        0.02    ACFLUSO@24
 2227     0.01      426.780        0.043        0.044           1813        0.02        0.02    ACFLUSO@15
 2228     0.01      426.780        0.043        0.044           1813        0.02        0.02    ACEVOLET@21
 2229     0.01      426.780        0.043        0.057           1813        0.02        0.03    CUDTDQN@5
 2230     0.01      426.780        0.042        0.043           1813        0.02        0.02    ACEVOLET@19
 2231     0.01      426.780        0.042        0.043           1813        0.02        0.02    ACFLUSO@4
 2232     0.01      426.780        0.042        0.043           1813        0.02        0.02    ACFLUSO@18
 2233     0.01      426.780        0.042        0.043           1776        0.02        0.02    ACEVOLET@27
 2234     0.01      426.780        0.042        0.043           1813        0.02        0.02    ACEVOLET@22
 2235     0.01      426.780        0.042        0.043           1813        0.02        0.02    ACFLUSO@19
 2236     0.01      426.780        0.042        0.043           1813        0.02        0.02    ACFLUSO@22
 2237     0.01      426.780        0.042        0.043           1813        0.02        0.02    ACFLUSO@7
 2238     0.01      426.780        0.042        0.043           1813        0.02        0.02    ACEVOLET@24
 2239     0.01      426.780        0.042        0.043           1776        0.02        0.02    ACEVOLET@31
 2240     0.01      426.780        0.042        0.043           1813        0.02        0.02    ACEVOLET@23
 2241     0.01      426.780        0.042        0.043           1813        0.02        0.02    ACMICRO@5
 2242     0.01      426.780        0.042        0.043           1813        0.02        0.02    ACFLUSO@20
 2243     0.01      426.780        0.042        0.042           1813        0.02        0.02    ACVISIH@20
 2244     0.01      426.780        0.042        0.043           1776        0.02        0.02    ACEVOLET@30
 2245     0.01      426.780        0.042        0.042           1813        0.02        0.02    ACMICRO@8
 2246     0.01      426.780        0.041        0.043           1776        0.02        0.02    ACEVOLET@25
 2247     0.01      426.822        0.041        0.042           1404        0.03        0.03    MXPTMANEW@1
 2248     0.01      426.822        0.041        0.042           1813        0.02        0.02    ACMICRO@13
 2249     0.01      426.822        0.041        0.042           1813        0.02        0.02    ACFLUSO@21
 2250     0.01      426.822        0.041        0.042           1776        0.02        0.02    ACEVOLET@28
 2251     0.01      426.822        0.041        0.042           1813        0.02        0.02    ACMICRO@11
 2252     0.01      426.822        0.041        0.042           1813        0.02        0.02    ACMICRO@10
 2253     0.01      426.822        0.041        0.042           1776        0.02        0.02    ACEVOLET@32
 2254     0.01      426.822        0.041        0.042           1813        0.02        0.02    ACMICRO@7
 2255     0.01      426.822        0.041        0.042           1813        0.02        0.02    ACMICRO@12
 2256     0.01      426.822        0.041        0.042           1776        0.02        0.02    ACFLUSO@26
 2257     0.01      426.822        0.041        0.042           1813        0.02        0.02    ACMICRO@15
 2258     0.01      426.822        0.041        0.042           1813        0.02        0.02    ACEVOLET@18
 2259     0.01      426.822        0.041        0.042           1813        0.02        0.02    ACEVOLET@20
 2260     0.01      426.822        0.041        0.042           1813        0.02        0.02    ACVISIH@19
 2261     0.01      426.822        0.041        0.042           1813        0.02        0.02    ACMICRO@6
 2262     0.01      426.822        0.041        0.042           1813        0.02        0.02    ACMICRO@9
 2263     0.01      426.822        0.041        0.055           1813        0.02        0.03    CUDTDQN@6
 2264     0.01      426.822        0.041        0.042           1813        0.02        0.02    ACMICRO@16
 2265     0.01      426.822        0.041        0.042           1776        0.02        0.02    ACFLUSO@25
 2266     0.01      426.822        0.041        0.042           1813        0.02        0.02    ACMICRO@3
 2267     0.01      426.822        0.041        0.042           1813        0.02        0.02    ACEVOLET@17
 2268     0.01      426.822        0.041        0.041           1813        0.02        0.02    ACFLUSO@6
 2269     0.01      426.822        0.041        0.041           1813        0.02        0.02    ACMICRO@2
 2270     0.01      426.822        0.041        0.042           1776        0.02        0.02    ACEVOLET@26
 2271     0.01      426.822        0.041        0.041           1776        0.02        0.02    ACFLUSO@28
 2272     0.01      426.822        0.041        0.041           1813        0.02        0.02    ACVISIH@22
 2273     0.01      426.822        0.041        0.041           1813        0.02        0.02    ACFLUSO@5
 2274     0.01      426.822        0.041        0.041           1813        0.02        0.02    ACVISIH@17
 2275     0.01      426.822        0.041        0.041           1776        0.02        0.02    ACFLUSO@27
 2276     0.01      426.822        0.040        0.041           1813        0.02        0.02    ACMICRO@4
 2277     0.01      426.822        0.040        0.041           1813        0.02        0.02    ACVISIH@18
 2278     0.01      426.822        0.040        0.041           1813        0.02        0.02    ACVISIH@23
 2279     0.01      426.822        0.040        0.041           1776        0.02        0.02    ACEVOLET@29
 2280     0.01      426.822        0.040        0.041           1813        0.02        0.02    ACVISIH@21
 2281     0.01      426.822        0.040        0.041           1813        0.02        0.02    ACVISIH@24
 2282     0.01      426.862        0.040        0.056           1813        0.02        0.03   *CUDUDV@13
 2283     0.01      426.862        0.040        0.056           1813        0.02        0.03    CUDUDV@14
 2284     0.01      426.862        0.040        0.041           1776        0.02        0.02    ACVISIH@31
 2285     0.01      426.862        0.040        0.041           1776        0.02        0.02    ACVISIH@28
 2286     0.01      426.862        0.040        0.055           1813        0.02        0.03    CUDUDV@21
 2287     0.01      426.862        0.040        0.040           1776        0.02        0.02    ACVISIH@32
 2288     0.01      426.862        0.040        0.055           1813        0.02        0.03    CUDUDV@15
 2289     0.01      426.862        0.040        0.040           1776        0.02        0.02    ACVISIH@29
 2290     0.01      426.902        0.040        0.043          10920        0.00        0.00    radiation_thermodynamics:get_layer_mass_CPU@1
 2291     0.01      426.902        0.040        0.040           1776        0.02        0.02    ACVISIH@30
 2292     0.01      426.942        0.040        0.040             37        1.07        1.07    APL_ARPEGE_PARALLEL:EDR:COMPUTE@1
 2293     0.01      426.981        0.040        0.043             38        1.04        1.12    SUHEG@1
 2294     0.01      426.981        0.040        0.055           1813        0.02        0.03    CUDUDV@23
 2295     0.01      426.981        0.040        0.055           1813        0.02        0.03    CUDUDV@24
 2296     0.01      426.981        0.040        0.055           1813        0.02        0.03    CUDUDV@12
 2297     0.01      426.981        0.040        0.040           1776        0.02        0.02    ACVISIH@27
 2298     0.01      426.981        0.040        0.055           1813        0.02        0.03    CUDUDV@17
 2299     0.01      426.981        0.039        0.040           1776        0.02        0.02    ACVISIH@25
 2300     0.01      426.981        0.039        0.055           1813        0.02        0.03    CUDUDV@16
 2301     0.01      427.021        0.039        0.039             37        1.06        1.07    MF_PHYS_FPL_PART2_PARALLEL:PART2:COMPUTE@1
 2302     0.01      427.021        0.039        0.040           1776        0.02        0.02    ACVISIH@26
 2303     0.01      427.021        0.039        0.055           1813        0.02        0.03    CUDUDV@22
 2304     0.01      427.021        0.039        0.040           1813        0.02        0.02    ACFLUSO@3
 2305     0.01      427.021        0.039        0.040           1776        0.02        0.02    ACFLUSO@31
 2306     0.01      427.021        0.039        0.054           1813        0.02        0.03    CUDUDV@19
 2307     0.01      427.021        0.039        0.054           1813        0.02        0.03    CUDUDV@20
 2308     0.01      427.021        0.039        0.054           1813        0.02        0.03    CUDUDV@18
 2309     0.01      427.021        0.039        0.054           1813        0.02        0.03    CUDUDV@11
 2310     0.01      427.021        0.039        0.039           1776        0.02        0.02    ACFLUSO@32
 2311     0.01      427.021        0.039        0.054           1776        0.02        0.03    CUDUDV@25
 2312     0.01      427.059        0.039        0.039             37        1.04        1.05    CPUTQY_APLPAR_EXPL_PARALLEL:PFDIS:COMPUTE@1
 2313     0.01      427.059        0.038        0.053           1776        0.02        0.03    CUDUDV@26
 2314     0.01      427.098        0.038        0.038             37        1.04        1.04    MF_PHYS_FPL_PART1_PARALLEL:PART1:COMPUTE@1
 2315     0.01      427.098        0.038        0.053           1776        0.02        0.03    CUDUDV@27
 2316     0.01      427.098        0.038        0.053           1776        0.02        0.03    CUDUDV@28
 2317     0.01      427.098        0.038        0.039           1813        0.02        0.02    ACMICRO@19
 2318     0.01      427.098        0.038        0.039           1813        0.02        0.02    ACMICRO@18
 2319     0.01      427.098        0.038        0.039           1813        0.02        0.02    ACMICRO@22
 2320     0.01      427.098        0.038        0.039           1813        0.02        0.02    ACMICRO@20
 2321     0.01      427.098        0.038        0.053           1813        0.02        0.03    CUDUDV@1
 2322     0.01      427.098        0.038        0.039           1813        0.02        0.02    ACMICRO@17
 2323     0.01      427.098        0.038        0.039           1776        0.02        0.02    ACMICRO@31
 2324     0.01      427.136        0.038        0.444             37        1.03       12.00    APL_ARPEGE_RADIATION_PARALLEL:RADHEAT:COMPUTE@1
 2325     0.01      427.136        0.038        0.052           1776        0.02        0.03    CUDUDV@29
 2326     0.01      427.136        0.038        0.039           1776        0.02        0.02    ACMICRO@25
 2327     0.01      427.136        0.038        0.039           1813        0.02        0.02    ACMICRO@24
 2328     0.01      427.136        0.038        0.052           1813        0.02        0.03    CUDUDV@10
 2329     0.01      427.136        0.038        0.039           1813        0.02        0.02    ACMICRO@21
 2330     0.01      427.136        0.038        0.052           1776        0.02        0.03    CUDUDV@30
 2331     0.01      427.136        0.038        0.039           1813        0.02        0.02    ACMICRO@23
 2332     0.01      427.136        0.038        0.039           1776        0.02        0.02    ACFLUSO@30
 2333     0.01      427.136        0.038        0.038           1776        0.02        0.02    ACMICRO@28
 2334     0.01      427.173        0.038        0.060             37        1.02        1.61    APL_ARPEGE_OCEANIC_FLUXES_PARALLEL:ACFLUSO:COMPUTE@1
 2335     0.01      427.173        0.038        0.052           1776        0.02        0.03    CUDUDV@31
 2336     0.01      427.173        0.038        0.038           1776        0.02        0.02    ACMICRO@30
 2337     0.01      427.211        0.038        0.473             37        1.02       12.80    APL_ARPEGE_DPRECIPS_PARALLEL:0:COMPUTE@1
 2338     0.01      427.211        0.038        0.038           1776        0.02        0.02    ACMICRO@26
 2339     0.01      427.211        0.038        0.038           1776        0.02        0.02    ACMICRO@27
 2340     0.01      427.211        0.037        0.038           1776        0.02        0.02    ACMICRO@32
 2341     0.01      427.211        0.037        0.038           1776        0.02        0.02    ACMICRO@29
 2342     0.01      427.211        0.037        0.038           1776        0.02        0.02    ACFLUSO@29
 2343     0.01      427.211        0.037        0.051           1813        0.02        0.03    CUDUDV@8
 2344     0.01      427.211        0.037        0.051           1776        0.02        0.03    CUDUDV@32
 2345     0.01      427.211        0.037        0.051           1813        0.02        0.03    CUDUDV@7
 2346     0.01      427.211        0.037        0.051           1813        0.02        0.03    CUDUDV@9
 2347     0.01      427.211        0.037        0.051           1813        0.02        0.03    CUDUDV@2
 2348     0.01      427.211        0.037        0.051           1813        0.02        0.03    CUDUDV@5
 2349     0.01      427.247        0.036        1.643          21756        0.00        0.08   *VERDISINT@21
 2350     0.01      427.247        0.036        0.050           1813        0.02        0.03    CUDUDV@3
 2351     0.01      427.247        0.036        0.050           1813        0.02        0.03    CUDUDV@4
 2352     0.01      427.247        0.036        1.642          21756        0.00        0.08    VERDISINT@22
 2353     0.01      427.247        0.036        1.668          21756        0.00        0.08    VERDISINT@23
 2354     0.01      427.247        0.036        0.050           1813        0.02        0.03    CUDUDV@6
 2355     0.01      427.247        0.036        1.613          21312        0.00        0.08    VERDISINT@25
 2356     0.01      427.247        0.036        1.640          21756        0.00        0.08    VERDISINT@15
 2357     0.01      427.247        0.036        1.661          21756        0.00        0.08    VERDISINT@13
 2358     0.01      427.247        0.036        1.641          21756        0.00        0.08    VERDISINT@17
 2359     0.01      427.247        0.036        6.328          24572        0.00        0.26    VERDISINT@1
 2360     0.01      427.247        0.036        1.657          21756        0.00        0.08    VERDISINT@24
 2361     0.01      427.247        0.035        1.639          21756        0.00        0.08    VERDISINT@14
 2362     0.01      427.247        0.035        1.661          21756        0.00        0.08    VERDISINT@20
 2363     0.01      427.283        0.035        0.391           3626        0.01        0.11   *SIGAM_GP@11
 2364     0.01      427.318        0.035        0.038          10920        0.00        0.00    radiation_thermodynamics:allocate_thermodynamics_arrays_CPU@1
 2365     0.01      427.318        0.035        0.391           3626        0.01        0.11    SIGAM_GP@15
 2366     0.01      427.318        0.035        0.036           1813        0.02        0.02    ACMICRO@1
 2367     0.01      427.353        0.035        0.036           1813        0.02        0.02   *GPGRP_EXPL@8
 2368     0.01      427.353        0.035        1.664          21756        0.00        0.08    VERDISINT@19
 2369     0.01      427.353        0.035        0.390           3626        0.01        0.11    SIGAM_GP@14
 2370     0.01      427.353        0.035        0.389           3626        0.01        0.11    SIGAM_GP@8
 2371     0.01      427.353        0.035        0.389           3626        0.01        0.11    SIGAM_GP@7
 2372     0.01      427.353        0.035        0.392           3626        0.01        0.11    SIGAM_GP@21
 2373     0.01      427.353        0.035        0.405           3626        0.01        0.11    SIGAM_GP@12
 2374     0.01      427.353        0.035        1.642          21756        0.00        0.08    VERDISINT@11
 2375     0.01      427.353        0.035        0.389           3626        0.01        0.11    SIGAM_GP@10
 2376     0.01      427.353        0.035        0.391           3626        0.01        0.11    SIGAM_GP@17
 2377     0.01      427.353        0.035        0.036           1813        0.02        0.02    GPGRP_EXPL@7
 2378     0.01      427.353        0.035        1.635          21756        0.00        0.08    VERDISINT@8
 2379     0.01      427.353        0.035        0.388           3626        0.01        0.11    SIGAM_GP@5
 2380     0.01      427.353        0.035        0.405           3626        0.01        0.11    SIGAM_GP@16
 2381     0.01      427.353        0.035        1.656          21756        0.00        0.08    VERDISINT@16
 2382     0.01      427.353        0.034        0.391           3626        0.01        0.11    SIGAM_GP@22
 2383     0.01      427.353        0.034        0.035           1813        0.02        0.02    GPGRP_EXPL@5
 2384     0.01      427.353        0.034        1.638          21756        0.00        0.08    VERDISINT@7
 2385     0.01      427.353        0.034        0.383           3552        0.01        0.11    SIGAM_GP@28
 2386     0.01      427.353        0.034        0.035           1813        0.02        0.02    GPGRP_EXPL@12
 2387     0.01      427.353        0.034        0.403           3626        0.01        0.11    SIGAM_GP@13
 2388     0.01      427.353        0.034        0.035           1813        0.02        0.02    GPGRP_EXPL@13
 2389     0.01      427.387        0.034        0.361             37        0.93        9.75    APL_ARPEGE_PARALLEL:APLPAR_INIT:COMPUTE@1
 2390     0.01      427.422        0.034       19.510             37        0.93      527.30    ACVPPKF_PARALLEL:PART1:COMPUTE@1
 2391     0.01      427.422        0.034        0.386           3626        0.01        0.11    SIGAM_GP@6
 2392     0.01      427.422        0.034        0.404           3626        0.01        0.11    SIGAM_GP@9
 2393     0.01      427.422        0.034        1.636          21756        0.00        0.08    VERDISINT@5
 2394     0.01      427.422        0.034        0.381           3552        0.01        0.11    SIGAM_GP@29
 2395     0.01      427.422        0.034        1.636          21756        0.00        0.08    VERDISINT@18
 2396     0.01      427.422        0.034        0.035           1813        0.02        0.02    GPGRP_EXPL@11
 2397     0.01      427.422        0.034        1.609          21312        0.00        0.08    VERDISINT@26
 2398     0.01      427.422        0.034        0.381           3552        0.01        0.11    SIGAM_GP@30
 2399     0.01      427.422        0.034        0.389           3626        0.01        0.11    SIGAM_GP@18
 2400     0.01      427.422        0.034        0.035           1813        0.02        0.02    GPGRP_EXPL@14
 2401     0.01      427.422        0.034        0.383           3552        0.01        0.11    SIGAM_GP@26
 2402     0.01      427.422        0.034        0.035           1813        0.02        0.02    GPGRP_EXPL@9
 2403     0.01      427.422        0.034        0.035           1813        0.02        0.02    GPGRP_EXPL@15
 2404     0.01      427.422        0.034        1.659          21756        0.00        0.08    VERDISINT@12
 2405     0.01      427.422        0.034        0.403           3626        0.01        0.11    SIGAM_GP@20
 2406     0.01      427.422        0.034        0.409           3626        0.01        0.11    SIGAM_GP@23
 2407     0.01      427.422        0.034        0.375           3552        0.01        0.11    SIGAM_GP@32
 2408     0.01      427.422        0.034        0.401           3626        0.01        0.11    SIGAM_GP@24
 2409     0.01      427.422        0.034        0.384           3552        0.01        0.11    SIGAM_GP@25
 2410     0.01      427.422        0.034        1.603          21312        0.00        0.08    VERDISINT@29
 2411     0.01      427.422        0.034        1.634          21756        0.00        0.08    VERDISINT@10
 2412     0.01      427.422        0.034        0.035           1813        0.02        0.02    GPGRP_EXPL@16
 2413     0.01      427.422        0.034        1.607          21312        0.00        0.08    VERDISINT@28
 2414     0.01      427.422        0.034        0.408           3626        0.01        0.11    SIGAM_GP@19
 2415     0.01      427.422        0.034        0.379           3552        0.01        0.11    SIGAM_GP@31
 2416     0.01      427.422        0.034        1.659          21756        0.00        0.08    VERDISINT@9
 2417     0.01      427.422        0.034        1.635          21312        0.00        0.08    VERDISINT@27
 2418     0.01      427.455        0.034        0.034             37        0.91        0.91    LAPINEB_PARALLEL:ZVWEI:COMPUTE@1
 2419     0.01      427.455        0.034        0.035           1776        0.02        0.02    GPGRP_EXPL@25
 2420     0.01      427.455        0.034        0.401           3552        0.01        0.11    SIGAM_GP@27
 2421     0.01      427.455        0.033        0.034           1813        0.02        0.02    GPGRP_EXPL@10
 2422     0.01      427.455        0.033        0.034           1813        0.02        0.02    GPGRP_EXPL@22
 2423     0.01      427.455        0.033        0.034           1776        0.02        0.02    GPGRP_EXPL@28
 2424     0.01      427.455        0.033        0.034           1813        0.02        0.02    GPGRP_EXPL@23
 2425     0.01      427.455        0.033        0.034           1813        0.02        0.02    GPGRP_EXPL@6
 2426     0.01      427.455        0.033        0.034           1813        0.02        0.02    GPGRP_EXPL@2
 2427     0.01      427.455        0.033        0.034           1813        0.02        0.02    GPGRP_EXPL@20
 2428     0.01      427.489        0.033        0.036          10920        0.00        0.00    ICE_EFFECTIVE_RADIUS_CPU@1
 2429     0.01      427.489        0.033        0.034           1813        0.02        0.02    GPGRP_EXPL@17
 2430     0.01      427.489        0.033        0.034           1813        0.02        0.02    GPGRP_EXPL@21
 2431     0.01      427.489        0.033        1.601          21312        0.00        0.08    VERDISINT@30
 2432     0.01      427.489        0.033        1.631          21756        0.00        0.07    VERDISINT@6
 2433     0.01      427.489        0.033        0.034           1813        0.02        0.02    GPGRP_EXPL@24
 2434     0.01      427.489        0.033        0.380           3626        0.01        0.10    SIGAM_GP@3
 2435     0.01      427.489        0.033        1.581          21312        0.00        0.07    VERDISINT@32
 2436     0.01      427.489        0.033        0.034           1813        0.02        0.02    GPGRP_EXPL@3
 2437     0.01      427.489        0.033        1.600          21312        0.00        0.08    VERDISINT@31
 2438     0.01      427.489        0.033        0.380           3626        0.01        0.10    SIGAM_GP@4
 2439     0.01      427.489        0.033        0.034           1776        0.02        0.02    GPGRP_EXPL@26
 2440     0.01      427.489        0.033        0.380           3626        0.01        0.10    SIGAM_GP@2
 2441     0.01      427.489        0.033        0.033           1813        0.02        0.02    GPGRP_EXPL@4
 2442     0.01      427.489        0.033        0.034           1813        0.02        0.02    GPGRP_EXPL@19
 2443     0.01      427.489        0.033        0.033           1776        0.02        0.02    GPGRP_EXPL@27
 2444     0.01      427.489        0.033        0.033           1776        0.02        0.02    GPGRP_EXPL@29
 2445     0.01      427.489        0.033        0.033           1776        0.02        0.02    GPGRP_EXPL@30
 2446     0.01      427.521        0.032        0.628             37        0.88       16.98    APL_ARPEGE_CLOUDINESS_PARALLEL:ACNEBCOND:COMPUTE@1
 2447     0.01      427.521        0.032        0.033           1776        0.02        0.02    GPGRP_EXPL@31
 2448     0.01      427.521        0.032        0.033           1813        0.02        0.02    GPGRP_EXPL@1
 2449     0.01      427.521        0.032        0.033           1776        0.02        0.02    GPGRP_EXPL@32
 2450     0.01      427.521        0.032        0.033           1813        0.02        0.02    GPGRP_EXPL@18
 2451     0.01      427.521        0.032        1.623          21756        0.00        0.07    VERDISINT@3
 2452     0.01      427.521        0.032        0.358           3626        0.01        0.10    SIGAM_GP@1
 2453     0.01      427.521        0.032        1.623          21756        0.00        0.07    VERDISINT@2
 2454     0.01      427.553        0.032        0.032              2       15.79       15.79    DEALXMO@1
 2455     0.01      427.553        0.031        1.621          21756        0.00        0.07    VERDISINT@4
 2456     0.01      427.584        0.031        0.032           1404        0.02        0.02    SPCSIDG_PART0NEW@1
 2457     0.01      427.614        0.031        0.031             37        0.83        0.83    LACDYN_PARALLEL:ZMIXNL:COMPUTE@1
 2458     0.01      427.645        0.030        1.515             37        0.82       40.94    LAPINEA_PARALLEL:LARCINA:COMPUTE@1
 2459     0.01      427.674        0.030        0.057             38        0.79        1.49    SUHDU@1
 2460     0.01      427.704        0.030      432.456              1       29.87   432455.79    MASTER@1
 2461     0.01      427.734        0.030        0.030           1813        0.02        0.02   *CUDDRAFN@14
 2462     0.01      427.764        0.030        0.082             37        0.80        2.23    APL_ARPEGE_PARALLEL:ACVISIH:COMPUTE@1
 2463     0.01      427.764        0.029        0.030           1813        0.02        0.02    CUDDRAFN@15
 2464     0.01      427.764        0.029        0.030           1776        0.02        0.02    CUDDRAFN@28
 2465     0.01      427.793        0.029        0.030           1813        0.02        0.02   *GPHLUV_EXPL@8
 2466     0.01      427.793        0.029        0.030           1813        0.02        0.02    CUDDRAFN@21
 2467     0.01      427.793        0.029        0.030           1813        0.02        0.02    CUDDRAFN@24
 2468     0.01      427.793        0.029        0.030           1813        0.02        0.02    CUDDRAFN@11
 2469     0.01      427.793        0.029        0.030           1813        0.02        0.02    CUDDRAFN@12
 2470     0.01      427.793        0.029        0.030           1813        0.02        0.02    GPHLUV_EXPL@11
 2471     0.01      427.793        0.029        0.030           1813        0.02        0.02    CUDDRAFN@23
 2472     0.01      427.793        0.029        0.030           1813        0.02        0.02    CUDDRAFN@13
 2473     0.01      427.793        0.029        0.030           1813        0.02        0.02    GPHLUV_EXPL@7
 2474     0.01      427.793        0.029        0.029           1813        0.02        0.02    GPHLUV_EXPL@14
 2475     0.01      427.793        0.029        0.029           1813        0.02        0.02    GPHLUV_EXPL@5
 2476     0.01      427.793        0.028        0.029           1813        0.02        0.02    GPHLUV_EXPL@12
 2477     0.01      427.793        0.028        0.029           1776        0.02        0.02    CUDDRAFN@27
 2478     0.01      427.793        0.028        0.029           1813        0.02        0.02    GPHLUV_EXPL@15
 2479     0.01      427.793        0.028        0.029           1813        0.02        0.02    CUDDRAFN@16
 2480     0.01      427.793        0.028        0.029           1813        0.02        0.02    GPHLUV_EXPL@13
 2481     0.01      427.793        0.028        0.029           1776        0.02        0.02    CUDDRAFN@31
 2482     0.01      427.793        0.028        0.029           1776        0.02        0.02    CUDDRAFN@26
 2483     0.01      427.793        0.028        0.029           1813        0.02        0.02    CUDDRAFN@22
 2484     0.01      427.793        0.028        0.029           1776        0.02        0.02    CUDDRAFN@25
 2485     0.01      427.793        0.028        0.029           1813        0.02        0.02    GPHLUV_EXPL@9
 2486     0.01      427.793        0.028        0.029           1813        0.02        0.02    GPHLUV_EXPL@16
 2487     0.01      427.793        0.028        0.029           1813        0.02        0.02    GPHLUV_EXPL@10
 2488     0.01      427.793        0.028        0.029           1776        0.02        0.02    CUDDRAFN@29
 2489     0.01      427.793        0.028        0.029           1776        0.02        0.02    CUDDRAFN@30
 2490     0.01      427.793        0.028        0.029           1776        0.02        0.02    GPHLUV_EXPL@28
 2491     0.01      427.793        0.028        0.029           1813        0.02        0.02    CUDDRAFN@10
 2492     0.01      427.793        0.028        0.029           1813        0.02        0.02    GPHLUV_EXPL@22
 2493     0.01      427.793        0.028        0.029           1813        0.02        0.02    CUDDRAFN@9
 2494     0.01      427.793        0.028        0.029           1813        0.02        0.02    GPHLUV_EXPL@21
 2495     0.01      427.793        0.028        0.028           1813        0.02        0.02    GPHLUV_EXPL@6
 2496     0.01      427.793        0.028        0.029           1776        0.02        0.02    GPHLUV_EXPL@25
 2497     0.01      427.793        0.028        0.029           1813        0.02        0.02    CUDDRAFN@7
 2498     0.01      427.820        0.028        2.164           7252        0.00        0.30   *LARCINA@21
 2499     0.01      427.820        0.028        0.028           1813        0.02        0.02    CUDDRAFN@18
 2500     0.01      427.820        0.028        0.028           1813        0.02        0.02    GPHLUV_EXPL@24
 2501     0.01      427.820        0.028        0.028           1813        0.02        0.02    GPHLUV_EXPL@19
 2502     0.01      427.848        0.028        0.033           1813        0.02        0.02   *ACHMT@4
 2503     0.01      427.848        0.028        0.034           1813        0.02        0.02    ACHMT@12
 2504     0.01      427.848        0.027        0.028           1776        0.02        0.02    GPHLUV_EXPL@32
 2505     0.01      427.875        0.027        0.030           7252        0.00        0.00   *CUBIDIAG@22
 2506     0.01      427.875        0.027        0.028           1813        0.02        0.02    GPHLUV_EXPL@2
 2507     0.01      427.875        0.027        0.028           1776        0.02        0.02    CUDDRAFN@32
 2508     0.01      427.875        0.027        0.034           1813        0.02        0.02    ACHMT@11
 2509     0.01      427.875        0.027        0.030           7252        0.00        0.00    CUBIDIAG@13
 2510     0.01      427.875        0.027        0.034           1813        0.02        0.02    ACHMT@8
 2511     0.01      427.875        0.027        0.030           7252        0.00        0.00    CUBIDIAG@14
 2512     0.01      427.875        0.027        0.033           1813        0.02        0.02    ACHMT@16
 2513     0.01      427.875        0.027        0.033           1813        0.02        0.02    ACHMT@9
 2514     0.01      427.875        0.027        0.034           1813        0.02        0.02    ACHMT@5
 2515     0.01      427.875        0.027        0.028           1776        0.02        0.02    GPHLUV_EXPL@26
 2516     0.01      427.903        0.027        0.028           1813        0.02        0.02   *FL2HL@5
 2517     0.01      427.903        0.027        0.034           1813        0.02        0.02    ACHMT@13
 2518     0.01      427.903        0.027        0.028           1776        0.02        0.02    GPHLUV_EXPL@29
 2519     0.01      427.903        0.027        0.028           1813        0.02        0.02    GPHLUV_EXPL@23
 2520     0.01      427.903        0.027        0.028           1813        0.02        0.02    GPHLUV_EXPL@20
 2521     0.01      427.903        0.027        0.030           7252        0.00        0.00    CUBIDIAG@21
 2522     0.01      427.903        0.027        0.030           7252        0.00        0.00    CUBIDIAG@24
 2523     0.01      427.903        0.027        0.034           1813        0.02        0.02    ACHMT@14
 2524     0.01      427.903        0.027        0.030           7252        0.00        0.00    CUBIDIAG@23
 2525     0.01      427.903        0.027        0.033           1813        0.02        0.02    ACHMT@10
 2526     0.01      427.903        0.027        0.028           1813        0.02        0.02    ACFLUSO@2
 2527     0.01      427.903        0.027        0.033           1813        0.02        0.02    ACHMT@7
 2528     0.01      427.930        0.027        0.027             37        0.73        0.74    CPUTQY_APLPAR_EXPL_PARALLEL:ZTDCP:COMPUTE@1
 2529     0.01      427.930        0.027        0.028           1813        0.01        0.02    CUDDRAFN@8
 2530     0.01      427.930        0.027        0.033           1813        0.01        0.02    ACHMT@3
 2531     0.01      427.930        0.027        0.028           1813        0.01        0.02    GPHLUV_EXPL@1
 2532     0.01      427.930        0.027        0.028           1776        0.02        0.02    GPHLUV_EXPL@27
 2533     0.01      427.930        0.027        0.033           1813        0.01        0.02    ACHMT@15
 2534     0.01      427.930        0.027        0.030           7252        0.00        0.00    CUBIDIAG@17
 2535     0.01      427.930        0.027        0.028           1776        0.02        0.02    GPHLUV_EXPL@30
 2536     0.01      427.930        0.027        0.028           1813        0.01        0.02    CUDDRAFN@20
 2537     0.01      427.930        0.027        0.028           1813        0.01        0.02    GPHLUV_EXPL@17
 2538     0.01      427.930        0.027        2.200           7252        0.00        0.30    LARCINA@17
 2539     0.01      427.930        0.027        0.033           1813        0.01        0.02    ACHMT@6
 2540     0.01      427.930        0.027        0.028           1813        0.01        0.02    FL2HL@6
 2541     0.01      427.930        0.027        0.030           7252        0.00        0.00    CUBIDIAG@15
 2542     0.01      427.930        0.027        0.030           7252        0.00        0.00    CUBIDIAG@16
 2543     0.01      427.930        0.027        0.028           1813        0.01        0.02    GPHLUV_EXPL@4
 2544     0.01      427.930        0.027        0.030           7252        0.00        0.00    CUBIDIAG@12
 2545     0.01      427.930        0.027        2.162           7252        0.00        0.30    LARCINA@24
 2546     0.01      427.930        0.027        2.218           7252        0.00        0.31    LARCINA@14
 2547     0.01      427.930        0.027        0.028           1813        0.01        0.02    CUDDRAFN@19
 2548     0.01      427.930        0.027        0.030           7252        0.00        0.00    CUBIDIAG@20
 2549     0.01      427.930        0.027        0.033           1813        0.01        0.02    ACHMT@2
 2550     0.01      427.930        0.027        2.219           7252        0.00        0.31    LARCINA@13
 2551     0.01      427.930        0.027        2.163           7252        0.00        0.30    LARCINA@22
 2552     0.01      427.930        0.027        0.028           1813        0.01        0.02    GPHLUV_EXPL@3
 2553     0.01      427.957        0.027        0.027            135        0.20        0.20    SUHERT@1
 2554     0.01      427.957        0.027        0.028           1813        0.01        0.02    GPHLUV_EXPL@18
 2555     0.01      427.957        0.027        0.028           1813        0.01        0.02    FL2HL@8
 2556     0.01      427.957        0.027        0.030           7252        0.00        0.00    CUBIDIAG@19
 2557     0.01      427.957        0.027        0.030           7252        0.00        0.00    CUBIDIAG@18
 2558     0.01      427.957        0.027        0.027           1776        0.02        0.02    GPHLUV_EXPL@31
 2559     0.01      427.957        0.027        2.176           7252        0.00        0.30    LARCINA@20
 2560     0.01      427.957        0.027        2.226           7252        0.00        0.31    LARCINA@15
 2561     0.01      427.983        0.027        0.027             37        0.72        0.72    CPGLAG_PARALLEL:1:COMPUTE@1
 2562     0.01      427.983        0.027        0.030           7104        0.00        0.00    CUBIDIAG@25
 2563     0.01      427.983        0.027        2.235           7252        0.00        0.31    LARCINA@11
 2564     0.01      427.983        0.027        0.027           1813        0.01        0.02    CUDDRAFN@17
 2565     0.01      427.983        0.027        2.159           7252        0.00        0.30    LARCINA@23
 2566     0.01      427.983        0.027        0.032           1813        0.01        0.02    ACHMT@1
 2567     0.01      428.010        0.027        0.027             37        0.72        0.72    APL_ARPEGE_RADIATION_PARALLEL:DIRECT:COMPUTE@1
 2568     0.01      428.010        0.026        2.153           7104        0.00        0.30    LARCINA@25
 2569     0.01      428.010        0.026        2.185           7252        0.00        0.30    LARCINA@19
 2570     0.01      428.010        0.026        2.180           7252        0.00        0.30    LARCINA@18
 2571     0.01      428.010        0.026        0.027           1813        0.01        0.02    FL2HL@14
 2572     0.01      428.010        0.026        0.027           1813        0.01        0.02    FL2HL@12
 2573     0.01      428.010        0.026        0.029           7104        0.00        0.00    CUBIDIAG@27
 2574     0.01      428.010        0.026        2.265           7252        0.00        0.31    LARCINA@12
 2575     0.01      428.010        0.026        0.032           1813        0.01        0.02    ACHMT@24
 2576     0.01      428.010        0.026        0.032           1813        0.01        0.02    ACHMT@21
 2577     0.01      428.010        0.026        0.032           1813        0.01        0.02    ACHMT@20
 2578     0.01      428.010        0.026        2.205           7252        0.00        0.30    LARCINA@16
 2579     0.01      428.010        0.026        0.032           1813        0.01        0.02    ACHMT@22
 2580     0.01      428.010        0.026        0.027           1813        0.01        0.02    FL2HL@13
 2581     0.01      428.010        0.026        0.027           1813        0.01        0.01    FL2HL@15
 2582     0.01      428.010        0.026        0.029           7252        0.00        0.00    CUBIDIAG@11
 2583     0.01      428.010        0.026        0.029           7104        0.00        0.00    CUBIDIAG@28
 2584     0.01      428.010        0.026        0.029           7104        0.00        0.00    CUBIDIAG@26
 2585     0.01      428.010        0.026        2.227           7252        0.00        0.31    LARCINA@8
 2586     0.01      428.010        0.026        0.027           1813        0.01        0.01    FL2HL@16
 2587     0.01      428.010        0.026        0.032           1776        0.01        0.02    ACHMT@30
 2588     0.01      428.010        0.026        0.032           1813        0.01        0.02    ACHMT@23
 2589     0.01      428.010        0.026        0.032           1776        0.01        0.02    ACHMT@29
 2590     0.01      428.010        0.026        0.032           1813        0.01        0.02    ACHMT@17
 2591     0.01      428.010        0.026        0.029           7104        0.00        0.00    CUBIDIAG@29
 2592     0.01      428.010        0.026        0.032           1776        0.01        0.02    ACHMT@31
 2593     0.01      428.010        0.026        2.245           7252        0.00        0.31    LARCINA@9
 2594     0.01      428.010        0.026        0.027           1813        0.01        0.01    FL2HL@7
 2595     0.01      428.010        0.026        0.032           1813        0.01        0.02    ACHMT@19
 2596     0.01      428.010        0.026        0.032           1813        0.01        0.02    ACHMT@18
 2597     0.01      428.010        0.026        0.027           1813        0.01        0.01    FL2HL@9
 2598     0.01      428.010        0.026        0.032           1776        0.01        0.02    ACHMT@25
 2599     0.01      428.010        0.026        0.032           1776        0.01        0.02    ACHMT@28
 2600     0.01      428.010        0.026        0.027           1813        0.01        0.01    FL2HL@11
 2601     0.01      428.010        0.026        2.249           7252        0.00        0.31    LARCINA@7
 2602     0.01      428.010        0.026        2.240           7252        0.00        0.31    LARCINA@5
 2603     0.01      428.010        0.026        2.148           7104        0.00        0.30    LARCINA@26
 2604     0.01      428.010        0.026        0.027           1813        0.01        0.01    FL2HL@10
 2605     0.01      428.010        0.026        0.026           1813        0.01        0.01    CUDDRAFN@6
 2606     0.01      428.036        0.026        2.048             37        0.70       55.34    LARCINB_PARALLEL:LAITRE_GMV:COMPUTE@1
 2607     0.01      428.036        0.026        0.031           1776        0.01        0.02    ACHMT@32
 2608     0.01      428.036        0.026        2.237           7252        0.00        0.31    LARCINA@10
 2609     0.01      428.036        0.026        0.028           7252        0.00        0.00    CUBIDIAG@1
 2610     0.01      428.036        0.026        0.031           1776        0.01        0.02    ACHMT@27
 2611     0.01      428.036        0.026        0.031           1776        0.01        0.02    ACHMT@26
 2612     0.01      428.036        0.026        0.028           7104        0.00        0.00    CUBIDIAG@31
 2613     0.01      428.036        0.026        0.028           7104        0.00        0.00    CUBIDIAG@30
 2614     0.01      428.061        0.026        0.251             37        0.69        6.79    APL_ARPEGE_PARALLEL:CPPHINP:COMPUTE@1
 2615     0.01      428.061        0.025        2.156           7104        0.00        0.30    LARCINA@29
 2616     0.01      428.061        0.025        0.032          18130        0.00        0.00    VERINTS@22
 2617     0.01      428.061        0.025        0.028           7252        0.00        0.00    CUBIDIAG@10
 2618     0.01      428.061        0.025        2.148           7104        0.00        0.30    LARCINA@28
 2619     0.01      428.061        0.025        2.157           7104        0.00        0.30    LARCINA@30
 2620     0.01      428.061        0.025        0.032          18130        0.00        0.00    VERINTS@21
 2621     0.01      428.061        0.025        0.028           7252        0.00        0.00    CUBIDIAG@9
 2622     0.01      428.061        0.025        0.032          18130        0.00        0.00    VERINTS@23
 2623     0.01      428.061        0.025        2.152           7104        0.00        0.30    LARCINA@27
 2624     0.01      428.061        0.025        0.028           7252        0.00        0.00    CUBIDIAG@7
 2625     0.01      428.061        0.025        0.026           1813        0.01        0.01    FL2HL@2
 2626     0.01      428.061        0.025        0.027           7104        0.00        0.00    CUBIDIAG@32
 2627     0.01      428.061        0.025        2.227           7252        0.00        0.31    LARCINA@6
 2628     0.01      428.061        0.025        0.032          18130        0.00        0.00    VERINTS@24
 2629     0.01      428.061        0.025        0.028           7252        0.00        0.00    CUBIDIAG@8
 2630     0.01      428.061        0.025        2.157           7104        0.00        0.30    LARCINA@31
 2631     0.01      428.061        0.025        0.032          18130        0.00        0.00    VERINTS@18
 2632     0.01      428.086        0.025        0.025             37        0.67        0.67    CPG_GP_HYD_PARALLEL:3:COMPUTE@1
 2633     0.01      428.086        0.025        0.032          18130        0.00        0.00    VERINTS@17
 2634     0.01      428.086        0.025        0.032          18130        0.00        0.00    VERINTS@7
 2635     0.01      428.086        0.025        0.031          18130        0.00        0.00    VERINTS@16
 2636     0.01      428.086        0.025        0.031          18130        0.00        0.00    VERINTS@8
 2637     0.01      428.086        0.025        0.032          18130        0.00        0.00    VERINTS@19
 2638     0.01      428.086        0.025        0.028           7252        0.00        0.00    CUBIDIAG@5
 2639     0.01      428.111        0.025        0.025             31        0.80        0.80    FAREOR_MT64@1
 2640     0.01      428.111        0.025        0.025           1813        0.01        0.01    FL2HL@4
 2641     0.01      428.111        0.025        0.032          18130        0.00        0.00    VERINTS@15
 2642     0.01      428.111        0.025        0.025           1813        0.01        0.01    FL2HL@3
 2643     0.01      428.111        0.025        2.153           7104        0.00        0.30    LARCINA@32
 2644     0.01      428.111        0.025        0.027           7252        0.00        0.00    CUBIDIAG@2
 2645     0.01      428.111        0.025        0.031          18130        0.00        0.00    VERINTS@12
 2646     0.01      428.135        0.025        0.914             37        0.66       24.71    LARCINB_PARALLEL:LCOMAD_SP:COMPUTE@1
 2647     0.01      428.135        0.025        0.031          18130        0.00        0.00    VERINTS@11
 2648     0.01      428.135        0.025        0.031          18130        0.00        0.00    VERINTS@5
 2649     0.01      428.135        0.025        0.025           1813        0.01        0.01    CUDDRAFN@5
 2650     0.01      428.135        0.025        0.031          18130        0.00        0.00    VERINTS@20
 2651     0.01      428.160        0.024        0.160           1813        0.01        0.09   *GPXX@13
 2652     0.01      428.160        0.024        0.031          18130        0.00        0.00    VERINTS@10
 2653     0.01      428.160        0.024        0.031          18130        0.00        0.00    VERINTS@13
 2654     0.01      428.160        0.024        0.031          18130        0.00        0.00    VERINTS@9
 2655     0.01      428.160        0.024        0.031          18130        0.00        0.00    VERINTS@14
 2656     0.01      428.160        0.024        0.158           1813        0.01        0.09    GPXX@12
 2657     0.01      428.160        0.024        0.158           1813        0.01        0.09    GPXX@8
 2658     0.01      428.160        0.024        0.031          18130        0.00        0.00    VERINTS@6
 2659     0.01      428.160        0.024        0.027           7252        0.00        0.00    CUBIDIAG@4
 2660     0.01      428.160        0.024        0.031          17760        0.00        0.00    VERINTS@25
 2661     0.01      428.160        0.024        0.160           1813        0.01        0.09    GPXX@7
 2662     0.01      428.160        0.024        0.031          17760        0.00        0.00    VERINTS@28
 2663     0.01      428.160        0.024        0.157           1813        0.01        0.09    GPXX@10
 2664     0.01      428.160        0.024        2.214           7252        0.00        0.31    LARCINA@3
 2665     0.01      428.160        0.024        0.160           1813        0.01        0.09    GPXX@9
 2666     0.01      428.160        0.024        0.160           1813        0.01        0.09    GPXX@15
 2667     0.01      428.160        0.024        0.158           1813        0.01        0.09    GPXX@11
 2668     0.01      428.160        0.024        0.160           1813        0.01        0.09    GPXX@14
 2669     0.01      428.160        0.024        0.161           1813        0.01        0.09    GPXX@23
 2670     0.01      428.160        0.024        0.031          17760        0.00        0.00    VERINTS@26
 2671     0.01      428.160        0.024        0.157           1813        0.01        0.09    GPXX@16
 2672     0.01      428.160        0.024        0.027           7252        0.00        0.00    CUBIDIAG@3
 2673     0.01      428.160        0.024        0.027           7252        0.00        0.00    CUBIDIAG@6
 2674     0.01      428.160        0.024        0.031          17760        0.00        0.00    VERINTS@27
 2675     0.01      428.160        0.024        0.025           1813        0.01        0.01    FL2HL@1
 2676     0.01      428.160        0.024        0.025           1813        0.01        0.01    CUDDRAFN@4
 2677     0.01      428.160        0.024        0.158           1813        0.01        0.09    GPXX@5
 2678     0.01      428.160        0.024        0.160           1813        0.01        0.09    GPXX@21
 2679     0.01      428.160        0.024        0.158           1813        0.01        0.09    GPXX@24
 2680     0.01      428.160        0.024        0.160           1813        0.01        0.09    GPXX@17
 2681     0.01      428.160        0.024        0.159           1813        0.01        0.09    GPXX@2
 2682     0.01      428.160        0.024        0.159           1813        0.01        0.09    GPXX@6
 2683     0.01      428.184        0.024        0.025           1813        0.01        0.01   *GPHLWI@8
 2684     0.01      428.184        0.024        0.159           1813        0.01        0.09    GPXX@4
 2685     0.01      428.184        0.024        0.030          18130        0.00        0.00    VERINTS@4
 2686     0.01      428.184        0.024        0.030          17760        0.00        0.00    VERINTS@31
 2687     0.01      428.184        0.024        0.160           1813        0.01        0.09    GPXX@20
 2688     0.01      428.184        0.024        0.030          18130        0.00        0.00    VERINTS@2
 2689     0.01      428.184        0.024        0.030          17760        0.00        0.00    VERINTS@29
 2690     0.01      428.184        0.024        2.212           7252        0.00        0.30    LARCINA@2
 2691     0.01      428.184        0.024        0.158           1813        0.01        0.09    GPXX@3
 2692     0.01      428.184        0.024        0.030          17760        0.00        0.00    VERINTS@30
 2693     0.01      428.184        0.024        0.158           1813        0.01        0.09    GPXX@19
 2694     0.01      428.184        0.024        0.160           1813        0.01        0.09    GPXX@22
 2695     0.01      428.184        0.024        0.025           1813        0.01        0.01    GPHLWI@11
 2696     0.01      428.184        0.024        0.025           1813        0.01        0.01    GPHLWI@7
 2697     0.01      428.184        0.024        0.024           1813        0.01        0.01    CUDDRAFN@3
 2698     0.01      428.184        0.024        0.030          17760        0.00        0.00    VERINTS@32
 2699     0.01      428.184        0.024        0.030          18130        0.00        0.00    VERINTS@3
 2700     0.01      428.184        0.024        0.157           1776        0.01        0.09    GPXX@25
 2701     0.01      428.184        0.024        0.159           1813        0.01        0.09    GPXX@18
 2702     0.01      428.184        0.024        2.221           7252        0.00        0.31    LARCINA@1
 2703     0.01      428.207        0.024        0.543             39        0.60       13.92    SPNORM@1
 2704     0.01      428.207        0.024        0.157           1776        0.01        0.09    GPXX@28
 2705     0.01      428.231        0.024        0.027          10920        0.00        0.00    radiation_thermodynamics:deallocate_thermodynamics_arrays_CPU@1
 2706     0.01      428.231        0.024        0.024           1813        0.01        0.01    GPHLWI@9
 2707     0.01      428.231        0.023        0.024           1813        0.01        0.01    GPHLWI@12
 2708     0.01      428.231        0.023        0.157           1776        0.01        0.09    GPXX@26
 2709     0.01      428.254        0.023        0.164              1       23.39      164.03    GPNORM_GFL@1
 2710     0.01      428.277        0.023        0.763             37        0.63       20.61    LARCINB_PARALLEL:NTLAG_3:COMPUTE@1
 2711     0.01      428.277        0.023        2.231           7252        0.00        0.31    LARCINA@4
 2712     0.01      428.301        0.023        0.755              1       23.30      755.36    SUSPECA@1
 2713     0.01      428.301        0.023        0.024           1813        0.01        0.01    GPHLWI@14
 2714     0.01      428.301        0.023        0.024           1813        0.01        0.01    CUDDRAFN@2
 2715     0.01      428.301        0.023        0.157           1776        0.01        0.09    GPXX@27
 2716     0.01      428.301        0.023        0.024           1813        0.01        0.01    GPHLWI@15
 2717     0.01      428.301        0.023        0.156           1776        0.01        0.09    GPXX@30
 2718     0.01      428.301        0.023        0.154           1813        0.01        0.09    GPXX@1
 2719     0.01      428.301        0.023        0.024           1813        0.01        0.01    GPHLWI@13
 2720     0.01      428.301        0.023        0.024           1813        0.01        0.01    GPHLWI@10
 2721     0.01      428.301        0.023        0.155           1776        0.01        0.09    GPXX@29
 2722     0.01      428.301        0.023        0.024           1813        0.01        0.01    GPHLWI@16
 2723     0.01      428.301        0.023        0.154           1776        0.01        0.09    GPXX@32
 2724     0.01      428.301        0.023        0.155           1776        0.01        0.09    GPXX@31
 2725     0.01      428.301        0.023        0.024           1813        0.01        0.01    GPHLWI@5
 2726     0.01      428.301        0.023        0.024           1813        0.01        0.01    CUDDRAFN@1
 2727     0.01      428.324        0.023        0.026          10920        0.00        0.00    radiation_cloud:deallocate_cloud_arrays_CPU@1
 2728     0.01      428.346        0.023        3.163             37        0.62       85.49    LAPINEA_PARALLEL@1
 2729     0.01      428.369        0.023        1.285             37        0.62       34.73    APL_ARPEGE_RADIATION_PARALLEL:ACDAYD:COMPUTE@1
 2730     0.01      428.369        0.023        0.024           1813        0.01        0.01    GPHLWI@6
 2731     0.01      428.392        0.023        0.370             74        0.30        5.00    GPMPFC_EXPL_PARALLEL:1:COMPUTE@1
 2732     0.01      428.414        0.023        0.023             37        0.61        0.61    CTVTOT_EXPL_PARALLEL:0:COMPUTE@1
 2733     0.01      428.414        0.022        0.023           1813        0.01        0.01    GPHLWI@22
 2734     0.01      428.437        0.022        0.022             74        0.30        0.30    SLEXTPOL3@1
 2735     0.01      428.437        0.022        0.023           1776        0.01        0.01    GPHLWI@25
 2736     0.01      428.459        0.022        0.911             37        0.60       24.63    LARCINB_PARALLEL:NVLAG_3:COMPUTE@1
 2737     0.01      428.459        0.022        0.023           1813        0.01        0.01    GPHLWI@1
 2738     0.01      428.459        0.022        0.023           1776        0.01        0.01    GPHLWI@28
 2739     0.01      428.459        0.022        0.023           1813        0.01        0.01    GPHLWI@21
 2740     0.01      428.459        0.022        0.023           1776        0.01        0.01    GPHLWI@32
 2741     0.01      428.481        0.022        0.022             13        1.69        1.69    GRIB_API:IGRIB_SET_CHAR@1
 2742     0.01      428.481        0.022        0.023           1813        0.01        0.01    GPHLWI@2
 2743     0.01      428.481        0.022        0.023           1813        0.01        0.01    GPHLWI@20
 2744     0.01      428.481        0.022        0.023           1813        0.01        0.01    GPHLWI@24
 2745     0.01      428.481        0.022        0.023           1813        0.01        0.01    GPHLWI@23
 2746     0.01      428.481        0.022        0.023           1813        0.01        0.01    GPHLWI@19
 2747     0.01      428.481        0.022        0.022           1776        0.01        0.01    GPHLWI@27
 2748     0.01      428.481        0.022        0.022           1776        0.01        0.01    GPHLWI@26
 2749     0.01      428.481        0.022        0.022           1813        0.01        0.01    GPHLWI@4
 2750     0.01      428.481        0.022        0.022           1776        0.01        0.01    GPHLWI@29
 2751     0.01      428.502        0.022        0.022             37        0.58        0.58    CPXFU_PARALLEL:2:COMPUTE@1
 2752     0.00      428.524        0.021        0.024           7252        0.00        0.00   *DPRECIPS_XFU@17
 2753     0.00      428.524        0.021        0.024           7252        0.00        0.00    DPRECIPS_XFU@18
 2754     0.00      428.524        0.021        0.024           7252        0.00        0.00    DPRECIPS_XFU@21
 2755     0.00      428.524        0.021        0.022           1813        0.01        0.01    GPHLWI@17
 2756     0.00      428.524        0.021        0.022           1813        0.01        0.01    GPHLWI@3
 2757     0.00      428.524        0.021        0.024           7252        0.00        0.00    DPRECIPS_XFU@14
 2758     0.00      428.524        0.021        0.022           1776        0.01        0.01    GPHLWI@30
 2759     0.00      428.524        0.021        0.024           7252        0.00        0.00    DPRECIPS_XFU@22
 2760     0.00      428.524        0.021        0.022           1776        0.01        0.01    GPHLWI@31
 2761     0.00      428.524        0.021        0.024           7252        0.00        0.00    DPRECIPS_XFU@13
 2762     0.00      428.524        0.021        0.024           7252        0.00        0.00    DPRECIPS_XFU@11
 2763     0.00      428.524        0.021        0.024           7252        0.00        0.00    DPRECIPS_XFU@23
 2764     0.00      428.524        0.021        0.024           7252        0.00        0.00    DPRECIPS_XFU@12
 2765     0.00      428.524        0.021        0.024           7252        0.00        0.00    DPRECIPS_XFU@9
 2766     0.00      428.524        0.021        0.024           7252        0.00        0.00    DPRECIPS_XFU@15
 2767     0.00      428.524        0.021        0.024           7252        0.00        0.00    DPRECIPS_XFU@20
 2768     0.00      428.524        0.021        0.022           1813        0.01        0.01    ACFLUSO@1
 2769     0.00      428.524        0.021        0.024           7252        0.00        0.00    DPRECIPS_XFU@16
 2770     0.00      428.524        0.021        0.024           7252        0.00        0.00    DPRECIPS_XFU@7
 2771     0.00      428.524        0.021        0.024           7252        0.00        0.00    DPRECIPS_XFU@10
 2772     0.00      428.524        0.021        0.024           7252        0.00        0.00    DPRECIPS_XFU@19
 2773     0.00      428.524        0.021        0.024           7252        0.00        0.00    DPRECIPS_XFU@8
 2774     0.00      428.524        0.021        0.024           7252        0.00        0.00    DPRECIPS_XFU@5
 2775     0.00      428.524        0.021        0.022           1813        0.01        0.01    GPHLWI@18
 2776     0.00      428.524        0.021        0.024           7252        0.00        0.00    DPRECIPS_XFU@24
 2777     0.00      428.524        0.021        0.024           7104        0.00        0.00    DPRECIPS_XFU@25
 2778     0.00      428.524        0.021        0.024           7252        0.00        0.00    DPRECIPS_XFU@6
 2779     0.00      428.524        0.021        0.024           7104        0.00        0.00    DPRECIPS_XFU@26
 2780     0.00      428.545        0.021        0.021             37        0.57        0.57    GPRCP_EXPL_PARALLEL:5:COMPUTE@1
 2781     0.00      428.545        0.021        0.023           7104        0.00        0.00    DPRECIPS_XFU@28
 2782     0.00      428.545        0.021        0.024           7104        0.00        0.00    DPRECIPS_XFU@27
 2783     0.00      428.545        0.021        0.023           7104        0.00        0.00    DPRECIPS_XFU@29
 2784     0.00      428.545        0.021        0.023           7104        0.00        0.00    DPRECIPS_XFU@30
 2785     0.00      428.565        0.021        0.210             37        0.56        5.67    APL_ARPEGE_PARALLEL:ACDRAG:COMPUTE@1
 2786     0.00      428.586        0.021        0.021             37        0.56        0.56    CPG_PARALLEL:ISETTLOFF:COMPUTE@1
 2787     0.00      428.586        0.020        0.023           7252        0.00        0.00    DPRECIPS_XFU@4
 2788     0.00      428.606        0.020        0.021              1       20.40       20.83    IOGRID_MOD:IOGRID_SELECTFY@1
 2789     0.00      428.606        0.020        0.023           7252        0.00        0.00    DPRECIPS_XFU@3
 2790     0.00      428.626        0.020        0.020             37        0.55        0.55    CPG_GP_PARALLEL:SET1TO0:COMPUTE@1
 2791     0.00      428.626        0.020        0.022           7252        0.00        0.00    DPRECIPS_XFU@2
 2792     0.00      428.626        0.020        0.022           7104        0.00        0.00    DPRECIPS_XFU@31
 2793     0.00      428.647        0.020        0.020              1       20.17       20.17    KPP_WSCALE_MOD:KPP_WSCALE@1
 2794     0.00      428.647        0.020        0.022           7104        0.00        0.00    DPRECIPS_XFU@32
 2795     0.00      428.666        0.020        0.021           1813        0.01        0.01   *ACSOLW@7
 2796     0.00      428.686        0.020        0.020             37        0.53        0.53    SCAN2M:COPY@1
 2797     0.00      428.686        0.020        0.022           7252        0.00        0.00    DPRECIPS_XFU@1
 2798     0.00      428.686        0.019        0.020           1813        0.01        0.01    ACSOLW@6
 2799     0.00      428.686        0.019        0.020           1813        0.01        0.01    ACSOLW@22
 2800     0.00      428.706        0.019        0.019              1       19.27       19.30    SPECTRAL_FIELDS_MOD:CREATE_SPEC@1
 2801     0.00      428.725        0.019        0.022          10920        0.00        0.00    CLOUD_OVERLAP_DECORR_LEN_CPU@1
 2802     0.00      428.725        0.019        0.020           1813        0.01        0.01    ACSOLW@15
 2803     0.00      428.725        0.019        0.020           1813        0.01        0.01    ACSOLW@9
 2804     0.00      428.725        0.019        0.020           1813        0.01        0.01    ACSOLW@5
 2805     0.00      428.725        0.019        0.020           1813        0.01        0.01    ACSOLW@24
 2806     0.00      428.725        0.019        0.019           1813        0.01        0.01    ACSOLW@10
 2807     0.00      428.725        0.019        0.019           1813        0.01        0.01    ACSOLW@8
 2808     0.00      428.725        0.018        0.019           1813        0.01        0.01    ACSOLW@21
 2809     0.00      428.743        0.018        0.038           1813        0.01        0.02   *ACSOL@2
 2810     0.00      428.743        0.018        0.019           1813        0.01        0.01    ACSOLW@2
 2811     0.00      428.743        0.018        0.019           1813        0.01        0.01    ACSOLW@12
 2812     0.00      428.761        0.018        0.018              1       18.38       18.38    YOMCLIM:READ_GHG_CLIMATOLOGY@1
 2813     0.00      428.761        0.018        0.019           1776        0.01        0.01    ACSOLW@25
 2814     0.00      428.761        0.018        0.019           1813        0.01        0.01    ACSOLW@17
 2815     0.00      428.761        0.018        0.019           1813        0.01        0.01    ACSOLW@13
 2816     0.00      428.780        0.018        0.021          10920        0.00        0.00    radiation_gas:put_well_mixed_gas_CPU@1
 2817     0.00      428.780        0.018        0.019           1813        0.01        0.01    ACSOLW@3
 2818     0.00      428.780        0.018        0.019           1813        0.01        0.01    ACSOLW@16
 2819     0.00      428.780        0.018        0.019           1813        0.01        0.01    ACSOLW@11
 2820     0.00      428.780        0.018        0.019           1813        0.01        0.01    ACSOLW@14
 2821     0.00      428.780        0.018        0.037           1776        0.01        0.02    ACSOL@29
 2822     0.00      428.780        0.018        0.037           1813        0.01        0.02    ACSOL@19
 2823     0.00      428.780        0.018        0.019           1776        0.01        0.01    ACSOLW@26
 2824     0.00      428.780        0.018        0.038           1813        0.01        0.02    ACSOL@3
 2825     0.00      428.780        0.018        0.019           1776        0.01        0.01    ACSOLW@32
 2826     0.00      428.780        0.018        0.019           1813        0.01        0.01    ACSOLW@4
 2827     0.00      428.780        0.018        0.019           1813        0.01        0.01    ACSOLW@23
 2828     0.00      428.780        0.018        0.019           1776        0.01        0.01    ACSOLW@30
 2829     0.00      428.780        0.018        0.019           1776        0.01        0.01    ACSOLW@28
 2830     0.00      428.780        0.018        0.038           1813        0.01        0.02    ACSOL@21
 2831     0.00      428.780        0.018        0.038           1813        0.01        0.02    ACSOL@23
 2832     0.00      428.780        0.018        0.037           1813        0.01        0.02    ACSOL@18
 2833     0.00      428.797        0.018        0.197           1813        0.01        0.11   *SITNU_GP@21
 2834     0.00      428.797        0.018        0.019           1813        0.01        0.01    ACSOLW@18
 2835     0.00      428.797        0.018        0.018           1776        0.01        0.01    ACSOLW@29
 2836     0.00      428.797        0.018        0.018           1776        0.01        0.01    ACSOLW@31
 2837     0.00      428.797        0.018        0.037           1776        0.01        0.02    ACSOL@30
 2838     0.00      428.815        0.018        0.207             37        0.48        5.60    APL_ARPEGE_DEEP_CONVECTION_PARALLEL:ACUPTQ:COMPUTE@1
 2839     0.00      428.815        0.018        0.018           1813        0.01        0.01    ACSOLW@19
 2840     0.00      428.815        0.018        0.018           1813        0.01        0.01    ACSOLW@20
 2841     0.00      428.815        0.018        0.018           1776        0.01        0.01    ACSOLW@27
 2842     0.00      428.815        0.018        0.196           1813        0.01        0.11    SITNU_GP@17
 2843     0.00      428.815        0.018        0.037           1776        0.01        0.02    ACSOL@28
 2844     0.00      428.815        0.018        0.037           1813        0.01        0.02    ACSOL@16
 2845     0.00      428.815        0.018        0.038           1813        0.01        0.02    ACSOL@5
 2846     0.00      428.815        0.017        0.196           1813        0.01        0.11    SITNU_GP@18
 2847     0.00      428.815        0.017        0.038           1813        0.01        0.02    ACSOL@24
 2848     0.00      428.815        0.017        0.037           1813        0.01        0.02    ACSOL@20
 2849     0.00      428.815        0.017        0.193           1776        0.01        0.11    SITNU_GP@25
 2850     0.00      428.815        0.017        0.037           1813        0.01        0.02    ACSOL@4
 2851     0.00      428.815        0.017        0.192           1776        0.01        0.11    SITNU_GP@26
 2852     0.00      428.815        0.017        0.196           1813        0.01        0.11    SITNU_GP@22
 2853     0.00      428.815        0.017        0.037           1776        0.01        0.02    ACSOL@25
 2854     0.00      428.815        0.017        0.204           1813        0.01        0.11    SITNU_GP@20
 2855     0.00      428.815        0.017        0.038           1813        0.01        0.02    ACSOL@6
 2856     0.00      428.815        0.017        0.204           1813        0.01        0.11    SITNU_GP@19
 2857     0.00      428.815        0.017        0.037           1813        0.01        0.02    ACSOL@14
 2858     0.00      428.815        0.017        0.191           1776        0.01        0.11    SITNU_GP@29
 2859     0.00      428.815        0.017        0.037           1813        0.01        0.02    ACSOL@8
 2860     0.00      428.815        0.017        0.036           1776        0.01        0.02    ACSOL@31
 2861     0.00      428.815        0.017        0.039           1813        0.01        0.02    ACSOL@7
 2862     0.00      428.815        0.017        0.034           1813        0.01        0.02    ACSOL@1
 2863     0.00      428.815        0.017        0.192           1776        0.01        0.11    SITNU_GP@28
 2864     0.00      428.815        0.017        0.204           1813        0.01        0.11    SITNU_GP@23
 2865     0.00      428.815        0.017        0.195           1813        0.01        0.11    SITNU_GP@5
 2866     0.00      428.815        0.017        0.037           1776        0.01        0.02    ACSOL@32
 2867     0.00      428.815        0.017        0.036           1776        0.01        0.02    ACSOL@27
 2868     0.00      428.815        0.017        0.195           1813        0.01        0.11    SITNU_GP@8
 2869     0.00      428.815        0.017        0.037           1813        0.01        0.02    ACSOL@17
 2870     0.00      428.815        0.017        0.203           1813        0.01        0.11    SITNU_GP@24
 2871     0.00      428.815        0.017        0.194           1813        0.01        0.11    SITNU_GP@6
 2872     0.00      428.815        0.017        0.038           1813        0.01        0.02    ACSOL@22
 2873     0.00      428.815        0.017        0.195           1813        0.01        0.11    SITNU_GP@7
 2874     0.00      428.815        0.017        0.196           1813        0.01        0.11    SITNU_GP@11
 2875     0.00      428.815        0.017        0.037           1813        0.01        0.02    ACSOL@12
 2876     0.00      428.815        0.017        0.191           1776        0.01        0.11    SITNU_GP@30
 2877     0.00      428.815        0.017        0.195           1813        0.01        0.11    SITNU_GP@14
 2878     0.00      428.815        0.017        0.200           1776        0.01        0.11    SITNU_GP@27
 2879     0.00      428.815        0.017        0.195           1813        0.01        0.11    SITNU_GP@10
 2880     0.00      428.815        0.017        0.195           1813        0.01        0.11    SITNU_GP@15
 2881     0.00      428.815        0.017        0.037           1813        0.01        0.02    ACSOL@9
 2882     0.00      428.815        0.017        0.037           1776        0.01        0.02    ACSOL@26
 2883     0.00      428.832        0.017        0.025             37        0.46        0.67    APL_ARPEGE_SOIL_HYDRO_PARALLEL:ACVEG:COMPUTE@1
 2884     0.00      428.832        0.017        0.202           1813        0.01        0.11    SITNU_GP@16
 2885     0.00      428.832        0.017        0.037           1813        0.01        0.02    ACSOL@13
 2886     0.00      428.849        0.017        0.017             36        0.47        0.47    CPCFU_PARALLEL:1:COMPUTE@1
 2887     0.00      428.849        0.017        0.203           1813        0.01        0.11    SITNU_GP@13
 2888     0.00      428.849        0.017        0.188           1776        0.01        0.11    SITNU_GP@32
 2889     0.00      428.849        0.017        0.037           1813        0.01        0.02    ACSOL@11
 2890     0.00      428.849        0.017        0.202           1813        0.01        0.11    SITNU_GP@12
 2891     0.00      428.849        0.017        0.037           1813        0.01        0.02    ACSOL@10
 2892     0.00      428.849        0.017        0.190           1776        0.01        0.11    SITNU_GP@31
 2893     0.00      428.849        0.017        0.201           1813        0.01        0.11    SITNU_GP@9
 2894     0.00      428.849        0.017        0.037           1813        0.01        0.02    ACSOL@15
 2895     0.00      428.865        0.017        0.293             37        0.45        7.91    CPG_GP_PARALLEL:GPINISLB_PART1_EXPL:COMPUTE@1
 2896     0.00      428.882        0.016        0.196           1813        0.01        0.11   *GPGEO_EXPL@16
 2897     0.00      428.882        0.016        0.196           1813        0.01        0.11    GPGEO_EXPL@10
 2898     0.00      428.882        0.016        0.196           1813        0.01        0.11    GPGEO_EXPL@11
 2899     0.00      428.882        0.016        0.196           1813        0.01        0.11    GPGEO_EXPL@13
 2900     0.00      428.882        0.016        0.196           1813        0.01        0.11    GPGEO_EXPL@12
 2901     0.00      428.882        0.016        0.196           1813        0.01        0.11    GPGEO_EXPL@14
 2902     0.00      428.882        0.016        0.196           1813        0.01        0.11    GPGEO_EXPL@8
 2903     0.00      428.898        0.016        0.017           1776        0.01        0.01   *ACVEG@28
 2904     0.00      428.898        0.016        0.195           1813        0.01        0.11    GPGEO_EXPL@9
 2905     0.00      428.898        0.016        0.196           1813        0.01        0.11    GPGEO_EXPL@15
 2906     0.00      428.914        0.016      352.542             37        0.44     9528.17    CPG_PARALLEL@1
 2907     0.00      428.914        0.016        0.196           1813        0.01        0.11    GPGEO_EXPL@6
 2908     0.00      428.914        0.016        0.196           1813        0.01        0.11    GPGEO_EXPL@5
 2909     0.00      428.930        0.016        0.965             37        0.43       26.08    CPG_SL1B_TYPE_SHUFFLE_HOST_PARALLEL@1
 2910     0.00      428.930        0.016        0.196           1813        0.01        0.11    GPGEO_EXPL@7
 2911     0.00      428.930        0.016        0.017           1813        0.01        0.01    ACVEG@20
 2912     0.00      428.930        0.016        0.017           1813        0.01        0.01    ACVEG@15
 2913     0.00      428.930        0.016        0.017           1813        0.01        0.01    ACVEG@16
 2914     0.00      428.930        0.016        0.190           1813        0.01        0.10    SITNU_GP@4
 2915     0.00      428.930        0.016        0.017           1813        0.01        0.01    ACVEG@14
 2916     0.00      428.930        0.016        0.017           1813        0.01        0.01    ACVEG@21
 2917     0.00      428.930        0.016        0.017           1813        0.01        0.01    ACVEG@22
 2918     0.00      428.930        0.016        0.017           1813        0.01        0.01    ACVEG@23
 2919     0.00      428.946        0.016        0.017           1813        0.01        0.01   *SATUR@13
 2920     0.00      428.946        0.016        0.017           1813        0.01        0.01    ACVEG@24
 2921     0.00      428.946        0.016        0.017           1813        0.01        0.01    ACVEG@12
 2922     0.00      428.946        0.016        0.196           1813        0.01        0.11    GPGEO_EXPL@3
 2923     0.00      428.946        0.016        0.017           1776        0.01        0.01    ACVEG@25
 2924     0.00      428.946        0.016        0.017           1813        0.01        0.01    SATUR@15
 2925     0.00      428.946        0.016        0.017           1813        0.01        0.01    ACVEG@19
 2926     0.00      428.946        0.016        0.016           1813        0.01        0.01    ACSOLW@1
 2927     0.00      428.946        0.016        0.017           1813        0.01        0.01    SATUR@9
 2928     0.00      428.946        0.016        0.017           1813        0.01        0.01    SATUR@17
 2929     0.00      428.946        0.016        0.017           1813        0.01        0.01    SATUR@14
 2930     0.00      428.946        0.016        0.195           1813        0.01        0.11    GPGEO_EXPL@2
 2931     0.00      428.946        0.016        0.017           1813        0.01        0.01    SATUR@7
 2932     0.00      428.946        0.016        0.016           1776        0.01        0.01    ACVEG@27
 2933     0.00      428.946        0.016        0.017           1776        0.01        0.01    ACVEG@26
 2934     0.00      428.946        0.016        0.195           1813        0.01        0.11    GPGEO_EXPL@4
 2935     0.00      428.946        0.016        0.017           1813        0.01        0.01    SATUR@11
 2936     0.00      428.946        0.016        0.016           1813        0.01        0.01    SATUR@5
 2937     0.00      428.946        0.016        0.196           1813        0.01        0.11    GPGEO_EXPL@1
 2938     0.00      428.962        0.016        0.048             37        0.42        1.30    APL_ARPEGE_PARALLEL:ACHMT:COMPUTE@1
 2939     0.00      428.962        0.016        0.016           1813        0.01        0.01    SATUR@8
 2940     0.00      428.962        0.016        0.016           1813        0.01        0.01    SATUR@21
 2941     0.00      428.962        0.016        0.016           1813        0.01        0.01    SATUR@12
 2942     0.00      428.962        0.016        0.016           1813        0.01        0.01    SATUR@10
 2943     0.00      428.962        0.016        0.016           1813        0.01        0.01    ACVEG@18
 2944     0.00      428.962        0.016        0.016           1776        0.01        0.01    ACVEG@29
 2945     0.00      428.962        0.016        0.016           1813        0.01        0.01    SATUR@2
 2946     0.00      428.962        0.016        0.016           1813        0.01        0.01    SATUR@16
 2947     0.00      428.962        0.015        0.016           1813        0.01        0.01    SATUR@19
 2948     0.00      428.962        0.015        0.016           1776        0.01        0.01    ACVEG@30
 2949     0.00      428.962        0.015        0.016           1813        0.01        0.01    SATUR@22
 2950     0.00      428.962        0.015        0.016           1813        0.01        0.01    SATUR@24
 2951     0.00      428.962        0.015        0.016           1813        0.01        0.01    SATUR@1
 2952     0.00      428.962        0.015        0.016           1813        0.01        0.01    SATUR@6
 2953     0.00      428.962        0.015        0.016           1813        0.01        0.01    SATUR@23
 2954     0.00      428.962        0.015        0.016           1813        0.01        0.01    SATUR@20
 2955     0.00      428.962        0.015        0.016           1813        0.01        0.01    SATUR@18
 2956     0.00      428.962        0.015        0.016           1813        0.01        0.01    SATUR@4
 2957     0.00      428.962        0.015        0.016           1813        0.01        0.01    SATUR@3
 2958     0.00      428.962        0.015        0.016           1776        0.01        0.01    ACVEG@32
 2959     0.00      428.962        0.015        0.016           1776        0.01        0.01    SATUR@25
 2960     0.00      428.977        0.015        0.018          10920        0.00        0.00    radiation_aerosol:allocate_aerosol_arrays_CPU@1
 2961     0.00      428.977        0.015        0.198           1813        0.01        0.11    GPGEO_EXPL@24
 2962     0.00      428.977        0.015        0.016           1776        0.01        0.01    SATUR@28
 2963     0.00      428.977        0.015        0.197           1813        0.01        0.11    GPGEO_EXPL@17
 2964     0.00      428.977        0.015        0.198           1813        0.01        0.11    GPGEO_EXPL@22
 2965     0.00      428.977        0.015        0.197           1813        0.01        0.11    GPGEO_EXPL@23
 2966     0.00      428.977        0.015        0.016           1776        0.01        0.01    SATUR@27
 2967     0.00      428.977        0.015        0.016           1776        0.01        0.01    SATUR@29
 2968     0.00      428.977        0.015        0.197           1813        0.01        0.11    GPGEO_EXPL@21
 2969     0.00      428.977        0.015        0.016           1776        0.01        0.01    SATUR@26
 2970     0.00      428.977        0.015        0.198           1813        0.01        0.11    GPGEO_EXPL@19
 2971     0.00      428.977        0.015        0.016           1813        0.01        0.01    ACVEG@17
 2972     0.00      428.977        0.015        0.191           1776        0.01        0.11    GPGEO_EXPL@32
 2973     0.00      428.977        0.015        0.016           1776        0.01        0.01    SATUR@30
 2974     0.00      428.977        0.015        0.016           1776        0.01        0.01    SATUR@32
 2975     0.00      428.977        0.015        0.197           1813        0.01        0.11    GPGEO_EXPL@18
 2976     0.00      428.992        0.015        0.015             36        0.41        0.41    CPCFU_PARALLEL:2:COMPUTE@1
 2977     0.00      428.992        0.015        0.016           1776        0.01        0.01    SATUR@31
 2978     0.00      428.992        0.015        0.197           1813        0.01        0.11    GPGEO_EXPL@20
 2979     0.00      428.992        0.015        0.193           1776        0.01        0.11    GPGEO_EXPL@25
 2980     0.00      428.992        0.015        0.015           1776        0.01        0.01    ACVEG@31
 2981     0.00      428.992        0.015        0.193           1776        0.01        0.11    GPGEO_EXPL@26
 2982     0.00      428.992        0.015        0.193           1776        0.01        0.11    GPGEO_EXPL@27
 2983     0.00      428.992        0.015        0.193           1776        0.01        0.11    GPGEO_EXPL@29
 2984     0.00      428.992        0.015        0.193           1776        0.01        0.11    GPGEO_EXPL@30
 2985     0.00      428.992        0.015        0.193           1776        0.01        0.11    GPGEO_EXPL@28
 2986     0.00      428.992        0.015        0.193           1776        0.01        0.11    GPGEO_EXPL@31
 2987     0.00      429.007        0.015        0.018           9065        0.00        0.00   *ACNPART_CLOUD_COVER@5
 2988     0.00      429.021        0.015        0.015           1813        0.01        0.01   *ACDROV@2
 2989     0.00      429.021        0.015        0.017           9065        0.00        0.00    ACNPART_CLOUD_COVER@13
 2990     0.00      429.021        0.015        0.017           9065        0.00        0.00    ACNPART_CLOUD_COVER@9
 2991     0.00      429.021        0.015        0.015           1813        0.01        0.01    ACDROV@3
 2992     0.00      429.036        0.014        0.020              1       14.49       19.50    FIELDS_MOD:FIELDS_DELETE@1
 2993     0.00      429.036        0.014        0.017           9065        0.00        0.00    ACNPART_CLOUD_COVER@14
 2994     0.00      429.036        0.014        0.015           1813        0.01        0.01    ACDROV@4
 2995     0.00      429.036        0.014        0.017           9065        0.00        0.00    ACNPART_CLOUD_COVER@6
 2996     0.00      429.036        0.014        0.017           9065        0.00        0.00    ACNPART_CLOUD_COVER@16
 2997     0.00      429.036        0.014        0.017           9065        0.00        0.00    ACNPART_CLOUD_COVER@15
 2998     0.00      429.036        0.014        0.018           9065        0.00        0.00    ACNPART_CLOUD_COVER@22
 2999     0.00      429.050        0.014        0.014             36        0.40        0.40    CPCFU_PARALLEL:0:COMPUTE@1
 3000     0.00      429.050        0.014        0.017           9065        0.00        0.00    ACNPART_CLOUD_COVER@12
 3001     0.00      429.050        0.014        0.017           9065        0.00        0.00    ACNPART_CLOUD_COVER@18
 3002     0.00      429.050        0.014        0.017           9065        0.00        0.00    ACNPART_CLOUD_COVER@11
 3003     0.00      429.050        0.014        0.015           1813        0.01        0.01    ACDROV@11
 3004     0.00      429.050        0.014        0.017           9065        0.00        0.00    ACNPART_CLOUD_COVER@10
 3005     0.00      429.050        0.014        0.017           9065        0.00        0.00    ACNPART_CLOUD_COVER@8
 3006     0.00      429.050        0.014        0.015           1813        0.01        0.01    ACDROV@14
 3007     0.00      429.050        0.014        0.015           1813        0.01        0.01    ACDROV@1
 3008     0.00      429.050        0.014        0.017           9065        0.00        0.00    ACNPART_CLOUD_COVER@7
 3009     0.00      429.065        0.014        0.017          10920        0.00        0.00    radiation_aerosol:deallocate_aerosol_arrays_CPU@1
 3010     0.00      429.065        0.014        0.015           1813        0.01        0.01    ACDROV@15
 3011     0.00      429.065        0.014        0.015           1813        0.01        0.01    ACDROV@12
 3012     0.00      429.065        0.014        0.015           1813        0.01        0.01    ACDROV@13
 3013     0.00      429.065        0.014        0.017           9065        0.00        0.00    ACNPART_CLOUD_COVER@4
 3014     0.00      429.065        0.014        0.017           9065        0.00        0.00    ACNPART_CLOUD_COVER@23
 3015     0.00      429.065        0.014        0.017           9065        0.00        0.00    ACNPART_CLOUD_COVER@2
 3016     0.00      429.065        0.014        0.017           9065        0.00        0.00    ACNPART_CLOUD_COVER@3
 3017     0.00      429.065        0.014        0.017           9065        0.00        0.00    ACNPART_CLOUD_COVER@21
 3018     0.00      429.065        0.014        0.015           1813        0.01        0.01    ACDROV@8
 3019     0.00      429.065        0.014        0.015           1813        0.01        0.01    ACDROV@9
 3020     0.00      429.065        0.014        0.015           1813        0.01        0.01    ACDROV@10
 3021     0.00      429.065        0.014        0.015           1813        0.01        0.01    ACDROV@7
 3022     0.00      429.065        0.014        0.015           1813        0.01        0.01    ACDROV@5
 3023     0.00      429.065        0.014        0.017           9065        0.00        0.00    ACNPART_CLOUD_COVER@19
 3024     0.00      429.065        0.014        0.015           1813        0.01        0.01    ACDROV@16
 3025     0.00      429.065        0.014        0.017           9065        0.00        0.00    ACNPART_CLOUD_COVER@17
 3026     0.00      429.065        0.014        0.017           8880        0.00        0.00    ACNPART_CLOUD_COVER@27
 3027     0.00      429.065        0.014        0.015           1813        0.01        0.01    ACDROV@6
 3028     0.00      429.065        0.014        0.017           8880        0.00        0.00    ACNPART_CLOUD_COVER@26
 3029     0.00      429.065        0.014        0.017           9065        0.00        0.00    ACNPART_CLOUD_COVER@24
 3030     0.00      429.078        0.014        0.014             37        0.38        0.38    LASSIE_PARALLEL:GPRCP:COMPUTE@1
 3031     0.00      429.078        0.014        0.017           9065        0.00        0.00    ACNPART_CLOUD_COVER@20
 3032     0.00      429.078        0.014        0.016           8880        0.00        0.00    ACNPART_CLOUD_COVER@30
 3033     0.00      429.078        0.014        0.017           8880        0.00        0.00    ACNPART_CLOUD_COVER@28
 3034     0.00      429.078        0.014        0.017           8880        0.00        0.00    ACNPART_CLOUD_COVER@25
 3035     0.00      429.078        0.014        0.016           8880        0.00        0.00    ACNPART_CLOUD_COVER@29
 3036     0.00      429.078        0.014        0.016           8880        0.00        0.00    ACNPART_CLOUD_COVER@31
 3037     0.00      429.092        0.013        0.015           5439        0.00        0.00   *HL2FL@12
 3038     0.00      429.092        0.013        0.015           5439        0.00        0.00    HL2FL@11
 3039     0.00      429.092        0.013        0.016           8880        0.00        0.00    ACNPART_CLOUD_COVER@32
 3040     0.00      429.105        0.013        0.016          10920        0.00        0.00    radiation_gas:deallocate_gas_CPU@1
 3041     0.00      429.105        0.013        0.015           5439        0.00        0.00    HL2FL@14
 3042     0.00      429.118        0.013        0.013             37        0.36        0.36    LAVABO_PARALLEL:0:COMPUTE@1
 3043     0.00      429.118        0.013        0.015           5439        0.00        0.00    HL2FL@15
 3044     0.00      429.118        0.013        0.016           9065        0.00        0.00    ACNPART_CLOUD_COVER@1
 3045     0.00      429.118        0.013        0.015           5439        0.00        0.00    HL2FL@13
 3046     0.00      429.118        0.013        0.015           5439        0.00        0.00    HL2FL@8
 3047     0.00      429.132        0.013       13.085             37        0.35      353.66    ACVPPKF_PARALLEL:PART2:COMPUTE@1
 3048     0.00      429.132        0.013        0.015           5439        0.00        0.00    HL2FL@7
 3049     0.00      429.132        0.013        0.015           5439        0.00        0.00    HL2FL@16
 3050     0.00      429.132        0.013        0.015           5439        0.00        0.00    HL2FL@5
 3051     0.00      429.132        0.013        0.015           5439        0.00        0.00    HL2FL@10
 3052     0.00      429.132        0.013        0.015           5439        0.00        0.00    HL2FL@3
 3053     0.00      429.132        0.013        0.015           5439        0.00        0.00    HL2FL@6
 3054     0.00      429.145        0.013        0.013            148        0.09        0.09    GPRCP_EXPL_PARALLEL:4:COMPUTE@1
 3055     0.00      429.145        0.013        0.015           5439        0.00        0.00    HL2FL@9
 3056     0.00      429.157        0.013        0.013             37        0.35        0.35    APL_ARPEGE_ALBEDO_COMPUTATION_PARALLEL:0:COMPUTE@1
 3057     0.00      429.157        0.013        0.014           5439        0.00        0.00    HL2FL@4
 3058     0.00      429.157        0.013        0.015           5439        0.00        0.00    HL2FL@2
 3059     0.00      429.157        0.013        0.015           5439        0.00        0.00    HL2FL@17
 3060     0.00      429.170        0.013        0.013           1813        0.01        0.01   *CUDLFSN@15
 3061     0.00      429.170        0.013        0.015           5439        0.00        0.00    HL2FL@24
 3062     0.00      429.170        0.013        0.015           5439        0.00        0.00    HL2FL@22
 3063     0.00      429.170        0.013        0.015           5439        0.00        0.00    HL2FL@21
 3064     0.00      429.183        0.013        0.176           1776        0.01        0.10   *GPHPRE_EXPL@32
 3065     0.00      429.183        0.013        0.014           5439        0.00        0.00    HL2FL@1
 3066     0.00      429.183        0.013        0.015           5439        0.00        0.00    HL2FL@23
 3067     0.00      429.183        0.013        0.015           5328        0.00        0.00    HL2FL@25
 3068     0.00      429.195        0.013        0.151            222        0.06        0.68    LAPINEB_PARALLEL:ZERO_GMV9@1
 3069     0.00      429.195        0.013        0.013           1813        0.01        0.01    CUDLFSN@14
 3070     0.00      429.195        0.012        0.014           5439        0.00        0.00    HL2FL@19
 3071     0.00      429.195        0.012        0.014           5439        0.00        0.00    HL2FL@20
 3072     0.00      429.195        0.012        0.014           5439        0.00        0.00    HL2FL@18
 3073     0.00      429.195        0.012        0.013           1813        0.01        0.01    CUDLFSN@24
 3074     0.00      429.195        0.012        0.014           5328        0.00        0.00    HL2FL@26
 3075     0.00      429.195        0.012        0.014           5328        0.00        0.00    HL2FL@31
 3076     0.00      429.208        0.012        0.015           7800        0.00        0.00    SURFACE_FIELDS_MIX:GPOPER_3@1
 3077     0.00      429.208        0.012        0.013           1776        0.01        0.01    ACDROV@32
 3078     0.00      429.208        0.012        0.013           1813        0.01        0.01    CUDLFSN@13
 3079     0.00      429.208        0.012        0.014           5328        0.00        0.00    HL2FL@32
 3080     0.00      429.208        0.012        0.013           1813        0.01        0.01    CUDLFSN@16
 3081     0.00      429.208        0.012        0.013           1813        0.01        0.01    CUDLFSN@21
 3082     0.00      429.208        0.012        0.014           5328        0.00        0.00    HL2FL@27
 3083     0.00      429.208        0.012        0.014           5328        0.00        0.00    HL2FL@29
 3084     0.00      429.208        0.012        0.013           1813        0.01        0.01    CUDLFSN@23
 3085     0.00      429.208        0.012        0.013           1813        0.01        0.01    CUDLFSN@22
 3086     0.00      429.208        0.012        0.013           1813        0.01        0.01    CUDLFSN@12
 3087     0.00      429.208        0.012        0.013           1776        0.01        0.01    CUDLFSN@28
 3088     0.00      429.208        0.012        0.014           5328        0.00        0.00    HL2FL@30
 3089     0.00      429.208        0.012        0.014           5328        0.00        0.00    HL2FL@28
 3090     0.00      429.220        0.012        4.244             37        0.33      114.69    CPG_GP_PARALLEL@1
 3091     0.00      429.220        0.012        0.013           1776        0.01        0.01    CUDLFSN@25
 3092     0.00      429.220        0.012        0.013           1776        0.01        0.01    CUDLFSN@26
 3093     0.00      429.220        0.012        0.013           1776        0.01        0.01    CUDLFSN@27
 3094     0.00      429.220        0.012        0.013           1813        0.01        0.01    CUDLFSN@11
 3095     0.00      429.220        0.012        0.013           1813        0.01        0.01    CUDLFSN@18
 3096     0.00      429.220        0.012        0.013           1813        0.01        0.01    ACDROV@19
 3097     0.00      429.220        0.012        0.013           1813        0.01        0.01    ACDROV@20
 3098     0.00      429.220        0.012        0.013           1813        0.01        0.01    ACDROV@22
 3099     0.00      429.220        0.012        0.013           1813        0.01        0.01    ACDROV@24
 3100     0.00      429.220        0.012        0.013           1813        0.01        0.01    ACDROV@23
 3101     0.00      429.220        0.012        0.013           1813        0.01        0.01    CUDLFSN@17
 3102     0.00      429.220        0.012        0.013           1813        0.01        0.01    ACDROV@17
 3103     0.00      429.220        0.012        0.013           1776        0.01        0.01    ACDROV@28
 3104     0.00      429.220        0.012        0.013           1813        0.01        0.01    ACDROV@18
 3105     0.00      429.220        0.012        0.013           1776        0.01        0.01    ACDROV@25
 3106     0.00      429.220        0.012        0.013           1813        0.01        0.01    CUDLFSN@20
 3107     0.00      429.220        0.012        0.013           1776        0.01        0.01    ACDROV@27
 3108     0.00      429.220        0.012        0.013           1813        0.01        0.01    ACDROV@21
 3109     0.00      429.220        0.012        0.013           1813        0.01        0.01    CUDLFSN@10
 3110     0.00      429.220        0.012        0.012           1776        0.01        0.01    CUDLFSN@29
 3111     0.00      429.220        0.012        0.013           1776        0.01        0.01    ACDROV@26
 3112     0.00      429.220        0.012        0.012           1776        0.01        0.01    ACDROV@30
 3113     0.00      429.220        0.012        0.012           1776        0.01        0.01    CUDLFSN@31
 3114     0.00      429.220        0.012        0.012           1813        0.01        0.01    CUDLFSN@19
 3115     0.00      429.220        0.012        0.012           1776        0.01        0.01    ACDROV@29
 3116     0.00      429.220        0.012        0.012           1776        0.01        0.01    ACDROV@31
 3117     0.00      429.231        0.012        0.012             37        0.31        0.31    CPG_DIA_FLU_PARALLEL:4:COMPUTE@1
 3118     0.00      429.231        0.012        0.012           1776        0.01        0.01    CUDLFSN@30
 3119     0.00      429.243        0.012        0.015          10920        0.00        0.00    radiation_cloud:create_fractional_std_CPU@1
 3120     0.00      429.243        0.012        0.012           1776        0.01        0.01    FL2HL@31
 3121     0.00      429.243        0.012        0.012           1813        0.01        0.01    CUDLFSN@9
 3122     0.00      429.243        0.012        0.012           1776        0.01        0.01    FL2HL@32
 3123     0.00      429.243        0.011        0.012           1813        0.01        0.01    CUDLFSN@7
 3124     0.00      429.243        0.011        0.191           1813        0.01        0.11    GPHPRE_EXPL@5
 3125     0.00      429.243        0.011        0.191           1813        0.01        0.11    GPHPRE_EXPL@11
 3126     0.00      429.243        0.011        0.012           1813        0.01        0.01    CUDLFSN@8
 3127     0.00      429.243        0.011        0.012           1776        0.01        0.01    CUDLFSN@32
 3128     0.00      429.243        0.011        0.191           1813        0.01        0.11    GPHPRE_EXPL@8
 3129     0.00      429.243        0.011        0.012           1776        0.01        0.01    FL2HL@25
 3130     0.00      429.243        0.011        0.191           1813        0.01        0.11    GPHPRE_EXPL@13
 3131     0.00      429.243        0.011        0.012           1776        0.01        0.01    FL2HL@30
 3132     0.00      429.243        0.011        0.190           1813        0.01        0.10    GPHPRE_EXPL@12
 3133     0.00      429.243        0.011        0.191           1813        0.01        0.11    GPHPRE_EXPL@9
 3134     0.00      429.254        0.011        0.014          10920        0.00        0.00    radiation_flux:calc_toa_spectral_CPU@1
 3135     0.00      429.254        0.011        0.192           1813        0.01        0.11    GPHPRE_EXPL@7
 3136     0.00      429.254        0.011        0.176           1776        0.01        0.10    GPHPRE_EXPL@31
 3137     0.00      429.254        0.011        0.012           1776        0.01        0.01    FL2HL@28
 3138     0.00      429.254        0.011        0.012           1776        0.01        0.01    FL2HL@29
 3139     0.00      429.265        0.011       38.126              1       11.19    38126.04    STEPX@1
 3140     0.00      429.265        0.011        0.012           1813        0.01        0.01    FL2HL@19
 3141     0.00      429.277        0.011        0.190           1813        0.01        0.10   *GPGW@5
 3142     0.00      429.277        0.011        0.189           1813        0.01        0.10    GPGW@16
 3143     0.00      429.277        0.011        0.191           1813        0.01        0.11    GPHPRE_EXPL@10
 3144     0.00      429.277        0.011        0.189           1813        0.01        0.10    GPGW@8
 3145     0.00      429.277        0.011        0.189           1813        0.01        0.10    GPGW@15
 3146     0.00      429.277        0.011        0.189           1813        0.01        0.10    GPGW@13
 3147     0.00      429.277        0.011        0.192           1813        0.01        0.11    GPHPRE_EXPL@6
 3148     0.00      429.277        0.011        0.012           1813        0.01        0.01    FL2HL@22
 3149     0.00      429.277        0.011        0.012           1813        0.01        0.01    FL2HL@20
 3150     0.00      429.277        0.011        0.189           1813        0.01        0.10    GPGW@14
 3151     0.00      429.277        0.011        0.189           1813        0.01        0.10    GPGW@11
 3152     0.00      429.277        0.011        0.012           1813        0.01        0.01    FL2HL@24
 3153     0.00      429.277        0.011        0.189           1813        0.01        0.10    GPGW@12
 3154     0.00      429.277        0.011        0.012           1813        0.01        0.01    FL2HL@23
 3155     0.00      429.277        0.011        0.190           1813        0.01        0.10    GPGW@7
 3156     0.00      429.277        0.011        0.191           1813        0.01        0.11    GPHPRE_EXPL@3
 3157     0.00      429.277        0.011        0.012           1776        0.01        0.01    FL2HL@26
 3158     0.00      429.277        0.011        0.189           1813        0.01        0.10    GPGW@9
 3159     0.00      429.277        0.011        0.012           1776        0.01        0.01    FL2HL@27
 3160     0.00      429.277        0.011        0.189           1813        0.01        0.10    GPGW@10
 3161     0.00      429.277        0.011        0.012           1813        0.01        0.01    FL2HL@18
 3162     0.00      429.277        0.011        0.189           1813        0.01        0.10    GPGW@2
 3163     0.00      429.277        0.011        0.190           1813        0.01        0.10    GPGW@23
 3164     0.00      429.277        0.011        0.191           1813        0.01        0.11    GPHPRE_EXPL@2
 3165     0.00      429.277        0.011        0.012           1813        0.01        0.01    FL2HL@21
 3166     0.00      429.277        0.011        0.190           1813        0.01        0.10    GPGW@17
 3167     0.00      429.277        0.011        0.189           1813        0.01        0.10    GPGW@3
 3168     0.00      429.277        0.011        0.190           1813        0.01        0.10    GPHPRE_EXPL@4
 3169     0.00      429.277        0.011        0.190           1813        0.01        0.10    GPGW@21
 3170     0.00      429.277        0.011        0.190           1813        0.01        0.10    GPGW@20
 3171     0.00      429.277        0.011        0.188           1813        0.01        0.10    GPGW@6
 3172     0.00      429.277        0.011        0.187           1776        0.01        0.11    GPGW@25
 3173     0.00      429.277        0.011        0.192           1813        0.01        0.11    GPHPRE_EXPL@14
 3174     0.00      429.277        0.011        0.190           1813        0.01        0.10    GPGW@24
 3175     0.00      429.277        0.011        0.191           1813        0.01        0.11    GPHPRE_EXPL@15
 3176     0.00      429.277        0.011        0.189           1813        0.01        0.10    GPGW@22
 3177     0.00      429.277        0.011        0.012           1813        0.01        0.01    CUDLFSN@6
 3178     0.00      429.277        0.011        0.188           1813        0.01        0.10    GPGW@4
 3179     0.00      429.277        0.011        0.012           1813        0.01        0.01    FL2HL@17
 3180     0.00      429.277        0.011        0.189           1813        0.01        0.10    GPGW@19
 3181     0.00      429.287        0.011        0.011             36        0.30        0.30    SPCHORmval@1
 3182     0.00      429.287        0.011        0.186           1776        0.01        0.10    GPGW@28
 3183     0.00      429.287        0.011        0.189           1813        0.01        0.10    GPGW@18
 3184     0.00      429.287        0.011        0.186           1776        0.01        0.10    GPGW@27
 3185     0.00      429.298        0.011        3.025             37        0.29       81.76    CPG_GP_HYD_PARALLEL@1
 3186     0.00      429.308        0.011        0.011           1813        0.01        0.01   *CPTENDS@19
 3187     0.00      429.308        0.011        0.185           1776        0.01        0.10    GPGW@26
 3188     0.00      429.308        0.011        0.186           1776        0.01        0.10    GPGW@29
 3189     0.00      429.308        0.011        0.190           1816        0.01        0.10    GPHPRE_EXPL@1
 3190     0.00      429.308        0.011        0.189           1813        0.01        0.10    GPGW@1
 3191     0.00      429.308        0.011        0.011           1813        0.01        0.01    ACVEG@11
 3192     0.00      429.308        0.010        0.011           1813        0.01        0.01    ACVEG@10
 3193     0.00      429.308        0.010        0.186           1776        0.01        0.10    GPGW@31
 3194     0.00      429.308        0.010        0.185           1776        0.01        0.10    GPGW@30
 3195     0.00      429.308        0.010        0.183           1776        0.01        0.10    GPGW@32
 3196     0.00      429.308        0.010        0.011           1813        0.01        0.01    CUDLFSN@5
 3197     0.00      429.308        0.010        0.011           1813        0.01        0.01    CPTENDS@17
 3198     0.00      429.308        0.010        0.191           1813        0.01        0.11    GPHPRE_EXPL@16
 3199     0.00      429.308        0.010        0.177           1813        0.01        0.10    GPHPRE_EXPL@23
 3200     0.00      429.308        0.010        0.011           1813        0.01        0.01    CPTENDS@21
 3201     0.00      429.308        0.010        0.011           1776        0.01        0.01    CPTENDS@25
 3202     0.00      429.308        0.010        0.011           1813        0.01        0.01    CPTENDS@11
 3203     0.00      429.308        0.010        0.177           1813        0.01        0.10    GPHPRE_EXPL@21
 3204     0.00      429.308        0.010        0.011           1813        0.01        0.01    CPTENDS@24
 3205     0.00      429.308        0.010        0.011           1813        0.01        0.01    CUDLFSN@4
 3206     0.00      429.308        0.010        0.011           1813        0.01        0.01    CPTENDS@20
 3207     0.00      429.308        0.010        0.177           1813        0.01        0.10    GPHPRE_EXPL@20
 3208     0.00      429.308        0.010        0.011           1776        0.01        0.01    CPTENDS@29
 3209     0.00      429.318        0.010        0.044             37        0.27        1.20    APL_ARPEGE_PARALLEL:ACSOL:COMPUTE@1
 3210     0.00      429.328        0.010        0.011           1813        0.01        0.01   *GPTF2_EXPL_2TL@8
 3211     0.00      429.328        0.010        0.011           1813        0.01        0.01    GPTF2_EXPL_2TL@7
 3212     0.00      429.338        0.010        0.010              6        1.65        1.65    MINV_8:GECO@1
 3213     0.00      429.338        0.010        0.011           1813        0.01        0.01    CPTENDS@23
 3214     0.00      429.338        0.010        0.011           1776        0.01        0.01    CPTENDS@26
 3215     0.00      429.338        0.010        0.011           1813        0.01        0.01    CUDLFSN@3
 3216     0.00      429.338        0.010        0.011           1776        0.01        0.01    CPTENDS@28
 3217     0.00      429.338        0.010        0.011           1813        0.01        0.01    GPTF2_EXPL_2TL@11
 3218     0.00      429.338        0.010        0.011           1776        0.01        0.01    CPTENDS@27
 3219     0.00      429.338        0.010        0.011           1813        0.01        0.01    GPTF2_EXPL_2TL@9
 3220     0.00      429.338        0.010        0.010           1776        0.01        0.01    CPTENDS@30
 3221     0.00      429.338        0.010        0.177           1813        0.01        0.10    GPHPRE_EXPL@17
 3222     0.00      429.338        0.010        0.011           1813        0.01        0.01    GPTF2_EXPL_2TL@10
 3223     0.00      429.338        0.010        0.011           1813        0.01        0.01    CPTENDS@18
 3224     0.00      429.338        0.010        0.177           1813        0.01        0.10    GPHPRE_EXPL@18
 3225     0.00      429.338        0.010        0.010           1776        0.01        0.01    CPTENDS@31
 3226     0.00      429.338        0.010        0.010           1776        0.01        0.01    CPTENDS@32
 3227     0.00      429.338        0.010        0.010           1813        0.01        0.01    GPTF2_EXPL_2TL@5
 3228     0.00      429.338        0.010        0.010           1813        0.01        0.01    CPTENDS@15
 3229     0.00      429.338        0.010        0.174           1776        0.01        0.10    GPHPRE_EXPL@25
 3230     0.00      429.338        0.010        0.010           1813        0.01        0.01    GPTF2_EXPL_2TL@6
 3231     0.00      429.338        0.010        0.177           1813        0.01        0.10    GPHPRE_EXPL@22
 3232     0.00      429.348        0.010        0.011           1813        0.01        0.01   *LAMAXWIND@11
 3233     0.00      429.348        0.010        0.177           1813        0.01        0.10    GPHPRE_EXPL@24
 3234     0.00      429.348        0.010        0.010           1813        0.01        0.01    CPTENDS@22
 3235     0.00      429.348        0.010        0.178           1813        0.01        0.10    GPHPRE_EXPL@19
 3236     0.00      429.348        0.010        0.010           1813        0.01        0.01    LAMAXWIND@12
 3237     0.00      429.348        0.010        0.175           1776        0.01        0.10    GPHPRE_EXPL@27
 3238     0.00      429.348        0.010        0.010           1813        0.01        0.01    CPTENDS@13
 3239     0.00      429.348        0.010        0.174           1776        0.01        0.10    GPHPRE_EXPL@26
 3240     0.00      429.348        0.010        0.010           1813        0.01        0.01    CPTENDS@12
 3241     0.00      429.348        0.010        0.010           1813        0.01        0.01    GPTF2_EXPL_2TL@14
 3242     0.00      429.348        0.010        0.010           1813        0.01        0.01    LAMAXWIND@10
 3243     0.00      429.348        0.010        0.010           1813        0.01        0.01    CPTENDS@16
 3244     0.00      429.348        0.009        0.010           1813        0.01        0.01    GPTF2_EXPL_2TL@13
 3245     0.00      429.348        0.009        0.184           1813        0.01        0.10    SITNU_GP@3
 3246     0.00      429.348        0.009        0.010           1813        0.01        0.01    CUDLFSN@1
 3247     0.00      429.348        0.009        0.010           1813        0.01        0.01    GPTF2_EXPL_2TL@4
 3248     0.00      429.348        0.009        0.010           1813        0.01        0.01    LAMAXWIND@20
 3249     0.00      429.348        0.009        0.010           1813        0.01        0.01    ACVEG@8
 3250     0.00      429.348        0.009        0.010           1813        0.01        0.01    CUDLFSN@2
 3251     0.00      429.348        0.009        0.174           1776        0.01        0.10    GPHPRE_EXPL@29
 3252     0.00      429.348        0.009        0.010           1813        0.01        0.01    LAMAXWIND@9
 3253     0.00      429.348        0.009        0.010           1813        0.01        0.01    GPTF2_EXPL_2TL@3
 3254     0.00      429.348        0.009        0.174           1776        0.01        0.10    GPHPRE_EXPL@28
 3255     0.00      429.348        0.009        0.010           1813        0.01        0.01    GPTF2_EXPL_2TL@16
 3256     0.00      429.348        0.009        0.010           1813        0.01        0.01    GPTF2_EXPL_2TL@12
 3257     0.00      429.348        0.009        0.010           1813        0.01        0.01    GPTF2_EXPL_2TL@2
 3258     0.00      429.348        0.009        0.010           1813        0.01        0.01    LAMAXWIND@21
 3259     0.00      429.357        0.009        0.009             37        0.25        0.25    SCAN2M_INIT_T1@1
 3260     0.00      429.357        0.009        0.010           1813        0.01        0.01    ACVEG@7
 3261     0.00      429.357        0.009        0.010           1813        0.01        0.01    LAMAXWIND@17
 3262     0.00      429.357        0.009        0.010           1813        0.01        0.01    CPTENDS@14
 3263     0.00      429.357        0.009        0.010           1813        0.01        0.01    GPTF2_EXPL_2TL@1
 3264     0.00      429.357        0.009        0.010           1813        0.01        0.01    GPTF2_EXPL_2TL@15
 3265     0.00      429.357        0.009        0.174           1776        0.01        0.10    GPHPRE_EXPL@30
 3266     0.00      429.357        0.009        0.010           1813        0.01        0.01    ACVEG@13
 3267     0.00      429.357        0.009        0.010           1813        0.01        0.01    ACVEG@6
 3268     0.00      429.357        0.009        0.010           1813        0.01        0.01    LAMAXWIND@15
 3269     0.00      429.357        0.009        0.010           1813        0.01        0.01    LAMAXWIND@18
 3270     0.00      429.357        0.009        0.010           1813        0.01        0.01    LAMAXWIND@16
 3271     0.00      429.357        0.009        0.010           1813        0.01        0.01    LAMAXWIND@19
 3272     0.00      429.357        0.009        0.010           1813        0.01        0.01    LAMAXWIND@22
 3273     0.00      429.357        0.009        0.010           1813        0.01        0.01    LAMAXWIND@23
 3274     0.00      429.357        0.009        0.010           1813        0.01        0.01    CPTENDS@9
 3275     0.00      429.357        0.009        0.010           1813        0.01        0.01    LAMAXWIND@14
 3276     0.00      429.357        0.009        0.010           1776        0.01        0.01    LAMAXWIND@25
 3277     0.00      429.357        0.009        0.010           1813        0.00        0.01    LAMAXWIND@13
 3278     0.00      429.366        0.009      370.554             37        0.24    10014.98    SCAN2M@1
 3279     0.00      429.366        0.009        0.010           1813        0.00        0.01    ACVEG@2
 3280     0.00      429.366        0.009        0.010           1813        0.00        0.01    CPTENDS@10
 3281     0.00      429.366        0.009        0.010           1813        0.00        0.01    CPTENDS@8
 3282     0.00      429.366        0.009        0.010           1813        0.00        0.01    LAMAXWIND@24
 3283     0.00      429.366        0.009        0.010           1813        0.00        0.01    ACVEG@5
 3284     0.00      429.366        0.009        0.010           1813        0.00        0.01    ACVEG@9
 3285     0.00      429.375        0.009      408.057             37        0.24    11028.57    GP_MODEL_DRV@1
 3286     0.00      429.375        0.009        0.010           1813        0.00        0.01    CPTENDS@7
 3287     0.00      429.375        0.009        0.010           1813        0.00        0.01    LAMAXWIND@8
 3288     0.00      429.375        0.009        0.010           1776        0.00        0.01    LAMAXWIND@28
 3289     0.00      429.375        0.009        0.010           1813        0.00        0.01    CPTENDS@5
 3290     0.00      429.375        0.009        0.010           1813        0.00        0.01    LAMAXWIND@7
 3291     0.00      429.375        0.009        0.009           1776        0.00        0.01    LAMAXWIND@29
 3292     0.00      429.384        0.009        0.024             37        0.24        0.64    APL_ARPEGE_HYDRO_BUDGET_PARALLEL:ACDROV:COMPUTE@1
 3293     0.00      429.384        0.009        0.009           1813        0.00        0.01    CPTENDS@3
 3294     0.00      429.384        0.009        0.009           1776        0.00        0.01    LAMAXWIND@26
 3295     0.00      429.384        0.009        0.009           1813        0.00        0.01    CPTENDS@6
 3296     0.00      429.384        0.009        0.009           1813        0.00        0.01    LAMAXWIND@6
 3297     0.00      429.384        0.009        0.009           1776        0.00        0.01    LAMAXWIND@27
 3298     0.00      429.384        0.009        0.009           1813        0.00        0.01    LAMAXWIND@5
 3299     0.00      429.384        0.009        0.009           1813        0.00        0.01    CPTENDS@2
 3300     0.00      429.384        0.009        0.009           1776        0.00        0.01    LAMAXWIND@30
 3301     0.00      429.384        0.009        0.009           1813        0.00        0.01    ACVEG@3
 3302     0.00      429.384        0.008        0.009           1776        0.00        0.01    LAMAXWIND@32
 3303     0.00      429.384        0.008        0.009           1776        0.00        0.01    LAMAXWIND@31
 3304     0.00      429.384        0.008        0.009           1813        0.00        0.00    LAMAXWIND@1
 3305     0.00      429.384        0.008        0.009           1813        0.00        0.01    ACVEG@4
 3306     0.00      429.384        0.008        0.009           1776        0.00        0.01    GPTF2_EXPL_2TL@28
 3307     0.00      429.392        0.008        0.008             36        0.23        0.23    CPCFU_PARALLEL:3:COMPUTE@1
 3308     0.00      429.392        0.008        0.009           1776        0.00        0.01    GPTF2_EXPL_2TL@25
 3309     0.00      429.392        0.008        0.009           1776        0.00        0.01    GPTF2_EXPL_2TL@27
 3310     0.00      429.392        0.008        0.009           1813        0.00        0.01    GPTF2_EXPL_2TL@20
 3311     0.00      429.392        0.008        0.009           1813        0.00        0.01    GPTF2_EXPL_2TL@18
 3312     0.00      429.392        0.008        0.009           1813        0.00        0.00    LAMAXWIND@2
 3313     0.00      429.392        0.008        0.009           1813        0.00        0.00    GPTF2_EXPL_2TL@19
 3314     0.00      429.392        0.008        0.009           1813        0.00        0.01    GPTF2_EXPL_2TL@23
 3315     0.00      429.392        0.008        0.009           1813        0.00        0.00    CPTENDS@4
 3316     0.00      429.392        0.008        0.009           1813        0.00        0.00    GPTF2_EXPL_2TL@21
 3317     0.00      429.392        0.008        0.009           1776        0.00        0.01    GPTF2_EXPL_2TL@26
 3318     0.00      429.392        0.008        0.009           1776        0.00        0.00    GPTF2_EXPL_2TL@30
 3319     0.00      429.392        0.008        0.009           1813        0.00        0.00    GPTF2_EXPL_2TL@17
 3320     0.00      429.392        0.008        0.009           1813        0.00        0.00    LAMAXWIND@3
 3321     0.00      429.400        0.008        0.008              1        8.06        8.07    SUGEM2_YRGSGEOM@1
 3322     0.00      429.400        0.008        0.009           1813        0.00        0.00    GPTF2_EXPL_2TL@24
 3323     0.00      429.408        0.008        0.069             37        0.21        1.86    CPG_GP_PARALLEL:GPINISLB_PART3_EXPL:COMPUTE@1
 3324     0.00      429.408        0.008        0.009           1776        0.00        0.00    GPTF2_EXPL_2TL@32
 3325     0.00      429.408        0.008        0.182           1813        0.00        0.10    SITNU_GP@2
 3326     0.00      429.416        0.008       48.322             37        0.21     1306.00    CALL_SL@1
 3327     0.00      429.416        0.008        0.170           1813        0.00        0.09    SITNU_GP@1
 3328     0.00      429.424        0.008        0.009           1813        0.00        0.00   *ACNPART_CONV_BASE_TOP@18
 3329     0.00      429.424        0.008        0.008           1813        0.00        0.00    LAMAXWIND@4
 3330     0.00      429.432        0.008        0.008             37        0.21        0.21    SCAN2M:WIPE@1
 3331     0.00      429.440        0.008        0.008             36        0.22        0.22    CPG_END_SFC_PARALLEL:SET0TO1:COMPUTE@1
 3332     0.00      429.447        0.008        0.008           1776        0.00        0.00   *CPWTS@28
 3333     0.00      429.447        0.008        0.008           1813        0.00        0.00    CPWTS@22
 3334     0.00      429.455        0.008        0.010           9360        0.00        0.00    SURFACE_FIELDS_MIX:GPOPER_2@1
 3335     0.00      429.455        0.008        0.008           1813        0.00        0.00    CPWTS@21
 3336     0.00      429.455        0.008        0.008           1776        0.00        0.00    ACNPART_CONV_BASE_TOP@30
 3337     0.00      429.463        0.008        0.008              1        7.73        7.73    INI_TIWMX@1
 3338     0.00      429.463        0.008        0.008           1813        0.00        0.00    CPWTS@17
 3339     0.00      429.463        0.008        0.008           1813        0.00        0.00    CPWTS@23
 3340     0.00      429.470        0.008        0.133             37        0.21        3.59    LAPINEB_PARALLEL:ROTUV:COMPUTE@1
 3341     0.00      429.470        0.008        0.008           1813        0.00        0.00    CPWTS@24
 3342     0.00      429.470        0.008        0.008           1813        0.00        0.00    CPWTS@14
 3343     0.00      429.470        0.008        0.008           1776        0.00        0.00    CPWTS@29
 3344     0.00      429.470        0.008        0.008           1813        0.00        0.00    CPWTS@18
 3345     0.00      429.470        0.008        0.008           1776        0.00        0.00    ACNPART_CONV_BASE_TOP@32
 3346     0.00      429.470        0.008        0.008           1813        0.00        0.00    CPWTS@20
 3347     0.00      429.470        0.008        0.008           1776        0.00        0.00    GPTF2_EXPL_2TL@31
 3348     0.00      429.470        0.008        0.008           1813        0.00        0.00    CPWTS@19
 3349     0.00      429.470        0.008        0.008           1776        0.00        0.00    CPWTS@25
 3350     0.00      429.470        0.008        0.008           1776        0.00        0.00    CPWTS@32
 3351     0.00      429.470        0.008        0.008           1813        0.00        0.00    CPWTS@12
 3352     0.00      429.470        0.008        0.008           1813        0.00        0.00    CPWTS@15
 3353     0.00      429.470        0.008        0.008           1813        0.00        0.00    CPWTS@8
 3354     0.00      429.470        0.008        0.008           1813        0.00        0.00    ACNPART_CONV_BASE_TOP@19
 3355     0.00      429.470        0.008        0.008           1813        0.00        0.00    CPWTS@4
 3356     0.00      429.470        0.008        0.008           1776        0.00        0.00    CPWTS@26
 3357     0.00      429.470        0.008        0.008           1813        0.00        0.00    CPWTS@10
 3358     0.00      429.478        0.008        7.647             36        0.21      212.41    SPCMNEW@1
 3359     0.00      429.478        0.008        0.008           1776        0.00        0.00    CPWTS@31
 3360     0.00      429.478        0.008        0.008           1813        0.00        0.00    CPWTS@9
 3361     0.00      429.486        0.008        0.008             37        0.20        0.20    CPG_DIA_FLU_PARALLEL:1:COMPUTE@1
 3362     0.00      429.486        0.008        0.008           1776        0.00        0.00    CPWTS@30
 3363     0.00      429.486        0.008        0.008           1776        0.00        0.00    CPWTS@27
 3364     0.00      429.486        0.008        0.008           1813        0.00        0.00    CPWTS@16
 3365     0.00      429.486        0.008        0.008           1813        0.00        0.00    CPWTS@13
 3366     0.00      429.486        0.008        0.008           1813        0.00        0.00    CPWTS@5
 3367     0.00      429.486        0.007        0.008           1813        0.00        0.00    CPWTS@11
 3368     0.00      429.486        0.007        0.008           1813        0.00        0.00    CPWTS@2
 3369     0.00      429.486        0.007        0.008           1813        0.00        0.00    CPWTS@6
 3370     0.00      429.486        0.007        0.008           1813        0.00        0.00    CPWTS@3
 3371     0.00      429.486        0.007        0.008           1813        0.00        0.00    CPWTS@7
 3372     0.00      429.486        0.007        0.008           1813        0.00        0.00    CPTENDS@1
 3373     0.00      429.493        0.007        0.033           1813        0.00        0.02   *ACNPART@23
 3374     0.00      429.493        0.007        0.008           1813        0.00        0.00    ACNPART_CONV_BASE_TOP@23
 3375     0.00      429.493        0.007        0.034           1813        0.00        0.02    ACNPART@18
 3376     0.00      429.493        0.007        0.008           1813        0.00        0.00    ACVEG@1
 3377     0.00      429.500        0.007        0.007              1        7.38        7.40    SUECOZC@1
 3378     0.00      429.500        0.007        0.008           1813        0.00        0.00    ACNPART_CONV_BASE_TOP@17
 3379     0.00      429.500        0.007        0.008           1776        0.00        0.00    ACNPART_CONV_BASE_TOP@31
 3380     0.00      429.500        0.007        0.008           1813        0.00        0.00    ACNPART_CONV_BASE_TOP@22
 3381     0.00      429.508        0.007        0.297             31        0.24        9.57    FARCIS_MT@1
 3382     0.00      429.508        0.007        0.033           1813        0.00        0.02    ACNPART@22
 3383     0.00      429.508        0.007        0.033           1813        0.00        0.02    ACNPART@21
 3384     0.00      429.508        0.007        0.032           1813        0.00        0.02    ACNPART@24
 3385     0.00      429.508        0.007        0.033           1776        0.00        0.02    ACNPART@27
 3386     0.00      429.508        0.007        0.008           1776        0.00        0.00    ACNPART_CONV_BASE_TOP@27
 3387     0.00      429.508        0.007        0.008           1813        0.00        0.00    ACNPART_CONV_BASE_TOP@21
 3388     0.00      429.508        0.007        0.008           1813        0.00        0.00    CPWTS@1
 3389     0.00      429.508        0.007        0.033           1813        0.00        0.02    ACNPART@17
 3390     0.00      429.508        0.007        0.008           1776        0.00        0.00    ACNPART_CONV_BASE_TOP@29
 3391     0.00      429.508        0.007        0.032           1776        0.00        0.02    ACNPART@26
 3392     0.00      429.508        0.007        0.033           1813        0.00        0.02    ACNPART@19
 3393     0.00      429.508        0.007        0.032           1776        0.00        0.02    ACNPART@30
 3394     0.00      429.508        0.007        0.008           1776        0.00        0.00    ACNPART_CONV_BASE_TOP@26
 3395     0.00      429.508        0.007        0.008           1813        0.00        0.00    ACNPART_CONV_BASE_TOP@16
 3396     0.00      429.508        0.007        0.032           1813        0.00        0.02    ACNPART@20
 3397     0.00      429.508        0.007        0.008           1813        0.00        0.00    ACNPART_CONV_BASE_TOP@15
 3398     0.00      429.508        0.007        0.008           1813        0.00        0.00    ACNPART_CONV_BASE_TOP@6
 3399     0.00      429.515        0.007        0.033           1560        0.00        0.02    SURFACE_FIELDS_MIX:GPOPER@1
 3400     0.00      429.515        0.007        0.008           1813        0.00        0.00    ACNPART_CONV_BASE_TOP@24
 3401     0.00      429.515        0.007        0.008           1813        0.00        0.00    ACNPART_CONV_BASE_TOP@10
 3402     0.00      429.515        0.007        0.008           1776        0.00        0.00    ACNPART_CONV_BASE_TOP@28
 3403     0.00      429.522        0.007        0.029             37        0.19        0.78    CPXFU_PARALLEL:4:COMPUTE@1
 3404     0.00      429.522        0.007        0.031           1776        0.00        0.02    ACNPART@29
 3405     0.00      429.522        0.007        0.008           1813        0.00        0.00    ACNPART_CONV_BASE_TOP@5
 3406     0.00      429.522        0.007        0.007           1813        0.00        0.00    ACNPART_CONV_BASE_TOP@14
 3407     0.00      429.522        0.007        0.008           1813        0.00        0.00    ACNPART_CONV_BASE_TOP@11
 3408     0.00      429.522        0.007        0.007           1813        0.00        0.00    ACNPART_CONV_BASE_TOP@9
 3409     0.00      429.522        0.007        0.007           1813        0.00        0.00    ACNPART_CONV_BASE_TOP@3
 3410     0.00      429.522        0.007        0.007           1813        0.00        0.00    ACNPART_CONV_BASE_TOP@13
 3411     0.00      429.522        0.007        0.007           1813        0.00        0.00    ACNPART_CONV_BASE_TOP@20
 3412     0.00      429.522        0.007        0.008           1776        0.00        0.00    ACNPART_CONV_BASE_TOP@25
 3413     0.00      429.522        0.007        0.032           1776        0.00        0.02    ACNPART@25
 3414     0.00      429.522        0.007        0.007           1813        0.00        0.00    ACNPART_CONV_BASE_TOP@4
 3415     0.00      429.522        0.007        0.007           1813        0.00        0.00    ACNPART_CONV_BASE_TOP@12
 3416     0.00      429.522        0.007        0.032           1776        0.00        0.02    ACNPART@28
 3417     0.00      429.522        0.007        0.007           1813        0.00        0.00    ACNPART_CONV_BASE_TOP@2
 3418     0.00      429.522        0.007        0.007           1813        0.00        0.00    ACNPART_CONV_BASE_TOP@7
 3419     0.00      429.522        0.007        0.007           1813        0.00        0.00    ACNPART_CONV_BASE_TOP@8
 3420     0.00      429.528        0.007        0.007           1813        0.00        0.00   *ACEVADCAPE@4
 3421     0.00      429.528        0.007        0.007           1813        0.00        0.00    ACEVADCAPE@1
 3422     0.00      429.528        0.007        0.007           1813        0.00        0.00    ACNPART_CONV_BASE_TOP@1
 3423     0.00      429.528        0.007        0.007           1813        0.00        0.00    ACEVADCAPE@2
 3424     0.00      429.528        0.007        0.007           1813        0.00        0.00    ACEVADCAPE@3
 3425     0.00      429.528        0.007        0.007           1813        0.00        0.00    ACEVADCAPE@5
 3426     0.00      429.535        0.007        0.182             37        0.18        4.92    LAPINEB_PARALLEL:LACONE:COMPUTE@1
 3427     0.00      429.541        0.007        0.037             37        0.18        0.99    APL_WIND_GUST_PARALLEL:ACCLDIA:COMPUTE@1
 3428     0.00      429.541        0.007        0.007           1813        0.00        0.00    ACEVADCAPE@8
 3429     0.00      429.541        0.007        0.007           1813        0.00        0.00    ACEVADCAPE@9
 3430     0.00      429.541        0.007        0.007           1813        0.00        0.00    ACEVADCAPE@10
 3431     0.00      429.541        0.007        0.007           1813        0.00        0.00    ACEVADCAPE@11
 3432     0.00      429.541        0.007        0.007           1813        0.00        0.00    ACEVADCAPE@14
 3433     0.00      429.541        0.007        0.007           1813        0.00        0.00    ACEVADCAPE@15
 3434     0.00      429.548        0.007        0.007             37        0.18        0.18    CPXFU_PARALLEL:3:COMPUTE@1
 3435     0.00      429.548        0.007        0.007           1813        0.00        0.00    ACEVADCAPE@13
 3436     0.00      429.555        0.007        0.161            148        0.04        1.09    GPRCP_EXPL_PARALLEL:0@1
 3437     0.00      429.555        0.007        0.032           1813        0.00        0.02    ACNPART@6
 3438     0.00      429.555        0.006        0.032           1813        0.00        0.02    ACNPART@5
 3439     0.00      429.555        0.006        0.007           1813        0.00        0.00    ACEVADCAPE@12
 3440     0.00      429.555        0.006        0.007           1813        0.00        0.00    ACEVADCAPE@6
 3441     0.00      429.555        0.006        0.032           1813        0.00        0.02    ACNPART@16
 3442     0.00      429.555        0.006        0.032           1813        0.00        0.02    ACNPART@12
 3443     0.00      429.555        0.006        0.007           1813        0.00        0.00    ACEVADCAPE@16
 3444     0.00      429.555        0.006        0.032           1813        0.00        0.02    ACNPART@10
 3445     0.00      429.555        0.006        0.031           1813        0.00        0.02    ACNPART@7
 3446     0.00      429.555        0.006        0.032           1813        0.00        0.02    ACNPART@8
 3447     0.00      429.555        0.006        0.032           1813        0.00        0.02    ACNPART@15
 3448     0.00      429.555        0.006        0.007           1813        0.00        0.00    ACEVADCAPE@7
 3449     0.00      429.555        0.006        0.032           1813        0.00        0.02    ACNPART@11
 3450     0.00      429.555        0.006        0.032           1813        0.00        0.02    ACNPART@14
 3451     0.00      429.561        0.006        0.040             37        0.17        1.09    LAPINEB_PARALLEL:ZVWEI@1
 3452     0.00      429.561        0.006        0.032           1813        0.00        0.02    ACNPART@9
 3453     0.00      429.561        0.006        0.032           1813        0.00        0.02    ACNPART@13
 3454     0.00      429.561        0.006        0.031           1776        0.00        0.02    ACNPART@31
 3455     0.00      429.567        0.006        0.311            555        0.01        0.56    GPRCP_EXPL_PARALLEL:1@1
 3456     0.00      429.567        0.006        0.031           1776        0.00        0.02    ACNPART@32
 3457     0.00      429.567        0.006        0.031           1813        0.00        0.02    ACNPART@4
 3458     0.00      429.573        0.006        0.339             74        0.08        4.58    LAPINEB_PARALLEL:ROTUVGEO@1
 3459     0.00      429.579        0.006        0.006              1        5.95        5.96    SLRSET@1
 3460     0.00      429.579        0.006        0.031           1813        0.00        0.02    ACNPART@3
 3461     0.00      429.579        0.006        0.031           1813        0.00        0.02    ACNPART@2
 3462     0.00      429.579        0.006        0.029           1813        0.00        0.02    ACNPART@1
 3463     0.00      429.584        0.005        0.398            324        0.02        1.23    SCAN2M_TS_PARALLEL:0@1
 3464     0.00      429.584        0.005        0.006           1813        0.00        0.00    GPTF2_EXPL_2TL@22
 3465     0.00      429.589        0.005        0.006           1813        0.00        0.00   *ACNTCLS@13
 3466     0.00      429.594        0.005        0.681              1        5.03      681.35    RDFA2SP@1
 3467     0.00      429.594        0.005        0.006           1776        0.00        0.00    GPTF2_EXPL_2TL@29
 3468     0.00      429.599        0.005        0.068              7        0.72        9.66    APL_ARPEGE_AEROSOLS_FOR_RADIATION_PARALLEL:RADAER:COMPUTE@1
 3469     0.00      429.599        0.005        0.006           1813        0.00        0.00    ACNTCLS@14
 3470     0.00      429.604        0.005        0.005             36        0.14        0.14    APL_ARPEGE_RADIATION_PARALLEL:SUNSHINE:COMPUTE@1
 3471     0.00      429.609        0.005        0.015              1        4.98       14.84    SUGEM2@1
 3472     0.00      429.614        0.005        0.008          12600        0.00        0.00    FIELD_GFL_WRAPPER:GFL_MAP@1
 3473     0.00      429.614        0.005        0.006           1813        0.00        0.00    ACNTCLS@15
 3474     0.00      429.619        0.005        0.005             37        0.13        0.13    CPG_PARALLEL:LSMTSOL:COMPUTE@1
 3475     0.00      429.619        0.005        0.006           1813        0.00        0.00    ACNTCLS@5
 3476     0.00      429.619        0.005        0.006           1813        0.00        0.00    ACNTCLS@11
 3477     0.00      429.619        0.005        0.006           1813        0.00        0.00    ACNTCLS@17
 3478     0.00      429.619        0.005        0.006           1813        0.00        0.00    ACNTCLS@7
 3479     0.00      429.619        0.005        0.006           1813        0.00        0.00    ACNTCLS@12
 3480     0.00      429.619        0.005        0.006           1813        0.00        0.00    ACNTCLS@9
 3481     0.00      429.619        0.005        0.006           1813        0.00        0.00    ACNTCLS@8
 3482     0.00      429.619        0.005        0.005           1813        0.00        0.00    ACNTCLS@1
 3483     0.00      429.619        0.005        0.005           1813        0.00        0.00    ACNTCLS@21
 3484     0.00      429.624        0.005        0.005             37        0.13        0.13    APL_ARPEGE_INIT_PARALLEL:0:COMPUTE@1
 3485     0.00      429.624        0.005        0.005           1813        0.00        0.00    ACNTCLS@6
 3486     0.00      429.624        0.005        0.005           1813        0.00        0.00    ACNTCLS@10
 3487     0.00      429.629        0.005        0.005             42        0.11        0.11    UNPAGB@1
 3488     0.00      429.629        0.005        0.005           1813        0.00        0.00    ACNTCLS@16
 3489     0.00      429.629        0.005        0.005           1813        0.00        0.00    ACNTCLS@24
 3490     0.00      429.629        0.005        0.005           1813        0.00        0.00    ACNTCLS@3
 3491     0.00      429.629        0.005        0.005           1813        0.00        0.00    ACNTCLS@23
 3492     0.00      429.629        0.005        0.005           1776        0.00        0.00    ACNTCLS@25
 3493     0.00      429.634        0.005        0.005            222        0.02        0.02    LAVABO_EXPL_LAITVSPCQM_PART1_PARALLEL:0:COMPUTE@1
 3494     0.00      429.634        0.005        0.005           1813        0.00        0.00    ACNTCLS@2
 3495     0.00      429.634        0.005        0.005           1813        0.00        0.00    ACNTCLS@4
 3496     0.00      429.634        0.005        0.005           1813        0.00        0.00    ACNTCLS@22
 3497     0.00      429.634        0.005        0.005           1813        0.00        0.00    ACNTCLS@19
 3498     0.00      429.638        0.005        0.005             37        0.12        0.12    CPG_GP_PARALLEL:SETZERO:COMPUTE@1
 3499     0.00      429.643        0.005        0.005             37        0.12        0.12    CPXFU_PARALLEL:0:COMPUTE@1
 3500     0.00      429.647        0.005        0.014             37        0.12        0.39    CPG_GP_PARALLEL:GPTF2_EXPL_2TL:COMPUTE@1
 3501     0.00      429.647        0.005        0.005           1776        0.00        0.00    ACNTCLS@29
 3502     0.00      429.647        0.005        0.005           1813        0.00        0.00    ACNTCLS@20
 3503     0.00      429.652        0.005        0.005             37        0.12        0.12    APL_ARPEGE_PARALLEL:ZDPHIV:COMPUTE@1
 3504     0.00      429.652        0.005        0.005           1776        0.00        0.00    ACNTCLS@32
 3505     0.00      429.652        0.005        0.005           1776        0.00        0.00    ACNTCLS@26
 3506     0.00      429.652        0.004        0.005           1776        0.00        0.00    ACNTCLS@30
 3507     0.00      429.652        0.004        0.005           1776        0.00        0.00    ACNTCLS@28
 3508     0.00      429.656        0.004        0.013              3        1.49        4.32    FIELD_GFL_WRAPPER:GFL_FID_SETUP@1
 3509     0.00      429.656        0.004        0.005           1776        0.00        0.00    ACNTCLS@31
 3510     0.00      429.656        0.004        0.005           1776        0.00        0.00    ACNTCLS@27
 3511     0.00      429.661        0.004        0.058             37        0.12        1.57    APL_ARPEGE_PARALLEL:ACEVADCAPE:COMPUTE@1
 3512     0.00      429.661        0.004        0.005           1813        0.00        0.00    ACNTCLS@18
 3513     0.00      429.665        0.004        0.008             37        0.12        0.22    CPG_GP_PARALLEL:GP_SPV:COMPUTE@1
 3514     0.00      429.670        0.004        0.008            222        0.02        0.04    LARCINB_PARALLEL:RRINTOPT@1
 3515     0.00      429.674        0.004        0.004              1        4.41        4.41    SPECTRAL_FIELDS_MOD:DEALLOCATE_SPEC@1
 3516     0.00      429.678        0.004        0.850             37        0.12       22.97    CPG_DIA_FLU_PARALLEL@1
 3517     0.00      429.683        0.004        0.004             37        0.12        0.12    CPG_DIA_FLU_PARALLEL:3:COMPUTE@1
 3518     0.00      429.687        0.004        0.004             37        0.12        0.12    CPG_GP_PARALLEL:MAP_FACTOR:COMPUTE@1
 3519     0.00      429.691        0.004        0.004             11        0.37        0.37    GRIB_API:IGRIB_SET_INT@1
 3520     0.00      429.695        0.004        0.004              1        4.05        4.05    ALLOCATE_EMPTY_TRAJECTORY@1
 3521     0.00      429.699        0.004        0.015             37        0.11        0.42    APL_ARPEGE_PARALLEL:PPWETPOINT:COMPUTE@1
 3522     0.00      429.703        0.004        0.004             37        0.11        0.11    APL_ARPEGE_INIT_PARALLEL:6:COMPUTE@1
 3523     0.00      429.703        0.004        0.005           1813        0.00        0.00    ACEVADCAPE@24
 3524     0.00      429.703        0.004        0.005           1813        0.00        0.00    ACEVADCAPE@22
 3525     0.00      429.703        0.004        0.005           1776        0.00        0.00    ACEVADCAPE@27
 3526     0.00      429.703        0.004        0.005           1776        0.00        0.00    ACEVADCAPE@25
 3527     0.00      429.703        0.004        0.005           1813        0.00        0.00    ACEVADCAPE@23
 3528     0.00      429.703        0.004        0.005           1813        0.00        0.00    ACEVADCAPE@20
 3529     0.00      429.707        0.004        0.027              1        3.88       26.56    IFS_INIT@1
 3530     0.00      429.711        0.004        0.005           1813        0.00        0.00   *MF_PHYS_PRECIPS@17
 3531     0.00      429.711        0.004        0.005           1813        0.00        0.00    ACEVADCAPE@21
 3532     0.00      429.711        0.004        0.004           1813        0.00        0.00    ACEVADCAPE@18
 3533     0.00      429.711        0.004        0.005           1813        0.00        0.00    MF_PHYS_PRECIPS@20
 3534     0.00      429.711        0.004        0.004           1813        0.00        0.00    ACEVADCAPE@19
 3535     0.00      429.711        0.004        0.004           1813        0.00        0.00    MF_PHYS_PRECIPS@21
 3536     0.00      429.715        0.004        0.402             36        0.11       11.17    SCAN2M_TS_DRV@1
 3537     0.00      429.715        0.004        0.004           1776        0.00        0.00    ACEVADCAPE@31
 3538     0.00      429.715        0.004        0.004           1813        0.00        0.00    MF_PHYS_PRECIPS@19
 3539     0.00      429.715        0.004        0.005           1813        0.00        0.00    MF_PHYS_PRECIPS@18
 3540     0.00      429.715        0.004        0.004           1776        0.00        0.00    ACEVADCAPE@32
 3541     0.00      429.715        0.004        0.004           1813        0.00        0.00    ACEVADCAPE@17
 3542     0.00      429.715        0.004        0.004           1776        0.00        0.00    ACEVADCAPE@29
 3543     0.00      429.715        0.004        0.004           1776        0.00        0.00    ACEVADCAPE@30
 3544     0.00      429.715        0.004        0.004           1776        0.00        0.00    ACEVADCAPE@26
 3545     0.00      429.718        0.004        0.540             37        0.10       14.59    CPGLAG_DRV@1
 3546     0.00      429.722        0.004        0.415             37        0.10       11.22    CPG_GP_HYD_PARALLEL:0@1
 3547     0.00      429.722        0.004        0.004           1776        0.00        0.00    ACEVADCAPE@28
 3548     0.00      429.722        0.004        0.004           1776        0.00        0.00    MF_PHYS_PRECIPS@27
 3549     0.00      429.726        0.004        0.004             49        0.07        0.08   *GPRCP_PGFL@13
 3550     0.00      429.726        0.004        0.004           1776        0.00        0.00    MF_PHYS_PRECIPS@28
 3551     0.00      429.726        0.004        0.004             49        0.07        0.07    GPRCP_PGFL@16
 3552     0.00      429.726        0.004        0.004             49        0.07        0.07    GPRCP_PGFL@15
 3553     0.00      429.726        0.004        0.004           1776        0.00        0.00    MF_PHYS_PRECIPS@30
 3554     0.00      429.726        0.004        0.004           1776        0.00        0.00    MF_PHYS_PRECIPS@32
 3555     0.00      429.726        0.004        0.004             48        0.08        0.08    GPRCP_PGFL@32
 3556     0.00      429.726        0.004        0.004             49        0.07        0.07    GPRCP_PGFL@11
 3557     0.00      429.726        0.004        0.004             49        0.07        0.07    GPRCP_PGFL@12
 3558     0.00      429.726        0.004        0.004             48        0.08        0.08    GPRCP_PGFL@29
 3559     0.00      429.726        0.004        0.004           1813        0.00        0.00    MF_PHYS_PRECIPS@22
 3560     0.00      429.726        0.004        0.004           1776        0.00        0.00    MF_PHYS_PRECIPS@29
 3561     0.00      429.726        0.004        0.004             49        0.07        0.08    GPRCP_PGFL@23
 3562     0.00      429.726        0.004        0.004             49        0.07        0.07    GPRCP_PGFL@10
 3563     0.00      429.726        0.004        0.004             49        0.07        0.07    GPRCP_PGFL@14
 3564     0.00      429.726        0.004        0.004             48        0.07        0.08    GPRCP_PGFL@31
 3565     0.00      429.726        0.004        0.004           1776        0.00        0.00    MF_PHYS_PRECIPS@31
 3566     0.00      429.726        0.004        0.004           1776        0.00        0.00    MF_PHYS_PRECIPS@26
 3567     0.00      429.729        0.004        3.167             37        0.10       85.58    LAPINEA_DRV@1
 3568     0.00      429.729        0.004        0.004             49        0.07        0.07    GPRCP_PGFL@9
 3569     0.00      429.729        0.004        0.004             49        0.07        0.08    GPRCP_PGFL@22
 3570     0.00      429.733        0.003        0.006              1        3.49        6.29    SUARG@1
 3571     0.00      429.733        0.003        0.004             49        0.07        0.07    GPRCP_PGFL@7
 3572     0.00      429.733        0.003        0.004             48        0.07        0.07    GPRCP_PGFL@26
 3573     0.00      429.733        0.003        0.003             49        0.07        0.07    GPRCP_PGFL@6
 3574     0.00      429.736        0.003        0.240            222        0.02        1.08    LATTEX_EXPL_2TL_PARALLEL:3@1
 3575     0.00      429.736        0.003        0.003             49        0.07        0.07    GPRCP_PGFL@5
 3576     0.00      429.740        0.003        0.004           1813        0.00        0.00   *GP_SPV@6
 3577     0.00      429.740        0.003        0.004           1813        0.00        0.00    GP_SPV@5
 3578     0.00      429.740        0.003        0.004             48        0.07        0.07    GPRCP_PGFL@28
 3579     0.00      429.740        0.003        0.004             48        0.07        0.08    GPRCP_PGFL@25
 3580     0.00      429.740        0.003        0.004             49        0.07        0.07    GPRCP_PGFL@18
 3581     0.00      429.743        0.003        0.003             37        0.09        0.09    APL_ARPEGE_PARALLEL:FRSOPT:COMPUTE@1
 3582     0.00      429.743        0.003        0.004           1813        0.00        0.00    GP_SPV@12
 3583     0.00      429.743        0.003        0.004           1813        0.00        0.00    GP_SPV@11
 3584     0.00      429.743        0.003        0.004           1813        0.00        0.00    GP_SPV@9
 3585     0.00      429.743        0.003        0.004             49        0.07        0.07    GPRCP_PGFL@24
 3586     0.00      429.743        0.003        0.004             48        0.07        0.07    GPRCP_PGFL@30
 3587     0.00      429.743        0.003        0.003             49        0.07        0.07    GPRCP_PGFL@8
 3588     0.00      429.747        0.003        0.006             37        0.09        0.17    APL_ARPEGE_PARALLEL:PRECIPS:COMPUTE@1
 3589     0.00      429.747        0.003        0.004             49        0.07        0.07    GPRCP_PGFL@21
 3590     0.00      429.747        0.003        0.004             49        0.07        0.07    GPRCP_PGFL@20
 3591     0.00      429.747        0.003        0.004             48        0.07        0.07    GPRCP_PGFL@27
 3592     0.00      429.747        0.003        0.004           1813        0.00        0.00    GP_SPV@16
 3593     0.00      429.750        0.003        0.009            222        0.01        0.04    LAVABO_EXPL_LAITVSPCQM_PART1_PARALLEL:0@1
 3594     0.00      429.750        0.003        0.004           1813        0.00        0.00    GP_SPV@8
 3595     0.00      429.750        0.003        0.004             49        0.07        0.07    GPRCP_PGFL@17
 3596     0.00      429.753        0.003        0.325            333        0.01        0.98    CPUTQY0_PARALLEL:PVAR@1
 3597     0.00      429.756        0.003        7.859             37        0.09      212.41    LATTEX_PARALLEL:MAIN@1
 3598     0.00      429.756        0.003        0.004           1813        0.00        0.00    MF_PHYS_PRECIPS@23
 3599     0.00      429.756        0.003        0.004           1813        0.00        0.00    GP_SPV@14
 3600     0.00      429.756        0.003        0.004           1813        0.00        0.00    GP_SPV@10
 3601     0.00      429.760        0.003        0.003             37        0.09        0.09    APL_ARPEGE_PARALLEL:PLSM:COMPUTE@1
 3602     0.00      429.760        0.003        0.004           1813        0.00        0.00    MF_PHYS_PRECIPS@24
 3603     0.00      429.760        0.003        0.004           1776        0.00        0.00    MF_PHYS_PRECIPS@25
 3604     0.00      429.760        0.003        0.004           1813        0.00        0.00    GP_SPV@7
 3605     0.00      429.760        0.003        0.003             49        0.07        0.07    GPRCP_PGFL@19
 3606     0.00      429.763        0.003        0.003             37        0.09        0.09    LAVABO_PARALLEL:2:COMPUTE@1
 3607     0.00      429.763        0.003        0.004           1813        0.00        0.00    GP_SPV@2
 3608     0.00      429.763        0.003        0.004           1813        0.00        0.00    GP_SPV@13
 3609     0.00      429.766        0.003       14.963            222        0.01       67.40    LARCINB_PARALLEL:LAITRE_GFL@1
 3610     0.00      429.769        0.003        0.003              1        3.11        3.11    MF_PHYS_SAVE_PHSURF_PART1_PARALLEL:PART1:COMPUTE@1
 3611     0.00      429.769        0.003        0.004           1813        0.00        0.00    GP_SPV@3
 3612     0.00      429.769        0.003        0.003             49        0.06        0.06    GPRCP_PGFL@4
 3613     0.00      429.772        0.003        0.005             37        0.08        0.13    LACDYN_PARALLEL:LASURE:COMPUTE@1
 3614     0.00      429.772        0.003        0.004           1813        0.00        0.00    GP_SPV@15
 3615     0.00      429.772        0.003        0.004           1813        0.00        0.00    GP_SPV@4
 3616     0.00      429.772        0.003        0.004           1813        0.00        0.00    MF_PHYS_PRECIPS@9
 3617     0.00      429.772        0.003        0.004           1813        0.00        0.00    GP_SPV@1
 3618     0.00      429.772        0.003        0.004           1813        0.00        0.00    MF_PHYS_PRECIPS@12
 3619     0.00      429.772        0.003        0.004           1813        0.00        0.00    MF_PHYS_PRECIPS@7
 3620     0.00      429.772        0.003        0.004           1813        0.00        0.00    MF_PHYS_PRECIPS@10
 3621     0.00      429.772        0.003        0.004           1813        0.00        0.00    MF_PHYS_PRECIPS@11
 3622     0.00      429.772        0.003        0.003             49        0.06        0.06    GPRCP_PGFL@1
 3623     0.00      429.772        0.003        0.003             49        0.06        0.06    GPRCP_PGFL@2
 3624     0.00      429.772        0.003        0.003             49        0.06        0.06    GPRCP_PGFL@3
 3625     0.00      429.772        0.003        0.004           1776        0.00        0.00    GP_SPV@25
 3626     0.00      429.775        0.003        0.009              1        2.82        8.78    SLCSET@1
 3627     0.00      429.778        0.003        0.007              3        0.94        2.24    FAITOU_MT@1
 3628     0.00      429.781        0.003        0.003            134        0.02        0.02    SUHES@1
 3629     0.00      429.783        0.003        1.183              1        2.79     1183.30    SUINIF@1
 3630     0.00      429.783        0.003        0.003           1813        0.00        0.00    MF_PHYS_PRECIPS@14
 3631     0.00      429.783        0.003        0.004           1813        0.00        0.00    GP_SPV@23
 3632     0.00      429.786        0.003        0.005              3        0.92        1.73    FIELD_DEFINITIONS:MAIN_FIELD_SET_METADATA@1
 3633     0.00      429.786        0.003        0.003           1813        0.00        0.00    MF_PHYS_PRECIPS@4
 3634     0.00      429.786        0.003        0.004           1776        0.00        0.00    GP_SPV@27
 3635     0.00      429.789        0.003        0.003             14        0.20        0.20    GRIB_API:IGRIB_GET_INT8@1
 3636     0.00      429.789        0.003        0.003           1813        0.00        0.00    MF_PHYS_PRECIPS@6
 3637     0.00      429.789        0.003        0.003           1813        0.00        0.00    MF_PHYS_PRECIPS@8
 3638     0.00      429.789        0.003        0.003           1813        0.00        0.00    MF_PHYS_PRECIPS@13
 3639     0.00      429.789        0.003        0.003           1813        0.00        0.00    MF_PHYS_PRECIPS@15
 3640     0.00      429.789        0.003        0.003           1813        0.00        0.00    MF_PHYS_PRECIPS@16
 3641     0.00      429.789        0.003        0.003           1813        0.00        0.00    GP_SPV@18
 3642     0.00      429.792        0.003        0.139            222        0.01        0.63    GPINISLB_PART2_EXPL_PARALLEL:0@1
 3643     0.00      429.792        0.003        0.003           1813        0.00        0.00    GP_SPV@21
 3644     0.00      429.792        0.003        0.003           1813        0.00        0.00    MF_PHYS_PRECIPS@3
 3645     0.00      429.792        0.003        0.003           1813        0.00        0.00    MF_PHYS_PRECIPS@2
 3646     0.00      429.792        0.003        0.003           1813        0.00        0.00    MF_PHYS_PRECIPS@5
 3647     0.00      429.792        0.003        0.003           1813        0.00        0.00    GP_SPV@17
 3648     0.00      429.794        0.003        0.003              1        2.62        2.62    radiation_pdf_sampler:setup_pdf_sampler_CPU@1
 3649     0.00      429.794        0.003        0.003           1776        0.00        0.00    GP_SPV@30
 3650     0.00      429.797        0.003        0.321            222        0.01        1.45    LAPINEB_PARALLEL:CVGQ@1
 3651     0.00      429.797        0.003        0.003           1813        0.00        0.00    GP_SPV@24
 3652     0.00      429.797        0.003        0.003           1813        0.00        0.00    GP_SPV@20
 3653     0.00      429.797        0.003        0.003           1776        0.00        0.00    GP_SPV@28
 3654     0.00      429.797        0.003        0.003           1776        0.00        0.00    GP_SPV@29
 3655     0.00      429.797        0.003        0.003           1813        0.00        0.00    GP_SPV@22
 3656     0.00      429.799        0.003        0.004             37        0.07        0.11    APL_ARPEGE_PARALLEL:BAYRAD:COMPUTE@1
 3657     0.00      429.802        0.003        0.003              8        0.32        0.32    UPDECAEC@1
 3658     0.00      429.804        0.003        0.003             37        0.07        0.07    CPXFU_PARALLEL:1:COMPUTE@1
 3659     0.00      429.807        0.003        0.005              1        2.54        4.89    SUMPINI@1
 3660     0.00      429.810        0.003        0.003           1813        0.00        0.00   *LASURE@8
 3661     0.00      429.810        0.003        0.003           1776        0.00        0.00    GP_SPV@26
 3662     0.00      429.810        0.002        0.003           1776        0.00        0.00    LASURE@26
 3663     0.00      429.812        0.002        0.635            148        0.02        4.29    GPRCP_EXPL_PARALLEL@1
 3664     0.00      429.812        0.002        0.003           1813        0.00        0.00    MF_PHYS_PRECIPS@1
 3665     0.00      429.812        0.002        0.003           1776        0.00        0.00    LASURE@25
 3666     0.00      429.812        0.002        0.003           1813        0.00        0.00    LASURE@22
 3667     0.00      429.814        0.002        0.002            222        0.01        0.01    LARCINB_PARALLEL:RRINTOPT:COMPUTE@1
 3668     0.00      429.814        0.002        0.003           1813        0.00        0.00    LASURE@7
 3669     0.00      429.814        0.002        0.003           1813        0.00        0.00    GP_SPV@19
 3670     0.00      429.814        0.002        0.003           1813        0.00        0.00    LASURE@23
 3671     0.00      429.814        0.002        0.003           1776        0.00        0.00    GP_SPV@32
 3672     0.00      429.817        0.002        0.002             75        0.03        0.03    SCAN2M_ALLOCATE_VARIABLES@1
 3673     0.00      429.817        0.002        0.003           1813        0.00        0.00    LASURE@24
 3674     0.00      429.817        0.002        0.003           1813        0.00        0.00    LASURE@17
 3675     0.00      429.817        0.002        0.003           1776        0.00        0.00    LASURE@28
 3676     0.00      429.817        0.002        0.003           1813        0.00        0.00    LASURE@10
 3677     0.00      429.817        0.002        0.003           1813        0.00        0.00    LASURE@21
 3678     0.00      429.817        0.002        0.003           1813        0.00        0.00    LASURE@9
 3679     0.00      429.819        0.002        0.002              1        2.33        2.33    SUVSLETA@1
 3680     0.00      429.819        0.002        0.003           1813        0.00        0.00    LASURE@19
 3681     0.00      429.819        0.002        0.003           1813        0.00        0.00    LASURE@13
 3682     0.00      429.821        0.002        0.002              1        2.30        2.30    radiation_cloud_optics_data:setup_cloud_optics_data_CPU@1
 3683     0.00      429.821        0.002        0.003           1813        0.00        0.00    LASURE@18
 3684     0.00      429.821        0.002        0.003           1776        0.00        0.00    LASURE@27
 3685     0.00      429.821        0.002        0.003           1776        0.00        0.00    LASURE@29
 3686     0.00      429.821        0.002        0.003           1776        0.00        0.00    LASURE@30
 3687     0.00      429.824        0.002        0.120            185        0.01        0.65    GPRCP_EXPL_PARALLEL:2@1
 3688     0.00      429.824        0.002        0.003           1813        0.00        0.00    LASURE@6
 3689     0.00      429.824        0.002        0.003           1813        0.00        0.00    LASURE@16
 3690     0.00      429.824        0.002        0.003           1813        0.00        0.00    LASURE@14
 3691     0.00      429.824        0.002        0.003           1813        0.00        0.00    LASURE@11
 3692     0.00      429.824        0.002        0.003           1813        0.00        0.00    LASURE@12
 3693     0.00      429.824        0.002        0.003           1813        0.00        0.00    LASURE@15
 3694     0.00      429.824        0.002        0.003           1813        0.00        0.00    LASURE@20
 3695     0.00      429.824        0.002        0.003           1776        0.00        0.00    GP_SPV@31
 3696     0.00      429.826        0.002        0.254             37        0.06        6.86    APL_ARPEGE_PARALLEL:CPPHINP@1
 3697     0.00      429.828        0.002        0.003              1        2.13        2.53    SUMP@1
 3698     0.00      429.830        0.002        0.134              1        2.03      133.55    SPECRT@1
 3699     0.00      429.830        0.002        0.003           1776        0.00        0.00    LASURE@32
 3700     0.00      429.832        0.002        0.002              3        0.66        0.66    "lfiouv_alts_ext:read"@1:lfi_alts.c
 3701     0.00      429.834        0.002        0.002              8        0.24        0.24    UPD_GHGCLIM@1
 3702     0.00      429.834        0.002        0.003           1813        0.00        0.00    LASURE@5
 3703     0.00      429.834        0.002        0.002           1776        0.00        0.00    LASURE@31
 3704     0.00      429.836        0.002        0.098           1404        0.00        0.07    SPCSIDG_PART1NEW@1
 3705     0.00      429.838        0.002        0.002            235        0.01        0.01    SPNORMAVE@1
 3706     0.00      429.840        0.002        0.003           1813        0.00        0.00   *GPUVS@14
 3707     0.00      429.842        0.002        3.228             37        0.05       87.23    APL_ARPEGE_ATMOSPHERE_UPDATE_PARALLEL@1
 3708     0.00      429.844        0.002        0.120             74        0.03        1.62    GPMPFC_EXPL_PART2_PARALLEL:0@1
 3709     0.00      429.845        0.002      335.237             37        0.05     9060.47    MF_PHYS_PARALLEL@1
 3710     0.00      429.847        0.002        0.015            148        0.01        0.10    GPRCP_EXPL_PARALLEL:4@1
 3711     0.00      429.849        0.002        0.002             37        0.05        0.05    APL_ARPEGE_PARALLEL:ACDRAG:GET_DATA@1
 3712     0.00      429.849        0.002        0.003           1813        0.00        0.00    GPUVS@22
 3713     0.00      429.851        0.002        0.101           1404        0.00        0.07    SPCSINEW_part1ext@1
 3714     0.00      429.851        0.002        0.002           1813        0.00        0.00    GPUVS@21
 3715     0.00      429.851        0.002        0.002           1813        0.00        0.00    GPUVS@6
 3716     0.00      429.853        0.002        0.002              1        1.79        1.79    SUGEM2_YRCSGEOM@1
 3717     0.00      429.854        0.002        0.324             37        0.05        8.77    GPINISLB_PART2_EXPL_PARALLEL@1
 3718     0.00      429.854        0.002        0.002           1813        0.00        0.00    GPUVS@24
 3719     0.00      429.854        0.002        0.002           1813        0.00        0.00    GPUVS@12
 3720     0.00      429.854        0.002        0.002           1813        0.00        0.00    GPUVS@8
 3721     0.00      429.854        0.002        0.002           1813        0.00        0.00    GPUVS@23
 3722     0.00      429.854        0.002        0.002           1776        0.00        0.00    GPUVS@26
 3723     0.00      429.856        0.002        0.002              1        1.73        2.10    YOEAERC:SUECAEC@1
 3724     0.00      429.856        0.002        0.002           1813        0.00        0.00    GPUVS@16
 3725     0.00      429.856        0.002        0.002           1776        0.00        0.00    GPUVS@25
 3726     0.00      429.856        0.002        0.002           1813        0.00        0.00    GPUVS@13
 3727     0.00      429.856        0.002        0.002           1813        0.00        0.00    GPUVS@17
 3728     0.00      429.856        0.002        0.002           1813        0.00        0.00    GPUVS@19
 3729     0.00      429.856        0.002        0.002           1813        0.00        0.00    GPUVS@5
 3730     0.00      429.856        0.002        0.002           1813        0.00        0.00    GPUVS@11
 3731     0.00      429.856        0.002        0.002           1813        0.00        0.00    GPUVS@9
 3732     0.00      429.856        0.002        0.002           1813        0.00        0.00    GPUVS@7
 3733     0.00      429.856        0.002        0.002           1813        0.00        0.00    GPUVS@20
 3734     0.00      429.856        0.002        0.002           1813        0.00        0.00    LASURE@4
 3735     0.00      429.856        0.002        0.002           1813        0.00        0.00    LASURE@3
 3736     0.00      429.856        0.002        0.002           1776        0.00        0.00    GPUVS@28
 3737     0.00      429.856        0.002        0.002           1813        0.00        0.00    GPUVS@18
 3738     0.00      429.856        0.002        0.002           1813        0.00        0.00    GPUVS@15
 3739     0.00      429.856        0.002        0.002           1776        0.00        0.00    GPUVS@30
 3740     0.00      429.856        0.002        0.002           1813        0.00        0.00    LASURE@2
 3741     0.00      429.856        0.002        0.002           1813        0.00        0.00    GPUVS@2
 3742     0.00      429.856        0.002        0.002           1776        0.00        0.00    GPUVS@31
 3743     0.00      429.856        0.002        0.002           1813        0.00        0.00    GPUVS@10
 3744     0.00      429.856        0.002        0.002           1776        0.00        0.00    GPUVS@27
 3745     0.00      429.858        0.002        0.002              1        1.66        1.80    SUHDF@1
 3746     0.00      429.858        0.002        0.002           1776        0.00        0.00    GPUVS@29
 3747     0.00      429.858        0.002        0.002           1776        0.00        0.00    GPUVS@32
 3748     0.00      429.858        0.002        0.002           1813        0.00        0.00    GPUVS@3
 3749     0.00      429.860        0.002        0.328            666        0.00        0.49    CPUTQY0_PARALLEL@1
 3750     0.00      429.861        0.002        0.159             37        0.04        4.31    SCAN2M_CTVTOT_DRV@1
 3751     0.00      429.863        0.002        0.044           1404        0.00        0.03    SPCSIDG_PART2NEW@1
 3752     0.00      429.863        0.002        0.002           1813        0.00        0.00    GPUVS@4
 3753     0.00      429.864        0.002        0.015             37        0.04        0.41    LAVABO_PARALLEL:0@1
 3754     0.00      429.866        0.002        0.184            148        0.01        1.24    GPINISLB_PART2_EXPL_PARALLEL:1@1
 3755     0.00      429.867        0.002        0.002           1813        0.00        0.00   *MF_PHYS_BAYRAD@14
 3756     0.00      429.867        0.002        0.002           1813        0.00        0.00    MF_PHYS_BAYRAD@13
 3757     0.00      429.869        0.002       10.318             37        0.04      278.87    LACDYN_PARALLEL@1
 3758     0.00      429.869        0.002        0.002           1813        0.00        0.00    MF_PHYS_BAYRAD@22
 3759     0.00      429.869        0.002        0.002           1813        0.00        0.00    MF_PHYS_BAYRAD@21
 3760     0.00      429.869        0.002        0.002           1813        0.00        0.00    MF_PHYS_BAYRAD@15
 3761     0.00      429.869        0.002        0.002           1813        0.00        0.00    MF_PHYS_BAYRAD@9
 3762     0.00      429.869        0.001        0.002           1776        0.00        0.00    MF_PHYS_BAYRAD@25
 3763     0.00      429.870        0.001        0.002           3204        0.00        0.00    FIELD_DEFINITIONS_BASE:SET_FVAR@1
 3764     0.00      429.870        0.001        0.002           1813        0.00        0.00    MF_PHYS_BAYRAD@23
 3765     0.00      429.872        0.001        0.001              4        0.37        0.37    GRIB_API:IGRIB_SET_REAL8_ARRAY@1
 3766     0.00      429.872        0.001        0.002           1813        0.00        0.00    MF_PHYS_BAYRAD@17
 3767     0.00      429.872        0.001        0.002           1813        0.00        0.00    MF_PHYS_BAYRAD@7
 3768     0.00      429.872        0.001        0.002           1813        0.00        0.00    MF_PHYS_BAYRAD@18
 3769     0.00      429.872        0.001        0.002           1813        0.00        0.00    MF_PHYS_BAYRAD@11
 3770     0.00      429.873        0.001        0.001              1        1.45        1.45    SUHSLMER@1
 3771     0.00      429.875        0.001        0.002              1        1.44        1.89    SUMCUF@1
 3772     0.00      429.876        0.001        0.667             36        0.04       18.53    TRSTOMNEW@1
 3773     0.00      429.876        0.001        0.002           1776        0.00        0.00    MF_PHYS_BAYRAD@29
 3774     0.00      429.876        0.001        0.002           1813        0.00        0.00    MF_PHYS_BAYRAD@16
 3775     0.00      429.876        0.001        0.002           1776        0.00        0.00    MF_PHYS_BAYRAD@30
 3776     0.00      429.878        0.001        8.330             37        0.04      225.13    LATTEX_PARALLEL@1
 3777     0.00      429.878        0.001        0.002           1813        0.00        0.00    GPUVS@1
 3778     0.00      429.878        0.001        0.002           1776        0.00        0.00    MF_PHYS_BAYRAD@26
 3779     0.00      429.878        0.001        0.002           1813        0.00        0.00    MF_PHYS_BAYRAD@24
 3780     0.00      429.879        0.001        0.004              3        0.46        1.24    "lfiouv_alts_ext"@1:lfi_alts.c
 3781     0.00      429.879        0.001        0.002           1813        0.00        0.00    MF_PHYS_BAYRAD@20
 3782     0.00      429.879        0.001        0.002           1813        0.00        0.00    MF_PHYS_BAYRAD@8
 3783     0.00      429.880        0.001        0.237             37        0.04        6.39    APL_ARPEGE_PARALLEL:DIFTQ@1
 3784     0.00      429.882        0.001        0.001              7        0.19        0.20    RECMWF_PARALLEL:ECRAD_POST:COMPUTE@1
 3785     0.00      429.882        0.001        0.002           1813        0.00        0.00    MF_PHYS_BAYRAD@12
 3786     0.00      429.883        0.001       28.752             37        0.04      777.09    LARCINB_PARALLEL@1
 3787     0.00      429.883        0.001        0.002           1813        0.00        0.00    MF_PHYS_BAYRAD@10
 3788     0.00      429.884        0.001       31.023             37        0.04      838.47    LAPINEB_PARALLEL@1
 3789     0.00      429.886        0.001        1.310             36        0.04       36.40    TRMTOSNEW@1
 3790     0.00      429.886        0.001        0.002           1813        0.00        0.00    MF_PHYS_BAYRAD@19
 3791     0.00      429.887        0.001        0.001              1        1.34        1.34    radiation_aerosol_optics_data:setup_aerosol_optics_data_CPU@1
 3792     0.00      429.887        0.001        0.002           1813        0.00        0.00    LASURE@1
 3793     0.00      429.887        0.001        0.002           1776        0.00        0.00    MF_PHYS_BAYRAD@27
 3794     0.00      429.888        0.001        0.001              1        1.31        1.31    SURFACE_FIELDS_MIX:ALLO_SURF@1
 3795     0.00      429.888        0.001        0.002           1776        0.00        0.00    MF_PHYS_BAYRAD@28
 3796     0.00      429.890        0.001        0.370             43        0.03        8.61    FADECI_MT@1
 3797     0.00      429.890        0.001        0.002           1813        0.00        0.00    MF_PHYS_BAYRAD@5
 3798     0.00      429.891        0.001        5.493             36        0.03      152.58    SPCSI_TOT@1
 3799     0.00      429.892        0.001        0.001              1        1.26        1.26    SUMPOUT@1
 3800     0.00      429.893        0.001        0.373             74        0.02        5.04    GPMPFC_EXPL_PARALLEL:1@1
 3801     0.00      429.893        0.001        0.002           1813        0.00        0.00    MF_PHYS_BAYRAD@6
 3802     0.00      429.895        0.001        1.534             37        0.03       41.47    LARMES_PARALLEL:LARMES@1
 3803     0.00      429.896        0.001        0.001             37        0.03        0.03    MF_PHYS_INIT_PARALLEL:ZERO:GET_DATA@1
 3804     0.00      429.897        0.001        0.411             37        0.03       11.11    MF_PHYS_PREP_PARALLEL:PREP@1
 3805     0.00      429.898        0.001        0.002           1813        0.00        0.00   *CUCCDIA@20
 3806     0.00      429.898        0.001        0.002           1813        0.00        0.00    CUCCDIA@14
 3807     0.00      429.898        0.001        0.002           1813        0.00        0.00    CUCCDIA@16
 3808     0.00      429.900        0.001        0.805             37        0.03       21.76    CPUTQY_APLPAR_EXPL_PARALLEL@1
 3809     0.00      429.900        0.001        0.002           1813        0.00        0.00    CUCCDIA@15
 3810     0.00      429.900        0.001        0.002           1813        0.00        0.00    CUCCDIA@24
 3811     0.00      429.901        0.001        0.449              1        1.17      449.13    SUGEOMETRY@1
 3812     0.00      429.901        0.001        0.002           1813        0.00        0.00    CUCCDIA@22
 3813     0.00      429.901        0.001        0.002           1813        0.00        0.00    CUCCDIA@19
 3814     0.00      429.902        0.001        0.001            222        0.01        0.01    LARCINB_PARALLEL:LAITRE_GFL:GET_DATA@1
 3815     0.00      429.902        0.001        0.002           1813        0.00        0.00    CUCCDIA@23
 3816     0.00      429.902        0.001        0.002           1813        0.00        0.00    CUCCDIA@12
 3817     0.00      429.902        0.001        0.002           1813        0.00        0.00    CUCCDIA@11
 3818     0.00      429.902        0.001        0.002           1813        0.00        0.00    CUCCDIA@21
 3819     0.00      429.903        0.001        1.517             37        0.03       40.99    LAPINEA_PARALLEL:LARCINA@1
 3820     0.00      429.903        0.001        0.002           1776        0.00        0.00    CUCCDIA@25
 3821     0.00      429.903        0.001        0.002           1813        0.00        0.00    CUCCDIA@17
 3822     0.00      429.903        0.001        0.002           1776        0.00        0.00    CUCCDIA@26
 3823     0.00      429.903        0.001        0.002           1813        0.00        0.00    CUCCDIA@13
 3824     0.00      429.903        0.001        0.002           1813        0.00        0.00    CUCCDIA@18
 3825     0.00      429.903        0.001        0.002           1813        0.00        0.00    CUCCDIA@8
 3826     0.00      429.904        0.001        0.002           1813        0.00        0.00   *LATRAJOUT@15
 3827     0.00      429.904        0.001        0.002           1776        0.00        0.00    CUCCDIA@27
 3828     0.00      429.904        0.001        0.002           1813        0.00        0.00    CUCCDIA@7
 3829     0.00      429.904        0.001        0.002           1813        0.00        0.00    CUCCDIA@9
 3830     0.00      429.904        0.001        0.002           1813        0.00        0.00    LATRAJOUT@16
 3831     0.00      429.904        0.001        0.002           1813        0.00        0.00    CUCCDIA@6
 3832     0.00      429.905        0.001        0.040             37        0.03        1.07    MF_PHYS_FPL_PART1_PARALLEL:PART1@1
 3833     0.00      429.905        0.001        0.002           1776        0.00        0.00    CUCCDIA@28
 3834     0.00      429.906        0.001        0.036              1        1.10       35.67    SUOROG@1
 3835     0.00      429.906        0.001        0.002           1813        0.00        0.00    LATRAJOUT@14
 3836     0.00      429.906        0.001        0.002           1776        0.00        0.00    LATRAJOUT@28
 3837     0.00      429.907        0.001        0.041             37        0.03        1.10    MF_PHYS_FPL_PART2_PARALLEL:PART2@1
 3838     0.00      429.907        0.001        0.002           1813        0.00        0.00    CUCCDIA@10
 3839     0.00      429.909        0.001        0.498             74        0.01        6.74    GPMPFC_EXPL_PARALLEL@1
 3840     0.00      429.909        0.001        0.002           1813        0.00        0.00    CUCCDIA@5
 3841     0.00      429.909        0.001        0.002           1813        0.00        0.00    LATRAJOUT@22
 3842     0.00      429.909        0.001        0.002           1776        0.00        0.00    CUCCDIA@30
 3843     0.00      429.909        0.001        0.002           1813        0.00        0.00    LATRAJOUT@6
 3844     0.00      429.909        0.001        0.002           1813        0.00        0.00    LATRAJOUT@18
 3845     0.00      429.909        0.001        0.002           1813        0.00        0.00    LATRAJOUT@20
 3846     0.00      429.909        0.001        0.002           1776        0.00        0.00    CUCCDIA@29
 3847     0.00      429.909        0.001        0.002           1813        0.00        0.00    LATRAJOUT@7
 3848     0.00      429.909        0.001        0.002           1813        0.00        0.00    LATRAJOUT@19
 3849     0.00      429.909        0.001        0.002           1813        0.00        0.00    LATRAJOUT@24
 3850     0.00      429.910        0.001        0.001             37        0.03        0.03    GPMPFC_EXPL_PARALLEL:0:COMPUTE@1
 3851     0.00      429.911        0.001        0.001              2        0.52        0.52    YOE_SPECTRAL_PLANCK:INIT@1
 3852     0.00      429.911        0.001        0.002           1813        0.00        0.00    LATRAJOUT@13
 3853     0.00      429.911        0.001        0.002           1813        0.00        0.00    LATRAJOUT@23
 3854     0.00      429.911        0.001        0.002           1813        0.00        0.00    LATRAJOUT@21
 3855     0.00      429.912        0.001      219.215             37        0.03     5924.74    APL_ARPEGE_RADIATION_PARALLEL@1
 3856     0.00      429.913        0.001        2.040             37        0.03       55.14    MF_PHYS_INIT_PARALLEL:ZERO@1
 3857     0.00      429.913        0.001        0.002           1776        0.00        0.00    LATRAJOUT@32
 3858     0.00      429.913        0.001        0.002           1813        0.00        0.00    LATRAJOUT@11
 3859     0.00      429.913        0.001        0.002           1813        0.00        0.00    MF_PHYS_BAYRAD@1
 3860     0.00      429.913        0.001        0.002           1813        0.00        0.00    LATRAJOUT@17
 3861     0.00      429.913        0.001        0.002           1813        0.00        0.00    LATRAJOUT@10
 3862     0.00      429.913        0.001        0.002           1776        0.00        0.00    LATRAJOUT@29
 3863     0.00      429.913        0.001        0.002           1776        0.00        0.00    LATRAJOUT@27
 3864     0.00      429.914        0.001        0.001             37        0.03        0.03    LARMES_PARALLEL:LARMES:NULLIFY@1
 3865     0.00      429.915        0.001        0.009             36        0.03        0.25    CPG_END_SFC_PARALLEL:SET0TO1@1
 3866     0.00      429.915        0.001        0.002           1813        0.00        0.00    MF_PHYS_BAYRAD@4
 3867     0.00      429.915        0.001        0.002           1776        0.00        0.00    MF_PHYS_BAYRAD@31
 3868     0.00      429.916        0.001        0.001              3        0.33        0.34    GRIB_API:IGRIB_CLONE@1
 3869     0.00      429.916        0.001        0.002           1776        0.00        0.00    LATRAJOUT@25
 3870     0.00      429.916        0.001        0.002           1776        0.00        0.00    LATRAJOUT@26
 3871     0.00      429.916        0.001        0.002           1813        0.00        0.00    MF_PHYS_BAYRAD@3
 3872     0.00      429.916        0.001        0.002           1813        0.00        0.00    LATRAJOUT@9
 3873     0.00      429.917        0.001        0.006             38        0.03        0.16    UPDTIM@1
 3874     0.00      429.917        0.001        0.002           1813        0.00        0.00    LATRAJOUT@12
 3875     0.00      429.918        0.001        0.070             37        0.03        1.90    MF_PHYS_MOCON_PARALLEL:PPWETPOINT@1
 3876     0.00      429.919        0.001        0.001             37        0.03        0.03    LARMES_PARALLEL:LARMES:GET_DATA@1
 3877     0.00      429.919        0.001        0.002           1776        0.00        0.00    MF_PHYS_BAYRAD@32
 3878     0.00      429.919        0.001        0.002           1813        0.00        0.00    LATRAJOUT@8
 3879     0.00      429.919        0.001        0.002           1813        0.00        0.00    LATRAJOUT@5
 3880     0.00      429.919        0.001        0.002           1776        0.00        0.00    CUCCDIA@32
 3881     0.00      429.920        0.001        0.001             37        0.03        0.03    MF_PHYS_TRANSFER_PARALLEL:ALL:COMPUTE@1
 3882     0.00      429.920        0.001        0.002           1813        0.00        0.00    CUCCDIA@3
 3883     0.00      429.920        0.001        0.002           1813        0.00        0.00    CUCCDIA@4
 3884     0.00      429.921        0.001        0.046             37        0.03        1.24    APL_ARPEGE_PARALLEL:ACSOL@1
 3885     0.00      429.922        0.001        0.001              1        0.96        1.21    SUVERTFE3D@1
 3886     0.00      429.922        0.001        0.002           1776        0.00        0.00    LATRAJOUT@30
 3887     0.00      429.922        0.001        0.002           1776        0.00        0.00    CUCCDIA@31
 3888     0.00      429.922        0.001        0.002           1813        0.00        0.00    LATRAJOUT@1
 3889     0.00      429.923        0.001        0.001             37        0.03        0.03    LATTEX_PARALLEL:MAIN:GET_DATA@1
 3890     0.00      429.923        0.001        0.294             37        0.03        7.94    CPG_GP_PARALLEL:GPINISLB_PART1_EXPL@1
 3891     0.00      429.923        0.001        0.001           1813        0.00        0.00    MF_PHYS_BAYRAD@2
 3892     0.00      429.923        0.001        0.002           1776        0.00        0.00    LATRAJOUT@31
 3893     0.00      429.923        0.001        0.002           1813        0.00        0.00    CUCCDIA@2
 3894     0.00      429.924        0.001        0.080             37        0.02        2.16    LAPINEB_PARALLEL:NVLAG3@1
 3895     0.00      429.924        0.001        0.001           1813        0.00        0.00    CUCCDIA@1
 3896     0.00      429.925        0.001        0.287             37        0.02        7.77    APL_ARPEGE_PARALLEL:ACTQSAT@1
 3897     0.00      429.925        0.001        0.001           1813        0.00        0.00    LATRAJOUT@2
 3898     0.00      429.926        0.001      432.426              1        0.89   432425.88    CNT0@1
 3899     0.00      429.926        0.001        0.001           1813        0.00        0.00    LATRAJOUT@3
 3900     0.00      429.927        0.001        0.241             37        0.02        6.51    LATTEX_EXPL_2TL_PARALLEL@1
 3901     0.00      429.927        0.001        0.001           1813        0.00        0.00    LATRAJOUT@4
 3902     0.00      429.928        0.001       65.047             37        0.02     1758.02    APL_ARPEGE_SHALLOW_CONVECTION_AND_TURBULENCE_PARALLEL@1
 3903     0.00      429.929        0.001        0.001              1        0.87        0.87    RRTM_KGB1@1
 3904     0.00      429.930        0.001        0.966             37        0.02       26.11    CPG_PARALLEL:SHUFFLESL1@1
 3905     0.00      429.931        0.001        1.205             37        0.02       32.57    APL_ARPEGE_SHALLOW_CONVECTION_AND_TURBULENCE_PARALLEL:ACTKE@1
 3906     0.00      429.931        0.001        0.001             37        0.02        0.02    APL_ARPEGE_ATMOSPHERE_UPDATE_PARALLEL:CPTEND_NEW:GET_DATA@1
 3907     0.00      429.932        0.001        3.992             37        0.02      107.88    APL_ARPEGE_DEEP_CONVECTION_PARALLEL@1
 3908     0.00      429.933        0.001        0.283             37        0.02        7.65    APL_ARPEGE_PARALLEL:ACCLPH@1
 3909     0.00      429.934        0.001        0.001           2163        0.00        0.00    GFL_SUBS_MOD:FALSIFY_GFL_COMP@1
 3910     0.00      429.935        0.001        0.121             74        0.01        1.64    GPMPFC_EXPL_PART2_PARALLEL@1
 3911     0.00      429.936        0.001        0.079            333        0.00        0.24    ACCTND0_PARALLEL@1
 3912     0.00      429.936        0.001        0.916             37        0.02       24.74    LARCINB_PARALLEL:LCOMAD_SP@1
 3913     0.00      429.937        0.001        0.764             37        0.02       20.64    LARCINB_PARALLEL:NTLAG_3@1
 3914     0.00      429.938        0.001        0.508             37        0.02       13.73    CPG_PARALLEL:ZEROSL1@1
 3915     0.00      429.939        0.001        2.049             37        0.02       55.38    LARCINB_PARALLEL:LAITRE_GMV@1
 3916     0.00      429.940        0.001        0.028             37        0.02        0.76    CPUTQY_APLPAR_EXPL_PARALLEL:ZTDCP@1
 3917     0.00      429.941        0.001        0.100             37        0.02        2.69    GPTF1_YDVARS_PARALLEL:LTWOTL@1
 3918     0.00      429.941        0.001        0.360             37        0.02        9.73    LAVENT_PARALLEL:0@1
 3919     0.00      429.942        0.001        0.362             37        0.02        9.78    APL_ARPEGE_PARALLEL:APLPAR_INIT@1
 3920     0.00      429.943        0.001        0.002              1        0.79        2.32    SUGFL2@1
 3921     0.00      429.944        0.001        0.001              2        0.39        0.39    GRIB_API:IGRIB_GET_CHAR@1
 3922     0.00      429.944        0.001        0.482             37        0.02       13.03    LAPINEB_PARALLEL:LARCHE@1
 3923     0.00      429.945        0.001        0.001              1        0.79        0.79    IOSTREAM_MIX:IOSTREAM_STATS@1
 3924     0.00      429.946        0.001        0.169             37        0.02        4.58    CPG_PARALLEL:ZEROPB2@1
 3925     0.00      429.947        0.001        0.001              7        0.11        0.11    RECMWF_PARALLEL:2:COMPUTE@1
 3926     0.00      429.948        0.001        0.001              7        0.11        0.11    RECMWF_PARALLEL:1:COMPUTE@1
 3927     0.00      429.948        0.001        0.001            222        0.00        0.00    LARCINB_PARALLEL:RRINTOPT:GET_DATA@1
 3928     0.00      429.949        0.001        0.004             37        0.02        0.11    LAVABO_PARALLEL:2@1
 3929     0.00      429.950        0.001        0.032             37        0.02        0.86    LACDYN_PARALLEL:ZMIXNL@1
 3930     0.00      429.951        0.001        0.001             37        0.02        0.02    APL_ARPEGE_OCEANIC_FLUXES_PARALLEL:ACFLUSO:GET_DATA@1
 3931     0.00      429.951        0.001        0.001             37        0.02        0.02    APL_ARPEGE_SURFACE_PARALLEL:LMSE_F:GET_DATA@1
 3932     0.00      429.952        0.001        0.226             37        0.02        6.12    CPG_DIA_FLU_PARALLEL:0@1
 3933     0.00      429.953        0.001        0.001              1        0.74        0.74    SUDEFO_GFLATTR@1
 3934     0.00      429.954        0.001        0.001              1        0.74        0.74    SULAP@1
 3935     0.00      429.954        0.001        0.004             37        0.02        0.11    APL_ARPEGE_PARALLEL:PLSM@1
 3936     0.00      429.955        0.001        0.002             37        0.02        0.04    LAVABO_PARALLEL:1@1
 3937     0.00      429.956        0.001        0.005             37        0.02        0.12    APL_ARPEGE_PARALLEL:FRSOPT@1
 3938     0.00      429.957        0.001        0.040             37        0.02        1.07    CPUTQY_APLPAR_EXPL_PARALLEL:PFDIS@1
 3939     0.00      429.957        0.001        0.050             37        0.02        1.34    APL_ARPEGE_PARALLEL:ACHMT@1
 3940     0.00      429.958        0.001        0.001             74        0.01        0.01    GPMPFC_EXPL_PARALLEL:1:GET_DATA@1
 3941     0.00      429.959        0.001        0.025             37        0.02        0.68    APL_ARPEGE_HYDRO_BUDGET_PARALLEL:ACDROV@1
 3942     0.00      429.959        0.001        0.445             37        0.02       12.03    APL_ARPEGE_RADIATION_PARALLEL:RADHEAT@1
 3943     0.00      429.960        0.001        0.001            309        0.00        0.00    SET2PE@1
 3944     0.00      429.961        0.001        0.021             37        0.02        0.57    CPG_GP_PARALLEL:SET1TO0@1
 3945     0.00      429.962        0.001        0.001              1        0.71        0.79    SUCT0@1
 3946     0.00      429.962        0.001        0.001             37        0.02        0.02    APL_ARPEGE_DEEP_CONVECTION_PARALLEL:CUCALLN_MF:GET_DATA@1
 3947     0.00      429.963        0.001        0.002             37        0.02        0.05    MF_PHYS_TRANSFER_PARALLEL:ALL@1
 3948     0.00      429.964        0.001        0.005             37        0.02        0.14    APL_ARPEGE_PARALLEL:ZDPHIV@1
 3949     0.00      429.964        0.001        0.619             37        0.02       16.73    LASSIE_PARALLEL:SITNU@1
 3950     0.00      429.965        0.001        0.001             37        0.02        0.02    CPG_DRV:EXIT@1
 3951     0.00      429.966        0.001        0.001              3        0.23        0.23    "lfifer_alts"@1:lfi_alts.c
 3952     0.00      429.966        0.001        0.031             37        0.02        0.83    LAVABO_PARALLEL@1
 3953     0.00      429.967        0.001        0.200             37        0.02        5.40    CPUTQY_APLPAR_EXPL_PARALLEL:ZDEC@1
 3954     0.00      429.968        0.001        0.185             37        0.02        4.99    LATTES_PARALLEL:0@1
 3955     0.00      429.969        0.001        9.134             37        0.02      246.85    LARCINB_PARALLEL:LRHS_CURV_F@1
 3956     0.00      429.969        0.001        0.001            555        0.00        0.00    GPRCP_EXPL_PARALLEL:1:GET_DATA@1
 3957     0.00      429.970        0.001        0.052             37        0.02        1.40    LAPINEB_PARALLEL:TEMP_EQ@1
 3958     0.00      429.970        0.001        0.001             74        0.01        0.01    CPG_SL1B_TYPE_SYNC_HOST@1
 3959     0.00      429.971        0.001        1.147             37        0.02       31.01    APL_ARPEGE_PRECIPITATION_PARALLEL:ACUPTQ@1
 3960     0.00      429.972        0.001        0.001             37        0.02        0.02    CPG_PARALLEL:ISETTLOFF:GET_DATA@1
 3961     0.00      429.972        0.001       12.370             37        0.02      334.33    ACVPPKF_PARALLEL:PART0@1
 3962     0.00      429.973        0.001        0.022             37        0.02        0.59    CPG_PARALLEL:ISETTLOFF@1
 3963     0.00      429.974        0.001        0.001             37        0.02        0.02    LAVABO_PARALLEL:1:COMPUTE@1
 3964     0.00      429.974        0.001        2.673             37        0.02       72.25    APL_ARPEGE_SURFACE_PARALLEL:LMSE_F@1
 3965     0.00      429.975        0.001        0.001            148        0.00        0.00    GPRCP_EXPL_PARALLEL:0:GET_DATA@1
 3966     0.00      429.976        0.001        1.290             37        0.02       34.85    CPG_GP_HYD_PARALLEL:2@1
 3967     0.00      429.976        0.001        0.193              1        0.65      193.33    SUGRIDF@1
 3968     0.00      429.977        0.001        0.061             37        0.02        1.65    APL_ARPEGE_OCEANIC_FLUXES_PARALLEL:ACFLUSO@1
 3969     0.00      429.978        0.001        0.005             37        0.02        0.14    CPG_DIA_FLU_PARALLEL:3@1
 3970     0.00      429.978        0.001        0.001              1        0.64        0.64    SRTM_KGB16@1
 3971     0.00      429.979        0.001        0.001             37        0.02        0.02    APL_ARPEGE_PARALLEL:ACSOL:GET_DATA@1
 3972     0.00      429.980        0.001        0.002              1        0.64        1.88    SUGFL1@1
 3973     0.00      429.980        0.001        0.015             37        0.02        0.40    LASSIE_PARALLEL:GPRCP@1
 3974     0.00      429.981        0.001        0.001             37        0.02        0.02    LAVENT_PARALLEL:0:GET_DATA@1
 3975     0.00      429.982        0.001        0.002             37        0.02        0.05    GPMPFC_EXPL_PARALLEL:0@1
 3976     0.00      429.982        0.001        0.630             37        0.02       17.04    APL_ARPEGE_PARALLEL:QNGCOR@1
 3977     0.00      429.983        0.001        1.333             37        0.02       36.03    APL_ARPEGE_PRECIPITATION_PARALLEL@1
 3978     0.00      429.983        0.001        0.001            664        0.00        0.00    PE2SET@1
 3979     0.00      429.984        0.001        0.026             37        0.02        0.69    CPG_GP_HYD_PARALLEL:3@1
 3980     0.00      429.985        0.001        0.536             37        0.02       14.49    CPGLAG_PARALLEL@1
 3981     0.00      429.985        0.001        0.398             36        0.02       11.07    SCAN2M_TS_PARALLEL@1
 3982     0.00      429.986        0.001        1.281             37        0.02       34.63    APL_ARPEGE_SURFACE_PARALLEL:ACDIFV2@1
 3983     0.00      429.986        0.001        0.002              1        0.61        2.19    SU_SURF_FLDS@1
 3984     0.00      429.987        0.001        0.001             37        0.02        0.02    APL_ARPEGE_PARALLEL:ACHMT:GET_DATA@1
 3985     0.00      429.988        0.001        0.001           1404        0.00        0.00    SPCSINEW_cp1@1
 3986     0.00      429.988        0.001        0.001             37        0.02        0.02    APL_ARPEGE_SHALLOW_CONVECTION_AND_TURBULENCE_PARALLEL:ACTKE:GET_DATA@1
 3987     0.00      429.989        0.001        0.010              1        0.60       10.35    SUVERTFE3@1
 3988     0.00      429.989        0.001        0.001             37        0.02        0.02    APL_ARPEGE_INIT_SURFEX_PARALLEL@1
 3989     0.00      429.990        0.001        0.006              2        0.30        2.94    OPENFA@1
 3990     0.00      429.991        0.001        0.006             37        0.02        0.15    LACDYN_PARALLEL:LASURE@1
 3991     0.00      429.991        0.001        0.001              1        0.60        1.21    SUFA@1
 3992     0.00      429.992        0.001        0.060             36        0.02        1.68    CPCFU_PARALLEL@1
 3993     0.00      429.992        0.001       21.822             37        0.02      589.78    APL_ARPEGE_INIT_PARALLEL@1
 3994     0.00      429.993        0.001        0.198             37        0.02        5.36    CPGLAG_PARALLEL:0@1
 3995     0.00      429.994        0.001        0.001              1        0.58        0.58    FIELD_DEFINITIONS:READ_DYNAMIC_NAMESPACE@1
 3996     0.00      429.994        0.001        0.001             37        0.02        0.02    CPG_GP_HYD_PARALLEL:2:GET_DATA@1
 3997     0.00      429.995        0.001        0.007             39        0.01        0.18    SPNORMBE@1
 3998     0.00      429.995        0.001        0.001             37        0.02        0.02    APL_ARPEGE_SURFACE_UPDATE_PARALLEL:LMSE_F:GET_DATA@1
 3999     0.00      429.996        0.001        0.006             37        0.02        0.15    CPG_PARALLEL:LSMTSOL@1
 4000     0.00      429.996        0.001       63.610             37        0.02     1719.19    ACVPPKF_PARALLEL@1
 4001     0.00      429.997        0.001        0.001             37        0.02        0.02    CPG_DRV:INIT@1
 4002     0.00      429.998        0.001        0.018              5        0.11        3.54    GPNORM2@1
 4003     0.00      429.998        0.001        1.286             37        0.02       34.75    APL_ARPEGE_RADIATION_PARALLEL:ACDAYD@1
 4004     0.00      429.999        0.001        0.001             36        0.02        0.02    CPCFU_PARALLEL:5:COMPUTE@1
 4005     0.00      429.999        0.001        0.912             37        0.02       24.66    LARCINB_PARALLEL:NVLAG_3@1
 4006     0.00      430.000        0.001        0.001             37        0.02        0.02    MF_PHYS_PARALLEL:MF_PHYS_NEXT_STATE%INIT@1
 4007     0.00      430.000        0.001        0.075             37        0.02        2.03    APL_ARPEGE_PARALLEL:ZRDG_LCVQ@1
 4008     0.00      430.001        0.001        0.133             37        0.01        3.61    LAPINEB_PARALLEL:ROTUV@1
 4009     0.00      430.002        0.001        0.001              1        0.54        0.55    SUGEM1A@1
 4010     0.00      430.002        0.001        0.001             30        0.02        0.04    APL_ARPEGE_RADIATION_PARALLEL:CALLRAD_F@1
 4011     0.00      430.003        0.001        0.001             37        0.01        0.02    CPG_SL1F_TYPE_SYNC_HOST@1
 4012     0.00      430.003        0.001        0.001             74        0.01        0.01    LAPINEB_PARALLEL:ROTUVGEO:GET_DATA@1
 4013     0.00      430.004        0.001        0.053             37        0.01        1.44    LAPINEB_PARALLEL:L_RDRY_VD@1
 4014     0.00      430.004        0.001        0.008             37        0.01        0.23    CPG_DIA_FLU_PARALLEL:1@1
 4015     0.00      430.005        0.001        0.001              1        0.53        1.05    SUPHY0@1
 4016     0.00      430.005        0.001        0.059             37        0.01        1.60    APL_ARPEGE_PARALLEL:ACEVADCAPE@1
 4017     0.00      430.006        0.001        1.974             72        0.01       27.42    EXCHANGE_MS@1
 4018     0.00      430.006        0.001        0.001              1        0.52        0.52    YOMGSGEOM:DEALLO_TGSGEOM@1
 4019     0.00      430.007        0.001        0.001             37        0.01        0.01    LARCINB_PARALLEL:LRHS_CURV_F:GET_DATA@1
 4020     0.00      430.007        0.001        0.070             37        0.01        1.89    CPG_GP_PARALLEL:GPINISLB_PART3_EXPL@1
 4021     0.00      430.008        0.001        0.015             37        0.01        0.41    CPG_GP_PARALLEL:GPTF2_EXPL_2TL@1
 4022     0.00      430.008        0.001        0.183             37        0.01        4.95    LAPINEB_PARALLEL:LACONE@1
 4023     0.00      430.009        0.001        0.041            100        0.01        0.41    POSNAM@1
 4024     0.00      430.009        0.001        0.005             37        0.01        0.15    CPXFU_PARALLEL:0@1
 4025     0.00      430.010        0.000        0.004              1        0.50        3.94    MF_PHYS_SAVE_PHSURF_PART1_PARALLEL:PART1@1
 4026     0.00      430.010        0.000        0.001             37        0.01        0.01    APL_ARPEGE_INIT_PARALLEL:3:GET_DATA@1
 4027     0.00      430.011        0.000        0.632             37        0.01       17.09    APL_ARPEGE_DPRECIPS_PARALLEL@1
 4028     0.00      430.011        0.000        0.001             74        0.01        0.01    GPMPFC_EXPL_PARALLEL:1:NULLIFY@1
 4029     0.00      430.012        0.000        0.098             37        0.01        2.66    APL_ARPEGE_RADIATION_PARALLEL:LMSE_F@1
 4030     0.00      430.012        0.000        0.000             37        0.01        0.01    APL_ARPEGE_HYDRO_BUDGET_PARALLEL:ACDROV:GET_DATA@1
 4031     0.00      430.013        0.000        0.000             37        0.01        0.01    APL_ARPEGE_SURFACE_PARALLEL:ACDIFV2:GET_DATA@1
 4032     0.00      430.013        0.000        0.072             42        0.01        1.72    DECOGA@1
 4033     0.00      430.014        0.000        0.001            333        0.00        0.00    CPUTQY0_PARALLEL:PVAR:GET_DATA@1
 4034     0.00      430.014        0.000        0.481             43        0.01       11.17    FACIL1_MT@1
 4035     0.00      430.015        0.000        0.023             37        0.01        0.63    CTVTOT_EXPL_PARALLEL:0@1
 4036     0.00      430.015        0.000        0.000              1        0.46        0.46    RERESF_PART1@1
 4037     0.00      430.016        0.000        0.077            185        0.00        0.42    ACCTND0_PARALLEL:PACC@1
 4038     0.00      430.016        0.000        0.000             37        0.01        0.01    APL_ARPEGE_PARALLEL:ACEVADCAPE:GET_DATA@1
 4039     0.00      430.017        0.000       48.323             37        0.01     1306.02    CALL_SL_DRV@1
 4040     0.00      430.017        0.000       16.381             37        0.01      442.73    ACVPPKF_PARALLEL:PART3@1
 4041     0.00      430.017        0.000        0.022             37        0.01        0.58    GPRCP_EXPL_PARALLEL:5@1
 4042     0.00      430.018        0.000        0.000             37        0.01        0.01    LAPINEA_PARALLEL:LARCINA:GET_DATA@1
 4043     0.00      430.018        0.000        8.511             37        0.01      230.02    APL_ARPEGE_SURFACE_PARALLEL@1
 4044     0.00      430.019        0.000        0.026             37        0.01        0.69    APL_ARPEGE_HYDRO_BUDGET_PARALLEL@1
 4045     0.00      430.019        0.000        0.263             37        0.01        7.11    APL_ARPEGE_DEEP_CONVECTION_PARALLEL:COPY@1
 4046     0.00      430.020        0.000        1.519             37        0.01       41.06    APL_ARPEGE_DEEP_CONVECTION_PARALLEL:CUCALLN_MF@1
 4047     0.00      430.020        0.000        0.244             37        0.01        6.59    APL_ARPEGE_DEEP_CONVECTION_PARALLEL:ZERO@1
 4048     0.00      430.020        0.000        0.189             37        0.01        5.10    APL_ARPEGE_PARALLEL:ZBAY_QRCONV@1
 4049     0.00      430.021        0.000        0.518             37        0.01       13.99    CPG_GP_HYD_PARALLEL:1@1
 4050     0.00      430.021        0.000        0.041             37        0.01        1.12    MF_PHYS_FPL_PART2_PARALLEL@1
 4051     0.00      430.022        0.000        0.012              1        0.42       12.21    SUPHMPA@1
 4052     0.00      430.022        0.000        0.000             37        0.01        0.01    LAPINEB_PARALLEL:LARCHE:GET_DATA@1
 4053     0.00      430.023        0.000        0.000             37        0.01        0.01    APL_ARPEGE_PRECIPITATION_PARALLEL:ACUPTQ:GET_DATA@1
 4054     0.00      430.023        0.000        0.000             37        0.01        0.01    ACVPPKF_PARALLEL:PART1:GET_DATA@1
 4055     0.00      430.023        0.000        0.009             37        0.01        0.24    CPG_GP_PARALLEL:GP_SPV@1
 4056     0.00      430.024        0.000        0.005             37        0.01        0.14    CPG_GP_PARALLEL:SETZERO@1
 4057     0.00      430.024        0.000        0.050              1        0.40       50.03    SUECRAD@1
 4058     0.00      430.025        0.000        4.873             37        0.01      131.72    APL_ARPEGE_INIT_PARALLEL:4@1
 4059     0.00      430.025        0.000        0.009              1        0.40        9.20    SUSC2B@1
 4060     0.00      430.025        0.000        0.000              1        0.40        0.40    HQR2@1
 4061     0.00      430.026        0.000        0.266             37        0.01        7.20    APL_ARPEGE_DEEP_CONVECTION_PARALLEL:INIT@1
 4062     0.00      430.026        0.000        0.029             37        0.01        0.79    CPXFU_PARALLEL:4@1
 4063     0.00      430.027        0.000        0.003             37        0.01        0.09    CPXFU_PARALLEL:1@1
 4064     0.00      430.027        0.000        0.000             37        0.01        0.01    APL_ARPEGE_PARALLEL:ACCLPH:GET_DATA@1
 4065     0.00      430.027        0.000        0.000             38        0.01        0.01    UPDMOON@1
 4066     0.00      430.028        0.000        0.000              1        0.39        0.39    RRTM_KGB3@1
 4067     0.00      430.028        0.000        0.000            324        0.00        0.00    SCAN2M_TS_PARALLEL:0:GET_DATA@1
 4068     0.00      430.029        0.000        2.041             37        0.01       55.16    MF_PHYS_INIT_PARALLEL@1
 4069     0.00      430.029        0.000        0.037             37        0.01        1.00    APL_WIND_GUST_PARALLEL:ACCLDIA@1
 4070     0.00      430.029        0.000        0.005             37        0.01        0.14    CPG_GP_PARALLEL:MAP_FACTOR@1
 4071     0.00      430.030        0.000        0.361             37        0.01        9.77    LAVENT_PARALLEL@1
 4072     0.00      430.030        0.000        0.000             37        0.01        0.01    LATTEX_EXPL_VSPLTRANS_PARALLEL@1
 4073     0.00      430.030        0.000        0.000             36        0.01        0.01    CPCFU_PARALLEL:1:GET_DATA@1
 4074     0.00      430.031        0.000        0.044              1        0.38       44.23    SUSI@1
 4075     0.00      430.031        0.000        0.000             37        0.01        0.01    APL_ARPEGE_PARALLEL:QNGCOR:GET_DATA@1
 4076     0.00      430.032        0.000        0.087             37        0.01        2.34    APL_ARPEGE_SURFACE_UPDATE_PARALLEL:LMSE_F@1
 4077     0.00      430.032        0.000        0.000             37        0.01        0.01    CPXFU_PARALLEL:2:GET_DATA@1
 4078     0.00      430.032        0.000        5.573             37        0.01      150.62    TRANSINV_MDL@1
 4079     0.00      430.033        0.000        0.000             37        0.01        0.01    ACVPPKF_PARALLEL:PART3:GET_DATA@1
 4080     0.00      430.033        0.000        4.325             37        0.01      116.90    APL_ARPEGE_SURFACE_PARALLEL:ACDIFV1@1
 4081     0.00      430.033        0.000        0.104              1        0.38      103.80    SUDYN@1
 4082     0.00      430.034        0.000        0.000             41        0.01        0.01    GRIB_API:IGRIB_SET_INT8@1
 4083     0.00      430.034        0.000        0.007             37        0.01        0.19    CPXFU_PARALLEL:3@1
 4084     0.00      430.035        0.000        0.000             37        0.01        0.01    APL_ARPEGE_RADIATION_PARALLEL:RADHEAT:GET_DATA@1
 4085     0.00      430.035        0.000        0.022             37        0.01        0.61    CPXFU_PARALLEL:2@1
 4086     0.00      430.035        0.000        0.092            234        0.00        0.39    SPNORMBM@1
 4087     0.00      430.036        0.000        0.000              1        0.37        0.37    SURFACE_FIELDS_MIX:DEALLO_SURF@1
 4088     0.00      430.036        0.000        0.002              1        0.37        1.86    INI_RAIN_ICE@1
 4089     0.00      430.036        0.000        0.000             37        0.01        0.01    APL_ARPEGE_PARALLEL:CPPHINP:GET_DATA@1
 4090     0.00      430.037        0.000        2.834             37        0.01       76.61    APL_ARPEGE_INIT_PARALLEL:5@1
 4091     0.00      430.037        0.000        0.208             37        0.01        5.62    APL_ARPEGE_DEEP_CONVECTION_PARALLEL:ACUPTQ@1
 4092     0.00      430.038        0.000        0.027             37        0.01        0.74    CPGLAG_PARALLEL:1@1
 4093     0.00      430.038        0.000        0.001              1        0.36        1.05    SUECAEOR@1
 4094     0.00      430.038        0.000        0.313             37        0.01        8.46    APL_ARPEGE_PARALLEL:ACDRME@1
 4095     0.00      430.039        0.000        0.000             37        0.01        0.01    APL_ARPEGE_CLOUDINESS_PARALLEL:ACNEBCOND:GET_DATA@1
 4096     0.00      430.039        0.000       19.511             37        0.01      527.32    ACVPPKF_PARALLEL:PART1@1
 4097     0.00      430.039        0.000        0.001            202        0.00        0.00    SUCLDP:BETAI@1
 4098     0.00      430.040        0.000        0.000              6        0.06        0.06    MINV_8:GEDI@1
 4099     0.00      430.040        0.000        0.000            222        0.00        0.00    LATTEX_EXPL_2TL_PARALLEL:3:GET_DATA@1
 4100     0.00      430.040        0.000        0.000              1        0.35        0.35    SRTM_KGB17@1
 4101     0.00      430.041        0.000        0.009             37        0.01        0.25    CPG_END_SFC_PARALLEL@1
 4102     0.00      430.041        0.000        0.000             37        0.01        0.01    ACVPPKF_PARALLEL:PART0:GET_DATA@1
 4103     0.00      430.041        0.000        0.000              1        0.35        0.35    RRTM_KGB5@1
 4104     0.00      430.042        0.000        0.000             37        0.01        0.01    CPG_DIA_FLU_PARALLEL:1:GET_DATA@1
 4105     0.00      430.042        0.000        0.001            555        0.00        0.00    GPRCP_EXPL_PARALLEL:1:NULLIFY@1
 4106     0.00      430.042        0.000        0.000              1        0.35        0.35    SRTM_KGB21@1
 4107     0.00      430.043        0.000        5.573             37        0.01      150.63    TRANSINVH@1
 4108     0.00      430.043        0.000        0.000             30        0.01        0.01    APL_ARPEGE_RADIATION_PARALLEL:CALLRAD_F:COMPUTE@1
 4109     0.00      430.044        0.000        0.001              1        0.34        1.05    SUECAESD@1
 4110     0.00      430.044        0.000        0.000              3        0.11        0.11    "lfiouv_alts_ext:read1"@1:lfi_alts.c
 4111     0.00      430.044        0.000        0.411             37        0.01       11.12    MF_PHYS_PREP_PARALLEL@1
 4112     0.00      430.045        0.000        0.330             37        0.01        8.91    LATTES_PARALLEL@1
 4113     0.00      430.045        0.000        0.000             36        0.01        0.01    CPCFU_PARALLEL:2:GET_DATA@1
 4114     0.00      430.045        0.000        0.062             37        0.01        1.68    APL_ARPEGE_OCEANIC_FLUXES_PARALLEL@1
 4115     0.00      430.046        0.000       12.197             37        0.01      329.66    APL_ARPEGE_INIT_PARALLEL:3@1
 4116     0.00      430.046        0.000        0.000              1        0.34        0.34    RRTM_KGB4@1
 4117     0.00      430.046        0.000        0.000             37        0.01        0.01    CPG_GP_PARALLEL:GPINISLB_PART1_EXPL:GET_DATA@1
 4118     0.00      430.047        0.000        0.002              2        0.17        0.95    SUFPC@1
 4119     0.00      430.047        0.000        0.046             37        0.01        1.25    CPGLAG_PARALLEL:STR@1
 4120     0.00      430.047        0.000        0.817             37        0.01       22.08    APL_ARPEGE_CLOUDINESS_PARALLEL@1
 4121     0.00      430.048        0.000        0.015             36        0.01        0.42    CPCFU_PARALLEL:0@1
 4122     0.00      430.048        0.000        0.000             37        0.01        0.01    LAVABO_PARALLEL:0:GET_DATA@1
 4123     0.00      430.048        0.000        0.012             37        0.01        0.33    CPG_DIA_FLU_PARALLEL:4@1
 4124     0.00      430.049        0.000        0.005              1        0.33        4.65    SU0PHY@1
 4125     0.00      430.049        0.000        0.001              1        0.33        0.92    SUECAESS@1
 4126     0.00      430.049        0.000        0.000              2        0.17        0.17    READ_XKER_RACCS@1
 4127     0.00      430.050        0.000        0.000              1        0.33        0.33    MF_PHYS_SAVE_PHSURF_PART1_PARALLEL:PART1:GET_DATA@1
 4128     0.00      430.050        0.000        0.001              1        0.33        0.94    SUSTA@1
 4129     0.00      430.050        0.000        0.106             37        0.01        2.86    CPG_DIA_FLU_PARALLEL:2@1
 4130     0.00      430.051        0.000        1.623             37        0.01       43.86    LARMES_PARALLEL@1
 4131     0.00      430.051        0.000        0.000              1        0.33        0.33    IOGRID_MOD:INI_INDSEL@1
 4132     0.00      430.051        0.000        0.000             37        0.01        0.01    LATTES_PARALLEL:0:GET_DATA@1
 4133     0.00      430.052        0.000        0.001              1        0.32        0.98    SUECAESU@1
 4134     0.00      430.052        0.000        0.000             37        0.01        0.01    APL_ARPEGE_DEEP_CONVECTION_PARALLEL:INIT:GET_DATA@1
 4135     0.00      430.052        0.000        0.791              1        0.32      791.34    SUSPEC@1
 4136     0.00      430.052        0.000        0.004             37        0.01        0.12    APL_ARPEGE_INIT_PARALLEL:6@1
 4137     0.00      430.053        0.000        0.069             37        0.01        1.88    APL_ARPEGE_PARALLEL:ZDE2MR@1
 4138     0.00      430.053        0.000        0.000             37        0.01        0.01    LARCINB_PARALLEL:LAITRE_GMV:GET_DATA@1
 4139     0.00      430.053        0.000        0.083             37        0.01        2.24    APL_ARPEGE_PARALLEL:ACVISIH@1
 4140     0.00      430.054        0.000        0.507             43        0.01       11.80    FACILO_MT@1
 4141     0.00      430.054        0.000        0.000            145        0.00        0.00    FANFAR_MT@1
 4142     0.00      430.054        0.000        0.000             37        0.01        0.01    APL_ARPEGE_INIT_PARALLEL:5:GET_DATA@1
 4143     0.00      430.055        0.000        0.040             37        0.01        1.08    MF_PHYS_FPL_PART1_PARALLEL@1
 4144     0.00      430.055        0.000        0.000              1        0.31        0.31    SUALMP2@1
 4145     0.00      430.055        0.000        0.013             37        0.01        0.36    APL_ARPEGE_ALBEDO_COMPUTATION_PARALLEL:0@1
 4146     0.00      430.056        0.000        0.018             36        0.01        0.49    CPCFU_PARALLEL:1@1
 4147     0.00      430.056        0.000        0.000              1        0.31        0.31    FINAL_STATS@1
 4148     0.00      430.056        0.000        0.000              1        0.31        0.31    SRTM_KGB28@1
 4149     0.00      430.057        0.000        0.000             37        0.01        0.01    APL_ARPEGE_PARALLEL:FRSOPT:GET_DATA@1
 4150     0.00      430.057        0.000        0.025             37        0.01        0.69    APL_ARPEGE_SOIL_HYDRO_PARALLEL:ACVEG@1
 4151     0.00      430.057        0.000        0.016             37        0.01        0.43    APL_ARPEGE_PARALLEL:PPWETPOINT@1
 4152     0.00      430.057        0.000        0.000            222        0.00        0.00    LAPINEB_PARALLEL:CVGQ:GET_DATA@1
 4153     0.00      430.058        0.000        0.000             37        0.01        0.01    APL_ARPEGE_DEEP_CONVECTION_PARALLEL:ACUPTQ:GET_DATA@1
 4154     0.00      430.058        0.000        0.000             37        0.01        0.01    APL_ARPEGE_PARALLEL:APLPAR_INIT:GET_DATA@1
 4155     0.00      430.058        0.000        0.001             36        0.01        0.03    CPCFU_PARALLEL:5@1
 4156     0.00      430.059        0.000        0.005             36        0.01        0.15    APL_ARPEGE_RADIATION_PARALLEL:SUNSHINE@1
 4157     0.00      430.059        0.000       10.319             37        0.01      278.88    CPG_DYN_SLG_PARALLEL@1
 4158     0.00      430.059        0.000        0.000             37        0.01        0.01    CPG_GP_PARALLEL:MAP_FACTOR:GET_DATA@1
 4159     0.00      430.060        0.000        0.100             37        0.01        2.70    GPTF1_YDVARS_PARALLEL@1
 4160     0.00      430.060        0.000        0.019              3        0.10        6.25    FIELD_CONTAINER_GP_MOD:FIELD_CREATE@1
 4161     0.00      430.060        0.000        0.005             37        0.01        0.12    APL_ARPEGE_PARALLEL:BAYRAD@1
 4162     0.00      430.060        0.000        0.000             37        0.01        0.01    CPG_GP_HYD_PARALLEL:1:GET_DATA@1
 4163     0.00      430.061        0.000        0.000             74        0.00        0.00    GPMPFC_EXPL_PART2_PARALLEL:0:GET_DATA@1
 4164     0.00      430.061        0.000        0.009             36        0.01        0.25    CPCFU_PARALLEL:3@1
 4165     0.00      430.061        0.000        0.016             36        0.01        0.43    CPCFU_PARALLEL:2@1
 4166     0.00      430.062        0.000        0.000             37        0.01        0.01    CPG_GP_PARALLEL:GP_SPV:GET_DATA@1
 4167     0.00      430.062        0.000        0.000             37        0.01        0.01    MF_PHYS_PARALLEL:MF_PHYS_BASE_STATE%INIT@1
 4168     0.00      430.062        0.000        0.001              1        0.29        1.04    SUECAEBC@1
 4169     0.00      430.062        0.000        0.009             37        0.01        0.24    LAVABO_EXPL_LAITVSPCQM_PART1_PARALLEL@1
 4170     0.00      430.063        0.000        0.000              1        0.28        0.28    SUALDYN_DDH@1
 4171     0.00      430.063        0.000        0.169             36        0.01        4.69    SPCHORNEW@1
 4172     0.00      430.063        0.000        0.000            222        0.00        0.00    GPINISLB_PART2_EXPL_PARALLEL:0:GET_DATA@1
 4173     0.00      430.064        0.000        0.000            185        0.00        0.00    GPRCP_EXPL_PARALLEL:2:GET_DATA@1
 4174     0.00      430.064        0.000        0.000              1        0.28        0.28    GFL_SUBS_MOD:PRINT_GFL@1
 4175     0.00      430.064        0.000        0.212             37        0.01        5.73    APL_ARPEGE_PARALLEL:ACDRAG@1
 4176     0.00      430.064        0.000        0.000             37        0.01        0.01    CPXFU_PARALLEL:0:GET_DATA@1
 4177     0.00      430.065        0.000        0.040             37        0.01        1.09    APL_ARPEGE_PARALLEL:EDR@1
 4178     0.00      430.065        0.000        0.000             37        0.01        0.01    LARCINB_PARALLEL:LCOMAD_SP:GET_DATA@1
 4179     0.00      430.065        0.000        1.426             37        0.01       38.55    APL_ARPEGE_ATMOSPHERE_UPDATE_PARALLEL:CPTEND_NEW@1
 4180     0.00      430.065        0.000        0.001              1        0.27        0.84    SUTOPH@1
 4181     0.00      430.066        0.000        0.000             37        0.01        0.01    CPXFU_PARALLEL:1:GET_DATA@1
 4182     0.00      430.066        0.000        0.000             37        0.01        0.01    MF_PHYS_PREP_PARALLEL:PREP:GET_DATA@1
 4183     0.00      430.066        0.000        0.000             37        0.01        0.01    LAPINEB_PARALLEL:NVLAG3:GET_DATA@1
 4184     0.00      430.066        0.000        0.000              1        0.26        0.26    SPGEOM_MOD:SUGMRE@1
 4185     0.00      430.067        0.000        0.844             37        0.01       22.82    LASSIE_PARALLEL@1
 4186     0.00      430.067        0.000        0.001              1        0.26        0.62    SUDYNA@1
 4187     0.00      430.067        0.000        0.000             37        0.01        0.01    APL_ARPEGE_INIT_PARALLEL:1:GET_DATA@1
 4188     0.00      430.068        0.000        0.000             48        0.01        0.01    MONIO_T@1
 4189     0.00      430.068        0.000        0.000            222        0.00        0.00    LARCINB_PARALLEL:LAITRE_GFL:NULLIFY@1
 4190     0.00      430.068        0.000        0.007             37        0.01        0.18    APL_ARPEGE_PARALLEL:PRECIPS@1
 4191     0.00      430.068        0.000        0.000             37        0.01        0.01    CPGLAG_PARALLEL:0:GET_DATA@1
 4192     0.00      430.069        0.000        0.000             37        0.01        0.01    APL_ARPEGE_PARALLEL:ACDRME:GET_DATA@1
 4193     0.00      430.069        0.000        0.000             37        0.01        0.01    APL_ARPEGE_DEEP_CONVECTION_PARALLEL:ZERO:GET_DATA@1
 4194     0.00      430.069        0.000        0.027             37        0.01        0.73    APL_ARPEGE_RADIATION_PARALLEL:DIRECT@1
 4195     0.00      430.069        0.000        0.000             37        0.01        0.01    APL_ARPEGE_DEEP_CONVECTION_PARALLEL:COPY:GET_DATA@1
 4196     0.00      430.070        0.000        6.082             36        0.01      168.94    TRANSDIR_MDL@1
 4197     0.00      430.070        0.000        0.000              3        0.08        0.08    FIELD_GFL_WRAPPER:GFL_MAPPING_SETUP@1
 4198     0.00      430.070        0.000        0.001              1        0.25        1.00    SUXFU@1
 4199     0.00      430.070        0.000        0.000             36        0.01        0.01    CPCFU_PARALLEL:0:GET_DATA@1
 4200     0.00      430.071        0.000        0.000             37        0.01        0.01    APL_ARPEGE_SURFACE_PARALLEL:ACDIFV1:GET_DATA@1
 4201     0.00      430.071        0.000        0.000            594        0.00        0.00    SUCLDP:GAMMLN@1
 4202     0.00      430.071        0.000        0.474             37        0.01       12.81    APL_ARPEGE_DPRECIPS_PARALLEL:0@1
 4203     0.00      430.071        0.000        0.158             37        0.01        4.26    CTVTOT_EXPL_PARALLEL@1
 4204     0.00      430.071        0.000        0.001              1        0.24        0.62    SUGEM_NAML@1
 4205     0.00      430.072        0.000        0.002             55        0.00        0.04    FANION_MT@1
 4206     0.00      430.072        0.000        0.000              1        0.23        0.23    RRTM_KGB9@1
 4207     0.00      430.072        0.000        0.000              1        0.23        0.23    RRTM_KGB7@1
 4208     0.00      430.072        0.000        0.023             10        0.02        2.32    GPNORM1@1
 4209     0.00      430.073        0.000        0.000             36        0.01        0.01    CPCFU_PARALLEL:3:GET_DATA@1
 4210     0.00      430.073        0.000        0.000             37        0.01        0.01    APL_ARPEGE_INIT_PARALLEL:4:GET_DATA@1
 4211     0.00      430.073        0.000        0.000            148        0.00        0.00    GPINISLB_PART2_EXPL_PARALLEL:1:GET_DATA@1
 4212     0.00      430.073        0.000        0.136              1        0.23      136.25    SUGRIDA@1
 4213     0.00      430.074        0.000        0.069             37        0.01        1.85    CPXFU_PARALLEL@1
 4214     0.00      430.074        0.000       38.113              1        0.22    38113.42    SCAN2M_OOPS@1
 4215     0.00      430.074        0.000        3.132              7        0.03      447.37    RECMWF_PARALLEL:PREPARE@1
 4216     0.00      430.074        0.000        0.000             41        0.01        0.01    TRMTOL_BAR2@1
 4217     0.00      430.074        0.000        0.000              5        0.04        0.04    FIELD_CONTAINER_GP_MOD:FIELD_DESTROY@1
 4218     0.00      430.075        0.000        0.000              1        0.22        0.22    SURCORDI@1
 4219     0.00      430.075        0.000        0.000             37        0.01        0.01    MF_PHYS_INIT_PARALLEL:ZERO:NULLIFY@1
 4220     0.00      430.075        0.000        0.629             37        0.01       17.00    APL_ARPEGE_CLOUDINESS_PARALLEL:ACNEBCOND@1
 4221     0.00      430.075        0.000        0.000              1        0.22        0.47    SUNDDH@1
 4222     0.00      430.076        0.000        0.000             37        0.01        0.01    MF_PHYS_MOCON_PARALLEL:PPWETPOINT:GET_DATA@1
 4223     0.00      430.076        0.000        0.014             37        0.01        0.39    APL_ARPEGE_ALBEDO_COMPUTATION_PARALLEL@1
 4224     0.00      430.076        0.000        0.008              1        0.21        8.00    RADIATION_SETUP:SETUP_RADIATION_SCHEME_CPU@1
 4225     0.00      430.076        0.000        0.000             37        0.01        0.01    LARCINB_PARALLEL:NTLAG_3:GET_DATA@1
 4226     0.00      430.076        0.000        0.012              1        0.21       12.07    SUVERT@1
 4227     0.00      430.077        0.000        0.196             37        0.01        5.30    CPG_END_MAP_PARALLEL@1
 4228     0.00      430.077        0.000        0.000            324        0.00        0.00    SCAN2M_TS_PARALLEL:0:NULLIFY@1
 4229     0.00      430.077        0.000        0.000              1        0.21        0.21    MF_PHYS_SAVE_PHSURF_PART2_PARALLEL:PART2:COMPUTE@1
 4230     0.00      430.077        0.000        0.000             37        0.01        0.01    MF_PHYS_TRANSFER_PARALLEL:ALL:GET_DATA@1
 4231     0.00      430.077        0.000        0.000             12        0.02        0.02    SURFACE_FIELDS_MIX:FINALISE_SFLP3@1
 4232     0.00      430.078        0.000        0.000            222        0.00        0.00    LAPINEB_PARALLEL:ZERO_GMV9:GET_DATA@1
 4233     0.00      430.078        0.000        0.002              1        0.20        2.28    YOMVAR:SETUP_VAR@1
 4234     0.00      430.078        0.000        0.071             37        0.01        1.91    MF_PHYS_MOCON_PARALLEL@1
 4235     0.00      430.078        0.000        0.002              7        0.03        0.23    RECMWF_PARALLEL:ECRAD_POST@1
 4236     0.00      430.078        0.000        0.000            333        0.00        0.00    CPUTQY0_PARALLEL:PVAR:NULLIFY@1
 4237     0.00      430.079        0.000        0.000              7        0.03        0.03    RECMWF_PARALLEL:FINISH:GET_DATA@1
 4238     0.00      430.079        0.000        0.000             37        0.01        0.01    APL_ARPEGE_RADIATION_PARALLEL:ACDAYD:GET_DATA@1
 4239     0.00      430.079        0.000        0.000             37        0.01        0.01    APL_ARPEGE_PARALLEL:ZRDG_LCVQ:GET_DATA@1
 4240     0.00      430.079        0.000        0.000             37        0.01        0.01    APL_ARPEGE_PARALLEL:PPWETPOINT:GET_DATA@1
 4241     0.00      430.079        0.000        0.000            144        0.00        0.00    EXCHANGE_MS:ADD3DF@1
 4242     0.00      430.080        0.000        0.000             37        0.01        0.01    LAPINEB_PARALLEL:LACONE:GET_DATA@1
 4243     0.00      430.080        0.000        0.000            185        0.00        0.00    ACCTND0_PARALLEL:PACC:GET_DATA@1
 4244     0.00      430.080        0.000        0.000             37        0.01        0.01    CPG_GP_PARALLEL:GPINISLB_PART3_EXPL:GET_DATA@1
 4245     0.00      430.080        0.000      217.320              7        0.03    31045.77    RECMWF_PARALLEL@1
 4246     0.00      430.080        0.000        0.000              1        0.19        0.29    SUVERT:SUVFE_ADJUST_AB@1
 4247     0.00      430.081        0.000        0.000             37        0.01        0.01    LAPINEB_PARALLEL:ROTUV:GET_DATA@1
 4248     0.00      430.081        0.000        0.000             37        0.01        0.01    APL_ARPEGE_ALBEDO_COMPUTATION_PARALLEL:0:GET_DATA@1
 4249     0.00      430.081        0.000        1.348             37        0.01       36.44    APL_ARPEGE_INIT_PARALLEL:2@1
 4250     0.00      430.081        0.000        0.000            240        0.00        0.00    GAMMA_INC@1
 4251     0.00      430.081        0.000        0.000             37        0.01        0.01    APL_ARPEGE_RADIATION_PARALLEL:LMSE_F:GET_DATA@1
 4252     0.00      430.082        0.000        0.000              1        0.19        0.19    SRTM_KGB24@1
 4253     0.00      430.082        0.000        0.000            469        0.00        0.00    OFFSET_MF@1
 4254     0.00      430.082        0.000        0.000              1        0.19        0.19    SPGEOM_MOD:SUSPGM@1
 4255     0.00      430.082        0.000        0.000              1        0.18        0.19    RRTM_KGB13@1
 4256     0.00      430.082        0.000        0.126            187        0.00        0.67    FASGRA_MT@1
 4257     0.00      430.082        0.000        0.000             37        0.00        0.01    APL_ARPEGE_PARALLEL:DIFTQ:GET_DATA@1
 4258     0.00      430.083        0.000        0.001              1        0.18        1.25    SUCLDP@1
 4259     0.00      430.083        0.000        0.000              1        0.18        0.18    RRTM_CMBGB3_CPU@1
 4260     0.00      430.083        0.000        0.000              1        0.18        0.18    RRTM_KGB16@1
 4261     0.00      430.083        0.000        0.000              1        0.18        0.18    SCAN2M_OOPS:WIPE@1
 4262     0.00      430.083        0.000        0.000             37        0.00        0.01    TRLTOM_BAR2@1
 4263     0.00      430.084        0.000        0.000              1        0.18        0.18    SRTM_KGB19@1
 4264     0.00      430.084        0.000        0.005             37        0.00        0.14    APL_ARPEGE_INIT_PARALLEL:0@1
 4265     0.00      430.084        0.000        0.000             37        0.00        0.01    CPG_GP_HYD_PARALLEL:0:GET_DATA@1
 4266     0.00      430.084        0.000        0.000              2        0.09        0.09    READ_XKER_SDRYG@1
 4267     0.00      430.084        0.000        0.000              2        0.09        0.09    READ_XKER_SWETH@1
 4268     0.00      430.084        0.000        0.000              1        0.18        0.18    SRTM_KGB22@1
 4269     0.00      430.085        0.000        0.000            148        0.00        0.00    GPRCP_EXPL_PARALLEL:4:GET_DATA@1
 4270     0.00      430.085        0.000        0.066            210        0.00        0.32    GSBYTE_MF@1
 4271     0.00      430.085        0.000        0.000             37        0.00        0.01    APL_ARPEGE_PARALLEL:ACTQSAT:GET_DATA@1
 4272     0.00      430.085        0.000        0.000            222        0.00        0.00    LARCINB_PARALLEL:RRINTOPT:NULLIFY@1
 4273     0.00      430.085        0.000        0.115              1        0.18      114.56    RDFA2GP@1
 4274     0.00      430.086        0.000        0.000              1        0.18        0.19    GMV_SUBS_MOD:SETUP_GMV@1
 4275     0.00      430.086        0.000        0.000             30        0.01        0.01    DEALLOCATE_IF_ASSOCIATED_MOD:DEALLOCATE_IF_ASSOCIATED_REAL_1D@1
 4276     0.00      430.086        0.000        0.069             37        0.00        1.85    APL_ARPEGE_AEROSOLS_FOR_RADIATION_PARALLEL@1
 4277     0.00      430.086        0.000        0.000              1        0.17        0.34    SUCFU@1
 4278     0.00      430.086        0.000        0.000              1        0.17        0.17    SRTM_KGB18@1
 4279     0.00      430.086        0.000        0.001              7        0.02        0.14    RECMWF_PARALLEL:1@1
 4280     0.00      430.087        0.000        0.000             37        0.00        0.00    LARCINB_PARALLEL:NVLAG_3:GET_DATA@1
 4281     0.00      430.087        0.000        0.000             37        0.00        0.00    APL_ARPEGE_SOIL_HYDRO_PARALLEL:ACVEG:GET_DATA@1
 4282     0.00      430.087        0.000        0.000            222        0.00        0.00    LAVABO_EXPL_LAITVSPCQM_PART1_PARALLEL:0:GET_DATA@1
 4283     0.00      430.087        0.000        0.090             37        0.00        2.42    APL_ARPEGE_SURFACE_UPDATE_PARALLEL@1
 4284     0.00      430.087        0.000        0.000            407        0.00        0.00    GBYTE_MF@1
 4285     0.00      430.087        0.000        0.000            222        0.00        0.00    LAPINEB_PARALLEL:CVGQ:NULLIFY@1
 4286     0.00      430.088        0.000        0.006              5        0.03        1.24    GPNORM3@1
 4287     0.00      430.088        0.000        0.000            394        0.00        0.00    GAMMA_X0D@1
 4288     0.00      430.088        0.000        0.000              1        0.16        0.16    RRTM_CMBGB5_CPU@1
 4289     0.00      430.088        0.000        0.000             37        0.00        0.00    CPG_GP_PARALLEL:GPTF2_EXPL_2TL:GET_DATA@1
 4290     0.00      430.088        0.000        0.000             37        0.00        0.00    APL_ARPEGE_PARALLEL:ACVISIH:GET_DATA@1
 4291     0.00      430.088        0.000        0.000            222        0.00        0.00    GPINISLB_PART2_EXPL_PARALLEL:0:NULLIFY@1
 4292     0.00      430.088        0.000        0.556             37        0.00       15.04    APL_ARPEGE_INIT_PARALLEL:1@1
 4293     0.00      430.089        0.000        0.000             37        0.00        0.00    MF_PHYS_FPL_PART2_PARALLEL:PART2:GET_DATA@1
 4294     0.00      430.089        0.000      211.597              7        0.02    30228.08    RECMWF_PARALLEL:ECRAD_CPU@1
 4295     0.00      430.089        0.000        0.005              1        0.15        4.53    RRTM_INIT_140GP_CPU@1
 4296     0.00      430.089        0.000        0.000            222        0.00        0.00    LAPINEB_PARALLEL:ZERO_GMV9:NULLIFY@1
 4297     0.00      430.089        0.000        0.000             37        0.00        0.00    CPUTQY_APLPAR_EXPL_PARALLEL:ZDEC:GET_DATA@1
 4298     0.00      430.089        0.000        0.000             37        0.00        0.00    CPXFU_PARALLEL:3:GET_DATA@1
 4299     0.00      430.090        0.000        0.000            222        0.00        0.00    LATTEX_EXPL_2TL_PARALLEL:3:NULLIFY@1
 4300     0.00      430.090        0.000        0.001            184        0.00        0.00    IOGRIDA_MOD:ACPY@1
 4301     0.00      430.090        0.000        0.000             37        0.00        0.00    CPG_DIA_FLU_PARALLEL:0:GET_DATA@1
 4302     0.00      430.090        0.000        0.000             37        0.00        0.00    APL_ARPEGE_DPRECIPS_PARALLEL:0:GET_DATA@1
 4303     0.00      430.090        0.000        0.000              1        0.15        0.15    RRTM_KGB15@1
 4304     0.00      430.090        0.000        0.000             37        0.00        0.00    LAVABO_PARALLEL:2:GET_DATA@1
 4305     0.00      430.090        0.000        0.000              1        0.15        0.15    SCAN2M_OOPS:COPY@1
 4306     0.00      430.091        0.000        0.000             22        0.01        0.01    SURFACE_FIELDS_MIX:FINALISE_SFLP2@1
 4307     0.00      430.091        0.000        6.082             36        0.00      168.94    TRANSDIRH@1
 4308     0.00      430.091        0.000        0.001              1        0.14        1.22    SUPHY1@1
 4309     0.00      430.091        0.000        0.589              1        0.14      589.36    SU0YOMA@1
 4310     0.00      430.091        0.000        0.000             37        0.00        0.00    LAPINEB_PARALLEL:TEMP_EQ:GET_DATA@1
 4311     0.00      430.091        0.000        0.000              1        0.14        0.14    RRTM_CMBGB4_CPU@1
 4312     0.00      430.091        0.000        0.001              1        0.14        0.61    SUNUD@1
 4313     0.00      430.092        0.000        0.000             37        0.00        0.00    CPUTQY_APLPAR_EXPL_PARALLEL:PFDIS:GET_DATA@1
 4314     0.00      430.092        0.000        0.003              1        0.14        3.37    SRTM_INIT_CPU@1
 4315     0.00      430.092        0.000        0.026             37        0.00        0.69    APL_ARPEGE_SOIL_HYDRO_PARALLEL@1
 4316     0.00      430.092        0.000        0.001              1        0.14        0.63    YOMCST:SETUP_CONSTANTS@1
 4317     0.00      430.092        0.000        0.000             37        0.00        0.00    APL_WIND_GUST_PARALLEL:ACCLDIA:GET_DATA@1
 4318     0.00      430.092        0.000        0.000            212        0.00        0.00    IOMULTIBUF_MOD:IOMULTIBUF_INCR_IDX@1
 4319     0.00      430.092        0.000        0.000              1        0.13        0.14    RRTM_KGB12@1
 4320     0.00      430.093        0.000        0.000             37        0.00        0.00    LAVENT_PARALLEL:0:NULLIFY@1
 4321     0.00      430.093        0.000        0.000             38        0.00        0.00    SCAN2M_ALLOCATE_T1@1
 4322     0.00      430.093        0.000        0.000             37        0.00        0.00    CPG_GP_HYD_PARALLEL:2:NULLIFY@1
 4323     0.00      430.093        0.000        2.358              7        0.02      336.92    RECMWF_PARALLEL:FINISH@1
 4324     0.00      430.093        0.000        0.000            148        0.00        0.00    GPRCP_EXPL_PARALLEL:0:NULLIFY@1
 4325     0.00      430.093        0.000        0.000              1        0.13        0.13    SUGEM1B@1
 4326     0.00      430.093        0.000        0.000             37        0.00        0.00    APL_ARPEGE_ATMOSPHERE_UPDATE_PARALLEL:CPTEND_NEW:NULLIFY@1
 4327     0.00      430.093        0.000        0.000             37        0.00        0.00    CPG_DIA_FLU_PARALLEL:2:GET_DATA@1
 4328     0.00      430.094        0.000        0.507             37        0.00       13.70    CPG_PARALLEL:ZEROSL1:COMPUTE@1
 4329     0.00      430.094        0.000        0.000             37        0.00        0.00    CPG_DIA_FLU_PARALLEL:3:GET_DATA@1
 4330     0.00      430.094        0.000        0.000            222        0.00        0.00    LAVABO_EXPL_LAITVSPCQM_PART1_PARALLEL:0:NULLIFY@1
 4331     0.00      430.094        0.000        0.000             37        0.00        0.00    CPG_PARALLEL:ZEROSL1:NULLIFY@1
 4332     0.00      430.094        0.000        0.001              1        0.12        0.66    SUPHY3@1
 4333     0.00      430.094        0.000        0.028              2        0.06       13.91    FACGRM_MT@1
 4334     0.00      430.094        0.000        0.000             37        0.00        0.00    CPG_GP_HYD_PARALLEL:3:GET_DATA@1
 4335     0.00      430.094        0.000        0.000             37        0.00        0.00    APL_ARPEGE_DEEP_CONVECTION_PARALLEL:COPY:NULLIFY@1
 4336     0.00      430.095        0.000        0.000             74        0.00        0.00    LAPINEB_PARALLEL:ROTUVGEO:NULLIFY@1
 4337     0.00      430.095        0.000        0.000             37        0.00        0.00    MF_PHYS_PREP_PARALLEL:PREP:NULLIFY@1
 4338     0.00      430.095        0.000        0.037             37        0.00        1.01    APL_WIND_GUST_PARALLEL@1
 4339     0.00      430.095        0.000        0.000             37        0.00        0.00    APL_ARPEGE_DEEP_CONVECTION_PARALLEL:INIT:NULLIFY@1
 4340     0.00      430.095        0.000        0.000              1        0.12        0.12    YOMCSGEOM:DEALLO_TCSGEOM@1
 4341     0.00      430.095        0.000        0.000             37        0.00        0.00    ACVPPKF_PARALLEL:PART3:NULLIFY@1
 4342     0.00      430.095        0.000        0.000             37        0.00        0.00    ACVPPKF_PARALLEL:PART0:NULLIFY@1
 4343     0.00      430.095        0.000        0.000             37        0.00        0.00    CPG_SL2_TYPE_SYNC_HOST@1
 4344     0.00      430.096        0.000        0.000            185        0.00        0.00    ACCTND0_PARALLEL:PACC:NULLIFY@1
 4345     0.00      430.096        0.000        0.000             37        0.00        0.00    APL_ARPEGE_DEEP_CONVECTION_PARALLEL:CUCALLN_MF:NULLIFY@1
 4346     0.00      430.096        0.000        0.001              7        0.02        0.13    RECMWF_PARALLEL:2@1
 4347     0.00      430.096        0.000        0.000             37        0.00        0.00    APL_ARPEGE_SHALLOW_CONVECTION_AND_TURBULENCE_PARALLEL:ACTKE:NULLIFY@1
 4348     0.00      430.096        0.000        0.000            285        0.00        0.00    TYPE_FADS:YSUFAD@1
 4349     0.00      430.096        0.000        0.000            144        0.00        0.00    MYRECVSET@1
 4350     0.00      430.096        0.000        0.000              1        0.11        0.11    SRTM_CMBGB17_CPU@1
 4351     0.00      430.096        0.000        0.000             37        0.00        0.00    CPG_GP_PARALLEL:GPINISLB_PART1_EXPL:NULLIFY@1
 4352     0.00      430.096        0.000        0.000             37        0.00        0.01    TXFU_TYPE_RESET@1
 4353     0.00      430.097        0.000        0.000              1        0.11        0.11    SUHDVP@1
 4354     0.00      430.097        0.000        0.000             37        0.00        0.00    CPG_PARALLEL:LSMTSOL:GET_DATA@1
 4355     0.00      430.097        0.000        0.006              1        0.11        6.47    radiation_interface_CPU:setup_radiation_CPU@1
 4356     0.00      430.097        0.000        0.000              1        0.11        0.11    RRTM_KGB8@1
 4357     0.00      430.097        0.000        0.002             37        0.00        0.06    MF_PHYS_TRANSFER_PARALLEL@1
 4358     0.00      430.097        0.000        0.000             36        0.00        0.00    CPCFU_PARALLEL:5:GET_DATA@1
 4359     0.00      430.097        0.000        0.000             39        0.00        0.00    SUMETRIC@1
 4360     0.00      430.097        0.000        0.000             37        0.00        0.00    CPG_DIA_FLU_PARALLEL:0:NULLIFY@1
 4361     0.00      430.097        0.000        0.000            148        0.00        0.00    GPRCP_EXPL_PARALLEL:4:NULLIFY@1
 4362     0.00      430.098        0.000        0.000             37        0.00        0.00    APL_ARPEGE_PARALLEL:ZBAY_QRCONV:GET_DATA@1
 4363     0.00      430.098        0.000        0.000              1        0.11        0.11    SUALDYNB@1
 4364     0.00      430.098        0.000        0.000            144        0.00        0.00    MYSENDSET@1
 4365     0.00      430.098        0.000        0.965             37        0.00       26.08    CPG_PARALLEL:SHUFFLESL1:COMPUTE@1
 4366     0.00      430.098        0.000        0.000             37        0.00        0.00    GPRCP_EXPL_PARALLEL:5:GET_DATA@1
 4367     0.00      430.098        0.000        0.000            241        0.00        0.00    FANUMU_MT@1
 4368     0.00      430.098        0.000        0.000             37        0.00        0.00    APL_ARPEGE_PRECIPITATION_PARALLEL:ACUPTQ:NULLIFY@1
 4369     0.00      430.098        0.000        0.000             11        0.01        0.01    FACADI_MT@1
 4370     0.00      430.098        0.000        0.000            185        0.00        0.00    GPRCP_EXPL_PARALLEL:2:NULLIFY@1
 4371     0.00      430.099        0.000        0.000              7        0.02        0.02    RECMWF_PARALLEL:ECRAD_CPU:GET_DATA@1
 4372     0.00      430.099        0.000        0.000            148        0.00        0.00    GPINISLB_PART2_EXPL_PARALLEL:1:NULLIFY@1
 4373     0.00      430.099        0.000        0.000              3        0.03        0.04    GRIB_API:IGRIB_RELEASE@1
 4374     0.00      430.099        0.000        0.000             37        0.00        0.00    CPUTQY_APLPAR_EXPL_PARALLEL:ZDEC:NULLIFY@1
 4375     0.00      430.099        0.000        0.000             37        0.00        0.00    APL_ARPEGE_CLOUDINESS_PARALLEL:ACNEBCOND:NULLIFY@1
 4376     0.00      430.099        0.000        0.000              8        0.01        0.01    UPDECOZC@1
 4377     0.00      430.099        0.000        0.000              1        0.10        0.10    radiation_config:read_config_from_namelist_CPU@1
 4378     0.00      430.099        0.000        0.000              1        0.10        0.10    SRTM_CMBGB21_CPU@1
 4379     0.00      430.099        0.000        0.000             37        0.00        0.00    LAPINEB_PARALLEL:L_RDRY_VD:GET_DATA@1
 4380     0.00      430.099        0.000        0.000             37        0.00        0.00    APL_ARPEGE_INIT_PARALLEL:4:NULLIFY@1
 4381     0.00      430.100        0.000        0.000              1        0.10        0.10    FAICOR_MT@1
 4382     0.00      430.100        0.000        0.000              2        0.05        0.05    READ_XKER_GWETH@1
 4383     0.00      430.100        0.000        0.000             37        0.00        0.00    LAPINEB_PARALLEL:LARCHE:NULLIFY@1
 4384     0.00      430.100        0.000        0.000             37        0.00        0.00    APL_ARPEGE_DEEP_CONVECTION_PARALLEL:ZERO:NULLIFY@1
 4385     0.00      430.100        0.000        0.000             57        0.00        0.00    TRGTOL_BAR@1
 4386     0.00      430.100        0.000        0.000             37        0.00        0.00    CPGLAG_PARALLEL:STR:GET_DATA@1
 4387     0.00      430.100        0.000        0.000             37        0.00        0.00    APL_ARPEGE_PARALLEL:ZDE2MR:GET_DATA@1
 4388     0.00      430.100        0.000        0.000             37        0.00        0.00    APL_ARPEGE_PARALLEL:DIFTQ:NULLIFY@1
 4389     0.00      430.100        0.000        0.000             37        0.00        0.00    ACVPPKF_PARALLEL:PART2:NULLIFY@1
 4390     0.00      430.100        0.000        0.000             37        0.00        0.00    APL_ARPEGE_INIT_PARALLEL:2:NULLIFY@1
 4391     0.00      430.101        0.000        0.168             37        0.00        4.55    CPG_PARALLEL:ZEROPB2:COMPUTE@1
 4392     0.00      430.101        0.000        0.000             12        0.01        0.01    SURFACE_FIELDS_MIX:INI_SFLP3@1
 4393     0.00      430.101        0.000        0.000             37        0.00        0.00    CPGLAG_PARALLEL:1:GET_DATA@1
 4394     0.00      430.101        0.000        0.000              2        0.05        0.05    READ_XKER_RWETH@1
 4395     0.00      430.101        0.000        0.000             37        0.00        0.00    APL_ARPEGE_DEEP_CONVECTION_PARALLEL:ACUPTQ:NULLIFY@1
 4396     0.00      430.101        0.000        0.000              1        0.09        0.09    RRTM_KGB10@1
 4397     0.00      430.101        0.000        0.000              1        0.09        0.09    GSTATS_LABEL_IFS@1
 4398     0.00      430.101        0.000        0.000             37        0.00        0.00    LAPINEA_PARALLEL:LARCINA:NULLIFY@1
 4399     0.00      430.101        0.000        0.000              2        0.05        0.05    OPENFAINFO@1
 4400     0.00      430.101        0.000        0.001              2        0.05        0.30    IOGRIDA_MOD:IOGRIDA_SELECT_WH@1
 4401     0.00      430.101        0.000        0.000             37        0.00        0.00    LACDYN_PARALLEL:ZMIXNL:GET_DATA@1
 4402     0.00      430.102        0.000        0.000             30        0.00        0.00    APL_ARPEGE_RADIATION_PARALLEL:CALLRAD_F:GET_DATA@1
 4403     0.00      430.102        0.000        0.000             37        0.00        0.00    APL_ARPEGE_INIT_PARALLEL:6:GET_DATA@1
 4404     0.00      430.102        0.000        0.000              1        0.09        0.09    SRTM_KGB20@1
 4405     0.00      430.102        0.000        0.000            203        0.00        0.00    FANUCA_MT@1
 4406     0.00      430.102        0.000        0.000             72        0.00        0.00    EXCHANGE_MS:ADD2DF@1
 4407     0.00      430.102        0.000        0.000             37        0.00        0.00    GPTF1_YDVARS_PARALLEL:LTWOTL:GET_DATA@1
 4408     0.00      430.102        0.000        0.000             37        0.00        0.00    APL_ARPEGE_PARALLEL:PRECIPS:GET_DATA@1
 4409     0.00      430.102        0.000        0.000             37        0.00        0.00    APL_ARPEGE_INIT_PARALLEL:5:NULLIFY@1
 4410     0.00      430.102        0.000        0.000              1        0.09        0.09    RRTM_KGB11@1
 4411     0.00      430.102        0.000        0.000             37        0.00        0.00    LASSIE_PARALLEL:SITNU:GET_DATA@1
 4412     0.00      430.102        0.000        0.000             41        0.00        0.00    TRLTOG_BAR@1
 4413     0.00      430.102        0.000        0.000              1        0.09        0.09    SRTM_CMBGB28_CPU@1
 4414     0.00      430.103        0.000        0.000             37        0.00        0.00    APL_ARPEGE_INIT_PARALLEL:3:NULLIFY@1
 4415     0.00      430.103        0.000        0.000              1        0.09        0.09    RRTM_KGB2@1
 4416     0.00      430.103        0.000        0.000             37        0.00        0.00    APL_ARPEGE_PARALLEL:PLSM:GET_DATA@1
 4417     0.00      430.103        0.000        0.000              1        0.08        0.08    RRTM_KGB14@1
 4418     0.00      430.103        0.000        0.000             37        0.00        0.00    APL_ARPEGE_PARALLEL:BAYRAD:GET_DATA@1
 4419     0.00      430.103        0.000        0.000             72        0.00        0.00    EXCHANGE_MS:ADD3DFL@1
 4420     0.00      430.103        0.000        0.000             10        0.01        0.01    GFL_SUBS_MOD:DEFINE_GFL_COMP@1
 4421     0.00      430.103        0.000        0.000            202        0.00        0.00    SUCLDP:BETACF@1
 4422     0.00      430.103        0.000        0.000             22        0.00        0.00    SURFACE_FIELDS_MIX:INI_SFLP2@1
 4423     0.00      430.103        0.000        0.000             37        0.00        0.00    APL_ARPEGE_PARALLEL:QNGCOR:NULLIFY@1
 4424     0.00      430.103        0.000        0.000             37        0.00        0.00    LATTEX_PARALLEL:MAIN:NULLIFY@1
 4425     0.00      430.103        0.000        0.000             37        0.00        0.00    TRLTOM_BAR@1
 4426     0.00      430.104        0.000        0.000              1        0.08        0.08    ELMHES@1
 4427     0.00      430.104        0.000        0.068              7        0.01        9.68    APL_ARPEGE_AEROSOLS_FOR_RADIATION_PARALLEL:RADAER@1
 4428     0.00      430.104        0.000        0.000             37        0.00        0.00    APL_ARPEGE_PARALLEL:APLPAR_INIT:NULLIFY@1
 4429     0.00      430.104        0.000        0.000             37        0.00        0.00    APL_ARPEGE_INIT_PARALLEL:0:GET_DATA@1
 4430     0.00      430.104        0.000        0.001              1        0.08        0.59    SUTRANS0@1
 4431     0.00      430.104        0.000        0.000            168        0.00        0.00    GBYTES_MF@1
 4432     0.00      430.104        0.000        0.000              1        0.08        0.08    SRTM_KGB29@1
 4433     0.00      430.104        0.000        0.000             37        0.00        0.00    APL_ARPEGE_HYDRO_BUDGET_PARALLEL:ACDROV:NULLIFY@1
 4434     0.00      430.104        0.000        0.074              1        0.08       74.27    SUPHEC@1
 4435     0.00      430.104        0.000        0.000             37        0.00        0.00    APL_ARPEGE_PARALLEL:CPPHINP:NULLIFY@1
 4436     0.00      430.104        0.000        0.000              1        0.08        0.08    SUHER@1
 4437     0.00      430.104        0.000        0.000             37        0.00        0.00    CPG_PARALLEL:ZEROPB2:NULLIFY@1
 4438     0.00      430.105        0.000        0.000             37        0.00        0.00    CPG_GP_HYD_PARALLEL:1:NULLIFY@1
 4439     0.00      430.105        0.000        0.000              2        0.04        0.04    TXFU_TYPE_INIT@1
 4440     0.00      430.105        0.000        0.000             36        0.00        0.00    APL_ARPEGE_RADIATION_PARALLEL:SUNSHINE:GET_DATA@1
 4441     0.00      430.105        0.000        0.000              2        0.04        0.04    READ_XKER_RDRYG@1
 4442     0.00      430.105        0.000        0.000             37        0.00        0.00    CPUTQY_APLPAR_EXPL_PARALLEL:ZTDCP:GET_DATA@1
 4443     0.00      430.105        0.000        0.000             37        0.00        0.00    APL_ARPEGE_PARALLEL:ACDRME:NULLIFY@1
 4444     0.00      430.105        0.000        0.000             74        0.00        0.00    GPMPFC_EXPL_PART2_PARALLEL:0:NULLIFY@1
 4445     0.00      430.105        0.000        0.000             37        0.00        0.00    LAPINEB_PARALLEL:LACONE:NULLIFY@1
 4446     0.00      430.105        0.000        0.000             37        0.00        0.00    APL_ARPEGE_DPRECIPS_PARALLEL:0:NULLIFY@1
 4447     0.00      430.105        0.000        0.000              1        0.07        0.07    SUALDYN@1
 4448     0.00      430.105        0.000        0.000             41        0.00        0.00    TRMTOL_BAR@1
 4449     0.00      430.105        0.000        0.000             37        0.00        0.00    CPG_PARALLEL:SHUFFLESL1:NULLIFY@1
 4450     0.00      430.105        0.000        0.000             37        0.00        0.00    LARCINB_PARALLEL:NVLAG_3:NULLIFY@1
 4451     0.00      430.105        0.000        0.000             37        0.00        0.00    APL_ARPEGE_INIT_PARALLEL:2:GET_DATA@1
 4452     0.00      430.106        0.000        0.000             47        0.00        0.01    FANFAN_MT@1
 4453     0.00      430.106        0.000        0.000             37        0.00        0.00    MF_PHYS_FPL_PART1_PARALLEL:PART1:GET_DATA@1
 4454     0.00      430.106        0.000        0.000             37        0.00        0.00    LARCINB_PARALLEL:LRHS_CURV_F:NULLIFY@1
 4455     0.00      430.106        0.000        0.000             39        0.00        0.00    SUECOZO@1
 4456     0.00      430.106        0.000        0.000              1        0.07        0.07    SRTM_KGB27@1
 4457     0.00      430.106        0.000        0.000              1        0.07        0.07    SUCTRL_GFLATTR@1
 4458     0.00      430.106        0.000        0.000             37        0.00        0.00    CPG_DIA_FLU_PARALLEL:4:GET_DATA@1
 4459     0.00      430.106        0.000        0.000             37        0.00        0.00    CPGLAG_PARALLEL:0:NULLIFY@1
 4460     0.00      430.106        0.000        0.000             37        0.00        0.00    APL_ARPEGE_PARALLEL:EDR:GET_DATA@1
 4461     0.00      430.106        0.000        0.000             37        0.00        0.00    CPG_DRV_SETTLOFF@1
 4462     0.00      430.106        0.000        0.000             37        0.00        0.00    CPXFU_PARALLEL:4:GET_DATA@1
 4463     0.00      430.106        0.000        0.000             37        0.00        0.00    APL_ARPEGE_RADIATION_PARALLEL:DIRECT:GET_DATA@1
 4464     0.00      430.106        0.000        0.000             37        0.00        0.00    APL_ARPEGE_SURFACE_UPDATE_PARALLEL:LMSE_F:NULLIFY@1
 4465     0.00      430.106        0.000        0.001              1        0.07        0.64    SURLX@1
 4466     0.00      430.106        0.000        0.000             37        0.00        0.00    APL_ARPEGE_RADIATION_PARALLEL:RADHEAT:NULLIFY@1
 4467     0.00      430.107        0.000        0.000              7        0.01        0.01    RECMWF_PARALLEL:PREPARE:GET_DATA@1
 4468     0.00      430.107        0.000        0.000             37        0.00        0.00    LAPINEB_PARALLEL:ZVWEI:GET_DATA@1
 4469     0.00      430.107        0.000        0.000             12        0.01        0.01    GRIB_API:IGRIB_SET_REAL8@1
 4470     0.00      430.107        0.000        0.000             37        0.00        0.00    CPG_GP_HYD_PARALLEL:0:NULLIFY@1
 4471     0.00      430.107        0.000        0.000              1        0.07        0.07    RRTM_CMBGB9_CPU@1
 4472     0.00      430.107        0.000        0.000             37        0.00        0.00    LARCINB_PARALLEL:NTLAG_3:NULLIFY@1
 4473     0.00      430.107        0.000        0.000              1        0.07        0.07    RRTM_CMBGB7_CPU@1
 4474     0.00      430.107        0.000        0.000             37        0.00        0.00    APL_ARPEGE_PARALLEL:ACDRAG:NULLIFY@1
 4475     0.00      430.107        0.000        0.005             37        0.00        0.14    APL_ARPEGE_INIT_PARALLEL:PART1@1
 4476     0.00      430.107        0.000        0.000             37        0.00        0.00    LARCINB_PARALLEL:LCOMAD_SP:NULLIFY@1
 4477     0.00      430.107        0.000        0.000              1        0.06        0.06    YOEAERC:PART2@1
 4478     0.00      430.107        0.000        0.000             37        0.00        0.00    CTVTOT_EXPL_PARALLEL:0:GET_DATA@1
 4479     0.00      430.107        0.000        0.000             37        0.00        0.00    CPG_DIA_FLU_PARALLEL:2:NULLIFY@1
 4480     0.00      430.107        0.000        0.000             72        0.00        0.00    EXCHANGE_MS:ADD2DFL@1
 4481     0.00      430.107        0.000        0.000             37        0.00        0.00    CPG_GP_PARALLEL:GPINISLB_PART3_EXPL:NULLIFY@1
 4482     0.00      430.108        0.000        0.000             37        0.00        0.00    LACDYN_PARALLEL:LASURE:GET_DATA@1
 4483     0.00      430.108        0.000        0.000             37        0.00        0.00    CPG_GP_PARALLEL:GP_SPV:NULLIFY@1
 4484     0.00      430.108        0.000        0.000             37        0.00        0.00    APL_ARPEGE_SURFACE_PARALLEL:LMSE_F:NULLIFY@1
 4485     0.00      430.108        0.000        0.000             37        0.00        0.00    CPG_GP_PARALLEL:MAP_FACTOR:NULLIFY@1
 4486     0.00      430.108        0.000        0.000             37        0.00        0.00    APL_ARPEGE_PARALLEL:ACHMT:NULLIFY@1
 4487     0.00      430.108        0.000        0.000             36        0.00        0.00    UPDATE_CALENDAR@1
 4488     0.00      430.108        0.000        0.000              1        0.06        0.06    SUALMP1@1
 4489     0.00      430.108        0.000        0.000             37        0.00        0.00    LARCINB_PARALLEL:LAITRE_GMV:NULLIFY@1
 4490     0.00      430.108        0.000        0.000              7        0.01        0.01    RECMWF_PARALLEL:PREPARE:NULLIFY@1
 4491     0.00      430.108        0.000        0.000             37        0.00        0.00    GPMPFC_EXPL_PARALLEL:0:GET_DATA@1
 4492     0.00      430.108        0.000        0.000             37        0.00        0.00    CPG_GP_PARALLEL:SETZERO:GET_DATA@1
 4493     0.00      430.108        0.000        0.000              1        0.06        0.06    SUMPINI_PRT@1
 4494     0.00      430.108        0.000        0.001              1        0.06        0.60    SURIP@1
 4495     0.00      430.108        0.000        0.001              1        0.06        0.55    SATS_MIX:SUSATS@1
 4496     0.00      430.108        0.000        0.000             37        0.00        0.00    CPG_GP_PARALLEL:GPTF2_EXPL_2TL:NULLIFY@1
 4497     0.00      430.108        0.000        0.000              2        0.03        0.03    TCFU_TYPE_INIT@1
 4498     0.00      430.108        0.000        0.000             37        0.00        0.00    ACVPPKF_PARALLEL:PART1:NULLIFY@1
 4499     0.00      430.109        0.000        0.000             37        0.00        0.00    APL_ARPEGE_PARALLEL:ACTQSAT:NULLIFY@1
 4500     0.00      430.109        0.000        0.000              1        0.06        0.06    YOEAERC:PART1@1
 4501     0.00      430.109        0.000        0.000            131        0.00        0.00    "lfinfo_alts"@1:lfi_alts.c
 4502     0.00      430.109        0.000        0.000             37        0.00        0.00    APL_ARPEGE_PARALLEL:ZBAY_QRCONV:NULLIFY@1
 4503     0.00      430.109        0.000        0.000             37        0.00        0.00    LAPINEB_PARALLEL:L_RDRY_VD:NULLIFY@1
 4504     0.00      430.109        0.000        0.000             37        0.00        0.00    APL_ARPEGE_RADIATION_PARALLEL:ACDAYD:NULLIFY@1
 4505     0.00      430.109        0.000        0.000             37        0.00        0.00    LAPINEB_PARALLEL:ROTUV:NULLIFY@1
 4506     0.00      430.109        0.000        0.000             37        0.00        0.00    CPXFU_PARALLEL:2:NULLIFY@1
 4507     0.00      430.109        0.000        0.000             37        0.00        0.00    APL_ARPEGE_PARALLEL:ZDPHIV:GET_DATA@1
 4508     0.00      430.109        0.000        0.000             37        0.00        0.00    APL_ARPEGE_PARALLEL:ACVISIH:NULLIFY@1
 4509     0.00      430.109        0.000        0.000             37        0.00        0.00    APL_ARPEGE_PARALLEL:ACEVADCAPE:NULLIFY@1
 4510     0.00      430.109        0.000        0.000              1        0.05        0.05    YOEAERC:PART4@1
 4511     0.00      430.109        0.000        0.000             37        0.00        0.00    APL_ARPEGE_PARALLEL:ACCLPH:NULLIFY@1
 4512     0.00      430.109        0.000        0.002              1        0.05        1.62    SUVAREPS@1
 4513     0.00      430.109        0.000        0.000             37        0.00        0.00    LASSIE_PARALLEL:GPRCP:GET_DATA@1
 4514     0.00      430.109        0.000        0.000              1        0.05        0.05    YOEAERC:PART6@1
 4515     0.00      430.109        0.000        0.000              1        0.05        0.05    IOSPECA_MOD:IOSPECA_FLDSORT@1
 4516     0.00      430.109        0.000        0.000             37        0.00        0.00    LAPINEB_PARALLEL:NVLAG3:NULLIFY@1
 4517     0.00      430.110        0.000        0.000              1        0.05        0.05    YOEAERC:PART3@1
 4518     0.00      430.110        0.000        0.000              1        0.05        0.33    SUDIM@1
 4519     0.00      430.110        0.000        0.000              1        0.05        0.05    YOEAERC:PART5@1
 4520     0.00      430.110        0.000        0.000             37        0.00        0.00    APL_ARPEGE_OCEANIC_FLUXES_PARALLEL:ACFLUSO:NULLIFY@1
 4521     0.00      430.110        0.000        0.000              1        0.05        0.05    SRTM_CMBGB19_CPU@1
 4522     0.00      430.110        0.000        0.000             32        0.00        0.00    DEALLOCATE_IF_ASSOCIATED_MOD:DEALLOCATE_IF_ASSOCIATED_REAL_2D@1
 4523     0.00      430.110        0.000        0.000              1        0.05        0.22    SITNU_SP_OPENMP@1
 4524     0.00      430.110        0.000        2.834             37        0.00       76.61    APL_ARPEGE_INIT_PARALLEL:PART6@1
 4525     0.00      430.110        0.000        0.000             37        0.00        0.00    APL_ARPEGE_PARALLEL:ZDE2MR:NULLIFY@1
 4526     0.00      430.110        0.000        0.000             37        0.00        0.00    MF_PHYS_TRANSFER_PARALLEL:ALL:NULLIFY@1
 4527     0.00      430.110        0.000        0.000             37        0.00        0.00    SPMCUF@1
 4528     0.00      430.110        0.000        0.000             37        0.00        0.00    APL_ARPEGE_PARALLEL:ACSOL:NULLIFY@1
 4529     0.00      430.110        0.000       12.197             37        0.00      329.66    APL_ARPEGE_INIT_PARALLEL:PART4@1
 4530     0.00      430.110        0.000        0.000             37        0.00        0.00    CTVTOT_EXPL_PARALLEL:0:NULLIFY@1
 4531     0.00      430.110        0.000        0.000             37        0.00        0.00    CPG_PARALLEL:ZEROSL1:GET_DATA@1
 4532     0.00      430.110        0.000        0.000             36        0.00        0.00    CPCFU_PARALLEL:3:NULLIFY@1
 4533     0.00      430.110        0.000        0.164             20        0.00        8.18    GPNORM_TRANS@1
 4534     0.00      430.110        0.000        0.000              1        0.05        0.05    SUSRTAB@1
 4535     0.00      430.110        0.000        0.005              3        0.02        1.75    FIELD_CONTAINER_BASE_MOD:FIELD_CREATE_BASE@1
 4536     0.00      430.110        0.000        0.000             37        0.00        0.00    CPG_PARALLEL:ZEROPB2:GET_DATA@1
 4537     0.00      430.111        0.000        0.000             37        0.00        0.00    GPTF1_YDVARS_PARALLEL:LTWOTL:NULLIFY@1
 4538     0.00      430.111        0.000        0.000             90        0.00        0.00    SUXFU:NEXTYPE1@1
 4539     0.00      430.111        0.000        0.000              1        0.05        0.05    SUALLO@1
 4540     0.00      430.111        0.000        0.000             37        0.00        0.00    CPG_GP_PARALLEL:SET1TO0:GET_DATA@1
 4541     0.00      430.111        0.000        0.000             37        0.00        0.00    MF_PHYS_MOCON_PARALLEL:PPWETPOINT:NULLIFY@1
 4542     0.00      430.111        0.000        0.000             37        0.00        0.00    LATTES_PARALLEL:0:NULLIFY@1
 4543     0.00      430.111        0.000        4.874             37        0.00      131.72    APL_ARPEGE_INIT_PARALLEL:PART5@1
 4544     0.00      430.111        0.000        0.000              1        0.05        0.05    SUECAEBC:PART1@1
 4545     0.00      430.111        0.000        0.000             37        0.00        0.00    CPGLAG_PARALLEL:STR:NULLIFY@1
 4546     0.00      430.111        0.000        0.000             37        0.00        0.00    LAPINEB_PARALLEL:TEMP_EQ:NULLIFY@1
 4547     0.00      430.111        0.000        0.097              3        0.02       32.40    FAIGRA_MT@1
 4548     0.00      430.111        0.000        0.007              1        0.05        7.18    YOEAERC:SETUP_TEGEN@1
 4549     0.00      430.111        0.000        0.018              1        0.05       17.78    SUPHMF@1
 4550     0.00      430.111        0.000        0.000             36        0.00        0.00    CPCFU_PARALLEL:0:NULLIFY@1
 4551     0.00      430.111        0.000        0.000             37        0.00        0.00    LASSIE_PARALLEL:SITNU:NULLIFY@1
 4552     0.00      430.111        0.000        0.000             37        0.00        0.00    APL_ARPEGE_RADIATION_PARALLEL:LMSE_F:NULLIFY@1
 4553     0.00      430.111        0.000        0.000            110        0.00        0.00    "lfierf_alts"@1:lfi_alts.c
 4554     0.00      430.111        0.000        0.000              7        0.01        0.01    RECMWF_PARALLEL:FINISH:NULLIFY@1
 4555     0.00      430.111        0.000        0.000             37        0.00        0.00    CPGLAG_PARALLEL:1:NULLIFY@1
 4556     0.00      430.111        0.000        0.000              1        0.04        0.49    SUMP0@1
 4557     0.00      430.111        0.000        0.000              2        0.02        0.03    CHIEN@1
 4558     0.00      430.111        0.000        0.000             37        0.00        0.00    APL_ARPEGE_PARALLEL:ZRDG_LCVQ:NULLIFY@1
 4559     0.00      430.112        0.000        0.556             37        0.00       15.04    APL_ARPEGE_INIT_PARALLEL:PART2@1
 4560     0.00      430.112        0.000        0.000             37        0.00        0.00    LAVABO_PARALLEL:1:GET_DATA@1
 4561     0.00      430.112        0.000        0.000             37        0.00        0.00    APL_ARPEGE_INIT_PARALLEL:0:NULLIFY@1
 4562     0.00      430.112        0.000        0.001              1        0.04        0.53    SUPARAR@1
 4563     0.00      430.112        0.000        0.000             37        0.00        0.00    CPXFU_PARALLEL:0:NULLIFY@1
 4564     0.00      430.112        0.000        0.000             36        0.00        0.00    CPG_END_SFC_PARALLEL:SET0TO1:GET_DATA@1
 4565     0.00      430.112        0.000        0.000              1        0.04        0.04    SRTM_CMBGB18_CPU@1
 4566     0.00      430.112        0.000        0.000             37        0.00        0.00    APL_ARPEGE_SURFACE_PARALLEL:ACDIFV2:NULLIFY@1
 4567     0.00      430.112        0.000        0.001              1        0.04        0.97    SUFP_CTL@1
 4568     0.00      430.112        0.000        0.000              1        0.04        0.04    SUECAESD:PART1@1
 4569     0.00      430.112        0.000        0.000             37        0.00        0.00    LASSIE_PARALLEL:GPRCP:NULLIFY@1
 4570     0.00      430.112        0.000        0.000             37        0.00        0.00    CPXFU_PARALLEL:1:NULLIFY@1
 4571     0.00      430.112        0.000        0.001              3        0.01        0.25    FAIRME_MT@1
 4572     0.00      430.112        0.000      431.433              1        0.04   431433.13    CNT3@1
 4573     0.00      430.112        0.000        0.000              1        0.04        0.50    SUNORGWD@1
 4574     0.00      430.112        0.000        0.000             36        0.00        0.00    CPCFU_PARALLEL:1:NULLIFY@1
 4575     0.00      430.112        0.000        0.000              2        0.02        0.02    TCFU_TYPE_FINAL@1
 4576     0.00      430.112        0.000        0.000             36        0.00        0.00    CPCFU_PARALLEL:2:NULLIFY@1
 4577     0.00      430.112        0.000        1.348             37        0.00       36.44    APL_ARPEGE_INIT_PARALLEL:PART3@1
 4578     0.00      430.112        0.000        0.000             37        0.00        0.00    APL_ARPEGE_ALBEDO_COMPUTATION_PARALLEL:0:NULLIFY@1
 4579     0.00      430.112        0.000        0.000              1        0.04        0.04    FA_COM:NEW_FA@1
 4580     0.00      430.112        0.000        0.000              1        0.04        0.04    SUECAEBC:PART13@1
 4581     0.00      430.112        0.000        0.000             37        0.00        0.00    APL_ARPEGE_PARALLEL:EDR:NULLIFY@1
 4582     0.00      430.112        0.000        0.000              1        0.04        0.05    RIEN@1
 4583     0.00      430.113        0.000        0.005             37        0.00        0.12    APL_ARPEGE_INIT_PARALLEL:PART7@1
 4584     0.00      430.113        0.000        0.000              1        0.04        0.04    SURRTAB@1
 4585     0.00      430.113        0.000        0.000             37        0.00        0.00    APL_ARPEGE_SURFACE_PARALLEL:ACDIFV1:NULLIFY@1
 4586     0.00      430.113        0.000        0.000             37        0.00        0.00    CPG_PARALLEL:ISETTLOFF:NULLIFY@1
 4587     0.00      430.113        0.000        0.000              1        0.04        0.04    SRTM_CMBGB24_CPU@1
 4588     0.00      430.113        0.000        0.000             37        0.00        0.00    LACDYN_PARALLEL:ZMIXNL:NULLIFY@1
 4589     0.00      430.113        0.000        0.000              2        0.02        0.02    SUCLOPN@1
 4590     0.00      430.113        0.000        0.000              1        0.04        0.05    SUECV@1
 4591     0.00      430.113        0.000        0.000              1        0.04        0.04    YOEAERC:PART7@1
 4592     0.00      430.113        0.000        0.015              1        0.04       15.00    SPEUV@1
 4593     0.00      430.113        0.000        0.000             37        0.00        0.00    CPG_GP_PARALLEL:SETZERO:NULLIFY@1
 4594     0.00      430.113        0.000        0.010              6        0.01        1.72    MINV_8@1
 4595     0.00      430.113        0.000        0.000              1        0.04        0.04    SUECAEBC:PART7@1
 4596     0.00      430.113        0.000        0.000             37        0.00        0.00    LAPINEB_PARALLEL:ZVWEI:NULLIFY@1
 4597     0.00      430.113        0.000        0.000             37        0.00        0.00    APL_ARPEGE_PARALLEL:PPWETPOINT:NULLIFY@1
 4598     0.00      430.113        0.000        0.000             37        0.00        0.00    APL_ARPEGE_PARALLEL:PLSM:NULLIFY@1
 4599     0.00      430.113        0.000        0.000              2        0.02        0.06    SUXFU:SETUP_DESCRIPTORS@1
 4600     0.00      430.113        0.000        0.000              7        0.01        0.01    APL_ARPEGE_AEROSOLS_FOR_RADIATION_PARALLEL:RADAER:GET_DATA@1
 4601     0.00      430.113        0.000        0.000             37        0.00        0.00    MF_PHYS_FPL_PART2_PARALLEL:PART2:NULLIFY@1
 4602     0.00      430.113        0.000        0.000              1        0.04        0.04    SUECAEOR:PART13@1
 4603     0.00      430.113        0.000        0.000              1        0.04        0.04    SUECAEOR:PART1@1
 4604     0.00      430.113        0.000        0.000              1        0.04        0.04    SUTIM@1
 4605     0.00      430.113        0.000        0.001              1        0.04        1.30    SULUN@1
 4606     0.00      430.113        0.000        0.000             37        0.00        0.00    APL_ARPEGE_SOIL_HYDRO_PARALLEL:ACVEG:NULLIFY@1
 4607     0.00      430.113        0.000        0.000              2        0.02        0.05    SUCFU:SETUP_DESCRIPTORS@1
 4608     0.00      430.114        0.000        0.001              1        0.04        0.58    SUPP@1
 4609     0.00      430.114        0.000        0.000              2        0.02        0.18    MINV_CALLER@1
 4610     0.00      430.114        0.000        0.000             37        0.00        0.00    CPG_GP_PARALLEL:SET1TO0:NULLIFY@1
 4611     0.00      430.114        0.000        0.000             30        0.00        0.00    APL_ARPEGE_RADIATION_PARALLEL:CALLRAD_F:NULLIFY@1
 4612     0.00      430.114        0.000        0.000              7        0.01        0.01    RECMWF_PARALLEL:ECRAD_POST:GET_DATA@1
 4613     0.00      430.114        0.000        0.000              1        0.04        0.04    SUNRTAER@1
 4614     0.00      430.114        0.000        0.000              1        0.04        0.04    SULSFORC@1
 4615     0.00      430.114        0.000        0.000              1        0.04        0.04    YOMCVER:PRT_CVER_GEOM@1
 4616     0.00      430.114        0.000        0.000             37        0.00        0.00    CPG_GP_HYD_PARALLEL:3:NULLIFY@1
 4617     0.00      430.114        0.000        0.000              1        0.04        0.04    SUECAEOR:PART2@1
 4618     0.00      430.114        0.000        0.000             37        0.00        0.00    CPG_PARALLEL:SHUFFLESL1:GET_DATA@1
 4619     0.00      430.114        0.000        0.000              1        0.04        0.04    SUECAESU:PART1@1
 4620     0.00      430.114        0.000        0.000              1        0.04        0.04    SUECAESD:PART3@1
 4621     0.00      430.114        0.000        0.000             37        0.00        0.00    APL_WIND_GUST_PARALLEL:ACCLDIA:NULLIFY@1
 4622     0.00      430.114        0.000        0.000             36        0.00        0.00    CPCFU_PARALLEL:5:NULLIFY@1
 4623     0.00      430.114        0.000        0.020              1        0.04       20.35    SUSURF@1
 4624     0.00      430.114        0.000        0.000             37        0.00        0.00    APL_ARPEGE_PARALLEL:ZDPHIV:NULLIFY@1
 4625     0.00      430.114        0.000        0.000             37        0.00        0.00    APL_ARPEGE_PARALLEL:BAYRAD:NULLIFY@1
 4626     0.00      430.114        0.000        0.000              1        0.04        0.50    SUOPH0@1
 4627     0.00      430.114        0.000        0.000             37        0.00        0.00    CPUTQY_APLPAR_EXPL_PARALLEL:PFDIS:NULLIFY@1
 4628     0.00      430.114        0.000        0.000              1        0.04        0.04    SUECAEOR:PART5@1
 4629     0.00      430.114        0.000        0.000              1        0.04        0.04    SUECAEBC:PART10@1
 4630     0.00      430.114        0.000        0.000              9        0.00        0.02    FARINE_MT@1
 4631     0.00      430.114        0.000        0.000              1        0.03        0.04    SUECAESU:PART14@1
 4632     0.00      430.114        0.000        0.000             37        0.00        0.00    APL_ARPEGE_PARALLEL:FRSOPT:NULLIFY@1
 4633     0.00      430.114        0.000        0.000             37        0.00        0.00    APL_ARPEGE_RADIATION_PARALLEL:DIRECT:NULLIFY@1
 4634     0.00      430.114        0.000        0.000              1        0.03        0.03    SUOPTSURF@1
 4635     0.00      430.115        0.000        0.000             37        0.00        0.00    GPMPFC_EXPL_PARALLEL:0:NULLIFY@1
 4636     0.00      430.115        0.000        0.001              1        0.03        0.64    SUSPSDT@1
 4637     0.00      430.115        0.000        0.000              1        0.03        0.03    SUECAESD:PART12@1
 4638     0.00      430.115        0.000        0.000              1        0.03        0.10    IOMULTIBUF_MOD:IOMULTIBUF_COMP_IDX@1
 4639     0.00      430.115        0.000        0.000             37        0.00        0.00    MF_PHYS_FPL_PART1_PARALLEL:PART1:NULLIFY@1
 4640     0.00      430.115        0.000        0.000             37        0.00        0.00    CPUTQY_APLPAR_EXPL_PARALLEL:ZTDCP:NULLIFY@1
 4641     0.00      430.115        0.000        0.000              1        0.03        0.03    SUECAEBC:PART12@1
 4642     0.00      430.115        0.000        0.000              1        0.03        0.03    SUECAEBC:PART2@1
 4643     0.00      430.115        0.000        0.000             37        0.00        0.00    CPG_PARALLEL:LSMTSOL:NULLIFY@1
 4644     0.00      430.115        0.000        0.000              1        0.03        0.03    SUECAEOR:PART8@1
 4645     0.00      430.115        0.000        0.000              1        0.03        0.03    RRTM_CMBGB12_CPU@1
 4646     0.00      430.115        0.000        1.186              1        0.03     1185.78    CNT3_GLO@1
 4647     0.00      430.115        0.000        0.000             37        0.00        0.00    LAVABO_PARALLEL:0:NULLIFY@1
 4648     0.00      430.115        0.000        0.000              1        0.03        0.03    SRTM_CMBGB16_CPU@1
 4649     0.00      430.115        0.000        0.000              1        0.03        0.03    SUECAEBC:PART6@1
 4650     0.00      430.115        0.000        0.000              1        0.03        0.03    SUECAEBC:PART20@1
 4651     0.00      430.115        0.000        0.000              7        0.00        0.00    APL_ARPEGE_AEROSOLS_FOR_RADIATION_PARALLEL:RADAER:NULLIFY@1
 4652     0.00      430.115        0.000        0.000              2        0.02        0.02    TXFU_TYPE_FINAL@1
 4653     0.00      430.115        0.000        0.000              1        0.03        0.03    SUECAEOR:PART7@1
 4654     0.00      430.115        0.000        0.000             37        0.00        0.00    APL_ARPEGE_INIT_PARALLEL:1:NULLIFY@1
 4655     0.00      430.115        0.000        0.000             37        0.00        0.00    GPRCP_EXPL_PARALLEL:5:NULLIFY@1
 4656     0.00      430.115        0.000        0.000              2        0.02        0.02    FAQUIN_MT@1
 4657     0.00      430.115        0.000        0.000             36        0.00        0.00    APL_ARPEGE_RADIATION_PARALLEL:SUNSHINE:NULLIFY@1
 4658     0.00      430.115        0.000        0.000             37        0.00        0.00    APL_ARPEGE_PARALLEL:PRECIPS:NULLIFY@1
 4659     0.00      430.115        0.000        0.000              1        0.03        0.03    SUECAESD:PART17@1
 4660     0.00      430.115        0.000        0.000              1        0.03        0.03    SUECAEOR:PART9@1
 4661     0.00      430.115        0.000        0.002              1        0.03        1.53    SUSC2C@1
 4662     0.00      430.115        0.000        0.000             38        0.00        0.00    GP_DERIVATIVES@1
 4663     0.00      430.115        0.000        0.000              1        0.03        0.03    VAL923@1
 4664     0.00      430.115        0.000        0.000              1        0.03        0.03    SUECAEBC:PART4@1
 4665     0.00      430.115        0.000        0.000              2        0.02        0.02    SUMPIOH@1
 4666     0.00      430.116        0.000        0.000              1        0.03        0.03    RRTM_CMBGB13_CPU@1
 4667     0.00      430.116        0.000        0.000             37        0.00        0.00    LACDYN_PARALLEL:LASURE:NULLIFY@1
 4668     0.00      430.116        0.000        0.000              1        0.03        0.03    SUECAESD:PART8@1
 4669     0.00      430.116        0.000        0.000              1        0.03        0.03    SURIP0@1
 4670     0.00      430.116        0.000        0.000              1        0.03        0.03    SUECAEOR:PART6@1
 4671     0.00      430.116        0.000        0.000              1        0.03        0.03    SUECAESS:PART12@1
 4672     0.00      430.116        0.000        0.000              1        0.03        0.03    SUECAESS:PART9@1
 4673     0.00      430.116        0.000        0.000              1        0.03        0.03    SUGEM3@1
 4674     0.00      430.116        0.000        0.000              1        0.03        0.03    SUECAEBC:PART5@1
 4675     0.00      430.116        0.000        0.000              1        0.03        0.03    SUECAEBC:PART22@1
 4676     0.00      430.116        0.000        0.001              1        0.03        1.38    radiation_aerosol_optics:setup_aerosol_optics_CPU@1
 4677     0.00      430.116        0.000        0.000              1        0.03        0.03    SUECAESD:PART22@1
 4678     0.00      430.116        0.000        0.000              1        0.03        0.03    SUECAEOR:PART4@1
 4679     0.00      430.116        0.000        0.000              1        0.03        0.03    SUECAESD:PART14@1
 4680     0.00      430.116        0.000        0.020              1        0.03       20.20    SUSOCEAN_ML_MOD:SUSOCEAN_ML@1
 4681     0.00      430.116        0.000        0.000              1        0.03        0.48    SUGRIB@1
 4682     0.00      430.116        0.000        0.000              1        0.03        0.03    SUECAEBC:PART8@1
 4683     0.00      430.116        0.000        0.000              1        0.03        0.03    SUECAESD:PART4@1
 4684     0.00      430.116        0.000        0.000              1        0.03        0.27    SUCVMNH@1
 4685     0.00      430.116        0.000        0.000              1        0.03        0.03    SUECAESU:PART8@1
 4686     0.00      430.116        0.000        0.000              1        0.03        0.03    SUECAESD:PART15@1
 4687     0.00      430.116        0.000        0.001              1        0.03        0.61    TESTVAR_MIX:SETUP_TESTVAR@1
 4688     0.00      430.116        0.000        0.000              1        0.03        0.03    SUECAEOR:PART20@1
 4689     0.00      430.116        0.000        0.000              1        0.03        0.48    SUMCC@1
 4690     0.00      430.116        0.000        0.000              1        0.03        0.03    SRTM_KGB23@1
 4691     0.00      430.116        0.000        0.000             36        0.00        0.00    CPG_END_SFC_PARALLEL:SET0TO1:NULLIFY@1
 4692     0.00      430.116        0.000        0.000              1        0.03        0.03    SRTM_KGB25@1
 4693     0.00      430.116        0.000        0.000              1        0.03        0.03    SUECAESD:PART2@1
 4694     0.00      430.116        0.000        0.000              1        0.03        0.03    SUECAESU:PART19@1
 4695     0.00      430.116        0.000        0.000              1        0.03        0.03    SUECAEBC:PART9@1
 4696     0.00      430.116        0.000        0.000              1        0.03        0.03    SUECAESS:PART1@1
 4697     0.00      430.116        0.000        0.000              1        0.03        0.03    SUECAESU:PART18@1
 4698     0.00      430.116        0.000        0.000              1        0.03        0.03    SUVSPLIP@1
 4699     0.00      430.116        0.000        0.000              1        0.03        0.03    SUECAESU:PART10@1
 4700     0.00      430.117        0.000        0.000              1        0.03        0.03    SUECAESU:PART17@1
 4701     0.00      430.117        0.000        0.000              1        0.03        0.03    SUECAEBC:PART3@1
 4702     0.00      430.117        0.000        0.000              1        0.03        0.03    SUECAEBC:PART14@1
 4703     0.00      430.117        0.000        0.000              1        0.03        0.03    SUECAESD:PART16@1
 4704     0.00      430.117        0.000        0.000              7        0.00        0.00    RECMWF_PARALLEL:ECRAD_CPU:NULLIFY@1
 4705     0.00      430.117        0.000        0.000             37        0.00        0.00    CPXFU_PARALLEL:4:NULLIFY@1
 4706     0.00      430.117        0.000        0.000              1        0.03        0.03    SUECAEBC:PART19@1
 4707     0.00      430.117        0.000        0.000              1        0.03        0.03    SUECAESU:PART15@1
 4708     0.00      430.117        0.000        0.000              1        0.03        0.03    SUECAESU:PART3@1
 4709     0.00      430.117        0.000        0.000              1        0.03        0.03    SUECAESU:PART9@1
 4710     0.00      430.117        0.000        0.000              1        0.03        0.03    SUECAESD:PART18@1
 4711     0.00      430.117        0.000        0.028              2        0.01       13.96    FACGRA_MT@1
 4712     0.00      430.117        0.000        0.000              1        0.03        0.03    SUECAESD:PART13@1
 4713     0.00      430.117        0.000        0.001              1        0.03        0.58    SUVV1@1
 4714     0.00      430.117        0.000        0.000              1        0.03        0.03    SUECAESU:PART21@1
 4715     0.00      430.117        0.000        0.000              1        0.03        0.03    SUECAEOR:PART3@1
 4716     0.00      430.117        0.000        0.000             37        0.00        0.00    CPG_DIA_FLU_PARALLEL:4:NULLIFY@1
 4717     0.00      430.117        0.000        0.000              1        0.03        0.03    SUECAESS:PART7@1
 4718     0.00      430.117        0.000        0.000              1        0.03        0.03    SULEGA@1
 4719     0.00      430.117        0.000        0.000              1        0.03        0.03    SUECAESU:PART22@1
 4720     0.00      430.117        0.000        0.000              1        0.03        0.05    YOMCLMICST:SETUP_CLMICST@1
 4721     0.00      430.117        0.000        0.000              1        0.03        0.03    SUECAESD:PART20@1
 4722     0.00      430.117        0.000        0.000              1        0.03        0.03    SUECAEBC:PART18@1
 4723     0.00      430.117        0.000        0.000             50        0.00        0.00    SUCFU:NEXTYPE1@1
 4724     0.00      430.117        0.000        0.000              1        0.03        0.03    SUHDVPN@1
 4725     0.00      430.117        0.000        0.000              1        0.03        0.03    SUECAESU:PART2@1
 4726     0.00      430.117        0.000        0.000              1        0.03        0.32    SUGFL3@1
 4727     0.00      430.117        0.000        0.000             37        0.00        0.00    APL_ARPEGE_INIT_PARALLEL:6:NULLIFY@1
 4728     0.00      430.117        0.000        0.000              1        0.03        0.03    SUDIMO@1
 4729     0.00      430.117        0.000        0.000              1        0.03        0.03    SUECAESD:PART6@1
 4730     0.00      430.117        0.000        0.000              1        0.03        0.03    SUECAEBC:PART21@1
 4731     0.00      430.117        0.000        0.000              1        0.03        0.03    SUECAESS:PART2@1
 4732     0.00      430.117        0.000        0.000              1        0.03        0.03    SUECAESD:PART5@1
 4733     0.00      430.117        0.000        0.000              1        0.03        0.03    SUECAEBC:PART11@1
 4734     0.00      430.117        0.000        0.000              1        0.03        0.03    SUECAESD:PART21@1
 4735     0.00      430.117        0.000        0.000              1        0.03        0.24    MF_PHYS_SAVE_PHSURF_PART2_PARALLEL:PART2@1
 4736     0.00      430.117        0.000        0.000              1        0.03        0.03    SUECAEBC:PART23@1
 4737     0.00      430.117        0.000        0.000              1        0.03        0.03    SUECAESD:PART11@1
 4738     0.00      430.118        0.000        0.000              1        0.03        0.03    SUECAEBC:PART15@1
 4739     0.00      430.118        0.000        0.000              1        0.03        0.04    SUSSOIL_MOD:SUSSOIL@1
 4740     0.00      430.118        0.000        0.000              1        0.03        0.03    SUECAESD:PART24@1
 4741     0.00      430.118        0.000        0.020              1        0.02       20.31    SUSURF_CTL_MOD:SUSURF_CTL@1
 4742     0.00      430.118        0.000        0.000             37        0.00        0.00    CPG_DIA_FLU_PARALLEL:3:NULLIFY@1
 4743     0.00      430.118        0.000        0.000              1        0.02        0.03    SUECAEBC:PART16@1
 4744     0.00      430.118        0.000        0.000              1        0.02        0.03    SUECAESD:PART10@1
 4745     0.00      430.118        0.000        0.000              4        0.01        0.01    IOSTREAM_MIX:INI_IOSTREAM@1
 4746     0.00      430.118        0.000        0.000              1        0.02        0.03    SUECAESU:PART13@1
 4747     0.00      430.118        0.000        0.000             37        0.00        0.00    CPG_DIA_FLU_PARALLEL:1:NULLIFY@1
 4748     0.00      430.118        0.000        0.000              1        0.02        0.02    SUECAESU:PART16@1
 4749     0.00      430.118        0.000        0.000              1        0.02        0.02    SUECAESD:PART7@1
 4750     0.00      430.118        0.000        0.000              1        0.02        0.02    SUECAEOR:PART12@1
 4751     0.00      430.118        0.000        0.000              1        0.02        0.02    SUECAESU:PART20@1
 4752     0.00      430.118        0.000        0.000              1        0.02        0.02    SUECAESU:PART24@1
 4753     0.00      430.118        0.000        0.000              1        0.02        0.02    SUECAEOR:PART23@1
 4754     0.00      430.118        0.000        0.000              1        0.02        0.02    SUECAEOR:PART19@1
 4755     0.00      430.118        0.000        0.000             37        0.00        0.00    CPXFU_PARALLEL:3:NULLIFY@1
 4756     0.00      430.118        0.000        0.000             37        0.00        0.00    LAVABO_PARALLEL:2:NULLIFY@1
 4757     0.00      430.118        0.000        0.000              1        0.02        0.02    SUECAESS:PART5@1
 4758     0.00      430.118        0.000        0.000              1        0.02        0.02    SUECAEOR:PART16@1
 4759     0.00      430.118        0.000        0.000              1        0.02        0.02    SUECAESS:PART17@1
 4760     0.00      430.118        0.000        0.000              1        0.02        0.02    SUECAESS:PART15@1
 4761     0.00      430.118        0.000        0.000              1        0.02        0.02    SUECAESS:PART22@1
 4762     0.00      430.118        0.000        0.000              1        0.02        0.02    SUECAESS:PART6@1
 4763     0.00      430.118        0.000        0.000              1        0.02        0.02    SUECAESS:PART8@1
 4764     0.00      430.118        0.000        0.000              1        0.02        0.02    SUECAEOR:PART11@1
 4765     0.00      430.118        0.000        0.000              1        0.02        0.02    SUECAESD:PART9@1
 4766     0.00      430.118        0.000        0.000             37        0.00        0.00    LAVABO_PARALLEL:1:NULLIFY@1
 4767     0.00      430.118        0.000        0.000              1        0.02        0.02    SUECAEBC:PART24@1
 4768     0.00      430.118        0.000        0.000              1        0.02        0.02    SUECAEOR:PART24@1
 4769     0.00      430.118        0.000        0.000             39        0.00        0.00    FCGENERALIZED_GAMMA@1
 4770     0.00      430.118        0.000        0.000              1        0.02        0.02    SUECAESS:PART19@1
 4771     0.00      430.118        0.000        0.000              1        0.02        0.02    SUSWN@1
 4772     0.00      430.118        0.000        0.000              1        0.02        0.35    SUDIMF1@1
 4773     0.00      430.118        0.000        0.000              1        0.02        0.02    SUECAEOR:PART22@1
 4774     0.00      430.118        0.000        0.000              3        0.01        0.02    GRIDPOINT_FIELDS_MIX:ALLOCATE_GRID@1
 4775     0.00      430.118        0.000        0.000              1        0.02        0.02    SUECAESD:PART19@1
 4776     0.00      430.118        0.000        0.000              1        0.02        0.02    SUECAEOR:PART10@1
 4777     0.00      430.118        0.000        0.000              1        0.02        0.02    SUECAEOR:PART18@1
 4778     0.00      430.118        0.000        0.000              1        0.02        0.02    SUECAESD:PART23@1
 4779     0.00      430.118        0.000        0.000              1        0.02        0.02    RRTM_KGB6@1
 4780     0.00      430.119        0.000        0.000              1        0.02        0.02    SUECAESS:PART11@1
 4781     0.00      430.119        0.000        0.000              1        0.02        0.02    SUECAESU:PART12@1
 4782     0.00      430.119        0.000        0.001              1        0.02        0.54    SUPHY2@1
 4783     0.00      430.119        0.000        0.000              4        0.01        0.01    FACTUI_MT@1
 4784     0.00      430.119        0.000        0.000              1        0.02        0.02    SUECAESS:PART16@1
 4785     0.00      430.119        0.000        0.000              1        0.02        0.02    SUECAESS:PART18@1
 4786     0.00      430.119        0.000        0.000              1        0.02        0.02    RRTM_CMBGB16_CPU@1
 4787     0.00      430.119        0.000        0.000              1        0.02        0.02    SUECAESS:PART10@1
 4788     0.00      430.119        0.000        0.000              1        0.02        0.26    SUCUMF@1
 4789     0.00      430.119        0.000        0.001              1        0.02        0.94    GEOMETRY_MOD:GEOMETRY_DELETE@1
 4790     0.00      430.119        0.000        0.000              1        0.02        0.02    SUECAESU:PART6@1
 4791     0.00      430.119        0.000        0.000              1        0.02        0.27    SUCUMF2@1
 4792     0.00      430.119        0.000        0.000              1        0.02        0.02    SUECAESU:PART23@1
 4793     0.00      430.119        0.000        0.000              1        0.02        0.02    SUECAEOR:PART14@1
 4794     0.00      430.119        0.000        0.001              1        0.02        0.51    SURINC@1
 4795     0.00      430.119        0.000        0.000              1        0.02        0.02    SUECAESU:PART7@1
 4796     0.00      430.119        0.000        0.000              1        0.02        0.02    SUECAESU:PART11@1
 4797     0.00      430.119        0.000        0.000              1        0.02        0.02    SUECAEBC:PART17@1
 4798     0.00      430.119        0.000        0.000              1        0.02        0.02    SUECAESU:PART5@1
 4799     0.00      430.119        0.000        0.000              1        0.02        0.02    SUECAESU:PART4@1
 4800     0.00      430.119        0.000        0.000              2        0.01        0.03    SUEDRD@1
 4801     0.00      430.119        0.000        0.000              1        0.02        0.02    SUECAESS:PART20@1
 4802     0.00      430.119        0.000        0.000              1        0.02        0.02    SUECAESS:PART23@1
 4803     0.00      430.119        0.000        0.000              1        0.02        0.02    SUECAESS:PART21@1
 4804     0.00      430.119        0.000        0.000              1        0.02        0.02    SUSLB@1
 4805     0.00      430.119        0.000        0.000              1        0.02        0.02    SRTM_CMBGB22_CPU@1
 4806     0.00      430.119        0.000        0.000              1        0.02        0.02    SUECAESS:PART14@1
 4807     0.00      430.119        0.000        0.000              1        0.02        0.09    SUCHET@1
 4808     0.00      430.119        0.000        0.000              2        0.01        0.02    STACK_MIX:INIT_STACK@1
 4809     0.00      430.119        0.000        0.000              4        0.01        0.01    radiation_spectral_definition:calc_mapping_from_bands_CPU@1
 4810     0.00      430.119        0.000        0.000              1        0.02        0.02    SUECAEOR:PART15@1
 4811     0.00      430.119        0.000        0.000              1        0.02        0.02    SUECAESS:PART24@1
 4812     0.00      430.119        0.000        0.000              1        0.02        0.02    SUECAEOR:PART17@1
 4813     0.00      430.119        0.000        0.000              1        0.02        0.02    SUECAEOR:PART21@1
 4814     0.00      430.119        0.000        0.000              1        0.02        0.15    SUMCCLAG@1
 4815     0.00      430.119        0.000        0.000              1        0.02        0.02    RRTM_CMBGB15_CPU@1
 4816     0.00      430.119        0.000        0.000              1        0.02        0.21    SIGAM_SP_OPENMP@1
 4817     0.00      430.119        0.000        0.000              1        0.02        0.02    SUECAESS:PART13@1
 4818     0.00      430.119        0.000        0.000              1        0.02        0.32    SUDIM_TRAJ@1
 4819     0.00      430.119        0.000        0.000              1        0.02        0.02    SUECAESU:PART25@1
 4820     0.00      430.119        0.000        0.000              1        0.02        0.02    SUECAEBC:PART25@1
 4821     0.00      430.119        0.000        0.000              1        0.02        0.02    SUECAESS:PART4@1
 4822     0.00      430.119        0.000        0.000              1        0.02        0.31    SUDYNCORE@1
 4823     0.00      430.119        0.000        0.000             30        0.00        0.00    TYPES_FPCAT:SUCATIND@1
 4824     0.00      430.119        0.000        0.000              1        0.02        0.02    SUECAESS:PART3@1
 4825     0.00      430.119        0.000        0.000              1        0.02        0.02    RRTM_CMBGB1_CPU@1
 4826     0.00      430.120        0.000        0.000              1        0.02        0.02    YOERADGHG:INIT_RAD_GHG@1
 4827     0.00      430.120        0.000        0.000              1        0.02        0.02    RRTM_CMBGB2_CPU@1
 4828     0.00      430.120        0.000        0.000              1        0.02        0.45    SUBMAT@1
 4829     0.00      430.120        0.000        0.000              1        0.02        0.03    radiation_ifs_rrtm:setup_gas_optics_rrtm_CPU@1
 4830     0.00      430.120        0.000        0.005              1        0.02        4.54    SUGFL@1
 4831     0.00      430.120        0.000        0.000              1        0.02        0.02    SUECAEOR:PART25@1
 4832     0.00      430.120        0.000        0.000              1        0.02        0.02    SRTM_CMBGB29_CPU@1
 4833     0.00      430.120        0.000        0.000              1        0.02        0.02    SUECAESS:PART25@1
 4834     0.00      430.120        0.000        0.000              1        0.02        0.02    SUECAESD:PART25@1
 4835     0.00      430.120        0.000        0.001              1        0.02        0.57    SURES@1
 4836     0.00      430.120        0.000        0.000             32        0.00        0.00    SUCFU:NEXTYPE3@1
 4837     0.00      430.120        0.000        0.000              1        0.02        0.13    SU_COUP_COM@1
 4838     0.00      430.120        0.000        0.000              1        0.02        0.02    RRTM_CMBGB8_CPU@1
 4839     0.00      430.120        0.000        0.000              1        0.02        0.02    SRTM_CMBGB20_CPU@1
 4840     0.00      430.120        0.000        0.000              1        0.02        0.47    SPGEOM_MOD:SUSPGEOM@1
 4841     0.00      430.120        0.000      431.465              1        0.02   431464.75    CNT1@1
 4842     0.00      430.120        0.000        0.000              7        0.00        0.00    RECMWF_PARALLEL:1:GET_DATA@1
 4843     0.00      430.120        0.000        0.000              2        0.01        0.08    FANMSG_MT@1
 4844     0.00      430.120        0.000        0.000              1        0.02        0.02    RRTM_CMBGB11_CPU@1
 4845     0.00      430.120        0.000        0.057              1        0.02       57.07    SUGRIDUA@1
 4846     0.00      430.120        0.000        0.000              1        0.02        0.07    IOSPECA_MOD:IOSPECA_SELECTD@1
 4847     0.00      430.120        0.000        0.000              1        0.02        0.07    SUCAPE@1
 4848     0.00      430.120        0.000        0.004              1        0.01        3.83    SUINTERPOLATOR@1
 4849     0.00      430.120        0.000        0.000              1        0.01        0.02    SUSVEG_MOD:SUSVEG@1
 4850     0.00      430.120        0.000        0.000              1        0.01        0.24    SUCT1@1
 4851     0.00      430.120        0.000        0.000              1        0.01        0.39    SUFAINIT@1
 4852     0.00      430.120        0.000        0.000              1        0.01        0.19    YOMGSGEOM:DEALLO_TGSGEOM_NB@1
 4853     0.00      430.120        0.000        0.000              1        0.01        0.01    SULWN@1
 4854     0.00      430.120        0.000        0.001              1        0.01        0.56    SURAND1@1
 4855     0.00      430.120        0.000        0.000              1        0.01        0.31    SUDWET@1
 4856     0.00      430.120        0.000        0.000              1        0.01        0.01    SURRTPK_CPU@1
 4857     0.00      430.120        0.000        0.000              1        0.01        0.01    SUDIMF2@1
 4858     0.00      430.120        0.000        0.000             28        0.00        0.00    SURFACE_FIELDS_MIX:SETUP_SFLP2@1
 4859     0.00      430.120        0.000        0.000              1        0.01        0.24    YOMCVER:SUCVER@1
 4860     0.00      430.120        0.000        0.000              1        0.01        0.01    MODEL_MOD:MODEL_SET@1
 4861     0.00      430.120        0.000        0.000              4        0.00        0.00    GRIB_API:IGRIB_GET_REAL8@1
 4862     0.00      430.120        0.000      431.433              1        0.01   431433.15    CNT2@1
 4863     0.00      430.120        0.000        0.000              3        0.00        0.01    FACIES_MT@1
 4864     0.00      430.120        0.000        0.000              2        0.01        0.01    FANOUV_MT@1
 4865     0.00      430.120        0.000        0.000              1        0.01        0.01    YOMLUN:RESERVE_LUN@1
 4866     0.00      430.120        0.000        0.000             12        0.00        0.00    SPECTRAL_FIELDS_MOD:INTLOC@1
 4867     0.00      430.120        0.000        0.000              1        0.01        0.01    SRTM_CMBGB27_CPU@1
 4868     0.00      430.120        0.000        0.001              1        0.01        0.54    TRAJ_SETUP@1
 4869     0.00      430.120        0.000        0.000              1        0.01        0.31    SUDPRECIPS@1
 4870     0.00      430.120        0.000        0.000              8        0.00        0.00    UPDCAL@1
 4871     0.00      430.120        0.000        0.000              1        0.01        0.49    SUPERTPAR@1
 4872     0.00      430.120        0.000        0.000              1        0.01        0.08    YOE_CUCONVCA:INI_CUCONVCA@1
 4873     0.00      430.120        0.000        0.019              1        0.01       18.77    FIELDS_MOD:FIELDS_CONTAIN@1
 4874     0.00      430.120        0.000        0.001              1        0.01        0.50    SUPPVI@1
 4875     0.00      430.120        0.000        0.000              1        0.01        0.01    DISTRIBUTED_VECTORS_MIX:SETUP_DISTVEC@1
 4876     0.00      430.120        0.000        0.000              2        0.01        0.01    INI_SPEC_DIST@1
 4877     0.00      430.120        0.000        0.001              1        0.01        0.58    SUVDF@1
 4878     0.00      430.120        0.000        0.000              1        0.01        0.45    SUGWD@1
 4879     0.00      430.120        0.000        0.000              1        0.01        0.03    INTDYN_MOD:SUINTDYN@1
 4880     0.00      430.120        0.000        0.000              1        0.01        0.05    YOMGSGEOM:DEALLO_TGSGEOM_B@1
 4881     0.00      430.120        0.000        0.000              1        0.01        0.45    SUGWWMS@1
 4882     0.00      430.120        0.000        0.000              1        0.01        0.01    RRTM_CMBGB10_CPU@1
 4883     0.00      430.120        0.000        0.000              1        0.01        0.32    SUDVISI@1
 4884     0.00      430.120        0.000        0.414              1        0.01      413.83    SUTRANS@1
 4885     0.00      430.120        0.000        0.000              1        0.01        0.31    ENKF_MIX:SETUP_ENKF@1
 4886     0.00      430.120        0.000        0.000              7        0.00        0.00    RECMWF_PARALLEL:ECRAD_POST:NULLIFY@1
 4887     0.00      430.120        0.000        0.012              1        0.01       11.56    SUVERTFE@1
 4888     0.00      430.120        0.000        0.125              1        0.01      125.25    SUOPH@1
 4889     0.00      430.120        0.000        0.000              7        0.00        0.00    RECMWF_PARALLEL:1:NULLIFY@1
 4890     0.00      430.120        0.000        0.000              1        0.01        0.01    XUTRII@1
 4891     0.00      430.120        0.000        0.000              7        0.00        0.00    RECMWF_PARALLEL:2:GET_DATA@1
 4892     0.00      430.120        0.000        0.000             24        0.00        0.00    INDEXFIND_MOD:INDINLOC@1
 4893     0.00      430.120        0.000        0.001              1        0.01        0.50    RG@1
 4894     0.00      430.120        0.000        0.000              1        0.01        0.01    radiation_config:consolidate_config_CPU@1
 4895     0.00      430.120        0.000        0.000              2        0.00        0.01    GRIB_API:IGRIB_GET_INT@1
 4896     0.00      430.120        0.000        0.000              1        0.01        0.01    LFICOM:NEW_LFI_DEFAULT@1
 4897     0.00      430.120        0.000        0.000              8        0.00        0.00    SURFACE_FIELDS_MIX:SETUP_SFLP3@1
 4898     0.00      430.120        0.000        0.000              1        0.01        0.01    PPSTA@1
 4899     0.00      430.120        0.000        0.000              8        0.00        0.00    YOMCLMICST:MOMG@1
 4900     0.00      430.120        0.000        0.000              3        0.00        0.01    GPHPRE@1
 4901     0.00      430.120        0.000        0.000              1        0.01        0.01    SUALTDH@1
 4902     0.00      430.120        0.000        0.000              1        0.01        0.01    AROINI_CONF@1
 4903     0.00      430.120        0.000        0.000              2        0.00        0.00    IO_SERV_MAP_RECV_PART2@1
 4904     0.00      430.120        0.000        0.000              1        0.01        0.45    SUINTFLEX@1
 4905     0.00      430.120        0.000        0.000              1        0.01        0.46    SUIAU@1
 4906     0.00      430.121        0.000        0.000              2        0.00        0.01    SUPERGOM_CLASS:SUPERGOM_FINAL@1
 4907     0.00      430.121        0.000        0.000              1        0.01        0.01    MF_PHYS_SAVE_PHSURF_PART2_PARALLEL:PART2:GET_DATA@1
 4908     0.00      430.121        0.000        0.092              1        0.01       92.06    SUPHY@1
 4909     0.00      430.121        0.000        0.000              1        0.01        0.01    INI_CST@1
 4910     0.00      430.121        0.000        0.000              1        0.01        0.01    SRTM_CMBGB23_CPU@1
 4911     0.00      430.121        0.000        0.001              1        0.01        0.53    SUVWRK@1
 4912     0.00      430.121        0.000        0.004              3        0.00        1.24    "lfiouv_alts"@1:lfi_alts.c
 4913     0.00      430.121        0.000        0.021              1        0.01       20.84    IOGRID_MOD:IOGRID_SELECTFX@1
 4914     0.00      430.121        0.000        0.000              1        0.01        0.01    SUVEXCS_MOD:SUVEXCS@1
 4915     0.00      430.121        0.000        0.000              3        0.00        0.00    FANDAI_MT@1
 4916     0.00      430.121        0.000        0.000              1        0.01        0.01    CPTAVE_MOD:CPTAVE@1
 4917     0.00      430.121        0.000        0.000              3        0.00        0.00    GRIDPOINT_FIELDS_MIX:HUGIFY_ENDGRID@1
 4918     0.00      430.121        0.000        0.000              1        0.01        0.01    IOGRID_MOD:DEL_INDSEL@1
 4919     0.00      430.121        0.000        0.000              2        0.00        0.01    STACK_MIX:GETSTACKUSAGEX@1
 4920     0.00      430.121        0.000        0.000              1        0.01        0.01    SUVDFS@1
 4921     0.00      430.121        0.000        0.000              2        0.00        0.01    SUPERGOM_CLASS:SUPERGOM_DESTROY@1
 4922     0.00      430.121        0.000        0.001              1        0.01        0.55    SPNG_MOD:SUSPNG@1
 4923     0.00      430.121        0.000        0.000              1        0.01        0.03    SUETLDIAG@1
 4924     0.00      430.121        0.000        0.000              1        0.01        0.42    SUINI@1
 4925     0.00      430.121        0.000        0.001              1        0.01        0.55    SUSCM@1
 4926     0.00      430.121        0.000        0.000              1        0.01        0.01    RRTM_CMBGB14_CPU@1
 4927     0.00      430.121        0.000        0.000              1        0.01        0.01    class_nvar%auto_finish@1
 4928     0.00      430.121        0.000        0.000              1        0.01        0.45    SUMETHOX@1
 4929     0.00      430.121        0.000        0.000              1        0.01        0.01    SUWCOU@1
 4930     0.00      430.121        0.000        0.000              1        0.01        0.01    SUMSC@1
 4931     0.00      430.121        0.000        0.000              1        0.01        0.01    IO_SERV_SUIOSCTMPL@1
 4932     0.00      430.121        0.000        0.000              1        0.01        0.01    SUALMDH@1
 4933     0.00      430.121        0.000        0.000              1        0.01        0.01    FIELD_CONTAINER_BASE_MOD:GET_ACTIVE_FIELDS@1
 4934     0.00      430.121        0.000        0.000              1        0.01        0.01    RERESF_PART2@1
 4935     0.00      430.121        0.000        0.001              1        0.01        0.55    GET_SPP_CONF@1
 4936     0.00      430.121        0.000        0.000              1        0.01        0.01    SUOPTPROMA@1
 4937     0.00      430.121        0.000        0.000              4        0.00        0.00    EINT_MOD:DEALLO_SL_STRUCT@1
 4938     0.00      430.121        0.000        0.000              1        0.01        0.01    SUGRIDA_FIXUP@1
 4939     0.00      430.121        0.000        0.000              1        0.01        0.01    SUAPL_ARPEGE@1
 4940     0.00      430.121        0.000        0.051              1        0.01       50.55    IOSPECA_MOD:IOSPECA_SELECTFX@1
 4941     0.00      430.121        0.000        0.000              1        0.01        0.01    SURRTFTR@1
 4942     0.00      430.121        0.000        0.000              2        0.00        0.00    radiation_spectral_definition:allocate_bands_only_CPU@1
 4943     0.00      430.121        0.000        0.000              1        0.01        0.01    SURWN_MOD:SURWN@1
 4944     0.00      430.121        0.000        0.000              1        0.01        0.01    BALANC@1
 4945     0.00      430.121        0.000        0.000              1        0.01        0.03    FACADE_MT@1
 4946     0.00      430.121        0.000        0.000              1        0.01        0.01    SUALNUD@1
 4947     0.00      430.121        0.000        0.000              1        0.01        0.25    MF_PHYS_SAVE_PHSURF_PART2_PARALLEL@1
 4948     0.00      430.121        0.000        0.000              3        0.00        0.00    SURF_INQ@1
 4949     0.00      430.121        0.000        0.004              1        0.01        3.95    MF_PHYS_SAVE_PHSURF_PART1_PARALLEL@1
 4950     0.00      430.121        0.000        0.000              1        0.01        0.01    RRTM_CMBGB6_CPU@1
 4951     0.00      430.121        0.000        0.000             10        0.00        0.00    SEAPRE@1
 4952     0.00      430.121        0.000        0.000              1        0.01        0.01    INTDYNSL_MOD:SUINTDYNSL@1
 4953     0.00      430.121        0.000        0.000              1        0.01        0.02    SCORDO@1
 4954     0.00      430.121        0.000        0.000              1        0.01        0.01    SUJFH@1
 4955     0.00      430.121        0.000        0.000              1        0.01        0.45    YOMGWDIAG:SETUP_GWDIAG@1
 4956     0.00      430.121        0.000        0.000              1        0.01        0.04    SUFRAME@1
 4957     0.00      430.121        0.000        0.000              1        0.01        0.02    YOMCSGEOM:DEALLO_TCSGEOM_NB@1
 4958     0.00      430.121        0.000        0.000              1        0.01        0.01    radiation_aerosol_optics_data:set_types_CPU@1
 4959     0.00      430.121        0.000        0.000              1        0.01        0.01    SUJBSKTECV@1
 4960     0.00      430.121        0.000        0.000              1        0.01        0.01    GMV_SUBS_MOD:SETUP_T9@1
 4961     0.00      430.121        0.000        0.000              2        0.00        0.00    DEALLOCATE_IF_ASSOCIATED_MOD:DEALLOCATE_IF_ASSOCIATED_INTEGER_1D@1
 4962     0.00      430.121        0.000        0.000              1        0.01        0.06    SUSPECA_FIXUP@1
 4963     0.00      430.121        0.000        0.020              1        0.01       19.56    SPEREE@1
 4964     0.00      430.121        0.000        0.000              3        0.00        0.00    FADIEX_MT@1
 4965     0.00      430.121        0.000        0.000             10        0.00        0.00    GFL_SUBS_MOD:SET_GFL_ATTR@1
 4966     0.00      430.121        0.000        0.000              1        0.00        0.01    SUSRTCOP@1
 4967     0.00      430.121        0.000        0.000              1        0.00        0.01    YOMLUN:FREE_LUN@1
 4968     0.00      430.121        0.000        0.002              1        0.00        2.31    radiation_cloud_optics:setup_cloud_optics_CPU@1
 4969     0.00      430.121        0.000        0.000              1        0.00        0.01    ELTRAN@1
 4970     0.00      430.121        0.000        1.183              1        0.00     1183.30    CSTA@1
 4971     0.00      430.121        0.000        0.000              1        0.00        0.01    SURRTRF_CPU@1
 4972     0.00      430.121        0.000        0.000              1        0.00        0.47    SUNUDGLH@1
 4973     0.00      430.121        0.000        0.000              2        0.00        0.00    GRIB_API:IGRIB_GET_MESSAGE_SIZE@1
 4974     0.00      430.121        0.000        0.000              1        0.00        0.27    SPGEOM_MOD:SUSMAP@1
 4975     0.00      430.121        0.000        0.000              2        0.00        0.01    FAIRNO_MT@1
 4976     0.00      430.121        0.000        0.000              1        0.00        0.01    FAGOTE_MT@1
 4977     0.00      430.121        0.000        0.000              7        0.00        0.00    RECMWF_PARALLEL:2:NULLIFY@1
 4978     0.00      430.121        0.000        0.000             10        0.00        0.00    SUCSLINT@1
 4979     0.00      430.121        0.000        0.000              1        0.00        0.00    MONVAR@1
 4980     0.00      430.121        0.000        0.000              6        0.00        0.00    FAINOC_MT@1
 4981     0.00      430.121        0.000        0.000              1        0.00        0.01    ECRADFR@1
 4982     0.00      430.121        0.000        0.000              1        0.00        0.01    YOMCSGEOM:DEALLO_TCSGEOM_B@1
 4983     0.00      430.121        0.000        0.000              1        0.00        0.00    SUSAVTEND@1
 4984     0.00      430.121        0.000        0.000              4        0.00        0.00    FALIMU_MT@1
 4985     0.00      430.121        0.000        0.000              4        0.00        0.00    CPTAVE_MOD:AVECLA@1
 4986     0.00      430.121        0.000        0.000              1        0.00        0.01    MODEL_MOD:MODEL_DELETE@1
 4987     0.00      430.121        0.000        0.000              1        0.00        0.01    SUSPECA_MAP_PART2@1
 4988     0.00      430.121        0.000        0.000              1        0.00        0.00    SUXIOS@1
 4989     0.00      430.121        0.000        0.000              1        0.00        0.00    SUCOND@1
 4990     0.00      430.121        0.000        0.000              9        0.00        0.00    INTDYN_MOD:SUPTR_TXYB@1
 4991     0.00      430.121        0.000        0.000              1        0.00        0.00    SLCSET:SLEXPOLSETUP@1
 4992     0.00      430.121        0.000        0.057              1        0.00       57.07    SUGRIDU@1
 4993     0.00      430.121        0.000        0.000              1        0.00        0.01    SUSRAD_MOD:SUSRAD@1
 4994     0.00      430.121        0.000        0.000              6        0.00        0.00    radiation_aerosol_optics_data:set_hydrophobic_type_CPU@1
 4995     0.00      430.121        0.000        0.000              1        0.00        0.00    SUSRTM_CPU@1
 4996     0.00      430.121        0.000        0.001              1        0.00        0.56    SUSATSIM@1
 4997     0.00      430.121        0.000        0.000              1        0.00        0.01    IOGRIDUA_MOD:IOGRIDUA_SELECT_WH@1
 4998     0.00      430.121        0.000        0.000              1        0.00        0.00    YOMVERT:ALLOC_INIT_TVAB@1
 4999     0.00      430.121        0.000        0.000              1        0.00        0.30    IOGRIDA_MOD:IOGRIDA_COUNT@1
 5000     0.00      430.121        0.000        0.000              2        0.00        0.00    DEALLOCATE_IF_ASSOCIATED_MOD:DEALLOCATE_IF_ASSOCIATED_INTEGER_2D@1
 5001     0.00      430.121        0.000        0.000              1        0.00        0.00    FAREGI_MT@1
 5002     0.00      430.121        0.000        0.000              1        0.00        0.00    IOSPECA_MOD:IOSPECA_FINISH@1
 5003     0.00      430.121        0.000        0.000              3        0.00        0.00    "lfiomg_alts"@1:lfi_alts.c
 5004     0.00      430.121        0.000        0.000              1        0.00        0.00    SRTM_CMBGB25_CPU@1
 5005     0.00      430.121        0.000        0.000              2        0.00        0.00    FALSIF_MT@1
 5006     0.00      430.121        0.000        0.000              1        0.00        0.00    SUJBALPHACV@1
 5007     0.00      430.121        0.000        0.000              1        0.00        0.02    SUALSPA@1
 5008     0.00      430.121        0.000        0.000              3        0.00        0.00    "lficas_alts"@1:lfi_alts.c
 5009     0.00      430.121        0.000        0.000              1        0.00        0.00    SUAERH@1
 5010     0.00      430.121        0.000        0.000              1        0.00        0.00    FALSIFY_SURF_FLDS@1
 5011     0.00      430.121        0.000        0.000              1        0.00        0.00    SUAERV@1
 5012     0.00      430.121        0.000        0.000              1        0.00        0.02    SUPHLI@1
 5013     0.00      430.121        0.000        0.000              3        0.00        0.00    IOMULTIBUF_MOD:IOMULTIBUF_SIZE_IDX@1
 5014     0.00      430.121        0.000        0.000              1        0.00        0.00    SUSRTAER@1
 5015     0.00      430.121        0.000        0.001              1        0.00        0.50    EIGSOL@1
 5016     0.00      430.121        0.000        0.000              2        0.00        0.00    YOE_SPECTRAL_PLANCK:FREE_SPECTRAL_PLANCK@1
 5017     0.00      430.121        0.000        0.000              1        0.00        0.07    SUECHK@1
 5018     0.00      430.121        0.000        0.000              1        0.00        0.00    SUSURB_MOD:SUSURB@1
 5019     0.00      430.121        0.000        0.000              1        0.00        0.45    SUIOS@1
 5020     0.00      430.121        0.000        0.000              6        0.00        0.00    INTDYN_MOD:SUPTR_THWIND@1
 5021     0.00      430.121        0.000        0.000              4        0.00        0.00    SUCFU:NEXTYPE1B@1
 5022     0.00      430.121        0.000        0.000              1        0.00        0.00    BALBAK@1
 5023     0.00      430.121        0.000        0.000              1        0.00        0.00    FAGIOT_MT@1
 5024     0.00      430.121        0.000        0.000              2        0.00        0.00    FAVORI_MT@1
 5025     0.00      430.121        0.000        0.000              1        0.00        0.00    SPECTRAL_FIELDS_MOD:SETUP_SPEC@1
 5026     0.00      430.121        0.000        0.000              2        0.00        0.00    FAVEUR_MT@1
 5027     0.00      430.121        0.000        0.000              1        0.00        0.00    UPDTIER@1
 5028     0.00      430.121        0.000        0.000              5        0.00        0.00    INTDYN_MOD:SUPTR_TXYBDER@1
 5029     0.00      430.121        0.000        0.000              1        0.00        0.00    MF_PHYS_SAVE_PHSURF_PART1_PARALLEL:PART1:NULLIFY@1
 5030     0.00      430.121        0.000        0.000              1        0.00        0.00    GSTATS_OUTPUT_IFS@1
 5031     0.00      430.121        0.000        0.000              2        0.00        0.00    AROINI_BUDGET@1
 5032     0.00      430.121        0.000        0.000              1        0.00        0.00    SRFROOTFR_MOD:SRFROOTFR@1
 5033     0.00      430.121        0.000        0.000              1        0.00        0.00    INI_CONVPAR0@1
 5034     0.00      430.121        0.000        0.000              1        0.00        0.00    SUCLD@1
 5035     0.00      430.121        0.000        0.000              2        0.00        0.00    GMV_SUBS_MOD:SETUP_T0@1
 5036     0.00      430.121        0.000        0.000              1        0.00        0.00    SUGRIDUA_MAP_PART2@1
 5037     0.00      430.121        0.000        0.000              1        0.00        0.31    IOGRIDA_MOD:IOGRIDA_SELECTDP@1
 5038     0.00      430.121        0.000        0.000              1        0.00        0.00    SUDEFO_VV1@1
 5039     0.00      430.121        0.000        0.000              3        0.00        0.00    DEALLOCATE_IF_ALLOCATED_MOD:DEALLOCATE_IF_ALLOCATED_REAL64_1D@1
 5040     0.00      430.121        0.000        0.000              2        0.00        0.00    MFIOOPTS_MOD:MFIOOPTS_GETOPTS@1
 5041     0.00      430.121        0.000        0.000              4        0.00        0.00    INTDYN_MOD:SUPTR_TRCP@1
 5042     0.00      430.121        0.000        0.000              2        0.00        0.00    "lfinmg_altm"@1:lfi_altm.c
 5043     0.00      430.121        0.000        0.000              1        0.00        0.00    SUSTHF_MOD:SUSTHF@1
 5044     0.00      430.121        0.000        0.000              1        0.00        0.00    MF_PHYS_SAVE_PHSURF_PART2_PARALLEL:PART2:NULLIFY@1
 5045     0.00      430.121        0.000        0.000              1        0.00        0.00    FP_SERV_EXIT@1
 5046     0.00      430.121        0.000        0.000              1        0.00        0.00    IOSPECA_MOD:IOSPECA_VSETOFF@1
 5047     0.00      430.121        0.000        0.000              4        0.00        0.00    INTDYN_MOD:SUPTR_TCTY@1
 5048     0.00      430.121        0.000        0.000              1        0.00        0.00    class_nvar%finish@1
 5049     0.00      430.121        0.000        0.000              2        0.00        0.00    SU_CLOP550@1
 5050     0.00      430.121        0.000        0.000              2        0.00        0.00    INTDYNSL_MOD:SUPTR_TRSCAW@1
 5051     0.00      430.121        0.000        0.000              1        0.00        0.01    IOGRIDUA_MOD:IOGRIDUA_COUNT@1
 5052     0.00      430.121        0.000        0.000              1        0.00        0.00    SUHDIR@1
 5053     0.00      430.121        0.000        0.000              2        0.00        0.00    DEALLOCATE_IF_ALLOCATED_MOD:DEALLOCATE_IF_ALLOCATED_INTEGER_1D@1
 5054     0.00      430.121        0.000        0.000              2        0.00        0.00    IOMULTIBUF_MOD:IOMULTIBUF_INIT_IDX@1
 5055     0.00      430.121        0.000        0.000              1        0.00        0.00    MTRAJ_MOD:MTRAJ_DELETE@1
 5056     0.00      430.121        0.000        0.000              1        0.00        0.00    YEMLBC_INIT:SUELBC_INIT@1
 5057     0.00      430.121        0.000        0.000              1        0.00        0.00    MODEL_MOD:MODEL_UNSET@1
 5058     0.00      430.121        0.000        0.000              1        0.00        0.00    MODULE_RADTC_MIX:SUPTRTC@1
 5059     0.00      430.121        0.000        0.000              2        0.00        0.00    FX2T@1
 5060     0.00      430.121        0.000        0.000              1        0.00        0.00    SUSPVARIABLES@1
 5061     0.00      430.121        0.000        0.000              1        0.00        0.00    FAAUTO_MT@1
 5062     0.00      430.121        0.000        0.000              1        0.00        0.00    SUPTRGPPC@1
 5063     0.00      430.121        0.000        0.000              2        0.00        0.00    "lfinmg_alts"@1:lfi_alts.c
 5064     0.00      430.121        0.000        0.000              1        0.00        0.00    INI_TURB@1
 5065     0.00      430.121        0.000        0.000              1        0.00        0.00    IO_SERV_EXIT@1
 5066     0.00      430.121        0.000        0.000              2        0.00        0.00    IOGRIDA_MOD:ROZO@1
 5067     0.00      430.121        0.000        0.000              1        0.00        0.00    YOMCST:TCST_INIT@1
 5068     0.00      430.121        0.000        0.001              1        0.00        0.64    SUFIELD_API@1
 5069     0.00      430.121        0.000        0.000              1        0.00        0.00    SUJBECPHYSECV@1
 5070     0.00      430.121        0.000        0.000              1        0.00        0.00    IOSPECA_MOD:IOSPECA_COUNT@1
 5071     0.00      430.121        0.000        0.000              1        0.00        0.00    SUGRIDA_FIX_TOZ@1
 5072     0.00      430.121        0.000        0.000              1        0.00        0.00    SURAYFRIC@1
 5073     0.00      430.121        0.000        0.000              1        0.00        0.00    MODIFY_WV_CONTINUUM@1
 5074     0.00      430.121        0.000        0.000              1        0.00        0.00    INI_SPP@1
 5075     0.00      430.121        0.000        0.000              1        0.00        0.00    SUTRAJP@1
 5076     0.00      430.121        0.000        0.000              1        0.00        0.00    SUIOSTREAM@1
 5077     0.00      430.121        0.000        0.000              2        0.00        0.00    INTDYNSL_MOD:SUPTR_TLSCAW@1
 5078     0.00      430.121        0.000        0.000              1        0.00        0.00    SUGRIDA_FIXUP:SUGRIDA_FIX_SURFANALYSISMASK@1
 5079     0.00      430.121        0.000        0.000              1        0.00        0.00    SU1YOM@1
 5080     0.00      430.121        0.000        0.000              1        0.00        0.00    INTDYN_MOD:SUPTR_TTND@1
 5081     0.00      430.121        0.000        0.000              1        0.00        0.00    SUVEXC_MOD:SUVEXC@1
 5082     0.00      430.121        0.000        0.000              1        0.00        0.00    LFICOM:NEW_LFI@1
 5083     0.00      430.121        0.000        0.000              1        0.00        0.00    IOSPECA_MOD:IOSPECA_START@1
 5084     0.00      430.121        0.000        0.000              1        0.00        0.00    SUGRIDA_FIXUP:SUGRIDA_FIX_LSM@1
 5085     0.00      430.121        0.000        0.000              1        0.00        0.00    SRTM_CMBGB26_CPU@1
 5086     0.00      430.121        0.000        0.000              1        0.00        0.00    TYPE_ECV:INITIALIZE_ECVDIM@1
 5087     0.00      430.121        0.000        0.000              1        0.00        0.00    SUSCST_MOD:SUSCST@1
 5088     0.00      430.121        0.000        0.000              1        0.00        0.00    SUOVLP@1
 5089     0.00      430.121        0.000        0.000              1        0.00        0.00    SUAERL@1
 5090     0.00      430.121        0.000        0.000              1        0.00        0.00    SUCST_IFSAUX@1
 5091     0.00      430.121        0.000        0.000              1        0.00        0.00    GMV_SUBS_MOD:SETUP_T1@1
 5092     0.00      430.121        0.000        0.000              1        0.00        0.00    GMV_SUBS_MOD:SETUP_PH9@1
 5093     0.00      430.121        0.000        0.000              1        0.00        0.00    SU3YOM@1
 5094     0.00      430.121        0.000        0.000              1        0.00        0.00    INTDYN_MOD:SUPTR_TGMVT@1
 5095     0.00      430.121        0.000        0.000              1        0.00        0.00    SURDI@1
 5096     0.00      430.121        0.000        0.000              1        0.00        0.00    SUSFLAKE_MOD:SUSFLAKE@1
 5097     0.00      430.121        0.000        0.000              1        0.00        0.00    SUDEFO_TSTEP@1
 5098     0.00      430.121        0.000        0.000              1        0.00        0.00    SU2YOM@1
 5099     0.00      430.121        0.000        0.000              1        0.00        0.00    INTDYN_MOD:SUPTR_TGFLT@1
 5100     0.00      430.121        0.000        0.000              1        0.00        0.00    INTDYNSL_MOD:SUPTR_TCCO@1
 5101     0.00      430.121        0.000        0.000              1        0.00        0.00    INTDYNSL_MOD:SUPTR_TSCO@1
 5102     0.00      430.121        0.000        0.000              1        0.00        0.00    GMV_SUBS_MOD:SETUP_GP@1
 5103     0.00      430.121        0.000        0.000              1        0.00        0.00    SRTM_KGB26@1
 5104     0.00      430.121        0.000        0.000              1        0.00        0.00    INI_CONVPAR1@1
