Profiling information for program='/home/gmap/mrpm/marguina/gpupack/pack/49t2_openacc-bench.01.INTEL2302.2d/bin/MASTERODB', proc#1:
	No. of instrumented routines called : 1756
	Instrumentation started : 20240719 175408
	Instrumentation   ended : 20240719 180116
	Instrumentation overhead: 0.82%
	Memory usage : 10398 MB (heap), 12543 MB (rss), 938 MB (stack), 152239 MB (vmpeak), 0 (paging)
	Wall-time is 425.20 sec on proc#1 (8 procs, 32 threads)
	Thread#1:      424.09 sec (99.74%) -- Cycles: 961937213648 (962720930093)
	Thread#2:       17.36 sec (4.08%) -- Cycles: 39335625926 (962720936123)
	Thread#3:       17.45 sec (4.10%) -- Cycles: 39546554422 (962720927460)
	Thread#4:       17.56 sec (4.13%) -- Cycles: 39839991744 (962720926582)
	Thread#5:       17.56 sec (4.13%) -- Cycles: 39836726065 (962720947260)
	Thread#6:       17.58 sec (4.13%) -- Cycles: 39889499662 (962720955180)
	Thread#7:       17.74 sec (4.17%) -- Cycles: 40271437819 (962720950455)
	Thread#8:       17.73 sec (4.17%) -- Cycles: 40244477027 (962720946495)
	Thread#9:       17.77 sec (4.18%) -- Cycles: 40323016515 (962720939407)
	Thread#10:       17.71 sec (4.17%) -- Cycles: 40209519700 (962720949352)
	Thread#11:       17.69 sec (4.16%) -- Cycles: 40156654851 (962720944470)
	Thread#12:       17.69 sec (4.16%) -- Cycles: 40159597379 (962720939992)
	Thread#13:       17.68 sec (4.16%) -- Cycles: 40118254449 (962720936865)
	Thread#14:       17.68 sec (4.16%) -- Cycles: 40111061008 (962720947237)
	Thread#15:       17.66 sec (4.15%) -- Cycles: 40062588886 (962720939903)
	Thread#16:       17.59 sec (4.14%) -- Cycles: 39937801427 (962720935605)
	Thread#17:       16.52 sec (3.88%) -- Cycles: 37538942866 (962720969018)
	Thread#18:       16.51 sec (3.88%) -- Cycles: 37509630493 (962720980740)
	Thread#19:       16.51 sec (3.88%) -- Cycles: 37515102236 (962720972483)
	Thread#20:       16.52 sec (3.88%) -- Cycles: 37530436118 (962720968815)
	Thread#21:       16.60 sec (3.91%) -- Cycles: 37707971195 (962720982832)
	Thread#22:       16.54 sec (3.89%) -- Cycles: 37579445830 (962720990955)
	Thread#23:       16.55 sec (3.89%) -- Cycles: 37607755914 (962720984745)
	Thread#24:       16.71 sec (3.93%) -- Cycles: 37971991802 (962720982518)
	Thread#25:       16.42 sec (3.86%) -- Cycles: 37314603976 (962720974822)
	Thread#26:       16.50 sec (3.88%) -- Cycles: 37490226048 (962720986072)
	Thread#27:       16.50 sec (3.88%) -- Cycles: 37489912487 (962720980358)
	Thread#28:       16.44 sec (3.87%) -- Cycles: 37337128240 (962720973833)
	Thread#29:       16.29 sec (3.83%) -- Cycles: 36956196350 (962720968162)
	Thread#30:       16.27 sec (3.83%) -- Cycles: 36904625734 (962720976127)
	Thread#31:       16.31 sec (3.84%) -- Cycles: 36996180162 (962720970885)
	Thread#32:       16.19 sec (3.81%) -- Cycles: 36729251396 (962720968612)

    #  % Time         Cumul         Self        Total     # of calls        Self       Total    Routine@<thread-id>
                                                                             (Size; Size/sec; Size/call; MinSize; MaxSize)
        (self)        (sec)        (sec)        (sec)                    ms/call     ms/call

    1     9.96       42.356       42.356       42.545         638372        0.07        0.07    RANDOM_NUMBERS_MIX:INITIALIZE_RANDOM_NUMBERS@1
    2     8.28       77.566       35.210       73.883          10920        3.22        6.77    radiation_mcica_sw:solver_mcica_sw_CPU@1
    3     5.15       99.455       21.889       61.821          10920        2.00        5.66    radiation_mcica_lw:solver_mcica_lw_CPU@1
    4     5.00      120.715       21.260       21.504         634920        0.03        0.03    LAITRI_VECTOR@1
    5     4.06      137.994       17.279       60.697         698572        0.02        0.09    radiation_cloud_generator:cloud_generator_CPU@1
    6     3.86      154.410       16.417       16.417             37      443.70      443.70    ACVPPKF_PARALLEL:PART3:COMPUTE@1
    7     3.74      170.319       15.908       15.928          57720        0.28        0.28    CONVECT_TRIGGER_SHAL@1
    8     3.11      183.544       13.225       13.291          10920        1.21        1.22    radiation_aerosol_optics:add_aerosol_optics_CPU@1
    9     2.99      196.262       12.717       55.052          10920        1.16        5.04    radiation_ifs_rrtm:gas_optics_rrtm_CPU@1
   10     2.95      208.810       12.548       12.549             74      169.57      169.57    SLCOMM3:SLCOMM3_INT@1
   11     2.93      221.261       12.451       12.451             37      336.51      336.51    APL_ARPEGE_INIT_PARALLEL:3:COMPUTE@1
   12     2.89      233.550       12.289       12.289             37      332.14      332.14    ACVPPKF_PARALLEL:PART0:COMPUTE@1
   13     2.82      245.557       12.007       12.009           3300        3.64        3.64    DELETE_TEMPORARIES@1
   14     2.12      254.554        8.998        9.249         668472        0.01        0.01    radiation_adding_ica_sw:adding_ica_sw_CPU@1
   15     1.57      261.233        6.679        7.819             37      180.52      211.32    LATTEX_PARALLEL:MAIN:COMPUTE@1
   16     1.49      267.552        6.319        6.868          14506        0.44        0.47    CONVECT_CLOSURE_SHAL@1
   17     1.16      272.476        4.924        4.932          17319        0.28        0.28   *VERINT@1
   18     1.14      277.306        4.831        4.831             37      130.56      130.56    APL_ARPEGE_INIT_PARALLEL:4:COMPUTE@1
   19     1.00      281.569        4.263        4.263             37      115.21      115.22    TRLTOM@1
   20     0.95      285.617        4.048       22.742          10920        0.37        2.08    RRTM_GAS_OPTICAL_DEPTH_CPU@1
   21     0.94      289.597        3.980      355.525             37      107.57     9608.78    CPG_DRV@1
   22     0.88      293.354        3.757       13.033          10920        0.34        1.19    SRTM_GAS_OPTICAL_DEPTH_CPU@1
   23     0.87      297.072        3.718        3.724          10920        0.34        0.34    radiation_ifs_rrtm:planck_function_atmos_CPU@1
   24     0.82      300.542        3.470        3.695         668472        0.01        0.01    radiation_adding_ica_lw:calc_fluxes_no_scattering_lw_CPU@1
   25     0.75      303.730        3.188        3.581        1421588        0.00        0.00    CONVECT_CONDENS@1
   26     0.73      306.845        3.116        3.116              7      445.08      445.09    RECMWF_PARALLEL:PREPARE:COMPUTE@1
   27     0.73      309.933        3.087       19.031          57720        0.05        0.33    SHALLOW_CONVECTION_PART1@1
   28     0.71      312.962        3.029        3.029             41       73.88       73.88    TRLTOG@1
   29     0.67      315.808        2.846        2.846             37       76.93       76.93    APL_ARPEGE_INIT_PARALLEL:5:COMPUTE@1
   30     0.62      318.449        2.641        2.646          10920        0.24        0.24    RRTM_TAUMOL3_CPU@1
   31     0.62      321.085        2.636        2.733         349286        0.01        0.01    radiation_lw_derivatives:calc_lw_derivatives_ica_CPU@1
   32     0.62      323.711        2.626        2.648          57720        0.05        0.05    ARP_GROUND_PARAM@1
   33     0.59      326.241        2.530        2.613         247197        0.01        0.01   *LAITLI@1
   34     0.59      328.733        2.493        4.332          57720        0.04        0.08    ACDIFV1@1
   35     0.54      331.029        2.295        2.300          10920        0.21        0.21    RRTM_TAUMOL5_CPU@1
   36     0.50      333.172        2.143        2.225         280161        0.01        0.01    radiation_lw_derivatives:modify_lw_derivatives_ica_CPU@1
   37     0.48      335.226        2.054        2.058          10920        0.19        0.19    ACRALU@1
   38     0.48      337.274        2.048       14.597             74       27.68      197.26    SLCOMM3@1
   39     0.46      339.214        1.940        1.941             37       52.44       52.45    MF_PHYS_INIT_PARALLEL:ZERO:COMPUTE@1
   40     0.43      341.063        1.849        1.849             57       32.43       32.44    TRGTOL@1
   41     0.43      342.880        1.817        1.968             72       25.23       27.34    EXCHANGE_MS:EXCHANGE@1
   42     0.42      344.666        1.786        1.791          10920        0.16        0.16    RRTM_TAUMOL9_CPU@1
   43     0.42      346.442        1.776        1.781          10920        0.16        0.16    RRTM_TAUMOL4_CPU@1
   44     0.41      348.176        1.734        1.823         288600        0.01        0.01    TRIDIFV1@1
   45     0.39      349.832        1.656        1.660          10920        0.15        0.15    RRTM_TAUMOL7_CPU@1
   46     0.36      351.372        1.540        5.721          14506        0.11        0.39    CONVECT_UPDRAFT_SHAL@1
   47     0.35      352.859        1.487        1.492          10920        0.14        0.14    RRTM_SETCOEF_140GP_CPU@1
   48     0.34      354.312        1.454        1.459          10920        0.13        0.13    radiation_cloud_optics:cloud_optics_CPU@1
   49     0.32      355.688        1.376        1.376             37       37.18       37.18    APL_ARPEGE_INIT_PARALLEL:2:COMPUTE@1
   50     0.32      357.056        1.369      425.377              1     1368.60   425377.47    CNT4@1
   51     0.31      358.354        1.298      209.229          10920        0.12       19.16    RADIATION_SCHEME_CPU@1
   52     0.30      358.354        1.289        1.295          14504        0.09        0.09    VERINT@15
   53     0.30      358.354        1.287        1.293          14504        0.09        0.09    VERINT@21
   54     0.30      358.354        1.286        1.293          14504        0.09        0.09    VERINT@6
   55     0.30      358.354        1.275        1.282          14208        0.09        0.09    VERINT@27
   56     0.30      358.354        1.271        1.277          14208        0.09        0.09    VERINT@31
   57     0.29      358.354        1.254        1.262          14504        0.09        0.09    VERINT@11
   58     0.29      358.354        1.251        1.259          14504        0.09        0.09    VERINT@10
   59     0.29      359.604        1.250        1.268          57720        0.02        0.02    ACDAYD@1
   60     0.29      359.604        1.249        1.257          14504        0.09        0.09    VERINT@9
   61     0.29      359.604        1.249        1.257          14504        0.09        0.09    VERINT@12
   62     0.29      359.604        1.249        1.256          14504        0.09        0.09    VERINT@7
   63     0.29      359.604        1.249        1.256          14504        0.09        0.09    VERINT@8
   64     0.29      359.604        1.248        1.256          14504        0.09        0.09    VERINT@16
   65     0.29      359.604        1.245        1.252          14504        0.09        0.09    VERINT@13
   66     0.29      359.604        1.245        1.251          14504        0.09        0.09    VERINT@14
   67     0.29      359.604        1.244        1.251          14504        0.09        0.09    VERINT@5
   68     0.29      359.604        1.241        1.249          14504        0.09        0.09    VERINT@23
   69     0.29      359.604        1.241        1.248          14504        0.09        0.09    VERINT@19
   70     0.29      359.604        1.241        1.249          14504        0.09        0.09    VERINT@17
   71     0.29      359.604        1.240        1.248          14504        0.09        0.09    VERINT@22
   72     0.29      359.604        1.240        1.248          14504        0.09        0.09    VERINT@24
   73     0.29      359.604        1.240        1.248          14504        0.09        0.09    VERINT@20
   74     0.29      359.604        1.239        1.247          14504        0.09        0.09    VERINT@18
   75     0.29      359.604        1.237        1.244          14504        0.09        0.09    VERINT@4
   76     0.29      359.604        1.234        1.239          14504        0.09        0.09    VERINT@3
   77     0.29      359.604        1.231        1.236          14504        0.08        0.09    VERINT@2
   78     0.29      359.604        1.226        1.232          14208        0.09        0.09    VERINT@32
   79     0.29      359.604        1.222        1.230          14208        0.09        0.09    VERINT@28
   80     0.29      359.604        1.222        1.229          14208        0.09        0.09    VERINT@25
   81     0.29      359.604        1.221        1.228          14208        0.09        0.09    VERINT@26
   82     0.29      359.604        1.218        1.223          14208        0.09        0.09    VERINT@30
   83     0.29      359.604        1.214        1.221          14208        0.09        0.09    VERINT@29
   84     0.27      360.755        1.150        1.170          57720        0.02        0.02    ACDIFV2@1
   85     0.27      361.883        1.128        1.132          10920        0.10        0.10    SRTM_TAUMOL17_CPU@1
   86     0.26      362.996        1.113        1.118          10920        0.10        0.10    RRTM_TAUMOL1_CPU@1
   87     0.26      364.081        1.085        1.140         173160        0.01        0.01    LATTEX_DNT@1
   88     0.25      365.141        1.061        1.065          10920        0.10        0.10    SRTM_TAUMOL21_CPU@1
   89     0.25      366.188        1.046        1.051          10920        0.10        0.10    RRTM_TAUMOL8_CPU@1
   90     0.24      367.199        1.012        1.804           7252        0.14        0.25   *LASCAW@7
   91     0.24      368.210        1.010        1.012           1813        0.56        0.56   *CPTEND_NEW@14
   92     0.24      368.210        1.010        1.012           1813        0.56        0.56    CPTEND_NEW@9
   93     0.24      368.210        1.008        1.801           7252        0.14        0.25    LASCAW@12
   94     0.24      368.210        1.008        1.784           7252        0.14        0.25    LASCAW@15
   95     0.24      368.210        1.006        1.790           7252        0.14        0.25    LASCAW@10
   96     0.24      368.210        1.006        1.008           1813        0.55        0.56    CPTEND_NEW@12
   97     0.24      368.210        1.005        1.798           7252        0.14        0.25    LASCAW@4
   98     0.24      369.214        1.004        1.009          10920        0.09        0.09    RRTM_TAUMOL12_CPU@1
   99     0.24      369.214        1.004        1.797           7252        0.14        0.25    LASCAW@9
  100     0.24      369.214        1.004        1.786           7252        0.14        0.25    LASCAW@6
  101     0.24      369.214        1.002        1.004           1813        0.55        0.55    CPTEND_NEW@15
  102     0.24      369.214        1.001        1.003           1813        0.55        0.55    CPTEND_NEW@8
  103     0.24      369.214        1.000        1.002           1813        0.55        0.55    CPTEND_NEW@10
  104     0.24      369.214        1.000        1.002           1813        0.55        0.55    CPTEND_NEW@11
  105     0.24      369.214        0.999        1.001           1813        0.55        0.55    CPTEND_NEW@16
  106     0.23      369.214        0.998        1.000           1813        0.55        0.55    CPTEND_NEW@13
  107     0.23      369.214        0.995        1.783           7252        0.14        0.25    LASCAW@1
  108     0.23      369.214        0.993        0.995           1813        0.55        0.55    CPTEND_NEW@7
  109     0.23      369.214        0.993        1.775           7252        0.14        0.24    LASCAW@13
  110     0.23      369.214        0.993        1.764           7252        0.14        0.24    LASCAW@2
  111     0.23      369.214        0.992        1.777           7252        0.14        0.25    LASCAW@11
  112     0.23      369.214        0.992        1.776           7252        0.14        0.24    LASCAW@5
  113     0.23      369.214        0.991        0.993           1813        0.55        0.55    CPTEND_NEW@6
  114     0.23      369.214        0.987        1.773           7252        0.14        0.24    LASCAW@14
  115     0.23      369.214        0.983        1.768           7252        0.14        0.24    LASCAW@8
  116     0.23      369.214        0.983        1.775           7252        0.14        0.24    LASCAW@16
  117     0.23      369.214        0.981        0.982           1813        0.54        0.54    CPTEND_NEW@3
  118     0.23      369.214        0.981        0.982           1813        0.54        0.54    CPTEND_NEW@4
  119     0.23      369.214        0.980        1.764           7252        0.14        0.24    LASCAW@3
  120     0.23      369.214        0.978        0.980           1813        0.54        0.54    CPTEND_NEW@5
  121     0.23      369.214        0.969        0.970           1813        0.53        0.54    CPTEND_NEW@2
  122     0.23      370.182        0.968        0.970           1813        0.53        0.53   *CPG_SL1B_TYPE_SHUFFLE_PB1@24
  123     0.23      370.182        0.967        0.969           1813        0.53        0.53    CPG_SL1B_TYPE_SHUFFLE_PB1@23
  124     0.23      370.182        0.967        0.969           1813        0.53        0.53    CPG_SL1B_TYPE_SHUFFLE_PB1@22
  125     0.23      370.182        0.966        0.969           1813        0.53        0.53    CPG_SL1B_TYPE_SHUFFLE_PB1@21
  126     0.23      370.182        0.965        0.966           1813        0.53        0.53    CPTEND_NEW@1
  127     0.23      370.182        0.959        0.961           1813        0.53        0.53    CPG_SL1B_TYPE_SHUFFLE_PB1@17
  128     0.23      370.182        0.959        0.961           1776        0.54        0.54    CPG_SL1B_TYPE_SHUFFLE_PB1@28
  129     0.23      370.182        0.959        0.961           1813        0.53        0.53    CPG_SL1B_TYPE_SHUFFLE_PB1@20
  130     0.23      370.182        0.958        0.960           1776        0.54        0.54    CPG_SL1B_TYPE_SHUFFLE_PB1@27
  131     0.23      370.182        0.957        0.959           1776        0.54        0.54    CPG_SL1B_TYPE_SHUFFLE_PB1@25
  132     0.23      370.182        0.957        0.959           1813        0.53        0.53    CPG_SL1B_TYPE_SHUFFLE_PB1@16
  133     0.22      370.182        0.957        0.959           1813        0.53        0.53    CPG_SL1B_TYPE_SHUFFLE_PB1@19
  134     0.22      370.182        0.957        0.959           1813        0.53        0.53    CPG_SL1B_TYPE_SHUFFLE_PB1@18
  135     0.22      370.182        0.956        0.958           1776        0.54        0.54    CPG_SL1B_TYPE_SHUFFLE_PB1@31
  136     0.22      370.182        0.956        0.958           1776        0.54        0.54    CPG_SL1B_TYPE_SHUFFLE_PB1@26
  137     0.22      370.182        0.956        0.958           1776        0.54        0.54    CPG_SL1B_TYPE_SHUFFLE_PB1@29
  138     0.22      370.182        0.955        0.957           1813        0.53        0.53    CPG_SL1B_TYPE_SHUFFLE_PB1@11
  139     0.22      370.182        0.955        0.957           1813        0.53        0.53    CPG_SL1B_TYPE_SHUFFLE_PB1@12
  140     0.22      370.182        0.954        0.957           1776        0.54        0.54    CPG_SL1B_TYPE_SHUFFLE_PB1@30
  141     0.22      370.182        0.954        0.957           1813        0.53        0.53    CPG_SL1B_TYPE_SHUFFLE_PB1@9
  142     0.22      370.182        0.954        0.956           1813        0.53        0.53    CPG_SL1B_TYPE_SHUFFLE_PB1@10
  143     0.22      370.182        0.954        0.956           1813        0.53        0.53    CPG_SL1B_TYPE_SHUFFLE_PB1@1
  144     0.22      370.182        0.953        0.955           1776        0.54        0.54    CPG_SL1B_TYPE_SHUFFLE_PB1@32
  145     0.22      370.182        0.953        0.955           1813        0.53        0.53    CPG_SL1B_TYPE_SHUFFLE_PB1@8
  146     0.22      370.182        0.953        0.955           1813        0.53        0.53    CPG_SL1B_TYPE_SHUFFLE_PB1@13
  147     0.22      370.182        0.953        0.955           1813        0.53        0.53    CPG_SL1B_TYPE_SHUFFLE_PB1@15
  148     0.22      370.182        0.952        0.954           1813        0.53        0.53    CPG_SL1B_TYPE_SHUFFLE_PB1@7
  149     0.22      370.182        0.952        0.954           1813        0.53        0.53    CPG_SL1B_TYPE_SHUFFLE_PB1@14
  150     0.22      370.182        0.952        0.954           1813        0.52        0.53    CPG_SL1B_TYPE_SHUFFLE_PB1@6
  151     0.22      370.182        0.951        0.953           1813        0.52        0.53    CPG_SL1B_TYPE_SHUFFLE_PB1@4
  152     0.22      370.182        0.951        0.953           1813        0.52        0.53    CPG_SL1B_TYPE_SHUFFLE_PB1@5
  153     0.22      370.182        0.950        0.952           1813        0.52        0.53    CPG_SL1B_TYPE_SHUFFLE_PB1@2
  154     0.22      370.182        0.949        0.951           1813        0.52        0.52    CPG_SL1B_TYPE_SHUFFLE_PB1@3
  155     0.22      370.182        0.945        1.663           7252        0.13        0.23    LASCAW@24
  156     0.22      370.182        0.942        1.651           7252        0.13        0.23    LASCAW@21
  157     0.22      370.182        0.937        1.647           7252        0.13        0.23    LASCAW@22
  158     0.22      370.182        0.929        1.595           7252        0.13        0.22    LASCAW@19
  159     0.22      370.182        0.927        1.609           7104        0.13        0.23    LASCAW@26
  160     0.22      370.182        0.925        1.602           7104        0.13        0.23    LASCAW@25
  161     0.22      370.182        0.923        1.607           7104        0.13        0.23    LASCAW@30
  162     0.22      370.182        0.922        1.617           7104        0.13        0.23    LASCAW@29
  163     0.22      370.182        0.920        1.622           7252        0.13        0.22    LASCAW@23
  164     0.22      370.182        0.917        1.616           7104        0.13        0.23    LASCAW@32
  165     0.22      370.182        0.917        1.614           7104        0.13        0.23    LASCAW@27
  166     0.22      370.182        0.915        0.917           1813        0.50        0.51    CPTEND_NEW@23
  167     0.22      370.182        0.915        1.593           7252        0.13        0.22    LASCAW@18
  168     0.21      371.091        0.908        0.914          10920        0.08        0.08    RRTM_TAUMOL2_CPU@1
  169     0.21      371.091        0.908        0.910           1813        0.50        0.50    CPTEND_NEW@19
  170     0.21      371.091        0.908        0.910           1813        0.50        0.50    CPTEND_NEW@24
  171     0.21      371.091        0.907        0.909           1776        0.51        0.51    CPTEND_NEW@28
  172     0.21      371.091        0.907        0.909           1813        0.50        0.50    CPTEND_NEW@20
  173     0.21      371.091        0.907        0.909           1776        0.51        0.51    CPTEND_NEW@25
  174     0.21      371.091        0.905        0.907           1776        0.51        0.51    CPTEND_NEW@32
  175     0.21      371.993        0.902        0.907          10920        0.08        0.08    RRTM_TAUMOL13_CPU@1
  176     0.21      371.993        0.901        0.903           1813        0.50        0.50    CPTEND_NEW@21
  177     0.21      371.993        0.901        0.902           1813        0.50        0.50    CPTEND_NEW@22
  178     0.21      371.993        0.899        0.900           1776        0.51        0.51    CPTEND_NEW@31
  179     0.21      371.993        0.899        1.574           7252        0.12        0.22    LASCAW@20
  180     0.21      371.993        0.898        1.557           7252        0.12        0.21    LASCAW@17
  181     0.21      371.993        0.896        0.898           1776        0.50        0.51    CPTEND_NEW@30
  182     0.21      372.889        0.896        0.900          10920        0.08        0.08    SRTM_TAUMOL24_CPU@1
  183     0.21      372.889        0.896        1.581           7104        0.13        0.22    LASCAW@31
  184     0.21      372.889        0.895        0.897           1776        0.50        0.50    CPTEND_NEW@27
  185     0.21      372.889        0.893        0.895           1813        0.49        0.49    CPTEND_NEW@17
  186     0.21      372.889        0.891        0.893           1776        0.50        0.50    CPTEND_NEW@29
  187     0.21      372.889        0.890        1.576           7104        0.13        0.22    LASCAW@28
  188     0.21      372.889        0.890        0.892           1813        0.49        0.49    CPTEND_NEW@18
  189     0.21      372.889        0.889        0.890           1776        0.50        0.50    CPTEND_NEW@26
  190     0.20      373.756        0.867        0.871          10920        0.08        0.08    SRTM_TAUMOL20_CPU@1
  191     0.20      374.587        0.831        0.831             41       20.27       20.28    TRMTOL@1
  192     0.19      375.390        0.803        0.807          10920        0.07        0.07    RRTM_TAUMOL11_CPU@1
  193     0.18      376.144        0.754        0.758          10920        0.07        0.07    SRTM_TAUMOL19_CPU@1
  194     0.18      376.898        0.754        0.758          10920        0.07        0.07    SRTM_TAUMOL18_CPU@1
  195     0.17      377.625        0.728        0.747          57720        0.01        0.01    LAIDDI@1
  196     0.16      378.325        0.699        0.704          10920        0.06        0.06    SRTM_TAUMOL29_CPU@1
  197     0.16      379.019        0.694        1.526             37       18.77       41.25    LARMES_PARALLEL:LARMES:COMPUTE@1
  198     0.16      379.698        0.679        0.683          10920        0.06        0.06    SRTM_SETCOEF_CPU@1
  199     0.16      380.363        0.665        0.669          10920        0.06        0.06    RRTM_TAUMOL6_CPU@1
  200     0.16      381.023        0.660        0.664          10920        0.06        0.06    SRTM_TAUMOL23_CPU@1
  201     0.15      381.677        0.654        0.658          10920        0.06        0.06    SRTM_TAUMOL16_CPU@1
  202     0.15      382.324        0.648        0.648             37       17.51       17.52    CPG_SL1B_TYPE_SET_HOST_PARALLEL@1
  203     0.15      382.968        0.644        0.648          10920        0.06        0.06    RRTM_TAUMOL10_CPU@1
  204     0.15      383.597        0.628        1.595             37       16.98       43.10    APL_ARPEGE_ATMOSPHERE_UPDATE_PARALLEL:CPTEND_NEW:COMPUTE@1
  205     0.14      384.205        0.608        0.612          10920        0.06        0.06    RRTM_TAUMOL15_CPU@1
  206     0.14      384.797        0.592        0.596          10920        0.05        0.05    SRTM_TAUMOL28_CPU@1
  207     0.14      385.379        0.582        0.586          10920        0.05        0.05    RRTM_PREPARE_GASES_CPU@1
  208     0.13      385.953        0.573       29.052             37       15.50      785.19    LAPINEB_DRV@1
  209     0.13      386.524        0.572        5.734             41       13.94      139.86    INV_TRANS@1
  210     0.13      387.064        0.540        0.544          10920        0.05        0.05    RRTM_TAUMOL16_CPU@1
  211     0.13      387.599        0.535        0.536           1813        0.29        0.30   *ADVPRCS@17
  212     0.13      387.599        0.533        0.534           1813        0.29        0.29    ADVPRCS@18
  213     0.12      387.599        0.530        0.532           1813        0.29        0.29    ADVPRCS@20
  214     0.12      387.599        0.530        0.531           1813        0.29        0.29    ADVPRCS@22
  215     0.12      387.599        0.529        0.531           1813        0.29        0.29    ADVPRCS@19
  216     0.12      387.599        0.529        0.531           1813        0.29        0.29    ADVPRCS@21
  217     0.12      387.599        0.527        0.529           1813        0.29        0.29    ADVPRCS@23
  218     0.12      387.599        0.527        0.528           1813        0.29        0.29    ADVPRCS@16
  219     0.12      387.599        0.526        0.527           1813        0.29        0.29    ADVPRCS@24
  220     0.12      388.125        0.526        0.527           1813        0.29        0.29   *ACTURB@1
  221     0.12      388.125        0.524        0.525           1813        0.29        0.29    ADVPRCS@15
  222     0.12      388.125        0.523        0.525           1813        0.29        0.29    ADVPRCS@9
  223     0.12      388.125        0.523        0.525           1813        0.29        0.29    ADVPRCS@6
  224     0.12      388.125        0.523        0.524           1813        0.29        0.29    ADVPRCS@10
  225     0.12      388.647        0.522       22.201         634920        0.00        0.03    LAITRI@1
  226     0.12      388.647        0.522        0.524           1813        0.29        0.29    ADVPRCS@11
  227     0.12      388.647        0.522        0.523           1813        0.29        0.29    ADVPRCS@12
  228     0.12      388.647        0.522        0.523           1813        0.29        0.29    ADVPRCS@8
  229     0.12      388.647        0.521        0.522           1813        0.29        0.29    ACTURB@15
  230     0.12      388.647        0.521        0.522           1813        0.29        0.29    ACTURB@13
  231     0.12      388.647        0.520        0.522           1813        0.29        0.29    ACTURB@14
  232     0.12      388.647        0.520        0.522           1813        0.29        0.29    ACTURB@8
  233     0.12      388.647        0.520        0.521           1813        0.29        0.29    ACTURB@5
  234     0.12      388.647        0.520        0.521           1813        0.29        0.29    ACTURB@12
  235     0.12      388.647        0.520        0.521           1813        0.29        0.29    ACTURB@10
  236     0.12      388.647        0.520        0.521           1813        0.29        0.29    ADVPRCS@5
  237     0.12      388.647        0.519        0.521           1813        0.29        0.29    ACTURB@7
  238     0.12      388.647        0.519        0.521           1813        0.29        0.29    ADVPRCS@7
  239     0.12      388.647        0.519        0.520           1813        0.29        0.29    ACTURB@9
  240     0.12      388.647        0.519        0.520           1813        0.29        0.29    ACTURB@6
  241     0.12      388.647        0.519        0.520           1813        0.29        0.29    ACTURB@16
  242     0.12      388.647        0.519        0.520           1813        0.29        0.29    ADVPRCS@14
  243     0.12      388.647        0.519        0.520           1813        0.29        0.29    ACTURB@11
  244     0.12      388.647        0.518        0.519           1776        0.29        0.29    ADVPRCS@31
  245     0.12      388.647        0.518        0.519           1813        0.29        0.29    ACTURB@2
  246     0.12      388.647        0.518        0.520           1813        0.29        0.29    ADVPRCS@13
  247     0.12      388.647        0.518        0.519           1813        0.29        0.29    ACTURB@3
  248     0.12      388.647        0.517        0.518           1776        0.29        0.29    ADVPRCS@32
  249     0.12      388.647        0.517        0.518           1776        0.29        0.29    ADVPRCS@25
  250     0.12      388.647        0.516        0.517           1813        0.28        0.29    ACTURB@4
  251     0.12      388.647        0.516        0.517           1776        0.29        0.29    ADVPRCS@30
  252     0.12      388.647        0.516        0.517           1776        0.29        0.29    ADVPRCS@27
  253     0.12      388.647        0.515        0.517           1776        0.29        0.29    ADVPRCS@29
  254     0.12      388.647        0.515        0.516           1813        0.28        0.28    ADVPRCS@2
  255     0.12      388.647        0.514        0.516           1776        0.29        0.29    ADVPRCS@26
  256     0.12      388.647        0.514        0.515           1813        0.28        0.28    ADVPRCS@3
  257     0.12      388.647        0.513        0.515           1813        0.28        0.28    ADVPRCS@4
  258     0.12      388.647        0.513        0.515           1776        0.29        0.29    ADVPRCS@28
  259     0.12      388.647        0.509        0.510           1813        0.28        0.28    ADVPRCS@1
  260     0.12      389.148        0.501        0.505           9065        0.06        0.06   *LARCHE@14
  261     0.12      389.148        0.501        0.506           9065        0.06        0.06    LARCHE@9
  262     0.12      389.148        0.500        0.505           9065        0.06        0.06    LARCHE@12
  263     0.12      389.148        0.496        0.501           9065        0.05        0.06    LARCHE@6
  264     0.12      389.148        0.495        0.499           9065        0.05        0.06    LARCHE@5
  265     0.12      389.148        0.494        0.499           9065        0.05        0.06    LARCHE@15
  266     0.12      389.148        0.494        0.499           9065        0.05        0.06    LARCHE@8
  267     0.12      389.148        0.493        0.499           9065        0.05        0.06    LARCHE@10
  268     0.12      389.148        0.493        0.498           9065        0.05        0.05    LARCHE@7
  269     0.12      389.148        0.491        0.497           9065        0.05        0.05    LARCHE@11
  270     0.12      389.148        0.491        0.496           9065        0.05        0.05    LARCHE@16
  271     0.12      389.148        0.490        0.495           9065        0.05        0.05    LARCHE@13
  272     0.12      389.148        0.490        0.491           1813        0.27        0.27    ACTURB@20
  273     0.12      389.148        0.489        0.490           1813        0.27        0.27    ACTURB@19
  274     0.11      389.148        0.488        0.489           1813        0.27        0.27    ACTURB@21
  275     0.11      389.148        0.488        0.489           1813        0.27        0.27    ACTURB@17
  276     0.11      389.148        0.487        0.489           1813        0.27        0.27    ACTURB@22
  277     0.11      389.148        0.487        0.488           1813        0.27        0.27    ACTURB@18
  278     0.11      389.148        0.487        0.488           1813        0.27        0.27    ACTURB@24
  279     0.11      389.148        0.486        0.488           1813        0.27        0.27    ACTURB@23
  280     0.11      389.148        0.486        0.490           9065        0.05        0.05    LARCHE@2
  281     0.11      389.632        0.485        0.485            208        2.33        2.33   *FFT992@4
  282     0.11      390.117        0.485        0.675         698572        0.00        0.00    radiation_cloud_cover:cum_cloud_cover_exp_ran_CPU@1
  283     0.11      390.117        0.484        0.486           1776        0.27        0.27    ACTURB@26
  284     0.11      390.117        0.484        0.487           9065        0.05        0.05    LARCHE@3
  285     0.11      390.600        0.483        0.485           3626        0.13        0.13   *ACNEBSM@1
  286     0.11      390.600        0.480        0.481           1776        0.27        0.27    ACTURB@29
  287     0.11      390.600        0.480        0.484           9065        0.05        0.05    LARCHE@4
  288     0.11      391.079        0.480       13.073          14506        0.03        0.90    SHALLOW_CONVECTION_PART2@1
  289     0.11      391.079        0.479        0.480           1776        0.27        0.27    ACTURB@30
  290     0.11      391.079        0.479        0.481           1776        0.27        0.27    ACTURB@28
  291     0.11      391.079        0.478        0.480           1776        0.27        0.27    ACTURB@27
  292     0.11      391.079        0.478        0.479           1776        0.27        0.27    ACTURB@31
  293     0.11      391.079        0.477        0.482           9065        0.05        0.05    LARCHE@1
  294     0.11      391.079        0.475        0.478           3626        0.13        0.13    ACNEBSM@12
  295     0.11      391.079        0.475        0.476           1776        0.27        0.27    ACTURB@32
  296     0.11      391.079        0.475        0.476           1776        0.27        0.27    ACTURB@25
  297     0.11      391.079        0.475        0.477           3626        0.13        0.13    ACNEBSM@11
  298     0.11      391.079        0.475        0.477           3626        0.13        0.13    ACNEBSM@10
  299     0.11      391.079        0.474        0.476           3626        0.13        0.13    ACNEBSM@9
  300     0.11      391.079        0.474        0.476           3626        0.13        0.13    ACNEBSM@13
  301     0.11      391.079        0.474        0.475           3626        0.13        0.13    ACNEBSM@15
  302     0.11      391.079        0.474        0.475           3626        0.13        0.13    ACNEBSM@14
  303     0.11      391.079        0.472        0.475           3626        0.13        0.13    ACNEBSM@7
  304     0.11      391.079        0.472        0.474           3626        0.13        0.13    ACNEBSM@5
  305     0.11      391.079        0.472        0.474           3626        0.13        0.13    ACNEBSM@8
  306     0.11      391.079        0.470        0.472           3626        0.13        0.13    ACNEBSM@6
  307     0.11      391.079        0.470        0.472           3626        0.13        0.13    ACNEBSM@16
  308     0.11      391.549        0.469        0.473          10920        0.04        0.04    radiation_flux:calc_surface_spectral_CPU@1
  309     0.11      391.549        0.468        0.473           9065        0.05        0.05    LARCHE@21
  310     0.11      391.549        0.467        0.469           3626        0.13        0.13    ACNEBSM@4
  311     0.11      391.549        0.467        0.473           9065        0.05        0.05    LARCHE@18
  312     0.11      391.549        0.466        0.472           9065        0.05        0.05    LARCHE@19
  313     0.11      391.549        0.466        0.471           9065        0.05        0.05    LARCHE@20
  314     0.11      391.549        0.464        0.465           3626        0.13        0.13    ACNEBSM@2
  315     0.11      391.549        0.464        0.469           9065        0.05        0.05    LARCHE@23
  316     0.11      391.549        0.464        0.465           3626        0.13        0.13    ACNEBSM@3
  317     0.11      392.012        0.464        0.466           3626        0.13        0.13   *LASCAW_CLO@16
  318     0.11      392.012        0.463        0.465           3626        0.13        0.13    LASCAW_CLO@9
  319     0.11      392.012        0.462        0.465           3626        0.13        0.13    LASCAW_CLO@4
  320     0.11      392.012        0.462        0.467           9065        0.05        0.05    LARCHE@22
  321     0.11      392.012        0.461        0.464           3626        0.13        0.13    LASCAW_CLO@12
  322     0.11      392.012        0.461        0.464           3626        0.13        0.13    LASCAW_CLO@7
  323     0.11      392.012        0.461        0.467           9065        0.05        0.05    LARCHE@17
  324     0.11      392.012        0.461        0.466           8880        0.05        0.05    LARCHE@28
  325     0.11      392.012        0.460        0.465           9065        0.05        0.05    LARCHE@24
  326     0.11      392.012        0.460        0.460            240        1.92        1.92    FFT992@1
  327     0.11      392.012        0.459        0.462           3626        0.13        0.13    LASCAW_CLO@1
  328     0.11      392.012        0.459        0.461           3626        0.13        0.13    LASCAW_CLO@14
  329     0.11      392.012        0.459        0.464           8880        0.05        0.05    LARCHE@26
  330     0.11      392.012        0.458        0.464           8880        0.05        0.05    LARCHE@27
  331     0.11      392.012        0.458        0.460           3626        0.13        0.13    LASCAW_CLO@5
  332     0.11      392.012        0.458        0.460           3626        0.13        0.13    LASCAW_CLO@3
  333     0.11      392.012        0.457        0.460           3626        0.13        0.13    LASCAW_CLO@11
  334     0.11      392.012        0.457        0.459           3626        0.13        0.13    LASCAW_CLO@8
  335     0.11      392.012        0.456        0.459           3626        0.13        0.13    LASCAW_CLO@10
  336     0.11      392.012        0.455        0.460           8880        0.05        0.05    LARCHE@29
  337     0.11      392.012        0.455        0.457           3626        0.13        0.13    LASCAW_CLO@13
  338     0.11      392.012        0.454        0.457           3626        0.13        0.13    LASCAW_CLO@6
  339     0.11      392.012        0.452        0.457           8880        0.05        0.05    LARCHE@30
  340     0.11      392.464        0.452        0.452            117        3.86        3.87   *LEINV_DGEMM_1@8
  341     0.11      392.464        0.451        0.453           3626        0.12        0.13    LASCAW_CLO@15
  342     0.11      392.464        0.450        0.455           8880        0.05        0.05    LARCHE@25
  343     0.11      392.914        0.450        0.451             39       11.53       11.56    COMMSPNORM@1
  344     0.11      392.914        0.450        0.452           3626        0.12        0.12    LASCAW_CLO@2
  345     0.11      392.914        0.449        0.450            117        3.84        3.84    LEINV_DGEMM_1@7
  346     0.11      392.914        0.449        0.454           8880        0.05        0.05    LARCHE@31
  347     0.11      392.914        0.449        0.449            247        1.82        1.82    FFT992@5
  348     0.11      392.914        0.447        0.452           8880        0.05        0.05    LARCHE@32
  349     0.11      392.914        0.447        0.449           3626        0.12        0.12    ACNEBSM@22
  350     0.11      392.914        0.447        0.449           3626        0.12        0.12    ACNEBSM@24
  351     0.10      392.914        0.446        0.448           3626        0.12        0.12    ACNEBSM@20
  352     0.10      392.914        0.445        0.448           3626        0.12        0.12    ACNEBSM@19
  353     0.10      392.914        0.445        0.447           3626        0.12        0.12    ACNEBSM@21
  354     0.10      392.914        0.445        0.447           3626        0.12        0.12    ACNEBSM@18
  355     0.10      392.914        0.444        0.445            635        0.70        0.70    FFT992@32
  356     0.10      392.914        0.444        0.447           3626        0.12        0.12    ACNEBSM@17
  357     0.10      392.914        0.444        0.446           3626        0.12        0.12    ACNEBSM@23
  358     0.10      392.914        0.440        0.440            257        1.71        1.71    FFT992@6
  359     0.10      393.354        0.440        0.441           1813        0.24        0.24   *APLPAR_INIT@16
  360     0.10      393.354        0.440        0.440           1813        0.24        0.24    APLPAR_INIT@4
  361     0.10      393.354        0.440        0.441           1813        0.24        0.24    APLPAR_INIT@12
  362     0.10      393.354        0.439        0.440           1813        0.24        0.24    APLPAR_INIT@15
  363     0.10      393.354        0.439        0.442           3552        0.12        0.12    ACNEBSM@27
  364     0.10      393.354        0.439        0.440           1813        0.24        0.24    APLPAR_INIT@20
  365     0.10      393.354        0.439        0.440           1813        0.24        0.24    APLPAR_INIT@11
  366     0.10      393.354        0.439        0.440           1813        0.24        0.24    APLPAR_INIT@8
  367     0.10      393.354        0.439        0.440           1813        0.24        0.24    APLPAR_INIT@7
  368     0.10      393.354        0.438        0.439           1813        0.24        0.24    APLPAR_INIT@19
  369     0.10      393.354        0.438        0.439           1813        0.24        0.24    APLPAR_INIT@3
  370     0.10      393.354        0.438        0.441           3552        0.12        0.12    ACNEBSM@28
  371     0.10      393.354        0.438        0.441           3552        0.12        0.12    ACNEBSM@25
  372     0.10      393.354        0.438        0.439           1813        0.24        0.24    APLPAR_INIT@24
  373     0.10      393.354        0.438        0.439           1813        0.24        0.24    APLPAR_INIT@13
  374     0.10      393.354        0.438        0.439           1813        0.24        0.24    APLPAR_INIT@9
  375     0.10      393.354        0.438        0.439           1813        0.24        0.24    APLPAR_INIT@23
  376     0.10      393.354        0.437        0.440           3552        0.12        0.12    ACNEBSM@26
  377     0.10      393.354        0.437        0.438           1813        0.24        0.24    APLPAR_INIT@5
  378     0.10      393.354        0.437        0.437            244        1.79        1.79    FFT992@3
  379     0.10      393.354        0.437        0.438           1813        0.24        0.24    APLPAR_INIT@17
  380     0.10      393.354        0.436        0.437           1813        0.24        0.24    APLPAR_INIT@14
  381     0.10      393.354        0.436        0.437           1813        0.24        0.24    APLPAR_INIT@21
  382     0.10      393.354        0.436        0.436            239        1.82        1.83    FFT992@2
  383     0.10      393.354        0.436        0.437           1813        0.24        0.24    APLPAR_INIT@6
  384     0.10      393.354        0.435        0.437           3552        0.12        0.12    ACNEBSM@30
  385     0.10      393.354        0.435        0.437           3552        0.12        0.12    ACNEBSM@29
  386     0.10      393.789        0.435        0.439          10920        0.04        0.04    SRTM_TAUMOL27_CPU@1
  387     0.10      393.789        0.435        0.436           1813        0.24        0.24    APLPAR_INIT@10
  388     0.10      393.789        0.435        0.436           1813        0.24        0.24    APLPAR_INIT@22
  389     0.10      393.789        0.435        0.436           3552        0.12        0.12    ACNEBSM@31
  390     0.10      393.789        0.435        0.435           1813        0.24        0.24    APLPAR_INIT@2
  391     0.10      393.789        0.434        0.435           1813        0.24        0.24    APLPAR_INIT@18
  392     0.10      393.789        0.434        0.436           3552        0.12        0.12    ACNEBSM@32
  393     0.10      393.789        0.434        0.435            484        0.90        0.90    FFT992@20
  394     0.10      393.789        0.433        0.434           1776        0.24        0.24    APLPAR_INIT@27
  395     0.10      393.789        0.433        0.434           1813        0.24        0.24    APLPAR_INIT@1
  396     0.10      393.789        0.433        0.434           1776        0.24        0.24    APLPAR_INIT@28
  397     0.10      393.789        0.433        0.433           1776        0.24        0.24    APLPAR_INIT@32
  398     0.10      393.789        0.432        0.433           1776        0.24        0.24    APLPAR_INIT@31
  399     0.10      393.789        0.432        0.433           1776        0.24        0.24    APLPAR_INIT@26
  400     0.10      394.221        0.432        0.451          57720        0.01        0.01    RADHEAT@1
  401     0.10      394.221        0.430        0.431           1776        0.24        0.24    APLPAR_INIT@29
  402     0.10      394.651        0.430        0.434          10920        0.04        0.04    RADOZCMF@1
  403     0.10      394.651        0.430        0.431           1776        0.24        0.24    APLPAR_INIT@25
  404     0.10      394.651        0.427        0.428            523        0.82        0.82    FFT992@23
  405     0.10      394.651        0.427        0.427            555        0.77        0.77    FFT992@24
  406     0.10      394.651        0.426        0.426             78        5.46        5.47    LEINV_DGEMM_1@4
  407     0.10      394.651        0.426        0.427           1776        0.24        0.24    APLPAR_INIT@30
  408     0.10      395.077        0.426        0.444          58024        0.01        0.01    CONVECT_CLOSURE_THRVLCL@1
  409     0.10      395.077        0.424        0.424             78        5.44        5.44    LEINV_DGEMM_1@3
  410     0.10      395.077        0.423        0.424            279        1.52        1.52    FFT992@8
  411     0.10      395.077        0.423        0.423            117        3.61        3.62    LEINV_DGEMM_1@9
  412     0.10      395.077        0.422        0.423            263        1.61        1.61    FFT992@7
  413     0.10      395.077        0.421        0.422            590        0.71        0.72    FFT992@28
  414     0.10      395.077        0.421        0.421             78        5.39        5.39    LEINV_DGEMM_1@2
  415     0.10      395.077        0.418        0.421           3626        0.12        0.12    LASCAW_CLO@24
  416     0.10      395.077        0.415        0.416            619        0.67        0.67    FFT992@31
  417     0.10      395.077        0.413        0.414            509        0.81        0.81    FFT992@22
  418     0.10      395.077        0.412        0.412            312        1.32        1.32    FFT992@12
  419     0.10      395.077        0.412        0.415           3626        0.11        0.11    LASCAW_CLO@21
  420     0.10      395.488        0.411        0.411             37       11.11       11.11    MF_PHYS_PREP_PARALLEL:PREP:COMPUTE@1
  421     0.10      395.488        0.410        0.414           3626        0.11        0.11    LASCAW_CLO@22
  422     0.10      395.488        0.410        0.410            234        1.75        1.75    LEINV_DGEMM_1@28
  423     0.10      395.488        0.409        0.409            233        1.75        1.76    LEINV_DGEMM_1@32
  424     0.10      395.488        0.408        0.409            480        0.85        0.85    FFT992@21
  425     0.10      395.488        0.408        0.409            599        0.68        0.68    FFT992@29
  426     0.10      395.895        0.407        1.131            195        2.09        5.80   *LTINV_MOD@17
  427     0.10      395.895        0.407        0.409           3552        0.11        0.12    LASCAW_CLO@32
  428     0.10      395.895        0.406        0.410           3626        0.11        0.11    LASCAW_CLO@23
  429     0.10      395.895        0.405        0.405            234        1.73        1.73    LEINV_DGEMM_1@27
  430     0.10      395.895        0.404        0.405            117        3.46        3.46    LEINV_DGEMM_1@10
  431     0.10      395.895        0.404        0.407           3552        0.11        0.11    LASCAW_CLO@27
  432     0.10      395.895        0.404        0.404            234        1.73        1.73    LEINV_DGEMM_1@31
  433     0.10      395.895        0.404        0.407           3552        0.11        0.11    LASCAW_CLO@29
  434     0.09      395.895        0.404        0.404            234        1.73        1.73    LEINV_DGEMM_1@30
  435     0.09      395.895        0.404        0.404            233        1.73        1.73    LEINV_DGEMM_1@25
  436     0.09      395.895        0.403        0.404            486        0.83        0.83    FFT992@18
  437     0.09      395.895        0.403        0.404            490        0.82        0.82    FFT992@19
  438     0.09      395.895        0.403        0.403            234        1.72        1.72    LEINV_DGEMM_1@26
  439     0.09      395.895        0.402        0.403            603        0.67        0.67    FFT992@30
  440     0.09      395.895        0.401        0.401             78        5.14        5.14    LEINV_DGEMM_1@5
  441     0.09      395.895        0.400        0.400            232        1.72        1.73    LEINV_DGEMM_1@24
  442     0.09      396.294        0.400        0.596         710794        0.00        0.00    CONVECT_MIXING_FUNCT@1
  443     0.09      396.294        0.400        0.400            307        1.30        1.30    FFT992@11
  444     0.09      396.294        0.399        0.400            195        2.05        2.05    LEINV_DGEMM_1@17
  445     0.09      396.294        0.398        0.401           3552        0.11        0.11    LASCAW_CLO@30
  446     0.09      396.294        0.398        0.400           3552        0.11        0.11    LASCAW_CLO@31
  447     0.09      396.691        0.397        0.397              1      396.62      396.62    SETUP_TRANS@1
  448     0.09      396.691        0.396        0.400           3552        0.11        0.11    LASCAW_CLO@28
  449     0.09      396.691        0.395        0.398           3552        0.11        0.11    LASCAW_CLO@26
  450     0.09      396.691        0.395        0.395            232        1.70        1.70    LEINV_DGEMM_1@29
  451     0.09      396.691        0.394        0.395            555        0.71        0.71    FFT992@26
  452     0.09      396.691        0.393        0.393            195        2.01        2.02    LEINV_DGEMM_1@18
  453     0.09      396.691        0.393        0.393            150        2.62        2.62    LEINV_DGEMM_1@13
  454     0.09      396.691        0.393        0.396           3552        0.11        0.11    LASCAW_CLO@25
  455     0.09      396.691        0.393        1.113            195        2.01        5.71    LTINV_MOD@18
  456     0.09      396.691        0.392        0.395           3626        0.11        0.11    LASCAW_CLO@18
  457     0.09      396.691        0.392        0.393            466        0.84        0.84    FFT992@17
  458     0.09      396.691        0.390        0.391            575        0.68        0.68    FFT992@27
  459     0.09      396.691        0.390        0.393           3626        0.11        0.11    LASCAW_CLO@20
  460     0.09      397.081        0.390        0.593           1813        0.22        0.33   *CUASCN@15
  461     0.09      397.081        0.388        0.389            156        2.49        2.49    LEINV_DGEMM_1@14
  462     0.09      397.081        0.388        0.589           1813        0.21        0.32    CUASCN@14
  463     0.09      397.081        0.387        0.388            529        0.73        0.73    FFT992@25
  464     0.09      397.081        0.387        0.387            117        3.31        3.31    LEINV_DGEMM_1@11
  465     0.09      397.081        0.387        0.387            195        1.98        1.99    LEINV_DGEMM_1@19
  466     0.09      397.081        0.386        0.585           1813        0.21        0.32    CUASCN@16
  467     0.09      397.081        0.386        0.586           1813        0.21        0.32    CUASCN@13
  468     0.09      397.081        0.385        1.084            150        2.57        7.23    LTINV_MOD@13
  469     0.09      397.466        0.385        0.387           3626        0.11        0.11   *PPWETPOINT@21
  470     0.09      397.466        0.385        0.387           3626        0.11        0.11    PPWETPOINT@24
  471     0.09      397.466        0.385        0.387           3626        0.11        0.11    PPWETPOINT@23
  472     0.09      397.466        0.385        0.386           3626        0.11        0.11    PPWETPOINT@22
  473     0.09      397.466        0.385        0.386           3626        0.11        0.11    PPWETPOINT@19
  474     0.09      397.466        0.385        0.386           3626        0.11        0.11    PPWETPOINT@20
  475     0.09      397.466        0.384        0.387           3626        0.11        0.11    LASCAW_CLO@19
  476     0.09      397.466        0.384        0.386           3626        0.11        0.11    PPWETPOINT@17
  477     0.09      397.466        0.384        0.386           3626        0.11        0.11    PPWETPOINT@18
  478     0.09      397.466        0.384        0.386           3626        0.11        0.11    PPWETPOINT@9
  479     0.09      397.466        0.384        0.583           1813        0.21        0.32    CUASCN@12
  480     0.09      397.466        0.383        0.385           3626        0.11        0.11    PPWETPOINT@10
  481     0.09      397.466        0.383        0.385           3626        0.11        0.11    PPWETPOINT@11
  482     0.09      397.466        0.383        0.385           3626        0.11        0.11    PPWETPOINT@12
  483     0.09      397.466        0.383        0.385           3626        0.11        0.11    PPWETPOINT@14
  484     0.09      397.466        0.383        0.385           3626        0.11        0.11    PPWETPOINT@16
  485     0.09      397.466        0.383        0.385           3626        0.11        0.11    PPWETPOINT@7
  486     0.09      397.466        0.383        0.384           3626        0.11        0.11    PPWETPOINT@15
  487     0.09      397.466        0.383        1.093            195        1.96        5.60    LTINV_MOD@19
  488     0.09      397.466        0.383        0.384           3626        0.11        0.11    PPWETPOINT@13
  489     0.09      397.466        0.383        0.384           3626        0.11        0.11    PPWETPOINT@8
  490     0.09      397.466        0.382        0.581           1813        0.21        0.32    CUASCN@18
  491     0.09      397.466        0.382        0.584           1813        0.21        0.32    CUASCN@22
  492     0.09      397.466        0.382        0.582           1813        0.21        0.32    CUASCN@17
  493     0.09      397.466        0.382        0.383           3626        0.11        0.11    PPWETPOINT@6
  494     0.09      397.466        0.382        0.383           3626        0.11        0.11    PPWETPOINT@5
  495     0.09      397.466        0.381        0.383           3626        0.11        0.11    PPWETPOINT@4
  496     0.09      397.466        0.381        0.383           3626        0.11        0.11    PPWETPOINT@3
  497     0.09      397.466        0.381        0.578           1813        0.21        0.32    CUASCN@21
  498     0.09      397.466        0.381        0.385           3626        0.11        0.11    LASCAW_CLO@17
  499     0.09      397.466        0.381        0.580           1813        0.21        0.32    CUASCN@23
  500     0.09      397.466        0.381        0.382           3626        0.11        0.11    PPWETPOINT@2
  501     0.09      397.466        0.381        1.079            195        1.95        5.53    LTINV_MOD@20
  502     0.09      397.846        0.381        0.381            324        1.17        1.18    SCAN2M_TS_PARALLEL:0:COMPUTE@1
  503     0.09      397.846        0.381        0.578           1813        0.21        0.32    CUASCN@11
  504     0.09      397.846        0.380        0.579           1813        0.21        0.32    CUASCN@10
  505     0.09      397.846        0.379        0.579           1813        0.21        0.32    CUASCN@9
  506     0.09      397.846        0.379        0.577           1813        0.21        0.32    CUASCN@20
  507     0.09      397.846        0.379        0.380           3626        0.10        0.10    PPWETPOINT@1
  508     0.09      397.846        0.379        0.379            195        1.94        1.94    LEINV_DGEMM_1@20
  509     0.09      397.846        0.378        0.378             82        4.61        4.61    LEINV_DGEMM_1@6
  510     0.09      397.846        0.378        0.577           1813        0.21        0.32    CUASCN@24
  511     0.09      397.846        0.378        0.379           3552        0.11        0.11    PPWETPOINT@28
  512     0.09      397.846        0.378        0.379           3552        0.11        0.11    PPWETPOINT@29
  513     0.09      397.846        0.377        0.379           3552        0.11        0.11    PPWETPOINT@27
  514     0.09      397.846        0.377        0.576           1813        0.21        0.32    CUASCN@8
  515     0.09      397.846        0.377        0.379           3552        0.11        0.11    PPWETPOINT@25
  516     0.09      397.846        0.377        0.572           1776        0.21        0.32    CUASCN@26
  517     0.09      397.846        0.377        1.063            156        2.42        6.82    LTINV_MOD@14
  518     0.09      397.846        0.376        0.578           1813        0.21        0.32    CUASCN@7
  519     0.09      397.846        0.376        0.575           1813        0.21        0.32    CUASCN@19
  520     0.09      397.846        0.376        0.377            297        1.27        1.27    FFT992@10
  521     0.09      397.846        0.376        0.378           3552        0.11        0.11    PPWETPOINT@30
  522     0.09      397.846        0.376        0.571           1776        0.21        0.32    CUASCN@25
  523     0.09      397.846        0.376        0.570           1776        0.21        0.32    CUASCN@28
  524     0.09      397.846        0.375        0.377           3552        0.11        0.11    PPWETPOINT@31
  525     0.09      397.846        0.375        0.569           1776        0.21        0.32    CUASCN@27
  526     0.09      397.846        0.375        0.375            277        1.35        1.35    FFT992@9
  527     0.09      397.846        0.374        0.376           3552        0.11        0.11    PPWETPOINT@26
  528     0.09      397.846        0.373        0.374           3552        0.10        0.11    PPWETPOINT@32
  529     0.09      397.846        0.370        0.371            395        0.94        0.94    FFT992@16
  530     0.09      397.846        0.370        0.371            336        1.10        1.10    FFT992@13
  531     0.09      397.846        0.369        0.369            156        2.36        2.36    LEINV_DGEMM_1@15
  532     0.09      397.846        0.368        1.126            234        1.57        4.81    LTINV_MOD@26
  533     0.09      397.846        0.368        0.543           1776        0.21        0.31    CUASCN@31
  534     0.09      397.846        0.367        0.560           1813        0.20        0.31    CUASCN@5
  535     0.09      397.846        0.367        0.545           1813        0.20        0.30    CUASCN@1
  536     0.09      397.846        0.367        0.563           1813        0.20        0.31    CUASCN@6
  537     0.09      397.846        0.366        1.114            232        1.58        4.80    LTINV_MOD@24
  538     0.09      397.846        0.365        0.540           1776        0.21        0.30    CUASCN@32
  539     0.09      398.211        0.365        0.365            233        1.57        1.57   *LEINV_DGEMM_2@25
  540     0.09      398.211        0.365        0.365            195        1.87        1.87    LEINV_DGEMM_1@21
  541     0.09      398.211        0.364        0.538           1776        0.21        0.30    CUASCN@30
  542     0.09      398.211        0.363        0.540           1813        0.20        0.30    CUASCN@4
  543     0.09      398.211        0.362        0.537           1776        0.20        0.30    CUASCN@29
  544     0.08      398.571        0.360        0.362           1813        0.20        0.20   *QNGCOR@16
  545     0.08      398.571        0.360        0.361           1813        0.20        0.20    QNGCOR@14
  546     0.08      398.571        0.359        0.360           1813        0.20        0.20    QNGCOR@15
  547     0.08      398.571        0.359        0.360           1813        0.20        0.20    QNGCOR@12
  548     0.08      398.571        0.359        0.360           1813        0.20        0.20    QNGCOR@13
  549     0.08      398.571        0.359        1.118            234        1.53        4.78    LTINV_MOD@27
  550     0.08      398.571        0.359        1.075            232        1.55        4.63    LTINV_MOD@29
  551     0.08      398.571        0.358        0.360           1813        0.20        0.20    QNGCOR@10
  552     0.08      398.571        0.358        1.009            156        2.30        6.47    LTINV_MOD@15
  553     0.08      398.929        0.358        1.546           1813        0.20        0.85   *CUMASTRN@21
  554     0.08      398.929        0.358        0.532           1813        0.20        0.29    CUASCN@3
  555     0.08      398.929        0.358        1.030            195        1.84        5.28    LTINV_MOD@21
  556     0.08      398.929        0.358        1.570           1813        0.20        0.87    CUMASTRN@14
  557     0.08      399.286        0.357        0.357             37        9.65        9.66    LAVENT_PARALLEL:0:COMPUTE@1
  558     0.08      399.286        0.357        1.126            233        1.53        4.83    LTINV_MOD@25
  559     0.08      399.286        0.357        0.359           1813        0.20        0.20    QNGCOR@11
  560     0.08      399.286        0.357        0.357            118        3.02        3.03    LEINV_DGEMM_1@12
  561     0.08      399.286        0.356        1.550           1813        0.20        0.86    CUMASTRN@24
  562     0.08      399.286        0.356        0.357            156        2.28        2.29    LEINV_DGEMM_1@16
  563     0.08      399.286        0.356        0.358           1813        0.20        0.20    QNGCOR@9
  564     0.08      399.286        0.356        0.358           1813        0.20        0.20    QNGCOR@7
  565     0.08      399.286        0.356        1.567           1813        0.20        0.86    CUMASTRN@13
  566     0.08      399.286        0.356        0.356            396        0.90        0.90    FFT992@15
  567     0.08      399.286        0.356        1.093             78        4.56       14.02    LTINV_MOD@2
  568     0.08      399.286        0.355        0.357           1813        0.20        0.20    QNGCOR@5
  569     0.08      399.286        0.355        0.356           1813        0.20        0.20    QNGCOR@6
  570     0.08      399.286        0.354        0.354            234        1.51        1.51    LEINV_DGEMM_2@26
  571     0.08      399.286        0.354        0.354            234        1.51        1.51    LEINV_DGEMM_2@27
  572     0.08      399.286        0.353        0.355           1813        0.19        0.20    QNGCOR@8
  573     0.08      399.286        0.353        1.089             78        4.53       13.96    LTINV_MOD@3
  574     0.08      399.639        0.353        0.356           3626        0.10        0.10   *ACUPTQ@16
  575     0.08      399.639        0.353        1.546           1813        0.19        0.85    CUMASTRN@23
  576     0.08      399.639        0.353        1.137            117        3.01        9.72    LTINV_MOD@7
  577     0.08      399.639        0.352        1.563           1813        0.19        0.86    CUMASTRN@15
  578     0.08      399.639        0.352        1.558           1813        0.19        0.86    CUMASTRN@12
  579     0.08      399.639        0.352        1.551           1813        0.19        0.86    CUMASTRN@22
  580     0.08      399.639        0.352        1.555           1813        0.19        0.86    CUMASTRN@16
  581     0.08      399.639        0.351        0.987             81        4.33       12.18    LTINV_MOD@1
  582     0.08      399.639        0.350        0.351            195        1.80        1.80    LEINV_DGEMM_1@22
  583     0.08      399.639        0.350        0.353           3626        0.10        0.10    ACUPTQ@13
  584     0.08      399.639        0.350        0.353           3626        0.10        0.10    ACUPTQ@10
  585     0.08      399.989        0.350        0.352           3626        0.10        0.10   *GPMPFC_EXPL_PART1@16
  586     0.08      399.989        0.350        0.351           3626        0.10        0.10    GPMPFC_EXPL_PART1@15
  587     0.08      399.989        0.349        1.070            234        1.49        4.57    LTINV_MOD@30
  588     0.08      399.989        0.349        0.349            381        0.92        0.92    FFT992@14
  589     0.08      399.989        0.349        0.351           3626        0.10        0.10    ACUPTQ@15
  590     0.08      399.989        0.349        0.350           3626        0.10        0.10    GPMPFC_EXPL_PART1@14
  591     0.08      399.989        0.349        0.522           1813        0.19        0.29    CUASCN@2
  592     0.08      399.989        0.348        0.351           3626        0.10        0.10    ACUPTQ@12
  593     0.08      399.989        0.348        1.531           1813        0.19        0.84    CUMASTRN@19
  594     0.08      399.989        0.348        1.537           1813        0.19        0.85    CUMASTRN@17
  595     0.08      399.989        0.348        0.350           3626        0.10        0.10    GPMPFC_EXPL_PART1@11
  596     0.08      399.989        0.348        1.529           1813        0.19        0.84    CUMASTRN@20
  597     0.08      399.989        0.348        0.350           3626        0.10        0.10    GPMPFC_EXPL_PART1@13
  598     0.08      399.989        0.348        0.350           3626        0.10        0.10    GPMPFC_EXPL_PART1@8
  599     0.08      399.989        0.348        1.537           1813        0.19        0.85    CUMASTRN@18
  600     0.08      399.989        0.347        0.349           3626        0.10        0.10    ACUPTQ@14
  601     0.08      399.989        0.347        0.350           3626        0.10        0.10    ACUPTQ@11
  602     0.08      399.989        0.347        0.347            232        1.50        1.50    LEINV_DGEMM_2@24
  603     0.08      399.989        0.347        0.349           3626        0.10        0.10    GPMPFC_EXPL_PART1@1
  604     0.08      399.989        0.347        0.349           3626        0.10        0.10    GPMPFC_EXPL_PART1@12
  605     0.08      399.989        0.347        0.349           3626        0.10        0.10    GPMPFC_EXPL_PART1@6
  606     0.08      399.989        0.347        0.349           3626        0.10        0.10    GPMPFC_EXPL_PART1@10
  607     0.08      399.989        0.347        0.349           3626        0.10        0.10    GPMPFC_EXPL_PART1@4
  608     0.08      399.989        0.347        0.347            199        1.74        1.74    LEINV_DGEMM_1@23
  609     0.08      399.989        0.347        0.349           3626        0.10        0.10    GPMPFC_EXPL_PART1@7
  610     0.08      399.989        0.347        0.349           3626        0.10        0.10    GPMPFC_EXPL_PART1@9
  611     0.08      399.989        0.347        0.349           3626        0.10        0.10    ACUPTQ@8
  612     0.08      399.989        0.347        0.347            234        1.48        1.48    LEINV_DGEMM_2@28
  613     0.08      399.989        0.347        0.349           3626        0.10        0.10    ACUPTQ@7
  614     0.08      400.336        0.347        0.350          10920        0.03        0.03    SRTM_TAUMOL22_CPU@1
  615     0.08      400.336        0.346        0.348           3626        0.10        0.10    GPMPFC_EXPL_PART1@5
  616     0.08      400.336        0.346        0.346            117        2.96        2.96    LEINV_DGEMM_2@8
  617     0.08      400.336        0.346        0.349           3626        0.10        0.10    ACUPTQ@9
  618     0.08      400.336        0.346        0.348           3626        0.10        0.10    GPMPFC_EXPL_PART1@2
  619     0.08      400.336        0.346        0.347           3626        0.10        0.10    GPMPFC_EXPL_PART1@3
  620     0.08      400.681        0.346       13.871         346320        0.00        0.04    LAITRE_GFL@1
  621     0.08      400.681        0.346        0.348           3626        0.10        0.10    ACUPTQ@6
  622     0.08      400.681        0.345        0.348           3626        0.10        0.10    ACUPTQ@5
  623     0.08      400.681        0.345        1.102            234        1.48        4.71    LTINV_MOD@28
  624     0.08      400.681        0.345        1.412           1813        0.19        0.78    CUMASTRN@1
  625     0.08      400.681        0.345        0.346           1813        0.19        0.19    QNGCOR@3
  626     0.08      400.681        0.345        1.513           1776        0.19        0.85    CUMASTRN@25
  627     0.08      400.681        0.345        0.346           1813        0.19        0.19    QNGCOR@4
  628     0.08      400.681        0.345        1.540           1813        0.19        0.85    CUMASTRN@11
  629     0.08      400.681        0.344        1.479           1776        0.19        0.83    CUMASTRN@29
  630     0.08      400.681        0.344        1.481           1776        0.19        0.83    CUMASTRN@31
  631     0.08      400.681        0.344        1.518           1776        0.19        0.85    CUMASTRN@28
  632     0.08      400.681        0.344        0.346           3626        0.09        0.10    ACUPTQ@4
  633     0.08      400.681        0.343        1.511           1776        0.19        0.85    CUMASTRN@27
  634     0.08      400.681        0.343        1.513           1776        0.19        0.85    CUMASTRN@26
  635     0.08      400.681        0.342        0.343           1813        0.19        0.19    QNGCOR@2
  636     0.08      400.681        0.341        0.343           3626        0.09        0.09    ACUPTQ@3
  637     0.08      400.681        0.341        1.470           1776        0.19        0.83    CUMASTRN@30
  638     0.08      400.681        0.340        0.979            156        2.18        6.28    LTINV_MOD@16
  639     0.08      400.681        0.338        0.338            117        2.89        2.89    LEINV_DGEMM_2@9
  640     0.08      400.681        0.338        0.339           1813        0.19        0.19    QNGCOR@1
  641     0.08      400.681        0.337        0.339           3626        0.09        0.09    ACUPTQ@2
  642     0.08      400.681        0.336        0.339           3626        0.09        0.09    ACUPTQ@1
  643     0.08      400.681        0.336        1.097            117        2.87        9.38    LTINV_MOD@9
  644     0.08      401.017        0.336        0.675             37        9.08       18.26    APL_ARPEGE_PARALLEL:QNGCOR:COMPUTE@1
  645     0.08      401.017        0.336        0.971            118        2.85        8.23    LTINV_MOD@12
  646     0.08      401.017        0.335        0.335            117        2.86        2.86    LEINV_DGEMM_2@7
  647     0.08      401.017        0.334        1.461           1776        0.19        0.82    CUMASTRN@32
  648     0.08      401.017        0.334        0.335             81        4.13        4.13    LEINV_DGEMM_1@1
  649     0.08      401.351        0.334        7.141             37        9.02      193.00    DIR_TRANS@1
  650     0.08      401.351        0.334        1.059            117        2.85        9.05    LTINV_MOD@10
  651     0.08      401.351        0.331        0.987            199        1.66        4.96    LTINV_MOD@23
  652     0.08      401.351        0.331        1.129            117        2.83        9.65    LTINV_MOD@8
  653     0.08      401.351        0.330        1.021            117        2.82        8.73    LTINV_MOD@11
  654     0.08      401.681        0.330        0.330            333        0.99        0.99    CPUTQY0_PARALLEL:PVAR:COMPUTE@1
  655     0.08      401.681        0.329        1.520           1813        0.18        0.84    CUMASTRN@10
  656     0.08      402.008        0.327        0.327             37        8.84        8.84    APL_ARPEGE_DEEP_CONVECTION_PARALLEL:INIT:COMPUTE@1
  657     0.08      402.008        0.327        0.327            195        1.68        1.68    LEINV_DGEMM_2@18
  658     0.08      402.008        0.326        1.368           1813        0.18        0.75    CUMASTRN@2
  659     0.08      402.008        0.325        0.325            195        1.66        1.67    LEINV_DGEMM_2@17
  660     0.08      402.008        0.323        1.502           1813        0.18        0.83    CUMASTRN@9
  661     0.08      402.008        0.323        0.323            195        1.65        1.66    LEINV_DGEMM_2@19
  662     0.08      402.008        0.322        0.322            233        1.38        1.38    LEINV_DGEMM_2@32
  663     0.08      402.008        0.321        0.321            232        1.38        1.39    LEINV_DGEMM_2@29
  664     0.08      402.008        0.321        1.497           1813        0.18        0.83    CUMASTRN@8
  665     0.08      402.008        0.320        0.320            117        2.74        2.74    LEINV_DGEMM_2@10
  666     0.08      402.008        0.319        1.495           1813        0.18        0.82    CUMASTRN@7
  667     0.08      402.008        0.319        0.982            195        1.64        5.04    LTINV_MOD@22
  668     0.08      402.008        0.319        0.319            195        1.64        1.64    LEINV_DGEMM_2@20
  669     0.07      402.008        0.319        1.401           1813        0.18        0.77    CUMASTRN@3
  670     0.07      402.327        0.319        0.319             37        8.61        8.62    ACVPPKF_PARALLEL:PART2:GET_DATA@1
  671     0.07      402.645        0.318        0.325          12691        0.03        0.03   *ROTUV@7
  672     0.07      402.645        0.318        1.037            234        1.36        4.43    LTINV_MOD@31
  673     0.07      402.645        0.318        1.432           1813        0.18        0.79    CUMASTRN@4
  674     0.07      402.645        0.317        1.059             78        4.07       13.58    LTINV_MOD@4
  675     0.07      402.645        0.317        0.322          12691        0.02        0.03    ROTUV@15
  676     0.07      402.645        0.317        0.317            234        1.35        1.35    LEINV_DGEMM_2@30
  677     0.07      402.645        0.317        0.317             78        4.06        4.06    LEINV_DGEMM_2@2
  678     0.07      402.962        0.316        0.316            222        1.42        1.43    LAPINEB_PARALLEL:CVGQ:COMPUTE@1
  679     0.07      402.962        0.316        0.322          12691        0.02        0.03    ROTUV@14
  680     0.07      402.962        0.316        0.322          12691        0.02        0.03    ROTUV@11
  681     0.07      402.962        0.315        0.321          12691        0.02        0.03    ROTUV@6
  682     0.07      402.962        0.315        0.321          12691        0.02        0.03    ROTUV@9
  683     0.07      402.962        0.315        0.315             78        4.04        4.04    LEINV_DGEMM_2@4
  684     0.07      402.962        0.315        0.321          12691        0.02        0.03    ROTUV@8
  685     0.07      402.962        0.315        0.322          12691        0.02        0.03    ROTUV@12
  686     0.07      402.962        0.315        0.321          12691        0.02        0.03    ROTUV@10
  687     0.07      402.962        0.314        0.321          12691        0.02        0.03    ROTUV@16
  688     0.07      402.962        0.314        1.454           1813        0.17        0.80    CUMASTRN@5
  689     0.07      402.962        0.314        0.320          12691        0.02        0.03    ROTUV@5
  690     0.07      402.962        0.314        0.320          12691        0.02        0.03    ROTUV@13
  691     0.07      402.962        0.314        0.314            234        1.34        1.34    LEINV_DGEMM_2@31
  692     0.07      403.275        0.313        0.313             37        8.46        8.46    APL_ARPEGE_PARALLEL:DIFTQ:COMPUTE@1
  693     0.07      403.275        0.312        0.313            195        1.60        1.60    LEINV_DGEMM_2@22
  694     0.07      403.275        0.312        0.318          12691        0.02        0.03    ROTUV@1
  695     0.07      403.275        0.312        0.317          12691        0.02        0.02    ROTUV@3
  696     0.07      403.275        0.312        0.316          12691        0.02        0.02    ROTUV@2
  697     0.07      403.275        0.312        1.462           1813        0.17        0.81    CUMASTRN@6
  698     0.07      403.275        0.312        0.317          12691        0.02        0.03    ROTUV@4
  699     0.07      403.275        0.311        0.312             78        3.99        3.99    LEINV_DGEMM_2@3
  700     0.07      403.586        0.311        0.670            206        1.51        3.25   *LTDIR_MOD@26
  701     0.07      403.896        0.310        0.310            555        0.56        0.56    GPRCP_EXPL_PARALLEL:1:COMPUTE@1
  702     0.07      403.896        0.308        0.308            199        1.55        1.55    LEINV_DGEMM_2@23
  703     0.07      403.896        0.307        0.307            195        1.57        1.57    LEINV_DGEMM_2@21
  704     0.07      403.896        0.306        0.678            198        1.54        3.42    LTDIR_MOD@22
  705     0.07      403.896        0.306        0.306            150        2.04        2.04    LEINV_DGEMM_2@13
  706     0.07      403.896        0.305        0.672            206        1.48        3.26    LTDIR_MOD@25
  707     0.07      403.896        0.305        0.678            203        1.50        3.34    LTDIR_MOD@23
  708     0.07      403.896        0.304        0.975             82        3.71       11.89    LTINV_MOD@6
  709     0.07      403.896        0.304        1.006             78        3.90       12.90    LTINV_MOD@5
  710     0.07      403.896        0.303        0.304            117        2.59        2.59    LEINV_DGEMM_2@11
  711     0.07      404.198        0.303        2.361              7       43.23      337.30    RECMWF_PARALLEL:FINISH:COMPUTE@1
  712     0.07      404.198        0.302        0.671            207        1.46        3.24    LTDIR_MOD@27
  713     0.07      404.198        0.301        0.301             78        3.86        3.86    LEINV_DGEMM_2@5
  714     0.07      404.198        0.301        0.301             81        3.72        3.72    LEINV_DGEMM_2@1
  715     0.07      404.198        0.301        0.680            203        1.48        3.35    LTDIR_MOD@24
  716     0.07      404.198        0.298        0.298            156        1.91        1.91    LEINV_DGEMM_2@14
  717     0.07      404.198        0.297        0.663            209        1.42        3.17    LTDIR_MOD@28
  718     0.07      404.198        0.295        0.654            213        1.39        3.07    LTDIR_MOD@29
  719     0.07      404.492        0.293        1.229             37        7.93       33.22    APL_ARPEGE_SHALLOW_CONVECTION_AND_TURBULENCE_PARALLEL:ACTKE:COMPUTE@1
  720     0.07      404.492        0.293        0.649            190        1.54        3.41    LTDIR_MOD@21
  721     0.07      404.492        0.292        0.292             82        3.56        3.56    LEINV_DGEMM_2@6
  722     0.07      404.784        0.292        0.292             37        7.89        7.89    APL_ARPEGE_DEEP_CONVECTION_PARALLEL:ZERO:COMPUTE@1
  723     0.07      405.076        0.292        0.292             37        7.89        7.89    APL_ARPEGE_DEEP_CONVECTION_PARALLEL:COPY:COMPUTE@1
  724     0.07      405.076        0.292        0.671            180        1.62        3.73    LTDIR_MOD@17
  725     0.07      405.076        0.291        0.665            221        1.31        3.01    LTDIR_MOD@30
  726     0.07      405.076        0.289        1.020            233        1.24        4.38    LTINV_MOD@32
  727     0.07      405.076        0.289        0.639            177        1.63        3.61    LTDIR_MOD@20
  728     0.07      405.076        0.288        0.644            176        1.64        3.66    LTDIR_MOD@19
  729     0.07      405.076        0.288        0.291           3626        0.08        0.08    ACUPTQ@24
  730     0.07      405.363        0.288        0.288              1      287.71      287.71    FAIXLA_MT@1
  731     0.07      405.363        0.287        0.290           3552        0.08        0.08    ACUPTQ@27
  732     0.07      405.363        0.287        0.291           3626        0.08        0.08    ACUPTQ@22
  733     0.07      405.363        0.286        0.289           3552        0.08        0.08    ACUPTQ@32
  734     0.07      405.363        0.285        0.289           3552        0.08        0.08    ACUPTQ@25
  735     0.07      405.363        0.285        0.289           3626        0.08        0.08    ACUPTQ@23
  736     0.07      405.363        0.285        0.652            176        1.62        3.70    LTDIR_MOD@18
  737     0.07      405.363        0.285        0.288           3552        0.08        0.08    ACUPTQ@28
  738     0.07      405.647        0.284        0.287          10920        0.03        0.03    SRTM_TAUMOL25_CPU@1
  739     0.07      405.647        0.283        0.288           3626        0.08        0.08    ACUPTQ@19
  740     0.07      405.647        0.283        0.287           3552        0.08        0.08    ACUPTQ@26
  741     0.07      405.647        0.282        0.287           3626        0.08        0.08    ACUPTQ@20
  742     0.07      405.647        0.282        0.282            156        1.81        1.81    LEINV_DGEMM_2@16
  743     0.07      405.647        0.281        0.282            156        1.80        1.80    LEINV_DGEMM_2@15
  744     0.07      405.647        0.281        0.285           3626        0.08        0.08    ACUPTQ@21
  745     0.07      405.647        0.280        0.285           3626        0.08        0.08    ACUPTQ@18
  746     0.07      405.647        0.280        0.283           3552        0.08        0.08    ACUPTQ@31
  747     0.07      405.647        0.279        0.282           3552        0.08        0.08    ACUPTQ@30
  748     0.07      405.647        0.278        0.278            118        2.35        2.35    LEINV_DGEMM_2@12
  749     0.07      405.647        0.277        0.282           3626        0.08        0.08    ACUPTQ@17
  750     0.07      405.647        0.276        0.283          12691        0.02        0.02    ROTUV@22
  751     0.06      405.647        0.276        0.283          12691        0.02        0.02    ROTUV@23
  752     0.06      405.647        0.276        0.282          12691        0.02        0.02    ROTUV@24
  753     0.06      405.647        0.275        0.281          12691        0.02        0.02    ROTUV@21
  754     0.06      405.647        0.274        0.281          12691        0.02        0.02    ROTUV@19
  755     0.06      405.647        0.274        0.281          12691        0.02        0.02    ROTUV@18
  756     0.06      405.647        0.274        0.281          12691        0.02        0.02    ROTUV@20
  757     0.06      405.647        0.273        0.277           3552        0.08        0.08    ACUPTQ@29
  758     0.06      405.647        0.273        0.280          12691        0.02        0.02    ROTUV@17
  759     0.06      405.647        0.272        0.277          12432        0.02        0.02    ROTUV@31
  760     0.06      405.647        0.271        0.278          12432        0.02        0.02    ROTUV@27
  761     0.06      405.647        0.271        0.277          12432        0.02        0.02    ROTUV@29
  762     0.06      405.647        0.271        0.278          12432        0.02        0.02    ROTUV@25
  763     0.06      405.647        0.271        0.276          12432        0.02        0.02    ROTUV@30
  764     0.06      405.647        0.271        0.277          12432        0.02        0.02    ROTUV@28
  765     0.06      405.647        0.270        0.277          12432        0.02        0.02    ROTUV@26
  766     0.06      405.917        0.270        1.226             37        7.29       33.14    APL_ARPEGE_PRECIPITATION_PARALLEL:ACUPTQ:COMPUTE@1
  767     0.06      405.917        0.269        0.274          12432        0.02        0.02    ROTUV@32
  768     0.06      406.180        0.263        0.264           1813        0.15        0.15   *GPINISLB_PART1_EXPL@13
  769     0.06      406.180        0.263        0.264           1813        0.14        0.15    GPINISLB_PART1_EXPL@16
  770     0.06      406.180        0.263        0.264           1813        0.14        0.15    GPINISLB_PART1_EXPL@9
  771     0.06      406.180        0.263        0.264           1813        0.14        0.15    GPINISLB_PART1_EXPL@11
  772     0.06      406.180        0.263        0.263           1813        0.14        0.15    GPINISLB_PART1_EXPL@14
  773     0.06      406.180        0.262        0.264           1813        0.14        0.15    GPINISLB_PART1_EXPL@12
  774     0.06      406.180        0.262        0.264           1813        0.14        0.15    GPINISLB_PART1_EXPL@10
  775     0.06      406.180        0.262        0.645            216        1.21        2.98    LTDIR_MOD@31
  776     0.06      406.180        0.262        0.263           1813        0.14        0.15    GPINISLB_PART1_EXPL@15
  777     0.06      406.440        0.260        0.262           1813        0.14        0.14   *ACTQSAT@7
  778     0.06      406.440        0.260        0.261           1813        0.14        0.14    ACTQSAT@3
  779     0.06      406.440        0.260        0.261           1813        0.14        0.14    ACTQSAT@4
  780     0.06      406.440        0.259        0.680             79        3.28        8.61    LTDIR_MOD@2
  781     0.06      406.440        0.259        0.260           1813        0.14        0.14    ACTQSAT@9
  782     0.06      406.440        0.258        0.259           1813        0.14        0.14    GPINISLB_PART1_EXPL@5
  783     0.06      406.440        0.258        0.259           1813        0.14        0.14    GPINISLB_PART1_EXPL@8
  784     0.06      406.440        0.258        0.259           1813        0.14        0.14    ACTQSAT@5
  785     0.06      406.440        0.258        0.628            220        1.17        2.86    LTDIR_MOD@32
  786     0.06      406.440        0.258        0.259           1813        0.14        0.14    GPINISLB_PART1_EXPL@6
  787     0.06      406.440        0.258        0.259           1813        0.14        0.14    GPINISLB_PART1_EXPL@4
  788     0.06      406.440        0.258        0.259           1813        0.14        0.14    GPINISLB_PART1_EXPL@7
  789     0.06      406.440        0.258        0.259           1813        0.14        0.14    ACTQSAT@12
  790     0.06      406.440        0.257        0.259           1813        0.14        0.14    ACTQSAT@8
  791     0.06      406.440        0.257        0.258           1813        0.14        0.14    ACTQSAT@2
  792     0.06      406.440        0.257        0.259           1813        0.14        0.14    ACTQSAT@11
  793     0.06      406.440        0.257        0.258           1813        0.14        0.14    ACTQSAT@10
  794     0.06      406.440        0.257        0.257           1813        0.14        0.14    GPINISLB_PART1_EXPL@2
  795     0.06      406.440        0.257        0.258           1813        0.14        0.14    ACTQSAT@6
  796     0.06      406.440        0.256        0.257           1813        0.14        0.14    GPINISLB_PART1_EXPL@3
  797     0.06      406.440        0.255        0.256           1813        0.14        0.14    ACTQSAT@14
  798     0.06      406.440        0.255        0.256           1813        0.14        0.14    GPINISLB_PART1_EXPL@1
  799     0.06      406.440        0.255        0.256           1813        0.14        0.14    ACTQSAT@13
  800     0.06      406.440        0.255        0.256           1813        0.14        0.14    ACTQSAT@15
  801     0.06      406.440        0.255        0.256           1813        0.14        0.14    ACTQSAT@16
  802     0.06      406.694        0.254        0.254             37        6.87        6.87    CPG_DIA_FLU_PARALLEL:0:COMPUTE@1
  803     0.06      406.694        0.254        0.685             81        3.13        8.46    LTDIR_MOD@3
  804     0.06      406.947        0.252      209.481              7       36.05    29925.88    RECMWF_PARALLEL:ECRAD_CPU:COMPUTE@1
  805     0.06      407.199        0.252        0.252             80        3.15        3.15   *LEDIR_DGEMM_1@4
  806     0.06      407.199        0.250        0.250            121        2.07        2.07    LEDIR_DGEMM_1@9
  807     0.06      407.199        0.248        0.676            123        2.02        5.49    LTDIR_MOD@10
  808     0.06      407.199        0.248        0.248             81        3.06        3.06    LEDIR_DGEMM_1@3
  809     0.06      407.445        0.246        0.247           1813        0.14        0.14   *ACDRAG@12
  810     0.06      407.445        0.246        0.247           1813        0.14        0.14    ACDRAG@5
  811     0.06      407.445        0.246        0.247           1813        0.14        0.14    ACDRAG@8
  812     0.06      407.445        0.246        0.247           1813        0.14        0.14    ACDRAG@11
  813     0.06      407.445        0.246        0.683             80        3.07        8.54    LTDIR_MOD@4
  814     0.06      407.445        0.245        0.247           1813        0.14        0.14    ACDRAG@6
  815     0.06      407.445        0.245        0.247           1813        0.14        0.14    ACDRAG@9
  816     0.06      407.445        0.245        0.246           1813        0.14        0.14    ACDRAG@7
  817     0.06      407.445        0.245        0.660             80        3.06        8.25    LTDIR_MOD@5
  818     0.06      407.445        0.245        0.246           1813        0.13        0.14    ACDRAG@10
  819     0.06      407.445        0.244        0.652            123        1.99        5.30    LTDIR_MOD@11
  820     0.06      407.445        0.244        0.245           1813        0.13        0.14    GPINISLB_PART1_EXPL@24
  821     0.06      407.445        0.244        0.245           1813        0.13        0.14    GPINISLB_PART1_EXPL@22
  822     0.06      407.445        0.244        0.651            158        1.54        4.12    LTDIR_MOD@14
  823     0.06      407.445        0.244        0.245           1813        0.13        0.14    GPINISLB_PART1_EXPL@21
  824     0.06      407.445        0.244        0.245           1813        0.13        0.14    GPINISLB_PART1_EXPL@23
  825     0.06      407.445        0.243        0.244           1813        0.13        0.13    ACTQSAT@1
  826     0.06      407.445        0.243        0.244           1813        0.13        0.13    ACDRAG@4
  827     0.06      407.445        0.243        0.244           1813        0.13        0.13    ACDRAG@3
  828     0.06      407.445        0.243        0.243            123        1.97        1.98    LEDIR_DGEMM_1@10
  829     0.06      407.445        0.243        0.244           1813        0.13        0.13    ACDRAG@2
  830     0.06      407.445        0.242        0.626            169        1.43        3.71    LTDIR_MOD@16
  831     0.06      407.445        0.242        0.242             79        3.07        3.07    LEDIR_DGEMM_1@2
  832     0.06      407.445        0.242        0.243           1776        0.14        0.14    GPINISLB_PART1_EXPL@27
  833     0.06      407.445        0.242        0.244           1776        0.14        0.14    GPINISLB_PART1_EXPL@25
  834     0.06      407.445        0.242        0.243           1813        0.13        0.13    ACDRAG@13
  835     0.06      407.445        0.242        0.243           1776        0.14        0.14    GPINISLB_PART1_EXPL@28
  836     0.06      407.445        0.242        0.630            135        1.79        4.67    LTDIR_MOD@13
  837     0.06      407.445        0.242        0.243           1813        0.13        0.13    GPINISLB_PART1_EXPL@20
  838     0.06      407.445        0.242        0.246           3626        0.07        0.07    GPMPFC_EXPL_PART1@24
  839     0.06      407.687        0.242        0.243           1813        0.13        0.13   *CPPHINP@15
  840     0.06      407.687        0.242        0.243           1813        0.13        0.13    CPPHINP@13
  841     0.06      407.687        0.242        0.644            125        1.93        5.15    LTDIR_MOD@12
  842     0.06      407.687        0.242        0.243           1813        0.13        0.13    CPPHINP@14
  843     0.06      407.687        0.242        0.243           1813        0.13        0.13    GPINISLB_PART1_EXPL@17
  844     0.06      407.687        0.242        0.243           1813        0.13        0.13    CPPHINP@16
  845     0.06      407.687        0.242        0.242           1776        0.14        0.14    GPINISLB_PART1_EXPL@32
  846     0.06      407.687        0.241        0.245           3626        0.07        0.07    GPMPFC_EXPL_PART1@23
  847     0.06      407.687        0.241        0.243           1813        0.13        0.13    GPINISLB_PART1_EXPL@19
  848     0.06      407.687        0.241        0.243           1813        0.13        0.13    CPPHINP@11
  849     0.06      407.687        0.241        0.243           1776        0.14        0.14    GPINISLB_PART1_EXPL@26
  850     0.06      407.687        0.241        0.242           1813        0.13        0.13    CPPHINP@9
  851     0.06      407.687        0.241        0.242           1813        0.13        0.13    ACDRAG@14
  852     0.06      407.687        0.241        0.242           1813        0.13        0.13    GPINISLB_PART1_EXPL@18
  853     0.06      407.687        0.241        0.242           1813        0.13        0.13    CPPHINP@12
  854     0.06      407.687        0.241        0.242           1776        0.14        0.14    GPINISLB_PART1_EXPL@29
  855     0.06      407.687        0.241        0.242           1813        0.13        0.13    CPPHINP@10
  856     0.06      407.687        0.241        0.245           3626        0.07        0.07    GPMPFC_EXPL_PART1@20
  857     0.06      407.687        0.241        0.680            121        1.99        5.62    LTDIR_MOD@9
  858     0.06      407.687        0.241        0.241           1776        0.14        0.14    GPINISLB_PART1_EXPL@30
  859     0.06      407.687        0.241        0.242           1813        0.13        0.13    CPPHINP@7
  860     0.06      407.687        0.240        0.244           3626        0.07        0.07    GPMPFC_EXPL_PART1@19
  861     0.06      407.687        0.240        0.242           1813        0.13        0.13    CPPHINP@6
  862     0.06      407.927        0.240        0.244          10920        0.02        0.02    LIQUID_EFFECTIVE_RADIUS_CPU@1
  863     0.06      407.927        0.240        0.634            165        1.46        3.84    LTDIR_MOD@15
  864     0.06      407.927        0.240        0.241           1813        0.13        0.13    CPPHINP@5
  865     0.06      407.927        0.240        0.241           1776        0.14        0.14    GPINISLB_PART1_EXPL@31
  866     0.06      407.927        0.240        0.244           3626        0.07        0.07    GPMPFC_EXPL_PART1@22
  867     0.06      407.927        0.240        0.241           1813        0.13        0.13    ACDRAG@15
  868     0.06      407.927        0.240        0.241           1813        0.13        0.13    ACDRAG@16
  869     0.06      407.927        0.240        0.243           3552        0.07        0.07    GPMPFC_EXPL_PART1@28
  870     0.06      407.927        0.240        0.244           3552        0.07        0.07    GPMPFC_EXPL_PART1@27
  871     0.06      407.927        0.240        0.241           1813        0.13        0.13    CPPHINP@8
  872     0.06      408.166        0.239        0.241           1813        0.13        0.13   *LASCAW_VINTW@7
  873     0.06      408.166        0.239        0.240           1813        0.13        0.13    CPPHINP@3
  874     0.06      408.166        0.239        0.240           1813        0.13        0.13    LASCAW_VINTW@4
  875     0.06      408.166        0.239        0.242           3626        0.07        0.07    GPMPFC_EXPL_PART1@21
  876     0.06      408.166        0.239        0.241           3552        0.07        0.07    GPMPFC_EXPL_PART1@32
  877     0.06      408.166        0.239        0.241           3552        0.07        0.07    GPMPFC_EXPL_PART1@31
  878     0.06      408.166        0.238        0.240           1813        0.13        0.13    CPPHINP@4
  879     0.06      408.166        0.238        0.239           1813        0.13        0.13    CPPHINP@2
  880     0.06      408.166        0.238        0.240           1813        0.13        0.13    LASCAW_VINTW@12
  881     0.06      408.166        0.238        0.240           1813        0.13        0.13    LASCAW_VINTW@9
  882     0.06      408.166        0.238        0.238             80        2.98        2.98    LEDIR_DGEMM_1@5
  883     0.06      408.166        0.238        0.242           3626        0.07        0.07    GPMPFC_EXPL_PART1@17
  884     0.06      408.166        0.237        0.239           1813        0.13        0.13    LASCAW_VINTW@8
  885     0.06      408.166        0.237        0.238           1776        0.13        0.13    ACTQSAT@26
  886     0.06      408.166        0.237        0.643             89        2.66        7.23    LTDIR_MOD@1
  887     0.06      408.166        0.237        0.238           1813        0.13        0.13    LASCAW_VINTW@3
  888     0.06      408.166        0.237        0.241           3626        0.07        0.07    GPMPFC_EXPL_PART1@18
  889     0.06      408.166        0.237        0.240           3552        0.07        0.07    GPMPFC_EXPL_PART1@26
  890     0.06      408.166        0.236        0.237           1813        0.13        0.13    CPPHINP@1
  891     0.06      408.166        0.236        0.239           3552        0.07        0.07    GPMPFC_EXPL_PART1@29
  892     0.06      408.166        0.236        0.237           1813        0.13        0.13    LASCAW_VINTW@1
  893     0.06      408.166        0.236        0.237           1813        0.13        0.13    LASCAW_VINTW@6
  894     0.06      408.166        0.236        0.240           3552        0.07        0.07    GPMPFC_EXPL_PART1@25
  895     0.06      408.166        0.236        0.237           1813        0.13        0.13    LASCAW_VINTW@14
  896     0.06      408.166        0.236        0.237           1813        0.13        0.13    LASCAW_VINTW@5
  897     0.06      408.166        0.236        0.239           3552        0.07        0.07    GPMPFC_EXPL_PART1@30
  898     0.06      408.166        0.235        0.237           1813        0.13        0.13    LASCAW_VINTW@10
  899     0.06      408.166        0.235        0.237           1813        0.13        0.13    LASCAW_VINTW@13
  900     0.06      408.401        0.235        0.236           1816        0.13        0.13   *GPHPRE_EXPL_VERTFE1@1
  901     0.06      408.401        0.235        0.236           1813        0.13        0.13    LASCAW_VINTW@11
  902     0.06      408.401        0.235        0.236           1813        0.13        0.13    LASCAW_VINTW@16
  903     0.06      408.401        0.235        0.235           1813        0.13        0.13    ACDRAG@1
  904     0.06      408.401        0.234        0.235           1813        0.13        0.13    GPHPRE_EXPL_VERTFE1@9
  905     0.06      408.401        0.234        0.234             81        2.89        2.89    LEDIR_DGEMM_1@6
  906     0.05      408.401        0.234        0.235           1813        0.13        0.13    GPHPRE_EXPL_VERTFE1@12
  907     0.05      408.401        0.234        0.235           1813        0.13        0.13    LASCAW_VINTW@15
  908     0.05      408.401        0.233        0.646            102        2.29        6.33    LTDIR_MOD@8
  909     0.05      408.401        0.233        0.234           1813        0.13        0.13    GPHPRE_EXPL_VERTFE1@4
  910     0.05      408.401        0.233        0.234           1813        0.13        0.13    LASCAW_VINTW@2
  911     0.05      408.401        0.233        0.234           1813        0.13        0.13    GPHPRE_EXPL_VERTFE1@5
  912     0.05      408.401        0.233        0.234           1813        0.13        0.13    GPHPRE_EXPL_VERTFE1@8
  913     0.05      408.401        0.233        0.234           1813        0.13        0.13    GPHPRE_EXPL_VERTFE1@15
  914     0.05      408.401        0.233        0.233           1813        0.13        0.13    GPHPRE_EXPL_VERTFE1@3
  915     0.05      408.401        0.232        0.233            102        2.28        2.28    LEDIR_DGEMM_1@8
  916     0.05      408.401        0.232        0.233           1813        0.13        0.13    GPHPRE_EXPL_VERTFE1@16
  917     0.05      408.401        0.232        0.233           1813        0.13        0.13    GPHPRE_EXPL_VERTFE1@7
  918     0.05      408.401        0.232        0.233           1813        0.13        0.13    GPHPRE_EXPL_VERTFE1@2
  919     0.05      408.401        0.232        0.233           1813        0.13        0.13    GPHPRE_EXPL_VERTFE1@6
  920     0.05      408.633        0.232        9.084         288600        0.00        0.03    LAITRE_GMV@1
  921     0.05      408.633        0.232        0.233           1813        0.13        0.13    GPHPRE_EXPL_VERTFE1@10
  922     0.05      408.633        0.232        0.233           1813        0.13        0.13    GPHPRE_EXPL_VERTFE1@13
  923     0.05      408.865        0.232        0.232            222        1.04        1.04    LATTEX_EXPL_2TL_PARALLEL:3:COMPUTE@1
  924     0.05      408.865        0.231        0.232           1813        0.13        0.13    GPHPRE_EXPL_VERTFE1@11
  925     0.05      408.865        0.231        0.232           1813        0.13        0.13    GPHPRE_EXPL_VERTFE1@14
  926     0.05      408.865        0.231        0.634             81        2.85        7.83    LTDIR_MOD@6
  927     0.05      408.865        0.230        0.230            123        1.87        1.87    LEDIR_DGEMM_1@11
  928     0.05      409.093        0.228        0.455             37        6.16       12.29    LAPINEB_PARALLEL:LARCHE:COMPUTE@1
  929     0.05      409.321        0.228        0.231          10920        0.02        0.02    RRTM_TAUMOL14_CPU@1
  930     0.05      409.321        0.227        0.623             83        2.74        7.50    LTDIR_MOD@7
  931     0.05      409.548        0.227        0.228           1813        0.13        0.13   *CUBASEN@10
  932     0.05      409.548        0.227        0.227            125        1.81        1.81    LEDIR_DGEMM_1@12
  933     0.05      409.548        0.227        0.227            158        1.43        1.43    LEDIR_DGEMM_1@14
  934     0.05      409.774        0.226        4.600           1404        0.16        3.28    SPCSINEW@1
  935     0.05      409.774        0.226        0.226             83        2.72        2.72    LEDIR_DGEMM_1@7
  936     0.05      409.774        0.224        0.224             89        2.51        2.52    LEDIR_DGEMM_1@1
  937     0.05      409.774        0.222        0.223           1813        0.12        0.12    GPHPRE_EXPL_VERTFE1@18
  938     0.05      409.774        0.222        0.223           1813        0.12        0.12    GPHPRE_EXPL_VERTFE1@24
  939     0.05      409.774        0.222        0.223           1813        0.12        0.12    GPHPRE_EXPL_VERTFE1@21
  940     0.05      409.774        0.221        0.222           1776        0.12        0.13    GPHPRE_EXPL_VERTFE1@31
  941     0.05      409.774        0.221        0.222           1813        0.12        0.12    GPHPRE_EXPL_VERTFE1@20
  942     0.05      409.774        0.221        0.222           1813        0.12        0.12    CUBASEN@7
  943     0.05      409.774        0.221        0.222           1813        0.12        0.12    GPHPRE_EXPL_VERTFE1@17
  944     0.05      409.774        0.221        0.222           1813        0.12        0.12    GPHPRE_EXPL_VERTFE1@19
  945     0.05      409.774        0.221        0.222           1813        0.12        0.12    GPHPRE_EXPL_VERTFE1@23
  946     0.05      409.774        0.221        0.222           1813        0.12        0.12    CUBASEN@9
  947     0.05      409.774        0.221        0.222           1813        0.12        0.12    ACTQSAT@22
  948     0.05      409.774        0.221        0.222           1813        0.12        0.12    ACTQSAT@23
  949     0.05      409.774        0.220        0.221           1813        0.12        0.12    CUBASEN@11
  950     0.05      409.774        0.220        0.221           1813        0.12        0.12    GPHPRE_EXPL_VERTFE1@22
  951     0.05      409.774        0.220        0.221           1813        0.12        0.12    ACTQSAT@21
  952     0.05      409.774        0.220        0.221           1813        0.12        0.12    CUBASEN@12
  953     0.05      409.774        0.220        0.221           1813        0.12        0.12    CUBASEN@8
  954     0.05      409.774        0.219        0.221           1813        0.12        0.12    ACTQSAT@24
  955     0.05      409.774        0.219        0.220            135        1.63        1.63    LEDIR_DGEMM_1@13
  956     0.05      409.774        0.219        0.220           1813        0.12        0.12    CUBASEN@6
  957     0.05      409.774        0.219        0.220           1776        0.12        0.12    GPHPRE_EXPL_VERTFE1@27
  958     0.05      409.774        0.218        0.219           1776        0.12        0.12    ACTQSAT@28
  959     0.05      409.774        0.218        0.218            165        1.32        1.32    LEDIR_DGEMM_1@15
  960     0.05      409.774        0.218        0.219           1776        0.12        0.12    GPHPRE_EXPL_VERTFE1@25
  961     0.05      409.774        0.217        0.218           1776        0.12        0.12    GPHPRE_EXPL_VERTFE1@32
  962     0.05      409.774        0.217        0.218           1776        0.12        0.12    GPHPRE_EXPL_VERTFE1@30
  963     0.05      409.774        0.217        0.218           1776        0.12        0.12    GPHPRE_EXPL_VERTFE1@26
  964     0.05      409.774        0.217        0.218           1776        0.12        0.12    GPHPRE_EXPL_VERTFE1@28
  965     0.05      409.774        0.217        0.218           1776        0.12        0.12    GPHPRE_EXPL_VERTFE1@29
  966     0.05      409.774        0.217        0.218           1813        0.12        0.12    CUBASEN@13
  967     0.05      409.774        0.216        0.217           1813        0.12        0.12    ACTQSAT@20
  968     0.05      409.774        0.215        0.216           1813        0.12        0.12    CUBASEN@16
  969     0.05      409.774        0.214        0.215           1813        0.12        0.12    CUBASEN@14
  970     0.05      409.774        0.214        0.215           1776        0.12        0.12    ACTQSAT@27
  971     0.05      409.774        0.214        0.222          16317        0.01        0.01    LAITLI@20
  972     0.05      409.774        0.214        0.215           1776        0.12        0.12    ACTQSAT@25
  973     0.05      409.774        0.214        0.215           1813        0.12        0.12    CUBASEN@22
  974     0.05      409.774        0.214        0.214            216        0.99        0.99    LEDIR_DGEMM_1@31
  975     0.05      409.774        0.213        0.214           1813        0.12        0.12    CUBASEN@15
  976     0.05      409.987        0.213        0.241          98280        0.00        0.00    radiation_gas:put_gas_CPU@1
  977     0.05      409.987        0.213        0.215           1813        0.12        0.12    LASCAW_VINTW@24
  978     0.05      409.987        0.213        0.214           1813        0.12        0.12    LASCAW_VINTW@21
  979     0.05      409.987        0.212        0.213           1776        0.12        0.12    ACTQSAT@31
  980     0.05      409.987        0.212        0.214           1813        0.12        0.12    LASCAW_VINTW@22
  981     0.05      409.987        0.212        0.213           1776        0.12        0.12    ACTQSAT@32
  982     0.05      409.987        0.212        0.213           1813        0.12        0.12    ACTQSAT@19
  983     0.05      409.987        0.212        0.213           1776        0.12        0.12    ACTQSAT@30
  984     0.05      409.987        0.212        0.213           1776        0.12        0.12    ACTQSAT@29
  985     0.05      409.987        0.211        0.212           1813        0.12        0.12    ACTQSAT@18
  986     0.05      409.987        0.210        0.211           1813        0.12        0.12    CUBASEN@5
  987     0.05      409.987        0.210        0.212           1813        0.12        0.12    ACTQSAT@17
  988     0.05      409.987        0.210        0.211           1813        0.12        0.12    CUBASEN@24
  989     0.05      409.987        0.210        0.211           1776        0.12        0.12    CUBASEN@28
  990     0.05      409.987        0.210        0.218          16317        0.01        0.01    LAITLI@21
  991     0.05      409.987        0.210        0.212           1813        0.12        0.12    LASCAW_VINTW@23
  992     0.05      409.987        0.210        0.218          16317        0.01        0.01    LAITLI@22
  993     0.05      409.987        0.209        0.210           1813        0.12        0.12    CUBASEN@19
  994     0.05      409.987        0.209        0.217          16317        0.01        0.01    LAITLI@19
  995     0.05      409.987        0.209        0.217          16317        0.01        0.01    LAITLI@9
  996     0.05      409.987        0.209        0.210           1813        0.12        0.12    CUBASEN@23
  997     0.05      409.987        0.209        0.210           1776        0.12        0.12    LASCAW_VINTW@32
  998     0.05      409.987        0.209        0.217          16317        0.01        0.01    LAITLI@17
  999     0.05      409.987        0.209        0.217          16317        0.01        0.01    LAITLI@18
 1000     0.05      409.987        0.209        0.209            169        1.23        1.24    LEDIR_DGEMM_1@16
 1001     0.05      409.987        0.209        0.210           1813        0.12        0.12    CUBASEN@18
 1002     0.05      409.987        0.208        0.210           1776        0.12        0.12    LASCAW_VINTW@27
 1003     0.05      409.987        0.208        0.216          16317        0.01        0.01    LAITLI@12
 1004     0.05      409.987        0.208        0.209           1776        0.12        0.12    LASCAW_VINTW@29
 1005     0.05      409.987        0.208        0.216          16317        0.01        0.01    LAITLI@23
 1006     0.05      409.987        0.207        0.215          16317        0.01        0.01    LAITLI@24
 1007     0.05      409.987        0.207        0.208           1813        0.11        0.11    CUBASEN@17
 1008     0.05      409.987        0.207        0.209           1776        0.12        0.12    LASCAW_VINTW@28
 1009     0.05      409.987        0.206        0.206            221        0.93        0.93    LEDIR_DGEMM_1@30
 1010     0.05      409.987        0.206        0.213          16317        0.01        0.01    LAITLI@15
 1011     0.05      409.987        0.206        0.214          16317        0.01        0.01    LAITLI@11
 1012     0.05      409.987        0.206        0.213          16317        0.01        0.01    LAITLI@10
 1013     0.05      409.987        0.205        0.213          16317        0.01        0.01    LAITLI@16
 1014     0.05      409.987        0.205        0.206           1813        0.11        0.11    CUBASEN@20
 1015     0.05      409.987        0.205        0.213          16317        0.01        0.01    LAITLI@13
 1016     0.05      409.987        0.205        0.207           1776        0.12        0.12    LASCAW_VINTW@31
 1017     0.05      409.987        0.205        0.206           1776        0.12        0.12    CUBASEN@31
 1018     0.05      409.987        0.205        0.206           1776        0.12        0.12    LASCAW_VINTW@30
 1019     0.05      409.987        0.205        0.206           1776        0.12        0.12    CUBASEN@32
 1020     0.05      409.987        0.205        0.206           1776        0.12        0.12    CUBASEN@29
 1021     0.05      409.987        0.205        0.206           1776        0.12        0.12    CUBASEN@26
 1022     0.05      409.987        0.204        0.204            203        1.01        1.01    LEDIR_DGEMM_1@24
 1023     0.05      409.987        0.204        0.205           1776        0.11        0.12    CUBASEN@27
 1024     0.05      409.987        0.204        0.205           1813        0.11        0.11    CUBASEN@4
 1025     0.05      409.987        0.204        0.206           1813        0.11        0.11    QNGCOR@24
 1026     0.05      409.987        0.204        0.212          15984        0.01        0.01    LAITLI@28
 1027     0.05      409.987        0.204        0.211          16317        0.01        0.01    LAITLI@14
 1028     0.05      409.987        0.204        0.205           1813        0.11        0.11    LASCAW_VINTW@18
 1029     0.05      409.987        0.204        0.205           1813        0.11        0.11    LASCAW_VINTW@20
 1030     0.05      409.987        0.203        0.204            220        0.92        0.93    LEDIR_DGEMM_1@32
 1031     0.05      409.987        0.203        0.211          16317        0.01        0.01    LAITLI@7
 1032     0.05      409.987        0.203        0.204           1813        0.11        0.11    CUBASEN@21
 1033     0.05      409.987        0.203        0.211          16317        0.01        0.01    LAITLI@8
 1034     0.05      409.987        0.203        0.203           1776        0.11        0.11    ACDRAG@31
 1035     0.05      409.987        0.203        0.210          15984        0.01        0.01    LAITLI@25
 1036     0.05      409.987        0.202        0.204           1813        0.11        0.11    QNGCOR@23
 1037     0.05      409.987        0.202        0.210          16317        0.01        0.01    LAITLI@5
 1038     0.05      409.987        0.202        0.204           1776        0.11        0.11    LASCAW_VINTW@26
 1039     0.05      409.987        0.202        0.204           1813        0.11        0.11    QNGCOR@17
 1040     0.05      409.987        0.202        0.203           1813        0.11        0.11    CPPHINP@24
 1041     0.05      409.987        0.202        0.209          15984        0.01        0.01    LAITLI@29
 1042     0.05      409.987        0.202        0.204           1813        0.11        0.11    QNGCOR@21
 1043     0.05      409.987        0.202        0.202            180        1.12        1.12    LEDIR_DGEMM_1@17
 1044     0.05      409.987        0.202        0.210          15984        0.01        0.01    LAITLI@26
 1045     0.05      409.987        0.202        0.209          16317        0.01        0.01    LAITLI@6
 1046     0.05      409.987        0.201        0.203           1776        0.11        0.11    LASCAW_VINTW@25
 1047     0.05      409.987        0.201        0.209          15984        0.01        0.01    LAITLI@27
 1048     0.05      409.987        0.201        0.201            203        0.99        0.99    LEDIR_DGEMM_1@23
 1049     0.05      409.987        0.201        0.202           1776        0.11        0.11    CUBASEN@25
 1050     0.05      409.987        0.201        0.202           1776        0.11        0.11    CUBASEN@30
 1051     0.05      409.987        0.201        0.203           1813        0.11        0.11    QNGCOR@22
 1052     0.05      409.987        0.201        0.202           1813        0.11        0.11    CPPHINP@19
 1053     0.05      409.987        0.200        0.201           1776        0.11        0.11    ACDRAG@32
 1054     0.05      409.987        0.200        0.202           1813        0.11        0.11    LASCAW_VINTW@19
 1055     0.05      409.987        0.200        0.207          15984        0.01        0.01    LAITLI@30
 1056     0.05      409.987        0.200        0.207          15984        0.01        0.01    LAITLI@32
 1057     0.05      409.987        0.200        0.202           1813        0.11        0.11    ACDRAG@17
 1058     0.05      410.187        0.200        0.201           1813        0.11        0.11   *ACNEBN@16
 1059     0.05      410.187        0.200        0.201           1776        0.11        0.11    CPPHINP@32
 1060     0.05      410.187        0.200        0.201           1813        0.11        0.11    ACDRAG@24
 1061     0.05      410.187        0.200        0.201           1813        0.11        0.11    CPPHINP@20
 1062     0.05      410.187        0.200        0.201           1776        0.11        0.11    ACDRAG@26
 1063     0.05      410.187        0.200        0.201           1813        0.11        0.11    CPPHINP@21
 1064     0.05      410.187        0.200        0.201           1813        0.11        0.11    ACDRAG@21
 1065     0.05      410.187        0.200        0.201           1813        0.11        0.11    CPPHINP@17
 1066     0.05      410.187        0.199        0.201           1776        0.11        0.11    ACDRAG@25
 1067     0.05      410.187        0.199        0.201           1776        0.11        0.11    ACDRAG@27
 1068     0.05      410.187        0.199        0.201           1813        0.11        0.11    CPPHINP@18
 1069     0.05      410.187        0.199        0.201           1813        0.11        0.11    CPPHINP@23
 1070     0.05      410.187        0.199        0.200           1776        0.11        0.11    ACDRAG@28
 1071     0.05      410.187        0.199        0.206          15984        0.01        0.01    LAITLI@31
 1072     0.05      410.187        0.199        0.200           1813        0.11        0.11    ACNEBN@8
 1073     0.05      410.187        0.199        0.200           1813        0.11        0.11    ACNEBN@6
 1074     0.05      410.187        0.199        0.200           1813        0.11        0.11    CPPHINP@22
 1075     0.05      410.187        0.199        0.200           1813        0.11        0.11    ACNEBN@14
 1076     0.05      410.187        0.199        0.199           1776        0.11        0.11    CPPHINP@31
 1077     0.05      410.187        0.199        0.200           1813        0.11        0.11    ACDRAG@23
 1078     0.05      410.187        0.199        0.200           1813        0.11        0.11    ACNEBN@13
 1079     0.05      410.187        0.198        0.200           1776        0.11        0.11    QNGCOR@27
 1080     0.05      410.187        0.198        0.199           1776        0.11        0.11    CPPHINP@30
 1081     0.05      410.187        0.198        0.200           1813        0.11        0.11    ACDRAG@22
 1082     0.05      410.187        0.198        0.200           1813        0.11        0.11    ACDRAG@20
 1083     0.05      410.187        0.198        0.199           1813        0.11        0.11    ACNEBN@7
 1084     0.05      410.187        0.198        0.199           1813        0.11        0.11    ACNEBN@11
 1085     0.05      410.187        0.198        0.200           1813        0.11        0.11    ACDRAG@19
 1086     0.05      410.187        0.198        0.200           1813        0.11        0.11    ACDRAG@18
 1087     0.05      410.187        0.198        0.199           1813        0.11        0.11    ACNEBN@5
 1088     0.05      410.187        0.198        0.200           1776        0.11        0.11    CPPHINP@27
 1089     0.05      410.187        0.198        0.199           1813        0.11        0.11    ACNEBN@12
 1090     0.05      410.385        0.198        0.198             37        5.35        5.35    CPUTQY_APLPAR_EXPL_PARALLEL:ZDEC:COMPUTE@1
 1091     0.05      410.385        0.198        0.199           1813        0.11        0.11    ACNEBN@15
 1092     0.05      410.385        0.198        0.199           1813        0.11        0.11    ACNEBN@10
 1093     0.05      410.385        0.198        0.199           1776        0.11        0.11    CPPHINP@28
 1094     0.05      410.385        0.198        0.199           1776        0.11        0.11    CPPHINP@26
 1095     0.05      410.385        0.198        0.199           1776        0.11        0.11    CPPHINP@25
 1096     0.05      410.385        0.198        0.199           1776        0.11        0.11    CPPHINP@29
 1097     0.05      410.385        0.198        0.198           1813        0.11        0.11    ACNEBN@3
 1098     0.05      410.385        0.197        0.197            209        0.94        0.94    LEDIR_DGEMM_1@28
 1099     0.05      410.385        0.197        0.197            207        0.95        0.95    LEDIR_DGEMM_1@27
 1100     0.05      410.385        0.197        0.198           1813        0.11        0.11    ACNEBN@4
 1101     0.05      410.385        0.197        0.198           1813        0.11        0.11    ACNEBN@9
 1102     0.05      410.385        0.197        0.204          16317        0.01        0.01    LAITLI@4
 1103     0.05      410.385        0.197        0.199           1813        0.11        0.11    LASCAW_VINTW@17
 1104     0.05      410.385        0.197        0.198           1776        0.11        0.11    ACDRAG@30
 1105     0.05      410.385        0.196        0.198           1776        0.11        0.11    ACDRAG@29
 1106     0.05      410.385        0.196        0.197           1813        0.11        0.11    ACNEBN@2
 1107     0.05      410.581        0.196        0.197           2808        0.07        0.07   *SGEMMX@21
 1108     0.05      410.581        0.196        0.198           1776        0.11        0.11    QNGCOR@25
 1109     0.05      410.581        0.196        0.198           1813        0.11        0.11    QNGCOR@20
 1110     0.05      410.581        0.196        0.197           2808        0.07        0.07    SGEMMX@24
 1111     0.05      410.581        0.196        0.197           2808        0.07        0.07    SGEMMX@22
 1112     0.05      410.776        0.196        0.197           1813        0.11        0.11   *ACDRME@9
 1113     0.05      410.776        0.195        0.197           2808        0.07        0.07    SGEMMX@23
 1114     0.05      410.776        0.195        0.196           1813        0.11        0.11    ACDRME@10
 1115     0.05      410.776        0.195        0.196           1813        0.11        0.11    ACDRME@5
 1116     0.05      410.776        0.195        0.195            198        0.98        0.99    LEDIR_DGEMM_1@22
 1117     0.05      410.776        0.195        0.196           1813        0.11        0.11    ACDRME@12
 1118     0.05      410.776        0.195        0.196           1813        0.11        0.11    ACDRME@7
 1119     0.05      410.776        0.195        0.196           1813        0.11        0.11    ACDRME@1
 1120     0.05      410.776        0.195        0.197           1813        0.11        0.11    QNGCOR@18
 1121     0.05      410.776        0.195        0.196           1813        0.11        0.11    ACDRME@15
 1122     0.05      410.776        0.195        0.196           1813        0.11        0.11    ACDRME@14
 1123     0.05      410.776        0.195        0.196           1813        0.11        0.11    ACDRME@11
 1124     0.05      410.776        0.195        0.196           1813        0.11        0.11    ACDRME@4
 1125     0.05      410.776        0.194        0.196           2808        0.07        0.07    SGEMMX@20
 1126     0.05      410.776        0.194        0.195            176        1.11        1.11    LEDIR_DGEMM_1@18
 1127     0.05      410.776        0.194        0.195           1813        0.11        0.11    ACDRME@13
 1128     0.05      410.776        0.194        0.200          16317        0.01        0.01    LAITLI@3
 1129     0.05      410.776        0.194        0.195           1813        0.11        0.11    ACDRME@8
 1130     0.05      410.776        0.194        0.200          16317        0.01        0.01    LAITLI@2
 1131     0.05      410.776        0.194        0.195           1813        0.11        0.11    ACDRME@16
 1132     0.05      410.776        0.194        0.194            213        0.91        0.91    LEDIR_DGEMM_1@29
 1133     0.05      410.776        0.194        0.195           2808        0.07        0.07    SGEMMX@17
 1134     0.05      410.776        0.194        0.194           1813        0.11        0.11    ACDRME@3
 1135     0.05      410.776        0.194        0.195           2808        0.07        0.07    SGEMMX@18
 1136     0.05      410.776        0.194        0.195           1813        0.11        0.11    ACDRME@6
 1137     0.05      410.776        0.194        0.194           1813        0.11        0.11    ACDRME@2
 1138     0.05      410.970        0.193        0.194             37        5.23        5.23    APL_ARPEGE_PARALLEL:ZBAY_QRCONV:COMPUTE@1
 1139     0.05      410.970        0.193        0.195           2808        0.07        0.07    SGEMMX@19
 1140     0.05      410.970        0.193        0.194           2808        0.07        0.07    SGEMMX@13
 1141     0.05      410.970        0.192        0.193           1813        0.11        0.11    ACNEBN@1
 1142     0.05      410.970        0.192        0.194           1813        0.11        0.11    QNGCOR@19
 1143     0.05      410.970        0.192        0.194           1776        0.11        0.11    QNGCOR@26
 1144     0.05      410.970        0.192        0.193           2808        0.07        0.07    SGEMMX@28
 1145     0.05      410.970        0.192        0.193           1776        0.11        0.11    QNGCOR@31
 1146     0.05      410.970        0.192        0.193           2808        0.07        0.07    SGEMMX@14
 1147     0.05      410.970        0.192        0.193           2808        0.07        0.07    SGEMMX@16
 1148     0.05      410.970        0.192        0.193           2808        0.07        0.07    SGEMMX@12
 1149     0.05      410.970        0.192        0.193           2808        0.07        0.07    SGEMMX@9
 1150     0.05      411.161        0.192        0.192              1      191.56      191.56    DIST_SPEC@1
 1151     0.05      411.161        0.191        0.193           2808        0.07        0.07    SGEMMX@10
 1152     0.05      411.353        0.191        0.193           1813        0.11        0.11   *ACBL89@7
 1153     0.05      411.353        0.191        0.193           2808        0.07        0.07    SGEMMX@25
 1154     0.05      411.353        0.191        0.192            206        0.93        0.93    LEDIR_DGEMM_1@25
 1155     0.04      411.353        0.191        0.193           2808        0.07        0.07    SGEMMX@15
 1156     0.04      411.353        0.191        0.193           2808        0.07        0.07    SGEMMX@26
 1157     0.04      411.353        0.191        0.193           2808        0.07        0.07    SGEMMX@11
 1158     0.04      411.353        0.191        0.193           2808        0.07        0.07    SGEMMX@27
 1159     0.04      411.353        0.191        0.192           1813        0.11        0.11    ACBL89@6
 1160     0.04      411.353        0.191        0.193           1776        0.11        0.11    QNGCOR@28
 1161     0.04      411.353        0.191        0.192           1776        0.11        0.11    QNGCOR@29
 1162     0.04      411.353        0.190        0.191           1813        0.10        0.11    ACBL89@5
 1163     0.04      411.353        0.190        0.190            206        0.92        0.92    LEDIR_DGEMM_1@26
 1164     0.04      411.353        0.190        0.190            176        1.08        1.08    LEDIR_DGEMM_1@19
 1165     0.04      411.353        0.189        0.191           1813        0.10        0.11    ACBL89@8
 1166     0.04      411.353        0.189        0.191           1813        0.10        0.11    ACBL89@9
 1167     0.04      411.353        0.189        0.191           1776        0.11        0.11    QNGCOR@32
 1168     0.04      411.353        0.189        0.190           1813        0.10        0.10    ACBL89@10
 1169     0.04      411.353        0.189        0.190           1813        0.10        0.10    ACBL89@4
 1170     0.04      411.541        0.189        0.271             37        5.10        7.34    APL_ARPEGE_PARALLEL:ACCLPH:COMPUTE@1
 1171     0.04      411.730        0.188        0.189            121        1.56        1.56   *LEDIR_DGEMM_2@9
 1172     0.04      411.730        0.188        0.188            190        0.99        0.99    LEDIR_DGEMM_1@21
 1173     0.04      411.730        0.188        0.189           1813        0.10        0.10    ACBL89@11
 1174     0.04      411.730        0.188        0.188            177        1.06        1.06    LEDIR_DGEMM_1@20
 1175     0.04      411.730        0.187        0.188           1813        0.10        0.10    ACBL89@13
 1176     0.04      411.730        0.187        0.188           1813        0.10        0.10    ACBL89@16
 1177     0.04      411.730        0.187        0.188           1813        0.10        0.10    ACBL89@15
 1178     0.04      411.730        0.186        0.187           1813        0.10        0.10    ACBL89@12
 1179     0.04      411.730        0.186        0.187           1813        0.10        0.10    ACBL89@14
 1180     0.04      411.915        0.185        2.663         230880        0.00        0.01    LAITLIF@1
 1181     0.04      411.915        0.185        0.185             80        2.31        2.31    LEDIR_DGEMM_2@4
 1182     0.04      411.915        0.185        0.187           1776        0.10        0.11    QNGCOR@30
 1183     0.04      411.915        0.184        0.185           2808        0.07        0.07    SGEMMX@29
 1184     0.04      411.915        0.184        0.185           1813        0.10        0.10    CUBASEN@3
 1185     0.04      411.915        0.184        0.184            123        1.50        1.50    LEDIR_DGEMM_2@10
 1186     0.04      411.915        0.184        0.185           1813        0.10        0.10    ACBL89@3
 1187     0.04      412.099        0.184        0.190             37        4.96        5.14    LATTES_PARALLEL:0:COMPUTE@1
 1188     0.04      412.099        0.183        0.183             81        2.26        2.26    LEDIR_DGEMM_2@3
 1189     0.04      412.099        0.183        0.184           2808        0.07        0.07    SGEMMX@30
 1190     0.04      412.099        0.183        0.184           2808        0.07        0.07    SGEMMX@5
 1191     0.04      412.099        0.182        0.184           2808        0.06        0.07    SGEMMX@6
 1192     0.04      412.099        0.182        0.183           2808        0.06        0.07    SGEMMX@8
 1193     0.04      412.099        0.182        0.182             89        2.05        2.05    LEDIR_DGEMM_2@1
 1194     0.04      412.099        0.182        0.183           2808        0.06        0.07    SGEMMX@7
 1195     0.04      412.099        0.181        0.182           2808        0.06        0.06    SGEMMX@31
 1196     0.04      412.099        0.180        0.180            158        1.14        1.14    LEDIR_DGEMM_2@14
 1197     0.04      412.099        0.180        0.180            102        1.76        1.76    LEDIR_DGEMM_2@8
 1198     0.04      412.278        0.179        0.180             37        4.85        4.85    CPG_SL2_TYPE_SET_HOST_PARALLEL@1
 1199     0.04      412.278        0.179        0.179             79        2.26        2.26    LEDIR_DGEMM_2@2
 1200     0.04      412.278        0.177        0.178           1776        0.10        0.10    ACBL89@26
 1201     0.04      412.278        0.177        0.177            123        1.44        1.44    LEDIR_DGEMM_2@11
 1202     0.04      412.455        0.177        0.177            148        1.20        1.20    GPINISLB_PART2_EXPL_PARALLEL:1:COMPUTE@1
 1203     0.04      412.455        0.177        0.177            180        0.98        0.98    LEDIR_DGEMM_2@17
 1204     0.04      412.455        0.176        0.177             80        2.21        2.21    LEDIR_DGEMM_2@5
 1205     0.04      412.455        0.176        0.177            198        0.89        0.89    LEDIR_DGEMM_2@22
 1206     0.04      412.455        0.176        0.177           1813        0.10        0.10    ACBL89@2
 1207     0.04      412.631        0.176        1.738             37        4.75       46.97    APL_ARPEGE_DEEP_CONVECTION_PARALLEL:CUCALLN_MF:COMPUTE@1
 1208     0.04      412.631        0.175        0.175            165        1.06        1.06    LEDIR_DGEMM_2@15
 1209     0.04      412.806        0.175        0.175            148        1.18        1.18    GPRCP_EXPL_PARALLEL:0:COMPUTE@1
 1210     0.04      412.806        0.175        0.175            125        1.40        1.40    LEDIR_DGEMM_2@12
 1211     0.04      412.806        0.175        0.175            169        1.04        1.04    LEDIR_DGEMM_2@16
 1212     0.04      412.806        0.174        0.174            206        0.85        0.85    LEDIR_DGEMM_2@25
 1213     0.04      412.806        0.174        0.174            203        0.86        0.86    LEDIR_DGEMM_2@24
 1214     0.04      412.806        0.173        0.175           1813        0.10        0.10    ACBL89@17
 1215     0.04      412.806        0.173        0.174           1813        0.10        0.10    ACBL89@19
 1216     0.04      412.806        0.173        0.174           1813        0.10        0.10    ACBL89@18
 1217     0.04      412.806        0.172        0.173           1776        0.10        0.10    ACBL89@31
 1218     0.04      412.806        0.172        0.173           1813        0.10        0.10    ACBL89@23
 1219     0.04      412.806        0.172        0.173           1813        0.10        0.10    ACBL89@1
 1220     0.04      412.806        0.172        0.172            176        0.98        0.98    LEDIR_DGEMM_2@18
 1221     0.04      412.806        0.172        0.173           1813        0.09        0.10    ACBL89@21
 1222     0.04      412.806        0.172        0.172            203        0.85        0.85    LEDIR_DGEMM_2@23
 1223     0.04      412.806        0.172        0.173           1813        0.09        0.10    ACBL89@20
 1224     0.04      412.806        0.172        0.173           1813        0.09        0.10    ACBL89@24
 1225     0.04      412.806        0.171        0.171            207        0.83        0.83    LEDIR_DGEMM_2@27
 1226     0.04      412.806        0.171        0.172           1813        0.09        0.09    ACBL89@22
 1227     0.04      412.806        0.170        0.171           1776        0.10        0.10    ACBL89@27
 1228     0.04      412.806        0.170        0.171           1776        0.10        0.10    ACBL89@32
 1229     0.04      412.806        0.170        0.170             81        2.09        2.09    LEDIR_DGEMM_2@6
 1230     0.04      412.806        0.169        0.169             83        2.04        2.04    LEDIR_DGEMM_2@7
 1231     0.04      412.975        0.169        0.172           5439        0.03        0.03   *ROTUVGEO@11
 1232     0.04      412.975        0.169        0.169            209        0.81        0.81    LEDIR_DGEMM_2@28
 1233     0.04      412.975        0.169        0.170           1776        0.10        0.10    ACBL89@25
 1234     0.04      412.975        0.169        0.170           1776        0.10        0.10    ACBL89@30
 1235     0.04      413.144        0.169        0.965           1813        0.09        0.53   *ACTKE@16
 1236     0.04      413.144        0.169        0.171           5439        0.03        0.03    ROTUVGEO@1
 1237     0.04      413.144        0.169        0.172           5439        0.03        0.03    ROTUVGEO@12
 1238     0.04      413.144        0.169        0.170           1776        0.09        0.10    ACBL89@29
 1239     0.04      413.144        0.168        0.171           5439        0.03        0.03    ROTUVGEO@10
 1240     0.04      413.144        0.168        0.171           5439        0.03        0.03    ROTUVGEO@9
 1241     0.04      413.312        0.168        1.273             37        4.55       34.40    CPG_GP_HYD_PARALLEL:2:COMPUTE@1
 1242     0.04      413.312        0.168        0.168            135        1.25        1.25    LEDIR_DGEMM_2@13
 1243     0.04      413.312        0.168        0.168            206        0.82        0.82    LEDIR_DGEMM_2@26
 1244     0.04      413.312        0.168        0.966           1813        0.09        0.53    ACTKE@14
 1245     0.04      413.312        0.168        0.168            216        0.78        0.78    LEDIR_DGEMM_2@31
 1246     0.04      413.312        0.168        0.965           1813        0.09        0.53    ACTKE@15
 1247     0.04      413.312        0.168        0.171           5439        0.03        0.03    ROTUVGEO@16
 1248     0.04      413.312        0.168        0.971           1813        0.09        0.54    ACTKE@6
 1249     0.04      413.312        0.168        0.170           5439        0.03        0.03    ROTUVGEO@4
 1250     0.04      413.312        0.167        0.968           1813        0.09        0.53    ACTKE@13
 1251     0.04      413.312        0.167        0.168            221        0.76        0.76    LEDIR_DGEMM_2@30
 1252     0.04      413.312        0.167        0.169           5439        0.03        0.03    ROTUVGEO@3
 1253     0.04      413.312        0.167        0.167            190        0.88        0.88    LEDIR_DGEMM_2@21
 1254     0.04      413.312        0.167        0.970           1813        0.09        0.54    ACTKE@8
 1255     0.04      413.312        0.167        0.168           1776        0.09        0.09    ACBL89@28
 1256     0.04      413.312        0.167        0.970           1813        0.09        0.54    ACTKE@7
 1257     0.04      413.312        0.166        0.169           5439        0.03        0.03    ROTUVGEO@2
 1258     0.04      413.312        0.166        0.167            220        0.76        0.76    LEDIR_DGEMM_2@32
 1259     0.04      413.312        0.166        0.169           5439        0.03        0.03    ROTUVGEO@8
 1260     0.04      413.312        0.166        0.166            176        0.94        0.94    LEDIR_DGEMM_2@19
 1261     0.04      413.312        0.166        0.169           5439        0.03        0.03    ROTUVGEO@7
 1262     0.04      413.312        0.166        0.168           5439        0.03        0.03    ROTUVGEO@5
 1263     0.04      413.312        0.166        0.168           5439        0.03        0.03    ROTUVGEO@13
 1264     0.04      413.312        0.166        0.968           1813        0.09        0.53    ACTKE@5
 1265     0.04      413.312        0.165        0.168           5439        0.03        0.03    ROTUVGEO@6
 1266     0.04      413.312        0.165        0.964           1813        0.09        0.53    ACTKE@12
 1267     0.04      413.312        0.165        0.965           1813        0.09        0.53    ACTKE@11
 1268     0.04      413.312        0.164        0.167           5439        0.03        0.03    ROTUVGEO@14
 1269     0.04      413.312        0.164        0.166           5439        0.03        0.03    ROTUVGEO@15
 1270     0.04      413.312        0.164        0.164            213        0.77        0.77    LEDIR_DGEMM_2@29
 1271     0.04      413.312        0.163        0.963           1813        0.09        0.53    ACTKE@9
 1272     0.04      413.312        0.163        0.959           1813        0.09        0.53    ACTKE@4
 1273     0.04      413.312        0.162        0.962           1813        0.09        0.53    ACTKE@10
 1274     0.04      413.312        0.162        0.162            177        0.92        0.92    LEDIR_DGEMM_2@20
 1275     0.04      413.312        0.162        0.952           1813        0.09        0.53    ACTKE@3
 1276     0.04      413.474        0.161       14.032            222        0.73       63.21    LARCINB_PARALLEL:LAITRE_GFL:COMPUTE@1
 1277     0.04      413.635        0.161       13.565             37        4.36      366.63    ACVPPKF_PARALLEL:PART2@1
 1278     0.04      413.796        0.161        0.161            222        0.72        0.72    LAPINEB_PARALLEL:ZERO_GMV9:COMPUTE@1
 1279     0.04      413.955        0.159        0.159             37        4.31        4.31    CPGLAG_PARALLEL:0:COMPUTE@1
 1280     0.04      414.113        0.158      206.345          10920        0.01       18.90    radiation_interface_CPU:radiation_CPU@1
 1281     0.04      414.113        0.157        0.939           1813        0.09        0.52    ACTKE@2
 1282     0.04      414.113        0.157        0.160           5439        0.03        0.03    ROTUVGEO@19
 1283     0.04      414.113        0.157        0.160           5439        0.03        0.03    ROTUVGEO@17
 1284     0.04      414.113        0.157        0.160           5439        0.03        0.03    ROTUVGEO@18
 1285     0.04      414.113        0.157        0.160           5439        0.03        0.03    ROTUVGEO@20
 1286     0.04      414.113        0.157        0.160           5439        0.03        0.03    ROTUVGEO@24
 1287     0.04      414.270        0.156        1.798             37        4.23       48.60    LAPINEA_PARALLEL:LARCINA:COMPUTE@1
 1288     0.04      414.270        0.156        0.159           5439        0.03        0.03    ROTUVGEO@22
 1289     0.04      414.270        0.156        0.158           5328        0.03        0.03    ROTUVGEO@32
 1290     0.04      414.270        0.156        0.159           5439        0.03        0.03    ROTUVGEO@23
 1291     0.04      414.270        0.156        0.159           5439        0.03        0.03    ROTUVGEO@21
 1292     0.04      414.425        0.155        8.574             37        4.20      231.73    LARCINB_PARALLEL:LRHS_CURV_F:COMPUTE@1
 1293     0.04      414.425        0.154        0.156           5328        0.03        0.03    ROTUVGEO@31
 1294     0.04      414.425        0.153        0.156           5328        0.03        0.03    ROTUVGEO@25
 1295     0.04      414.425        0.153        0.155           5328        0.03        0.03    ROTUVGEO@30
 1296     0.04      414.425        0.153        0.156           5328        0.03        0.03    ROTUVGEO@28
 1297     0.04      414.425        0.153        0.155           5328        0.03        0.03    ROTUVGEO@29
 1298     0.04      414.425        0.153        0.155           5328        0.03        0.03    ROTUVGEO@27
 1299     0.04      414.425        0.152        0.153           1813        0.08        0.08    ACDRME@24
 1300     0.04      414.425        0.152        0.153           1813        0.08        0.08    ACDRME@22
 1301     0.04      414.425        0.152        0.155           5328        0.03        0.03    ROTUVGEO@26
 1302     0.04      414.425        0.152        0.153           1813        0.08        0.08    ACDRME@21
 1303     0.04      414.425        0.152        0.153           1813        0.08        0.08    ACDRME@20
 1304     0.04      414.425        0.152        0.153           1813        0.08        0.08    ACDRME@19
 1305     0.04      414.425        0.151        0.152           1813        0.08        0.08    ACDRME@23
 1306     0.04      414.425        0.151        0.152           1813        0.08        0.08    ACDRME@18
 1307     0.04      414.425        0.151        0.152           1776        0.08        0.09    ACDRME@26
 1308     0.04      414.425        0.151        0.151           1776        0.08        0.09    ACDRME@31
 1309     0.04      414.425        0.150        0.151           1776        0.08        0.09    ACDRME@29
 1310     0.04      414.425        0.150        0.151           1813        0.08        0.08    ACDRME@17
 1311     0.04      414.425        0.150        0.151           1813        0.08        0.08    CUBASEN@2
 1312     0.04      414.425        0.150        0.151           1776        0.08        0.09    ACDRME@25
 1313     0.04      414.575        0.150        0.153          10920        0.01        0.01    SATUR_CPU@1
 1314     0.04      414.575        0.150        0.151           1776        0.08        0.08    ACDRME@28
 1315     0.04      414.575        0.150        0.151           1776        0.08        0.08    ACDRME@32
 1316     0.04      414.575        0.149        0.150           1776        0.08        0.08    ACDRME@30
 1317     0.04      414.575        0.149        0.150           1776        0.08        0.08    ACDRME@27
 1318     0.03      414.575        0.148        0.936           1813        0.08        0.52    ACTKE@1
 1319     0.03      414.575        0.141        0.883           1776        0.08        0.50    ACTKE@26
 1320     0.03      414.713        0.138        0.607             37        3.74       16.40    LASSIE_PARALLEL:SITNU:COMPUTE@1
 1321     0.03      414.713        0.138        0.140           1776        0.08        0.08    ACNEBN@27
 1322     0.03      414.713        0.138        0.140           1776        0.08        0.08    ACNEBN@28
 1323     0.03      414.713        0.138        0.140           1776        0.08        0.08    ACNEBN@25
 1324     0.03      414.713        0.138        0.139           1813        0.08        0.08    CUBASEN@1
 1325     0.03      414.713        0.137        0.139           1776        0.08        0.08    ACNEBN@32
 1326     0.03      414.713        0.137        0.139           1813        0.08        0.08    ACNEBN@20
 1327     0.03      414.850        0.137        0.141          10920        0.01        0.01    radiation_single_level:get_albedos_CPU@1
 1328     0.03      414.850        0.137        0.139           1813        0.08        0.08    ACNEBN@24
 1329     0.03      414.850        0.137        0.138           2808        0.05        0.05    SGEMMX@2
 1330     0.03      414.850        0.137        0.138           1776        0.08        0.08    ACNEBN@29
 1331     0.03      414.850        0.137        0.138           1776        0.08        0.08    ACNEBN@31
 1332     0.03      414.850        0.137        0.138           1813        0.08        0.08    ACNEBN@23
 1333     0.03      414.850        0.137        0.138           1813        0.08        0.08    ACNEBN@19
 1334     0.03      414.850        0.137        0.138           2808        0.05        0.05    SGEMMX@4
 1335     0.03      414.850        0.136        0.138           1776        0.08        0.08    ACNEBN@30
 1336     0.03      414.850        0.136        0.138           1776        0.08        0.08    ACNEBN@26
 1337     0.03      414.850        0.136        0.138           1813        0.08        0.08    ACNEBN@18
 1338     0.03      414.850        0.136        0.137           1813        0.07        0.08    ACNEBN@21
 1339     0.03      414.850        0.136        0.137           1813        0.07        0.08    ACNEBN@22
 1340     0.03      414.850        0.136        0.137           1813        0.07        0.08    ACNEBN@17
 1341     0.03      414.985        0.134        1.705           1813        0.07        0.94   *CUCALLN_MF@22
 1342     0.03      414.985        0.134        1.690           1813        0.07        0.93    CUCALLN_MF@18
 1343     0.03      414.985        0.134        1.684           1813        0.07        0.93    CUCALLN_MF@19
 1344     0.03      414.985        0.134        1.703           1813        0.07        0.94    CUCALLN_MF@24
 1345     0.03      414.985        0.134        1.682           1813        0.07        0.93    CUCALLN_MF@20
 1346     0.03      414.985        0.134        1.699           1813        0.07        0.94    CUCALLN_MF@21
 1347     0.03      414.985        0.134        1.691           1813        0.07        0.93    CUCALLN_MF@17
 1348     0.03      414.985        0.134        0.135           2808        0.05        0.05    SGEMMX@3
 1349     0.03      414.985        0.133        1.698           1813        0.07        0.94    CUCALLN_MF@23
 1350     0.03      414.985        0.133        1.708           1813        0.07        0.94    CUCALLN_MF@16
 1351     0.03      414.985        0.133        1.612           1776        0.07        0.91    CUCALLN_MF@32
 1352     0.03      414.985        0.133        1.654           1813        0.07        0.91    CUCALLN_MF@9
 1353     0.03      414.985        0.133        1.606           1813        0.07        0.89    CUCALLN_MF@5
 1354     0.03      414.985        0.132        1.665           1776        0.07        0.94    CUCALLN_MF@26
 1355     0.03      414.985        0.132        1.552           1813        0.07        0.86    CUCALLN_MF@3
 1356     0.03      414.985        0.132        1.647           1813        0.07        0.91    CUCALLN_MF@7
 1357     0.03      414.985        0.132        1.718           1813        0.07        0.95    CUCALLN_MF@13
 1358     0.03      414.985        0.132        1.613           1813        0.07        0.89    CUCALLN_MF@6
 1359     0.03      414.985        0.132        1.671           1813        0.07        0.92    CUCALLN_MF@10
 1360     0.03      414.985        0.132        1.649           1813        0.07        0.91    CUCALLN_MF@8
 1361     0.03      414.985        0.132        1.583           1813        0.07        0.87    CUCALLN_MF@4
 1362     0.03      414.985        0.132        1.662           1776        0.07        0.94    CUCALLN_MF@27
 1363     0.03      414.985        0.132        1.710           1813        0.07        0.94    CUCALLN_MF@12
 1364     0.03      414.985        0.132        1.720           1813        0.07        0.95    CUCALLN_MF@14
 1365     0.03      414.985        0.132        1.518           1813        0.07        0.84    CUCALLN_MF@2
 1366     0.03      414.985        0.131        1.663           1776        0.07        0.94    CUCALLN_MF@25
 1367     0.03      414.985        0.131        1.714           1813        0.07        0.95    CUCALLN_MF@15
 1368     0.03      414.985        0.131        1.562           1813        0.07        0.86    CUCALLN_MF@1
 1369     0.03      414.985        0.131        1.630           1776        0.07        0.92    CUCALLN_MF@31
 1370     0.03      414.985        0.131        1.668           1776        0.07        0.94    CUCALLN_MF@28
 1371     0.03      414.985        0.131        1.690           1813        0.07        0.93    CUCALLN_MF@11
 1372     0.03      414.985        0.131        0.867           1813        0.07        0.48    ACTKE@23
 1373     0.03      415.115        0.130        0.326             37        3.51        8.80    APL_ARPEGE_PARALLEL:ACDRME:COMPUTE@1
 1374     0.03      415.115        0.130        0.865           1813        0.07        0.48    ACTKE@24
 1375     0.03      415.115        0.129        0.854           1776        0.07        0.48    ACTKE@27
 1376     0.03      415.115        0.129        1.618           1776        0.07        0.91    CUCALLN_MF@30
 1377     0.03      415.115        0.129        1.627           1776        0.07        0.92    CUCALLN_MF@29
 1378     0.03      415.115        0.129        0.864           1813        0.07        0.48    ACTKE@22
 1379     0.03      415.243        0.128        0.129           1813        0.07        0.07   *CUFLXN@24
 1380     0.03      415.243        0.128        0.850           1776        0.07        0.48    ACTKE@28
 1381     0.03      415.243        0.128        0.129           1813        0.07        0.07    CUFLXN@13
 1382     0.03      415.372        0.128        0.128            222        0.58        0.58    GPINISLB_PART2_EXPL_PARALLEL:0:COMPUTE@1
 1383     0.03      415.372        0.128        0.129           1813        0.07        0.07    CUFLXN@21
 1384     0.03      415.372        0.128        0.129           1813        0.07        0.07    CUFLXN@14
 1385     0.03      415.372        0.128        0.855           1776        0.07        0.48    ACTKE@31
 1386     0.03      415.372        0.127        0.128           1813        0.07        0.07    CUFLXN@12
 1387     0.03      415.372        0.127        0.128           1813        0.07        0.07    CUFLXN@23
 1388     0.03      415.498        0.127        0.130          10920        0.01        0.01    radiation_gas:allocate_gas_CPU@1
 1389     0.03      415.498        0.127        0.128           1813        0.07        0.07    CUFLXN@22
 1390     0.03      415.498        0.127        0.846           1776        0.07        0.48    ACTKE@25
 1391     0.03      415.498        0.126        0.847           1776        0.07        0.48    ACTKE@32
 1392     0.03      415.625        0.126        0.129          10920        0.01        0.01    radiation_cloud:set_overlap_param_var_CPU@1
 1393     0.03      415.625        0.126        0.127           1813        0.07        0.07    CUFLXN@15
 1394     0.03      415.625        0.126        0.127           1813        0.07        0.07    CUFLXN@16
 1395     0.03      415.625        0.126        0.862           1813        0.07        0.48    ACTKE@18
 1396     0.03      415.625        0.126        0.849           1776        0.07        0.48    ACTKE@30
 1397     0.03      415.625        0.126        0.861           1813        0.07        0.47    ACTKE@21
 1398     0.03      415.625        0.126        0.127           1813        0.07        0.07    CUFLXN@17
 1399     0.03      415.625        0.126        0.127           1813        0.07        0.07    CUFLXN@11
 1400     0.03      415.750        0.125        0.373           1813        0.07        0.21   *GPCTY_EXPL@16
 1401     0.03      415.750        0.125        0.126           1813        0.07        0.07    CUFLXN@20
 1402     0.03      415.750        0.125        0.126           1813        0.07        0.07    CUFLXN@19
 1403     0.03      415.750        0.125        0.373           1813        0.07        0.21    GPCTY_EXPL@13
 1404     0.03      415.750        0.125        0.372           1813        0.07        0.20    GPCTY_EXPL@15
 1405     0.03      415.750        0.125        0.372           1813        0.07        0.21    GPCTY_EXPL@12
 1406     0.03      415.750        0.125        0.126           1776        0.07        0.07    CUFLXN@29
 1407     0.03      415.750        0.125        0.126           1813        0.07        0.07    CUFLXN@18
 1408     0.03      415.750        0.125        0.126           1776        0.07        0.07    CUFLXN@25
 1409     0.03      415.750        0.125        0.371           1813        0.07        0.20    GPCTY_EXPL@14
 1410     0.03      415.750        0.125        0.371           1813        0.07        0.20    GPCTY_EXPL@11
 1411     0.03      415.750        0.125        0.125           1776        0.07        0.07    CUFLXN@30
 1412     0.03      415.750        0.124        0.861           1813        0.07        0.48    ACTKE@17
 1413     0.03      415.750        0.124        0.372           1813        0.07        0.21    GPCTY_EXPL@9
 1414     0.03      415.750        0.124        0.371           1813        0.07        0.20    GPCTY_EXPL@5
 1415     0.03      415.750        0.124        0.372           1813        0.07        0.21    GPCTY_EXPL@10
 1416     0.03      415.750        0.124        0.372           1813        0.07        0.21    GPCTY_EXPL@6
 1417     0.03      415.750        0.124        0.125           1776        0.07        0.07    CUFLXN@31
 1418     0.03      415.750        0.124        0.372           1813        0.07        0.21    GPCTY_EXPL@8
 1419     0.03      415.750        0.124        0.125           1776        0.07        0.07    CUFLXN@26
 1420     0.03      415.750        0.124        0.125           1776        0.07        0.07    CUFLXN@28
 1421     0.03      415.750        0.124        0.371           1813        0.07        0.20    GPCTY_EXPL@7
 1422     0.03      415.750        0.124        0.846           1776        0.07        0.48    ACTKE@29
 1423     0.03      415.750        0.124        0.124           1813        0.07        0.07    CUFLXN@1
 1424     0.03      415.750        0.123        0.862           1813        0.07        0.48    ACTKE@19
 1425     0.03      415.750        0.123        0.124           1776        0.07        0.07    CUFLXN@27
 1426     0.03      415.750        0.123        0.859           1813        0.07        0.47    ACTKE@20
 1427     0.03      415.750        0.123        0.367           1813        0.07        0.20    GPCTY_EXPL@3
 1428     0.03      415.750        0.123        0.368           1813        0.07        0.20    GPCTY_EXPL@1
 1429     0.03      415.750        0.123        0.367           1813        0.07        0.20    GPCTY_EXPL@4
 1430     0.03      415.750        0.123        0.367           1813        0.07        0.20    GPCTY_EXPL@2
 1431     0.03      415.750        0.122        0.123           1813        0.07        0.07    CUFLXN@10
 1432     0.03      415.750        0.122        0.122           1776        0.07        0.07    CUFLXN@32
 1433     0.03      415.750        0.121        0.122           1813        0.07        0.07    CUFLXN@8
 1434     0.03      415.750        0.121        0.122           1813        0.07        0.07    CUFLXN@9
 1435     0.03      415.750        0.121        0.122           1813        0.07        0.07    CUFLXN@7
 1436     0.03      415.870        0.120        0.554             37        3.25       14.97    APL_ARPEGE_INIT_PARALLEL:1:COMPUTE@1
 1437     0.03      415.990        0.120        0.121           1813        0.07        0.07   *GP_TNDLAGADIAB_UV@3
 1438     0.03      415.990        0.120        0.121           1813        0.07        0.07    CUFLXN@4
 1439     0.03      415.990        0.120        0.121           1813        0.07        0.07    CUFLXN@2
 1440     0.03      415.990        0.119        0.362           1813        0.07        0.20    GPCTY_EXPL@23
 1441     0.03      415.990        0.119        0.120           1813        0.07        0.07    GP_TNDLAGADIAB_UV@5
 1442     0.03      415.990        0.119        0.120           1813        0.07        0.07    CUFLXN@5
 1443     0.03      415.990        0.119        0.120           1813        0.07        0.07    GP_TNDLAGADIAB_UV@4
 1444     0.03      415.990        0.119        0.120           1813        0.07        0.07    CUFLXN@3
 1445     0.03      415.990        0.119        0.120           1813        0.07        0.07    GP_TNDLAGADIAB_UV@7
 1446     0.03      415.990        0.119        0.362           1813        0.07        0.20    GPCTY_EXPL@22
 1447     0.03      415.990        0.119        0.120           1813        0.07        0.07    GP_TNDLAGADIAB_UV@6
 1448     0.03      415.990        0.119        0.361           1813        0.07        0.20    GPCTY_EXPL@21
 1449     0.03      415.990        0.119        0.120           1813        0.07        0.07    GP_TNDLAGADIAB_UV@9
 1450     0.03      415.990        0.119        0.120           1813        0.07        0.07    GP_TNDLAGADIAB_UV@2
 1451     0.03      415.990        0.119        0.120           1813        0.07        0.07    GP_TNDLAGADIAB_UV@15
 1452     0.03      415.990        0.119        0.120           1813        0.07        0.07    GP_TNDLAGADIAB_UV@8
 1453     0.03      415.990        0.119        0.120           1813        0.07        0.07    CUFLXN@6
 1454     0.03      415.990        0.119        0.119           1813        0.07        0.07    GP_TNDLAGADIAB_UV@13
 1455     0.03      415.990        0.118        0.119           1813        0.07        0.07    GP_TNDLAGADIAB_UV@1
 1456     0.03      415.990        0.118        0.119           1813        0.07        0.07    GP_TNDLAGADIAB_UV@16
 1457     0.03      415.990        0.118        0.360           1813        0.07        0.20    GPCTY_EXPL@19
 1458     0.03      415.990        0.118        0.361           1813        0.07        0.20    GPCTY_EXPL@24
 1459     0.03      415.990        0.118        0.119           1813        0.07        0.07    GP_TNDLAGADIAB_UV@14
 1460     0.03      415.990        0.118        0.360           1813        0.07        0.20    GPCTY_EXPL@17
 1461     0.03      415.990        0.118        0.360           1813        0.07        0.20    GPCTY_EXPL@18
 1462     0.03      415.990        0.118        0.361           1813        0.07        0.20    GPCTY_EXPL@20
 1463     0.03      415.990        0.118        0.119           1813        0.07        0.07    GP_TNDLAGADIAB_UV@12
 1464     0.03      415.990        0.118        0.119           1813        0.07        0.07    GP_TNDLAGADIAB_UV@11
 1465     0.03      415.990        0.118        0.119           1813        0.06        0.07    GP_TNDLAGADIAB_UV@10
 1466     0.03      415.990        0.117        0.356           1776        0.07        0.20    GPCTY_EXPL@25
 1467     0.03      415.990        0.117        0.356           1776        0.07        0.20    GPCTY_EXPL@29
 1468     0.03      415.990        0.117        0.355           1776        0.07        0.20    GPCTY_EXPL@28
 1469     0.03      415.990        0.117        0.352           1776        0.07        0.20    GPCTY_EXPL@32
 1470     0.03      415.990        0.117        0.118           1813        0.06        0.06    GP_TNDLAGADIAB_UV@20
 1471     0.03      415.990        0.117        0.354           1776        0.07        0.20    GPCTY_EXPL@31
 1472     0.03      415.990        0.116        0.354           1776        0.07        0.20    GPCTY_EXPL@27
 1473     0.03      415.990        0.116        0.355           1776        0.07        0.20    GPCTY_EXPL@26
 1474     0.03      415.990        0.116        0.117           1813        0.06        0.06    GP_TNDLAGADIAB_UV@21
 1475     0.03      415.990        0.116        0.354           1776        0.07        0.20    GPCTY_EXPL@30
 1476     0.03      416.106        0.116        0.382           1813        0.06        0.21   *ACNEBCOND@13
 1477     0.03      416.106        0.116        0.381           1813        0.06        0.21    ACNEBCOND@14
 1478     0.03      416.106        0.116        0.117           1813        0.06        0.06    GP_TNDLAGADIAB_UV@24
 1479     0.03      416.106        0.116        0.381           1813        0.06        0.21    ACNEBCOND@7
 1480     0.03      416.106        0.116        0.117           1813        0.06        0.06    GP_TNDLAGADIAB_UV@19
 1481     0.03      416.106        0.116        0.117           1813        0.06        0.06    GP_TNDLAGADIAB_UV@22
 1482     0.03      416.106        0.116        0.379           1813        0.06        0.21    ACNEBCOND@16
 1483     0.03      416.106        0.116        0.383           1813        0.06        0.21    ACNEBCOND@12
 1484     0.03      416.106        0.115        0.382           1813        0.06        0.21    ACNEBCOND@10
 1485     0.03      416.106        0.115        0.382           1813        0.06        0.21    ACNEBCOND@11
 1486     0.03      416.222        0.115        0.119          10920        0.01        0.01    radiation_flux:allocate_flux_type_CPU@1
 1487     0.03      416.222        0.115        0.380           1813        0.06        0.21    ACNEBCOND@8
 1488     0.03      416.222        0.115        0.116           1813        0.06        0.06    GP_TNDLAGADIAB_UV@18
 1489     0.03      416.222        0.115        0.116           1776        0.06        0.07    GP_TNDLAGADIAB_UV@28
 1490     0.03      416.222        0.115        0.116           1776        0.06        0.07    GP_TNDLAGADIAB_UV@32
 1491     0.03      416.222        0.115        0.116           1813        0.06        0.06    GP_TNDLAGADIAB_UV@23
 1492     0.03      416.222        0.115        0.379           1813        0.06        0.21    ACNEBCOND@6
 1493     0.03      416.222        0.115        0.382           1813        0.06        0.21    ACNEBCOND@9
 1494     0.03      416.336        0.115        0.115             74        1.55        1.55    GPMPFC_EXPL_PART2_PARALLEL:0:COMPUTE@1
 1495     0.03      416.336        0.115        0.380           1813        0.06        0.21    ACNEBCOND@15
 1496     0.03      416.336        0.115        0.116           1813        0.06        0.06    GP_TNDLAGADIAB_UV@17
 1497     0.03      416.336        0.115        0.116           1776        0.06        0.07    GP_TNDLAGADIAB_UV@27
 1498     0.03      416.336        0.115        0.378           1813        0.06        0.21    ACNEBCOND@4
 1499     0.03      416.336        0.114        0.115           1776        0.06        0.06    GP_TNDLAGADIAB_UV@31
 1500     0.03      416.336        0.114        0.115           1776        0.06        0.06    GP_TNDLAGADIAB_UV@25
 1501     0.03      416.336        0.114        0.115           1776        0.06        0.06    GP_TNDLAGADIAB_UV@26
 1502     0.03      416.336        0.114        0.374           1813        0.06        0.21    ACNEBCOND@3
 1503     0.03      416.336        0.114        0.377           1813        0.06        0.21    ACNEBCOND@1
 1504     0.03      416.336        0.114        0.379           1813        0.06        0.21    ACNEBCOND@5
 1505     0.03      416.336        0.114        0.374           1813        0.06        0.21    ACNEBCOND@2
 1506     0.03      416.336        0.113        0.114           1776        0.06        0.06    GP_TNDLAGADIAB_UV@29
 1507     0.03      416.449        0.113        0.117           9065        0.01        0.01   *MCOORDS@16
 1508     0.03      416.449        0.113        0.114           1776        0.06        0.06    GP_TNDLAGADIAB_UV@30
 1509     0.03      416.560        0.111        0.113           3626        0.03        0.03   *LACONE@12
 1510     0.03      416.560        0.111        0.112           3626        0.03        0.03    LACONE@11
 1511     0.03      416.560        0.110        0.115           9065        0.01        0.01    MCOORDS@9
 1512     0.03      416.560        0.110        0.112           3626        0.03        0.03    LACONE@9
 1513     0.03      416.560        0.110        0.115           9065        0.01        0.01    MCOORDS@10
 1514     0.03      416.670        0.110        0.113          10920        0.01        0.01    radiation_flux:deallocate_flux_type_CPU@1
 1515     0.03      416.670        0.110        0.112           3626        0.03        0.03    LACONE@5
 1516     0.03      416.670        0.110        0.112           3626        0.03        0.03    LACONE@10
 1517     0.03      416.670        0.110        0.112           3626        0.03        0.03    LACONE@13
 1518     0.03      416.670        0.110        0.112           3626        0.03        0.03    LACONE@16
 1519     0.03      416.670        0.110        0.111           3626        0.03        0.03    LACONE@3
 1520     0.03      416.670        0.110        0.111           3626        0.03        0.03    LACONE@6
 1521     0.03      416.670        0.110        0.111           3626        0.03        0.03    LACONE@15
 1522     0.03      416.670        0.110        0.111           3626        0.03        0.03    LACONE@4
 1523     0.03      416.670        0.110        0.111           3626        0.03        0.03    LACONE@8
 1524     0.03      416.670        0.110        0.111           3626        0.03        0.03    LACONE@1
 1525     0.03      416.670        0.110        0.111           3626        0.03        0.03    LACONE@7
 1526     0.03      416.670        0.110        0.114           9065        0.01        0.01    MCOORDS@11
 1527     0.03      416.670        0.109        0.111           3626        0.03        0.03    LACONE@14
 1528     0.03      416.670        0.109        0.113           9065        0.01        0.01    MCOORDS@4
 1529     0.03      416.670        0.109        0.110           3626        0.03        0.03    LACONE@2
 1530     0.03      416.779        0.109        0.216           2808        0.04        0.08    MXMAOP@1
 1531     0.03      416.779        0.109        0.113           9065        0.01        0.01    MCOORDS@8
 1532     0.03      416.779        0.108        0.112           9065        0.01        0.01    MCOORDS@1
 1533     0.03      416.887        0.108        0.115          20946        0.01        0.01   *VERINTS@1
 1534     0.03      416.887        0.108        0.112           9065        0.01        0.01    MCOORDS@7
 1535     0.03      416.887        0.107        0.111           9065        0.01        0.01    MCOORDS@3
 1536     0.03      416.995        0.107        0.109           3626        0.03        0.03   *VERDER@11
 1537     0.03      416.995        0.107        0.109           3626        0.03        0.03    VERDER@21
 1538     0.03      416.995        0.107        0.108           3626        0.03        0.03    VERDER@1
 1539     0.03      416.995        0.107        0.111           9065        0.01        0.01    MCOORDS@15
 1540     0.03      416.995        0.107        0.109           3626        0.03        0.03    VERDER@17
 1541     0.03      416.995        0.107        0.108           3626        0.03        0.03    VERDER@7
 1542     0.03      416.995        0.107        0.108           3626        0.03        0.03    VERDER@13
 1543     0.03      416.995        0.107        0.108           3626        0.03        0.03    VERDER@10
 1544     0.03      416.995        0.107        0.108           3626        0.03        0.03    VERDER@4
 1545     0.03      416.995        0.107        0.108           3626        0.03        0.03    VERDER@3
 1546     0.03      416.995        0.107        0.108           3626        0.03        0.03    VERDER@12
 1547     0.03      416.995        0.107        0.108           3626        0.03        0.03    VERDER@20
 1548     0.03      416.995        0.107        0.108           3626        0.03        0.03    VERDER@8
 1549     0.03      416.995        0.107        0.108           3626        0.03        0.03    VERDER@14
 1550     0.02      416.995        0.106        0.108           3626        0.03        0.03    VERDER@9
 1551     0.02      416.995        0.106        0.108           3626        0.03        0.03    VERDER@2
 1552     0.02      416.995        0.106        0.108           3626        0.03        0.03    VERDER@16
 1553     0.02      416.995        0.106        0.108           3626        0.03        0.03    VERDER@15
 1554     0.02      416.995        0.106        0.111           9065        0.01        0.01    MCOORDS@12
 1555     0.02      416.995        0.106        0.108           3626        0.03        0.03    VERDER@6
 1556     0.02      416.995        0.106        0.108           3626        0.03        0.03    VERDER@18
 1557     0.02      416.995        0.106        0.107           3626        0.03        0.03    VERDER@19
 1558     0.02      416.995        0.106        0.110           9065        0.01        0.01    MCOORDS@2
 1559     0.02      416.995        0.106        0.107           3626        0.03        0.03    VERDER@5
 1560     0.02      416.995        0.106        0.107           3626        0.03        0.03    VERDER@24
 1561     0.02      416.995        0.105        0.110           9065        0.01        0.01    MCOORDS@13
 1562     0.02      417.100        0.105        0.105             37        2.85        2.85    CPG_DIA_FLU_PARALLEL:2:COMPUTE@1
 1563     0.02      417.100        0.105        0.110           9065        0.01        0.01    MCOORDS@14
 1564     0.02      417.100        0.105        0.107           3626        0.03        0.03    VERDER@23
 1565     0.02      417.100        0.105        0.106           2808        0.04        0.04    SGEMMX@1
 1566     0.02      417.100        0.105        0.109           9065        0.01        0.01    MCOORDS@6
 1567     0.02      417.100        0.105        0.107           3626        0.03        0.03    VERDER@22
 1568     0.02      417.100        0.105        0.107           3552        0.03        0.03    VERDER@26
 1569     0.02      417.100        0.105        0.106           3552        0.03        0.03    VERDER@27
 1570     0.02      417.100        0.105        0.106           3552        0.03        0.03    VERDER@28
 1571     0.02      417.100        0.104        0.106           3552        0.03        0.03    VERDER@25
 1572     0.02      417.100        0.104        0.109           9065        0.01        0.01    MCOORDS@5
 1573     0.02      417.100        0.104        0.105           2664        0.04        0.04    SGEMMX@32
 1574     0.02      417.204        0.104        0.529             37        2.81       14.29    CPG_GP_HYD_PARALLEL:1:COMPUTE@1
 1575     0.02      417.204        0.104        0.105           3552        0.03        0.03    VERDER@30
 1576     0.02      417.204        0.104        0.105           3552        0.03        0.03    VERDER@29
 1577     0.02      417.204        0.103        0.105           3552        0.03        0.03    VERDER@31
 1578     0.02      417.204        0.103        0.104           3552        0.03        0.03    VERDER@32
 1579     0.02      417.306        0.102        2.750             37        2.76       74.33    APL_ARPEGE_SURFACE_PARALLEL:LMSE_F:COMPUTE@1
 1580     0.02      417.306        0.101        0.103           3626        0.03        0.03    LACONE@24
 1581     0.02      417.306        0.101        0.103           3626        0.03        0.03    LACONE@23
 1582     0.02      417.306        0.101        0.102           3626        0.03        0.03    LACONE@22
 1583     0.02      417.306        0.101        0.102           3626        0.03        0.03    LACONE@21
 1584     0.02      417.306        0.101        0.103           3626        0.03        0.03    LACONE@19
 1585     0.02      417.306        0.101        0.102           3626        0.03        0.03    LACONE@20
 1586     0.02      417.306        0.100        0.102           3626        0.03        0.03    LACONE@18
 1587     0.02      417.406        0.100        0.100            116        0.86        0.87    "lfilec_alts"@1:lfi_alts.c
 1588     0.02      417.406        0.100        0.102           3626        0.03        0.03    LACONE@17
 1589     0.02      417.506        0.100        0.100              6       16.64       16.64    GRIB_API:IGRIB_NEW_FROM_SAMPLES@1
 1590     0.02      417.506        0.100        0.102           3552        0.03        0.03    LACONE@28
 1591     0.02      417.506        0.100        0.102           3552        0.03        0.03    LACONE@27
 1592     0.02      417.606        0.100        0.100            185        0.54        0.54    GPRCP_EXPL_PARALLEL:2:COMPUTE@1
 1593     0.02      417.606        0.100        0.101           3552        0.03        0.03    LACONE@26
 1594     0.02      417.606        0.100        0.101           3552        0.03        0.03    LACONE@25
 1595     0.02      417.606        0.099        0.100           3552        0.03        0.03    LACONE@31
 1596     0.02      417.606        0.099        0.100           3552        0.03        0.03    LACONE@29
 1597     0.02      417.705        0.099        0.099             37        2.67        2.67    APL_ARPEGE_PARALLEL:ZRDG_LCVQ:COMPUTE@1
 1598     0.02      417.705        0.099        0.100           3552        0.03        0.03    LACONE@32
 1599     0.02      417.705        0.098        0.100           3552        0.03        0.03    LACONE@30
 1600     0.02      417.802        0.097        0.097             37        2.62        2.63    APL_ARPEGE_RADIATION_PARALLEL:LMSE_F:COMPUTE@1
 1601     0.02      417.899        0.097        0.097           1404        0.07        0.07    MXTURENEW@1
 1602     0.02      417.995        0.096        0.428             37        2.60       11.57    CPG_GP_HYD_PARALLEL:0:COMPUTE@1
 1603     0.02      417.995        0.095        0.100           9065        0.01        0.01    MCOORDS@23
 1604     0.02      417.995        0.095        0.100           9065        0.01        0.01    MCOORDS@22
 1605     0.02      417.995        0.095        0.099           8880        0.01        0.01    MCOORDS@32
 1606     0.02      417.995        0.094        0.098           8880        0.01        0.01    MCOORDS@30
 1607     0.02      417.995        0.094        0.098           9065        0.01        0.01    MCOORDS@20
 1608     0.02      418.088        0.093        0.187             20        4.66        9.33    GPNORM_TRANS_CTL@1
 1609     0.02      418.088        0.093        0.098           8880        0.01        0.01    MCOORDS@28
 1610     0.02      418.088        0.093        0.097           8880        0.01        0.01    MCOORDS@31
 1611     0.02      418.088        0.093        0.097           9065        0.01        0.01    MCOORDS@21
 1612     0.02      418.088        0.090        0.095           8880        0.01        0.01    MCOORDS@29
 1613     0.02      418.178        0.090        0.091           1813        0.05        0.05   *CUININ@16
 1614     0.02      418.178        0.090        0.091           1813        0.05        0.05    CUININ@5
 1615     0.02      418.178        0.090        0.091           1813        0.05        0.05    CUININ@15
 1616     0.02      418.178        0.090        0.091           1813        0.05        0.05    CUININ@7
 1617     0.02      418.178        0.090        0.091           1813        0.05        0.05    CUININ@8
 1618     0.02      418.178        0.090        0.091           1813        0.05        0.05    CUININ@9
 1619     0.02      418.178        0.090        0.091           1813        0.05        0.05    CUININ@6
 1620     0.02      418.268        0.090        0.090           1813        0.05        0.05   *GPGRXYB_EXPL@3
 1621     0.02      418.268        0.090        0.091           1813        0.05        0.05    CUININ@11
 1622     0.02      418.268        0.090        0.091           1813        0.05        0.05    CUININ@14
 1623     0.02      418.268        0.090        0.091           1813        0.05        0.05    CUININ@10
 1624     0.02      418.268        0.090        0.090           1813        0.05        0.05    CUININ@4
 1625     0.02      418.268        0.090        0.091           1813        0.05        0.05    CUININ@19
 1626     0.02      418.268        0.089        0.090           1813        0.05        0.05    CUININ@3
 1627     0.02      418.268        0.089        0.090           1813        0.05        0.05    CUININ@2
 1628     0.02      418.268        0.089        0.090           1813        0.05        0.05    GPGRXYB_EXPL@7
 1629     0.02      418.268        0.089        0.090           1813        0.05        0.05    CUININ@20
 1630     0.02      418.268        0.089        0.090           1813        0.05        0.05    CUININ@21
 1631     0.02      418.268        0.089        0.090           1813        0.05        0.05    CUININ@13
 1632     0.02      418.268        0.089        0.090           1813        0.05        0.05    CUININ@18
 1633     0.02      418.268        0.089        0.090           1813        0.05        0.05    CUININ@12
 1634     0.02      418.268        0.089        0.090           1813        0.05        0.05    CUININ@1
 1635     0.02      418.268        0.089        0.090           1813        0.05        0.05    CUININ@22
 1636     0.02      418.268        0.089        0.090           1813        0.05        0.05    CUININ@23
 1637     0.02      418.268        0.089        0.090           1813        0.05        0.05    CUININ@17
 1638     0.02      418.268        0.089        0.090           1813        0.05        0.05    CUININ@24
 1639     0.02      418.268        0.089        0.090           1813        0.05        0.05    GPGRXYB_EXPL@11
 1640     0.02      418.268        0.089        0.093           8880        0.01        0.01    MCOORDS@27
 1641     0.02      418.268        0.089        0.090           1813        0.05        0.05    GPGRXYB_EXPL@6
 1642     0.02      418.357        0.088        0.864           1776        0.05        0.49   *ACPLUIZ@30
 1643     0.02      418.357        0.088        0.089           1813        0.05        0.05    GPGRXYB_EXPL@8
 1644     0.02      418.357        0.088        0.089           1813        0.05        0.05    GPGRXYB_EXPL@10
 1645     0.02      418.357        0.088        0.089           1813        0.05        0.05    GPGRXYB_EXPL@13
 1646     0.02      418.357        0.088        0.089           1813        0.05        0.05    GPGRXYB_EXPL@4
 1647     0.02      418.357        0.088        0.885           1813        0.05        0.49    ACPLUIZ@19
 1648     0.02      418.357        0.088        0.089           1776        0.05        0.05    CUININ@27
 1649     0.02      418.357        0.088        0.089           1813        0.05        0.05    GPGRXYB_EXPL@14
 1650     0.02      418.357        0.088        0.882           1813        0.05        0.49    ACPLUIZ@24
 1651     0.02      418.357        0.088        0.089           1813        0.05        0.05    GPGRXYB_EXPL@2
 1652     0.02      418.357        0.088        0.089           1776        0.05        0.05    CUININ@25
 1653     0.02      418.357        0.088        0.093           8880        0.01        0.01    MCOORDS@25
 1654     0.02      418.357        0.088        0.089           1813        0.05        0.05    GPGRXYB_EXPL@15
 1655     0.02      418.357        0.088        0.089           1776        0.05        0.05    CUININ@28
 1656     0.02      418.357        0.088        0.088           1813        0.05        0.05    GPGRXYB_EXPL@5
 1657     0.02      418.357        0.088        0.089           1776        0.05        0.05    CUININ@26
 1658     0.02      418.357        0.088        0.089           1813        0.05        0.05    GPGRXYB_EXPL@16
 1659     0.02      418.357        0.088        0.093           9065        0.01        0.01    MCOORDS@19
 1660     0.02      418.357        0.087        0.863           1776        0.05        0.49    ACPLUIZ@32
 1661     0.02      418.357        0.087        0.867           1776        0.05        0.49    ACPLUIZ@25
 1662     0.02      418.357        0.087        0.088           1813        0.05        0.05    GPGRXYB_EXPL@12
 1663     0.02      418.357        0.087        0.088           1813        0.05        0.05    GPGRXYB_EXPL@9
 1664     0.02      418.357        0.087        0.088           1776        0.05        0.05    CUININ@32
 1665     0.02      418.357        0.087        0.883           1813        0.05        0.49    ACPLUIZ@21
 1666     0.02      418.357        0.087        0.885           1813        0.05        0.49    ACPLUIZ@20
 1667     0.02      418.357        0.087        0.088           1776        0.05        0.05    CUININ@30
 1668     0.02      418.357        0.087        0.092           9065        0.01        0.01    MCOORDS@24
 1669     0.02      418.357        0.087        0.088           1776        0.05        0.05    CUININ@29
 1670     0.02      418.357        0.087        0.088           1776        0.05        0.05    CUININ@31
 1671     0.02      418.443        0.087        0.090          10920        0.01        0.01    SRTM_TAUMOL26_CPU@1
 1672     0.02      418.443        0.087        0.881           1813        0.05        0.49    ACPLUIZ@23
 1673     0.02      418.443        0.087        0.092           9065        0.01        0.01    MCOORDS@17
 1674     0.02      418.530        0.087        0.087             37        2.34        2.34    GPTF1_YDVARS_PARALLEL:LTWOTL:COMPUTE@1
 1675     0.02      418.530        0.087        0.087           1813        0.05        0.05    GPGRXYB_EXPL@1
 1676     0.02      418.530        0.087        0.866           1776        0.05        0.49    ACPLUIZ@27
 1677     0.02      418.530        0.086        0.884           1813        0.05        0.49    ACPLUIZ@22
 1678     0.02      418.530        0.086        0.091           8880        0.01        0.01    MCOORDS@26
 1679     0.02      418.530        0.086        0.860           1776        0.05        0.48    ACPLUIZ@29
 1680     0.02      418.530        0.086        0.887           1813        0.05        0.49    ACPLUIZ@17
 1681     0.02      418.530        0.086        0.086           1813        0.05        0.05    GPGRXYB_EXPL@17
 1682     0.02      418.530        0.085        0.862           1776        0.05        0.49    ACPLUIZ@28
 1683     0.02      418.530        0.085        0.886           1813        0.05        0.49    ACPLUIZ@18
 1684     0.02      418.530        0.085        0.090           9065        0.01        0.01    MCOORDS@18
 1685     0.02      418.530        0.085        0.863           1776        0.05        0.49    ACPLUIZ@31
 1686     0.02      418.530        0.085        0.861           1776        0.05        0.49    ACPLUIZ@26
 1687     0.02      418.530        0.085        0.086           1813        0.05        0.05    GPGRXYB_EXPL@20
 1688     0.02      418.530        0.085        0.086           1813        0.05        0.05    GPGRXYB_EXPL@19
 1689     0.02      418.530        0.085        0.085           1813        0.05        0.05    GPGRXYB_EXPL@21
 1690     0.02      418.615        0.085        0.085            144        0.59        0.59    EXCHANGE_MS:MESSAGE_S@1
 1691     0.02      418.699        0.085        0.086           1813        0.05        0.05   *LASCAW_CLA@16
 1692     0.02      418.699        0.084        0.085           1776        0.05        0.05    GPGRXYB_EXPL@25
 1693     0.02      418.699        0.084        0.085           1813        0.05        0.05    GPGRXYB_EXPL@23
 1694     0.02      418.784        0.084        0.370           1813        0.05        0.20   *GPGRGEO_EXPL@8
 1695     0.02      418.784        0.084        0.085           1813        0.05        0.05    LASCAW_CLA@1
 1696     0.02      418.784        0.084        0.085           1813        0.05        0.05    LASCAW_CLA@12
 1697     0.02      418.868        0.084        0.101          58024        0.00        0.00    CONVECT_CLOSURE_ADJUST_SHAL@1
 1698     0.02      418.868        0.084        0.368           1813        0.05        0.20    GPGRGEO_EXPL@13
 1699     0.02      418.868        0.084        0.085           1776        0.05        0.05    GPGRXYB_EXPL@26
 1700     0.02      418.868        0.084        0.370           1813        0.05        0.20    GPGRGEO_EXPL@9
 1701     0.02      418.868        0.084        0.370           1813        0.05        0.20    GPGRGEO_EXPL@12
 1702     0.02      418.868        0.084        0.085           1813        0.05        0.05    GPGRXYB_EXPL@18
 1703     0.02      418.868        0.084        0.370           1813        0.05        0.20    GPGRGEO_EXPL@7
 1704     0.02      418.868        0.084        0.370           1813        0.05        0.20    GPGRGEO_EXPL@10
 1705     0.02      418.951        0.084        0.085           1813        0.05        0.05   *ACCLPH@9
 1706     0.02      418.951        0.084        0.085           1813        0.05        0.05    LASCAW_CLA@7
 1707     0.02      418.951        0.084        0.085           1813        0.05        0.05    LASCAW_CLA@4
 1708     0.02      418.951        0.084        0.085           1813        0.05        0.05    LASCAW_CLA@10
 1709     0.02      418.951        0.084        0.085           1813        0.05        0.05    LASCAW_CLA@9
 1710     0.02      418.951        0.084        0.085           1813        0.05        0.05    LASCAW_CLA@11
 1711     0.02      418.951        0.084        0.372           1813        0.05        0.21    GPGRGEO_EXPL@11
 1712     0.02      418.951        0.084        0.085           1813        0.05        0.05    LASCAW_CLA@15
 1713     0.02      418.951        0.084        0.084           1813        0.05        0.05    ACCLPH@11
 1714     0.02      418.951        0.084        0.084           1813        0.05        0.05    LASCAW_CLA@14
 1715     0.02      418.951        0.084        0.085           1813        0.05        0.05    LASCAW_CLA@6
 1716     0.02      418.951        0.084        0.368           1813        0.05        0.20    GPGRGEO_EXPL@1
 1717     0.02      418.951        0.084        0.084           1813        0.05        0.05    GPGRXYB_EXPL@24
 1718     0.02      418.951        0.083        0.368           1813        0.05        0.20    GPGRGEO_EXPL@4
 1719     0.02      418.951        0.083        0.084           1813        0.05        0.05    LASCAW_CLA@3
 1720     0.02      418.951        0.083        0.084           1813        0.05        0.05    GPGRXYB_EXPL@22
 1721     0.02      418.951        0.083        0.084           1776        0.05        0.05    GPGRXYB_EXPL@28
 1722     0.02      418.951        0.083        0.367           1813        0.05        0.20    GPGRGEO_EXPL@14
 1723     0.02      418.951        0.083        0.084           1813        0.05        0.05    ACCLPH@16
 1724     0.02      418.951        0.083        0.084           1813        0.05        0.05    ACCLPH@12
 1725     0.02      418.951        0.083        0.084           1813        0.05        0.05    LASCAW_CLA@13
 1726     0.02      418.951        0.083        0.367           1813        0.05        0.20    GPGRGEO_EXPL@15
 1727     0.02      419.034        0.083        2.029           1404        0.06        1.45    SIGAM_GP_OPENMP@1
 1728     0.02      419.034        0.083        0.084           1813        0.05        0.05    LASCAW_CLA@5
 1729     0.02      419.034        0.083        0.084           1813        0.05        0.05    ACCLPH@15
 1730     0.02      419.034        0.083        0.084           1813        0.05        0.05    ACCLPH@14
 1731     0.02      419.034        0.083        0.084           1813        0.05        0.05    ACCLPH@10
 1732     0.02      419.034        0.083        0.366           1813        0.05        0.20    GPGRGEO_EXPL@2
 1733     0.02      419.034        0.083        0.083           1813        0.05        0.05    ACCLPH@13
 1734     0.02      419.034        0.083        0.083           1776        0.05        0.05    GPGRXYB_EXPL@29
 1735     0.02      419.034        0.083        0.083           1813        0.05        0.05    ACCLPH@7
 1736     0.02      419.034        0.083        0.368           1813        0.05        0.20    GPGRGEO_EXPL@16
 1737     0.02      419.034        0.082        0.083           1776        0.05        0.05    GPGRXYB_EXPL@30
 1738     0.02      419.034        0.082        0.368           1813        0.05        0.20    GPGRGEO_EXPL@6
 1739     0.02      419.034        0.082        0.083           1776        0.05        0.05    GPGRXYB_EXPL@32
 1740     0.02      419.034        0.082        0.083           1813        0.05        0.05    ACCLPH@8
 1741     0.02      419.034        0.082        0.083           1813        0.05        0.05    ACCLPH@5
 1742     0.02      419.034        0.082        0.859           1813        0.05        0.47    ACPLUIZ@6
 1743     0.02      419.034        0.082        0.083           1776        0.05        0.05    GPGRXYB_EXPL@27
 1744     0.02      419.034        0.082        0.083           1813        0.05        0.05    ACCLPH@3
 1745     0.02      419.034        0.082        0.083           1776        0.05        0.05    GPGRXYB_EXPL@31
 1746     0.02      419.034        0.082        0.083           1813        0.05        0.05    LASCAW_CLA@8
 1747     0.02      419.034        0.082        0.083           1813        0.05        0.05    ACCLPH@2
 1748     0.02      419.034        0.082        0.083           1813        0.05        0.05    ACCLPH@1
 1749     0.02      419.034        0.082        0.366           1813        0.05        0.20    GPGRGEO_EXPL@5
 1750     0.02      419.034        0.082        0.301           1776        0.05        0.17    ACNEBCOND@28
 1751     0.02      419.034        0.082        0.083           1813        0.05        0.05    ACCLPH@4
 1752     0.02      419.034        0.082        0.365           1813        0.05        0.20    GPGRGEO_EXPL@3
 1753     0.02      419.034        0.082        0.083           1813        0.05        0.05    ACCLPH@6
 1754     0.02      419.034        0.082        0.083           1813        0.05        0.05    LASCAW_CLA@2
 1755     0.02      419.116        0.082        0.097             37        2.20        2.62    APL_ARPEGE_SURFACE_UPDATE_PARALLEL:LMSE_F:COMPUTE@1
 1756     0.02      419.116        0.081        0.854           1813        0.04        0.47    ACPLUIZ@5
 1757     0.02      419.116        0.081        0.301           1776        0.05        0.17    ACNEBCOND@27
 1758     0.02      419.116        0.081        0.857           1813        0.04        0.47    ACPLUIZ@8
 1759     0.02      419.116        0.081        0.299           1776        0.05        0.17    ACNEBCOND@31
 1760     0.02      419.116        0.081        0.860           1813        0.04        0.47    ACPLUIZ@15
 1761     0.02      419.116        0.081        0.304           1813        0.04        0.17    ACNEBCOND@22
 1762     0.02      419.116        0.081        0.854           1813        0.04        0.47    ACPLUIZ@7
 1763     0.02      419.116        0.081        0.298           1776        0.05        0.17    ACNEBCOND@32
 1764     0.02      419.116        0.081        0.854           1813        0.04        0.47    ACPLUIZ@14
 1765     0.02      419.116        0.081        0.301           1776        0.05        0.17    ACNEBCOND@25
 1766     0.02      419.116        0.081        0.861           1813        0.04        0.48    ACPLUIZ@16
 1767     0.02      419.116        0.081        0.304           1813        0.04        0.17    ACNEBCOND@24
 1768     0.02      419.197        0.081        0.081            430        0.19        0.19   *MXTURHDMULTNEW@28
 1769     0.02      419.197        0.081        0.858           1813        0.04        0.47    ACPLUIZ@11
 1770     0.02      419.197        0.081        0.304           1813        0.04        0.17    ACNEBCOND@17
 1771     0.02      419.197        0.080        0.303           1813        0.04        0.17    ACNEBCOND@19
 1772     0.02      419.197        0.080        0.298           1776        0.05        0.17    ACNEBCOND@30
 1773     0.02      419.197        0.080        0.858           1813        0.04        0.47    ACPLUIZ@10
 1774     0.02      419.197        0.080        0.858           1813        0.04        0.47    ACPLUIZ@12
 1775     0.02      419.197        0.080        0.858           1813        0.04        0.47    ACPLUIZ@9
 1776     0.02      419.197        0.080        0.081            426        0.19        0.19    MXTURHDMULTNEW@27
 1777     0.02      419.197        0.080        0.299           1776        0.05        0.17    ACNEBCOND@29
 1778     0.02      419.197        0.080        0.303           1813        0.04        0.17    ACNEBCOND@23
 1779     0.02      419.197        0.080        0.080            420        0.19        0.19    MXTURHDMULTNEW@26
 1780     0.02      419.197        0.080        0.853           1813        0.04        0.47    ACPLUIZ@13
 1781     0.02      419.277        0.080      385.693             37        2.16    10424.13    STEPO@1
 1782     0.02      419.277        0.080        0.303           1813        0.04        0.17    ACNEBCOND@20
 1783     0.02      419.277        0.080        0.302           1813        0.04        0.17    ACNEBCOND@18
 1784     0.02      419.356        0.080        0.081           3626        0.02        0.02   *ACCLDIA@6
 1785     0.02      419.356        0.079        0.081           3626        0.02        0.02    ACCLDIA@15
 1786     0.02      419.356        0.079        0.302           1813        0.04        0.17    ACNEBCOND@21
 1787     0.02      419.356        0.079        0.363           1813        0.04        0.20    GPGRGEO_EXPL@24
 1788     0.02      419.356        0.079        0.298           1776        0.04        0.17    ACNEBCOND@26
 1789     0.02      419.356        0.079        0.848           1813        0.04        0.47    ACPLUIZ@1
 1790     0.02      419.356        0.079        0.363           1813        0.04        0.20    GPGRGEO_EXPL@22
 1791     0.02      419.356        0.079        0.362           1813        0.04        0.20    GPGRGEO_EXPL@21
 1792     0.02      419.356        0.079        0.841           1813        0.04        0.46    ACPLUIZ@3
 1793     0.02      419.356        0.078        0.842           1813        0.04        0.46    ACPLUIZ@2
 1794     0.02      419.356        0.078        0.361           1813        0.04        0.20    GPGRGEO_EXPL@18
 1795     0.02      419.356        0.078        0.080           3626        0.02        0.02    ACCLDIA@12
 1796     0.02      419.356        0.078        0.362           1813        0.04        0.20    GPGRGEO_EXPL@20
 1797     0.02      419.356        0.078        0.362           1813        0.04        0.20    GPGRGEO_EXPL@17
 1798     0.02      419.356        0.078        0.363           1813        0.04        0.20    GPGRGEO_EXPL@23
 1799     0.02      419.356        0.078        0.842           1813        0.04        0.46    ACPLUIZ@4
 1800     0.02      419.356        0.078        0.080           3626        0.02        0.02    ACCLDIA@8
 1801     0.02      419.356        0.078        0.362           1813        0.04        0.20    GPGRGEO_EXPL@19
 1802     0.02      419.356        0.078        0.080           3626        0.02        0.02    ACCLDIA@10
 1803     0.02      419.356        0.078        0.080           3626        0.02        0.02    ACCLDIA@7
 1804     0.02      419.356        0.078        0.080           3626        0.02        0.02    ACCLDIA@11
 1805     0.02      419.356        0.078        0.080           3626        0.02        0.02    ACCLDIA@16
 1806     0.02      419.356        0.078        0.079           3626        0.02        0.02    ACCLDIA@3
 1807     0.02      419.356        0.078        0.080           3626        0.02        0.02    ACCLDIA@9
 1808     0.02      419.434        0.078        0.079           3300        0.02        0.02    CREATE_TEMPORARIES@1
 1809     0.02      419.434        0.078        0.357           1776        0.04        0.20    GPGRGEO_EXPL@28
 1810     0.02      419.434        0.077        0.079           3626        0.02        0.02    ACCLDIA@4
 1811     0.02      419.434        0.077        0.355           1776        0.04        0.20    GPGRGEO_EXPL@31
 1812     0.02      419.434        0.077        0.358           1776        0.04        0.20    GPGRGEO_EXPL@27
 1813     0.02      419.434        0.077        0.079           3626        0.02        0.02    ACCLDIA@14
 1814     0.02      419.434        0.077        0.079           3626        0.02        0.02    ACCLDIA@1
 1815     0.02      419.434        0.077        0.079           3626        0.02        0.02    ACCLDIA@13
 1816     0.02      419.434        0.077        0.357           1776        0.04        0.20    GPGRGEO_EXPL@25
 1817     0.02      419.434        0.077        0.353           1776        0.04        0.20    GPGRGEO_EXPL@29
 1818     0.02      419.434        0.077        0.079           3626        0.02        0.02    ACCLDIA@5
 1819     0.02      419.434        0.077        0.077            412        0.19        0.19    MXTURHDMULTNEW@25
 1820     0.02      419.511        0.077        0.077            185        0.42        0.42    ACCTND0_PARALLEL:PACC:COMPUTE@1
 1821     0.02      419.511        0.077        0.078           1813        0.04        0.04    LASCAW_CLA@24
 1822     0.02      419.511        0.077        0.077            222        0.35        0.35    MXTURHDMULTNEW@10
 1823     0.02      419.511        0.077        0.356           1776        0.04        0.20    GPGRGEO_EXPL@26
 1824     0.02      419.511        0.077        0.078           1813        0.04        0.04    LASCAW_CLA@22
 1825     0.02      419.511        0.077        0.355           1776        0.04        0.20    GPGRGEO_EXPL@30
 1826     0.02      419.511        0.077        0.078           3626        0.02        0.02    ACCLDIA@2
 1827     0.02      419.511        0.077        0.351           1776        0.04        0.20    GPGRGEO_EXPL@32
 1828     0.02      419.511        0.076        0.077            218        0.35        0.35    MXTURHDMULTNEW@9
 1829     0.02      419.511        0.076        0.076            352        0.22        0.22    MXTURHDMULTNEW@20
 1830     0.02      419.511        0.076        0.077           1813        0.04        0.04    LASCAW_CLA@21
 1831     0.02      419.511        0.076        0.076           1813        0.04        0.04    ACCLPH@21
 1832     0.02      419.511        0.076        0.076            354        0.21        0.21    MXTURHDMULTNEW@21
 1833     0.02      419.511        0.075        0.077           1813        0.04        0.04    LASCAW_CLA@23
 1834     0.02      419.511        0.075        0.076           1813        0.04        0.04    ACCLPH@22
 1835     0.02      419.511        0.075        0.076           1776        0.04        0.04    ACCLPH@31
 1836     0.02      419.511        0.075        0.076           1776        0.04        0.04    LASCAW_CLA@32
 1837     0.02      419.511        0.075        0.076           1813        0.04        0.04    ACCLPH@23
 1838     0.02      419.511        0.075        0.076           1776        0.04        0.04    ACCLPH@27
 1839     0.02      419.511        0.075        0.075            210        0.36        0.36    MXTURHDMULTNEW@8
 1840     0.02      419.511        0.075        0.076           1813        0.04        0.04    ACCLPH@17
 1841     0.02      419.511        0.075        0.076           1813        0.04        0.04    ACCLPH@18
 1842     0.02      419.511        0.075        0.075            342        0.22        0.22    MXTURHDMULTNEW@18
 1843     0.02      419.511        0.075        0.076           1776        0.04        0.04    LASCAW_CLA@27
 1844     0.02      419.511        0.075        0.076           1776        0.04        0.04    LASCAW_CLA@29
 1845     0.02      419.511        0.075        0.076           1813        0.04        0.04    ACCLPH@20
 1846     0.02      419.511        0.075        0.076           1776        0.04        0.04    ACCLPH@26
 1847     0.02      419.511        0.075        0.076           1813        0.04        0.04    ACCLPH@24
 1848     0.02      419.511        0.075        0.075           1776        0.04        0.04    ACCLPH@28
 1849     0.02      419.585        0.075        0.075             37        2.02        2.02    APL_ARPEGE_PARALLEL:ZDE2MR:COMPUTE@1
 1850     0.02      419.585        0.075        0.075           1776        0.04        0.04    ACCLPH@25
 1851     0.02      419.585        0.075        0.075            224        0.33        0.33    MXTURHDMULTNEW@11
 1852     0.02      419.585        0.074        0.075            350        0.21        0.21    MXTURHDMULTNEW@19
 1853     0.02      419.585        0.074        0.075           1813        0.04        0.04    ACCLPH@19
 1854     0.02      419.585        0.074        0.076           1776        0.04        0.04    LASCAW_CLA@31
 1855     0.02      419.585        0.074        0.076           1776        0.04        0.04    LASCAW_CLA@26
 1856     0.02      419.585        0.074        0.075           1776        0.04        0.04    ACCLPH@30
 1857     0.02      419.585        0.074        0.075           1776        0.04        0.04    ACCLPH@29
 1858     0.02      419.585        0.074        0.075           1776        0.04        0.04    ACCLPH@32
 1859     0.02      419.585        0.074        0.074            342        0.22        0.22    MXTURHDMULTNEW@17
 1860     0.02      419.585        0.074        0.075           1776        0.04        0.04    LASCAW_CLA@30
 1861     0.02      419.585        0.073        0.074           1776        0.04        0.04    LASCAW_CLA@25
 1862     0.02      419.585        0.073        0.073            192        0.38        0.38    MXTURHDMULTNEW@6
 1863     0.02      419.585        0.073        0.073            196        0.37        0.37    MXTURHDMULTNEW@7
 1864     0.02      419.585        0.073        0.074           1776        0.04        0.04    LASCAW_CLA@28
 1865     0.02      419.658        0.072        0.072             37        1.96        1.96    MF_PHYS_MOCON_PARALLEL:PPWETPOINT:COMPUTE@1
 1866     0.02      419.658        0.072        0.073           1813        0.04        0.04    LASCAW_CLA@18
 1867     0.02      419.658        0.072        0.073           1813        0.04        0.04    LASCAW_CLA@20
 1868     0.02      419.658        0.072        0.073           1813        0.04        0.04    LASCAW_CLA@19
 1869     0.02      419.658        0.071        0.072            190        0.38        0.38    MXTURHDMULTNEW@4
 1870     0.02      419.658        0.071        0.072            360        0.20        0.20    MXTURHDMULTNEW@24
 1871     0.02      419.658        0.071        0.072            428        0.17        0.17    MXTURHDMULTNEW@29
 1872     0.02      419.658        0.071        0.071            186        0.38        0.38    MXTURHDMULTNEW@3
 1873     0.02      419.658        0.071        0.072            288        0.25        0.25    MXTURHDMULTNEW@16
 1874     0.02      419.658        0.071        0.071            172        0.41        0.41    MXTURHDMULTNEW@2
 1875     0.02      419.658        0.071        0.071            358        0.20        0.20    MXTURHDMULTNEW@23
 1876     0.02      419.729        0.071        0.072           3626        0.02        0.02   *DPRECIPS@16
 1877     0.02      419.729        0.071        0.072           1813        0.04        0.04    LASCAW_CLA@17
 1878     0.02      419.729        0.070        0.071            172        0.41        0.41    MXTURHDMULTNEW@5
 1879     0.02      419.729        0.070        0.070            282        0.25        0.25    MXTURHDMULTNEW@14
 1880     0.02      419.729        0.070        0.070            290        0.24        0.24    MXTURHDMULTNEW@15
 1881     0.02      419.798        0.070        0.070            144        0.48        0.49    EXCHANGE_MS:MESSAGE_M@1
 1882     0.02      419.798        0.070        0.071           3626        0.02        0.02    DPRECIPS@14
 1883     0.02      419.868        0.070        0.070            234        0.30        0.30    SPNORMB@1
 1884     0.02      419.868        0.069        0.071           3626        0.02        0.02    DPRECIPS@24
 1885     0.02      419.868        0.069        0.070            446        0.16        0.16    MXTURHDMULTNEW@31
 1886     0.02      419.868        0.069        0.071           3626        0.02        0.02    DPRECIPS@23
 1887     0.02      419.868        0.069        0.071           3626        0.02        0.02    DPRECIPS@18
 1888     0.02      419.868        0.069        0.071           3626        0.02        0.02    DPRECIPS@8
 1889     0.02      419.868        0.069        0.071           3626        0.02        0.02    DPRECIPS@12
 1890     0.02      419.868        0.069        0.071           3626        0.02        0.02    DPRECIPS@20
 1891     0.02      419.868        0.069        0.071           3626        0.02        0.02    DPRECIPS@15
 1892     0.02      419.868        0.069        0.071           3626        0.02        0.02    DPRECIPS@17
 1893     0.02      419.868        0.069        0.071           3626        0.02        0.02    DPRECIPS@22
 1894     0.02      419.868        0.069        0.070           3626        0.02        0.02    DPRECIPS@11
 1895     0.02      419.868        0.069        0.071           3626        0.02        0.02    DPRECIPS@9
 1896     0.02      419.868        0.069        0.070           3626        0.02        0.02    DPRECIPS@7
 1897     0.02      419.868        0.069        0.070           3626        0.02        0.02    DPRECIPS@19
 1898     0.02      419.868        0.069        0.070           3626        0.02        0.02    DPRECIPS@6
 1899     0.02      419.868        0.069        0.069            358        0.19        0.19    MXTURHDMULTNEW@22
 1900     0.02      419.868        0.069        0.070           3626        0.02        0.02    DPRECIPS@10
 1901     0.02      419.868        0.069        0.070           3626        0.02        0.02    DPRECIPS@21
 1902     0.02      419.868        0.069        0.070           3626        0.02        0.02    DPRECIPS@5
 1903     0.02      419.937        0.069      403.047             37        1.86    10893.17    GP_MODEL@1
 1904     0.02      419.937        0.069        0.070           3626        0.02        0.02    DPRECIPS@13
 1905     0.02      419.937        0.069        0.069            432        0.16        0.16    MXTURHDMULTNEW@30
 1906     0.02      419.937        0.069        0.069            454        0.15        0.15    MXTURHDMULTNEW@32
 1907     0.02      419.937        0.069        0.070           3626        0.02        0.02    DPRECIPS@3
 1908     0.02      419.937        0.068        0.070           3626        0.02        0.02    DPRECIPS@2
 1909     0.02      419.937        0.068        0.070           3626        0.02        0.02    DPRECIPS@4
 1910     0.02      420.005        0.068        0.105         103341        0.00        0.00   *CUBASMCN@7
 1911     0.02      420.005        0.068        0.069           3552        0.02        0.02    DPRECIPS@31
 1912     0.02      420.005        0.068        0.069           3552        0.02        0.02    DPRECIPS@27
 1913     0.02      420.005        0.068        0.069           3552        0.02        0.02    DPRECIPS@26
 1914     0.02      420.005        0.068        0.069           3552        0.02        0.02    DPRECIPS@25
 1915     0.02      420.005        0.067        0.069           3552        0.02        0.02    DPRECIPS@28
 1916     0.02      420.005        0.067        0.068            226        0.30        0.30    MXTURHDMULTNEW@12
 1917     0.02      420.005        0.067        0.069           3626        0.02        0.02    DPRECIPS@1
 1918     0.02      420.005        0.067        0.069           3552        0.02        0.02    DPRECIPS@30
 1919     0.02      420.005        0.067        0.067            236        0.28        0.29    MXTURHDMULTNEW@13
 1920     0.02      420.005        0.067        0.069           3552        0.02        0.02    DPRECIPS@29
 1921     0.02      420.005        0.067        0.068           3552        0.02        0.02    DPRECIPS@32
 1922     0.02      420.071        0.067        0.070          10920        0.01        0.01    radiation_ifs_rrtm:planck_function_surf_CPU@1
 1923     0.02      420.138        0.067        0.067             42        1.59        1.59    GSBITE_MF@1
 1924     0.02      420.204        0.066        0.102         103341        0.00        0.00   *CUENTR@15
 1925     0.02      420.269        0.065        0.065             37        1.77        1.77    LOGDIS@1
 1926     0.02      420.269        0.065        0.102         103341        0.00        0.00    CUBASMCN@17
 1927     0.02      420.269        0.065        0.101         103341        0.00        0.00    CUBASMCN@6
 1928     0.02      420.269        0.065        0.101         103341        0.00        0.00    CUBASMCN@18
 1929     0.02      420.269        0.065        0.101         103341        0.00        0.00    CUBASMCN@13
 1930     0.02      420.334        0.064        0.065            336        0.19        0.19   *RADAER@28
 1931     0.02      420.334        0.064        0.101         103341        0.00        0.00    CUBASMCN@12
 1932     0.02      420.334        0.064        0.101         103341        0.00        0.00    CUBASMCN@9
 1933     0.02      420.334        0.064        0.065            336        0.19        0.19    RADAER@25
 1934     0.02      420.334        0.064        0.065            336        0.19        0.19    RADAER@27
 1935     0.02      420.334        0.064        0.065            336        0.19        0.19    RADAER@26
 1936     0.02      420.334        0.064        0.102         103341        0.00        0.00    CUBASMCN@22
 1937     0.02      420.334        0.064        0.101         103341        0.00        0.00    CUBASMCN@19
 1938     0.02      420.334        0.064        0.101         103341        0.00        0.00    CUBASMCN@8
 1939     0.02      420.334        0.064        0.100         103341        0.00        0.00    CUBASMCN@15
 1940     0.02      420.334        0.064        0.101         103341        0.00        0.00    CUBASMCN@10
 1941     0.02      420.334        0.064        0.100         103341        0.00        0.00    CUBASMCN@16
 1942     0.01      420.334        0.064        0.100         103341        0.00        0.00    CUBASMCN@14
 1943     0.01      420.334        0.064        0.100         103341        0.00        0.00    CUENTR@14
 1944     0.01      420.397        0.063        0.064           1813        0.03        0.04   *GPINISLB_PART3_EXPL@7
 1945     0.01      420.397        0.063        0.064           1813        0.03        0.04    GPINISLB_PART3_EXPL@6
 1946     0.01      420.397        0.063        0.100         103341        0.00        0.00    CUBASMCN@20
 1947     0.01      420.397        0.063        0.100         103341        0.00        0.00    CUBASMCN@11
 1948     0.01      420.397        0.063        0.064            343        0.18        0.19    RADAER@23
 1949     0.01      420.397        0.063        0.064            343        0.18        0.19    RADAER@24
 1950     0.01      420.397        0.063        0.064            343        0.18        0.19    RADAER@21
 1951     0.01      420.397        0.063        0.064           1813        0.03        0.04    GPINISLB_PART3_EXPL@5
 1952     0.01      420.397        0.063        0.063            152        0.42        0.42    MXTURHDMULTNEW@1
 1953     0.01      420.397        0.063        0.065           3552        0.02        0.02    ACCLDIA@27
 1954     0.01      420.397        0.063        0.064            343        0.18        0.19    RADAER@22
 1955     0.01      420.397        0.063        0.064           1813        0.03        0.04    GPINISLB_PART3_EXPL@1
 1956     0.01      420.397        0.063        0.063            343        0.18        0.18    RADAER@12
 1957     0.01      420.397        0.063        0.063            343        0.18        0.18    RADAER@11
 1958     0.01      420.397        0.063        0.099         103341        0.00        0.00    CUBASMCN@5
 1959     0.01      420.397        0.063        0.064           1813        0.03        0.04    GPINISLB_PART3_EXPL@4
 1960     0.01      420.397        0.063        0.064           1813        0.03        0.04    GPINISLB_PART3_EXPL@3
 1961     0.01      420.397        0.063        0.099         103341        0.00        0.00    CUBASMCN@24
 1962     0.01      420.397        0.063        0.064           1813        0.03        0.04    GPINISLB_PART3_EXPL@2
 1963     0.01      420.397        0.063        0.064           1813        0.03        0.04    GPINISLB_PART3_EXPL@8
 1964     0.01      420.397        0.063        0.063            343        0.18        0.18    RADAER@9
 1965     0.01      420.397        0.063        0.099         103341        0.00        0.00    CUBASMCN@23
 1966     0.01      420.397        0.063        0.063            343        0.18        0.18    RADAER@8
 1967     0.01      420.397        0.063        0.063            343        0.18        0.18    RADAER@10
 1968     0.01      420.397        0.063        0.100         103341        0.00        0.00    CUENTR@22
 1969     0.01      420.397        0.063        0.063            343        0.18        0.18    RADAER@19
 1970     0.01      420.397        0.063        0.063            343        0.18        0.18    RADAER@5
 1971     0.01      420.397        0.063        0.063            343        0.18        0.18    RADAER@6
 1972     0.01      420.397        0.063        0.063            343        0.18        0.18    RADAER@7
 1973     0.01      420.397        0.063        0.064           3552        0.02        0.02    ACCLDIA@31
 1974     0.01      420.397        0.063        0.099         103341        0.00        0.00    CUBASMCN@21
 1975     0.01      420.397        0.063        0.063            343        0.18        0.18    RADAER@17
 1976     0.01      420.397        0.062        0.063            343        0.18        0.18    RADAER@18
 1977     0.01      420.397        0.062        0.063            343        0.18        0.18    RADAER@20
 1978     0.01      420.397        0.062        0.098         101232        0.00        0.00    CUBASMCN@25
 1979     0.01      420.397        0.062        0.099         103341        0.00        0.00    CUENTR@24
 1980     0.01      420.459        0.062        0.077           1813        0.03        0.04   *CUDTDQN@14
 1981     0.01      420.459        0.062        0.099         101232        0.00        0.00    CUBASMCN@26
 1982     0.01      420.521        0.062        0.069             37        1.68        1.86    LAPINEB_PARALLEL:NVLAG3:COMPUTE@1
 1983     0.01      420.521        0.062        0.062            343        0.18        0.18    RADAER@13
 1984     0.01      420.521        0.062        0.099         103341        0.00        0.00    CUENTR@13
 1985     0.01      420.521        0.062        0.098         103341        0.00        0.00    CUENTR@23
 1986     0.01      420.521        0.062        0.098         101232        0.00        0.00    CUBASMCN@28
 1987     0.01      420.521        0.062        0.062            343        0.18        0.18    RADAER@2
 1988     0.01      420.521        0.062        0.062            343        0.18        0.18    RADAER@3
 1989     0.01      420.521        0.062        0.062            336        0.18        0.19    RADAER@31
 1990     0.01      420.521        0.062        0.098         103341        0.00        0.00    CUENTR@17
 1991     0.01      420.521        0.062        0.062            336        0.18        0.19    RADAER@32
 1992     0.01      420.583        0.062        0.063           1813        0.03        0.03   *GPGRP_EXPL@10
 1993     0.01      420.583        0.062        0.098         101232        0.00        0.00    CUBASMCN@27
 1994     0.01      420.583        0.062        0.076           1813        0.03        0.04    CUDTDQN@13
 1995     0.01      420.583        0.062        0.062            343        0.18        0.18    RADAER@14
 1996     0.01      420.583        0.062        0.062            343        0.18        0.18    RADAER@4
 1997     0.01      420.583        0.062        0.093         103341        0.00        0.00    CUBASMCN@1
 1998     0.01      420.583        0.062        0.063           1813        0.03        0.03    GPINISLB_PART3_EXPL@12
 1999     0.01      420.583        0.061        0.097         103341        0.00        0.00    CUENTR@16
 2000     0.01      420.583        0.061        0.098         103341        0.00        0.00    CUENTR@10
 2001     0.01      420.583        0.061        0.062           1813        0.03        0.03    GPGRP_EXPL@11
 2002     0.01      420.583        0.061        0.098         103341        0.00        0.00    CUENTR@12
 2003     0.01      420.583        0.061        0.062           1813        0.03        0.03    GPINISLB_PART3_EXPL@11
 2004     0.01      420.583        0.061        0.062           1813        0.03        0.03    GPINISLB_PART3_EXPL@10
 2005     0.01      420.583        0.061        0.062           1813        0.03        0.03    GPGRP_EXPL@7
 2006     0.01      420.583        0.061        0.062           1813        0.03        0.03    GPINISLB_PART3_EXPL@9
 2007     0.01      420.583        0.061        0.097         103341        0.00        0.00    CUENTR@21
 2008     0.01      420.583        0.061        0.062            336        0.18        0.18    RADAER@30
 2009     0.01      420.583        0.061        0.097         103341        0.00        0.00    CUENTR@19
 2010     0.01      420.583        0.061        0.061            343        0.18        0.18    RADAER@15
 2011     0.01      420.583        0.061        0.097         103341        0.00        0.00    CUENTR@18
 2012     0.01      420.583        0.061        0.097         103341        0.00        0.00    CUENTR@20
 2013     0.01      420.644        0.061        0.062           1813        0.03        0.03   *GPRT@11
 2014     0.01      420.644        0.061        0.062           1813        0.03        0.03    GPGRP_EXPL@15
 2015     0.01      420.644        0.061        0.062           1813        0.03        0.03    GPRT@13
 2016     0.01      420.644        0.061        0.062           1813        0.03        0.03    GPGRP_EXPL@6
 2017     0.01      420.644        0.061        0.098         103341        0.00        0.00    CUENTR@9
 2018     0.01      420.644        0.061        0.062            336        0.18        0.18    RADAER@29
 2019     0.01      420.644        0.061        0.062           1813        0.03        0.03    GPGRP_EXPL@14
 2020     0.01      420.644        0.061        0.062           1813        0.03        0.03    GPGRP_EXPL@16
 2021     0.01      420.644        0.061        0.062           1813        0.03        0.03    GPGRP_EXPL@5
 2022     0.01      420.644        0.061        0.097         103341        0.00        0.00    CUENTR@11
 2023     0.01      420.644        0.061        0.062           1813        0.03        0.03    GPGRP_EXPL@8
 2024     0.01      420.644        0.061        0.097         103341        0.00        0.00    CUENTR@8
 2025     0.01      420.644        0.061        0.062           1813        0.03        0.03    GPRT@9
 2026     0.01      420.644        0.061        0.061           1813        0.03        0.03    GPRT@15
 2027     0.01      420.644        0.061        0.062           3626        0.02        0.02    ACCLDIA@17
 2028     0.01      420.644        0.061        0.062           1813        0.03        0.03    GPGRP_EXPL@12
 2029     0.01      420.644        0.061        0.061           1813        0.03        0.03    GPRT@14
 2030     0.01      420.644        0.061        0.061            343        0.18        0.18    RADAER@16
 2031     0.01      420.644        0.061        0.061           1813        0.03        0.03    GPGRP_EXPL@9
 2032     0.01      420.644        0.061        0.061           1813        0.03        0.03    GPRT@7
 2033     0.01      420.644        0.060        0.061           1813        0.03        0.03    GPRT@16
 2034     0.01      420.644        0.060        0.061           1813        0.03        0.03    GPRT@10
 2035     0.01      420.644        0.060        0.061            343        0.18        0.18    RADAER@1
 2036     0.01      420.644        0.060        0.061           1813        0.03        0.03    GPINISLB_PART3_EXPL@22
 2037     0.01      420.644        0.060        0.061           1813        0.03        0.03    GPINISLB_PART3_EXPL@24
 2038     0.01      420.644        0.060        0.096         101232        0.00        0.00    CUENTR@28
 2039     0.01      420.644        0.060        0.062           3626        0.02        0.02    ACCLDIA@23
 2040     0.01      420.644        0.060        0.096         101232        0.00        0.00    CUENTR@26
 2041     0.01      420.644        0.060        0.061           1813        0.03        0.03    GPRT@6
 2042     0.01      420.644        0.060        0.061           1813        0.03        0.03    GPGRP_EXPL@3
 2043     0.01      420.644        0.060        0.061           1813        0.03        0.03    GPINISLB_PART3_EXPL@21
 2044     0.01      420.644        0.060        0.061           1813        0.03        0.03    GPGRP_EXPL@4
 2045     0.01      420.644        0.060        0.062           3626        0.02        0.02    ACCLDIA@21
 2046     0.01      420.644        0.060        0.061           1813        0.03        0.03    GPINISLB_PART3_EXPL@23
 2047     0.01      420.644        0.060        0.075           1813        0.03        0.04    CUDTDQN@24
 2048     0.01      420.644        0.060        0.061           1813        0.03        0.03    GPRT@12
 2049     0.01      420.644        0.060        0.062           3626        0.02        0.02    ACCLDIA@22
 2050     0.01      420.644        0.060        0.061           1813        0.03        0.03    GPINISLB_PART3_EXPL@17
 2051     0.01      420.644        0.060        0.061           1813        0.03        0.03    GPGRP_EXPL@2
 2052     0.01      420.644        0.060        0.061           1776        0.03        0.03    GPINISLB_PART3_EXPL@27
 2053     0.01      420.644        0.060        0.061           1813        0.03        0.03    GPINISLB_PART3_EXPL@19
 2054     0.01      420.644        0.060        0.061           1776        0.03        0.03    GPINISLB_PART3_EXPL@26
 2055     0.01      420.644        0.060        0.061           1776        0.03        0.03    GPINISLB_PART3_EXPL@28
 2056     0.01      420.644        0.060        0.061           1813        0.03        0.03    GPINISLB_PART3_EXPL@20
 2057     0.01      420.644        0.060        0.075           1813        0.03        0.04    CUDTDQN@15
 2058     0.01      420.644        0.060        0.061           1813        0.03        0.03    GPRT@5
 2059     0.01      420.644        0.060        0.096         101232        0.00        0.00    CUENTR@25
 2060     0.01      420.644        0.060        0.096         101232        0.00        0.00    CUENTR@27
 2061     0.01      420.644        0.060        0.061           3552        0.02        0.02    ACCLDIA@29
 2062     0.01      420.644        0.060        0.061           1776        0.03        0.03    GPINISLB_PART3_EXPL@25
 2063     0.01      420.644        0.060        0.061           1813        0.03        0.03    GPINISLB_PART3_EXPL@18
 2064     0.01      420.644        0.060        0.061           1813        0.03        0.03    GPGRP_EXPL@13
 2065     0.01      420.644        0.060        0.075           1813        0.03        0.04    CUDTDQN@21
 2066     0.01      420.644        0.060        0.096         103341        0.00        0.00    CUENTR@7
 2067     0.01      420.644        0.060        0.074           1813        0.03        0.04    CUDTDQN@23
 2068     0.01      420.704        0.060        0.060            339        0.18        0.18   *MXTURHDNEW@12
 2069     0.01      420.704        0.060        0.060            423        0.14        0.14    MXTURHDNEW@14
 2070     0.01      420.704        0.060        0.061           3626        0.02        0.02    ACCLDIA@20
 2071     0.01      420.704        0.060        0.074           1813        0.03        0.04    CUDTDQN@12
 2072     0.01      420.704        0.060        0.061           3626        0.02        0.02    ACCLDIA@24
 2073     0.01      420.704        0.060        0.061           3626        0.02        0.02    ACCLDIA@18
 2074     0.01      420.704        0.060        0.060           1813        0.03        0.03    GPRT@8
 2075     0.01      420.704        0.059        0.061           3626        0.02        0.02    ACCLDIA@19
 2076     0.01      420.704        0.059        0.060           1813        0.03        0.03    GPGRP_EXPL@1
 2077     0.01      420.704        0.059        0.060           1813        0.03        0.03    GPGRP_EXPL@19
 2078     0.01      420.704        0.059        0.059            435        0.14        0.14    MXTURHDNEW@15
 2079     0.01      420.704        0.059        0.060           1813        0.03        0.03    GPRT@23
 2080     0.01      420.704        0.059        0.074           1813        0.03        0.04    CUDTDQN@16
 2081     0.01      420.704        0.059        0.060           1776        0.03        0.03    GPRT@30
 2082     0.01      420.704        0.059        0.091         103341        0.00        0.00    CUBASMCN@4
 2083     0.01      420.704        0.059        0.060           3552        0.02        0.02    ACCLDIA@32
 2084     0.01      420.704        0.059        0.060           1813        0.03        0.03    GPGRP_EXPL@22
 2085     0.01      420.704        0.059        0.060           1776        0.03        0.03    GPGRP_EXPL@27
 2086     0.01      420.704        0.059        0.060           1813        0.03        0.03    GPRT@24
 2087     0.01      420.704        0.059        0.060           1776        0.03        0.03    GPGRP_EXPL@25
 2088     0.01      420.704        0.059        0.060           3552        0.02        0.02    ACCLDIA@30
 2089     0.01      420.704        0.059        0.073           1813        0.03        0.04    CUDTDQN@22
 2090     0.01      420.704        0.059        0.090         103341        0.00        0.00    CUBASMCN@3
 2091     0.01      420.704        0.059        0.060           1776        0.03        0.03    GPGRP_EXPL@28
 2092     0.01      420.704        0.059        0.060           1813        0.03        0.03    GPGRP_EXPL@18
 2093     0.01      420.704        0.059        0.060           1813        0.03        0.03    GPGRP_EXPL@23
 2094     0.01      420.704        0.059        0.061           3552        0.02        0.02    ACCLDIA@25
 2095     0.01      420.704        0.059        0.059           1776        0.03        0.03    GPRT@32
 2096     0.01      420.704        0.059        0.090         103341        0.00        0.00    CUBASMCN@2
 2097     0.01      420.704        0.059        0.060           1813        0.03        0.03    GPGRP_EXPL@20
 2098     0.01      420.762        0.059        4.391             37        1.59      118.66    APL_ARPEGE_SURFACE_PARALLEL:ACDIFV1:COMPUTE@1
 2099     0.01      420.762        0.059        0.059           1776        0.03        0.03    GPRT@31
 2100     0.01      420.762        0.059        0.060           1813        0.03        0.03    GPINISLB_PART3_EXPL@16
 2101     0.01      420.762        0.058        0.059           1813        0.03        0.03    GPINISLB_PART3_EXPL@15
 2102     0.01      420.762        0.058        0.059           1813        0.03        0.03    GPGRP_EXPL@24
 2103     0.01      420.762        0.058        0.073           1813        0.03        0.04    CUDTDQN@17
 2104     0.01      420.762        0.058        0.059           1813        0.03        0.03    GPGRP_EXPL@17
 2105     0.01      420.762        0.058        0.094         103341        0.00        0.00    CUENTR@6
 2106     0.01      420.762        0.058        0.059           1813        0.03        0.03    GPRT@4
 2107     0.01      420.762        0.058        0.059           1776        0.03        0.03    GPRT@27
 2108     0.01      420.762        0.058        0.059           1813        0.03        0.03    GPINISLB_PART3_EXPL@14
 2109     0.01      420.762        0.058        0.060           3552        0.02        0.02    ACCLDIA@26
 2110     0.01      420.762        0.058        0.059           1813        0.03        0.03    GPGRP_EXPL@21
 2111     0.01      420.762        0.058        0.060           3552        0.02        0.02    ACCLDIA@28
 2112     0.01      420.762        0.058        0.059           1813        0.03        0.03    GPINISLB_PART3_EXPL@13
 2113     0.01      420.762        0.058        0.059           1813        0.03        0.03    GPRT@21
 2114     0.01      420.762        0.058        0.059           1776        0.03        0.03    GPGRP_EXPL@30
 2115     0.01      420.762        0.058        0.073           1813        0.03        0.04    CUDTDQN@20
 2116     0.01      420.762        0.058        0.059           1776        0.03        0.03    GPGRP_EXPL@29
 2117     0.01      420.821        0.058        0.058              1       58.21       58.21    SUGRIDUA_FIXUP@1
 2118     0.01      420.821        0.058        0.059           1813        0.03        0.03    GPRT@22
 2119     0.01      420.821        0.058        0.073           1813        0.03        0.04    CUDTDQN@18
 2120     0.01      420.821        0.058        0.059           1813        0.03        0.03    GPRT@19
 2121     0.01      420.821        0.058        0.058            513        0.11        0.11    MXTURHDNEW@17
 2122     0.01      420.821        0.058        0.059           1776        0.03        0.03    GPGRP_EXPL@32
 2123     0.01      420.821        0.058        0.059           1776        0.03        0.03    GPGRP_EXPL@31
 2124     0.01      420.821        0.058        0.058           1776        0.03        0.03    GPINISLB_PART3_EXPL@32
 2125     0.01      420.821        0.058        0.058            531        0.11        0.11    MXTURHDNEW@21
 2126     0.01      420.821        0.058        0.094         103341        0.00        0.00    CUENTR@5
 2127     0.01      420.821        0.058        0.059           1813        0.03        0.03    GPRT@17
 2128     0.01      420.821        0.058        0.058            642        0.09        0.09    MXTURHDNEW@29
 2129     0.01      420.821        0.058        0.058           1776        0.03        0.03    GPINISLB_PART3_EXPL@31
 2130     0.01      420.821        0.058        0.058           1813        0.03        0.03    GPRT@3
 2131     0.01      420.821        0.057        0.058            645        0.09        0.09    MXTURHDNEW@28
 2132     0.01      420.821        0.057        0.058           1776        0.03        0.03    GPINISLB_PART3_EXPL@30
 2133     0.01      420.821        0.057        0.058           1776        0.03        0.03    GPGRP_EXPL@26
 2134     0.01      420.821        0.057        0.058           1776        0.03        0.03    GPINISLB_PART3_EXPL@29
 2135     0.01      420.821        0.057        0.089         101232        0.00        0.00    CUBASMCN@31
 2136     0.01      420.821        0.057        0.058           1776        0.03        0.03    GPRT@26
 2137     0.01      420.821        0.057        0.058           1813        0.03        0.03    GPRT@2
 2138     0.01      420.821        0.057        0.058           1813        0.03        0.03    GPRT@18
 2139     0.01      420.821        0.057        0.058           1813        0.03        0.03    GPRT@20
 2140     0.01      420.821        0.057        0.089         101232        0.00        0.00    CUBASMCN@29
 2141     0.01      420.821        0.057        0.072           1776        0.03        0.04    CUDTDQN@25
 2142     0.01      420.821        0.057        0.088         101232        0.00        0.00    CUBASMCN@32
 2143     0.01      420.821        0.057        0.058           1776        0.03        0.03    GPRT@29
 2144     0.01      420.821        0.057        0.088         101232        0.00        0.00    CUBASMCN@30
 2145     0.01      420.821        0.057        0.057            354        0.16        0.16    MXTURHDNEW@13
 2146     0.01      420.821        0.057        0.057            681        0.08        0.08    MXTURHDNEW@32
 2147     0.01      420.821        0.057        0.071           1776        0.03        0.04    CUDTDQN@27
 2148     0.01      420.821        0.057        0.071           1813        0.03        0.04    CUDTDQN@19
 2149     0.01      420.821        0.057        0.058           1776        0.03        0.03    GPRT@28
 2150     0.01      420.821        0.056        0.070           1776        0.03        0.04    CUDTDQN@29
 2151     0.01      420.821        0.056        0.071           1776        0.03        0.04    CUDTDQN@26
 2152     0.01      420.821        0.056        0.056            336        0.17        0.17    MXTURHDNEW@11
 2153     0.01      420.821        0.056        0.056            279        0.20        0.20    MXTURHDNEW@3
 2154     0.01      420.821        0.056        0.056            285        0.20        0.20    MXTURHDNEW@4
 2155     0.01      420.821        0.056        0.056            327        0.17        0.17    MXTURHDNEW@9
 2156     0.01      420.821        0.056        0.070           1776        0.03        0.04    CUDTDQN@28
 2157     0.01      420.821        0.056        0.056            639        0.09        0.09    MXTURHDNEW@27
 2158     0.01      420.821        0.056        0.057           1776        0.03        0.03    GPRT@25
 2159     0.01      420.821        0.056        0.056            258        0.22        0.22    MXTURHDNEW@5
 2160     0.01      420.821        0.056        0.056           1813        0.03        0.03    GPRT@1
 2161     0.01      420.821        0.055        0.056            288        0.19        0.19    MXTURHDNEW@6
 2162     0.01      420.821        0.055        0.056            618        0.09        0.09    MXTURHDNEW@25
 2163     0.01      420.821        0.055        0.056            648        0.09        0.09    MXTURHDNEW@30
 2164     0.01      420.821        0.055        0.056            630        0.09        0.09    MXTURHDNEW@26
 2165     0.01      420.821        0.055        0.055            258        0.21        0.21    MXTURHDNEW@2
 2166     0.01      420.821        0.055        0.056            537        0.10        0.10    MXTURHDNEW@23
 2167     0.01      420.821        0.055        0.056            669        0.08        0.08    MXTURHDNEW@31
 2168     0.01      420.876        0.055        0.299             37        1.49        8.09    APL_ARPEGE_PARALLEL:ACTQSAT:COMPUTE@1
 2169     0.01      420.876        0.055        0.069           1776        0.03        0.04    CUDTDQN@30
 2170     0.01      420.876        0.055        0.055            333        0.17        0.17    MXTURHDNEW@10
 2171     0.01      420.876        0.055        0.086         101232        0.00        0.00    CUENTR@29
 2172     0.01      420.876        0.055        0.055            513        0.11        0.11    MXTURHDNEW@18
 2173     0.01      420.876        0.055        0.068           1776        0.03        0.04    CUDTDQN@31
 2174     0.01      420.876        0.055        0.055            432        0.13        0.13    MXTURHDNEW@16
 2175     0.01      420.876        0.055        0.069           1813        0.03        0.04    CUDTDQN@11
 2176     0.01      420.876        0.055        0.086         101232        0.00        0.00    CUENTR@31
 2177     0.01      420.930        0.055        0.055           1813        0.03        0.03   *GPHLUV_EXPL@11
 2178     0.01      420.930        0.055        0.086         101232        0.00        0.00    CUENTR@32
 2179     0.01      420.930        0.055        0.086         101232        0.00        0.00    CUENTR@30
 2180     0.01      420.930        0.054        0.068           1813        0.03        0.04    CUDTDQN@1
 2181     0.01      420.930        0.054        0.054            228        0.24        0.24    MXTURHDNEW@1
 2182     0.01      420.930        0.054        0.054            315        0.17        0.17    MXTURHDNEW@8
 2183     0.01      420.930        0.054        0.054            528        0.10        0.10    MXTURHDNEW@20
 2184     0.01      420.984        0.054        0.065          10920        0.00        0.01    radiation_single_level:allocate_single_level_CPU@1
 2185     0.01      420.984        0.054        0.054            294        0.18        0.18    MXTURHDNEW@7
 2186     0.01      420.984        0.054        0.055           1813        0.03        0.03    GPHLUV_EXPL@10
 2187     0.01      420.984        0.054        0.055           1813        0.03        0.03    GPHLUV_EXPL@12
 2188     0.01      420.984        0.054        0.054           1813        0.03        0.03    GPHLUV_EXPL@9
 2189     0.01      420.984        0.053        0.085         103341        0.00        0.00    CUENTR@4
 2190     0.01      420.984        0.053        0.054            537        0.10        0.10    MXTURHDNEW@22
 2191     0.01      421.038        0.053        0.316              1       53.37      315.69    SU0YOMB@1
 2192     0.01      421.038        0.053        0.054           1813        0.03        0.03    GPHLUV_EXPL@5
 2193     0.01      421.038        0.053        0.054           1813        0.03        0.03    GPHLUV_EXPL@8
 2194     0.01      421.038        0.053        0.054           1813        0.03        0.03    GPHLUV_EXPL@7
 2195     0.01      421.091        0.053        0.056          10920        0.00        0.01    radiation_gas:get_gas_CPU@1
 2196     0.01      421.091        0.053        0.053            525        0.10        0.10    MXTURHDNEW@19
 2197     0.01      421.091        0.053        0.054           1813        0.03        0.03    GPHLUV_EXPL@15
 2198     0.01      421.091        0.053        0.085         103341        0.00        0.00    CUENTR@1
 2199     0.01      421.091        0.053        0.054           1813        0.03        0.03    GPHLUV_EXPL@16
 2200     0.01      421.091        0.053        0.066           1776        0.03        0.04    CUDTDQN@32
 2201     0.01      421.091        0.053        0.054           1813        0.03        0.03    GPHLUV_EXPL@6
 2202     0.01      421.091        0.053        0.053           1813        0.03        0.03    GPHLUV_EXPL@4
 2203     0.01      421.091        0.052        0.053           1813        0.03        0.03    GPHLUV_EXPL@14
 2204     0.01      421.091        0.052        0.053           1813        0.03        0.03    GPHLUV_EXPL@13
 2205     0.01      421.143        0.052        0.052             37        1.41        1.41    MF_PHYS_FPL_PART1_PARALLEL:PART1:COMPUTE@1
 2206     0.01      421.143        0.052        0.083         103341        0.00        0.00    CUENTR@3
 2207     0.01      421.143        0.052        0.053           1813        0.03        0.03    GPHLUV_EXPL@1
 2208     0.01      421.143        0.052        0.053           1813        0.03        0.03    GPHLUV_EXPL@2
 2209     0.01      421.143        0.052        0.052           1813        0.03        0.03    GPHLUV_EXPL@3
 2210     0.01      421.143        0.052        0.053           1813        0.03        0.03    GPHLUV_EXPL@19
 2211     0.01      421.143        0.052        0.053           1776        0.03        0.03    GPHLUV_EXPL@28
 2212     0.01      421.143        0.051        0.052           1776        0.03        0.03    GPHLUV_EXPL@27
 2213     0.01      421.143        0.051        0.052           1776        0.03        0.03    GPHLUV_EXPL@25
 2214     0.01      421.143        0.051        0.052           1813        0.03        0.03    GPHLUV_EXPL@17
 2215     0.01      421.143        0.051        0.052            540        0.09        0.10    MXTURHDNEW@24
 2216     0.01      421.143        0.051        0.052           1813        0.03        0.03    GPHLUV_EXPL@23
 2217     0.01      421.143        0.051        0.083         103341        0.00        0.00    CUENTR@2
 2218     0.01      421.143        0.051        0.052           1813        0.03        0.03    GPHLUV_EXPL@20
 2219     0.01      421.143        0.051        0.052           1776        0.03        0.03    GPHLUV_EXPL@29
 2220     0.01      421.194        0.051        0.051              1       51.02       51.02    DIST_GRID@1
 2221     0.01      421.194        0.051        0.052           1776        0.03        0.03    GPHLUV_EXPL@31
 2222     0.01      421.194        0.051        0.052           1776        0.03        0.03    GPHLUV_EXPL@32
 2223     0.01      421.194        0.051        0.052           1813        0.03        0.03    GPHLUV_EXPL@22
 2224     0.01      421.194        0.051        0.052           1813        0.03        0.03    GPHLUV_EXPL@21
 2225     0.01      421.194        0.051        0.051           1776        0.03        0.03    GPHLUV_EXPL@26
 2226     0.01      421.194        0.051        0.051           1813        0.03        0.03    GPHLUV_EXPL@24
 2227     0.01      421.194        0.051        0.051           1776        0.03        0.03    GPHLUV_EXPL@30
 2228     0.01      421.194        0.050        0.051           1813        0.03        0.03    GPHLUV_EXPL@18
 2229     0.01      421.244        0.050        0.051           1813        0.03        0.03   *ACVISIH@1
 2230     0.01      421.294        0.050        0.168             36        1.39        4.66    SPCHOR_TOT@1
 2231     0.01      421.344        0.050        1.948           1404        0.04        1.39    SITNU_GP_OPENMP@1
 2232     0.01      421.344        0.050        0.050           1813        0.03        0.03    ACVISIH@12
 2233     0.01      421.344        0.050        0.050           1813        0.03        0.03    ACVISIH@7
 2234     0.01      421.344        0.050        0.050           1813        0.03        0.03    ACVISIH@3
 2235     0.01      421.344        0.050        0.050           1813        0.03        0.03    ACVISIH@10
 2236     0.01      421.344        0.050        0.050           1813        0.03        0.03    ACVISIH@8
 2237     0.01      421.344        0.050        0.050           1813        0.03        0.03    ACVISIH@4
 2238     0.01      421.344        0.050        0.050           1813        0.03        0.03    ACVISIH@2
 2239     0.01      421.393        0.050        0.050              1       49.62       49.75    IOSPECA_MOD:IOSPECA_SELECTFY@1
 2240     0.01      421.393        0.050        0.050           1813        0.03        0.03    ACVISIH@5
 2241     0.01      421.393        0.049        0.050           1813        0.03        0.03    ACVISIH@9
 2242     0.01      421.393        0.049        0.063           1813        0.03        0.03    CUDTDQN@10
 2243     0.01      421.393        0.049        0.050           1813        0.03        0.03    ACVISIH@13
 2244     0.01      421.393        0.049        0.050           1813        0.03        0.03    ACVISIH@6
 2245     0.01      421.443        0.049        0.055          21840        0.00        0.00    radiation_single_level:deallocate_single_level_CPU@1
 2246     0.01      421.443        0.049        0.050           1813        0.03        0.03    ACVISIH@11
 2247     0.01      421.443        0.049        0.049           1813        0.03        0.03    ACVISIH@14
 2248     0.01      421.443        0.049        0.049           1813        0.03        0.03    ACVISIH@15
 2249     0.01      421.443        0.048        0.049           1813        0.03        0.03    ACVISIH@16
 2250     0.01      421.491        0.048        0.052          10920        0.00        0.00    radiation_cloud:crop_cloud_fraction_CPU@1
 2251     0.01      421.539        0.048        0.051          10920        0.00        0.00    radiation_cloud:allocate_cloud_arrays_CPU@1
 2252     0.01      421.539        0.047        0.060           1813        0.03        0.03    CUDTDQN@2
 2253     0.01      421.539        0.047        0.061           1813        0.03        0.03    CUDTDQN@8
 2254     0.01      421.539        0.047        0.060           1813        0.03        0.03    CUDTDQN@9
 2255     0.01      421.585        0.046        0.047           1813        0.03        0.03   *ACFLUSO@10
 2256     0.01      421.585        0.046        0.059           1813        0.03        0.03    CUDTDQN@4
 2257     0.01      421.585        0.046        0.059           1813        0.03        0.03    CUDTDQN@7
 2258     0.01      421.631        0.046        1.216             37        1.23       32.86    APL_ARPEGE_SURFACE_PARALLEL:ACDIFV2:COMPUTE@1
 2259     0.01      421.631        0.046        0.046           1813        0.03        0.03    ACFLUSO@11
 2260     0.01      421.631        0.045        0.057           1813        0.02        0.03    CUDTDQN@3
 2261     0.01      421.631        0.045        0.046           1813        0.02        0.03    ACFLUSO@9
 2262     0.01      421.675        0.045        0.046           1813        0.02        0.03   *ACEVOLET@8
 2263     0.01      421.675        0.045        0.046           1813        0.02        0.03    ACEVOLET@7
 2264     0.01      421.675        0.045        0.046           1813        0.02        0.03    ACEVOLET@4
 2265     0.01      421.675        0.045        0.046           1813        0.02        0.03    ACEVOLET@13
 2266     0.01      421.675        0.045        0.046           1813        0.02        0.03    ACEVOLET@6
 2267     0.01      421.675        0.045        0.046           1813        0.02        0.03    ACEVOLET@11
 2268     0.01      421.675        0.044        0.045           1813        0.02        0.02    ACEVOLET@14
 2269     0.01      421.675        0.044        0.045           1813        0.02        0.02    ACFLUSO@17
 2270     0.01      421.719        0.044        0.044             37        1.19        1.19    LAPINEB_PARALLEL:L_RDRY_VD:COMPUTE@1
 2271     0.01      421.764        0.044        0.044            106        0.42        0.42    POSNAME@1
 2272     0.01      421.764        0.044        0.045           1813        0.02        0.02    ACEVOLET@16
 2273     0.01      421.764        0.044        0.045           1813        0.02        0.02    ACEVOLET@1
 2274     0.01      421.764        0.044        0.057           1813        0.02        0.03    CUDTDQN@5
 2275     0.01      421.764        0.044        0.045           1813        0.02        0.02    ACEVOLET@5
 2276     0.01      421.764        0.044        0.045           1813        0.02        0.02    ACEVOLET@3
 2277     0.01      421.764        0.044        0.045           1813        0.02        0.02    ACEVOLET@12
 2278     0.01      421.764        0.044        0.045           1813        0.02        0.02    ACEVOLET@9
 2279     0.01      421.807        0.044        0.480             37        1.18       12.98    APL_ARPEGE_DPRECIPS_PARALLEL:0:COMPUTE@1
 2280     0.01      421.807        0.044        0.044           1813        0.02        0.02    ACEVOLET@15
 2281     0.01      421.807        0.043        0.044           1813        0.02        0.02    ACEVOLET@10
 2282     0.01      421.807        0.043        0.044           1813        0.02        0.02    ACFLUSO@12
 2283     0.01      421.807        0.043        0.044           1813        0.02        0.02    ACFLUSO@13
 2284     0.01      421.807        0.043        0.044           1813        0.02        0.02    ACEVOLET@2
 2285     0.01      421.807        0.043        0.044           1813        0.02        0.02    ACFLUSO@8
 2286     0.01      421.807        0.043        0.044           1813        0.02        0.02    ACFLUSO@23
 2287     0.01      421.807        0.043        0.043           1813        0.02        0.02    ACFLUSO@14
 2288     0.01      421.807        0.043        0.043           1813        0.02        0.02    ACFLUSO@16
 2289     0.01      421.850        0.043        0.043             37        1.15        1.15    CPUTQY_APLPAR_EXPL_PARALLEL:PFDIS:COMPUTE@1
 2290     0.01      421.850        0.042        0.055           1813        0.02        0.03    CUDTDQN@6
 2291     0.01      421.850        0.042        0.043           1813        0.02        0.02    ACFLUSO@15
 2292     0.01      421.850        0.042        0.043           1813        0.02        0.02    ACFLUSO@24
 2293     0.01      421.892        0.042        0.043           1404        0.03        0.03    MXPTMANEW@1
 2294     0.01      421.892        0.042        0.043           1813        0.02        0.02    ACEVOLET@24
 2295     0.01      421.934        0.042        0.045          10920        0.00        0.00    radiation_thermodynamics:get_layer_mass_CPU@1
 2296     0.01      421.934        0.042        0.043           1813        0.02        0.02    ACEVOLET@23
 2297     0.01      421.934        0.042        0.043           1813        0.02        0.02    ACEVOLET@22
 2298     0.01      421.976        0.042        0.043           1813        0.02        0.02   *CUDDRAFN@14
 2299     0.01      421.976        0.042        0.043           1813        0.02        0.02    CUDDRAFN@23
 2300     0.01      421.976        0.042        0.042           1813        0.02        0.02    ACFLUSO@4
 2301     0.01      421.976        0.042        0.043           1813        0.02        0.02    CUDDRAFN@11
 2302     0.01      422.018        0.042        0.042             37        1.13        1.13    APL_ARPEGE_PARALLEL:EDR:COMPUTE@1
 2303     0.01      422.018        0.042        0.043           1813        0.02        0.02    CUDDRAFN@24
 2304     0.01      422.018        0.042        0.042           1813        0.02        0.02    CUDDRAFN@21
 2305     0.01      422.018        0.042        0.042           1813        0.02        0.02    CUDDRAFN@15
 2306     0.01      422.018        0.042        0.042           1813        0.02        0.02    ACFLUSO@18
 2307     0.01      422.059        0.042        0.372           3626        0.01        0.10   *SIGAM_GP@16
 2308     0.01      422.101        0.041        0.055           1813        0.02        0.03   *CUDUDV@24
 2309     0.01      422.101        0.041        0.371           3626        0.01        0.10    SIGAM_GP@7
 2310     0.01      422.101        0.041        0.042           1813        0.02        0.02    ACEVOLET@19
 2311     0.01      422.101        0.041        0.042           1776        0.02        0.02    CUDDRAFN@28
 2312     0.01      422.101        0.041        0.372           3626        0.01        0.10    SIGAM_GP@11
 2313     0.01      422.101        0.041        0.042           1776        0.02        0.02    ACEVOLET@31
 2314     0.01      422.101        0.041        0.042           1813        0.02        0.02    ACEVOLET@18
 2315     0.01      422.101        0.041        0.055           1813        0.02        0.03    CUDUDV@23
 2316     0.01      422.101        0.041        0.055           1813        0.02        0.03    CUDUDV@13
 2317     0.01      422.101        0.041        0.042           1776        0.02        0.02    CUDDRAFN@31
 2318     0.01      422.101        0.041        0.371           3626        0.01        0.10    SIGAM_GP@14
 2319     0.01      422.101        0.041        0.042           1776        0.02        0.02    ACEVOLET@28
 2320     0.01      422.101        0.041        0.042           1813        0.02        0.02    ACFLUSO@19
 2321     0.01      422.142        0.041        0.042           1813        0.02        0.02   *ACMICRO@6
 2322     0.01      422.142        0.041        0.055           1813        0.02        0.03    CUDUDV@21
 2323     0.01      422.142        0.041        0.371           3626        0.01        0.10    SIGAM_GP@13
 2324     0.01      422.142        0.041        0.042           1776        0.02        0.02    CUDDRAFN@29
 2325     0.01      422.142        0.041        0.042           1776        0.02        0.02    CUDDRAFN@30
 2326     0.01      422.142        0.041        0.042           1776        0.02        0.02    ACEVOLET@25
 2327     0.01      422.142        0.041        0.042           1776        0.02        0.02    ACEVOLET@27
 2328     0.01      422.142        0.041        0.055           1813        0.02        0.03    CUDUDV@17
 2329     0.01      422.183        0.041        0.041             37        1.11        1.11    LAPINEB_PARALLEL:TEMP_EQ:COMPUTE@1
 2330     0.01      422.183        0.041        0.042           1776        0.02        0.02    ACEVOLET@30
 2331     0.01      422.183        0.041        0.042           1813        0.02        0.02    ACMICRO@7
 2332     0.01      422.183        0.041        0.042           1813        0.02        0.02    ACEVOLET@21
 2333     0.01      422.183        0.041        0.042           1813        0.02        0.02    ACFLUSO@22
 2334     0.01      422.183        0.041        0.042           1776        0.02        0.02    CUDDRAFN@27
 2335     0.01      422.183        0.041        0.042           1813        0.02        0.02    ACMICRO@10
 2336     0.01      422.183        0.041        0.372           3626        0.01        0.10    SIGAM_GP@9
 2337     0.01      422.183        0.041        0.042           1813        0.02        0.02    ACFLUSO@7
 2338     0.01      422.183        0.041        0.042           1813        0.02        0.02    CUDDRAFN@13
 2339     0.01      422.183        0.041        0.042           1813        0.02        0.02    ACMICRO@8
 2340     0.01      422.183        0.041        0.371           3626        0.01        0.10    SIGAM_GP@12
 2341     0.01      422.183        0.041        0.372           3626        0.01        0.10    SIGAM_GP@17
 2342     0.01      422.183        0.041        0.042           1813        0.02        0.02    ACMICRO@5
 2343     0.01      422.183        0.041        0.371           3626        0.01        0.10    SIGAM_GP@8
 2344     0.01      422.183        0.041        0.054           1813        0.02        0.03    CUDUDV@16
 2345     0.01      422.183        0.041        0.042           1813        0.02        0.02    CUDDRAFN@22
 2346     0.01      422.183        0.041        0.042           1813        0.02        0.02    CUDDRAFN@12
 2347     0.01      422.183        0.041        0.054           1813        0.02        0.03    CUDUDV@14
 2348     0.01      422.183        0.041        0.054           1813        0.02        0.03    CUDUDV@15
 2349     0.01      422.183        0.041        0.054           1813        0.02        0.03    CUDUDV@12
 2350     0.01      422.183        0.041        0.373           3626        0.01        0.10    SIGAM_GP@18
 2351     0.01      422.183        0.041        0.042           1813        0.02        0.02    ACMICRO@12
 2352     0.01      422.224        0.041        0.042           1813        0.02        0.02   *GPHLWI@10
 2353     0.01      422.224        0.041        0.042           1813        0.02        0.02    ACEVOLET@17
 2354     0.01      422.224        0.041        0.042           1776        0.02        0.02    ACEVOLET@26
 2355     0.01      422.224        0.041        0.042           1813        0.02        0.02    ACMICRO@13
 2356     0.01      422.224        0.041        0.042           1776        0.02        0.02    CUDDRAFN@26
 2357     0.01      422.224        0.041        0.369           3626        0.01        0.10    SIGAM_GP@5
 2358     0.01      422.224        0.041        0.042           1813        0.02        0.02    ACMICRO@14
 2359     0.01      422.224        0.041        0.042           1813        0.02        0.02    ACFLUSO@20
 2360     0.01      422.224        0.041        0.372           3626        0.01        0.10    SIGAM_GP@10
 2361     0.01      422.224        0.041        0.042           1776        0.02        0.02    CUDDRAFN@25
 2362     0.01      422.224        0.041        0.054           1813        0.02        0.03    CUDUDV@18
 2363     0.01      422.224        0.041        0.042           1813        0.02        0.02    CUDDRAFN@16
 2364     0.01      422.224        0.041        0.042           1813        0.02        0.02    ACMICRO@9
 2365     0.01      422.224        0.041        0.054           1813        0.02        0.03    CUDUDV@19
 2366     0.01      422.224        0.041        0.371           3626        0.01        0.10    SIGAM_GP@19
 2367     0.01      422.224        0.041        0.041           1813        0.02        0.02    CUDDRAFN@9
 2368     0.01      422.224        0.041        0.042           1813        0.02        0.02    ACMICRO@11
 2369     0.01      422.224        0.041        0.041           1776        0.02        0.02    ACFLUSO@26
 2370     0.01      422.224        0.041        0.041           1813        0.02        0.02    ACFLUSO@21
 2371     0.01      422.224        0.041        0.372           3626        0.01        0.10    SIGAM_GP@23
 2372     0.01      422.224        0.041        0.041           1813        0.02        0.02    CUDDRAFN@10
 2373     0.01      422.224        0.041        0.371           3626        0.01        0.10    SIGAM_GP@22
 2374     0.01      422.224        0.041        0.041           1813        0.02        0.02    ACMICRO@15
 2375     0.01      422.224        0.041        0.041           1813        0.02        0.02    ACMICRO@16
 2376     0.01      422.224        0.040        0.041           1813        0.02        0.02    ACEVOLET@20
 2377     0.01      422.224        0.040        0.054           1813        0.02        0.03    CUDUDV@22
 2378     0.01      422.224        0.040        0.041           1776        0.02        0.02    ACEVOLET@32
 2379     0.01      422.224        0.040        0.372           3626        0.01        0.10    SIGAM_GP@20
 2380     0.01      422.224        0.040        0.054           1813        0.02        0.03    CUDUDV@20
 2381     0.01      422.224        0.040        0.041           1813        0.02        0.02    CUDDRAFN@8
 2382     0.01      422.224        0.040        0.041           1776        0.02        0.02    CUDDRAFN@32
 2383     0.01      422.224        0.040        0.053           1813        0.02        0.03    CUDUDV@11
 2384     0.01      422.224        0.040        0.041           1813        0.02        0.02    CUDDRAFN@19
 2385     0.01      422.224        0.040        0.053           1776        0.02        0.03    CUDUDV@25
 2386     0.01      422.224        0.040        0.041           1813        0.02        0.02    CUDDRAFN@18
 2387     0.01      422.224        0.040        0.041           1813        0.02        0.02    GPHLWI@11
 2388     0.01      422.224        0.040        0.397           3626        0.01        0.11    SIGAM_GP@6
 2389     0.01      422.224        0.040        0.041           1813        0.02        0.02    GPHLWI@12
 2390     0.01      422.224        0.040        0.041           1813        0.02        0.02    ACMICRO@4
 2391     0.01      422.224        0.040        0.041           1813        0.02        0.02    GPHLWI@9
 2392     0.01      422.224        0.040        0.041           1813        0.02        0.02    ACMICRO@2
 2393     0.01      422.224        0.040        0.041           1776        0.02        0.02    ACEVOLET@29
 2394     0.01      422.224        0.040        0.041           1776        0.02        0.02    ACFLUSO@25
 2395     0.01      422.224        0.040        0.041           1776        0.02        0.02    ACFLUSO@28
 2396     0.01      422.224        0.040        0.366           3552        0.01        0.10    SIGAM_GP@28
 2397     0.01      422.224        0.040        0.041           1813        0.02        0.02    CUDDRAFN@20
 2398     0.01      422.224        0.040        0.041           1813        0.02        0.02    CUDDRAFN@7
 2399     0.01      422.224        0.040        0.041           1813        0.02        0.02    GPHLWI@7
 2400     0.01      422.224        0.040        0.370           3626        0.01        0.10    SIGAM_GP@24
 2401     0.01      422.224        0.040        0.041           1813        0.02        0.02    ACFLUSO@6
 2402     0.01      422.224        0.040        0.053           1776        0.02        0.03    CUDUDV@27
 2403     0.01      422.224        0.040        0.052           1813        0.02        0.03    CUDUDV@1
 2404     0.01      422.224        0.040        0.053           1776        0.02        0.03    CUDUDV@28
 2405     0.01      422.224        0.040        0.041           1776        0.02        0.02    ACFLUSO@27
 2406     0.01      422.224        0.040        0.400           3626        0.01        0.11    SIGAM_GP@15
 2407     0.01      422.224        0.040        0.041           1813        0.02        0.02    GPHLWI@8
 2408     0.01      422.224        0.040        0.053           1776        0.02        0.03    CUDUDV@26
 2409     0.01      422.224        0.040        0.040           1813        0.02        0.02    ACMICRO@3
 2410     0.01      422.224        0.040        0.052           1776        0.02        0.03    CUDUDV@30
 2411     0.01      422.224        0.040        0.365           3552        0.01        0.10    SIGAM_GP@26
 2412     0.01      422.224        0.040        0.366           3552        0.01        0.10    SIGAM_GP@25
 2413     0.01      422.224        0.040        0.040           1813        0.02        0.02    ACFLUSO@5
 2414     0.01      422.224        0.039        0.052           1776        0.02        0.03    CUDUDV@29
 2415     0.01      422.224        0.039        0.040           1813        0.02        0.02    GPHLWI@6
 2416     0.01      422.224        0.039        0.363           3552        0.01        0.10    SIGAM_GP@29
 2417     0.01      422.264        0.039        0.048             37        1.07        1.31    APL_ARPEGE_SOIL_HYDRO_PARALLEL:ACVEG:COMPUTE@1
 2418     0.01      422.303        0.039        0.039             37        1.07        1.07    MF_PHYS_FPL_PART2_PARALLEL:PART2:COMPUTE@1
 2419     0.01      422.303        0.039        0.040           1813        0.02        0.02    GPHLWI@16
 2420     0.01      422.303        0.039        0.360           3626        0.01        0.10    SIGAM_GP@3
 2421     0.01      422.303        0.039        0.363           3626        0.01        0.10    SIGAM_GP@4
 2422     0.01      422.303        0.039        0.362           3552        0.01        0.10    SIGAM_GP@30
 2423     0.01      422.303        0.039        0.040           1813        0.02        0.02    GPHLWI@15
 2424     0.01      422.303        0.039        0.040           1813        0.02        0.02    GPHLWI@14
 2425     0.01      422.303        0.039        0.040           1813        0.02        0.02    CUDDRAFN@17
 2426     0.01      422.303        0.039        0.052           1776        0.02        0.03    CUDUDV@31
 2427     0.01      422.303        0.039        0.040           1813        0.02        0.02    GPHLWI@5
 2428     0.01      422.303        0.039        0.359           3626        0.01        0.10    SIGAM_GP@2
 2429     0.01      422.342        0.039        0.040           1776        0.02        0.02   *ACVEG@26
 2430     0.01      422.342        0.039        0.052           1813        0.02        0.03    CUDUDV@10
 2431     0.01      422.342        0.039        0.040           1813        0.02        0.02    GPHLWI@4
 2432     0.01      422.342        0.039        0.040           1813        0.02        0.02    ACMICRO@18
 2433     0.01      422.342        0.039        0.040           1813        0.02        0.02    ACMICRO@23
 2434     0.01      422.381        0.039        0.042             38        1.03        1.10    SUHEG@1
 2435     0.01      422.381        0.039        0.040           1813        0.02        0.02    GPHLWI@13
 2436     0.01      422.381        0.039        0.040           1813        0.02        0.02    GPHLWI@1
 2437     0.01      422.381        0.039        0.040           1813        0.02        0.02    CUDDRAFN@6
 2438     0.01      422.381        0.039        0.039           1813        0.02        0.02    ACFLUSO@3
 2439     0.01      422.381        0.039        0.371           3552        0.01        0.10    SIGAM_GP@32
 2440     0.01      422.381        0.039        0.402           3626        0.01        0.11    SIGAM_GP@21
 2441     0.01      422.381        0.039        0.039           1813        0.02        0.02    GPHLWI@2
 2442     0.01      422.381        0.039        0.039           1813        0.02        0.02    GPHLWI@3
 2443     0.01      422.381        0.039        0.039           1776        0.02        0.02    ACFLUSO@31
 2444     0.01      422.381        0.038        0.051           1776        0.02        0.03    CUDUDV@32
 2445     0.01      422.381        0.038        0.051           1813        0.02        0.03    CUDUDV@2
 2446     0.01      422.420        0.038        0.489             37        1.04       13.22    APL_ARPEGE_RADIATION_PARALLEL:RADHEAT:COMPUTE@1
 2447     0.01      422.420        0.038        0.051           1813        0.02        0.03    CUDUDV@8
 2448     0.01      422.420        0.038        0.039           1813        0.02        0.02    ACMICRO@20
 2449     0.01      422.420        0.038        0.320           3626        0.01        0.09    SIGAM_GP@1
 2450     0.01      422.420        0.038        0.039           1813        0.02        0.02    ACMICRO@22
 2451     0.01      422.420        0.038        0.051           1813        0.02        0.03    CUDUDV@9
 2452     0.01      422.420        0.038        0.400           3552        0.01        0.11    SIGAM_GP@27
 2453     0.01      422.420        0.038        0.399           3552        0.01        0.11    SIGAM_GP@31
 2454     0.01      422.420        0.038        0.039           1813        0.02        0.02    ACMICRO@17
 2455     0.01      422.420        0.038        0.039           1813        0.02        0.02    ACMICRO@24
 2456     0.01      422.420        0.038        0.050           1813        0.02        0.03    CUDUDV@4
 2457     0.01      422.420        0.038        0.050           1813        0.02        0.03    CUDUDV@7
 2458     0.01      422.420        0.038        0.039           1776        0.02        0.02    ACFLUSO@32
 2459     0.01      422.420        0.038        0.039           1813        0.02        0.02    ACMICRO@19
 2460     0.01      422.420        0.038        0.039           1813        0.02        0.02    GPHLWI@19
 2461     0.01      422.420        0.038        0.039           1813        0.02        0.02    ACMICRO@21
 2462     0.01      422.420        0.038        0.049           1813        0.02        0.03    CUDUDV@3
 2463     0.01      422.420        0.038        0.039           1813        0.02        0.02    GPHLWI@23
 2464     0.01      422.420        0.038        0.038           1776        0.02        0.02    ACMICRO@31
 2465     0.01      422.420        0.038        0.039           1776        0.02        0.02    ACMICRO@26
 2466     0.01      422.420        0.038        0.039           1813        0.02        0.02    GPHLWI@18
 2467     0.01      422.420        0.038        0.039           1776        0.02        0.02    ACMICRO@25
 2468     0.01      422.420        0.038        0.038           1776        0.02        0.02    ACMICRO@28
 2469     0.01      422.420        0.038        0.038           1776        0.02        0.02    GPHLWI@25
 2470     0.01      422.420        0.038        0.050           1813        0.02        0.03    CUDUDV@5
 2471     0.01      422.457        0.038      427.531              1       37.54   427531.13    MASTER@1
 2472     0.01      422.457        0.037        0.038           1813        0.02        0.02    CUDDRAFN@5
 2473     0.01      422.457        0.037        0.038           1776        0.02        0.02    ACMICRO@27
 2474     0.01      422.457        0.037        0.038           1776        0.02        0.02    GPHLWI@27
 2475     0.01      422.457        0.037        0.038           1776        0.02        0.02    GPHLWI@28
 2476     0.01      422.457        0.037        0.038           1813        0.02        0.02    GPHLWI@22
 2477     0.01      422.457        0.037        0.049           1813        0.02        0.03    CUDUDV@6
 2478     0.01      422.457        0.037        0.038           1776        0.02        0.02    GPHLWI@26
 2479     0.01      422.457        0.037        0.038           1813        0.02        0.02    GPHLWI@17
 2480     0.01      422.457        0.037        0.038           1776        0.02        0.02    ACMICRO@30
 2481     0.01      422.457        0.037        0.038           1776        0.02        0.02    ACMICRO@32
 2482     0.01      422.457        0.037        0.038           1776        0.02        0.02    GPHLWI@32
 2483     0.01      422.457        0.037        0.038           1813        0.02        0.02    GPHLWI@24
 2484     0.01      422.457        0.037        0.038           1776        0.02        0.02    ACMICRO@29
 2485     0.01      422.457        0.037        0.038           1813        0.02        0.02    GPHLWI@20
 2486     0.01      422.457        0.037        0.038           1776        0.02        0.02    GPHLWI@29
 2487     0.01      422.457        0.037        0.038           1813        0.02        0.02    CUDDRAFN@4
 2488     0.01      422.457        0.037        0.038           1813        0.02        0.02    GPHLWI@21
 2489     0.01      422.457        0.037        0.037           1776        0.02        0.02    ACVISIH@31
 2490     0.01      422.457        0.037        0.038           1776        0.02        0.02    ACFLUSO@30
 2491     0.01      422.457        0.037        0.038           1776        0.02        0.02    GPHLWI@31
 2492     0.01      422.457        0.037        0.037           1776        0.02        0.02    ACVISIH@32
 2493     0.01      422.494        0.037        5.200          24572        0.00        0.21   *VERDISINT@1
 2494     0.01      422.494        0.037        0.037           1776        0.02        0.02    GPHLWI@30
 2495     0.01      422.494        0.037        0.037           1776        0.02        0.02    ACFLUSO@29
 2496     0.01      422.494        0.036        0.037           1813        0.02        0.02    CUDDRAFN@3
 2497     0.01      422.530        0.036        0.151           1813        0.02        0.08   *GPXX@12
 2498     0.01      422.530        0.036        0.151           1813        0.02        0.08    GPXX@8
 2499     0.01      422.530        0.036        0.037           1813        0.02        0.02    CUDDRAFN@1
 2500     0.01      422.530        0.036        0.150           1813        0.02        0.08    GPXX@15
 2501     0.01      422.530        0.036        0.151           1813        0.02        0.08    GPXX@7
 2502     0.01      422.530        0.036        0.037           1813        0.02        0.02    ACVISIH@24
 2503     0.01      422.530        0.036        0.037           1813        0.02        0.02    CUDDRAFN@2
 2504     0.01      422.530        0.036        0.151           1813        0.02        0.08    GPXX@11
 2505     0.01      422.530        0.036        0.151           1813        0.02        0.08    GPXX@10
 2506     0.01      422.530        0.036        0.150           1813        0.02        0.08    GPXX@14
 2507     0.01      422.566        0.036        0.036             37        0.97        0.97    LACDYN_PARALLEL:ZMIXNL:COMPUTE@1
 2508     0.01      422.566        0.036        0.150           1813        0.02        0.08    GPXX@16
 2509     0.01      422.566        0.036        0.149           1813        0.02        0.08    GPXX@23
 2510     0.01      422.566        0.036        0.150           1813        0.02        0.08    GPXX@9
 2511     0.01      422.566        0.036        0.037           1813        0.02        0.02    ACVISIH@20
 2512     0.01      422.566        0.036        0.037           1813        0.02        0.02    ACVISIH@22
 2513     0.01      422.566        0.036        0.150           1813        0.02        0.08    GPXX@4
 2514     0.01      422.566        0.036        0.149           1813        0.02        0.08    GPXX@2
 2515     0.01      422.566        0.036        0.149           1813        0.02        0.08    GPXX@3
 2516     0.01      422.566        0.036        0.150           1813        0.02        0.08    GPXX@13
 2517     0.01      422.566        0.036        0.037           1813        0.02        0.02    ACVISIH@23
 2518     0.01      422.566        0.036        0.037           1813        0.02        0.02    ACVISIH@18
 2519     0.01      422.566        0.036        1.433          21756        0.00        0.07    VERDISINT@17
 2520     0.01      422.566        0.036        0.036           1813        0.02        0.02    ACVISIH@17
 2521     0.01      422.566        0.036        0.149           1813        0.02        0.08    GPXX@5
 2522     0.01      422.566        0.036        0.036           1776        0.02        0.02    ACVISIH@28
 2523     0.01      422.566        0.036        0.036           1813        0.02        0.02    ACVISIH@21
 2524     0.01      422.566        0.036        0.036           1776        0.02        0.02    ACVISIH@25
 2525     0.01      422.566        0.036        0.036           1776        0.02        0.02    ACVISIH@26
 2526     0.01      422.566        0.035        0.149           1813        0.02        0.08    GPXX@6
 2527     0.01      422.566        0.035        0.150           1813        0.02        0.08    GPXX@20
 2528     0.01      422.566        0.035        0.036           1776        0.02        0.02    ACVISIH@27
 2529     0.01      422.566        0.035        0.036           1813        0.02        0.02    ACVISIH@19
 2530     0.01      422.566        0.035        0.150           1813        0.02        0.08    GPXX@1
 2531     0.01      422.566        0.035        0.149           1813        0.02        0.08    GPXX@19
 2532     0.01      422.566        0.035        0.150           1813        0.02        0.08    GPXX@17
 2533     0.01      422.566        0.035        0.148           1813        0.02        0.08    GPXX@22
 2534     0.01      422.566        0.035        0.149           1813        0.02        0.08    GPXX@24
 2535     0.01      422.566        0.035        0.036           1776        0.02        0.02    ACVISIH@30
 2536     0.01      422.566        0.035        0.149           1813        0.02        0.08    GPXX@18
 2537     0.01      422.566        0.035        0.148           1776        0.02        0.08    GPXX@27
 2538     0.01      422.566        0.035        0.150           1813        0.02        0.08    GPXX@21
 2539     0.01      422.566        0.035        0.036           1776        0.02        0.02    ACVISIH@29
 2540     0.01      422.566        0.035        1.430          21756        0.00        0.07    VERDISINT@24
 2541     0.01      422.566        0.035        1.431          21756        0.00        0.07    VERDISINT@23
 2542     0.01      422.566        0.035        0.036           1813        0.02        0.02    ACMICRO@1
 2543     0.01      422.566        0.035        0.147           1776        0.02        0.08    GPXX@25
 2544     0.01      422.601        0.035        0.086             37        0.94        2.32    APL_ARPEGE_PARALLEL:ACVISIH:COMPUTE@1
 2545     0.01      422.601        0.035        0.147           1776        0.02        0.08    GPXX@28
 2546     0.01      422.601        0.035        1.439          21756        0.00        0.07    VERDISINT@9
 2547     0.01      422.601        0.035        1.431          21756        0.00        0.07    VERDISINT@20
 2548     0.01      422.601        0.035        0.147           1776        0.02        0.08    GPXX@26
 2549     0.01      422.636        0.035       19.066             37        0.94      515.30    ACVPPKF_PARALLEL:PART1:COMPUTE@1
 2550     0.01      422.671        0.035        0.056             37        0.94        1.52    APL_ARPEGE_OCEANIC_FLUXES_PARALLEL:ACFLUSO:COMPUTE@1
 2551     0.01      422.706        0.035        0.035             37        0.94        0.94    CPUTQY_APLPAR_EXPL_PARALLEL:ZTDCP:COMPUTE@1
 2552     0.01      422.706        0.035        0.144           1776        0.02        0.08    GPXX@32
 2553     0.01      422.706        0.035        1.438          21756        0.00        0.07    VERDISINT@16
 2554     0.01      422.706        0.035        0.145           1776        0.02        0.08    GPXX@31
 2555     0.01      422.706        0.035        1.476          21756        0.00        0.07    VERDISINT@21
 2556     0.01      422.706        0.035        1.429          21756        0.00        0.07    VERDISINT@18
 2557     0.01      422.706        0.035        0.146           1776        0.02        0.08    GPXX@29
 2558     0.01      422.706        0.035        1.409          21312        0.00        0.07    VERDISINT@25
 2559     0.01      422.706        0.035        1.439          21756        0.00        0.07    VERDISINT@8
 2560     0.01      422.706        0.034        1.429          21756        0.00        0.07    VERDISINT@22
 2561     0.01      422.706        0.034        1.430          21756        0.00        0.07    VERDISINT@19
 2562     0.01      422.706        0.034        0.145           1776        0.02        0.08    GPXX@30
 2563     0.01      422.706        0.034        1.434          21756        0.00        0.07    VERDISINT@13
 2564     0.01      422.706        0.034        1.439          21756        0.00        0.07    VERDISINT@12
 2565     0.01      422.706        0.034        1.440          21756        0.00        0.07    VERDISINT@10
 2566     0.01      422.706        0.034        1.432          21756        0.00        0.07    VERDISINT@5
 2567     0.01      422.706        0.034        1.444          21756        0.00        0.07    VERDISINT@11
 2568     0.01      422.740        0.034        0.037          10920        0.00        0.00    radiation_thermodynamics:allocate_thermodynamics_arrays_CPU@1
 2569     0.01      422.740        0.034        1.438          21756        0.00        0.07    VERDISINT@7
 2570     0.01      422.740        0.034        1.474          21756        0.00        0.07    VERDISINT@6
 2571     0.01      422.740        0.034        1.462          21312        0.00        0.07    VERDISINT@27
 2572     0.01      422.740        0.034        1.408          21312        0.00        0.07    VERDISINT@26
 2573     0.01      422.740        0.034        1.409          21312        0.00        0.07    VERDISINT@28
 2574     0.01      422.740        0.034        1.475          21756        0.00        0.07    VERDISINT@15
 2575     0.01      422.740        0.033        1.431          21756        0.00        0.07    VERDISINT@14
 2576     0.01      422.773        0.033        0.036          10920        0.00        0.00    ICE_EFFECTIVE_RADIUS_CPU@1
 2577     0.01      422.773        0.033        1.396          21312        0.00        0.07    VERDISINT@29
 2578     0.01      422.806        0.033        0.633             37        0.89       17.10    APL_ARPEGE_CLOUDINESS_PARALLEL:ACNEBCOND:COMPUTE@1
 2579     0.01      422.839        0.033        0.033             36        0.91        0.91    CPG_END_SFC_PARALLEL:SET0TO1:COMPUTE@1
 2580     0.01      422.839        0.033        1.423          21756        0.00        0.07    VERDISINT@4
 2581     0.01      422.839        0.032        1.398          21312        0.00        0.07    VERDISINT@30
 2582     0.01      422.871        0.032        0.032             37        0.86        0.86    CPGLAG_PARALLEL:STR:COMPUTE@1
 2583     0.01      422.871        0.032        1.451          21312        0.00        0.07    VERDISINT@31
 2584     0.01      422.871        0.032        1.405          21312        0.00        0.07    VERDISINT@32
 2585     0.01      422.871        0.032        1.413          21756        0.00        0.06    VERDISINT@2
 2586     0.01      422.902        0.032        0.032              2       15.80       15.81    DEALXMO@1
 2587     0.01      422.902        0.032        1.415          21756        0.00        0.07    VERDISINT@3
 2588     0.01      422.934        0.031        0.032           1404        0.02        0.02    SPCSIDG_PART0NEW@1
 2589     0.01      422.964        0.030        0.056             38        0.79        1.48    SUHDU@1
 2590     0.01      422.993        0.029        0.036           1813        0.02        0.02   *ACHMT@13
 2591     0.01      422.993        0.029        0.036           1813        0.02        0.02    ACHMT@16
 2592     0.01      422.993        0.029        0.035           1813        0.02        0.02    ACHMT@12
 2593     0.01      422.993        0.029        0.035           1813        0.02        0.02    ACHMT@15
 2594     0.01      422.993        0.029        0.035           1813        0.02        0.02    ACHMT@11
 2595     0.01      422.993        0.029        0.035           1813        0.02        0.02    ACHMT@7
 2596     0.01      422.993        0.029        0.035           1813        0.02        0.02    ACHMT@8
 2597     0.01      422.993        0.029        0.035           1813        0.02        0.02    ACHMT@9
 2598     0.01      422.993        0.029        0.035           1813        0.02        0.02    ACHMT@14
 2599     0.01      422.993        0.029        0.035           1813        0.02        0.02    ACHMT@6
 2600     0.01      422.993        0.029        0.035           1813        0.02        0.02    ACHMT@10
 2601     0.01      422.993        0.029        0.035           1813        0.02        0.02    ACHMT@5
 2602     0.01      423.022        0.029        0.029             37        0.78        0.78    CPG_GP_HYD_PARALLEL:3:COMPUTE@1
 2603     0.01      423.022        0.029        0.035           1813        0.02        0.02    ACHMT@4
 2604     0.01      423.022        0.029        0.035           1813        0.02        0.02    ACHMT@3
 2605     0.01      423.051        0.029        0.029             37        0.78        0.78    GPRCP_EXPL_PARALLEL:5:COMPUTE@1
 2606     0.01      423.051        0.029        0.034           1813        0.02        0.02    ACHMT@2
 2607     0.01      423.051        0.029        0.035           1813        0.02        0.02    ACHMT@19
 2608     0.01      423.051        0.029        0.035           1813        0.02        0.02    ACHMT@23
 2609     0.01      423.051        0.028        0.035           1813        0.02        0.02    ACHMT@20
 2610     0.01      423.079        0.028        2.250           7252        0.00        0.31   *LARCINA@23
 2611     0.01      423.079        0.028        0.034           1813        0.02        0.02    ACHMT@24
 2612     0.01      423.079        0.028        0.034           1813        0.02        0.02    ACHMT@21
 2613     0.01      423.079        0.028        0.034           1813        0.02        0.02    ACHMT@22
 2614     0.01      423.079        0.028        0.035           1813        0.02        0.02    ACHMT@17
 2615     0.01      423.079        0.028        2.183           7252        0.00        0.30    LARCINA@17
 2616     0.01      423.079        0.028        0.034           1776        0.02        0.02    ACHMT@31
 2617     0.01      423.079        0.028        0.034           1813        0.02        0.02    ACHMT@18
 2618     0.01      423.079        0.028        0.034           1776        0.02        0.02    ACHMT@30
 2619     0.01      423.079        0.028        0.034           1776        0.02        0.02    ACHMT@29
 2620     0.01      423.079        0.028        0.034           1776        0.02        0.02    ACHMT@25
 2621     0.01      423.079        0.028        0.034           1776        0.02        0.02    ACHMT@28
 2622     0.01      423.079        0.028        0.034           1776        0.02        0.02    ACHMT@27
 2623     0.01      423.079        0.028        0.034           1813        0.02        0.02    ACHMT@1
 2624     0.01      423.079        0.028        0.034           1776        0.02        0.02    ACHMT@32
 2625     0.01      423.079        0.028        0.034           1776        0.02        0.02    ACHMT@26
 2626     0.01      423.079        0.028        2.222           7252        0.00        0.31    LARCINA@18
 2627     0.01      423.079        0.028        2.286           7252        0.00        0.32    LARCINA@24
 2628     0.01      423.079        0.028        2.208           7252        0.00        0.30    LARCINA@20
 2629     0.01      423.079        0.028        2.273           7252        0.00        0.31    LARCINA@22
 2630     0.01      423.079        0.028        2.227           7252        0.00        0.31    LARCINA@19
 2631     0.01      423.079        0.027        2.282           7252        0.00        0.31    LARCINA@21
 2632     0.01      423.107        0.027        0.027             37        0.74        0.74    LAPINEB_PARALLEL:ZVWEI:COMPUTE@1
 2633     0.01      423.107        0.027        2.196           7104        0.00        0.31    LARCINA@28
 2634     0.01      423.107        0.027        2.231           7104        0.00        0.31    LARCINA@27
 2635     0.01      423.133        0.027        0.257             37        0.72        6.94    APL_ARPEGE_DEEP_CONVECTION_PARALLEL:ACUPTQ:COMPUTE@1
 2636     0.01      423.133        0.027        2.225           7104        0.00        0.31    LARCINA@26
 2637     0.01      423.133        0.027        0.027           1813        0.01        0.02    ACFLUSO@2
 2638     0.01      423.133        0.027        2.210           7104        0.00        0.31    LARCINA@25
 2639     0.01      423.133        0.026        2.417           7252        0.00        0.33    LARCINA@8
 2640     0.01      423.160        0.026        0.026             37        0.71        0.71    APL_ARPEGE_RADIATION_PARALLEL:DIRECT:COMPUTE@1
 2641     0.01      423.160        0.026        2.227           7104        0.00        0.31    LARCINA@29
 2642     0.01      423.160        0.026        2.454           7252        0.00        0.34    LARCINA@7
 2643     0.01      423.160        0.026        2.213           7104        0.00        0.31    LARCINA@30
 2644     0.01      423.186        0.026        0.026            135        0.19        0.19    SUHERT@1
 2645     0.01      423.186        0.026        2.424           7252        0.00        0.33    LARCINA@16
 2646     0.01      423.186        0.026        2.458           7252        0.00        0.34    LARCINA@9
 2647     0.01      423.186        0.026        2.435           7252        0.00        0.34    LARCINA@6
 2648     0.01      423.186        0.026        2.426           7252        0.00        0.33    LARCINA@11
 2649     0.01      423.212        0.026        0.026             37        0.70        0.70    CTVTOT_EXPL_PARALLEL:0:COMPUTE@1
 2650     0.01      423.212        0.026        2.460           7252        0.00        0.34    LARCINA@12
 2651     0.01      423.212        0.026        2.216           7104        0.00        0.31    LARCINA@32
 2652     0.01      423.212        0.026        2.421           7252        0.00        0.33    LARCINA@13
 2653     0.01      423.212        0.026        2.181           7104        0.00        0.31    LARCINA@31
 2654     0.01      423.212        0.026        2.440           7252        0.00        0.34    LARCINA@10
 2655     0.01      423.238        0.026        1.951             37        0.70       52.72    LARCINB_PARALLEL:LAITRE_GMV:COMPUTE@1
 2656     0.01      423.238        0.026        2.435           7252        0.00        0.34    LARCINA@15
 2657     0.01      423.263        0.026        0.029          10920        0.00        0.00    CLOUD_OVERLAP_DECORR_LEN_CPU@1
 2658     0.01      423.263        0.026        2.424           7252        0.00        0.33    LARCINA@5
 2659     0.01      423.289        0.026        0.027           1813        0.01        0.01   *FL2HL@6
 2660     0.01      423.289        0.026        0.033          18130        0.00        0.00    VERINTS@17
 2661     0.01      423.289        0.026        0.032          18130        0.00        0.00    VERINTS@24
 2662     0.01      423.289        0.026        0.032          18130        0.00        0.00    VERINTS@18
 2663     0.01      423.289        0.025        0.032          18130        0.00        0.00    VERINTS@22
 2664     0.01      423.289        0.025        0.032          18130        0.00        0.00    VERINTS@20
 2665     0.01      423.289        0.025        0.032          18130        0.00        0.00    VERINTS@23
 2666     0.01      423.289        0.025        0.032          18130        0.00        0.00    VERINTS@21
 2667     0.01      423.289        0.025        2.429           7252        0.00        0.33    LARCINA@14
 2668     0.01      423.289        0.025        0.032          18130        0.00        0.00    VERINTS@19
 2669     0.01      423.289        0.025        0.032          18130        0.00        0.00    VERINTS@5
 2670     0.01      423.289        0.025        0.032          18130        0.00        0.00    VERINTS@8
 2671     0.01      423.289        0.025        0.032          18130        0.00        0.00    VERINTS@7
 2672     0.01      423.289        0.025        0.026           1813        0.01        0.01    FL2HL@13
 2673     0.01      423.289        0.025        2.424           7252        0.00        0.33    LARCINA@4
 2674     0.01      423.289        0.025        0.032          18130        0.00        0.00    VERINTS@6
 2675     0.01      423.289        0.025        0.032          17760        0.00        0.00    VERINTS@25
 2676     0.01      423.289        0.025        0.026           1813        0.01        0.01    FL2HL@5
 2677     0.01      423.289        0.025        0.032          18130        0.00        0.00    VERINTS@9
 2678     0.01      423.289        0.025        0.032          18130        0.00        0.00    VERINTS@13
 2679     0.01      423.289        0.025        0.032          18130        0.00        0.00    VERINTS@11
 2680     0.01      423.289        0.025        0.032          18130        0.00        0.00    VERINTS@16
 2681     0.01      423.289        0.025        0.032          18130        0.00        0.00    VERINTS@12
 2682     0.01      423.289        0.025        0.032          17760        0.00        0.00    VERINTS@28
 2683     0.01      423.289        0.025        2.402           7252        0.00        0.33    LARCINA@1
 2684     0.01      423.289        0.025        0.032          18130        0.00        0.00    VERINTS@10
 2685     0.01      423.289        0.025        0.032          18130        0.00        0.00    VERINTS@14
 2686     0.01      423.289        0.025        2.389           7252        0.00        0.33    LARCINA@3
 2687     0.01      423.289        0.025        0.026           1813        0.01        0.01    FL2HL@11
 2688     0.01      423.289        0.025        0.032          17760        0.00        0.00    VERINTS@26
 2689     0.01      423.289        0.025        0.026           1813        0.01        0.01    FL2HL@7
 2690     0.01      423.289        0.025        0.026           1813        0.01        0.01    FL2HL@8
 2691     0.01      423.314        0.025        0.028           8880        0.00        0.00   *ACNPART_CLOUD_COVER@26
 2692     0.01      423.314        0.025        0.031          17760        0.00        0.00    VERINTS@27
 2693     0.01      423.314        0.025        2.390           7252        0.00        0.33    LARCINA@2
 2694     0.01      423.314        0.025        0.031          18130        0.00        0.00    VERINTS@15
 2695     0.01      423.314        0.025        0.031          18130        0.00        0.00    VERINTS@3
 2696     0.01      423.338        0.025        0.025             31        0.79        0.80    FAREOR_MT64@1
 2697     0.01      423.338        0.025        0.031          18130        0.00        0.00    VERINTS@4
 2698     0.01      423.338        0.025        0.025           1813        0.01        0.01    FL2HL@10
 2699     0.01      423.338        0.025        0.031          17760        0.00        0.00    VERINTS@30
 2700     0.01      423.338        0.024        0.031          17760        0.00        0.00    VERINTS@29
 2701     0.01      423.338        0.024        0.025           1813        0.01        0.01    FL2HL@12
 2702     0.01      423.338        0.024        0.031          17760        0.00        0.00    VERINTS@31
 2703     0.01      423.338        0.024        0.025           1813        0.01        0.01    FL2HL@14
 2704     0.01      423.338        0.024        0.030          17760        0.00        0.00    VERINTS@32
 2705     0.01      423.338        0.024        0.025           1813        0.01        0.01    FL2HL@9
 2706     0.01      423.338        0.024        0.030          18130        0.00        0.00    VERINTS@2
 2707     0.01      423.362        0.024        0.024             37        0.65        0.65    CPG_PARALLEL:LSMTSOL:COMPUTE@1
 2708     0.01      423.387        0.024        0.027           7252        0.00        0.00   *CUBIDIAG@13
 2709     0.01      423.387        0.024        0.027           7252        0.00        0.00    CUBIDIAG@14
 2710     0.01      423.387        0.024        0.025           1813        0.01        0.01    FL2HL@4
 2711     0.01      423.387        0.024        0.027           7252        0.00        0.00    CUBIDIAG@17
 2712     0.01      423.387        0.024        0.027           7252        0.00        0.00    CUBIDIAG@18
 2713     0.01      423.387        0.024        0.027           7252        0.00        0.00    CUBIDIAG@21
 2714     0.01      423.387        0.024        0.027           7252        0.00        0.00    CUBIDIAG@24
 2715     0.01      423.387        0.024        0.027           7252        0.00        0.00    CUBIDIAG@12
 2716     0.01      423.410        0.024        0.027          10920        0.00        0.00    radiation_cloud:deallocate_cloud_arrays_CPU@1
 2717     0.01      423.434        0.024        0.771             37        0.65       20.84    LARCINB_PARALLEL:LCOMAD_SP:COMPUTE@1
 2718     0.01      423.434        0.024        0.027           7252        0.00        0.00    CUBIDIAG@16
 2719     0.01      423.458        0.024        0.547             39        0.61       14.03    SPNORM@1
 2720     0.01      423.458        0.024        0.027           7252        0.00        0.00    CUBIDIAG@23
 2721     0.01      423.458        0.024        0.027           7252        0.00        0.00    CUBIDIAG@20
 2722     0.01      423.458        0.024        0.026           7252        0.00        0.00    CUBIDIAG@15
 2723     0.01      423.458        0.024        0.026           7252        0.00        0.00    CUBIDIAG@19
 2724     0.01      423.458        0.024        0.026           7252        0.00        0.00    CUBIDIAG@22
 2725     0.01      423.458        0.023        0.026           7104        0.00        0.00    CUBIDIAG@25
 2726     0.01      423.482        0.023        0.026          10920        0.00        0.00    radiation_thermodynamics:deallocate_thermodynamics_arrays_CPU@1
 2727     0.01      423.482        0.023        0.026           7252        0.00        0.00    CUBIDIAG@11
 2728     0.01      423.482        0.023        0.024           1813        0.01        0.01    FL2HL@3
 2729     0.01      423.482        0.023        0.024           1813        0.01        0.01    FL2HL@16
 2730     0.01      423.482        0.023        0.026           7104        0.00        0.00    CUBIDIAG@26
 2731     0.01      423.482        0.023        0.024           1813        0.01        0.01    FL2HL@1
 2732     0.01      423.482        0.023        0.024           1813        0.01        0.01    FL2HL@2
 2733     0.01      423.482        0.023        0.026           7104        0.00        0.00    CUBIDIAG@28
 2734     0.01      423.505        0.023        0.744             37        0.62       20.10    LARCINB_PARALLEL:NTLAG_3:COMPUTE@1
 2735     0.01      423.505        0.023        0.026           7104        0.00        0.00    CUBIDIAG@27
 2736     0.01      423.528        0.023        1.291             37        0.62       34.90    APL_ARPEGE_RADIATION_PARALLEL:ACDAYD:COMPUTE@1
 2737     0.01      423.550        0.023        0.372             74        0.31        5.02    GPMPFC_EXPL_PARALLEL:1:COMPUTE@1
 2738     0.01      423.573        0.023        0.258             37        0.62        6.98    APL_ARPEGE_PARALLEL:ACDRAG:COMPUTE@1
 2739     0.01      423.573        0.023        0.025           7104        0.00        0.00    CUBIDIAG@29
 2740     0.01      423.573        0.023        0.024           1813        0.01        0.01    FL2HL@15
 2741     0.01      423.573        0.023        0.025           7252        0.00        0.00    CUBIDIAG@1
 2742     0.01      423.573        0.022        0.025           7104        0.00        0.00    CUBIDIAG@30
 2743     0.01      423.573        0.022        0.025           7104        0.00        0.00    CUBIDIAG@31
 2744     0.01      423.595        0.022        0.022             13        1.70        1.70    GRIB_API:IGRIB_SET_CHAR@1
 2745     0.01      423.617        0.022        0.022             37        0.60        0.60    CPXFU_PARALLEL:2:COMPUTE@1
 2746     0.01      423.617        0.022        0.025           7252        0.00        0.00    CUBIDIAG@10
 2747     0.01      423.639        0.022        0.022             74        0.30        0.30    SLEXTPOL3@1
 2748     0.01      423.661        0.022        0.704             37        0.59       19.03    LARCINB_PARALLEL:NVLAG_3:COMPUTE@1
 2749     0.01      423.661        0.022        0.024           7104        0.00        0.00    CUBIDIAG@32
 2750     0.01      423.661        0.022        0.025           7252        0.00        0.00    CUBIDIAG@8
 2751     0.01      423.661        0.022        0.024           7252        0.00        0.00    CUBIDIAG@9
 2752     0.01      423.682        0.021        0.455             37        0.58       12.31    APL_ARPEGE_PARALLEL:APLPAR_INIT:COMPUTE@1
 2753     0.00      423.682        0.021        0.024           7252        0.00        0.00    CUBIDIAG@7
 2754     0.00      423.704        0.021        0.021             37        0.57        0.57    CPG_PARALLEL:ISETTLOFF:COMPUTE@1
 2755     0.00      423.704        0.021        0.023           7252        0.00        0.00    CUBIDIAG@2
 2756     0.00      423.725        0.021        0.024           7252        0.00        0.00   *DPRECIPS_XFU@9
 2757     0.00      423.725        0.021        0.024           7252        0.00        0.00    DPRECIPS_XFU@17
 2758     0.00      423.725        0.021        0.024           7252        0.00        0.00    DPRECIPS_XFU@18
 2759     0.00      423.725        0.021        0.023           7252        0.00        0.00    CUBIDIAG@4
 2760     0.00      423.725        0.021        0.024           7252        0.00        0.00    DPRECIPS_XFU@23
 2761     0.00      423.746        0.021        0.708              1       20.91      708.30    SUSPECA@1
 2762     0.00      423.746        0.021        0.023           7252        0.00        0.00    DPRECIPS_XFU@11
 2763     0.00      423.746        0.021        0.024           7252        0.00        0.00    DPRECIPS_XFU@14
 2764     0.00      423.746        0.021        0.022           1813        0.01        0.01    ACFLUSO@1
 2765     0.00      423.746        0.021        0.023           7252        0.00        0.00    DPRECIPS_XFU@24
 2766     0.00      423.746        0.021        0.024           7252        0.00        0.00    CUBIDIAG@5
 2767     0.00      423.766        0.021        0.022           1813        0.01        0.01   *ACSOLW@6
 2768     0.00      423.766        0.021        0.023           7252        0.00        0.00    DPRECIPS_XFU@10
 2769     0.00      423.766        0.021        0.023           7252        0.00        0.00    DPRECIPS_XFU@19
 2770     0.00      423.766        0.021        0.022           1813        0.01        0.01    ACSOLW@22
 2771     0.00      423.766        0.021        0.023           7252        0.00        0.00    DPRECIPS_XFU@15
 2772     0.00      423.766        0.021        0.023           7252        0.00        0.00    DPRECIPS_XFU@12
 2773     0.00      423.766        0.021        0.024           7252        0.00        0.00    DPRECIPS_XFU@13
 2774     0.00      423.766        0.021        0.023           7252        0.00        0.00    DPRECIPS_XFU@22
 2775     0.00      423.766        0.021        0.023           7252        0.00        0.00    DPRECIPS_XFU@20
 2776     0.00      423.766        0.021        0.023           7252        0.00        0.00    DPRECIPS_XFU@21
 2777     0.00      423.766        0.021        0.023           7252        0.00        0.00    DPRECIPS_XFU@16
 2778     0.00      423.766        0.021        0.023           7252        0.00        0.00    CUBIDIAG@3
 2779     0.00      423.766        0.021        0.023           7252        0.00        0.00    DPRECIPS_XFU@7
 2780     0.00      423.766        0.021        0.023           7252        0.00        0.00    DPRECIPS_XFU@8
 2781     0.00      423.766        0.021        0.023           7252        0.00        0.00    DPRECIPS_XFU@6
 2782     0.00      423.766        0.021        0.023           7252        0.00        0.00    DPRECIPS_XFU@5
 2783     0.00      423.766        0.021        0.023           7252        0.00        0.00    CUBIDIAG@6
 2784     0.00      423.766        0.020        0.023           7104        0.00        0.00    DPRECIPS_XFU@25
 2785     0.00      423.766        0.020        0.023           7104        0.00        0.00    DPRECIPS_XFU@26
 2786     0.00      423.787        0.020        0.021              1       20.40       20.83    IOGRID_MOD:IOGRID_SELECTFY@1
 2787     0.00      423.787        0.020        0.023           7104        0.00        0.00    DPRECIPS_XFU@28
 2788     0.00      423.787        0.020        0.023           7104        0.00        0.00    DPRECIPS_XFU@27
 2789     0.00      423.807        0.020        0.187           1813        0.01        0.10   *SITNU_GP@19
 2790     0.00      423.807        0.020        0.186           1813        0.01        0.10    SITNU_GP@7
 2791     0.00      423.807        0.020        0.187           1813        0.01        0.10    SITNU_GP@23
 2792     0.00      423.827        0.020        0.020              1       20.15       20.15    KPP_WSCALE_MOD:KPP_WSCALE@1
 2793     0.00      423.827        0.020        0.187           1813        0.01        0.10    SITNU_GP@20
 2794     0.00      423.847        0.020        0.276             37        0.54        7.47    CPG_GP_PARALLEL:GPINISLB_PART1_EXPL:COMPUTE@1
 2795     0.00      423.847        0.020        0.022           7104        0.00        0.00    DPRECIPS_XFU@29
 2796     0.00      423.847        0.020        0.022           7104        0.00        0.00    DPRECIPS_XFU@30
 2797     0.00      423.847        0.020        0.186           1813        0.01        0.10    SITNU_GP@22
 2798     0.00      423.867        0.020        0.053             37        0.54        1.43    APL_ARPEGE_PARALLEL:ACSOL:COMPUTE@1
 2799     0.00      423.867        0.020        0.022           7252        0.00        0.00    DPRECIPS_XFU@2
 2800     0.00      423.867        0.020        0.186           1813        0.01        0.10    SITNU_GP@24
 2801     0.00      423.867        0.020        0.187           1813        0.01        0.10    SITNU_GP@18
 2802     0.00      423.867        0.020        0.022           7104        0.00        0.00    DPRECIPS_XFU@31
 2803     0.00      423.867        0.020        0.022           7252        0.00        0.00    DPRECIPS_XFU@4
 2804     0.00      423.867        0.020        0.186           1813        0.01        0.10    SITNU_GP@10
 2805     0.00      423.867        0.020        0.022           7252        0.00        0.00    DPRECIPS_XFU@3
 2806     0.00      423.867        0.020        0.186           1813        0.01        0.10    SITNU_GP@11
 2807     0.00      423.867        0.020        0.022           7104        0.00        0.00    DPRECIPS_XFU@32
 2808     0.00      423.867        0.020        0.186           1813        0.01        0.10    SITNU_GP@8
 2809     0.00      423.867        0.020        0.186           1813        0.01        0.10    SITNU_GP@17
 2810     0.00      423.867        0.020        0.021           1813        0.01        0.01    ACSOLW@5
 2811     0.00      423.867        0.020        0.184           1776        0.01        0.10    SITNU_GP@28
 2812     0.00      423.867        0.020        0.021           1813        0.01        0.01    ACSOLW@14
 2813     0.00      423.867        0.020        0.185           1813        0.01        0.10    SITNU_GP@13
 2814     0.00      423.867        0.020        0.183           1776        0.01        0.10    SITNU_GP@25
 2815     0.00      423.867        0.020        0.186           1813        0.01        0.10    SITNU_GP@16
 2816     0.00      423.867        0.020        0.186           1813        0.01        0.10    SITNU_GP@9
 2817     0.00      423.867        0.020        0.183           1776        0.01        0.10    SITNU_GP@26
 2818     0.00      423.867        0.020        0.186           1813        0.01        0.10    SITNU_GP@12
 2819     0.00      423.867        0.020        0.185           1813        0.01        0.10    SITNU_GP@14
 2820     0.00      423.867        0.020        0.185           1813        0.01        0.10    SITNU_GP@5
 2821     0.00      423.867        0.020        0.182           1776        0.01        0.10    SITNU_GP@29
 2822     0.00      423.867        0.020        0.020           1813        0.01        0.01    ACSOLW@9
 2823     0.00      423.867        0.020        0.022           7252        0.00        0.00    DPRECIPS_XFU@1
 2824     0.00      423.867        0.019        0.182           1776        0.01        0.10    SITNU_GP@30
 2825     0.00      423.867        0.019        0.020           1813        0.01        0.01    ACSOLW@7
 2826     0.00      423.867        0.019        0.196           1813        0.01        0.11    SITNU_GP@6
 2827     0.00      423.867        0.019        0.020           1813        0.01        0.01    ACSOLW@8
 2828     0.00      423.867        0.019        0.020           1813        0.01        0.01    ACSOLW@16
 2829     0.00      423.867        0.019        0.199           1813        0.01        0.11    SITNU_GP@21
 2830     0.00      423.867        0.019        0.020           1813        0.01        0.01    ACSOLW@10
 2831     0.00      423.887        0.019        0.976             37        0.52       26.38    CPG_SL1B_TYPE_SHUFFLE_HOST_PARALLEL@1
 2832     0.00      423.887        0.019        0.020           1813        0.01        0.01    ACSOLW@18
 2833     0.00      423.887        0.019        0.197           1813        0.01        0.11    SITNU_GP@15
 2834     0.00      423.887        0.019        0.020           1813        0.01        0.01    ACSOLW@17
 2835     0.00      423.887        0.019        0.020           1813        0.01        0.01    ACSOLW@15
 2836     0.00      423.906        0.019        0.273             74        0.26        3.69    LAPINEB_PARALLEL:ROTUVGEO:COMPUTE@1
 2837     0.00      423.906        0.019        0.020           1813        0.01        0.01    ACSOLW@21
 2838     0.00      423.906        0.019        0.020           1813        0.01        0.01    ACSOLW@20
 2839     0.00      423.906        0.019        0.189           1776        0.01        0.11    SITNU_GP@32
 2840     0.00      423.906        0.019        0.020           1813        0.01        0.01    ACSOLW@2
 2841     0.00      423.906        0.019        0.198           1776        0.01        0.11    SITNU_GP@27
 2842     0.00      423.906        0.019        0.197           1776        0.01        0.11    SITNU_GP@31
 2843     0.00      423.906        0.019        0.181           1813        0.01        0.10    SITNU_GP@4
 2844     0.00      423.925        0.019        0.019             36        0.52        0.52    CPCFU_PARALLEL:1:COMPUTE@1
 2845     0.00      423.925        0.019        0.020           1813        0.01        0.01    ACSOLW@12
 2846     0.00      423.925        0.019        0.020           1813        0.01        0.01    ACSOLW@11
 2847     0.00      423.925        0.019        0.019           1776        0.01        0.01    ACSOLW@29
 2848     0.00      423.925        0.019        0.019           1813        0.01        0.01    ACSOLW@3
 2849     0.00      423.925        0.019        0.019           1813        0.01        0.01    ACSOLW@4
 2850     0.00      423.925        0.019        0.019           1813        0.01        0.01    ACSOLW@24
 2851     0.00      423.925        0.019        0.019           1813        0.01        0.01    ACSOLW@19
 2852     0.00      423.925        0.019        0.019           1776        0.01        0.01    ACSOLW@28
 2853     0.00      423.943        0.019        0.039           1813        0.01        0.02   *ACSOL@2
 2854     0.00      423.962        0.019        0.019              1       18.56       18.59    SPECTRAL_FIELDS_MOD:CREATE_SPEC@1
 2855     0.00      423.962        0.019        0.019           1813        0.01        0.01    ACSOLW@13
 2856     0.00      423.962        0.019        0.019           1776        0.01        0.01    ACSOLW@25
 2857     0.00      423.962        0.019        0.019           1813        0.01        0.01    ACSOLW@23
 2858     0.00      423.962        0.018        0.019           1776        0.01        0.01    ACSOLW@32
 2859     0.00      423.962        0.018        0.019           1776        0.01        0.01    ACSOLW@30
 2860     0.00      423.962        0.018        0.019           1776        0.01        0.01    ACSOLW@27
 2861     0.00      423.962        0.018        0.038           1813        0.01        0.02    ACSOL@3
 2862     0.00      423.962        0.018        0.038           1776        0.01        0.02    ACSOL@29
 2863     0.00      423.962        0.018        0.038           1813        0.01        0.02    ACSOL@19
 2864     0.00      423.962        0.018        0.033           1813        0.01        0.02    ACSOL@1
 2865     0.00      423.980        0.018        0.018             37        0.48        0.48    CPGLAG_PARALLEL:1:COMPUTE@1
 2866     0.00      423.980        0.018        0.019           1776        0.01        0.01    FL2HL@26
 2867     0.00      423.980        0.018        0.019           1776        0.01        0.01    ACSOLW@26
 2868     0.00      423.980        0.018        0.038           1776        0.01        0.02    ACSOL@30
 2869     0.00      423.980        0.018        0.018           1776        0.01        0.01    ACSOLW@31
 2870     0.00      423.980        0.018        0.039           1813        0.01        0.02    ACSOL@8
 2871     0.00      423.997        0.018        0.160           1813        0.01        0.09   *GPGEO_EXPL@7
 2872     0.00      423.997        0.018        0.160           1813        0.01        0.09    GPGEO_EXPL@8
 2873     0.00      423.997        0.018        0.038           1813        0.01        0.02    ACSOL@12
 2874     0.00      423.997        0.018        0.160           1813        0.01        0.09    GPGEO_EXPL@12
 2875     0.00      423.997        0.018        0.038           1813        0.01        0.02    ACSOL@15
 2876     0.00      423.997        0.018        0.038           1813        0.01        0.02    ACSOL@23
 2877     0.00      423.997        0.018        0.162           1813        0.01        0.09    GPGEO_EXPL@11
 2878     0.00      423.997        0.018        0.037           1776        0.01        0.02    ACSOL@31
 2879     0.00      423.997        0.018        0.160           1813        0.01        0.09    GPGEO_EXPL@16
 2880     0.00      423.997        0.018        0.038           1776        0.01        0.02    ACSOL@28
 2881     0.00      423.997        0.018        0.039           1813        0.01        0.02    ACSOL@9
 2882     0.00      423.997        0.018        0.038           1813        0.01        0.02    ACSOL@24
 2883     0.00      423.997        0.018        0.038           1813        0.01        0.02    ACSOL@7
 2884     0.00      423.997        0.017        0.038           1813        0.01        0.02    ACSOL@16
 2885     0.00      423.997        0.017        0.037           1776        0.01        0.02    ACSOL@32
 2886     0.00      423.997        0.017        0.038           1813        0.01        0.02    ACSOL@18
 2887     0.00      423.997        0.017        0.038           1813        0.01        0.02    ACSOL@11
 2888     0.00      423.997        0.017        0.037           1813        0.01        0.02    ACSOL@4
 2889     0.00      423.997        0.017        0.039           1813        0.01        0.02    ACSOL@5
 2890     0.00      423.997        0.017        0.038           1813        0.01        0.02    ACSOL@10
 2891     0.00      423.997        0.017        0.038           1813        0.01        0.02    ACSOL@13
 2892     0.00      423.997        0.017        0.040           1813        0.01        0.02    ACSOL@6
 2893     0.00      423.997        0.017        0.037           1776        0.01        0.02    ACSOL@25
 2894     0.00      423.997        0.017        0.037           1776        0.01        0.02    ACSOL@27
 2895     0.00      423.997        0.017        0.038           1813        0.01        0.02    ACSOL@21
 2896     0.00      423.997        0.017        0.038           1813        0.01        0.02    ACSOL@20
 2897     0.00      423.997        0.017        0.037           1776        0.01        0.02    ACSOL@26
 2898     0.00      423.997        0.017        0.159           1813        0.01        0.09    GPGEO_EXPL@9
 2899     0.00      423.997        0.017        0.159           1813        0.01        0.09    GPGEO_EXPL@4
 2900     0.00      423.997        0.017        0.159           1813        0.01        0.09    GPGEO_EXPL@15
 2901     0.00      423.997        0.017        0.160           1813        0.01        0.09    GPGEO_EXPL@10
 2902     0.00      423.997        0.017        0.038           1813        0.01        0.02    ACSOL@17
 2903     0.00      424.015        0.017        0.020          10920        0.00        0.00    radiation_gas:put_well_mixed_gas_CPU@1
 2904     0.00      424.015        0.017        0.159           1813        0.01        0.09    GPGEO_EXPL@6
 2905     0.00      424.015        0.017        0.158           1813        0.01        0.09    GPGEO_EXPL@5
 2906     0.00      424.015        0.017        0.159           1813        0.01        0.09    GPGEO_EXPL@13
 2907     0.00      424.015        0.017        0.159           1813        0.01        0.09    GPGEO_EXPL@14
 2908     0.00      424.032        0.017        0.020          10920        0.00        0.00    radiation_aerosol:deallocate_aerosol_arrays_CPU@1
 2909     0.00      424.032        0.017        0.158           1813        0.01        0.09    GPGEO_EXPL@1
 2910     0.00      424.032        0.017        0.038           1813        0.01        0.02    ACSOL@14
 2911     0.00      424.032        0.017        0.158           1813        0.01        0.09    GPGEO_EXPL@3
 2912     0.00      424.032        0.017        0.039           1813        0.01        0.02    ACSOL@22
 2913     0.00      424.048        0.016        0.017             37        0.45        0.45    LASSIE_PARALLEL:GPRCP:COMPUTE@1
 2914     0.00      424.064        0.016        0.018           5439        0.00        0.00   *HL2FL@16
 2915     0.00      424.081        0.016        0.017           1813        0.01        0.01   *ACDROV@4
 2916     0.00      424.081        0.016        0.157           1813        0.01        0.09    GPGEO_EXPL@2
 2917     0.00      424.081        0.016        0.017           1813        0.01        0.01    ACDROV@3
 2918     0.00      424.081        0.016        0.018           5439        0.00        0.00    HL2FL@8
 2919     0.00      424.081        0.016        0.018           5439        0.00        0.00    HL2FL@11
 2920     0.00      424.081        0.016        0.018           5439        0.00        0.00    HL2FL@12
 2921     0.00      424.081        0.016        0.017           1813        0.01        0.01    ACDROV@2
 2922     0.00      424.081        0.016        0.018           5439        0.00        0.00    HL2FL@7
 2923     0.00      424.081        0.016        0.018           5439        0.00        0.00    HL2FL@1
 2924     0.00      424.081        0.016        0.018           5439        0.00        0.00    HL2FL@6
 2925     0.00      424.081        0.016        0.018           5439        0.00        0.00    HL2FL@9
 2926     0.00      424.081        0.016        0.018           5439        0.00        0.00    HL2FL@14
 2927     0.00      424.081        0.016        0.018           5439        0.00        0.00    HL2FL@13
 2928     0.00      424.097        0.016        0.017           1813        0.01        0.01   *SATUR@1
 2929     0.00      424.097        0.016        0.018           5439        0.00        0.00    HL2FL@5
 2930     0.00      424.097        0.016        0.017           1813        0.01        0.01    ACDROV@1
 2931     0.00      424.097        0.016        0.018           5439        0.00        0.00    HL2FL@10
 2932     0.00      424.097        0.016        0.018           5439        0.00        0.00    HL2FL@15
 2933     0.00      424.097        0.016        0.017           1813        0.01        0.01    SATUR@9
 2934     0.00      424.097        0.016        0.017           1813        0.01        0.01    SATUR@13
 2935     0.00      424.097        0.016        0.017           1813        0.01        0.01    SATUR@11
 2936     0.00      424.097        0.016        0.018           5439        0.00        0.00    HL2FL@3
 2937     0.00      424.097        0.016        0.017           1813        0.01        0.01    SATUR@17
 2938     0.00      424.097        0.016        0.018           5439        0.00        0.00    HL2FL@4
 2939     0.00      424.097        0.016        0.017           1813        0.01        0.01    SATUR@12
 2940     0.00      424.097        0.016        0.017           1813        0.01        0.01    SATUR@8
 2941     0.00      424.097        0.016        0.017           1813        0.01        0.01    SATUR@7
 2942     0.00      424.097        0.016        0.017           1813        0.01        0.01    ACDROV@12
 2943     0.00      424.097        0.016        0.017           1813        0.01        0.01    ACDROV@10
 2944     0.00      424.097        0.016        0.017           1813        0.01        0.01    SATUR@22
 2945     0.00      424.097        0.016        0.017           1813        0.01        0.01    SATUR@19
 2946     0.00      424.097        0.016        0.017           1813        0.01        0.01    SATUR@6
 2947     0.00      424.097        0.016        0.017           1813        0.01        0.01    ACDROV@9
 2948     0.00      424.097        0.016        0.017           1813        0.01        0.01    SATUR@4
 2949     0.00      424.097        0.016        0.017           1813        0.01        0.01    SATUR@16
 2950     0.00      424.097        0.016        0.017           1813        0.01        0.01    ACDROV@11
 2951     0.00      424.097        0.016        0.017           1813        0.01        0.01    SATUR@18
 2952     0.00      424.097        0.016        0.017           1813        0.01        0.01    SATUR@10
 2953     0.00      424.097        0.016        0.017           1813        0.01        0.01    SATUR@23
 2954     0.00      424.097        0.016        0.017           1813        0.01        0.01    SATUR@24
 2955     0.00      424.097        0.016        0.017           1813        0.01        0.01    SATUR@5
 2956     0.00      424.097        0.016        0.017           1813        0.01        0.01    SATUR@21
 2957     0.00      424.097        0.016        0.017           1813        0.01        0.01    SATUR@14
 2958     0.00      424.097        0.016        0.017           1813        0.01        0.01    SATUR@20
 2959     0.00      424.097        0.016        0.016           1813        0.01        0.01    SATUR@3
 2960     0.00      424.097        0.016        0.017           1813        0.01        0.01    ACDROV@8
 2961     0.00      424.097        0.016        0.016           1813        0.01        0.01    SATUR@2
 2962     0.00      424.097        0.016        0.016           1776        0.01        0.01    SATUR@27
 2963     0.00      424.097        0.016        0.017           1813        0.01        0.01    ACDROV@13
 2964     0.00      424.097        0.016        0.016           1813        0.01        0.01    SATUR@15
 2965     0.00      424.097        0.016        0.018           5439        0.00        0.00    HL2FL@24
 2966     0.00      424.097        0.016        0.018           5439        0.00        0.00    HL2FL@22
 2967     0.00      424.097        0.016        0.016           1813        0.01        0.01    ACDROV@6
 2968     0.00      424.097        0.016        0.017           1813        0.01        0.01    ACDROV@16
 2969     0.00      424.097        0.016        0.016           1776        0.01        0.01    SATUR@25
 2970     0.00      424.097        0.016        0.018           5439        0.00        0.00    HL2FL@23
 2971     0.00      424.097        0.016        0.017           5439        0.00        0.00    HL2FL@20
 2972     0.00      424.097        0.016        0.016           1813        0.01        0.01    ACDROV@5
 2973     0.00      424.097        0.016        0.016           1776        0.01        0.01    SATUR@26
 2974     0.00      424.097        0.016        0.016           1776        0.01        0.01    SATUR@29
 2975     0.00      424.097        0.016        0.017           5439        0.00        0.00    HL2FL@2
 2976     0.00      424.097        0.016        0.016           1813        0.01        0.01    ACDROV@15
 2977     0.00      424.097        0.016        0.016           1776        0.01        0.01    SATUR@28
 2978     0.00      424.097        0.016        0.017           5439        0.00        0.00    HL2FL@19
 2979     0.00      424.097        0.016        0.017           5439        0.00        0.00    HL2FL@18
 2980     0.00      424.097        0.016        0.016           1813        0.01        0.01    ACDROV@7
 2981     0.00      424.097        0.016        0.016           1776        0.01        0.01    SATUR@30
 2982     0.00      424.097        0.016        0.157           1813        0.01        0.09    GPGEO_EXPL@23
 2983     0.00      424.097        0.015        0.157           1813        0.01        0.09    GPGEO_EXPL@24
 2984     0.00      424.097        0.015        0.016           1813        0.01        0.01    ACDROV@14
 2985     0.00      424.097        0.015        0.017           5439        0.00        0.00    HL2FL@17
 2986     0.00      424.097        0.015        0.157           1813        0.01        0.09    GPGEO_EXPL@20
 2987     0.00      424.112        0.015        0.015             36        0.43        0.43    CPCFU_PARALLEL:2:COMPUTE@1
 2988     0.00      424.112        0.015        0.157           1813        0.01        0.09    GPGEO_EXPL@19
 2989     0.00      424.112        0.015        0.016           1776        0.01        0.01    SATUR@31
 2990     0.00      424.112        0.015        0.157           1813        0.01        0.09    GPGEO_EXPL@17
 2991     0.00      424.112        0.015        0.017           5439        0.00        0.00    HL2FL@21
 2992     0.00      424.112        0.015        0.155           1776        0.01        0.09    GPGEO_EXPL@27
 2993     0.00      424.112        0.015        0.016           1776        0.01        0.01    SATUR@32
 2994     0.00      424.112        0.015        0.017           5328        0.00        0.00    HL2FL@27
 2995     0.00      424.112        0.015        0.017           5328        0.00        0.00    HL2FL@29
 2996     0.00      424.112        0.015        0.154           1776        0.01        0.09    GPGEO_EXPL@28
 2997     0.00      424.112        0.015        0.017           5328        0.00        0.00    HL2FL@25
 2998     0.00      424.112        0.015        0.017           5328        0.00        0.00    HL2FL@28
 2999     0.00      424.112        0.015        0.152           1776        0.01        0.09    GPGEO_EXPL@32
 3000     0.00      424.112        0.015        0.157           1813        0.01        0.09    GPGEO_EXPL@22
 3001     0.00      424.112        0.015        0.156           1813        0.01        0.09    GPGEO_EXPL@21
 3002     0.00      424.112        0.015        0.017           5328        0.00        0.00    HL2FL@26
 3003     0.00      424.112        0.015        0.153           1776        0.01        0.09    GPGEO_EXPL@31
 3004     0.00      424.112        0.015        0.156           1813        0.01        0.09    GPGEO_EXPL@18
 3005     0.00      424.112        0.015        0.017           5328        0.00        0.00    HL2FL@30
 3006     0.00      424.112        0.015        0.017           5328        0.00        0.00    HL2FL@31
 3007     0.00      424.112        0.015        0.017           5328        0.00        0.00    HL2FL@32
 3008     0.00      424.112        0.015        0.154           1776        0.01        0.09    GPGEO_EXPL@26
 3009     0.00      424.127        0.015        0.155           1813        0.01        0.09   *GPGW@16
 3010     0.00      424.127        0.015        0.154           1776        0.01        0.09    GPGEO_EXPL@25
 3011     0.00      424.127        0.015        0.155           1813        0.01        0.09    GPGW@9
 3012     0.00      424.127        0.015        0.018           9065        0.00        0.00    ACNPART_CLOUD_COVER@10
 3013     0.00      424.127        0.015        0.017           9065        0.00        0.00    ACNPART_CLOUD_COVER@15
 3014     0.00      424.127        0.015        0.152           1776        0.01        0.09    GPGEO_EXPL@29
 3015     0.00      424.127        0.015        0.155           1813        0.01        0.09    GPGW@13
 3016     0.00      424.127        0.015        0.017           9065        0.00        0.00    ACNPART_CLOUD_COVER@7
 3017     0.00      424.127        0.015        0.017           9065        0.00        0.00    ACNPART_CLOUD_COVER@14
 3018     0.00      424.127        0.015        0.017           9065        0.00        0.00    ACNPART_CLOUD_COVER@6
 3019     0.00      424.127        0.015        0.015           1776        0.01        0.01    ACVEG@32
 3020     0.00      424.127        0.015        0.017           9065        0.00        0.00    ACNPART_CLOUD_COVER@8
 3021     0.00      424.127        0.015        0.155           1813        0.01        0.09    GPGW@7
 3022     0.00      424.127        0.015        0.017           9065        0.00        0.00    ACNPART_CLOUD_COVER@5
 3023     0.00      424.127        0.015        0.018           9065        0.00        0.00    ACNPART_CLOUD_COVER@21
 3024     0.00      424.127        0.015        0.017           9065        0.00        0.00    ACNPART_CLOUD_COVER@16
 3025     0.00      424.127        0.014        0.156           1813        0.01        0.09    GPGW@12
 3026     0.00      424.127        0.014        0.155           1813        0.01        0.09    GPGW@8
 3027     0.00      424.127        0.014        0.156           1813        0.01        0.09    GPGW@11
 3028     0.00      424.127        0.014        0.017           9065        0.00        0.00    ACNPART_CLOUD_COVER@13
 3029     0.00      424.127        0.014        0.017           9065        0.00        0.00    ACNPART_CLOUD_COVER@11
 3030     0.00      424.127        0.014        0.152           1776        0.01        0.09    GPGEO_EXPL@30
 3031     0.00      424.127        0.014        0.154           1813        0.01        0.08    GPGW@15
 3032     0.00      424.127        0.014        0.017           9065        0.00        0.00    ACNPART_CLOUD_COVER@12
 3033     0.00      424.142        0.014        0.014             36        0.40        0.40    CPCFU_PARALLEL:0:COMPUTE@1
 3034     0.00      424.142        0.014        0.015           1776        0.01        0.01    FL2HL@31
 3035     0.00      424.142        0.014        0.156           1813        0.01        0.09    GPGW@10
 3036     0.00      424.142        0.014        0.017           9065        0.00        0.00    ACNPART_CLOUD_COVER@9
 3037     0.00      424.156        0.014        0.014            148        0.10        0.10    GPRCP_EXPL_PARALLEL:4:COMPUTE@1
 3038     0.00      424.156        0.014        0.017           9065        0.00        0.00    ACNPART_CLOUD_COVER@2
 3039     0.00      424.156        0.014        0.155           1813        0.01        0.09    GPGW@6
 3040     0.00      424.156        0.014        0.154           1813        0.01        0.09    GPGW@14
 3041     0.00      424.156        0.014        0.154           1813        0.01        0.08    GPGW@3
 3042     0.00      424.156        0.014        0.017           9065        0.00        0.00    ACNPART_CLOUD_COVER@18
 3043     0.00      424.156        0.014        0.155           1813        0.01        0.09    GPGW@5
 3044     0.00      424.156        0.014        0.017           9065        0.00        0.00    ACNPART_CLOUD_COVER@24
 3045     0.00      424.156        0.014        0.017           9065        0.00        0.00    ACNPART_CLOUD_COVER@19
 3046     0.00      424.156        0.014        0.155           1813        0.01        0.09    GPGW@4
 3047     0.00      424.156        0.014        0.017           9065        0.00        0.00    ACNPART_CLOUD_COVER@22
 3048     0.00      424.156        0.014        0.154           1813        0.01        0.09    GPGW@17
 3049     0.00      424.156        0.014        0.154           1813        0.01        0.08    GPGW@2
 3050     0.00      424.170        0.014        0.014              1       14.24       14.24    YOMCLIM:READ_GHG_CLIMATOLOGY@1
 3051     0.00      424.170        0.014        0.017           9065        0.00        0.00    ACNPART_CLOUD_COVER@4
 3052     0.00      424.170        0.014        0.017           9065        0.00        0.00    ACNPART_CLOUD_COVER@3
 3053     0.00      424.170        0.014        0.015           1776        0.01        0.01    FL2HL@32
 3054     0.00      424.170        0.014        0.154           1813        0.01        0.09    GPGW@1
 3055     0.00      424.170        0.014        0.017           9065        0.00        0.00    ACNPART_CLOUD_COVER@17
 3056     0.00      424.170        0.014        0.017           9065        0.00        0.00    ACNPART_CLOUD_COVER@23
 3057     0.00      424.170        0.014        0.017           9065        0.00        0.00    ACNPART_CLOUD_COVER@20
 3058     0.00      424.170        0.014        0.153           1813        0.01        0.08    GPGW@18
 3059     0.00      424.170        0.014        0.154           1813        0.01        0.08    GPGW@20
 3060     0.00      424.184        0.014        0.018              1       14.09       18.38    FIELDS_MOD:FIELDS_DELETE@1
 3061     0.00      424.198        0.014        0.017          10920        0.00        0.00    radiation_aerosol:allocate_aerosol_arrays_CPU@1
 3062     0.00      424.198        0.014        0.153           1813        0.01        0.08    GPGW@21
 3063     0.00      424.198        0.014        0.154           1813        0.01        0.09    GPGW@19
 3064     0.00      424.198        0.014        0.154           1813        0.01        0.08    GPGW@23
 3065     0.00      424.198        0.014        0.017           8880        0.00        0.00    ACNPART_CLOUD_COVER@25
 3066     0.00      424.198        0.014        0.154           1813        0.01        0.08    GPGW@24
 3067     0.00      424.198        0.014        0.152           1776        0.01        0.09    GPGW@26
 3068     0.00      424.198        0.014        0.154           1813        0.01        0.08    GPGW@22
 3069     0.00      424.198        0.014        0.152           1776        0.01        0.09    GPGW@28
 3070     0.00      424.198        0.014        0.017           8880        0.00        0.00    ACNPART_CLOUD_COVER@27
 3071     0.00      424.198        0.014        0.016           8880        0.00        0.00    ACNPART_CLOUD_COVER@29
 3072     0.00      424.198        0.014        0.152           1776        0.01        0.09    GPGW@25
 3073     0.00      424.198        0.014        0.016           8880        0.00        0.00    ACNPART_CLOUD_COVER@30
 3074     0.00      424.198        0.014        0.017           8880        0.00        0.00    ACNPART_CLOUD_COVER@28
 3075     0.00      424.198        0.014        0.150           1776        0.01        0.08    GPGW@29
 3076     0.00      424.198        0.014        0.152           1776        0.01        0.09    GPGW@27
 3077     0.00      424.198        0.014        0.016           8880        0.00        0.00    ACNPART_CLOUD_COVER@31
 3078     0.00      424.198        0.014        0.150           1776        0.01        0.08    GPGW@31
 3079     0.00      424.198        0.014        0.151           1776        0.01        0.08    GPGW@30
 3080     0.00      424.198        0.013        0.014           1813        0.01        0.01    ACSOLW@1
 3081     0.00      424.198        0.013        0.016           8880        0.00        0.00    ACNPART_CLOUD_COVER@32
 3082     0.00      424.198        0.013        0.149           1776        0.01        0.08    GPGW@32
 3083     0.00      424.198        0.013        0.016           9065        0.00        0.00    ACNPART_CLOUD_COVER@1
 3084     0.00      424.212        0.013        0.016          10920        0.00        0.00    radiation_cloud:create_fractional_std_CPU@1
 3085     0.00      424.225        0.013        0.047             37        0.36        1.27    APL_ARPEGE_PARALLEL:ACHMT:COMPUTE@1
 3086     0.00      424.238        0.013        0.013           1813        0.01        0.01   *CUDLFSN@15
 3087     0.00      424.250        0.013        0.016          10920        0.00        0.00    radiation_gas:deallocate_gas_CPU@1
 3088     0.00      424.263        0.013        0.013             37        0.34        0.34    SCAN2M_INIT_T1@1
 3089     0.00      424.263        0.013        0.013           1813        0.01        0.01    CUDLFSN@24
 3090     0.00      424.276        0.013        0.250             37        0.34        6.75    APL_ARPEGE_PARALLEL:CPPHINP:COMPUTE@1
 3091     0.00      424.276        0.013        0.013           1813        0.01        0.01    CUDLFSN@14
 3092     0.00      424.276        0.013        0.013           1813        0.01        0.01    CUDLFSN@16
 3093     0.00      424.276        0.012        0.013           1813        0.01        0.01    CUDLFSN@21
 3094     0.00      424.276        0.012        0.013           1813        0.01        0.01    CUDLFSN@23
 3095     0.00      424.276        0.012        0.013           1776        0.01        0.01    FL2HL@30
 3096     0.00      424.276        0.012        0.013           1776        0.01        0.01    CUDLFSN@28
 3097     0.00      424.276        0.012        0.013           1813        0.01        0.01    CUDLFSN@13
 3098     0.00      424.276        0.012        0.013           1813        0.01        0.01    FL2HL@18
 3099     0.00      424.276        0.012        0.013           1776        0.01        0.01    FL2HL@27
 3100     0.00      424.276        0.012        0.013           1776        0.01        0.01    CUDLFSN@26
 3101     0.00      424.276        0.012        0.013           1776        0.01        0.01    CUDLFSN@27
 3102     0.00      424.276        0.012        0.013           1813        0.01        0.01    FL2HL@23
 3103     0.00      424.276        0.012        0.013           1776        0.01        0.01    FL2HL@29
 3104     0.00      424.288        0.012        0.015           7800        0.00        0.00    SURFACE_FIELDS_MIX:GPOPER_3@1
 3105     0.00      424.288        0.012        0.013           1776        0.01        0.01    CUDLFSN@25
 3106     0.00      424.288        0.012        0.013           1813        0.01        0.01    CUDLFSN@18
 3107     0.00      424.288        0.012        0.013           1813        0.01        0.01    CUDLFSN@12
 3108     0.00      424.288        0.012        0.013           1813        0.01        0.01    CUDLFSN@22
 3109     0.00      424.288        0.012        0.013           1813        0.01        0.01    ACVEG@7
 3110     0.00      424.288        0.012        0.013           1813        0.01        0.01    ACVEG@15
 3111     0.00      424.288        0.012        0.013           1776        0.01        0.01    FL2HL@25
 3112     0.00      424.288        0.012        0.013           1813        0.01        0.01    CUDLFSN@17
 3113     0.00      424.288        0.012        0.013           1813        0.01        0.01    ACVEG@12
 3114     0.00      424.288        0.012        0.013           1813        0.01        0.01    CUDLFSN@11
 3115     0.00      424.288        0.012        0.013           1813        0.01        0.01    FL2HL@24
 3116     0.00      424.288        0.012        0.013           1813        0.01        0.01    FL2HL@17
 3117     0.00      424.288        0.012        0.013           1776        0.01        0.01    CUDLFSN@29
 3118     0.00      424.288        0.012        0.013           1776        0.01        0.01    FL2HL@28
 3119     0.00      424.288        0.012        0.013           1776        0.01        0.01    ACDROV@32
 3120     0.00      424.288        0.012        0.013           1813        0.01        0.01    FL2HL@20
 3121     0.00      424.288        0.012        0.013           1813        0.01        0.01    FL2HL@22
 3122     0.00      424.288        0.012        0.013           1776        0.01        0.01    CUDLFSN@31
 3123     0.00      424.288        0.012        0.013           1813        0.01        0.01    CUDLFSN@10
 3124     0.00      424.288        0.012        0.013           1813        0.01        0.01    FL2HL@21
 3125     0.00      424.288        0.012        0.013           1813        0.01        0.01    ACDROV@22
 3126     0.00      424.288        0.012        0.013           1813        0.01        0.01    FL2HL@19
 3127     0.00      424.288        0.012        0.013           1813        0.01        0.01    ACDROV@24
 3128     0.00      424.288        0.012        0.013           1813        0.01        0.01    ACVEG@6
 3129     0.00      424.288        0.012        0.013           1813        0.01        0.01    CUDLFSN@19
 3130     0.00      424.288        0.012        0.013           1813        0.01        0.01    CUDLFSN@20
 3131     0.00      424.288        0.012        0.013           1813        0.01        0.01    ACVEG@16
 3132     0.00      424.288        0.012        0.013           1776        0.01        0.01    CUDLFSN@30
 3133     0.00      424.288        0.012        0.013           1813        0.01        0.01    CUDLFSN@9
 3134     0.00      424.300        0.012       13.085             37        0.32      353.65    ACVPPKF_PARALLEL:PART2:COMPUTE@1
 3135     0.00      424.312        0.012        0.012             37        0.32        0.32    APL_ARPEGE_ALBEDO_COMPUTATION_PARALLEL:0:COMPUTE@1
 3136     0.00      424.312        0.012        0.013           1813        0.01        0.01    ACVEG@8
 3137     0.00      424.312        0.012        0.013           1813        0.01        0.01    ACVEG@14
 3138     0.00      424.312        0.012        0.013           1813        0.01        0.01    ACVEG@11
 3139     0.00      424.312        0.012        0.013           1813        0.01        0.01    ACDROV@20
 3140     0.00      424.312        0.012        0.013           1813        0.01        0.01    ACDROV@18
 3141     0.00      424.312        0.012        0.013           1776        0.01        0.01    ACDROV@25
 3142     0.00      424.312        0.012        0.013           1813        0.01        0.01    ACDROV@19
 3143     0.00      424.312        0.012        0.013           1776        0.01        0.01    ACDROV@28
 3144     0.00      424.312        0.012        0.013           1813        0.01        0.01    ACDROV@21
 3145     0.00      424.312        0.012        0.013           1776        0.01        0.01    ACDROV@26
 3146     0.00      424.312        0.012        0.013           1813        0.01        0.01    ACDROV@17
 3147     0.00      424.312        0.012        0.013           1813        0.01        0.01    ACDROV@23
 3148     0.00      424.312        0.012        0.013           1813        0.01        0.01    ACVEG@10
 3149     0.00      424.312        0.012        0.013           1776        0.01        0.01    ACDROV@27
 3150     0.00      424.312        0.012        0.013           1813        0.01        0.01    CUDLFSN@8
 3151     0.00      424.312        0.012        0.012           1776        0.01        0.01    CUDLFSN@32
 3152     0.00      424.312        0.012        0.013           1813        0.01        0.01    ACVEG@23
 3153     0.00      424.312        0.012        0.012           1813        0.01        0.01    ACVEG@2
 3154     0.00      424.312        0.012        0.012           1813        0.01        0.01    ACVEG@22
 3155     0.00      424.312        0.012        0.012           1813        0.01        0.01    CUDLFSN@7
 3156     0.00      424.312        0.012        0.012           1776        0.01        0.01    ACVEG@28
 3157     0.00      424.312        0.012        0.012           1776        0.01        0.01    ACDROV@29
 3158     0.00      424.312        0.011        0.012           1776        0.01        0.01    ACVEG@25
 3159     0.00      424.312        0.011        0.012           1776        0.01        0.01    ACDROV@31
 3160     0.00      424.312        0.011        0.012           1776        0.01        0.01    ACDROV@30
 3161     0.00      424.323        0.011        0.011             37        0.31        0.31    CPG_DIA_FLU_PARALLEL:4:COMPUTE@1
 3162     0.00      424.323        0.011        0.012           1813        0.01        0.01    ACVEG@21
 3163     0.00      424.323        0.011        0.012           1776        0.01        0.01    ACVEG@27
 3164     0.00      424.323        0.011        0.012           1813        0.01        0.01    ACVEG@20
 3165     0.00      424.335        0.011       37.532              1       11.32    37532.35    STEPX@1
 3166     0.00      424.335        0.011        0.012           1813        0.01        0.01    ACVEG@24
 3167     0.00      424.335        0.011        0.012           1813        0.01        0.01    ACVEG@13
 3168     0.00      424.335        0.011        0.012           1776        0.01        0.01    ACVEG@29
 3169     0.00      424.335        0.011        0.012           1813        0.01        0.01    ACVEG@19
 3170     0.00      424.335        0.011        0.012           1776        0.01        0.01    ACVEG@30
 3171     0.00      424.335        0.011        0.012           1776        0.01        0.01    ACVEG@31
 3172     0.00      424.335        0.011        0.012           1813        0.01        0.01    CUDLFSN@6
 3173     0.00      424.335        0.011        0.012           1813        0.01        0.01    ACVEG@18
 3174     0.00      424.346        0.011        0.012           1813        0.01        0.01   *CPTENDS@18
 3175     0.00      424.346        0.011        0.011           1776        0.01        0.01    CPTENDS@25
 3176     0.00      424.356        0.011        0.011             36        0.30        0.30    SPCHORmval@1
 3177     0.00      424.356        0.011        0.011           1776        0.01        0.01    CPTENDS@28
 3178     0.00      424.356        0.011        0.011           1813        0.01        0.01    ACVEG@17
 3179     0.00      424.356        0.011        0.011           1813        0.01        0.01    CPTENDS@19
 3180     0.00      424.356        0.011        0.011           1813        0.01        0.01    CPTENDS@17
 3181     0.00      424.356        0.011        0.011           1776        0.01        0.01    CPTENDS@26
 3182     0.00      424.356        0.010        0.011           1813        0.01        0.01    CPTENDS@12
 3183     0.00      424.356        0.010        0.011           1813        0.01        0.01    CPTENDS@16
 3184     0.00      424.356        0.010        0.011           1813        0.01        0.01    CPTENDS@20
 3185     0.00      424.356        0.010        0.011           1776        0.01        0.01    CPTENDS@27
 3186     0.00      424.356        0.010        0.011           1813        0.01        0.01    CUDLFSN@5
 3187     0.00      424.356        0.010        0.011           1813        0.01        0.01    CUDLFSN@4
 3188     0.00      424.356        0.010        0.011           1776        0.01        0.01    CPTENDS@29
 3189     0.00      424.356        0.010        0.011           1813        0.01        0.01    CPTENDS@10
 3190     0.00      424.356        0.010        0.011           1813        0.01        0.01    CPTENDS@24
 3191     0.00      424.356        0.010        0.011           1813        0.01        0.01    CPTENDS@21
 3192     0.00      424.356        0.010        0.011           1776        0.01        0.01    CPTENDS@32
 3193     0.00      424.366        0.010        0.010             37        0.28        0.28    LAVABO_PARALLEL:0:COMPUTE@1
 3194     0.00      424.366        0.010        0.172           1813        0.01        0.09    SITNU_GP@3
 3195     0.00      424.366        0.010        0.011           1813        0.01        0.01    CPTENDS@11
 3196     0.00      424.366        0.010        0.011           1776        0.01        0.01    CPTENDS@30
 3197     0.00      424.377        0.010      351.543             37        0.28     9501.17    CPG_PARALLEL@1
 3198     0.00      424.377        0.010        0.011           1813        0.01        0.01    CPTENDS@22
 3199     0.00      424.377        0.010        0.011           1813        0.01        0.01    CPTENDS@13
 3200     0.00      424.377        0.010        0.011           1776        0.01        0.01    CPTENDS@31
 3201     0.00      424.377        0.010        0.011           1813        0.01        0.01    CPTENDS@23
 3202     0.00      424.377        0.010        0.011           1813        0.01        0.01    ACVEG@5
 3203     0.00      424.377        0.010        0.011           1813        0.01        0.01    CPTENDS@15
 3204     0.00      424.377        0.010        0.011           1813        0.01        0.01    CPTENDS@14
 3205     0.00      424.377        0.010        0.011           1813        0.01        0.01    CPTENDS@9
 3206     0.00      424.377        0.010        0.011           1813        0.01        0.01    CUDLFSN@3
 3207     0.00      424.377        0.010        0.011           1813        0.01        0.01    ACVEG@9
 3208     0.00      424.386        0.010        0.173              1        9.79      172.70    GPNORM_GFL@1
 3209     0.00      424.396        0.010        0.010             37        0.26        0.26    CPG_GP_PARALLEL:SET1TO0:COMPUTE@1
 3210     0.00      424.396        0.010        0.010           1813        0.01        0.01    CUDLFSN@1
 3211     0.00      424.396        0.010        0.010           1813        0.01        0.01    CPTENDS@8
 3212     0.00      424.406        0.010        0.010              6        1.60        1.60    MINV_8:GECO@1
 3213     0.00      424.406        0.010        0.010           1813        0.01        0.01    CUDLFSN@2
 3214     0.00      424.406        0.010        0.010           1813        0.01        0.01    CPTENDS@5
 3215     0.00      424.406        0.009        0.010           1813        0.01        0.01    CPTENDS@7
 3216     0.00      424.406        0.009        0.010           1813        0.01        0.01    ACVEG@4
 3217     0.00      424.406        0.009        0.010           1813        0.01        0.01    CPTENDS@6
 3218     0.00      424.406        0.009        0.010           1813        0.01        0.01    ACVEG@3
 3219     0.00      424.415        0.009      366.136             37        0.25     9895.57    SCAN2M@1
 3220     0.00      424.424        0.009        0.010           1813        0.01        0.01   *LAMAXWIND@9
 3221     0.00      424.424        0.009        0.010           1813        0.01        0.01    CPTENDS@2
 3222     0.00      424.433        0.009        0.009             36        0.25        0.25    CPCFU_PARALLEL:3:COMPUTE@1
 3223     0.00      424.433        0.009        0.010           1813        0.01        0.01    LAMAXWIND@11
 3224     0.00      424.442        0.009        0.245           1813        0.00        0.14   *GPHPRE_EXPL@9
 3225     0.00      424.442        0.009        0.010           1813        0.00        0.01    LAMAXWIND@12
 3226     0.00      424.451        0.009        0.070              7        1.28        9.95    APL_ARPEGE_AEROSOLS_FOR_RADIATION_PARALLEL:RADAER:COMPUTE@1
 3227     0.00      424.451        0.009        0.010           1813        0.00        0.01    LAMAXWIND@10
 3228     0.00      424.451        0.009        0.243           1813        0.00        0.13    GPHPRE_EXPL@5
 3229     0.00      424.451        0.009        0.244           1813        0.00        0.13    GPHPRE_EXPL@12
 3230     0.00      424.460        0.009        0.012          10920        0.00        0.00    radiation_flux:calc_toa_spectral_CPU@1
 3231     0.00      424.460        0.009        0.242           1813        0.00        0.13    GPHPRE_EXPL@11
 3232     0.00      424.460        0.009        0.009           1813        0.00        0.01    CPTENDS@3
 3233     0.00      424.460        0.009        0.009           1813        0.00        0.01    CPTENDS@4
 3234     0.00      424.460        0.009        0.243           1813        0.00        0.13    GPHPRE_EXPL@4
 3235     0.00      424.460        0.009        0.243           1813        0.00        0.13    GPHPRE_EXPL@7
 3236     0.00      424.460        0.009        0.242           1813        0.00        0.13    GPHPRE_EXPL@10
 3237     0.00      424.460        0.009        0.243           1813        0.00        0.13    GPHPRE_EXPL@8
 3238     0.00      424.460        0.009        0.242           1813        0.00        0.13    GPHPRE_EXPL@6
 3239     0.00      424.460        0.009        0.242           1813        0.00        0.13    GPHPRE_EXPL@13
 3240     0.00      424.460        0.009        0.241           1813        0.00        0.13    GPHPRE_EXPL@14
 3241     0.00      424.460        0.009        0.242           1813        0.00        0.13    GPHPRE_EXPL@2
 3242     0.00      424.460        0.009        0.009           1776        0.00        0.01    LAMAXWIND@25
 3243     0.00      424.460        0.009        0.009           1813        0.00        0.01    LAMAXWIND@13
 3244     0.00      424.460        0.009        0.009           1813        0.00        0.01    LAMAXWIND@14
 3245     0.00      424.460        0.008        0.242           1813        0.00        0.13    GPHPRE_EXPL@3
 3246     0.00      424.460        0.008        0.009           1813        0.00        0.01    LAMAXWIND@16
 3247     0.00      424.460        0.008        0.009           1813        0.00        0.01    LAMAXWIND@8
 3248     0.00      424.469        0.008        0.008              1        8.46        8.46    SUGEM2_YRGSGEOM@1
 3249     0.00      424.469        0.008        0.009           1776        0.00        0.01    LAMAXWIND@28
 3250     0.00      424.469        0.008        0.242           1813        0.00        0.13    GPHPRE_EXPL@15
 3251     0.00      424.469        0.008        0.009           1813        0.00        0.01    LAMAXWIND@19
 3252     0.00      424.469        0.008        0.009           1813        0.00        0.01    LAMAXWIND@15
 3253     0.00      424.469        0.008        0.009           1813        0.00        0.00    ACVEG@1
 3254     0.00      424.469        0.008        0.009           1813        0.00        0.00    LAMAXWIND@7
 3255     0.00      424.469        0.008        0.009           1813        0.00        0.01    LAMAXWIND@6
 3256     0.00      424.469        0.008        0.242           1813        0.00        0.13    GPHPRE_EXPL@16
 3257     0.00      424.469        0.008        0.009           1813        0.00        0.00    LAMAXWIND@5
 3258     0.00      424.469        0.008        0.009           1813        0.00        0.00    LAMAXWIND@20
 3259     0.00      424.469        0.008        0.169           1813        0.00        0.09    SITNU_GP@2
 3260     0.00      424.469        0.008        0.231           1813        0.00        0.13    GPHPRE_EXPL@17
 3261     0.00      424.469        0.008        0.009           1813        0.00        0.00    LAMAXWIND@18
 3262     0.00      424.477        0.008        0.008             37        0.22        0.22    SCAN2M:COPY@1
 3263     0.00      424.477        0.008        0.245           1816        0.00        0.13    GPHPRE_EXPL@1
 3264     0.00      424.477        0.008        0.009           1813        0.00        0.00    LAMAXWIND@24
 3265     0.00      424.477        0.008        0.232           1813        0.00        0.13    GPHPRE_EXPL@18
 3266     0.00      424.477        0.008        0.009           1776        0.00        0.01    LAMAXWIND@27
 3267     0.00      424.485        0.008        0.009           1813        0.00        0.00   *GPTF2_EXPL_2TL@14
 3268     0.00      424.485        0.008        0.009           1813        0.00        0.00    LAMAXWIND@17
 3269     0.00      424.485        0.008        0.227           1776        0.00        0.13    GPHPRE_EXPL@25
 3270     0.00      424.485        0.008        0.228           1776        0.00        0.13    GPHPRE_EXPL@27
 3271     0.00      424.485        0.008        0.009           1813        0.00        0.00    LAMAXWIND@22
 3272     0.00      424.485        0.008        0.009           1813        0.00        0.00    GPTF2_EXPL_2TL@16
 3273     0.00      424.485        0.008        0.231           1813        0.00        0.13    GPHPRE_EXPL@19
 3274     0.00      424.485        0.008        0.009           1813        0.00        0.00    GPTF2_EXPL_2TL@15
 3275     0.00      424.485        0.008        0.009           1813        0.00        0.00    LAMAXWIND@21
 3276     0.00      424.485        0.008        0.231           1813        0.00        0.13    GPHPRE_EXPL@21
 3277     0.00      424.485        0.008        0.009           1813        0.00        0.00    GPTF2_EXPL_2TL@11
 3278     0.00      424.485        0.008        0.232           1813        0.00        0.13    GPHPRE_EXPL@24
 3279     0.00      424.485        0.008        0.009           1776        0.00        0.00    LAMAXWIND@29
 3280     0.00      424.485        0.008        0.009           1813        0.00        0.00    GPTF2_EXPL_2TL@13
 3281     0.00      424.485        0.008        0.230           1813        0.00        0.13    GPHPRE_EXPL@22
 3282     0.00      424.485        0.008        0.231           1813        0.00        0.13    GPHPRE_EXPL@23
 3283     0.00      424.485        0.008        0.009           1776        0.00        0.00    LAMAXWIND@26
 3284     0.00      424.485        0.008        0.009           1813        0.00        0.00    LAMAXWIND@23
 3285     0.00      424.493        0.008      403.055             37        0.22    10893.39    GP_MODEL_DRV@1
 3286     0.00      424.493        0.008        0.009           1813        0.00        0.00    GPTF2_EXPL_2TL@9
 3287     0.00      424.493        0.008        0.009           1776        0.00        0.00    LAMAXWIND@32
 3288     0.00      424.493        0.008        0.009           1813        0.00        0.00    GPTF2_EXPL_2TL@8
 3289     0.00      424.493        0.008        0.148           1813        0.00        0.08    SITNU_GP@1
 3290     0.00      424.493        0.008        0.227           1776        0.00        0.13    GPHPRE_EXPL@28
 3291     0.00      424.493        0.008        0.009           1813        0.00        0.00    GPTF2_EXPL_2TL@12
 3292     0.00      424.493        0.008        0.009           1813        0.00        0.00    GPTF2_EXPL_2TL@10
 3293     0.00      424.493        0.008        0.231           1813        0.00        0.13    GPHPRE_EXPL@20
 3294     0.00      424.493        0.008        0.009           1813        0.00        0.00    LAMAXWIND@4
 3295     0.00      424.493        0.008        0.227           1776        0.00        0.13    GPHPRE_EXPL@26
 3296     0.00      424.493        0.008        0.009           1813        0.00        0.00    GPTF2_EXPL_2TL@7
 3297     0.00      424.493        0.008        0.009           1813        0.00        0.00    GPTF2_EXPL_2TL@6
 3298     0.00      424.493        0.008        0.009           1813        0.00        0.00    GPTF2_EXPL_2TL@5
 3299     0.00      424.493        0.008        0.009           1776        0.00        0.00    LAMAXWIND@30
 3300     0.00      424.493        0.008        0.226           1776        0.00        0.13    GPHPRE_EXPL@30
 3301     0.00      424.501        0.008        0.011           9360        0.00        0.00    SURFACE_FIELDS_MIX:GPOPER_2@1
 3302     0.00      424.501        0.008        0.008           1813        0.00        0.00    GPTF2_EXPL_2TL@2
 3303     0.00      424.501        0.008        0.008           1813        0.00        0.00    GPTF2_EXPL_2TL@4
 3304     0.00      424.501        0.008        0.226           1776        0.00        0.13    GPHPRE_EXPL@29
 3305     0.00      424.501        0.008        0.008           1813        0.00        0.00    GPTF2_EXPL_2TL@3
 3306     0.00      424.509        0.008        0.008             37        0.21        0.21    SCAN2M:WIPE@1
 3307     0.00      424.516        0.008        0.071             37        0.21        1.93    CPG_GP_PARALLEL:GPINISLB_PART3_EXPL:COMPUTE@1
 3308     0.00      424.516        0.008        0.008           1776        0.00        0.00    LAMAXWIND@31
 3309     0.00      424.524        0.008      331.628             37        0.21     8962.93    APL_ARPEGE_PARALLEL@1
 3310     0.00      424.524        0.008        0.230           1776        0.00        0.13    GPHPRE_EXPL@31
 3311     0.00      424.532        0.008        6.764             36        0.21      187.88    SPCMNEW@1
 3312     0.00      424.532        0.008        0.008           1813        0.00        0.00    LAMAXWIND@1
 3313     0.00      424.532        0.008        0.008           1813        0.00        0.00    CPTENDS@1
 3314     0.00      424.532        0.008        0.226           1776        0.00        0.13    GPHPRE_EXPL@32
 3315     0.00      424.532        0.008        0.008           1813        0.00        0.00    GPTF2_EXPL_2TL@1
 3316     0.00      424.539        0.008        0.008              1        7.56        7.56    INI_TIWMX@1
 3317     0.00      424.539        0.007        0.008           1813        0.00        0.00    LAMAXWIND@2
 3318     0.00      424.547        0.007        0.295             31        0.24        9.52    FARCIS_MT@1
 3319     0.00      424.554        0.007        0.008           1813        0.00        0.00   *ACNPART_CONV_BASE_TOP@21
 3320     0.00      424.554        0.007        0.008           1813        0.00        0.00    LAMAXWIND@3
 3321     0.00      424.562        0.007        0.034           1813        0.00        0.02   *ACNPART@21
 3322     0.00      424.569        0.007        0.008           1813        0.00        0.00   *CPWTS@24
 3323     0.00      424.576        0.007        0.114             37        0.20        3.08    LAPINEB_PARALLEL:ROTUV:COMPUTE@1
 3324     0.00      424.576        0.007        0.008           1813        0.00        0.00    CPWTS@7
 3325     0.00      424.576        0.007        0.008           1813        0.00        0.00    CPWTS@17
 3326     0.00      424.583        0.007        0.007             37        0.20        0.20    CPG_DIA_FLU_PARALLEL:1:COMPUTE@1
 3327     0.00      424.583        0.007        0.008           1776        0.00        0.00    CPWTS@26
 3328     0.00      424.583        0.007        0.033           1813        0.00        0.02    ACNPART@23
 3329     0.00      424.583        0.007        0.008           1776        0.00        0.00    CPWTS@25
 3330     0.00      424.583        0.007        0.033           1813        0.00        0.02    ACNPART@18
 3331     0.00      424.583        0.007        0.008           1813        0.00        0.00    CPWTS@18
 3332     0.00      424.583        0.007        0.008           1813        0.00        0.00    CPWTS@10
 3333     0.00      424.583        0.007        0.008           1813        0.00        0.00    CPWTS@9
 3334     0.00      424.583        0.007        0.033           1813        0.00        0.02    ACNPART@22
 3335     0.00      424.583        0.007        0.008           1813        0.00        0.00    CPWTS@15
 3336     0.00      424.583        0.007        0.008           1813        0.00        0.00    CPWTS@16
 3337     0.00      424.583        0.007        0.008           1813        0.00        0.00    GPTF2_EXPL_2TL@24
 3338     0.00      424.583        0.007        0.008           1813        0.00        0.00    CPWTS@8
 3339     0.00      424.583        0.007        0.008           1813        0.00        0.00    CPWTS@23
 3340     0.00      424.583        0.007        0.008           1813        0.00        0.00    GPTF2_EXPL_2TL@18
 3341     0.00      424.583        0.007        0.032           1813        0.00        0.02    ACNPART@20
 3342     0.00      424.583        0.007        0.032           1813        0.00        0.02    ACNPART@24
 3343     0.00      424.583        0.007        0.008           1813        0.00        0.00    GPTF2_EXPL_2TL@20
 3344     0.00      424.583        0.007        0.008           1813        0.00        0.00    GPTF2_EXPL_2TL@23
 3345     0.00      424.583        0.007        0.008           1813        0.00        0.00    GPTF2_EXPL_2TL@17
 3346     0.00      424.583        0.007        0.008           1813        0.00        0.00    GPTF2_EXPL_2TL@22
 3347     0.00      424.590        0.007        0.033           1560        0.00        0.02    SURFACE_FIELDS_MIX:GPOPER@1
 3348     0.00      424.590        0.007        0.008           1813        0.00        0.00    CPWTS@21
 3349     0.00      424.590        0.007        0.008           1813        0.00        0.00    ACNPART_CONV_BASE_TOP@15
 3350     0.00      424.590        0.007        0.008           1813        0.00        0.00    GPTF2_EXPL_2TL@19
 3351     0.00      424.590        0.007        0.008           1813        0.00        0.00    GPTF2_EXPL_2TL@21
 3352     0.00      424.597        0.007        0.183            148        0.05        1.24    GPRCP_EXPL_PARALLEL:0@1
 3353     0.00      424.597        0.007        0.008           1776        0.00        0.00    CPWTS@31
 3354     0.00      424.597        0.007        0.008           1813        0.00        0.00    CPWTS@12
 3355     0.00      424.597        0.007        0.008           1776        0.00        0.00    GPTF2_EXPL_2TL@28
 3356     0.00      424.597        0.007        0.008           1813        0.00        0.00    CPWTS@14
 3357     0.00      424.597        0.007        0.032           1813        0.00        0.02    ACNPART@17
 3358     0.00      424.597        0.007        0.008           1813        0.00        0.00    CPWTS@22
 3359     0.00      424.597        0.007        0.008           1776        0.00        0.00    GPTF2_EXPL_2TL@27
 3360     0.00      424.597        0.007        0.008           1813        0.00        0.00    CPWTS@19
 3361     0.00      424.597        0.007        0.008           1813        0.00        0.00    CPWTS@2
 3362     0.00      424.597        0.007        0.008           1776        0.00        0.00    CPWTS@28
 3363     0.00      424.597        0.007        0.008           1813        0.00        0.00    ACNPART_CONV_BASE_TOP@18
 3364     0.00      424.597        0.007        0.008           1813        0.00        0.00    CPWTS@6
 3365     0.00      424.597        0.007        0.008           1813        0.00        0.00    CPWTS@13
 3366     0.00      424.597        0.007        0.008           1776        0.00        0.00    CPWTS@32
 3367     0.00      424.597        0.007        0.008           1813        0.00        0.00    CPWTS@20
 3368     0.00      424.604        0.007        0.011             37        0.19        0.30    CPG_GP_PARALLEL:GP_SPV:COMPUTE@1
 3369     0.00      424.604        0.007        0.008           1776        0.00        0.00    ACNPART_CONV_BASE_TOP@29
 3370     0.00      424.604        0.007        0.008           1776        0.00        0.00    GPTF2_EXPL_2TL@25
 3371     0.00      424.604        0.007        0.008           1813        0.00        0.00    ACNPART_CONV_BASE_TOP@22
 3372     0.00      424.611        0.007        0.008           1813        0.00        0.00   *ACEVADCAPE@5
 3373     0.00      424.618        0.007        0.015             37        0.19        0.41    CPG_GP_PARALLEL:GPTF2_EXPL_2TL:COMPUTE@1
 3374     0.00      424.618        0.007        0.032           1813        0.00        0.02    ACNPART@19
 3375     0.00      424.618        0.007        0.008           1776        0.00        0.00    GPTF2_EXPL_2TL@32
 3376     0.00      424.618        0.007        0.007           1813        0.00        0.00    CPWTS@3
 3377     0.00      424.618        0.007        0.008           1813        0.00        0.00    CPWTS@11
 3378     0.00      424.618        0.007        0.008           1776        0.00        0.00    CPWTS@30
 3379     0.00      424.618        0.007        0.008           1813        0.00        0.00    ACNPART_CONV_BASE_TOP@23
 3380     0.00      424.618        0.007        0.008           1776        0.00        0.00    GPTF2_EXPL_2TL@31
 3381     0.00      424.618        0.007        0.031           1776        0.00        0.02    ACNPART@30
 3382     0.00      424.618        0.007        0.042           1776        0.00        0.02    ACNPART@26
 3383     0.00      424.618        0.007        0.008           1813        0.00        0.00    ACNPART_CONV_BASE_TOP@19
 3384     0.00      424.618        0.007        0.008           1776        0.00        0.00    GPTF2_EXPL_2TL@26
 3385     0.00      424.618        0.007        0.007           1776        0.00        0.00    ACNPART_CONV_BASE_TOP@30
 3386     0.00      424.618        0.007        0.008           1776        0.00        0.00    CPWTS@27
 3387     0.00      424.618        0.007        0.007           1813        0.00        0.00    ACNPART_CONV_BASE_TOP@20
 3388     0.00      424.618        0.007        0.007           1813        0.00        0.00    CPWTS@4
 3389     0.00      424.618        0.007        0.007           1776        0.00        0.00    CPWTS@29
 3390     0.00      424.618        0.007        0.008           1776        0.00        0.00    GPTF2_EXPL_2TL@30
 3391     0.00      424.618        0.007        0.007           1813        0.00        0.00    ACNPART_CONV_BASE_TOP@17
 3392     0.00      424.618        0.007        0.007           1813        0.00        0.00    ACEVADCAPE@8
 3393     0.00      424.618        0.007        0.007           1813        0.00        0.00    CPWTS@5
 3394     0.00      424.618        0.007        0.031           1776        0.00        0.02    ACNPART@28
 3395     0.00      424.618        0.007        0.007           1776        0.00        0.00    GPTF2_EXPL_2TL@29
 3396     0.00      424.618        0.007        0.007           1813        0.00        0.00    ACNPART_CONV_BASE_TOP@24
 3397     0.00      424.618        0.007        0.007           1813        0.00        0.00    ACNPART_CONV_BASE_TOP@16
 3398     0.00      424.625        0.007        0.007              1        6.75        6.75    SLRSET@1
 3399     0.00      424.625        0.007        0.007           1813        0.00        0.00    ACNPART_CONV_BASE_TOP@9
 3400     0.00      424.625        0.007        0.007           1813        0.00        0.00    CPWTS@1
 3401     0.00      424.625        0.007        0.007           1813        0.00        0.00    ACEVADCAPE@10
 3402     0.00      424.625        0.007        0.031           1776        0.00        0.02    ACNPART@25
 3403     0.00      424.625        0.007        0.007           1813        0.00        0.00    ACEVADCAPE@11
 3404     0.00      424.625        0.007        0.007           1813        0.00        0.00    ACEVADCAPE@1
 3405     0.00      424.625        0.007        0.031           1776        0.00        0.02    ACNPART@27
 3406     0.00      424.625        0.007        0.007           1813        0.00        0.00    ACNPART_CONV_BASE_TOP@11
 3407     0.00      424.625        0.007        0.007           1813        0.00        0.00    ACEVADCAPE@6
 3408     0.00      424.625        0.007        0.007           1813        0.00        0.00    ACEVADCAPE@4
 3409     0.00      424.625        0.007        0.007           1813        0.00        0.00    ACNPART_CONV_BASE_TOP@10
 3410     0.00      424.625        0.007        0.007           1813        0.00        0.00    ACEVADCAPE@7
 3411     0.00      424.625        0.007        0.031           1776        0.00        0.02    ACNPART@29
 3412     0.00      424.625        0.007        0.007           1813        0.00        0.00    ACEVADCAPE@9
 3413     0.00      424.625        0.007        0.007           1813        0.00        0.00    ACEVADCAPE@12
 3414     0.00      424.625        0.007        0.007           1813        0.00        0.00    ACEVADCAPE@2
 3415     0.00      424.625        0.007        0.007           1776        0.00        0.00    ACNPART_CONV_BASE_TOP@31
 3416     0.00      424.625        0.007        0.007           1813        0.00        0.00    ACNPART_CONV_BASE_TOP@14
 3417     0.00      424.625        0.007        0.007           1813        0.00        0.00    ACNPART_CONV_BASE_TOP@6
 3418     0.00      424.625        0.007        0.007           1813        0.00        0.00    ACEVADCAPE@3
 3419     0.00      424.625        0.007        0.007           1776        0.00        0.00    ACNPART_CONV_BASE_TOP@32
 3420     0.00      424.625        0.007        0.007           1813        0.00        0.00    ACEVADCAPE@14
 3421     0.00      424.625        0.007        0.007           1813        0.00        0.00    ACNPART_CONV_BASE_TOP@12
 3422     0.00      424.625        0.007        0.007           1813        0.00        0.00    ACNPART_CONV_BASE_TOP@5
 3423     0.00      424.625        0.007        0.007           1776        0.00        0.00    ACNPART_CONV_BASE_TOP@26
 3424     0.00      424.625        0.007        0.007           1813        0.00        0.00    ACEVADCAPE@13
 3425     0.00      424.625        0.007        0.007           1813        0.00        0.00    ACNPART_CONV_BASE_TOP@3
 3426     0.00      424.632        0.007        0.028             37        0.18        0.76    CPXFU_PARALLEL:4:COMPUTE@1
 3427     0.00      424.632        0.007        0.007           1813        0.00        0.00    ACNPART_CONV_BASE_TOP@8
 3428     0.00      424.632        0.007        0.007           1813        0.00        0.00    ACNPART_CONV_BASE_TOP@13
 3429     0.00      424.638        0.007        0.318            555        0.01        0.57    GPRCP_EXPL_PARALLEL:1@1
 3430     0.00      424.645        0.006        0.007             37        0.18        0.18    CPXFU_PARALLEL:3:COMPUTE@1
 3431     0.00      424.645        0.006        0.007           1813        0.00        0.00    ACEVADCAPE@15
 3432     0.00      424.645        0.006        0.032           1813        0.00        0.02    ACNPART@15
 3433     0.00      424.645        0.006        0.031           1813        0.00        0.02    ACNPART@7
 3434     0.00      424.645        0.006        0.007           1813        0.00        0.00    ACNPART_CONV_BASE_TOP@2
 3435     0.00      424.645        0.006        0.007           1776        0.00        0.00    ACNPART_CONV_BASE_TOP@25
 3436     0.00      424.651        0.006        0.006             37        0.17        0.17    CPG_GP_PARALLEL:MAP_FACTOR:COMPUTE@1
 3437     0.00      424.651        0.006        0.032           1813        0.00        0.02    ACNPART@8
 3438     0.00      424.651        0.006        0.032           1813        0.00        0.02    ACNPART@16
 3439     0.00      424.651        0.006        0.007           1813        0.00        0.00    ACEVADCAPE@16
 3440     0.00      424.651        0.006        0.031           1813        0.00        0.02    ACNPART@13
 3441     0.00      424.651        0.006        0.030           1776        0.00        0.02    ACNPART@31
 3442     0.00      424.651        0.006        0.007           1813        0.00        0.00    ACNPART_CONV_BASE_TOP@7
 3443     0.00      424.651        0.006        0.032           1813        0.00        0.02    ACNPART@5
 3444     0.00      424.657        0.006        0.006            222        0.03        0.03    LAVABO_EXPL_LAITVSPCQM_PART1_PARALLEL:0:COMPUTE@1
 3445     0.00      424.657        0.006        0.031           1813        0.00        0.02    ACNPART@12
 3446     0.00      424.657        0.006        0.007           1776        0.00        0.00    ACNPART_CONV_BASE_TOP@27
 3447     0.00      424.657        0.006        0.007           1813        0.00        0.00    ACNPART_CONV_BASE_TOP@4
 3448     0.00      424.657        0.006        0.031           1813        0.00        0.02    ACNPART@14
 3449     0.00      424.657        0.006        0.007           1776        0.00        0.00    ACNPART_CONV_BASE_TOP@28
 3450     0.00      424.664        0.006        0.006              1        6.33        6.36    SUECOZC@1
 3451     0.00      424.664        0.006        0.031           1813        0.00        0.02    ACNPART@9
 3452     0.00      424.664        0.006        0.032           1813        0.00        0.02    ACNPART@6
 3453     0.00      424.664        0.006        0.032           1813        0.00        0.02    ACNPART@10
 3454     0.00      424.664        0.006        0.007           1813        0.00        0.00    ACNPART_CONV_BASE_TOP@1
 3455     0.00      424.664        0.006        0.031           1813        0.00        0.02    ACNPART@11
 3456     0.00      424.670        0.006        0.062             37        0.17        1.66    APL_ARPEGE_PARALLEL:ACEVADCAPE:COMPUTE@1
 3457     0.00      424.670        0.006        0.030           1776        0.00        0.02    ACNPART@32
 3458     0.00      424.670        0.006        0.030           1813        0.00        0.02    ACNPART@4
 3459     0.00      424.670        0.006        0.031           1813        0.00        0.02    ACNPART@2
 3460     0.00      424.676        0.006        0.160             37        0.17        4.32    LAPINEB_PARALLEL:LACONE:COMPUTE@1
 3461     0.00      424.676        0.006        0.031           1813        0.00        0.02    ACNPART@3
 3462     0.00      424.682        0.006        0.010            222        0.03        0.04    LARCINB_PARALLEL:RRINTOPT@1
 3463     0.00      424.688        0.006        0.023             37        0.16        0.61    APL_ARPEGE_HYDRO_BUDGET_PARALLEL:ACDROV:COMPUTE@1
 3464     0.00      424.688        0.006        0.029           1813        0.00        0.02    ACNPART@1
 3465     0.00      424.694        0.006        0.036             37        0.15        0.98    APL_WIND_GUST_PARALLEL:ACCLDIA:COMPUTE@1
 3466     0.00      424.699        0.006        0.006             37        0.15        0.15    CPG_GP_PARALLEL:SETZERO:COMPUTE@1
 3467     0.00      424.705        0.005        0.387            324        0.02        1.19    SCAN2M_TS_PARALLEL:0@1
 3468     0.00      424.710        0.005       47.010             37        0.14     1270.53    CALL_SL@1
 3469     0.00      424.715        0.005        0.005             36        0.14        0.14    APL_ARPEGE_RADIATION_PARALLEL:SUNSHINE:COMPUTE@1
 3470     0.00      424.720        0.005        0.006           1813        0.00        0.00   *ACNTCLS@9
 3471     0.00      424.725        0.005        0.017             37        0.14        0.47    APL_ARPEGE_PARALLEL:PPWETPOINT:COMPUTE@1
 3472     0.00      424.725        0.005        0.006           1813        0.00        0.00    ACNTCLS@8
 3473     0.00      424.725        0.005        0.006           1813        0.00        0.00    ACNTCLS@6
 3474     0.00      424.730        0.005        0.015              1        4.93       15.18    SUGEM2@1
 3475     0.00      424.735        0.005        0.005             37        0.13        0.13    CPXFU_PARALLEL:0:COMPUTE@1
 3476     0.00      424.735        0.005        0.006           1813        0.00        0.00    ACNTCLS@13
 3477     0.00      424.735        0.005        0.006           1813        0.00        0.00    ACNTCLS@16
 3478     0.00      424.735        0.005        0.006           1813        0.00        0.00    ACNTCLS@17
 3479     0.00      424.735        0.005        0.006           1776        0.00        0.00    ACNTCLS@25
 3480     0.00      424.735        0.005        0.006           1813        0.00        0.00    ACNTCLS@12
 3481     0.00      424.740        0.005        0.008          12600        0.00        0.00    FIELD_GFL_WRAPPER:GFL_MAP@1
 3482     0.00      424.745        0.005        0.005             37        0.13        0.13    APL_ARPEGE_INIT_PARALLEL:0:COMPUTE@1
 3483     0.00      424.745        0.005        0.005           1813        0.00        0.00    ACNTCLS@4
 3484     0.00      424.745        0.005        0.006           1813        0.00        0.00    ACNTCLS@5
 3485     0.00      424.745        0.005        0.006           1813        0.00        0.00    ACNTCLS@7
 3486     0.00      424.745        0.005        0.005           1813        0.00        0.00    ACNTCLS@10
 3487     0.00      424.745        0.005        0.005           1813        0.00        0.00    ACNTCLS@20
 3488     0.00      424.745        0.005        0.005           1813        0.00        0.00    ACNTCLS@23
 3489     0.00      424.745        0.005        0.005           1813        0.00        0.00    ACNTCLS@11
 3490     0.00      424.745        0.005        0.005           1813        0.00        0.00    ACNTCLS@14
 3491     0.00      424.745        0.005        0.005           1813        0.00        0.00    ACNTCLS@18
 3492     0.00      424.745        0.005        0.005           1813        0.00        0.00    ACNTCLS@22
 3493     0.00      424.745        0.005        0.005           1813        0.00        0.00    ACNTCLS@15
 3494     0.00      424.745        0.005        0.005           1776        0.00        0.00    ACNTCLS@28
 3495     0.00      424.745        0.005        0.005           1776        0.00        0.00    ACNTCLS@29
 3496     0.00      424.745        0.005        0.005           1776        0.00        0.00    ACNTCLS@27
 3497     0.00      424.745        0.005        0.005           1813        0.00        0.00    ACNTCLS@21
 3498     0.00      424.749        0.005        0.005           1813        0.00        0.00   *MF_PHYS_PRECIPS@17
 3499     0.00      424.749        0.005        0.005           1813        0.00        0.00    ACNTCLS@19
 3500     0.00      424.749        0.005        0.005           1813        0.00        0.00    ACNTCLS@3
 3501     0.00      424.749        0.005        0.005           1813        0.00        0.00    MF_PHYS_PRECIPS@22
 3502     0.00      424.749        0.005        0.005           1813        0.00        0.00    ACNTCLS@24
 3503     0.00      424.749        0.005        0.005           1776        0.00        0.00    ACNTCLS@26
 3504     0.00      424.749        0.005        0.005           1813        0.00        0.00    MF_PHYS_PRECIPS@20
 3505     0.00      424.749        0.005        0.005           1776        0.00        0.00    ACNTCLS@31
 3506     0.00      424.754        0.005        0.005             42        0.11        0.11    UNPAGB@1
 3507     0.00      424.754        0.005        0.005           1776        0.00        0.00    ACNTCLS@32
 3508     0.00      424.754        0.005        0.005           1813        0.00        0.00    MF_PHYS_PRECIPS@19
 3509     0.00      424.754        0.005        0.005           1813        0.00        0.00    MF_PHYS_PRECIPS@21
 3510     0.00      424.754        0.005        0.005           1813        0.00        0.00    ACNTCLS@1
 3511     0.00      424.754        0.005        0.005           1813        0.00        0.00    MF_PHYS_PRECIPS@18
 3512     0.00      424.754        0.005        0.005           1813        0.00        0.00    MF_PHYS_PRECIPS@24
 3513     0.00      424.754        0.005        0.005           1813        0.00        0.00    ACNTCLS@2
 3514     0.00      424.754        0.005        0.005           1776        0.00        0.00    MF_PHYS_PRECIPS@27
 3515     0.00      424.754        0.005        0.005           1776        0.00        0.00    MF_PHYS_PRECIPS@28
 3516     0.00      424.754        0.005        0.005           1776        0.00        0.00    ACNTCLS@30
 3517     0.00      424.754        0.005        0.005           1813        0.00        0.00    MF_PHYS_PRECIPS@23
 3518     0.00      424.758        0.005        0.008             37        0.12        0.21    APL_ARPEGE_PARALLEL:PRECIPS:COMPUTE@1
 3519     0.00      424.758        0.005        0.005           1776        0.00        0.00    MF_PHYS_PRECIPS@25
 3520     0.00      424.758        0.004        0.005           1776        0.00        0.00    MF_PHYS_PRECIPS@32
 3521     0.00      424.763        0.004        0.004             37        0.12        0.12    APL_ARPEGE_PARALLEL:ZDPHIV:COMPUTE@1
 3522     0.00      424.763        0.004        0.005           1776        0.00        0.00    MF_PHYS_PRECIPS@29
 3523     0.00      424.767        0.004        0.013              3        1.47        4.24    FIELD_GFL_WRAPPER:GFL_FID_SETUP@1
 3524     0.00      424.767        0.004        0.005           1776        0.00        0.00    MF_PHYS_PRECIPS@30
 3525     0.00      424.772        0.004        0.004             37        0.12        0.12    APL_ARPEGE_PARALLEL:FRSOPT:COMPUTE@1
 3526     0.00      424.772        0.004        0.005           1776        0.00        0.00    MF_PHYS_PRECIPS@31
 3527     0.00      424.776        0.004        0.637              1        4.26      637.46    RDFA2SP@1
 3528     0.00      424.780        0.004        4.320             37        0.11      116.76    CPG_GP_PARALLEL@1
 3529     0.00      424.784        0.004        0.004             37        0.11        0.11    APL_ARPEGE_INIT_PARALLEL:6:COMPUTE@1
 3530     0.00      424.784        0.004        0.005           1813        0.00        0.00    ACEVADCAPE@21
 3531     0.00      424.784        0.004        0.005           1813        0.00        0.00    ACEVADCAPE@24
 3532     0.00      424.788        0.004        0.004             48        0.08        0.09   *GPRCP_PGFL@29
 3533     0.00      424.788        0.004        0.005           1776        0.00        0.00    ACEVADCAPE@31
 3534     0.00      424.788        0.004        0.005           1813        0.00        0.00    ACEVADCAPE@17
 3535     0.00      424.788        0.004        0.005           1776        0.00        0.00    ACEVADCAPE@30
 3536     0.00      424.788        0.004        0.004           1776        0.00        0.00    ACEVADCAPE@32
 3537     0.00      424.788        0.004        0.004             48        0.08        0.08    GPRCP_PGFL@31
 3538     0.00      424.788        0.004        0.005           1813        0.00        0.00    ACEVADCAPE@23
 3539     0.00      424.792        0.004        0.004            145        0.03        0.03    FANFAR_MT@1
 3540     0.00      424.792        0.004        0.005           1813        0.00        0.00    ACEVADCAPE@19
 3541     0.00      424.792        0.004        0.005           1813        0.00        0.00    ACEVADCAPE@20
 3542     0.00      424.796        0.004        0.004              1        3.93        3.93    ALLOCATE_EMPTY_TRAJECTORY@1
 3543     0.00      424.796        0.004        0.004             49        0.08        0.08    GPRCP_PGFL@17
 3544     0.00      424.796        0.004        0.005           1776        0.00        0.00    ACEVADCAPE@27
 3545     0.00      424.796        0.004        0.005           1813        0.00        0.00    ACEVADCAPE@22
 3546     0.00      424.796        0.004        0.005           1776        0.00        0.00    ACEVADCAPE@28
 3547     0.00      424.796        0.004        0.005           1776        0.00        0.00    ACEVADCAPE@25
 3548     0.00      424.796        0.004        0.004             49        0.08        0.08    GPRCP_PGFL@18
 3549     0.00      424.796        0.004        0.005           1776        0.00        0.00    ACEVADCAPE@26
 3550     0.00      424.796        0.004        0.004             49        0.08        0.08    GPRCP_PGFL@19
 3551     0.00      424.796        0.004        0.005           1813        0.00        0.00    ACEVADCAPE@18
 3552     0.00      424.796        0.004        0.004             49        0.08        0.08    GPRCP_PGFL@16
 3553     0.00      424.796        0.004        0.004           1776        0.00        0.00    ACEVADCAPE@29
 3554     0.00      424.796        0.004        0.004             49        0.08        0.08    GPRCP_PGFL@15
 3555     0.00      424.796        0.004        0.004             49        0.08        0.08    GPRCP_PGFL@20
 3556     0.00      424.796        0.004        0.004             49        0.08        0.08    GPRCP_PGFL@21
 3557     0.00      424.800        0.004        0.005           1813        0.00        0.00   *GP_SPV@8
 3558     0.00      424.800        0.004        0.004             48        0.08        0.08    GPRCP_PGFL@25
 3559     0.00      424.800        0.004        0.004             49        0.08        0.08    GPRCP_PGFL@22
 3560     0.00      424.800        0.004        0.004             48        0.08        0.08    GPRCP_PGFL@28
 3561     0.00      424.800        0.004        0.004             48        0.08        0.08    GPRCP_PGFL@26
 3562     0.00      424.800        0.004        0.004             49        0.08        0.08    GPRCP_PGFL@9
 3563     0.00      424.800        0.004        0.004             49        0.08        0.08    GPRCP_PGFL@12
 3564     0.00      424.800        0.004        0.005           1813        0.00        0.00    GP_SPV@14
 3565     0.00      424.804        0.004        0.004              1        3.71        3.71    SPECTRAL_FIELDS_MOD:DEALLOCATE_SPEC@1
 3566     0.00      424.807        0.004        0.236            222        0.02        1.06    LATTEX_EXPL_2TL_PARALLEL:3@1
 3567     0.00      424.807        0.004        0.004             48        0.08        0.08    GPRCP_PGFL@27
 3568     0.00      424.807        0.004        0.004             48        0.08        0.08    GPRCP_PGFL@32
 3569     0.00      424.807        0.004        0.005           1813        0.00        0.00    GP_SPV@9
 3570     0.00      424.807        0.004        0.004             49        0.08        0.08    GPRCP_PGFL@11
 3571     0.00      424.811        0.004        0.004              8        0.46        0.46    UPDECAEC@1
 3572     0.00      424.811        0.004        0.004             49        0.07        0.08    GPRCP_PGFL@10
 3573     0.00      424.811        0.004        0.004             49        0.07        0.08    GPRCP_PGFL@5
 3574     0.00      424.811        0.004        0.004             49        0.07        0.07    GPRCP_PGFL@7
 3575     0.00      424.811        0.004        0.004             49        0.07        0.07    GPRCP_PGFL@8
 3576     0.00      424.811        0.004        0.004             49        0.07        0.07    GPRCP_PGFL@6
 3577     0.00      424.811        0.004        0.004           1813        0.00        0.00    GP_SPV@10
 3578     0.00      424.814        0.004        1.141              1        3.55     1140.79    SUINIF@1
 3579     0.00      424.818        0.004        0.004             11        0.32        0.32    GRIB_API:IGRIB_SET_INT@1
 3580     0.00      424.818        0.004        0.004           1813        0.00        0.00    GP_SPV@4
 3581     0.00      424.821        0.003        0.165            222        0.02        0.74    LAPINEB_PARALLEL:ZERO_GMV9@1
 3582     0.00      424.821        0.003        0.004             48        0.07        0.07    GPRCP_PGFL@30
 3583     0.00      424.821        0.003        0.004           1813        0.00        0.00    GP_SPV@3
 3584     0.00      424.821        0.003        0.003             49        0.07        0.07    GPRCP_PGFL@14
 3585     0.00      424.825        0.003        0.444             37        0.09       11.99    CPGLAG_DRV@1
 3586     0.00      424.825        0.003        0.004           1813        0.00        0.00    GP_SPV@2
 3587     0.00      424.825        0.003        0.004           1813        0.00        0.00    GP_SPV@1
 3588     0.00      424.825        0.003        0.004           1776        0.00        0.00    MF_PHYS_PRECIPS@26
 3589     0.00      424.825        0.003        0.004           1813        0.00        0.00    GP_SPV@5
 3590     0.00      424.825        0.003        0.003             49        0.07        0.07    GPRCP_PGFL@13
 3591     0.00      424.825        0.003        0.004           1813        0.00        0.00    GP_SPV@12
 3592     0.00      424.825        0.003        0.003             49        0.07        0.07    GPRCP_PGFL@24
 3593     0.00      424.825        0.003        0.004           1813        0.00        0.00    MF_PHYS_PRECIPS@16
 3594     0.00      424.825        0.003        0.004             49        0.07        0.07    GPRCP_PGFL@23
 3595     0.00      424.828        0.003        0.010            222        0.01        0.05    LAVABO_EXPL_LAITVSPCQM_PART1_PARALLEL:0@1
 3596     0.00      424.828        0.003        0.004           1813        0.00        0.00    MF_PHYS_PRECIPS@14
 3597     0.00      424.831        0.003        0.003              1        3.26        3.26    MF_PHYS_SAVE_PHSURF_PART1_PARALLEL:PART1:COMPUTE@1
 3598     0.00      424.835        0.003        0.334            333        0.01        1.00    CPUTQY0_PARALLEL:PVAR@1
 3599     0.00      424.835        0.003        0.003             49        0.07        0.07    GPRCP_PGFL@2
 3600     0.00      424.838        0.003      427.494              1        3.24   427493.55    CNT0@1
 3601     0.00      424.838        0.003        0.003             49        0.07        0.07    GPRCP_PGFL@4
 3602     0.00      424.841        0.003       14.037            222        0.01       63.23    LARCINB_PARALLEL:LAITRE_GFL@1
 3603     0.00      424.841        0.003        0.004           1813        0.00        0.00    GP_SPV@16
 3604     0.00      424.841        0.003        0.004           1813        0.00        0.00    MF_PHYS_PRECIPS@15
 3605     0.00      424.844        0.003        0.391             36        0.09       10.86    SCAN2M_TS_DRV@1
 3606     0.00      424.848        0.003        0.005             37        0.09        0.13    APL_ARPEGE_PARALLEL:BAYRAD:COMPUTE@1
 3607     0.00      424.848        0.003        0.004           1813        0.00        0.00    GP_SPV@7
 3608     0.00      424.848        0.003        0.004           1813        0.00        0.00    GP_SPV@6
 3609     0.00      424.848        0.003        0.003             49        0.06        0.07    GPRCP_PGFL@1
 3610     0.00      424.848        0.003        0.004           1813        0.00        0.00    GP_SPV@24
 3611     0.00      424.848        0.003        0.004           1813        0.00        0.00    GP_SPV@13
 3612     0.00      424.848        0.003        0.004           1813        0.00        0.00    GP_SPV@11
 3613     0.00      424.851        0.003        0.656            148        0.02        4.44    GPRCP_EXPL_PARALLEL@1
 3614     0.00      424.851        0.003        0.004           1813        0.00        0.00    GP_SPV@17
 3615     0.00      424.851        0.003        0.004           1813        0.00        0.00    MF_PHYS_PRECIPS@13
 3616     0.00      424.851        0.003        0.004           1813        0.00        0.00    GP_SPV@15
 3617     0.00      424.851        0.003        0.004           1813        0.00        0.00    GP_SPV@23
 3618     0.00      424.851        0.003        0.004           1776        0.00        0.00    GP_SPV@26
 3619     0.00      424.851        0.003        0.004           1813        0.00        0.00    GP_SPV@20
 3620     0.00      424.851        0.003        0.003             49        0.06        0.06    GPRCP_PGFL@3
 3621     0.00      424.854        0.003        0.003              3        0.99        0.99    "lfifer_alts"@1:lfi_alts.c
 3622     0.00      424.854        0.003        0.004           1813        0.00        0.00    GP_SPV@21
 3623     0.00      424.856        0.003        3.334             37        0.08       90.10    LAPINEA_DRV@1
 3624     0.00      424.856        0.003        0.004           1813        0.00        0.00    MF_PHYS_PRECIPS@9
 3625     0.00      424.856        0.003        0.004           1776        0.00        0.00    GP_SPV@29
 3626     0.00      424.856        0.003        0.003           1813        0.00        0.00    MF_PHYS_PRECIPS@12
 3627     0.00      424.856        0.003        0.003           1813        0.00        0.00    MF_PHYS_PRECIPS@6
 3628     0.00      424.856        0.003        0.003           1776        0.00        0.00    GP_SPV@31
 3629     0.00      424.856        0.003        0.003           1813        0.00        0.00    MF_PHYS_PRECIPS@11
 3630     0.00      424.856        0.003        0.003           1813        0.00        0.00    MF_PHYS_PRECIPS@8
 3631     0.00      424.856        0.003        0.003           1776        0.00        0.00    GP_SPV@30
 3632     0.00      424.859        0.003        0.003            134        0.02        0.02    SUHES@1
 3633     0.00      424.859        0.003        0.003           1813        0.00        0.00    MF_PHYS_PRECIPS@5
 3634     0.00      424.862        0.003        0.010              1        2.80        9.55    SLCSET@1
 3635     0.00      424.862        0.003        0.003           1813        0.00        0.00    MF_PHYS_PRECIPS@10
 3636     0.00      424.865        0.003        0.003             14        0.20        0.20    GRIB_API:IGRIB_GET_INT8@1
 3637     0.00      424.865        0.003        0.003           1813        0.00        0.00    MF_PHYS_PRECIPS@7
 3638     0.00      424.868        0.003        0.005              3        0.92        1.72    FIELD_DEFINITIONS:MAIN_FIELD_SET_METADATA@1
 3639     0.00      424.868        0.003        0.003           1813        0.00        0.00    MF_PHYS_PRECIPS@1
 3640     0.00      424.870        0.003        0.132            222        0.01        0.59    GPINISLB_PART2_EXPL_PARALLEL:0@1
 3641     0.00      424.870        0.003        0.003           1813        0.00        0.00    MF_PHYS_PRECIPS@3
 3642     0.00      424.870        0.003        0.003           1813        0.00        0.00    MF_PHYS_PRECIPS@4
 3643     0.00      424.870        0.003        0.003           1813        0.00        0.00    MF_PHYS_PRECIPS@2
 3644     0.00      424.873        0.003        0.320            222        0.01        1.44    LAPINEB_PARALLEL:CVGQ@1
 3645     0.00      424.876        0.003        0.003             37        0.07        0.07    LAVABO_PARALLEL:2:COMPUTE@1
 3646     0.00      424.876        0.003        0.003           1813        0.00        0.00    GP_SPV@22
 3647     0.00      424.878        0.003        0.003           1813        0.00        0.00   *GPUVS@14
 3648     0.00      424.878        0.003        0.003           1776        0.00        0.00    GP_SPV@25
 3649     0.00      424.878        0.003        0.003           1776        0.00        0.00    GP_SPV@28
 3650     0.00      424.878        0.003        0.003           1776        0.00        0.00    GP_SPV@27
 3651     0.00      424.878        0.002        0.003           1813        0.00        0.00    GPUVS@6
 3652     0.00      424.881        0.002        0.167             37        0.07        4.52    SCAN2M_CTVTOT_DRV@1
 3653     0.00      424.883        0.002        0.003            222        0.01        0.01    LARCINB_PARALLEL:RRINTOPT:COMPUTE@1
 3654     0.00      424.883        0.002        0.003           1813        0.00        0.00    GP_SPV@18
 3655     0.00      424.886        0.002        0.005             37        0.07        0.12    LACDYN_PARALLEL:LASURE:COMPUTE@1
 3656     0.00      424.886        0.002        0.003           1813        0.00        0.00    GP_SPV@19
 3657     0.00      424.886        0.002        0.003           1813        0.00        0.00    GPUVS@16
 3658     0.00      424.888        0.002        0.002              1        2.36        2.36    SUVSLETA@1
 3659     0.00      424.888        0.002        0.003           1776        0.00        0.00    GP_SPV@32
 3660     0.00      424.890        0.002        0.017            148        0.02        0.12    GPRCP_EXPL_PARALLEL:4@1
 3661     0.00      424.893        0.002        0.002              1        2.33        2.33    radiation_cloud_optics_data:setup_cloud_optics_data_CPU@1
 3662     0.00      424.893        0.002        0.003           1813        0.00        0.00    GPUVS@13
 3663     0.00      424.893        0.002        0.003           1776        0.00        0.00    GPUVS@26
 3664     0.00      424.895        0.002        0.002              1        2.26        2.26    radiation_pdf_sampler:setup_pdf_sampler_CPU@1
 3665     0.00      424.897        0.002        0.007              3        0.75        2.19    FAITOU_MT@1
 3666     0.00      424.897        0.002        0.003           1776        0.00        0.00    GPUVS@30
 3667     0.00      424.897        0.002        0.003           1813        0.00        0.00    GPUVS@24
 3668     0.00      424.897        0.002        0.003           1813        0.00        0.00    GPUVS@21
 3669     0.00      424.899        0.002        0.002             37        0.06        0.06    CPG_DIA_FLU_PARALLEL:3:COMPUTE@1
 3670     0.00      424.901        0.002        0.003           1813        0.00        0.00   *LASURE@17
 3671     0.00      424.901        0.002        0.003           1813        0.00        0.00    GPUVS@22
 3672     0.00      424.904        0.002        0.002              3        0.72        0.72    "lfiouv_alts_ext:read"@1:lfi_alts.c
 3673     0.00      424.906        0.002        0.002             37        0.06        0.06    CPXFU_PARALLEL:1:COMPUTE@1
 3674     0.00      424.906        0.002        0.003           1813        0.00        0.00    GPUVS@11
 3675     0.00      424.906        0.002        0.003           1813        0.00        0.00    LASURE@20
 3676     0.00      424.908        0.002        0.002              1        2.12        2.49    SUMP@1
 3677     0.00      424.908        0.002        0.003           1813        0.00        0.00    LASURE@14
 3678     0.00      424.908        0.002        0.003           1813        0.00        0.00    LASURE@18
 3679     0.00      424.908        0.002        0.003           1813        0.00        0.00    LASURE@23
 3680     0.00      424.908        0.002        0.003           1813        0.00        0.00    LASURE@13
 3681     0.00      424.908        0.002        0.003           1813        0.00        0.00    LASURE@15
 3682     0.00      424.908        0.002        0.003           1813        0.00        0.00    LASURE@21
 3683     0.00      424.908        0.002        0.003           1813        0.00        0.00    LASURE@24
 3684     0.00      424.908        0.002        0.003           1813        0.00        0.00    LASURE@22
 3685     0.00      424.908        0.002        0.003           1813        0.00        0.00    GPUVS@12
 3686     0.00      424.908        0.002        0.003           1813        0.00        0.00    LASURE@11
 3687     0.00      424.908        0.002        0.003           1813        0.00        0.00    GPUVS@9
 3688     0.00      424.910        0.002        0.002             75        0.03        0.03    SCAN2M_ALLOCATE_VARIABLES@1
 3689     0.00      424.910        0.002        0.003           1813        0.00        0.00    GPUVS@17
 3690     0.00      424.910        0.002        0.003           1813        0.00        0.00    LASURE@16
 3691     0.00      424.910        0.002        0.003           1813        0.00        0.00    GPUVS@8
 3692     0.00      424.910        0.002        0.003           1776        0.00        0.00    GPUVS@28
 3693     0.00      424.910        0.002        0.003           1776        0.00        0.00    LASURE@25
 3694     0.00      424.910        0.002        0.003           1776        0.00        0.00    GPUVS@25
 3695     0.00      424.910        0.002        0.003           1813        0.00        0.00    LASURE@9
 3696     0.00      424.912        0.002        4.427             37        0.05      119.66    APL_ARPEGE_DEEP_CONVECTION_PARALLEL@1
 3697     0.00      424.914        0.002        0.102            185        0.01        0.55    GPRCP_EXPL_PARALLEL:2@1
 3698     0.00      424.914        0.002        0.003           1776        0.00        0.00    GPUVS@27
 3699     0.00      424.914        0.002        0.003           1813        0.00        0.00    GPUVS@20
 3700     0.00      424.914        0.002        0.003           1813        0.00        0.00    GPUVS@7
 3701     0.00      424.914        0.002        0.003           1813        0.00        0.00    LASURE@8
 3702     0.00      424.914        0.002        0.003           1813        0.00        0.00    GPUVS@15
 3703     0.00      424.914        0.002        0.003           1813        0.00        0.00    GPUVS@10
 3704     0.00      424.914        0.002        0.003           1813        0.00        0.00    LASURE@10
 3705     0.00      424.914        0.002        0.003           1813        0.00        0.00    GPUVS@5
 3706     0.00      424.914        0.002        0.003           1776        0.00        0.00    GPUVS@32
 3707     0.00      424.914        0.002        0.003           1813        0.00        0.00    GPUVS@23
 3708     0.00      424.914        0.002        0.003           1813        0.00        0.00    LASURE@12
 3709     0.00      424.914        0.002        0.003           1813        0.00        0.00    GPUVS@19
 3710     0.00      424.914        0.002        0.003           1776        0.00        0.00    LASURE@26
 3711     0.00      424.914        0.002        0.003           1813        0.00        0.00    GPUVS@4
 3712     0.00      424.914        0.002        0.003           1813        0.00        0.00    GPUVS@18
 3713     0.00      424.916        0.002        0.002              1        1.97        1.97    IOSTREAM_MIX:IOSTREAM_STATS@1
 3714     0.00      424.916        0.002        0.003           1813        0.00        0.00    LASURE@7
 3715     0.00      424.916        0.002        0.003           1813        0.00        0.00    LASURE@19
 3716     0.00      424.918        0.002        0.313             37        0.05        8.46    GPINISLB_PART2_EXPL_PARALLEL@1
 3717     0.00      424.918        0.002        0.003           1813        0.00        0.00    GPUVS@2
 3718     0.00      424.918        0.002        0.003           1776        0.00        0.00    LASURE@27
 3719     0.00      424.918        0.002        0.003           1813        0.00        0.00    GPUVS@3
 3720     0.00      424.918        0.002        0.003           1776        0.00        0.00    LASURE@28
 3721     0.00      424.918        0.002        0.003           1776        0.00        0.00    GPUVS@31
 3722     0.00      424.918        0.002        0.002           1776        0.00        0.00    LASURE@30
 3723     0.00      424.918        0.002        0.002           1776        0.00        0.00    GPUVS@29
 3724     0.00      424.920        0.002        0.622             36        0.05       17.27    TRSTOMNEW@1
 3725     0.00      424.920        0.002        0.003           1813        0.00        0.00    LASURE@6
 3726     0.00      424.922        0.002        0.021              1        1.90       21.27    IFS_INIT@1
 3727     0.00      424.922        0.002        0.002           1776        0.00        0.00    LASURE@29
 3728     0.00      424.922        0.002        0.003           1813        0.00        0.00    LASURE@5
 3729     0.00      424.924        0.002        0.002            235        0.01        0.01    SPNORMAVE@1
 3730     0.00      424.924        0.002        0.002           1776        0.00        0.00    LASURE@32
 3731     0.00      424.926        0.002        0.005              1        1.86        5.21    SUARG@1
 3732     0.00      424.926        0.002        0.002           1813        0.00        0.00    LASURE@4
 3733     0.00      424.927        0.002        0.002              8        0.23        0.23    UPD_GHGCLIM@1
 3734     0.00      424.929        0.002        0.100           1404        0.00        0.07    SPCSIDG_PART1NEW@1
 3735     0.00      424.931        0.002        0.004              3        0.61        1.39    "lfiouv_alts_ext"@1:lfi_alts.c
 3736     0.00      424.931        0.002        0.002           1776        0.00        0.00    LASURE@31
 3737     0.00      424.933        0.002        0.102           1404        0.00        0.07    SPCSINEW_part1ext@1
 3738     0.00      424.933        0.002        0.002           1813        0.00        0.00    LASURE@2
 3739     0.00      424.935        0.002        0.002              1        1.79        1.79    SUGEM2_YRCSGEOM@1
 3740     0.00      424.936        0.002        0.002              1        1.77        2.12    YOEAERC:SUECAEC@1
 3741     0.00      424.938        0.002        0.133              1        1.77      133.21    SPECRT@1
 3742     0.00      424.940        0.002        0.117             74        0.02        1.58    GPMPFC_EXPL_PART2_PARALLEL:0@1
 3743     0.00      424.940        0.002        0.002           1813        0.00        0.00    LASURE@3
 3744     0.00      424.942        0.002        0.275             74        0.02        3.72    LAPINEB_PARALLEL:ROTUVGEO@1
 3745     0.00      424.943        0.002        0.002             37        0.05        0.05    APL_ARPEGE_PARALLEL:PLSM:COMPUTE@1
 3746     0.00      424.945        0.002        0.003              1        1.66        3.05    SUMPINI@1
 3747     0.00      424.947        0.002        0.002           1813        0.00        0.00   *MF_PHYS_BAYRAD@18
 3748     0.00      424.948        0.002        0.002              1        1.65        1.81    SUHDF@1
 3749     0.00      424.950        0.002        0.045           1404        0.00        0.03    SPCSIDG_PART2NEW@1
 3750     0.00      424.950        0.002        0.002           1813        0.00        0.00    MF_PHYS_BAYRAD@14
 3751     0.00      424.950        0.002        0.002           1813        0.00        0.00    GPUVS@1
 3752     0.00      424.951        0.002        0.337            666        0.00        0.51    CPUTQY0_PARALLEL@1
 3753     0.00      424.953        0.002        0.179            148        0.01        1.21    GPINISLB_PART2_EXPL_PARALLEL:1@1
 3754     0.00      424.955        0.002        0.002              4        0.39        0.39    GRIB_API:IGRIB_SET_REAL8_ARRAY@1
 3755     0.00      424.955        0.002        0.002           1813        0.00        0.00    LASURE@1
 3756     0.00      424.956        0.002        4.601             36        0.04      127.81    SPCSI_TOT@1
 3757     0.00      424.958        0.002        0.002              1        1.51        1.51    SUHSLMER@1
 3758     0.00      424.959        0.001        0.002           3204        0.00        0.00    FIELD_DEFINITIONS_BASE:SET_FVAR@1
 3759     0.00      424.961        0.001        0.413             37        0.04       11.16    MF_PHYS_PREP_PARALLEL:PREP@1
 3760     0.00      424.962        0.001        0.001              7        0.20        0.20    RECMWF_PARALLEL:ECRAD_POST:COMPUTE@1
 3761     0.00      424.963        0.001        0.012             37        0.04        0.32    LAVABO_PARALLEL:0@1
 3762     0.00      424.965        0.001        0.002              1        1.40        1.86    SUMCUF@1
 3763     0.00      424.966        0.001        0.181             37        0.04        4.90    CPG_PARALLEL:ZEROPB2@1
 3764     0.00      424.966        0.001        0.002           1813        0.00        0.00    MF_PHYS_BAYRAD@17
 3765     0.00      424.968        0.001        1.943             37        0.04       52.51    MF_PHYS_INIT_PARALLEL:ZERO@1
 3766     0.00      424.969        0.001       28.478             37        0.04      769.69    LAPINEB_PARALLEL@1
 3767     0.00      424.970        0.001       26.799             37        0.04      724.28    LARCINB_PARALLEL@1
 3768     0.00      424.970        0.001        0.002           1813        0.00        0.00    MF_PHYS_BAYRAD@21
 3769     0.00      424.972        0.001        1.355             36        0.04       37.63    TRMTOSNEW@1
 3770     0.00      424.973        0.001        0.001              1        1.31        1.31    SURFACE_FIELDS_MIX:ALLO_SURF@1
 3771     0.00      424.973        0.001        0.002           1813        0.00        0.00    MF_PHYS_BAYRAD@15
 3772     0.00      424.973        0.001        0.002           1813        0.00        0.00    MF_PHYS_BAYRAD@23
 3773     0.00      424.973        0.001        0.002           1813        0.00        0.00    MF_PHYS_BAYRAD@13
 3774     0.00      424.973        0.001        0.002           1813        0.00        0.00    MF_PHYS_BAYRAD@19
 3775     0.00      424.973        0.001        0.002           1813        0.00        0.00    MF_PHYS_BAYRAD@22
 3776     0.00      424.973        0.001        0.002           1813        0.00        0.00    MF_PHYS_BAYRAD@24
 3777     0.00      424.974        0.001      333.994             37        0.03     9026.86    MF_PHYS_PARALLEL@1
 3778     0.00      424.975        0.001        0.374             74        0.02        5.05    GPMPFC_EXPL_PARALLEL:1@1
 3779     0.00      424.975        0.001        0.002           1813        0.00        0.00    MF_PHYS_BAYRAD@20
 3780     0.00      424.975        0.001        0.002           1813        0.00        0.00    MF_PHYS_BAYRAD@11
 3781     0.00      424.975        0.001        0.002           1813        0.00        0.00    MF_PHYS_BAYRAD@10
 3782     0.00      424.975        0.001        0.002           1813        0.00        0.00    MF_PHYS_BAYRAD@16
 3783     0.00      424.975        0.001        0.002           1813        0.00        0.00    MF_PHYS_BAYRAD@9
 3784     0.00      424.977        0.001        0.074             37        0.03        2.00    MF_PHYS_MOCON_PARALLEL:PPWETPOINT@1
 3785     0.00      424.977        0.001        0.002           1813        0.00        0.00    MF_PHYS_BAYRAD@12
 3786     0.00      424.978        0.001        0.063             37        0.03        1.71    APL_ARPEGE_PARALLEL:ACEVADCAPE@1
 3787     0.00      424.978        0.001        0.002           1776        0.00        0.00    MF_PHYS_BAYRAD@25
 3788     0.00      424.979        0.001        0.001              1        1.23        1.23    SUMPOUT@1
 3789     0.00      424.980        0.001        0.677             37        0.03       18.30    APL_ARPEGE_PARALLEL:QNGCOR@1
 3790     0.00      424.980        0.001        0.002           1776        0.00        0.00    MF_PHYS_BAYRAD@27
 3791     0.00      424.982        0.001        0.041             37        0.03        1.10    MF_PHYS_FPL_PART2_PARALLEL:PART2@1
 3792     0.00      424.982        0.001        0.002           1813        0.00        0.00    MF_PHYS_BAYRAD@7
 3793     0.00      424.982        0.001        0.002           1776        0.00        0.00    MF_PHYS_BAYRAD@28
 3794     0.00      424.982        0.001        0.002           1813        0.00        0.00    MF_PHYS_BAYRAD@8
 3795     0.00      424.982        0.001        0.002           1776        0.00        0.00    MF_PHYS_BAYRAD@26
 3796     0.00      424.983        0.001        0.002           1813        0.00        0.00   *CUCCDIA@15
 3797     0.00      424.983        0.001        0.002           1813        0.00        0.00    CUCCDIA@18
 3798     0.00      424.983        0.001        0.002           1813        0.00        0.00    CUCCDIA@16
 3799     0.00      424.984        0.001        0.432              1        1.15      432.43    SUGEOMETRY@1
 3800     0.00      424.984        0.001        0.002           1813        0.00        0.00    MF_PHYS_BAYRAD@6
 3801     0.00      424.984        0.001        0.002           1813        0.00        0.00    CUCCDIA@10
 3802     0.00      424.984        0.001        0.002           1776        0.00        0.00    CUCCDIA@25
 3803     0.00      424.984        0.001        0.002           1813        0.00        0.00    CUCCDIA@24
 3804     0.00      424.984        0.001        0.002           1813        0.00        0.00    MF_PHYS_BAYRAD@3
 3805     0.00      424.984        0.001        0.002           1813        0.00        0.00    CUCCDIA@19
 3806     0.00      424.984        0.001        0.002           1813        0.00        0.00    CUCCDIA@13
 3807     0.00      424.985        0.001        0.491             37        0.03       13.27    APL_ARPEGE_RADIATION_PARALLEL:RADHEAT@1
 3808     0.00      424.985        0.001        0.002           1813        0.00        0.00    MF_PHYS_BAYRAD@5
 3809     0.00      424.985        0.001        0.002           1813        0.00        0.00    CUCCDIA@20
 3810     0.00      424.985        0.001        0.002           1813        0.00        0.00    CUCCDIA@17
 3811     0.00      424.985        0.001        0.002           1813        0.00        0.00    CUCCDIA@23
 3812     0.00      424.985        0.001        0.002           1776        0.00        0.00    MF_PHYS_BAYRAD@29
 3813     0.00      424.985        0.001        0.002           1813        0.00        0.00    CUCCDIA@8
 3814     0.00      424.985        0.001        0.002           1813        0.00        0.00    CUCCDIA@21
 3815     0.00      424.985        0.001        0.002           1776        0.00        0.00    CUCCDIA@26
 3816     0.00      424.985        0.001        0.002           1813        0.00        0.00    CUCCDIA@22
 3817     0.00      424.985        0.001        0.002           1813        0.00        0.00    CUCCDIA@5
 3818     0.00      424.985        0.001        0.002           1776        0.00        0.00    CUCCDIA@27
 3819     0.00      424.985        0.001        0.002           1813        0.00        0.00    CUCCDIA@14
 3820     0.00      424.985        0.001        0.002           1813        0.00        0.00    CUCCDIA@12
 3821     0.00      424.985        0.001        0.002           1813        0.00        0.00    CUCCDIA@11
 3822     0.00      424.985        0.001        0.002           1776        0.00        0.00    CUCCDIA@28
 3823     0.00      424.985        0.001        0.002           1813        0.00        0.00    CUCCDIA@9
 3824     0.00      424.986        0.001       64.476             37        0.03     1742.60    APL_ARPEGE_SHALLOW_CONVECTION_AND_TURBULENCE_PARALLEL@1
 3825     0.00      424.987        0.001        1.952             37        0.03       52.76    LARCINB_PARALLEL:LAITRE_GMV@1
 3826     0.00      424.987        0.001        0.002           1776        0.00        0.00    MF_PHYS_BAYRAD@30
 3827     0.00      424.988        0.001        0.830             37        0.03       22.43    CPUTQY_APLPAR_EXPL_PARALLEL@1
 3828     0.00      424.989        0.001        0.001              1        1.09        1.09    radiation_aerosol_optics_data:setup_aerosol_optics_data_CPU@1
 3829     0.00      424.989        0.001        0.002           1813        0.00        0.00    MF_PHYS_BAYRAD@1
 3830     0.00      424.989        0.001        0.002           1776        0.00        0.00    MF_PHYS_BAYRAD@32
 3831     0.00      424.989        0.001        0.002           1813        0.00        0.00    MF_PHYS_BAYRAD@4
 3832     0.00      424.989        0.001        0.002           1813        0.00        0.00    CUCCDIA@7
 3833     0.00      424.989        0.001        0.002           1813        0.00        0.00    MF_PHYS_BAYRAD@2
 3834     0.00      424.989        0.001        0.002           1813        0.00        0.00    CUCCDIA@6
 3835     0.00      424.989        0.001        0.002           1776        0.00        0.00    MF_PHYS_BAYRAD@31
 3836     0.00      424.990        0.001        0.001             37        0.03        0.03    APL_ARPEGE_DEEP_CONVECTION_PARALLEL:CUCALLN_MF:GET_DATA@1
 3837     0.00      424.992        0.001        0.034             36        0.03        0.95    CPG_END_SFC_PARALLEL:SET0TO1@1
 3838     0.00      424.992        0.001        0.002           1776        0.00        0.00    CUCCDIA@29
 3839     0.00      424.993        0.001        0.001              2        0.52        0.52    YOE_SPECTRAL_PLANCK:INIT@1
 3840     0.00      424.994        0.001        0.036              1        1.03       35.67    SUOROG@1
 3841     0.00      424.995        0.001        0.002           1813        0.00        0.00   *LATRAJOUT@24
 3842     0.00      424.996        0.001        0.053             37        0.03        1.44    MF_PHYS_FPL_PART1_PARALLEL:PART1@1
 3843     0.00      424.996        0.001        0.002           1813        0.00        0.00    CUCCDIA@2
 3844     0.00      424.996        0.001        0.002           1813        0.00        0.00    LATRAJOUT@19
 3845     0.00      424.996        0.001        0.002           1813        0.00        0.00    LATRAJOUT@18
 3846     0.00      424.996        0.001        0.002           1813        0.00        0.00    CUCCDIA@4
 3847     0.00      424.997        0.001        0.037             37        0.03        1.00    LACDYN_PARALLEL:ZMIXNL@1
 3848     0.00      424.997        0.001        0.002           1776        0.00        0.00    CUCCDIA@30
 3849     0.00      424.997        0.001        0.002           1813        0.00        0.00    LATRAJOUT@20
 3850     0.00      424.997        0.001        0.002           1776        0.00        0.00    CUCCDIA@31
 3851     0.00      424.997        0.001        0.002           1776        0.00        0.00    LATRAJOUT@28
 3852     0.00      424.998        0.001        0.772             37        0.03       20.88    LARCINB_PARALLEL:LCOMAD_SP@1
 3853     0.00      424.998        0.001        0.002           1813        0.00        0.00    LATRAJOUT@14
 3854     0.00      424.998        0.001        0.002           1813        0.00        0.00    LATRAJOUT@23
 3855     0.00      424.999        0.001        0.001              3        0.33        0.33    GRIB_API:IGRIB_CLONE@1
 3856     0.00      425.000        0.001        0.088             37        0.03        2.37    GPTF1_YDVARS_PARALLEL:LTWOTL@1
 3857     0.00      425.000        0.001        0.002           1776        0.00        0.00    LATRAJOUT@26
 3858     0.00      425.000        0.001        0.002           1813        0.00        0.00    CUCCDIA@3
 3859     0.00      425.000        0.001        0.002           1776        0.00        0.00    LATRAJOUT@27
 3860     0.00      425.000        0.001        0.002           1813        0.00        0.00    LATRAJOUT@6
 3861     0.00      425.000        0.001        0.002           1813        0.00        0.00    LATRAJOUT@11
 3862     0.00      425.001        0.001        0.007             38        0.03        0.19    UPDTIM@1
 3863     0.00      425.001        0.001        0.002           1813        0.00        0.00    LATRAJOUT@17
 3864     0.00      425.001        0.001        0.002           1776        0.00        0.00    CUCCDIA@32
 3865     0.00      425.001        0.001        0.002           1813        0.00        0.00    CUCCDIA@1
 3866     0.00      425.001        0.001        0.002           1813        0.00        0.00    LATRAJOUT@9
 3867     0.00      425.001        0.001        0.002           1813        0.00        0.00    LATRAJOUT@13
 3868     0.00      425.002        0.001        1.528             37        0.03       41.30    LARMES_PARALLEL:LARMES@1
 3869     0.00      425.002        0.001        0.002           1813        0.00        0.00    LATRAJOUT@10
 3870     0.00      425.002        0.001        0.002           1776        0.00        0.00    LATRAJOUT@25
 3871     0.00      425.002        0.001        0.002           1813        0.00        0.00    LATRAJOUT@15
 3872     0.00      425.002        0.001        0.002           1813        0.00        0.00    LATRAJOUT@22
 3873     0.00      425.002        0.001        0.002           1813        0.00        0.00    LATRAJOUT@8
 3874     0.00      425.003        0.001        0.745             37        0.03       20.13    LARCINB_PARALLEL:NTLAG_3@1
 3875     0.00      425.003        0.001        0.002           1813        0.00        0.00    LATRAJOUT@5
 3876     0.00      425.004        0.001        0.044             37        0.03        1.18    CPUTQY_APLPAR_EXPL_PARALLEL:PFDIS@1
 3877     0.00      425.005        0.001        0.001              1        0.97        0.97    RRTM_KGB1@1
 3878     0.00      425.005        0.001        0.002           1813        0.00        0.00    LATRAJOUT@21
 3879     0.00      425.005        0.001        0.002           1813        0.00        0.00    LATRAJOUT@7
 3880     0.00      425.005        0.001        0.002           1813        0.00        0.00    LATRAJOUT@16
 3881     0.00      425.005        0.001        0.002           1813        0.00        0.00    LATRAJOUT@1
 3882     0.00      425.005        0.001        0.002           1813        0.00        0.00    LATRAJOUT@12
 3883     0.00      425.005        0.001        0.002           1776        0.00        0.00    LATRAJOUT@29
 3884     0.00      425.005        0.001        0.002           1776        0.00        0.00    LATRAJOUT@30
 3885     0.00      425.005        0.001        0.002           1776        0.00        0.00    LATRAJOUT@31
 3886     0.00      425.005        0.001        0.001             37        0.03        0.03    APL_ARPEGE_INIT_PARALLEL:3:GET_DATA@1
 3887     0.00      425.006        0.001        1.800             37        0.03       48.64    LAPINEA_PARALLEL:LARCINA@1
 3888     0.00      425.006        0.001        0.002           1776        0.00        0.00    LATRAJOUT@32
 3889     0.00      425.006        0.001        0.001           1813        0.00        0.00    LATRAJOUT@3
 3890     0.00      425.007        0.001        0.070             37        0.02        1.89    LAPINEB_PARALLEL:NVLAG3@1
 3891     0.00      425.007        0.001        0.001           1813        0.00        0.00    LATRAJOUT@2
 3892     0.00      425.008        0.001        0.001             37        0.02        0.02    MF_PHYS_INIT_PARALLEL:ZERO:GET_DATA@1
 3893     0.00      425.008        0.001        0.001           1813        0.00        0.00    LATRAJOUT@4
 3894     0.00      425.009        0.001        0.327             37        0.02        8.84    APL_ARPEGE_PARALLEL:ACDRME@1
 3895     0.00      425.010        0.001        0.001              1        0.88        1.12    SUVERTFE3D@1
 3896     0.00      425.011        0.001        0.001             37        0.02        0.02    MF_PHYS_TRANSFER_PARALLEL:ALL:COMPUTE@1
 3897     0.00      425.012        0.001        0.001            222        0.00        0.00    LARCINB_PARALLEL:LAITRE_GFL:GET_DATA@1
 3898     0.00      425.013        0.001        0.118             74        0.01        1.59    GPMPFC_EXPL_PART2_PARALLEL@1
 3899     0.00      425.014        0.001        0.456             37        0.02       12.33    LAPINEB_PARALLEL:LARCHE@1
 3900     0.00      425.014        0.001        0.496             74        0.01        6.70    GPMPFC_EXPL_PARALLEL@1
 3901     0.00      425.015        0.001        0.036             37        0.02        0.97    CPUTQY_APLPAR_EXPL_PARALLEL:ZTDCP@1
 3902     0.00      425.016        0.001        0.076             37        0.02        2.05    APL_ARPEGE_PARALLEL:ZDE2MR@1
 3903     0.00      425.017        0.001        0.001             37        0.02        0.02    LATTEX_PARALLEL:MAIN:GET_DATA@1
 3904     0.00      425.018        0.001        0.058             37        0.02        1.55    APL_ARPEGE_OCEANIC_FLUXES_PARALLEL:ACFLUSO@1
 3905     0.00      425.019        0.001        0.369             43        0.02        8.58    FADECI_MT@1
 3906     0.00      425.019        0.001        0.314             37        0.02        8.49    APL_ARPEGE_PARALLEL:DIFTQ@1
 3907     0.00      425.020        0.001        0.001              1        0.83        0.83    SRTM_KGB16@1
 3908     0.00      425.021        0.001        0.278             37        0.02        7.51    CPG_GP_PARALLEL:GPINISLB_PART1_EXPL@1
 3909     0.00      425.022        0.001        0.001           2163        0.00        0.00    GFL_SUBS_MOD:FALSIFY_GFL_COMP@1
 3910     0.00      425.023        0.001        7.821             37        0.02      211.37    LATTEX_PARALLEL:MAIN@1
 3911     0.00      425.024        0.001        0.977             37        0.02       26.41    CPG_PARALLEL:SHUFFLESL1@1
 3912     0.00      425.024        0.001        0.875             37        0.02       23.64    CPG_DIA_FLU_PARALLEL@1
 3913     0.00      425.025        0.001        0.649             37        0.02       17.55    CPG_PARALLEL:ZEROSL1@1
 3914     0.00      425.026        0.001        0.002              1        0.81        2.31    SUGFL2@1
 3915     0.00      425.027        0.001        0.079            333        0.00        0.24    ACCTND0_PARALLEL@1
 3916     0.00      425.028        0.001        0.001             37        0.02        0.02    GPMPFC_EXPL_PARALLEL:0:COMPUTE@1
 3917     0.00      425.028        0.001        1.274             37        0.02       34.44    CPG_GP_HYD_PARALLEL:2@1
 3918     0.00      425.029        0.001        0.001             37        0.02        0.02    APL_ARPEGE_ATMOSPHERE_UPDATE_PARALLEL:CPTEND_NEW:GET_DATA@1
 3919     0.00      425.030        0.001        0.199             37        0.02        5.38    CPUTQY_APLPAR_EXPL_PARALLEL:ZDEC@1
 3920     0.00      425.031        0.001        0.030             37        0.02        0.81    CPG_GP_HYD_PARALLEL:3@1
 3921     0.00      425.032        0.001        0.002             37        0.02        0.05    MF_PHYS_TRANSFER_PARALLEL:ALL@1
 3922     0.00      425.032        0.001        0.237             37        0.02        6.41    LATTEX_EXPL_2TL_PARALLEL@1
 3923     0.00      425.033        0.001        0.008             37        0.02        0.20    CPG_GP_PARALLEL:MAP_FACTOR@1
 3924     0.00      425.034        0.001        0.001              1        0.76        0.76    SULAP@1
 3925     0.00      425.035        0.001        0.016             37        0.02        0.43    CPG_GP_PARALLEL:GPTF2_EXPL_2TL@1
 3926     0.00      425.035        0.001        1.230             37        0.02       33.26    APL_ARPEGE_SHALLOW_CONVECTION_AND_TURBULENCE_PARALLEL:ACTKE@1
 3927     0.00      425.036        0.001        0.359             37        0.02        9.70    LAVENT_PARALLEL:0@1
 3928     0.00      425.037        0.001        0.006             37        0.02        0.15    APL_ARPEGE_PARALLEL:BAYRAD@1
 3929     0.00      425.038        0.001        0.001              7        0.11        0.11    RECMWF_PARALLEL:1:COMPUTE@1
 3930     0.00      425.038        0.001        0.293             37        0.02        7.92    APL_ARPEGE_DEEP_CONVECTION_PARALLEL:COPY@1
 3931     0.00      425.039        0.001        0.001              7        0.10        0.11    RECMWF_PARALLEL:2:COMPUTE@1
 3932     0.00      425.040        0.001       10.267             37        0.02      277.47    LACDYN_PARALLEL@1
 3933     0.00      425.040        0.001        0.001              1        0.73        0.81    SUCT0@1
 3934     0.00      425.041        0.001        0.001              1        0.72        0.72    SUDEFO_GFLATTR@1
 3935     0.00      425.042        0.001       22.075             37        0.02      596.62    APL_ARPEGE_INIT_PARALLEL@1
 3936     0.00      425.043        0.001        0.042             37        0.02        1.14    LAPINEB_PARALLEL:TEMP_EQ@1
 3937     0.00      425.043        0.001        0.011             37        0.02        0.29    CPG_GP_PARALLEL:SET1TO0@1
 3938     0.00      425.044        0.001        0.001             37        0.02        0.02    APL_ARPEGE_SURFACE_PARALLEL:LMSE_F:GET_DATA@1
 3939     0.00      425.045        0.001        0.608             37        0.02       16.42    LASSIE_PARALLEL:SITNU@1
 3940     0.00      425.045        0.001        0.191             37        0.02        5.16    LATTES_PARALLEL:0@1
 3941     0.00      425.046        0.001        0.001             36        0.02        0.02    CPCFU_PARALLEL:5:COMPUTE@1
 3942     0.00      425.047        0.001        0.001             37        0.02        0.02    APL_ARPEGE_HYDRO_BUDGET_PARALLEL:ACDROV:GET_DATA@1
 3943     0.00      425.047        0.001        0.025             37        0.02        0.67    APL_ARPEGE_HYDRO_BUDGET_PARALLEL@1
 3944     0.00      425.048        0.001        0.028             37        0.02        0.76    LAPINEB_PARALLEL:ZVWEI@1
 3945     0.00      425.049        0.001        0.001             74        0.01        0.01    CPG_SL1B_TYPE_SYNC_HOST@1
 3946     0.00      425.049        0.001        0.017             37        0.02        0.47    LASSIE_PARALLEL:GPRCP@1
 3947     0.00      425.050        0.001        0.001            222        0.00        0.00    LARCINB_PARALLEL:RRINTOPT:GET_DATA@1
 3948     0.00      425.051        0.001        0.165             37        0.02        4.46    CTVTOT_EXPL_PARALLEL@1
 3949     0.00      425.051        0.001        0.001            555        0.00        0.00    GPRCP_EXPL_PARALLEL:1:GET_DATA@1
 3950     0.00      425.052        0.001        0.293             37        0.02        7.92    APL_ARPEGE_DEEP_CONVECTION_PARALLEL:ZERO@1
 3951     0.00      425.053        0.001        8.575             37        0.02      231.77    LARCINB_PARALLEL:LRHS_CURV_F@1
 3952     0.00      425.053        0.001        2.752             37        0.02       74.37    APL_ARPEGE_SURFACE_PARALLEL:LMSE_F@1
 3953     0.00      425.054        0.001        0.196              1        0.63      196.31    SUGRIDF@1
 3954     0.00      425.055        0.001        0.001             37        0.02        0.02    CPG_DRV:EXIT@1
 3955     0.00      425.055        0.001        0.001           1404        0.00        0.00    SPCSINEW_cp1@1
 3956     0.00      425.056        0.001        0.006             37        0.02        0.17    CPG_GP_PARALLEL:SETZERO@1
 3957     0.00      425.056        0.001        0.001             37        0.02        0.02    APL_ARPEGE_RADIATION_PARALLEL:RADHEAT:GET_DATA@1
 3958     0.00      425.057        0.001        0.001              1        0.61        1.20    SUFA@1
 3959     0.00      425.058        0.001        1.292             37        0.02       34.92    APL_ARPEGE_RADIATION_PARALLEL:ACDAYD@1
 3960     0.00      425.058        0.001        4.392             37        0.02      118.70    APL_ARPEGE_SURFACE_PARALLEL:ACDIFV1@1
 3961     0.00      425.059        0.001        0.025             37        0.02        0.67    CPG_PARALLEL:LSMTSOL@1
 3962     0.00      425.060        0.001        3.331             37        0.02       90.02    LAPINEA_PARALLEL@1
 3963     0.00      425.060        0.001        0.002             37        0.02        0.04    GPMPFC_EXPL_PARALLEL:0@1
 3964     0.00      425.061        0.001        0.001            309        0.00        0.00    SET2PE@1
 3965     0.00      425.061        0.001        0.087             37        0.02        2.35    APL_ARPEGE_PARALLEL:ACVISIH@1
 3966     0.00      425.062        0.001        0.010              1        0.60       10.04    SUVERTFE3@1
 3967     0.00      425.063        0.001        0.329             37        0.02        8.89    APL_ARPEGE_DEEP_CONVECTION_PARALLEL:INIT@1
 3968     0.00      425.063        0.001        0.255             37        0.02        6.89    CPG_DIA_FLU_PARALLEL:0@1
 3969     0.00      425.064        0.001        0.115             37        0.02        3.10    LAPINEB_PARALLEL:ROTUV@1
 3970     0.00      425.064        0.001       12.452             37        0.02      336.55    APL_ARPEGE_INIT_PARALLEL:3@1
 3971     0.00      425.065        0.001        0.002              1        0.60        1.81    SUGFL1@1
 3972     0.00      425.066        0.001        0.045             37        0.02        1.22    LAPINEB_PARALLEL:L_RDRY_VD@1
 3973     0.00      425.066        0.001        0.005             37        0.02        0.14    LACDYN_PARALLEL:LASURE@1
 3974     0.00      425.067        0.001        0.705             37        0.02       19.06    LARCINB_PARALLEL:NVLAG_3@1
 3975     0.00      425.067        0.001        0.001             37        0.02        0.03    LAVABO_PARALLEL:1@1
 3976     0.00      425.068        0.001        0.100             37        0.02        2.69    APL_ARPEGE_PARALLEL:ZRDG_LCVQ@1
 3977     0.00      425.068        0.001        0.019              5        0.12        3.79    GPNORM2@1
 3978     0.00      425.069        0.001        0.429             37        0.02       11.60    CPG_GP_HYD_PARALLEL:0@1
 3979     0.00      425.070        0.001        0.002              1        0.58        2.19    SU_SURF_FLDS@1
 3980     0.00      425.070        0.001        0.251             37        0.02        6.78    APL_ARPEGE_PARALLEL:CPPHINP@1
 3981     0.00      425.071        0.001        0.001            664        0.00        0.00    PE2SET@1
 3982     0.00      425.071        0.001        1.227             37        0.02       33.16    APL_ARPEGE_PRECIPITATION_PARALLEL:ACUPTQ@1
 3983     0.00      425.072        0.001        1.217             37        0.02       32.89    APL_ARPEGE_SURFACE_PARALLEL:ACDIFV2@1
 3984     0.00      425.073        0.001        0.160             37        0.02        4.33    CPGLAG_PARALLEL:0@1
 3985     0.00      425.073        0.001        0.001             37        0.02        0.02    CPG_DRV:INIT@1
 3986     0.00      425.074        0.001        0.001             37        0.02        0.02    APL_ARPEGE_INIT_SURFEX_PARALLEL@1
 3987     0.00      425.074        0.001        0.555             37        0.02       14.99    APL_ARPEGE_INIT_PARALLEL:1@1
 3988     0.00      425.075        0.001        1.414             37        0.02       38.21    APL_ARPEGE_PRECIPITATION_PARALLEL@1
 3989     0.00      425.075        0.001        0.003             37        0.02        0.09    LAVABO_PARALLEL:2@1
 3990     0.00      425.076        0.001        0.008             37        0.02        0.22    CPG_DIA_FLU_PARALLEL:1@1
 3991     0.00      425.076        0.001        0.388             36        0.02       10.77    SCAN2M_TS_PARALLEL@1
 3992     0.00      425.077        0.001        0.001             37        0.02        0.02    MF_PHYS_PARALLEL:MF_PHYS_NEXT_STATE%INIT@1
 3993     0.00      425.078        0.001        0.194             37        0.01        5.25    APL_ARPEGE_PARALLEL:ZBAY_QRCONV@1
 3994     0.00      425.078        0.001        0.001             37        0.01        0.02    CPG_SL1F_TYPE_SYNC_HOST@1
 3995     0.00      425.079        0.001        0.022             37        0.01        0.59    CPG_PARALLEL:ISETTLOFF@1
 3996     0.00      425.079        0.001        0.001              1        0.55        0.55    SUGEM1A@1
 3997     0.00      425.080        0.001        0.007             39        0.01        0.18    SPNORMBE@1
 3998     0.00      425.080        0.001        0.001             37        0.01        0.02    APL_ARPEGE_PARALLEL:ACDRAG:GET_DATA@1
 3999     0.00      425.081        0.001        3.130             37        0.01       84.59    CPG_GP_HYD_PARALLEL@1
 4000     0.00      425.081        0.001        0.073             37        0.01        1.96    CPG_GP_PARALLEL:GPINISLB_PART3_EXPL@1
 4001     0.00      425.082        0.001        0.098             37        0.01        2.65    APL_ARPEGE_RADIATION_PARALLEL:LMSE_F@1
 4002     0.00      425.083        0.001        0.001              1        0.54        1.07    SUPHY0@1
 4003     0.00      425.083        0.001        0.003             37        0.01        0.08    CPG_DIA_FLU_PARALLEL:3@1
 4004     0.00      425.084        0.001        0.161             37        0.01        4.34    LAPINEB_PARALLEL:LACONE@1
 4005     0.00      425.084        0.001      217.137             37        0.01     5868.56    APL_ARPEGE_RADIATION_PARALLEL@1
 4006     0.00      425.085        0.001        0.005             37        0.01        0.14    APL_ARPEGE_PARALLEL:FRSOPT@1
 4007     0.00      425.085        0.001        0.005             37        0.01        0.14    APL_ARPEGE_PARALLEL:ZDPHIV@1
 4008     0.00      425.086        0.001        0.001             37        0.01        0.01    APL_ARPEGE_SHALLOW_CONVECTION_AND_TURBULENCE_PARALLEL:ACTKE:GET_DATA@1
 4009     0.00      425.086        0.001        0.001             37        0.01        0.01    LAVENT_PARALLEL:0:GET_DATA@1
 4010     0.00      425.087        0.001        0.001              1        0.52        0.52    YOMGSGEOM:DEALLO_TGSGEOM@1
 4011     0.00      425.087        0.001        0.001             37        0.01        0.01    APL_ARPEGE_SURFACE_PARALLEL:ACDIFV1:GET_DATA@1
 4012     0.00      425.088        0.001       63.002             37        0.01     1702.75    ACVPPKF_PARALLEL@1
 4013     0.00      425.088        0.001        0.472             43        0.01       10.97    FACIL1_MT@1
 4014     0.00      425.089        0.001        0.006             37        0.01        0.15    CPXFU_PARALLEL:0@1
 4015     0.00      425.089        0.001        0.004              1        0.50        3.96    MF_PHYS_SAVE_PHSURF_PART1_PARALLEL:PART1@1
 4016     0.00      425.090        0.000        0.001             37        0.01        0.01    ACVPPKF_PARALLEL:PART0:GET_DATA@1
 4017     0.00      425.090        0.000        0.027             37        0.01        0.72    CTVTOT_EXPL_PARALLEL:0@1
 4018     0.00      425.091        0.000        1.377             37        0.01       37.20    APL_ARPEGE_INIT_PARALLEL:2@1
 4019     0.00      425.091        0.000        0.001             74        0.01        0.01    GPMPFC_EXPL_PARALLEL:1:GET_DATA@1
 4020     0.00      425.092        0.000        0.001             74        0.01        0.01    GPMPFC_EXPL_PARALLEL:1:NULLIFY@1
 4021     0.00      425.092        0.000        0.024             37        0.01        0.65    APL_ARPEGE_HYDRO_BUDGET_PARALLEL:ACDROV@1
 4022     0.00      425.093        0.000        0.073             42        0.01        1.73    DECOGA@1
 4023     0.00      425.093        0.000        0.002             37        0.01        0.06    APL_ARPEGE_PARALLEL:PLSM@1
 4024     0.00      425.094        0.000        0.054             37        0.01        1.45    APL_ARPEGE_PARALLEL:ACSOL@1
 4025     0.00      425.094        0.000        0.001            333        0.00        0.00    CPUTQY0_PARALLEL:PVAR:GET_DATA@1
 4026     0.00      425.095        0.000        0.037             37        0.01        1.00    APL_WIND_GUST_PARALLEL:ACCLDIA@1
 4027     0.00      425.095        0.000        0.000             37        0.01        0.01    APL_ARPEGE_DEEP_CONVECTION_PARALLEL:INIT:GET_DATA@1
 4028     0.00      425.096        0.000        0.000             37        0.01        0.01    APL_ARPEGE_SURFACE_UPDATE_PARALLEL:LMSE_F:GET_DATA@1
 4029     0.00      425.096        0.000        0.000             37        0.01        0.01    CPG_GP_PARALLEL:GPINISLB_PART3_EXPL:NULLIFY@1
 4030     0.00      425.097        0.000        0.440             37        0.01       11.90    CPGLAG_PARALLEL@1
 4031     0.00      425.097        0.000        0.048             37        0.01        1.30    APL_ARPEGE_PARALLEL:ACHMT@1
 4032     0.00      425.097        0.000        0.000             37        0.01        0.01    LARMES_PARALLEL:LARMES:GET_DATA@1
 4033     0.00      425.098        0.000        0.078            185        0.00        0.42    ACCTND0_PARALLEL:PACC@1
 4034     0.00      425.098        0.000        0.000             37        0.01        0.01    CPG_GP_HYD_PARALLEL:2:GET_DATA@1
 4035     0.00      425.099        0.000        0.000              1        0.46        0.46    RRTM_KGB5@1
 4036     0.00      425.099        0.000        0.012             37        0.01        0.32    CPG_GP_PARALLEL:GP_SPV@1
 4037     0.00      425.100        0.000        0.063             36        0.01        1.76    CPCFU_PARALLEL@1
 4038     0.00      425.100        0.000        0.019             37        0.01        0.50    CPGLAG_PARALLEL:1@1
 4039     0.00      425.101        0.000        0.041            100        0.00        0.41    POSNAM@1
 4040     0.00      425.101        0.000        0.638             37        0.01       17.24    APL_ARPEGE_DPRECIPS_PARALLEL@1
 4041     0.00      425.102        0.000        0.000             37        0.01        0.01    APL_ARPEGE_DEEP_CONVECTION_PARALLEL:ACUPTQ:GET_DATA@1
 4042     0.00      425.102        0.000        0.018             37        0.01        0.49    APL_ARPEGE_PARALLEL:PPWETPOINT@1
 4043     0.00      425.102        0.000        0.000             37        0.01        0.01    APL_ARPEGE_PARALLEL:ACDRME:GET_DATA@1
 4044     0.00      425.103        0.000        0.029             37        0.01        0.79    GPRCP_EXPL_PARALLEL:5@1
 4045     0.00      425.103        0.000        0.001             30        0.01        0.03    APL_ARPEGE_RADIATION_PARALLEL:CALLRAD_F@1
 4046     0.00      425.104        0.000        0.008             37        0.01        0.23    APL_ARPEGE_PARALLEL:PRECIPS@1
 4047     0.00      425.104        0.000        0.000             37        0.01        0.01    APL_ARPEGE_DEEP_CONVECTION_PARALLEL:INIT:NULLIFY@1
 4048     0.00      425.105        0.000        0.000             37        0.01        0.01    APL_ARPEGE_DEEP_CONVECTION_PARALLEL:CUCALLN_MF:NULLIFY@1
 4049     0.00      425.105        0.000        0.000             37        0.01        0.01    LARCINB_PARALLEL:LRHS_CURV_F:GET_DATA@1
 4050     0.00      425.105        0.000        0.000              1        0.42        0.42    RRTM_KGB3@1
 4051     0.00      425.106        0.000        8.593             37        0.01      232.25    APL_ARPEGE_SURFACE_PARALLEL@1
 4052     0.00      425.106        0.000        0.000             37        0.01        0.01    APL_ARPEGE_SURFACE_PARALLEL:ACDIFV2:GET_DATA@1
 4053     0.00      425.107        0.000        0.000             37        0.01        0.01    APL_ARPEGE_PARALLEL:ACEVADCAPE:GET_DATA@1
 4054     0.00      425.107        0.000        0.000             37        0.01        0.01    ACVPPKF_PARALLEL:PART3:GET_DATA@1
 4055     0.00      425.108        0.000        0.529             37        0.01       14.31    CPG_GP_HYD_PARALLEL:1@1
 4056     0.00      425.108        0.000        0.045              1        0.41       44.97    SUECRAD@1
 4057     0.00      425.108        0.000        0.042             37        0.01        1.14    APL_ARPEGE_PARALLEL:EDR@1
 4058     0.00      425.109        0.000        0.000             38        0.01        0.01    UPDMOON@1
 4059     0.00      425.109        0.000        0.007             37        0.01        0.19    CPXFU_PARALLEL:3@1
 4060     0.00      425.110        0.000        0.000             37        0.01        0.01    APL_ARPEGE_HYDRO_BUDGET_PARALLEL:ACDROV:NULLIFY@1
 4061     0.00      425.110        0.000        3.425             37        0.01       92.57    APL_ARPEGE_ATMOSPHERE_UPDATE_PARALLEL@1
 4062     0.00      425.110        0.000        1.944             37        0.01       52.53    MF_PHYS_INIT_PARALLEL@1
 4063     0.00      425.111        0.000        0.000              2        0.20        0.20    GRIB_API:IGRIB_GET_CHAR@1
 4064     0.00      425.111        0.000       16.418             37        0.01      443.72    ACVPPKF_PARALLEL:PART3@1
 4065     0.00      425.112        0.000        8.289             37        0.01      224.03    LATTEX_PARALLEL@1
 4066     0.00      425.112        0.000        0.003             37        0.01        0.08    CPXFU_PARALLEL:1@1
 4067     0.00      425.112        0.000       12.290             37        0.01      332.17    ACVPPKF_PARALLEL:PART0@1
 4068     0.00      425.113        0.000        0.012              1        0.39       11.83    SUPHMPA@1
 4069     0.00      425.113        0.000        0.043              1        0.39       43.48    SUSI@1
 4070     0.00      425.114        0.000        0.360             37        0.01        9.73    LAVENT_PARALLEL@1
 4071     0.00      425.114        0.000        0.005              2        0.19        2.46    OPENFA@1
 4072     0.00      425.114        0.000        0.413             37        0.01       11.17    MF_PHYS_PREP_PARALLEL@1
 4073     0.00      425.115        0.000        0.010              1        0.39        9.96    SUSC2B@1
 4074     0.00      425.115        0.000        0.000             37        0.01        0.01    CPXFU_PARALLEL:2:GET_DATA@1
 4075     0.00      425.116        0.000        4.832             37        0.01      130.58    APL_ARPEGE_INIT_PARALLEL:4@1
 4076     0.00      425.116        0.000        0.000             37        0.01        0.01    LAPINEB_PARALLEL:LARCHE:GET_DATA@1
 4077     0.00      425.116        0.000        2.847             37        0.01       76.95    APL_ARPEGE_INIT_PARALLEL:5@1
 4078     0.00      425.117        0.000        0.029             37        0.01        0.78    CPXFU_PARALLEL:4@1
 4079     0.00      425.117        0.000       47.010             37        0.01     1270.54    CALL_SL_DRV@1
 4080     0.00      425.117        0.000        0.272             37        0.01        7.35    APL_ARPEGE_PARALLEL:ACCLPH@1
 4081     0.00      425.118        0.000        0.102              1        0.38      102.49    SUDYN@1
 4082     0.00      425.118        0.000        0.098             37        0.01        2.65    APL_ARPEGE_SURFACE_UPDATE_PARALLEL:LMSE_F@1
 4083     0.00      425.119        0.000        0.041             37        0.01        1.12    MF_PHYS_FPL_PART2_PARALLEL@1
 4084     0.00      425.119        0.000        0.000             37        0.01        0.01    APL_ARPEGE_PARALLEL:ACHMT:GET_DATA@1
 4085     0.00      425.119        0.000        0.000              1        0.38        0.38    HQR2@1
 4086     0.00      425.120        0.000        5.606             37        0.01      151.52    TRANSINVH@1
 4087     0.00      425.120        0.000        0.002              1        0.37        1.57    INI_RAIN_ICE@1
 4088     0.00      425.120        0.000        0.000             41        0.01        0.01    GRIB_API:IGRIB_SET_INT8@1
 4089     0.00      425.121        0.000        0.001              1        0.37        1.08    SUECAESD@1
 4090     0.00      425.121        0.000        1.972             72        0.01       27.39    EXCHANGE_MS@1
 4091     0.00      425.122        0.000        0.000             37        0.01        0.01    APL_ARPEGE_CLOUDINESS_PARALLEL:ACNEBCOND:GET_DATA@1
 4092     0.00      425.122        0.000        0.000             37        0.01        0.01    APL_ARPEGE_PARALLEL:ACSOL:GET_DATA@1
 4093     0.00      425.122        0.000        0.023             37        0.01        0.62    CPXFU_PARALLEL:2@1
 4094     0.00      425.123        0.000        0.000             36        0.01        0.01    CPCFU_PARALLEL:1:GET_DATA@1
 4095     0.00      425.123        0.000        0.005              1        0.36        4.88    SU0PHY@1
 4096     0.00      425.123        0.000        0.001              1        0.36        1.00    SUECAESS@1
 4097     0.00      425.124        0.000        0.005             37        0.01        0.13    APL_ARPEGE_INIT_PARALLEL:6@1
 4098     0.00      425.124        0.000        0.000             37        0.01        0.01    APL_ARPEGE_DEEP_CONVECTION_PARALLEL:ACUPTQ:NULLIFY@1
 4099     0.00      425.124        0.000        0.001              1        0.36        1.07    SUECAEOR@1
 4100     0.00      425.125        0.000        0.000              1        0.35        0.35    SURFACE_FIELDS_MIX:DEALLO_SURF@1
 4101     0.00      425.125        0.000        0.000              1        0.35        0.35    SRTM_KGB21@1
 4102     0.00      425.125        0.000        0.000             37        0.01        0.01    APL_ARPEGE_PARALLEL:QNGCOR:GET_DATA@1
 4103     0.00      425.126        0.000        0.000            324        0.00        0.00    SCAN2M_TS_PARALLEL:0:GET_DATA@1
 4104     0.00      425.126        0.000        0.070            234        0.00        0.30    SPNORMBM@1
 4105     0.00      425.127        0.000        0.001            202        0.00        0.00    SUCLDP:BETAI@1
 4106     0.00      425.127        0.000        0.000             30        0.01        0.01    APL_ARPEGE_RADIATION_PARALLEL:CALLRAD_F:COMPUTE@1
 4107     0.00      425.127        0.000        0.000             37        0.01        0.01    APL_ARPEGE_PRECIPITATION_PARALLEL:ACUPTQ:GET_DATA@1
 4108     0.00      425.128        0.000        0.000             37        0.01        0.01    CPG_GP_HYD_PARALLEL:0:GET_DATA@1
 4109     0.00      425.128        0.000        0.000             74        0.00        0.01    LAPINEB_PARALLEL:ROTUVGEO:GET_DATA@1
 4110     0.00      425.128        0.000        5.606             37        0.01      151.51    TRANSINV_MDL@1
 4111     0.00      425.129        0.000        0.001              1        0.34        1.03    SUECAESU@1
 4112     0.00      425.129        0.000        0.015             36        0.01        0.42    CPCFU_PARALLEL:0@1
 4113     0.00      425.129        0.000        0.000            555        0.00        0.00    GPRCP_EXPL_PARALLEL:1:NULLIFY@1
 4114     0.00      425.130        0.000        0.106             37        0.01        2.86    CPG_DIA_FLU_PARALLEL:2@1
 4115     0.00      425.130        0.000        1.740             37        0.01       47.02    APL_ARPEGE_DEEP_CONVECTION_PARALLEL:CUCALLN_MF@1
 4116     0.00      425.130        0.000        0.012             37        0.01        0.34    APL_ARPEGE_ALBEDO_COMPUTATION_PARALLEL:0@1
 4117     0.00      425.131        0.000        0.001              1        0.33        0.94    SUSTA@1
 4118     0.00      425.131        0.000        0.000              1        0.33        0.33    SRTM_KGB17@1
 4119     0.00      425.131        0.000        0.049             37        0.01        1.32    APL_ARPEGE_SOIL_HYDRO_PARALLEL:ACVEG@1
 4120     0.00      425.132        0.000        0.012             37        0.01        0.32    CPG_DIA_FLU_PARALLEL:4@1
 4121     0.00      425.132        0.000        0.000             37        0.01        0.01    APL_ARPEGE_PARALLEL:FRSOPT:GET_DATA@1
 4122     0.00      425.132        0.000        0.000              1        0.33        0.33    IOGRID_MOD:INI_INDSEL@1
 4123     0.00      425.133        0.000        0.000              6        0.05        0.06    MINV_8:GEDI@1
 4124     0.00      425.133        0.000        0.000              1        0.33        0.33    SRTM_KGB28@1
 4125     0.00      425.133        0.000        0.000             37        0.01        0.01    ACVPPKF_PARALLEL:PART1:GET_DATA@1
 4126     0.00      425.134        0.000       19.067             37        0.01      515.32    ACVPPKF_PARALLEL:PART1@1
 4127     0.00      425.134        0.000        0.000             37        0.01        0.01    LAPINEA_PARALLEL:LARCINA:GET_DATA@1
 4128     0.00      425.134        0.000        0.032             37        0.01        0.88    CPGLAG_PARALLEL:STR@1
 4129     0.00      425.135        0.000        0.498             43        0.01       11.59    FACILO_MT@1
 4130     0.00      425.135        0.000        0.000              1        0.32        0.32    RRTM_KGB4@1
 4131     0.00      425.135        0.000        0.258             37        0.01        6.97    APL_ARPEGE_DEEP_CONVECTION_PARALLEL:ACUPTQ@1
 4132     0.00      425.135        0.000        0.744              1        0.31      744.28    SUSPEC@1
 4133     0.00      425.136        0.000        0.002              2        0.16        0.94    SUFPC@1
 4134     0.00      425.136        0.000        0.300             37        0.01        8.11    APL_ARPEGE_PARALLEL:ACTQSAT@1
 4135     0.00      425.136        0.000        0.001              1        0.31        1.09    SUECAEBC@1
 4136     0.00      425.137        0.000        0.058             37        0.01        1.58    APL_ARPEGE_OCEANIC_FLUXES_PARALLEL@1
 4137     0.00      425.137        0.000        0.000             37        0.01        0.01    LATTES_PARALLEL:0:GET_DATA@1
 4138     0.00      425.137        0.000        0.027             37        0.01        0.74    LAVABO_PARALLEL@1
 4139     0.00      425.138        0.000        0.020             36        0.01        0.54    CPCFU_PARALLEL:1@1
 4140     0.00      425.138        0.000        0.330             37        0.01        8.92    LATTES_PARALLEL@1
 4141     0.00      425.138        0.000       10.267             37        0.01      277.48    CPG_DYN_SLG_PARALLEL@1
 4142     0.00      425.139        0.000        0.000            222        0.00        0.00    LATTEX_EXPL_2TL_PARALLEL:3:GET_DATA@1
 4143     0.00      425.139        0.000        0.456             37        0.01       12.33    APL_ARPEGE_PARALLEL:APLPAR_INIT@1
 4144     0.00      425.139        0.000        0.822             37        0.01       22.21    APL_ARPEGE_CLOUDINESS_PARALLEL@1
 4145     0.00      425.139        0.000        1.530             37        0.01       41.34    LARMES_PARALLEL@1
 4146     0.00      425.140        0.000        0.035             37        0.01        0.93    CPG_END_SFC_PARALLEL@1
 4147     0.00      425.140        0.000        0.001             36        0.01        0.03    CPCFU_PARALLEL:5@1
 4148     0.00      425.140        0.000        0.000              1        0.30        0.30    SPGEOM_MOD:SUGMRE@1
 4149     0.00      425.141        0.000        0.011             37        0.01        0.29    LAVABO_EXPL_LAITVSPCQM_PART1_PARALLEL@1
 4150     0.00      425.141        0.000        0.000              1        0.29        0.29    FINAL_STATS@1
 4151     0.00      425.141        0.000        0.000             36        0.01        0.01    CPCFU_PARALLEL:2:GET_DATA@1
 4152     0.00      425.142        0.000        0.016             36        0.01        0.45    CPCFU_PARALLEL:2@1
 4153     0.00      425.142        0.000        0.000             37        0.01        0.01    LAVABO_PARALLEL:1:COMPUTE@1
 4154     0.00      425.142        0.000        0.054             37        0.01        1.45    MF_PHYS_FPL_PART1_PARALLEL@1
 4155     0.00      425.142        0.000        0.000              1        0.29        0.29    SUALMP2@1
 4156     0.00      425.143        0.000        0.000            222        0.00        0.00    LAPINEB_PARALLEL:CVGQ:GET_DATA@1
 4157     0.00      425.143        0.000        0.000             37        0.01        0.01    CPG_GP_PARALLEL:GPINISLB_PART1_EXPL:GET_DATA@1
 4158     0.00      425.143        0.000        0.000             37        0.01        0.01    APL_ARPEGE_OCEANIC_FLUXES_PARALLEL:ACFLUSO:GET_DATA@1
 4159     0.00      425.144        0.000        0.018              3        0.09        6.15    FIELD_CONTAINER_GP_MOD:FIELD_CREATE@1
 4160     0.00      425.144        0.000        0.000             37        0.01        0.01    APL_ARPEGE_INIT_PARALLEL:5:GET_DATA@1
 4161     0.00      425.144        0.000        0.001              1        0.28        0.87    SUTOPH@1
 4162     0.00      425.144        0.000        0.000             37        0.01        0.01    CPXFU_PARALLEL:1:GET_DATA@1
 4163     0.00      425.145        0.000        0.000              1        0.28        0.28    GFL_SUBS_MOD:PRINT_GFL@1
 4164     0.00      425.145        0.000        0.088             37        0.01        2.38    GPTF1_YDVARS_PARALLEL@1
 4165     0.00      425.145        0.000        0.006             36        0.01        0.15    APL_ARPEGE_RADIATION_PARALLEL:SUNSHINE@1
 4166     0.00      425.145        0.000        0.000             37        0.01        0.01    LATTEX_EXPL_VSPLTRANS_PARALLEL@1
 4167     0.00      425.146        0.000        0.000              1        0.27        0.27    SUALDYN_DDH@1
 4168     0.00      425.146        0.000        0.010             36        0.01        0.27    CPCFU_PARALLEL:3@1
 4169     0.00      425.146        0.000        1.596             37        0.01       43.14    APL_ARPEGE_ATMOSPHERE_UPDATE_PARALLEL:CPTEND_NEW@1
 4170     0.00      425.147        0.000        0.000             37        0.01        0.01    CPG_GP_HYD_PARALLEL:1:GET_DATA@1
 4171     0.00      425.147        0.000        0.000            148        0.00        0.00    GPRCP_EXPL_PARALLEL:0:GET_DATA@1
 4172     0.00      425.147        0.000        0.000             37        0.01        0.01    MF_PHYS_PARALLEL:MF_PHYS_BASE_STATE%INIT@1
 4173     0.00      425.147        0.000        0.000             37        0.01        0.01    APL_ARPEGE_PARALLEL:APLPAR_INIT:GET_DATA@1
 4174     0.00      425.148        0.000        0.000             37        0.01        0.01    CPG_GP_PARALLEL:MAP_FACTOR:GET_DATA@1
 4175     0.00      425.148        0.000        0.013             37        0.01        0.36    APL_ARPEGE_ALBEDO_COMPUTATION_PARALLEL@1
 4176     0.00      425.148        0.000        0.000              1        0.25        0.27    GMV_SUBS_MOD:SETUP_GMV@1
 4177     0.00      425.148        0.000        0.000             37        0.01        0.01    CPG_GP_PARALLEL:GP_SPV:GET_DATA@1
 4178     0.00      425.149        0.000        0.027             37        0.01        0.72    APL_ARPEGE_RADIATION_PARALLEL:DIRECT@1
 4179     0.00      425.149        0.000        0.000             36        0.01        0.01    CPCFU_PARALLEL:0:GET_DATA@1
 4180     0.00      425.149        0.000        0.259             37        0.01        7.01    APL_ARPEGE_PARALLEL:ACDRAG@1
 4181     0.00      425.149        0.000        0.001              1        0.25        0.59    SUDYNA@1
 4182     0.00      425.150        0.000        0.842             37        0.01       22.75    LASSIE_PARALLEL@1
 4183     0.00      425.150        0.000        0.000              3        0.08        0.08    FIELD_GFL_WRAPPER:GFL_MAPPING_SETUP@1
 4184     0.00      425.150        0.000        0.481             37        0.01       12.99    APL_ARPEGE_DPRECIPS_PARALLEL:0@1
 4185     0.00      425.150        0.000        0.000              1        0.24        0.24    RRTM_KGB9@1
 4186     0.00      425.151        0.000        0.068             37        0.01        1.85    CPXFU_PARALLEL@1
 4187     0.00      425.151        0.000        0.633             37        0.01       17.12    APL_ARPEGE_CLOUDINESS_PARALLEL:ACNEBCOND@1
 4188     0.00      425.151        0.000        0.001              1        0.24        1.02    SUXFU@1
 4189     0.00      425.151        0.000       37.518              1        0.24    37518.31    SCAN2M_OOPS@1
 4190     0.00      425.152        0.000        0.000             37        0.01        0.01    APL_ARPEGE_INIT_PARALLEL:2:GET_DATA@1
 4191     0.00      425.152        0.000        0.024             10        0.02        2.39    GPNORM1@1
 4192     0.00      425.152        0.000        0.179             36        0.01        4.96    SPCHORNEW@1
 4193     0.00      425.152        0.000        0.000            222        0.00        0.00    GPINISLB_PART2_EXPL_PARALLEL:0:GET_DATA@1
 4194     0.00      425.152        0.000        0.002             55        0.00        0.04    FANION_MT@1
 4195     0.00      425.153        0.000        0.000            594        0.00        0.00    SUCLDP:GAMMLN@1
 4196     0.00      425.153        0.000        0.000             37        0.01        0.01    CPGLAG_PARALLEL:0:GET_DATA@1
 4197     0.00      425.153        0.000        0.000              2        0.11        0.11    READ_XKER_RACCS@1
 4198     0.00      425.153        0.000        0.001              1        0.23        0.63    SUGEM_NAML@1
 4199     0.00      425.154        0.000        0.000             37        0.01        0.01    APL_ARPEGE_INIT_PARALLEL:4:GET_DATA@1
 4200     0.00      425.154        0.000        0.012              1        0.22       11.68    SUVERT@1
 4201     0.00      425.154        0.000        0.000             37        0.01        0.01    MF_PHYS_PREP_PARALLEL:PREP:GET_DATA@1
 4202     0.00      425.154        0.000        0.000              1        0.22        0.22    RRTM_KGB7@1
 4203     0.00      425.154        0.000        0.000             37        0.01        0.01    APL_ARPEGE_PARALLEL:CPPHINP:GET_DATA@1
 4204     0.00      425.155        0.000        0.000             37        0.01        0.01    CPXFU_PARALLEL:0:GET_DATA@1
 4205     0.00      425.155        0.000        0.000             36        0.01        0.01    CPCFU_PARALLEL:3:GET_DATA@1
 4206     0.00      425.155        0.000        0.000            185        0.00        0.00    GPRCP_EXPL_PARALLEL:2:GET_DATA@1
 4207     0.00      425.155        0.000        7.107             36        0.01      197.41    TRANSDIR_MDL@1
 4208     0.00      425.156        0.000        0.000             74        0.00        0.00    GPMPFC_EXPL_PART2_PARALLEL:0:GET_DATA@1
 4209     0.00      425.156        0.000        0.002              1        0.22        2.30    YOMVAR:SETUP_VAR@1
 4210     0.00      425.156        0.000        0.000              1        0.22        0.22    SURCORDI@1
 4211     0.00      425.156        0.000        0.000             37        0.01        0.01    LAPINEB_PARALLEL:LACONE:GET_DATA@1
 4212     0.00      425.156        0.000        0.005             37        0.01        0.14    APL_ARPEGE_INIT_PARALLEL:0@1
 4213     0.00      425.157        0.000        0.188             37        0.01        5.09    CPG_END_MAP_PARALLEL@1
 4214     0.00      425.157        0.000        0.000              5        0.04        0.04    FIELD_CONTAINER_GP_MOD:FIELD_DESTROY@1
 4215     0.00      425.157        0.000        0.000              1        0.21        0.48    SUNDDH@1
 4216     0.00      425.157        0.000        0.000            222        0.00        0.00    LARCINB_PARALLEL:LAITRE_GFL:NULLIFY@1
 4217     0.00      425.158        0.000        0.000            148        0.00        0.00    GPINISLB_PART2_EXPL_PARALLEL:1:GET_DATA@1
 4218     0.00      425.158        0.000        0.000            324        0.00        0.00    SCAN2M_TS_PARALLEL:0:NULLIFY@1
 4219     0.00      425.158        0.000        0.000             37        0.01        0.01    APL_ARPEGE_DEEP_CONVECTION_PARALLEL:COPY:GET_DATA@1
 4220     0.00      425.158        0.000        3.116              7        0.03      445.13    RECMWF_PARALLEL:PREPARE@1
 4221     0.00      425.158        0.000        0.000            333        0.00        0.00    CPUTQY0_PARALLEL:PVAR:NULLIFY@1
 4222     0.00      425.159        0.000        0.000             12        0.02        0.02    SURFACE_FIELDS_MIX:FINALISE_SFLP3@1
 4223     0.00      425.159        0.000        0.074             37        0.01        2.01    MF_PHYS_MOCON_PARALLEL@1
 4224     0.00      425.159        0.000        0.000            148        0.00        0.00    GPRCP_EXPL_PARALLEL:4:GET_DATA@1
 4225     0.00      425.159        0.000        0.007              1        0.20        7.43    RADIATION_SETUP:SETUP_RADIATION_SCHEME_CPU@1
 4226     0.00      425.159        0.000        0.000              1        0.20        0.20    MF_PHYS_SAVE_PHSURF_PART1_PARALLEL:PART1:GET_DATA@1
 4227     0.00      425.160        0.000        0.000            469        0.00        0.00    OFFSET_MF@1
 4228     0.00      425.160        0.000        0.138              1        0.20      138.36    SUGRIDA@1
 4229     0.00      425.160        0.000        0.000             37        0.01        0.01    APL_ARPEGE_RADIATION_PARALLEL:ACDAYD:GET_DATA@1
 4230     0.00      425.160        0.000        0.000            144        0.00        0.00    EXCHANGE_MS:ADD3DF@1
 4231     0.00      425.160        0.000        0.000             37        0.01        0.01    APL_ARPEGE_PARALLEL:ACCLPH:GET_DATA@1
 4232     0.00      425.161        0.000        0.000             37        0.01        0.01    CPG_GP_PARALLEL:GPINISLB_PART3_EXPL:GET_DATA@1
 4233     0.00      425.161        0.000        0.071             37        0.01        1.91    APL_ARPEGE_AEROSOLS_FOR_RADIATION_PARALLEL@1
 4234     0.00      425.161        0.000        0.001              1        0.19        1.23    SUCLDP@1
 4235     0.00      425.161        0.000        0.000              1        0.19        0.27    SUVERT:SUVFE_ADJUST_AB@1
 4236     0.00      425.161        0.000        0.000              1        0.19        0.19    SPGEOM_MOD:SUSPGM@1
 4237     0.00      425.161        0.000        0.000             37        0.01        0.01    LARCINB_PARALLEL:LCOMAD_SP:GET_DATA@1
 4238     0.00      425.162        0.000        0.000              1        0.19        0.19    MF_PHYS_SAVE_PHSURF_PART2_PARALLEL:PART2:COMPUTE@1
 4239     0.00      425.162        0.000        0.000            240        0.00        0.00    GAMMA_INC@1
 4240     0.00      425.162        0.000      215.191              7        0.03    30741.54    RECMWF_PARALLEL@1
 4241     0.00      425.162        0.000        0.000             37        0.01        0.01    LARCINB_PARALLEL:LAITRE_GMV:GET_DATA@1
 4242     0.00      425.162        0.000        0.000              1        0.18        0.18    SRTM_KGB19@1
 4243     0.00      425.163        0.000        0.000             37        0.00        0.01    APL_ARPEGE_DEEP_CONVECTION_PARALLEL:ZERO:GET_DATA@1
 4244     0.00      425.163        0.000        0.000            222        0.00        0.00    LAPINEB_PARALLEL:ZERO_GMV9:GET_DATA@1
 4245     0.00      425.163        0.000        0.000              1        0.18        0.18    SRTM_KGB18@1
 4246     0.00      425.163        0.000        0.000             37        0.00        0.01    LAPINEB_PARALLEL:NVLAG3:GET_DATA@1
 4247     0.00      425.163        0.000        0.002              7        0.03        0.24    RECMWF_PARALLEL:ECRAD_POST@1
 4248     0.00      425.164        0.000        0.132            187        0.00        0.71    FASGRA_MT@1
 4249     0.00      425.164        0.000        0.000             41        0.00        0.00    TRMTOL_BAR2@1
 4250     0.00      425.164        0.000        0.067            210        0.00        0.32    GSBYTE_MF@1
 4251     0.00      425.164        0.000        0.000              1        0.18        0.18    SRTM_KGB22@1
 4252     0.00      425.164        0.000        0.000              1        0.18        0.18    SRTM_KGB24@1
 4253     0.00      425.164        0.000        0.000             37        0.00        0.01    APL_ARPEGE_PARALLEL:ACTQSAT:GET_DATA@1
 4254     0.00      425.165        0.000        0.001              7        0.03        0.14    RECMWF_PARALLEL:1@1
 4255     0.00      425.165        0.000        0.000            185        0.00        0.00    ACCTND0_PARALLEL:PACC:GET_DATA@1
 4256     0.00      425.165        0.000        0.000            222        0.00        0.00    LAVABO_EXPL_LAITVSPCQM_PART1_PARALLEL:0:GET_DATA@1
 4257     0.00      425.165        0.000        0.000             37        0.00        0.01    APL_ARPEGE_SOIL_HYDRO_PARALLEL:ACVEG:GET_DATA@1
 4258     0.00      425.165        0.000        0.000              3        0.06        0.06    "lfiouv_alts_ext:read1"@1:lfi_alts.c
 4259     0.00      425.165        0.000        0.000             37        0.00        0.01    APL_ARPEGE_PARALLEL:ACVISIH:GET_DATA@1
 4260     0.00      425.166        0.000        0.000              1        0.17        0.17    RRTM_CMBGB3_CPU@1
 4261     0.00      425.166        0.000        0.000             37        0.00        0.00    MF_PHYS_TRANSFER_PARALLEL:ALL:GET_DATA@1
 4262     0.00      425.166        0.000        0.000             37        0.00        0.00    CPG_DIA_FLU_PARALLEL:1:GET_DATA@1
 4263     0.00      425.166        0.000        0.000              1        0.17        0.17    RRTM_KGB13@1
 4264     0.00      425.166        0.000        0.000             37        0.00        0.00    MF_PHYS_INIT_PARALLEL:ZERO:NULLIFY@1
 4265     0.00      425.166        0.000        0.000              1        0.17        0.17    RRTM_KGB16@1
 4266     0.00      425.167        0.000        0.000             37        0.00        0.00    LAVABO_PARALLEL:0:GET_DATA@1
 4267     0.00      425.167        0.000        0.000             37        0.00        0.00    CPUTQY_APLPAR_EXPL_PARALLEL:ZDEC:GET_DATA@1
 4268     0.00      425.167        0.000        0.101             37        0.00        2.72    APL_ARPEGE_SURFACE_UPDATE_PARALLEL@1
 4269     0.00      425.167        0.000        0.005              1        0.17        4.75    RRTM_INIT_140GP_CPU@1
 4270     0.00      425.167        0.000        0.000              1        0.17        0.17    RRTM_CMBGB5_CPU@1
 4271     0.00      425.168        0.000        0.000             30        0.01        0.01    DEALLOCATE_IF_ASSOCIATED_MOD:DEALLOCATE_IF_ASSOCIATED_REAL_1D@1
 4272     0.00      425.168        0.000        0.000              1        0.17        0.34    SUCFU@1
 4273     0.00      425.168        0.000        0.000             37        0.00        0.00    LARCINB_PARALLEL:NTLAG_3:GET_DATA@1
 4274     0.00      425.168        0.000        0.117              1        0.16      116.71    RDFA2GP@1
 4275     0.00      425.168        0.000        0.000             37        0.00        0.00    APL_ARPEGE_INIT_PARALLEL:1:GET_DATA@1
 4276     0.00      425.168        0.000        0.000             37        0.00        0.00    APL_ARPEGE_PARALLEL:PPWETPOINT:GET_DATA@1
 4277     0.00      425.168        0.000        0.000            394        0.00        0.00    GAMMA_X0D@1
 4278     0.00      425.169        0.000        0.037             37        0.00        1.01    APL_WIND_GUST_PARALLEL@1
 4279     0.00      425.169        0.000        0.000             37        0.00        0.00    MF_PHYS_MOCON_PARALLEL:PPWETPOINT:GET_DATA@1
 4280     0.00      425.169        0.000        0.000              1        0.16        0.16    RRTM_KGB15@1
 4281     0.00      425.169        0.000        0.000             37        0.00        0.00    LAPINEB_PARALLEL:ROTUV:GET_DATA@1
 4282     0.00      425.169        0.000        0.000            407        0.00        0.00    GBYTE_MF@1
 4283     0.00      425.169        0.000        0.000             37        0.00        0.00    APL_ARPEGE_ATMOSPHERE_UPDATE_PARALLEL:CPTEND_NEW:NULLIFY@1
 4284     0.00      425.170        0.000        0.000             37        0.00        0.00    CPG_GP_PARALLEL:GPTF2_EXPL_2TL:GET_DATA@1
 4285     0.00      425.170        0.000        0.000            222        0.00        0.00    LAPINEB_PARALLEL:CVGQ:NULLIFY@1
 4286     0.00      425.170        0.000        0.000             37        0.00        0.00    CPXFU_PARALLEL:3:GET_DATA@1
 4287     0.00      425.170        0.000        0.001              1        0.16        1.29    SUPHY1@1
 4288     0.00      425.170        0.000        0.000             48        0.00        0.00    MONIO_T@1
 4289     0.00      425.170        0.000        0.000              7        0.02        0.02    RECMWF_PARALLEL:FINISH:GET_DATA@1
 4290     0.00      425.171        0.000        0.000             37        0.00        0.00    APL_ARPEGE_ALBEDO_COMPUTATION_PARALLEL:0:GET_DATA@1
 4291     0.00      425.171        0.000        0.000              1        0.15        0.15    SCAN2M_OOPS:WIPE@1
 4292     0.00      425.171        0.000        0.000            222        0.00        0.00    LATTEX_EXPL_2TL_PARALLEL:3:NULLIFY@1
 4293     0.00      425.171        0.000        0.000            222        0.00        0.00    LARCINB_PARALLEL:RRINTOPT:NULLIFY@1
 4294     0.00      425.171        0.000        0.001            184        0.00        0.00    IOGRIDA_MOD:ACPY@1
 4295     0.00      425.171        0.000        0.049             37        0.00        1.33    APL_ARPEGE_SOIL_HYDRO_PARALLEL@1
 4296     0.00      425.171        0.000        0.000            222        0.00        0.00    GPINISLB_PART2_EXPL_PARALLEL:0:NULLIFY@1
 4297     0.00      425.172        0.000        0.000              1        0.15        0.15    SCAN2M_OOPS:COPY@1
 4298     0.00      425.172        0.000        0.000             37        0.00        0.00    APL_ARPEGE_PARALLEL:DIFTQ:GET_DATA@1
 4299     0.00      425.172        0.000        0.000            222        0.00        0.00    LAPINEB_PARALLEL:ZERO_GMV9:NULLIFY@1
 4300     0.00      425.172        0.000        0.580              1        0.15      579.82    SU0YOMA@1
 4301     0.00      425.172        0.000      209.481              7        0.02    29925.91    RECMWF_PARALLEL:ECRAD_CPU@1
 4302     0.00      425.172        0.000        0.000             37        0.00        0.00    APL_ARPEGE_PARALLEL:ZRDG_LCVQ:GET_DATA@1
 4303     0.00      425.172        0.000        0.000              1        0.14        0.14    RRTM_CMBGB4_CPU@1
 4304     0.00      425.173        0.000        0.000             37        0.00        0.00    CPG_PARALLEL:ISETTLOFF:GET_DATA@1
 4305     0.00      425.173        0.000        0.000             37        0.00        0.00    TRLTOM_BAR2@1
 4306     0.00      425.173        0.000        0.000             37        0.00        0.00    APL_ARPEGE_RADIATION_PARALLEL:LMSE_F:GET_DATA@1
 4307     0.00      425.173        0.000        0.001              1        0.14        0.62    SUNUD@1
 4308     0.00      425.173        0.000        0.001              1        0.14        0.65    YOMCST:SETUP_CONSTANTS@1
 4309     0.00      425.173        0.000        0.000             22        0.01        0.01    SURFACE_FIELDS_MIX:FINALISE_SFLP2@1
 4310     0.00      425.173        0.000        0.000             37        0.00        0.00    LARCINB_PARALLEL:NVLAG_3:GET_DATA@1
 4311     0.00      425.174        0.000        0.000             37        0.00        0.00    APL_WIND_GUST_PARALLEL:ACCLDIA:GET_DATA@1
 4312     0.00      425.174        0.000        0.000              1        0.14        0.14    SUHDVP@1
 4313     0.00      425.174        0.000        0.000             37        0.00        0.00    APL_ARPEGE_DPRECIPS_PARALLEL:0:GET_DATA@1
 4314     0.00      425.174        0.000        0.000              1        0.14        0.14    SRTM_CMBGB17_CPU@1
 4315     0.00      425.174        0.000        0.000             37        0.00        0.00    CPG_GP_PARALLEL:GPINISLB_PART1_EXPL:NULLIFY@1
 4316     0.00      425.174        0.000        0.000            212        0.00        0.00    IOMULTIBUF_MOD:IOMULTIBUF_INCR_IDX@1
 4317     0.00      425.174        0.000        0.000            222        0.00        0.00    LAVABO_EXPL_LAITVSPCQM_PART1_PARALLEL:0:NULLIFY@1
 4318     0.00      425.175        0.000        0.000            148        0.00        0.00    GPRCP_EXPL_PARALLEL:0:NULLIFY@1
 4319     0.00      425.175        0.000        0.006              5        0.03        1.13    GPNORM3@1
 4320     0.00      425.175        0.000        0.000             38        0.00        0.00    SCAN2M_ALLOCATE_T1@1
 4321     0.00      425.175        0.000        0.000              1        0.13        0.13    SUGEM1B@1
 4322     0.00      425.175        0.000        7.107             36        0.00      197.42    TRANSDIRH@1
 4323     0.00      425.175        0.000        0.000              1        0.13        0.13    RRTM_KGB12@1
 4324     0.00      425.175        0.000        0.000              2        0.06        0.06    READ_XKER_SWETH@1
 4325     0.00      425.175        0.000        2.361              7        0.02      337.35    RECMWF_PARALLEL:FINISH@1
 4326     0.00      425.176        0.000        0.006              1        0.13        5.90    radiation_interface_CPU:setup_radiation_CPU@1
 4327     0.00      425.176        0.000        0.000             37        0.00        0.00    LAPINEA_PARALLEL:LARCINA:NULLIFY@1
 4328     0.00      425.176        0.000        0.000              2        0.06        0.06    READ_XKER_SDRYG@1
 4329     0.00      425.176        0.000        0.001              1        0.12        0.67    SUPHY3@1
 4330     0.00      425.176        0.000        0.000              1        0.12        0.12    YOMCSGEOM:DEALLO_TCSGEOM@1
 4331     0.00      425.176        0.000        0.000             37        0.00        0.00    CPG_DIA_FLU_PARALLEL:0:GET_DATA@1
 4332     0.00      425.176        0.000        0.004              1        0.12        3.59    SRTM_INIT_CPU@1
 4333     0.00      425.176        0.000        0.000             74        0.00        0.00    LAPINEB_PARALLEL:ROTUVGEO:NULLIFY@1
 4334     0.00      425.177        0.000        0.002             37        0.00        0.06    MF_PHYS_TRANSFER_PARALLEL@1
 4335     0.00      425.177        0.000        0.000            185        0.00        0.00    ACCTND0_PARALLEL:PACC:NULLIFY@1
 4336     0.00      425.177        0.000        0.027              2        0.06       13.60    FACGRM_MT@1
 4337     0.00      425.177        0.000        0.000             37        0.00        0.00    APL_ARPEGE_SHALLOW_CONVECTION_AND_TURBULENCE_PARALLEL:ACTKE:NULLIFY@1
 4338     0.00      425.177        0.000        0.000             37        0.00        0.00    CPG_SL2_TYPE_SYNC_HOST@1
 4339     0.00      425.177        0.000        0.000              1        0.11        0.11    SUALDYNB@1
 4340     0.00      425.177        0.000        0.000             37        0.00        0.00    CPG_PARALLEL:LSMTSOL:GET_DATA@1
 4341     0.00      425.177        0.000        0.000             39        0.00        0.00    SUMETRIC@1
 4342     0.00      425.177        0.000        0.000            285        0.00        0.00    TYPE_FADS:YSUFAD@1
 4343     0.00      425.178        0.000        0.000             37        0.00        0.00    LAVENT_PARALLEL:0:NULLIFY@1
 4344     0.00      425.178        0.000        0.000              1        0.11        0.11    SRTM_CMBGB21_CPU@1
 4345     0.00      425.178        0.000        0.000              1        0.11        0.11    RRTM_KGB8@1
 4346     0.00      425.178        0.000        0.000              1        0.11        0.11    GSTATS_LABEL_IFS@1
 4347     0.00      425.178        0.000        0.648             37        0.00       17.53    CPG_PARALLEL:ZEROSL1:COMPUTE@1
 4348     0.00      425.178        0.000        0.001              7        0.02        0.12    RECMWF_PARALLEL:2@1
 4349     0.00      425.178        0.000        0.000              1        0.11        0.11    FIELD_DEFINITIONS:READ_DYNAMIC_NAMESPACE@1
 4350     0.00      425.178        0.000        0.000             37        0.00        0.00    CPG_GP_HYD_PARALLEL:3:GET_DATA@1
 4351     0.00      425.178        0.000        0.000             37        0.00        0.00    ACVPPKF_PARALLEL:PART0:NULLIFY@1
 4352     0.00      425.179        0.000        0.000            241        0.00        0.00    FANUMU_MT@1
 4353     0.00      425.179        0.000        0.000            185        0.00        0.00    GPRCP_EXPL_PARALLEL:2:NULLIFY@1
 4354     0.00      425.179        0.000        0.000             37        0.00        0.00    CPG_DIA_FLU_PARALLEL:2:GET_DATA@1
 4355     0.00      425.179        0.000        0.976             37        0.00       26.38    CPG_PARALLEL:SHUFFLESL1:COMPUTE@1
 4356     0.00      425.179        0.000        0.000             37        0.00        0.00    LAPINEB_PARALLEL:TEMP_EQ:GET_DATA@1
 4357     0.00      425.179        0.000        0.000             37        0.00        0.00    MF_PHYS_FPL_PART2_PARALLEL:PART2:GET_DATA@1
 4358     0.00      425.179        0.000        0.000            148        0.00        0.00    GPRCP_EXPL_PARALLEL:4:NULLIFY@1
 4359     0.00      425.179        0.000        0.000             37        0.00        0.00    LAPINEB_PARALLEL:L_RDRY_VD:GET_DATA@1
 4360     0.00      425.179        0.000        0.000             37        0.00        0.00    CPUTQY_APLPAR_EXPL_PARALLEL:PFDIS:GET_DATA@1
 4361     0.00      425.179        0.000        0.000             37        0.00        0.00    APL_ARPEGE_CLOUDINESS_PARALLEL:ACNEBCOND:NULLIFY@1
 4362     0.00      425.180        0.000        0.000             37        0.00        0.00    CPUTQY_APLPAR_EXPL_PARALLEL:ZDEC:NULLIFY@1
 4363     0.00      425.180        0.000        0.000             37        0.00        0.00    CPG_DIA_FLU_PARALLEL:3:GET_DATA@1
 4364     0.00      425.180        0.000        0.000              3        0.03        0.03    GRIB_API:IGRIB_RELEASE@1
 4365     0.00      425.180        0.000        0.000             37        0.00        0.00    MF_PHYS_PREP_PARALLEL:PREP:NULLIFY@1
 4366     0.00      425.180        0.000        0.000             37        0.00        0.00    APL_ARPEGE_PARALLEL:DIFTQ:NULLIFY@1
 4367     0.00      425.180        0.000        0.180             37        0.00        4.86    CPG_PARALLEL:ZEROPB2:COMPUTE@1
 4368     0.00      425.180        0.000        0.000             72        0.00        0.00    EXCHANGE_MS:ADD2DF@1
 4369     0.00      425.180        0.000        0.000            144        0.00        0.00    MYSENDSET@1
 4370     0.00      425.180        0.000        0.000             37        0.00        0.00    APL_ARPEGE_PARALLEL:CPPHINP:NULLIFY@1
 4371     0.00      425.180        0.000        0.000            144        0.00        0.00    MYRECVSET@1
 4372     0.00      425.181        0.000        0.000             37        0.00        0.00    GPRCP_EXPL_PARALLEL:5:GET_DATA@1
 4373     0.00      425.181        0.000        0.000             41        0.00        0.00    TRLTOG_BAR@1
 4374     0.00      425.181        0.000        0.000             37        0.00        0.00    CPG_PARALLEL:ZEROSL1:NULLIFY@1
 4375     0.00      425.181        0.000        0.000             11        0.01        0.01    FACADI_MT@1
 4376     0.00      425.181        0.000        0.000              1        0.10        0.10    radiation_config:read_config_from_namelist_CPU@1
 4377     0.00      425.181        0.000        0.000             36        0.00        0.00    CPCFU_PARALLEL:5:GET_DATA@1
 4378     0.00      425.181        0.000        0.000             37        0.00        0.01    TXFU_TYPE_RESET@1
 4379     0.00      425.181        0.000        0.000            148        0.00        0.00    GPINISLB_PART2_EXPL_PARALLEL:1:NULLIFY@1
 4380     0.00      425.181        0.000        0.000              1        0.09        0.09    FAICOR_MT@1
 4381     0.00      425.181        0.000        0.000             37        0.00        0.00    LAPINEB_PARALLEL:ROTUV:NULLIFY@1
 4382     0.00      425.182        0.000        0.000              1        0.09        0.09    RRTM_KGB10@1
 4383     0.00      425.182        0.000        0.000              1        0.09        0.09    SRTM_KGB20@1
 4384     0.00      425.182        0.000        0.000              1        0.09        0.09    RRTM_KGB14@1
 4385     0.00      425.182        0.000        0.000             37        0.00        0.00    APL_ARPEGE_PRECIPITATION_PARALLEL:ACUPTQ:NULLIFY@1
 4386     0.00      425.182        0.000        0.000            203        0.00        0.00    FANUCA_MT@1
 4387     0.00      425.182        0.000        0.000              1        0.09        0.09    RRTM_KGB2@1
 4388     0.00      425.182        0.000        0.000             37        0.00        0.00    ACVPPKF_PARALLEL:PART3:NULLIFY@1
 4389     0.00      425.182        0.000        0.000             22        0.00        0.00    SURFACE_FIELDS_MIX:INI_SFLP2@1
 4390     0.00      425.182        0.000        0.000             37        0.00        0.00    LAVABO_PARALLEL:2:GET_DATA@1
 4391     0.00      425.182        0.000        0.000             37        0.00        0.00    ACVPPKF_PARALLEL:PART2:NULLIFY@1
 4392     0.00      425.182        0.000        0.000             57        0.00        0.00    TRGTOL_BAR@1
 4393     0.00      425.183        0.000        0.000             37        0.00        0.00    CPG_DIA_FLU_PARALLEL:0:NULLIFY@1
 4394     0.00      425.183        0.000        0.000             37        0.00        0.00    APL_ARPEGE_SURFACE_PARALLEL:LMSE_F:NULLIFY@1
 4395     0.00      425.183        0.000        0.000             37        0.00        0.00    CPGLAG_PARALLEL:STR:GET_DATA@1
 4396     0.00      425.183        0.000        0.000             37        0.00        0.00    APL_ARPEGE_PARALLEL:APLPAR_INIT:NULLIFY@1
 4397     0.00      425.183        0.000        0.000             37        0.00        0.00    APL_ARPEGE_DEEP_CONVECTION_PARALLEL:COPY:NULLIFY@1
 4398     0.00      425.183        0.000        0.000             37        0.00        0.00    LATTEX_PARALLEL:MAIN:NULLIFY@1
 4399     0.00      425.183        0.000        0.000             12        0.01        0.01    SURFACE_FIELDS_MIX:INI_SFLP3@1
 4400     0.00      425.183        0.000        0.000             37        0.00        0.00    APL_ARPEGE_INIT_PARALLEL:2:NULLIFY@1
 4401     0.00      425.183        0.000        0.000             37        0.00        0.00    LAPINEB_PARALLEL:LARCHE:NULLIFY@1
 4402     0.00      425.183        0.000        0.000              8        0.01        0.01    UPDECOZC@1
 4403     0.00      425.183        0.000        0.000             37        0.00        0.00    APL_ARPEGE_PARALLEL:ZDE2MR:GET_DATA@1
 4404     0.00      425.183        0.000        0.000             37        0.00        0.00    LARMES_PARALLEL:LARMES:NULLIFY@1
 4405     0.00      425.184        0.000        0.000              1        0.08        0.08    SRTM_KGB29@1
 4406     0.00      425.184        0.000        0.000             37        0.00        0.00    APL_ARPEGE_INIT_PARALLEL:3:NULLIFY@1
 4407     0.00      425.184        0.000        0.000             37        0.00        0.00    APL_ARPEGE_PARALLEL:QNGCOR:NULLIFY@1
 4408     0.00      425.184        0.000        0.000             10        0.01        0.01    GFL_SUBS_MOD:DEFINE_GFL_COMP@1
 4409     0.00      425.184        0.000        0.000             37        0.00        0.00    LARCINB_PARALLEL:LCOMAD_SP:NULLIFY@1
 4410     0.00      425.184        0.000        0.001              1        0.08        0.62    SUTRANS0@1
 4411     0.00      425.184        0.000        0.000            202        0.00        0.00    SUCLDP:BETACF@1
 4412     0.00      425.184        0.000        0.000              1        0.08        0.08    SRTM_CMBGB28_CPU@1
 4413     0.00      425.184        0.000        0.000             37        0.00        0.00    APL_ARPEGE_PARALLEL:PLSM:GET_DATA@1
 4414     0.00      425.184        0.000        0.000             37        0.00        0.00    GPTF1_YDVARS_PARALLEL:LTWOTL:GET_DATA@1
 4415     0.00      425.184        0.000        0.000             37        0.00        0.00    APL_ARPEGE_PARALLEL:ZBAY_QRCONV:GET_DATA@1
 4416     0.00      425.184        0.000        0.000             37        0.00        0.00    APL_ARPEGE_PARALLEL:PRECIPS:GET_DATA@1
 4417     0.00      425.185        0.000        0.000             37        0.00        0.00    LAPINEB_PARALLEL:LACONE:NULLIFY@1
 4418     0.00      425.185        0.000        0.000             37        0.00        0.00    APL_ARPEGE_DEEP_CONVECTION_PARALLEL:ZERO:NULLIFY@1
 4419     0.00      425.185        0.000        0.000             37        0.00        0.00    APL_ARPEGE_INIT_PARALLEL:4:NULLIFY@1
 4420     0.00      425.185        0.000        0.000             37        0.00        0.00    APL_ARPEGE_INIT_PARALLEL:5:NULLIFY@1
 4421     0.00      425.185        0.000        0.000              1        0.08        0.08    SRTM_KGB27@1
 4422     0.00      425.185        0.000        0.000             37        0.00        0.00    CPG_PARALLEL:SHUFFLESL1:NULLIFY@1
 4423     0.00      425.185        0.000        0.000             37        0.00        0.00    APL_ARPEGE_RADIATION_PARALLEL:DIRECT:GET_DATA@1
 4424     0.00      425.185        0.000        0.000             37        0.00        0.00    LASSIE_PARALLEL:SITNU:GET_DATA@1
 4425     0.00      425.185        0.000        0.000            168        0.00        0.00    GBYTES_MF@1
 4426     0.00      425.185        0.000        0.000             37        0.00        0.00    APL_ARPEGE_INIT_PARALLEL:6:GET_DATA@1
 4427     0.00      425.185        0.000        0.000              7        0.01        0.01    RECMWF_PARALLEL:ECRAD_CPU:GET_DATA@1
 4428     0.00      425.185        0.000        0.001              2        0.04        0.30    IOGRIDA_MOD:IOGRIDA_SELECT_WH@1
 4429     0.00      425.185        0.000        0.000             37        0.00        0.00    CPGLAG_PARALLEL:1:GET_DATA@1
 4430     0.00      425.186        0.000        0.000              1        0.07        0.08    SUHER@1
 4431     0.00      425.186        0.000        0.000             47        0.00        0.01    FANFAN_MT@1
 4432     0.00      425.186        0.000        0.000             37        0.00        0.00    APL_ARPEGE_PARALLEL:ACDRME:NULLIFY@1
 4433     0.00      425.186        0.000        0.000             37        0.00        0.00    CTVTOT_EXPL_PARALLEL:0:GET_DATA@1
 4434     0.00      425.186        0.000        0.000             37        0.00        0.00    CPG_GP_HYD_PARALLEL:2:NULLIFY@1
 4435     0.00      425.186        0.000        0.000              1        0.07        0.07    RRTM_KGB11@1
 4436     0.00      425.186        0.000        0.000             72        0.00        0.00    EXCHANGE_MS:ADD3DFL@1
 4437     0.00      425.186        0.000        0.000              1        0.07        0.07    ELMHES@1
 4438     0.00      425.186        0.000        0.069              1        0.07       69.28    SUPHEC@1
 4439     0.00      425.186        0.000        0.000             37        0.00        0.00    LARCINB_PARALLEL:NVLAG_3:NULLIFY@1
 4440     0.00      425.186        0.000        0.000             37        0.00        0.00    CPXFU_PARALLEL:4:GET_DATA@1
 4441     0.00      425.186        0.000        0.005             37        0.00        0.14    APL_ARPEGE_INIT_PARALLEL:PART1@1
 4442     0.00      425.186        0.000        0.000             37        0.00        0.00    LARCINB_PARALLEL:LRHS_CURV_F:NULLIFY@1
 4443     0.00      425.186        0.000        0.000             37        0.00        0.00    APL_ARPEGE_INIT_PARALLEL:0:GET_DATA@1
 4444     0.00      425.187        0.000        0.000             37        0.00        0.00    CPG_DIA_FLU_PARALLEL:4:GET_DATA@1
 4445     0.00      425.187        0.000        0.000             74        0.00        0.00    GPMPFC_EXPL_PART2_PARALLEL:0:NULLIFY@1
 4446     0.00      425.187        0.000        0.000             37        0.00        0.00    CPG_GP_HYD_PARALLEL:0:NULLIFY@1
 4447     0.00      425.187        0.000        2.847             37        0.00       76.95    APL_ARPEGE_INIT_PARALLEL:PART6@1
 4448     0.00      425.187        0.000        0.000             37        0.00        0.00    CPG_GP_HYD_PARALLEL:1:NULLIFY@1
 4449     0.00      425.187        0.000        0.000             39        0.00        0.00    SUECOZO@1
 4450     0.00      425.187        0.000        0.000             30        0.00        0.00    APL_ARPEGE_RADIATION_PARALLEL:CALLRAD_F:GET_DATA@1
 4451     0.00      425.187        0.000        0.000             37        0.00        0.00    CTVTOT_EXPL_PARALLEL:0:NULLIFY@1
 4452     0.00      425.187        0.000        0.000             37        0.00        0.00    LARCINB_PARALLEL:LAITRE_GMV:NULLIFY@1
 4453     0.00      425.187        0.000        0.000             37        0.00        0.00    APL_ARPEGE_PARALLEL:BAYRAD:GET_DATA@1
 4454     0.00      425.187        0.000        0.000             36        0.00        0.00    APL_ARPEGE_RADIATION_PARALLEL:SUNSHINE:GET_DATA@1
 4455     0.00      425.187        0.000        0.000             37        0.00        0.00    APL_ARPEGE_PARALLEL:ACDRAG:NULLIFY@1
 4456     0.00      425.187        0.000        0.000             37        0.00        0.00    LAPINEB_PARALLEL:ZVWEI:GET_DATA@1
 4457     0.00      425.187        0.000        0.000              1        0.07        0.07    SUCTRL_GFLATTR@1
 4458     0.00      425.187        0.000        0.000             37        0.00        0.00    APL_ARPEGE_RADIATION_PARALLEL:RADHEAT:NULLIFY@1
 4459     0.00      425.188        0.000        0.070              7        0.01        9.97    APL_ARPEGE_AEROSOLS_FOR_RADIATION_PARALLEL:RADAER@1
 4460     0.00      425.188        0.000        0.000             37        0.00        0.00    MF_PHYS_FPL_PART1_PARALLEL:PART1:GET_DATA@1
 4461     0.00      425.188        0.000        0.000             37        0.00        0.00    APL_ARPEGE_PARALLEL:ACCLPH:NULLIFY@1
 4462     0.00      425.188        0.000        0.000             37        0.00        0.00    APL_ARPEGE_PARALLEL:EDR:GET_DATA@1
 4463     0.00      425.188        0.000        0.000             12        0.01        0.01    GRIB_API:IGRIB_SET_REAL8@1
 4464     0.00      425.188        0.000       12.453             37        0.00      336.56    APL_ARPEGE_INIT_PARALLEL:PART4@1
 4465     0.00      425.188        0.000        0.000              1        0.06        0.06    RRTM_CMBGB7_CPU@1
 4466     0.00      425.188        0.000        0.000             37        0.00        0.00    CPGLAG_PARALLEL:0:NULLIFY@1
 4467     0.00      425.188        0.000        0.000              2        0.03        0.03    READ_XKER_RDRYG@1
 4468     0.00      425.188        0.000        0.000             37        0.00        0.00    LARCINB_PARALLEL:NTLAG_3:NULLIFY@1
 4469     0.00      425.188        0.000        0.000              1        0.06        0.06    RRTM_CMBGB9_CPU@1
 4470     0.00      425.188        0.000        0.000             37        0.00        0.00    LACDYN_PARALLEL:ZMIXNL:GET_DATA@1
 4471     0.00      425.188        0.000        0.000             37        0.00        0.00    TRLTOM_BAR@1
 4472     0.00      425.188        0.000        0.000              1        0.06        0.06    SUALMP1@1
 4473     0.00      425.188        0.000        0.000             37        0.00        0.00    CPUTQY_APLPAR_EXPL_PARALLEL:ZTDCP:GET_DATA@1
 4474     0.00      425.189        0.000        0.000             37        0.00        0.00    APL_ARPEGE_SURFACE_UPDATE_PARALLEL:LMSE_F:NULLIFY@1
 4475     0.00      425.189        0.000        0.000              2        0.03        0.03    READ_XKER_GWETH@1
 4476     0.00      425.189        0.000        0.000              2        0.03        0.03    READ_XKER_RWETH@1
 4477     0.00      425.189        0.000        0.000             37        0.00        0.00    APL_ARPEGE_PARALLEL:ACHMT:NULLIFY@1
 4478     0.00      425.189        0.000        0.000             37        0.00        0.00    LAPINEB_PARALLEL:L_RDRY_VD:NULLIFY@1
 4479     0.00      425.189        0.000        0.000              1        0.06        0.06    SUALDYN@1
 4480     0.00      425.189        0.000        0.000             37        0.00        0.00    CPG_PARALLEL:ZEROPB2:NULLIFY@1
 4481     0.00      425.189        0.000        1.377             37        0.00       37.20    APL_ARPEGE_INIT_PARALLEL:PART3@1
 4482     0.00      425.189        0.000        4.832             37        0.00      130.59    APL_ARPEGE_INIT_PARALLEL:PART5@1
 4483     0.00      425.189        0.000        0.000             37        0.00        0.00    SPMCUF@1
 4484     0.00      425.189        0.000        0.000             72        0.00        0.00    EXCHANGE_MS:ADD2DFL@1
 4485     0.00      425.189        0.000        0.005             37        0.00        0.13    APL_ARPEGE_INIT_PARALLEL:PART7@1
 4486     0.00      425.189        0.000        0.001              1        0.06        0.65    SURLX@1
 4487     0.00      425.189        0.000        0.000             37        0.00        0.00    CPG_GP_PARALLEL:GP_SPV:NULLIFY@1
 4488     0.00      425.189        0.000        0.000             37        0.00        0.00    APL_ARPEGE_DPRECIPS_PARALLEL:0:NULLIFY@1
 4489     0.00      425.189        0.000        0.000             37        0.00        0.00    APL_ARPEGE_PARALLEL:ZDPHIV:GET_DATA@1
 4490     0.00      425.189        0.000        0.000             37        0.00        0.00    GPMPFC_EXPL_PARALLEL:0:GET_DATA@1
 4491     0.00      425.190        0.000        0.000             36        0.00        0.00    UPDATE_CALENDAR@1
 4492     0.00      425.190        0.000        0.000             37        0.00        0.00    APL_ARPEGE_RADIATION_PARALLEL:ACDAYD:NULLIFY@1
 4493     0.00      425.190        0.000        0.000              1        0.06        0.06    SUMPINI_PRT@1
 4494     0.00      425.190        0.000        0.000            131        0.00        0.00    "lfinfo_alts"@1:lfi_alts.c
 4495     0.00      425.190        0.000        0.000              1        0.06        0.06    YOEAERC:PART3@1
 4496     0.00      425.190        0.000        0.000              7        0.01        0.01    RECMWF_PARALLEL:PREPARE:GET_DATA@1
 4497     0.00      425.190        0.000        0.002              1        0.06        1.64    SUVAREPS@1
 4498     0.00      425.190        0.000        0.000              2        0.03        0.03    TCFU_TYPE_INIT@1
 4499     0.00      425.190        0.000        0.187             20        0.00        9.33    GPNORM_TRANS@1
 4500     0.00      425.190        0.000        0.000             37        0.00        0.00    LACDYN_PARALLEL:LASURE:GET_DATA@1
 4501     0.00      425.190        0.000        0.000             37        0.00        0.00    CPG_GP_PARALLEL:SETZERO:GET_DATA@1
 4502     0.00      425.190        0.000        0.000             41        0.00        0.00    TRMTOL_BAR@1
 4503     0.00      425.190        0.000        0.018              1        0.05       17.61    SUPHMF@1
 4504     0.00      425.190        0.000        0.000              7        0.01        0.01    APL_ARPEGE_AEROSOLS_FOR_RADIATION_PARALLEL:RADAER:NULLIFY@1
 4505     0.00      425.190        0.000        0.000             37        0.00        0.00    CPG_DRV_SETTLOFF@1
 4506     0.00      425.190        0.000        0.000              1        0.05        0.21    SITNU_SP_OPENMP@1
 4507     0.00      425.190        0.000        0.000             37        0.00        0.00    LAPINEB_PARALLEL:NVLAG3:NULLIFY@1
 4508     0.00      425.190        0.000        0.000              1        0.05        0.05    YOEAERC:PART2@1
 4509     0.00      425.190        0.000        0.000             37        0.00        0.00    APL_ARPEGE_PARALLEL:ACEVADCAPE:NULLIFY@1
 4510     0.00      425.191        0.000        0.000             37        0.00        0.00    LASSIE_PARALLEL:GPRCP:GET_DATA@1
 4511     0.00      425.191        0.000        0.000             37        0.00        0.00    CPXFU_PARALLEL:2:NULLIFY@1
 4512     0.00      425.191        0.000        0.000              1        0.05        0.05    YOEAERC:PART5@1
 4513     0.00      425.191        0.000        0.000             37        0.00        0.00    CPG_DIA_FLU_PARALLEL:2:NULLIFY@1
 4514     0.00      425.191        0.000        0.000             37        0.00        0.00    APL_ARPEGE_OCEANIC_FLUXES_PARALLEL:ACFLUSO:NULLIFY@1
 4515     0.00      425.191        0.000        0.000             32        0.00        0.00    DEALLOCATE_IF_ASSOCIATED_MOD:DEALLOCATE_IF_ASSOCIATED_REAL_2D@1
 4516     0.00      425.191        0.000        0.000              1        0.05        0.05    YOEAERC:PART6@1
 4517     0.00      425.191        0.000        0.000              1        0.05        0.33    SUDIM@1
 4518     0.00      425.191        0.000        0.000             37        0.00        0.00    APL_ARPEGE_PARALLEL:ZBAY_QRCONV:NULLIFY@1
 4519     0.00      425.191        0.000        0.000             37        0.00        0.00    CPG_PARALLEL:ZEROSL1:GET_DATA@1
 4520     0.00      425.191        0.000        0.000             37        0.00        0.00    APL_ARPEGE_PARALLEL:ZDE2MR:NULLIFY@1
 4521     0.00      425.191        0.000        0.000              1        0.05        0.05    SUECAEBC:PART1@1
 4522     0.00      425.191        0.000        0.000             37        0.00        0.00    CPG_GP_PARALLEL:MAP_FACTOR:NULLIFY@1
 4523     0.00      425.191        0.000        0.000              9        0.01        0.02    FARINE_MT@1
 4524     0.00      425.191        0.000        0.000             37        0.00        0.00    ACVPPKF_PARALLEL:PART1:NULLIFY@1
 4525     0.00      425.191        0.000        0.001              1        0.05        0.55    SATS_MIX:SUSATS@1
 4526     0.00      425.191        0.000        0.000              1        0.05        0.05    YOEAERC:PART1@1
 4527     0.00      425.191        0.000        0.000              1        0.05        0.05    YOEAERC:PART4@1
 4528     0.00      425.191        0.000        0.000             37        0.00        0.00    LAPINEB_PARALLEL:TEMP_EQ:NULLIFY@1
 4529     0.00      425.191        0.000      426.520              1        0.05   426520.29    CNT3@1
 4530     0.00      425.192        0.000        0.000              7        0.01        0.01    RECMWF_PARALLEL:PREPARE:NULLIFY@1
 4531     0.00      425.192        0.000        0.000             37        0.00        0.00    APL_ARPEGE_PARALLEL:ACSOL:NULLIFY@1
 4532     0.00      425.192        0.000        0.000             37        0.00        0.00    APL_ARPEGE_INIT_PARALLEL:0:NULLIFY@1
 4533     0.00      425.192        0.000        0.000            110        0.00        0.00    "lfierf_alts"@1:lfi_alts.c
 4534     0.00      425.192        0.000        0.000             37        0.00        0.00    APL_ARPEGE_PARALLEL:ZRDG_LCVQ:NULLIFY@1
 4535     0.00      425.192        0.000        0.000              1        0.05        0.05    SUECAESD:PART1@1
 4536     0.00      425.192        0.000        0.000             90        0.00        0.00    SUXFU:NEXTYPE1@1
 4537     0.00      425.192        0.000        0.001              1        0.05        0.62    SURIP@1
 4538     0.00      425.192        0.000        0.000              2        0.02        0.03    CHIEN@1
 4539     0.00      425.192        0.000        0.000              1        0.05        0.05    SUSRTAB@1
 4540     0.00      425.192        0.000        0.105              3        0.02       34.92    FAIGRA_MT@1
 4541     0.00      425.192        0.000        0.000             37        0.00        0.00    APL_ARPEGE_RADIATION_PARALLEL:LMSE_F:NULLIFY@1
 4542     0.00      425.192        0.000        0.555             37        0.00       14.99    APL_ARPEGE_INIT_PARALLEL:PART2@1
 4543     0.00      425.192        0.000        0.000              2        0.02        0.02    TXFU_TYPE_INIT@1
 4544     0.00      425.192        0.000        0.000              1        0.05        0.05    IOSPECA_MOD:IOSPECA_FLDSORT@1
 4545     0.00      425.192        0.000        0.000             37        0.00        0.00    LASSIE_PARALLEL:SITNU:NULLIFY@1
 4546     0.00      425.192        0.000        0.000             37        0.00        0.00    CPG_PARALLEL:ZEROPB2:GET_DATA@1
 4547     0.00      425.192        0.000        0.000             36        0.00        0.00    CPCFU_PARALLEL:1:NULLIFY@1
 4548     0.00      425.192        0.000        0.000             37        0.00        0.00    CPG_GP_PARALLEL:GPTF2_EXPL_2TL:NULLIFY@1
 4549     0.00      425.192        0.000        0.000             37        0.00        0.00    LAPINEB_PARALLEL:ZVWEI:NULLIFY@1
 4550     0.00      425.192        0.000        0.000              1        0.05        0.05    SRTM_CMBGB24_CPU@1
 4551     0.00      425.193        0.000        0.000             37        0.00        0.00    LAVABO_PARALLEL:1:GET_DATA@1
 4552     0.00      425.193        0.000        0.000              1        0.05        0.05    SURRTAB@1
 4553     0.00      425.193        0.000        0.000             37        0.00        0.00    APL_ARPEGE_PARALLEL:ACVISIH:NULLIFY@1
 4554     0.00      425.193        0.000        0.000             37        0.00        0.00    CPG_GP_PARALLEL:SETZERO:NULLIFY@1
 4555     0.00      425.193        0.000        0.000             37        0.00        0.00    APL_ARPEGE_PARALLEL:ACTQSAT:NULLIFY@1
 4556     0.00      425.193        0.000        0.000             37        0.00        0.00    APL_ARPEGE_SURFACE_PARALLEL:ACDIFV2:NULLIFY@1
 4557     0.00      425.193        0.000        0.000             37        0.00        0.00    APL_ARPEGE_INIT_PARALLEL:6:NULLIFY@1
 4558     0.00      425.193        0.000        0.000              1        0.04        0.05    SUALLO@1
 4559     0.00      425.193        0.000        0.000             37        0.00        0.00    GPTF1_YDVARS_PARALLEL:LTWOTL:NULLIFY@1
 4560     0.00      425.193        0.000        0.000             37        0.00        0.00    MF_PHYS_TRANSFER_PARALLEL:ALL:NULLIFY@1
 4561     0.00      425.193        0.000        0.000             37        0.00        0.00    CPXFU_PARALLEL:0:NULLIFY@1
 4562     0.00      425.193        0.000        0.000             36        0.00        0.00    CPCFU_PARALLEL:3:NULLIFY@1
 4563     0.00      425.193        0.000        0.000              1        0.04        0.04    RERESF_PART1@1
 4564     0.00      425.193        0.000        0.000              1        0.04        0.04    SUECAEOR:PART1@1
 4565     0.00      425.193        0.000        0.000              1        0.04        0.04    SUECAEBC:PART6@1
 4566     0.00      425.193        0.000        0.001              1        0.04        0.54    SUPARAR@1
 4567     0.00      425.193        0.000        0.000             37        0.00        0.00    APL_ARPEGE_SURFACE_PARALLEL:ACDIFV1:NULLIFY@1
 4568     0.00      425.193        0.000        0.000              1        0.04        0.04    SUECAEBC:PART14@1
 4569     0.00      425.193        0.000        0.000             37        0.00        0.00    MF_PHYS_FPL_PART1_PARALLEL:PART1:NULLIFY@1
 4570     0.00      425.193        0.000        0.000              2        0.02        0.06    SUXFU:SETUP_DESCRIPTORS@1
 4571     0.00      425.193        0.000        0.000              7        0.01        0.01    RECMWF_PARALLEL:FINISH:NULLIFY@1
 4572     0.00      425.193        0.000        0.000              1        0.04        0.04    SRTM_CMBGB18_CPU@1
 4573     0.00      425.193        0.000        0.000              1        0.04        0.48    SUMP0@1
 4574     0.00      425.194        0.000        0.000             37        0.00        0.00    APL_ARPEGE_ALBEDO_COMPUTATION_PARALLEL:0:NULLIFY@1
 4575     0.00      425.194        0.000        0.003              3        0.01        1.01    FAIRME_MT@1
 4576     0.00      425.194        0.000        0.000              1        0.04        0.04    SUTIM@1
 4577     0.00      425.194        0.000        0.000             37        0.00        0.00    APL_ARPEGE_SOIL_HYDRO_PARALLEL:ACVEG:NULLIFY@1
 4578     0.00      425.194        0.000        0.000             37        0.00        0.00    CPXFU_PARALLEL:1:NULLIFY@1
 4579     0.00      425.194        0.000        0.000             37        0.00        0.00    APL_WIND_GUST_PARALLEL:ACCLDIA:NULLIFY@1
 4580     0.00      425.194        0.000        0.001              1        0.04        0.52    SUOPH0@1
 4581     0.00      425.194        0.000        0.001              1        0.04        0.95    SUFP_CTL@1
 4582     0.00      425.194        0.000        0.000              1        0.04        0.04    SUOPTSURF@1
 4583     0.00      425.194        0.000        0.000             37        0.00        0.00    CPGLAG_PARALLEL:1:NULLIFY@1
 4584     0.00      425.194        0.000        0.000             37        0.00        0.00    MF_PHYS_MOCON_PARALLEL:PPWETPOINT:NULLIFY@1
 4585     0.00      425.194        0.000        0.000             37        0.00        0.00    APL_ARPEGE_PARALLEL:PRECIPS:NULLIFY@1
 4586     0.00      425.194        0.000        0.000             37        0.00        0.00    CPG_GP_PARALLEL:SET1TO0:GET_DATA@1
 4587     0.00      425.194        0.000        0.000             36        0.00        0.00    CPG_END_SFC_PARALLEL:SET0TO1:GET_DATA@1
 4588     0.00      425.194        0.000        0.000              1        0.04        0.04    SRTM_CMBGB19_CPU@1
 4589     0.00      425.194        0.000        0.000              1        0.04        0.04    SUECAESU:PART1@1
 4590     0.00      425.194        0.000        0.000             37        0.00        0.00    CPGLAG_PARALLEL:STR:NULLIFY@1
 4591     0.00      425.194        0.000        0.000              1        0.04        0.04    SUNRTAER@1
 4592     0.00      425.194        0.000        0.001              1        0.04        0.52    SUNORGWD@1
 4593     0.00      425.194        0.000        0.000             37        0.00        0.00    LATTES_PARALLEL:0:NULLIFY@1
 4594     0.00      425.194        0.000        0.014              1        0.04       13.87    SPEUV@1
 4595     0.00      425.194        0.000        0.000              1        0.04        0.04    SUECAEOR:PART20@1
 4596     0.00      425.194        0.000        0.000             37        0.00        0.00    CPUTQY_APLPAR_EXPL_PARALLEL:PFDIS:NULLIFY@1
 4597     0.00      425.194        0.000        0.000             36        0.00        0.00    CPCFU_PARALLEL:2:NULLIFY@1
 4598     0.00      425.195        0.000        0.000              1        0.04        0.04    SULSFORC@1
 4599     0.00      425.195        0.000        0.010              6        0.01        1.66    MINV_8@1
 4600     0.00      425.195        0.000        0.000             37        0.00        0.00    CPG_PARALLEL:ISETTLOFF:NULLIFY@1
 4601     0.00      425.195        0.000        0.000             37        0.00        0.00    CPG_PARALLEL:SHUFFLESL1:GET_DATA@1
 4602     0.00      425.195        0.000        0.005              3        0.01        1.73    FIELD_CONTAINER_BASE_MOD:FIELD_CREATE_BASE@1
 4603     0.00      425.195        0.000        0.000              2        0.02        0.17    MINV_CALLER@1
 4604     0.00      425.195        0.000        0.007              1        0.04        7.42    YOEAERC:SETUP_TEGEN@1
 4605     0.00      425.195        0.000        0.001              1        0.04        1.27    SULUN@1
 4606     0.00      425.195        0.000        0.000              2        0.02        0.02    TCFU_TYPE_FINAL@1
 4607     0.00      425.195        0.000        0.000             37        0.00        0.00    APL_ARPEGE_PARALLEL:EDR:NULLIFY@1
 4608     0.00      425.195        0.000        0.000             36        0.00        0.00    CPCFU_PARALLEL:0:NULLIFY@1
 4609     0.00      425.195        0.000        0.000              1        0.04        0.04    SRTM_CMBGB16_CPU@1
 4610     0.00      425.195        0.000        0.001              1        0.04        0.58    SUPP@1
 4611     0.00      425.195        0.000        0.000              2        0.02        0.05    SUCFU:SETUP_DESCRIPTORS@1
 4612     0.00      425.195        0.000        0.000              1        0.04        0.04    SUECAEOR:PART7@1
 4613     0.00      425.195        0.000        0.000              1        0.04        0.04    YOMCVER:PRT_CVER_GEOM@1
 4614     0.00      425.195        0.000        0.000             37        0.00        0.00    LAVABO_PARALLEL:0:NULLIFY@1
 4615     0.00      425.195        0.000        0.000              1        0.04        0.05    RIEN@1
 4616     0.00      425.195        0.000        0.000             37        0.00        0.00    MF_PHYS_FPL_PART2_PARALLEL:PART2:NULLIFY@1
 4617     0.00      425.195        0.000        0.020              1        0.04       20.32    SUSURF@1
 4618     0.00      425.195        0.000        0.000              1        0.04        0.04    SUECAESD:PART4@1
 4619     0.00      425.195        0.000        0.000              1        0.04        0.04    YOEAERC:PART7@1
 4620     0.00      425.195        0.000        0.000             37        0.00        0.00    APL_ARPEGE_PARALLEL:PPWETPOINT:NULLIFY@1
 4621     0.00      425.195        0.000        0.000             37        0.00        0.00    APL_ARPEGE_PARALLEL:BAYRAD:NULLIFY@1
 4622     0.00      425.195        0.000        0.000              1        0.04        0.04    SUECAEBC:PART2@1
 4623     0.00      425.195        0.000        0.000             36        0.00        0.00    CPG_END_SFC_PARALLEL:SET0TO1:NULLIFY@1
 4624     0.00      425.195        0.000        0.000              7        0.00        0.01    RECMWF_PARALLEL:ECRAD_POST:GET_DATA@1
 4625     0.00      425.196        0.000        0.000             37        0.00        0.00    APL_ARPEGE_PARALLEL:PLSM:NULLIFY@1
 4626     0.00      425.196        0.000        0.000              2        0.02        0.02    OPENFAINFO@1
 4627     0.00      425.196        0.000        0.000             37        0.00        0.00    CPUTQY_APLPAR_EXPL_PARALLEL:ZTDCP:NULLIFY@1
 4628     0.00      425.196        0.000        0.000             37        0.00        0.00    CPG_GP_HYD_PARALLEL:3:NULLIFY@1
 4629     0.00      425.196        0.000        0.000             37        0.00        0.00    APL_ARPEGE_RADIATION_PARALLEL:DIRECT:NULLIFY@1
 4630     0.00      425.196        0.000        0.000             37        0.00        0.00    LACDYN_PARALLEL:ZMIXNL:NULLIFY@1
 4631     0.00      425.196        0.000        0.000              1        0.03        0.03    SUECAEBC:PART4@1
 4632     0.00      425.196        0.000        0.000             37        0.00        0.00    APL_ARPEGE_INIT_PARALLEL:1:NULLIFY@1
 4633     0.00      425.196        0.000        0.000              1        0.03        0.03    SUECAEBC:PART16@1
 4634     0.00      425.196        0.000        0.000              7        0.00        0.01    RECMWF_PARALLEL:ECRAD_CPU:NULLIFY@1
 4635     0.00      425.196        0.000        0.000              1        0.03        0.03    SUECAESS:PART9@1
 4636     0.00      425.196        0.000        0.000              1        0.03        0.10    IOMULTIBUF_MOD:IOMULTIBUF_COMP_IDX@1
 4637     0.00      425.196        0.000        0.000             36        0.00        0.00    APL_ARPEGE_RADIATION_PARALLEL:SUNSHINE:NULLIFY@1
 4638     0.00      425.196        0.000        0.000              1        0.03        0.03    SUECAESD:PART2@1
 4639     0.00      425.196        0.000        0.000              1        0.03        0.03    SUECAESD:PART23@1
 4640     0.00      425.196        0.000        0.000             37        0.00        0.00    APL_ARPEGE_PARALLEL:FRSOPT:NULLIFY@1
 4641     0.00      425.196        0.000        1.143              1        0.03     1142.77    CNT3_GLO@1
 4642     0.00      425.196        0.000        0.000             30        0.00        0.00    APL_ARPEGE_RADIATION_PARALLEL:CALLRAD_F:NULLIFY@1
 4643     0.00      425.196        0.000        0.000              1        0.03        0.03    SUECAEBC:PART11@1
 4644     0.00      425.196        0.000        0.000             37        0.00        0.00    APL_ARPEGE_PARALLEL:ZDPHIV:NULLIFY@1
 4645     0.00      425.196        0.000        0.000             38        0.00        0.00    GP_DERIVATIVES@1
 4646     0.00      425.196        0.000        0.000              1        0.03        0.29    SUCVMNH@1
 4647     0.00      425.196        0.000        0.000              1        0.03        0.03    SUSWN@1
 4648     0.00      425.196        0.000        0.000              7        0.00        0.00    APL_ARPEGE_AEROSOLS_FOR_RADIATION_PARALLEL:RADAER:GET_DATA@1
 4649     0.00      425.196        0.000        0.000              1        0.03        0.03    SUECAESS:PART23@1
 4650     0.00      425.196        0.000        0.000             37        0.00        0.00    GPMPFC_EXPL_PARALLEL:0:NULLIFY@1
 4651     0.00      425.196        0.000        0.000             37        0.00        0.00    LACDYN_PARALLEL:LASURE:NULLIFY@1
 4652     0.00      425.196        0.000        0.000             37        0.00        0.00    LASSIE_PARALLEL:GPRCP:NULLIFY@1
 4653     0.00      425.196        0.000        0.000              1        0.03        0.03    SUECAESD:PART6@1
 4654     0.00      425.196        0.000        0.000              1        0.03        0.03    SUECAEOR:PART6@1
 4655     0.00      425.197        0.000        0.000             37        0.00        0.00    CPG_GP_PARALLEL:SET1TO0:NULLIFY@1
 4656     0.00      425.197        0.000        0.000              1        0.03        0.03    SUECAEBC:PART24@1
 4657     0.00      425.197        0.000        0.000              1        0.03        0.03    SUECAEBC:PART22@1
 4658     0.00      425.197        0.000        0.000              1        0.03        0.05    SUECV@1
 4659     0.00      425.197        0.000        0.000              1        0.03        0.03    RRTM_CMBGB13_CPU@1
 4660     0.00      425.197        0.000        0.001              1        0.03        0.51    SUMCC@1
 4661     0.00      425.197        0.000        0.000              1        0.03        0.03    VAL923@1
 4662     0.00      425.197        0.000        0.001              1        0.03        1.13    radiation_aerosol_optics:setup_aerosol_optics_CPU@1
 4663     0.00      425.197        0.000        0.000              1        0.03        0.03    SUECAESU:PART3@1
 4664     0.00      425.197        0.000        0.000              1        0.03        0.03    SUECAEOR:PART19@1
 4665     0.00      425.197        0.000        0.058              1        0.03       58.27    SUGRIDU@1
 4666     0.00      425.197        0.000        0.002              1        0.03        1.60    SUSC2C@1
 4667     0.00      425.197        0.000        0.000             37        0.00        0.00    CPXFU_PARALLEL:4:NULLIFY@1
 4668     0.00      425.197        0.000        0.000              1        0.03        0.03    FA_COM:NEW_FA@1
 4669     0.00      425.197        0.000        0.000              1        0.03        0.03    SUECAEOR:PART14@1
 4670     0.00      425.197        0.000        0.000              1        0.03        0.03    SUECAESU:PART12@1
 4671     0.00      425.197        0.000        0.000              1        0.03        0.03    SUECAESU:PART9@1
 4672     0.00      425.197        0.000        0.001              1        0.03        0.64    SUSPSDT@1
 4673     0.00      425.197        0.000        0.000              1        0.03        0.03    SUECAEOR:PART2@1
 4674     0.00      425.197        0.000        0.000              1        0.03        0.03    SURIP0@1
 4675     0.00      425.197        0.000        0.000              1        0.03        0.03    SUECAESD:PART9@1
 4676     0.00      425.197        0.000        0.001              1        0.03        0.58    SUVV1@1
 4677     0.00      425.197        0.000        0.000              2        0.01        0.02    TXFU_TYPE_FINAL@1
 4678     0.00      425.197        0.000        0.000              1        0.03        0.03    SUECAEBC:PART20@1
 4679     0.00      425.197        0.000        0.000              1        0.03        0.03    SUECAEOR:PART22@1
 4680     0.00      425.197        0.000        0.000              1        0.03        0.03    SUECAEOR:PART4@1
 4681     0.00      425.197        0.000        0.000              4        0.01        0.01    FACTUI_MT@1
 4682     0.00      425.197        0.000        0.000              1        0.03        0.03    SUECAESU:PART8@1
 4683     0.00      425.197        0.000        0.000             37        0.00        0.00    CPG_PARALLEL:LSMTSOL:NULLIFY@1
 4684     0.00      425.197        0.000        0.000             37        0.00        0.00    GPRCP_EXPL_PARALLEL:5:NULLIFY@1
 4685     0.00      425.197        0.000        0.000              1        0.03        0.03    SUECAEBC:PART9@1
 4686     0.00      425.197        0.000        0.000              1        0.03        0.03    SUECAEBC:PART18@1
 4687     0.00      425.197        0.000        0.000              1        0.03        0.03    SUECAESD:PART7@1
 4688     0.00      425.198        0.000        0.000              1        0.03        0.03    SUECAESU:PART19@1
 4689     0.00      425.198        0.000        0.000              1        0.03        0.03    SUECAEOR:PART21@1
 4690     0.00      425.198        0.000        0.000              1        0.03        0.03    SUECAEBC:PART3@1
 4691     0.00      425.198        0.000        0.000              1        0.03        0.03    SUECAESD:PART8@1
 4692     0.00      425.198        0.000        0.000              1        0.03        0.03    SUECAESU:PART22@1
 4693     0.00      425.198        0.000        0.000              1        0.03        0.03    SUECAEBC:PART19@1
 4694     0.00      425.198        0.000        0.000              1        0.03        0.03    SUECAESD:PART5@1
 4695     0.00      425.198        0.000        0.000              1        0.03        0.03    SUHDVPN@1
 4696     0.00      425.198        0.000        0.000              1        0.03        0.03    RRTM_CMBGB12_CPU@1
 4697     0.00      425.198        0.000        0.000              1        0.03        0.03    SUECAEBC:PART12@1
 4698     0.00      425.198        0.000        0.000              1        0.03        0.03    SUECAESS:PART5@1
 4699     0.00      425.198        0.000        0.027              2        0.01       13.65    FACGRA_MT@1
 4700     0.00      425.198        0.000        0.000              1        0.03        0.03    SUECAEBC:PART23@1
 4701     0.00      425.198        0.000        0.000              1        0.03        0.03    SUECAESU:PART7@1
 4702     0.00      425.198        0.000        0.000             37        0.00        0.00    CPXFU_PARALLEL:3:NULLIFY@1
 4703     0.00      425.198        0.000        0.000              1        0.03        0.03    SUECAESU:PART20@1
 4704     0.00      425.198        0.000        0.000              1        0.03        0.03    SUECAESD:PART12@1
 4705     0.00      425.198        0.000        0.000              1        0.03        0.03    SUECAESS:PART24@1
 4706     0.00      425.198        0.000        0.000             37        0.00        0.00    CPG_DIA_FLU_PARALLEL:1:NULLIFY@1
 4707     0.00      425.198        0.000        0.000              1        0.03        0.03    SUECAESD:PART14@1
 4708     0.00      425.198        0.000        0.000              1        0.03        0.03    SUECAESU:PART18@1
 4709     0.00      425.198        0.000        0.000              1        0.03        0.05    SUSSOIL_MOD:SUSSOIL@1
 4710     0.00      425.198        0.000        0.000              1        0.03        0.03    SULEGA@1
 4711     0.00      425.198        0.000        0.000              1        0.03        0.03    SUECAESU:PART14@1
 4712     0.00      425.198        0.000        0.000             36        0.00        0.00    CPCFU_PARALLEL:5:NULLIFY@1
 4713     0.00      425.198        0.000        0.000              1        0.03        0.03    SUECAEBC:PART5@1
 4714     0.00      425.198        0.000        0.000              1        0.03        0.03    SUECAEBC:PART10@1
 4715     0.00      425.198        0.000        0.000              1        0.03        0.03    SUECAEOR:PART3@1
 4716     0.00      425.198        0.000        0.000              1        0.03        0.03    SUECAEBC:PART21@1
 4717     0.00      425.198        0.000        0.000              1        0.03        0.03    SUECAESS:PART7@1
 4718     0.00      425.198        0.000        0.000              1        0.03        0.03    SUDIMO@1
 4719     0.00      425.198        0.000        0.000              1        0.03        0.03    SUECAEOR:PART5@1
 4720     0.00      425.198        0.000        0.000              1        0.03        0.03    SUECAESS:PART22@1
 4721     0.00      425.198        0.000        0.020              1        0.03       20.18    SUSOCEAN_ML_MOD:SUSOCEAN_ML@1
 4722     0.00      425.198        0.000        0.000              1        0.03        0.03    SUECAESS:PART21@1
 4723     0.00      425.198        0.000        0.000              1        0.03        0.03    SUECAESD:PART3@1
 4724     0.00      425.199        0.000        0.000              1        0.03        0.03    SUECAEOR:PART12@1
 4725     0.00      425.199        0.000        0.000              1        0.03        0.03    SUECAESU:PART4@1
 4726     0.00      425.199        0.000        0.000              1        0.03        0.03    SUECAEOR:PART8@1
 4727     0.00      425.199        0.000        0.000              1        0.03        0.03    SUVSPLIP@1
 4728     0.00      425.199        0.000        0.000              1        0.03        0.03    SUECAESU:PART2@1
 4729     0.00      425.199        0.000        0.000              1        0.03        0.03    SRTM_KGB23@1
 4730     0.00      425.199        0.000        0.000              1        0.03        0.32    SUGFL3@1
 4731     0.00      425.199        0.000        0.000              1        0.03        0.03    SUECAESD:PART18@1
 4732     0.00      425.199        0.000        0.000              2        0.01        0.02    FAQUIN_MT@1
 4733     0.00      425.199        0.000        0.000              1        0.03        0.03    SUECAEOR:PART23@1
 4734     0.00      425.199        0.000        0.000              1        0.03        0.03    SUECAESD:PART17@1
 4735     0.00      425.199        0.000        0.000              1        0.03        0.03    SUECAESD:PART16@1
 4736     0.00      425.199        0.000        0.000              1        0.03        0.03    SUECAESS:PART2@1
 4737     0.00      425.199        0.000        0.000              1        0.03        0.03    SUECAEOR:PART18@1
 4738     0.00      425.199        0.000        0.020              1        0.03       20.29    SUSURF_CTL_MOD:SUSURF_CTL@1
 4739     0.00      425.199        0.000        0.000              1        0.03        0.03    SUECAEBC:PART17@1
 4740     0.00      425.199        0.000        0.000              1        0.03        0.03    SUECAESD:PART19@1
 4741     0.00      425.199        0.000        0.000              1        0.03        0.03    SUECAESS:PART6@1
 4742     0.00      425.199        0.000        0.000              1        0.03        0.03    SUECAESS:PART10@1
 4743     0.00      425.199        0.000        0.000              1        0.03        0.03    SUECAESD:PART11@1
 4744     0.00      425.199        0.000        0.000              1        0.03        0.03    SUECAEOR:PART16@1
 4745     0.00      425.199        0.000        0.000              1        0.03        0.03    SUECAESU:PART15@1
 4746     0.00      425.199        0.000        0.000              1        0.03        0.05    YOMCLMICST:SETUP_CLMICST@1
 4747     0.00      425.199        0.000        0.000              1        0.03        0.03    SUECAEBC:PART15@1
 4748     0.00      425.199        0.000        0.000              1        0.03        0.03    SUECAESU:PART11@1
 4749     0.00      425.199        0.000        0.000             50        0.00        0.00    SUCFU:NEXTYPE1@1
 4750     0.00      425.199        0.000        0.000              1        0.03        0.03    SUECAESD:PART15@1
 4751     0.00      425.199        0.000        0.000              1        0.03        0.03    SUECAESU:PART13@1
 4752     0.00      425.199        0.000        0.000              1        0.03        0.03    SUECAESU:PART23@1
 4753     0.00      425.199        0.000        0.000              1        0.03        0.03    SUECAESU:PART5@1
 4754     0.00      425.199        0.000        0.000              1        0.03        0.03    SUECAEOR:PART17@1
 4755     0.00      425.199        0.000        0.000              1        0.03        0.03    SUECAESU:PART6@1
 4756     0.00      425.199        0.000        0.000              1        0.03        0.03    SUECAESS:PART1@1
 4757     0.00      425.199        0.000        0.000              1        0.03        0.23    MF_PHYS_SAVE_PHSURF_PART2_PARALLEL:PART2@1
 4758     0.00      425.199        0.000        0.000              1        0.03        0.03    SUECAESS:PART19@1
 4759     0.00      425.199        0.000        0.000              1        0.03        0.03    SUGEM3@1
 4760     0.00      425.199        0.000        0.000              1        0.03        0.03    SUECAEOR:PART24@1
 4761     0.00      425.199        0.000        0.000              1        0.03        0.03    SUECAESU:PART10@1
 4762     0.00      425.199        0.000        0.000              1        0.03        0.03    SUECAESD:PART22@1
 4763     0.00      425.200        0.000        0.000              1        0.02        0.03    SUECAEBC:PART7@1
 4764     0.00      425.200        0.000        0.000              1        0.02        0.03    SUECAEBC:PART8@1
 4765     0.00      425.200        0.000        0.000              1        0.02        0.03    SUECAESD:PART10@1
 4766     0.00      425.200        0.000        0.000              1        0.02        0.03    SUECAESS:PART16@1
 4767     0.00      425.200        0.000        0.000              1        0.02        0.03    SUECAESS:PART12@1
 4768     0.00      425.200        0.000        0.000              1        0.02        0.02    SUECAEOR:PART15@1
 4769     0.00      425.200        0.000        0.000              1        0.02        0.02    SUECAESU:PART16@1
 4770     0.00      425.200        0.000        0.000              2        0.01        0.01    SUCLOPN@1
 4771     0.00      425.200        0.000        0.000              1        0.02        0.02    SUECAESD:PART13@1
 4772     0.00      425.200        0.000        0.000              1        0.02        0.02    SUECAEBC:PART13@1
 4773     0.00      425.200        0.000        0.000             37        0.00        0.00    LAVABO_PARALLEL:2:NULLIFY@1
 4774     0.00      425.200        0.000        0.000              1        0.02        0.02    SUECAEOR:PART10@1
 4775     0.00      425.200        0.000        0.000              1        0.02        0.02    SUECAESD:PART20@1
 4776     0.00      425.200        0.000        0.000              1        0.02        0.02    SUECAESS:PART4@1
 4777     0.00      425.200        0.000        0.000              1        0.02        0.02    SUECAESU:PART17@1
 4778     0.00      425.200        0.000        0.000              1        0.02        0.02    SRTM_KGB25@1
 4779     0.00      425.200        0.000        0.000             37        0.00        0.00    LAVABO_PARALLEL:1:NULLIFY@1
 4780     0.00      425.200        0.000        0.000              1        0.02        0.02    SUECAESD:PART24@1
 4781     0.00      425.200        0.000        0.000              1        0.02        0.02    SUECAESU:PART24@1
 4782     0.00      425.200        0.000        0.000              4        0.01        0.01    radiation_spectral_definition:calc_mapping_from_bands_CPU@1
 4783     0.00      425.200        0.000        0.000              1        0.02        0.02    SUECAESS:PART15@1
 4784     0.00      425.200        0.000        0.000              1        0.02        0.02    RRTM_KGB6@1
 4785     0.00      425.200        0.000        0.000              1        0.02        0.02    SUECAESD:PART21@1
 4786     0.00      425.200        0.000        0.000              1        0.02        0.02    SUECAESS:PART18@1
 4787     0.00      425.200        0.000        0.000              1        0.02        0.02    SUECAEOR:PART11@1
 4788     0.00      425.200        0.000        0.000              1        0.02        0.02    SUECAEOR:PART9@1
 4789     0.00      425.200        0.000        0.000              1        0.02        0.02    SUECAESU:PART21@1
 4790     0.00      425.200        0.000        0.000              1        0.02        0.33    SUDIM_TRAJ@1
 4791     0.00      425.200        0.000        0.001              1        0.02        0.57    SUPHY2@1
 4792     0.00      425.200        0.000        0.000              1        0.02        0.02    SUECAESS:PART25@1
 4793     0.00      425.200        0.000        0.001              1        0.02        0.63    TESTVAR_MIX:SETUP_TESTVAR@1
 4794     0.00      425.200        0.000        0.000              1        0.02        0.28    SUCUMF@1
 4795     0.00      425.200        0.000        0.000              1        0.02        0.02    SUECAESS:PART8@1
 4796     0.00      425.200        0.000        0.000              1        0.02        0.02    SUECAEOR:PART13@1
 4797     0.00      425.200        0.000        0.000              1        0.02        0.32    SUDYNCORE@1
 4798     0.00      425.200        0.000        0.000              1        0.02        0.33    SUDIMF1@1
 4799     0.00      425.200        0.000        0.001              1        0.02        0.92    GEOMETRY_MOD:GEOMETRY_DELETE@1
 4800     0.00      425.200        0.000        0.000              1        0.02        0.02    SUECAESS:PART14@1
 4801     0.00      425.200        0.000        0.000             39        0.00        0.00    FCGENERALIZED_GAMMA@1
 4802     0.00      425.200        0.000        0.000              1        0.02        0.02    SUECAESS:PART17@1
 4803     0.00      425.200        0.000        0.000              4        0.01        0.01    IOSTREAM_MIX:INI_IOSTREAM@1
 4804     0.00      425.200        0.000        0.000              1        0.02        0.02    SUSLB@1
 4805     0.00      425.201        0.000        0.000             37        0.00        0.00    CPG_DIA_FLU_PARALLEL:4:NULLIFY@1
 4806     0.00      425.201        0.000        0.000              1        0.02        0.09    SUCHET@1
 4807     0.00      425.201        0.000        0.000              1        0.02        0.28    SUCUMF2@1
 4808     0.00      425.201        0.000        0.000              1        0.02        0.02    SUECAESS:PART20@1
 4809     0.00      425.201        0.000        0.000              1        0.02        0.03    radiation_ifs_rrtm:setup_gas_optics_rrtm_CPU@1
 4810     0.00      425.201        0.000        0.000              1        0.02        0.02    SUECAESS:PART11@1
 4811     0.00      425.201        0.000        0.000              1        0.02        0.02    SUECAESS:PART13@1
 4812     0.00      425.201        0.000        0.004              1        0.02        4.47    SUGFL@1
 4813     0.00      425.201        0.000        0.000              1        0.02        0.02    IO_SERV_SUIOSCTMPL@1
 4814     0.00      425.201        0.000        0.000             12        0.00        0.00    SPECTRAL_FIELDS_MOD:INTLOC@1
 4815     0.00      425.201        0.000        0.000              1        0.02        0.02    SUECAESS:PART3@1
 4816     0.00      425.201        0.000        0.000              1        0.02        0.02    SRTM_CMBGB22_CPU@1
 4817     0.00      425.201        0.000        0.000              1        0.02        0.02    RRTM_CMBGB15_CPU@1
 4818     0.00      425.201        0.000        0.000              1        0.02        0.02    RRTM_CMBGB16_CPU@1
 4819     0.00      425.201        0.000        0.000              1        0.02        0.17    SIGAM_SP_OPENMP@1
 4820     0.00      425.201        0.000        0.000             37        0.00        0.00    CPG_DIA_FLU_PARALLEL:3:NULLIFY@1
 4821     0.00      425.201        0.000        0.000              1        0.02        0.02    SUECAEBC:PART25@1
 4822     0.00      425.201        0.000        0.000              1        0.02        0.02    RRTM_CMBGB1_CPU@1
 4823     0.00      425.201        0.000        0.000              1        0.02        0.02    SUECAESU:PART25@1
 4824     0.00      425.201        0.000        0.000              1        0.02        0.02    SRTM_CMBGB29_CPU@1
 4825     0.00      425.201        0.000        0.000              1        0.02        0.02    SUECAEOR:PART25@1
 4826     0.00      425.201        0.000        0.000              2        0.01        0.01    STACK_MIX:INIT_STACK@1
 4827     0.00      425.201        0.000        0.001              1        0.02        0.51    SURINC@1
 4828     0.00      425.201        0.000        0.000              1        0.02        0.02    YOERADGHG:INIT_RAD_GHG@1
 4829     0.00      425.201        0.000        0.000              1        0.02        0.02    RRTM_CMBGB2_CPU@1
 4830     0.00      425.201        0.000        0.000              1        0.02        0.02    RRTM_CMBGB8_CPU@1
 4831     0.00      425.201        0.000        0.000              1        0.02        0.48    SUGRIB@1
 4832     0.00      425.201        0.000        0.000              1        0.02        0.40    SUBMAT@1
 4833     0.00      425.201        0.000        0.000             30        0.00        0.00    TYPES_FPCAT:SUCATIND@1
 4834     0.00      425.201        0.000        0.000              1        0.02        0.02    YOMLUN:RESERVE_LUN@1
 4835     0.00      425.201        0.000        0.000              1        0.02        0.25    SUCT1@1
 4836     0.00      425.201        0.000        0.001              1        0.02        0.57    SURES@1
 4837     0.00      425.201        0.000        0.000              3        0.01        0.01    GRIDPOINT_FIELDS_MIX:ALLOCATE_GRID@1
 4838     0.00      425.201        0.000        0.000              1        0.02        0.08    YOE_CUCONVCA:INI_CUCONVCA@1
 4839     0.00      425.201        0.000        0.000              1        0.02        0.38    SUFAINIT@1
 4840     0.00      425.201        0.000        0.000              1        0.02        0.02    SRTM_CMBGB20_CPU@1
 4841     0.00      425.201        0.000        0.000             32        0.00        0.00    SUCFU:NEXTYPE3@1
 4842     0.00      425.201        0.000        0.000              1        0.02        0.02    RRTM_CMBGB11_CPU@1
 4843     0.00      425.201        0.000        0.000              1        0.02        0.02    SURRTPK_CPU@1
 4844     0.00      425.201        0.000        0.000              7        0.00        0.00    RECMWF_PARALLEL:1:GET_DATA@1
 4845     0.00      425.201        0.000        0.001              1        0.02        0.58    SURAND1@1
 4846     0.00      425.201        0.000        0.000              2        0.01        0.01    IO_SERV_MAP_RECV_PART2@1
 4847     0.00      425.201        0.000        0.000              1        0.01        0.18    YOMGSGEOM:DEALLO_TGSGEOM_NB@1
 4848     0.00      425.201        0.000        0.000              2        0.01        0.02    SUEDRD@1
 4849     0.00      425.201        0.000        0.000              1        0.01        0.01    SUECAESD:PART25@1
 4850     0.00      425.201        0.000        0.000              1        0.01        0.07    SUCAPE@1
 4851     0.00      425.201        0.000        0.000              1        0.01        0.01    MODEL_MOD:MODEL_SET@1
 4852     0.00      425.201        0.000        0.000              2        0.01        0.01    SUMPIOH@1
 4853     0.00      425.201        0.000        0.001              1        0.01        0.52    TRAJ_SETUP@1
 4854     0.00      425.201        0.000        0.000              3        0.00        0.01    FACIES_MT@1
 4855     0.00      425.201        0.000        0.000              1        0.01        0.01    DISTRIBUTED_VECTORS_MIX:SETUP_DISTVEC@1
 4856     0.00      425.201        0.000        0.000              1        0.01        0.06    IOSPECA_MOD:IOSPECA_SELECTD@1
 4857     0.00      425.201        0.000        0.000              4        0.00        0.00    EINT_MOD:DEALLO_SL_STRUCT@1
 4858     0.00      425.201        0.000        0.000              1        0.01        0.24    YOMCVER:SUCVER@1
 4859     0.00      425.201        0.000        0.021              1        0.01       20.85    IOGRID_MOD:IOGRID_SELECTFX@1
 4860     0.00      425.201        0.000        0.000              1        0.01        0.11    SU_COUP_COM@1
 4861     0.00      425.201        0.000        0.000              1        0.01        0.01    RRTM_CMBGB10_CPU@1
 4862     0.00      425.202        0.000        0.000              1        0.01        0.12    SUMCCLAG@1
 4863     0.00      425.202        0.000        0.000              4        0.00        0.00    GRIB_API:IGRIB_GET_REAL8@1
 4864     0.00      425.202        0.000        0.000              1        0.01        0.01    SRTM_CMBGB27_CPU@1
 4865     0.00      425.202        0.000        0.000             28        0.00        0.00    SURFACE_FIELDS_MIX:SETUP_SFLP2@1
 4866     0.00      425.202        0.000        0.000              1        0.01        0.47    SUGWD@1
 4867     0.00      425.202        0.000        0.000              1        0.01        0.33    SUDWET@1
 4868     0.00      425.202        0.000        0.001              1        0.01        0.50    SPGEOM_MOD:SUSPGEOM@1
 4869     0.00      425.202        0.000        0.132              1        0.01      132.20    SUOPH@1
 4870     0.00      425.202        0.000        0.000              1        0.01        0.34    SUDVISI@1
 4871     0.00      425.202        0.000        0.011              1        0.01       11.18    SUVERTFE@1
 4872     0.00      425.202        0.000        0.058              1        0.01       58.24    SUGRIDUA@1
 4873     0.00      425.202        0.000        0.018              1        0.01       18.48    FIELDS_MOD:FIELDS_CONTAIN@1
 4874     0.00      425.202        0.000        0.000              1        0.01        0.33    SUDPRECIPS@1
 4875     0.00      425.202        0.000        0.000              2        0.01        0.08    FANMSG_MT@1
 4876     0.00      425.202        0.000        0.004              1        0.01        3.92    SUINTERPOLATOR@1
 4877     0.00      425.202        0.000        0.000              1        0.01        0.01    SUDIMF2@1
 4878     0.00      425.202        0.000        0.000              8        0.00        0.00    UPDCAL@1
 4879     0.00      425.202        0.000        0.001              1        0.01        0.61    SUVDF@1
 4880     0.00      425.202        0.000        0.000              2        0.01        0.01    INI_SPEC_DIST@1
 4881     0.00      425.202        0.000        0.000              7        0.00        0.00    RECMWF_PARALLEL:ECRAD_POST:NULLIFY@1
 4882     0.00      425.202        0.000        0.000              1        0.01        0.05    YOMGSGEOM:DEALLO_TGSGEOM_B@1
 4883     0.00      425.202        0.000        0.000              1        0.01        0.03    INTDYN_MOD:SUINTDYN@1
 4884     0.00      425.202        0.000        0.397              1        0.01      397.15    SUTRANS@1
 4885     0.00      425.202        0.000        0.001              1        0.01        0.76    SPNG_MOD:SUSPNG@1
 4886     0.00      425.202        0.000        0.000              1        0.01        0.31    ENKF_MIX:SETUP_ENKF@1
 4887     0.00      425.202        0.000        0.000              7        0.00        0.00    RECMWF_PARALLEL:2:GET_DATA@1
 4888     0.00      425.202        0.000      426.552              1        0.01   426551.92    CNT1@1
 4889     0.00      425.202        0.000        0.001              1        0.01        0.50    SUPPVI@1
 4890     0.00      425.202        0.000        0.000             24        0.00        0.00    INDEXFIND_MOD:INDINLOC@1
 4891     0.00      425.202        0.000        0.000              1        0.01        0.46    SUINTFLEX@1
 4892     0.00      425.202        0.000        0.000              4        0.00        0.00    CPTAVE_MOD:AVECLA@1
 4893     0.00      425.202        0.000        0.000              7        0.00        0.00    RECMWF_PARALLEL:1:NULLIFY@1
 4894     0.00      425.202        0.000        0.000              8        0.00        0.00    SURFACE_FIELDS_MIX:SETUP_SFLP3@1
 4895     0.00      425.202        0.000        0.000              2        0.00        0.01    FANOUV_MT@1
 4896     0.00      425.202        0.000        0.000              1        0.01        0.01    SULWN@1
 4897     0.00      425.202        0.000        0.000              1        0.01        0.01    XUTRII@1
 4898     0.00      425.202        0.000        0.001              1        0.01        0.51    SUPERTPAR@1
 4899     0.00      425.202        0.000        0.000              1        0.01        0.01    LFICOM:NEW_LFI_DEFAULT@1
 4900     0.00      425.202        0.000        0.000              2        0.00        0.00    GRIB_API:IGRIB_GET_INT@1
 4901     0.00      425.202        0.000        0.087              1        0.01       86.89    SUPHY@1
 4902     0.00      425.202        0.000        0.000              8        0.00        0.00    YOMCLMICST:MOMG@1
 4903     0.00      425.202        0.000        0.000              1        0.01        0.01    INI_CST@1
 4904     0.00      425.202        0.000        0.000              1        0.01        0.04    SUFRAME@1
 4905     0.00      425.202        0.000        0.000              1        0.01        0.01    AROINI_CONF@1
 4906     0.00      425.202        0.000        0.000              1        0.01        0.05    SUETLDIAG@1
 4907     0.00      425.202        0.000        0.000              1        0.01        0.02    CPTAVE_MOD:CPTAVE@1
 4908     0.00      425.202        0.000        0.000              1        0.01        0.01    PPSTA@1
 4909     0.00      425.202        0.000        0.000              1        0.01        0.01    MF_PHYS_SAVE_PHSURF_PART2_PARALLEL:PART2:GET_DATA@1
 4910     0.00      425.202        0.000        0.000              1        0.01        0.47    SUGWWMS@1
 4911     0.00      425.202        0.000        0.000              3        0.00        0.01    GPHPRE@1
 4912     0.00      425.202        0.000        0.000              1        0.01        0.47    RG@1
 4913     0.00      425.202        0.000        0.001              1        0.01        0.57    GET_SPP_CONF@1
 4914     0.00      425.202        0.000        0.000              1        0.01        0.01    SUVDFS@1
 4915     0.00      425.202        0.000        0.000              1        0.01        0.01    SUALTDH@1
 4916     0.00      425.202        0.000        0.000              1        0.01        0.01    SUGRIDA_FIXUP@1
 4917     0.00      425.202        0.000        0.000              1        0.01        0.01    radiation_config:consolidate_config_CPU@1
 4918     0.00      425.202        0.000        0.000              1        0.01        0.01    SUVEXCS_MOD:SUVEXCS@1
 4919     0.00      425.202        0.000        0.000              1        0.01        0.01    IOGRID_MOD:DEL_INDSEL@1
 4920     0.00      425.202        0.000        0.000              1        0.01        0.41    SUINI@1
 4921     0.00      425.202        0.000        0.001              1        0.01        0.57    SUSCM@1
 4922     0.00      425.202        0.000        0.004              3        0.00        1.39    "lfiouv_alts"@1:lfi_alts.c
 4923     0.00      425.202        0.000        0.000              2        0.00        0.01    SUPERGOM_CLASS:SUPERGOM_FINAL@1
 4924     0.00      425.202        0.000        0.000              1        0.01        0.01    RRTM_CMBGB14_CPU@1
 4925     0.00      425.202        0.000        0.000              1        0.01        0.01    SUMSC@1
 4926     0.00      425.202        0.000        0.000              1        0.01        0.01    SUAPL_ARPEGE@1
 4927     0.00      425.202        0.000        0.000              1        0.01        0.01    SUALMDH@1
 4928     0.00      425.202        0.000        0.000              2        0.00        0.00    STACK_MIX:GETSTACKUSAGEX@1
 4929     0.00      425.202        0.000        0.002              1        0.01        2.33    radiation_cloud_optics:setup_cloud_optics_CPU@1
 4930     0.00      425.202        0.000        0.000              1        0.01        0.01    INTDYNSL_MOD:SUINTDYNSL@1
 4931     0.00      425.202        0.000        0.000              1        0.01        0.01    SUWCOU@1
 4932     0.00      425.202        0.000        0.000              1        0.01        0.08    SUSPECA_FIXUP@1
 4933     0.00      425.202        0.000        0.000              1        0.01        0.01    SUSRTM_CPU@1
 4934     0.00      425.202        0.000        0.001              1        0.01        0.54    SUVWRK@1
 4935     0.00      425.202        0.000        0.000              1        0.01        0.01    ECRADFR@1
 4936     0.00      425.202        0.000        0.050              1        0.01       49.76    IOSPECA_MOD:IOSPECA_SELECTFX@1
 4937     0.00      425.202        0.000        0.000              1        0.01        0.01    FIELD_CONTAINER_BASE_MOD:GET_ACTIVE_FIELDS@1
 4938     0.00      425.202        0.000        0.000              2        0.00        0.01    SUPERGOM_CLASS:SUPERGOM_DESTROY@1
 4939     0.00      425.202        0.000        0.000              1        0.01        0.02    SCORDO@1
 4940     0.00      425.202        0.000        0.000              1        0.01        0.01    RERESF_PART2@1
 4941     0.00      425.202        0.000        0.000              1        0.01        0.01    SUJFH@1
 4942     0.00      425.202        0.000        0.000              2        0.00        0.00    radiation_spectral_definition:allocate_bands_only_CPU@1
 4943     0.00      425.202        0.000        0.000              3        0.00        0.00    FANDAI_MT@1
 4944     0.00      425.202        0.000        0.000              1        0.01        0.01    SUSVEG_MOD:SUSVEG@1
 4945     0.00      425.202        0.000      426.520              1        0.01   426520.30    CNT2@1
 4946     0.00      425.202        0.000        0.000              1        0.01        0.01    SUSRTCOP@1
 4947     0.00      425.202        0.000        0.000              1        0.01        0.47    SUMETHOX@1
 4948     0.00      425.202        0.000        0.000              1        0.01        0.01    SURRTRF_CPU@1
 4949     0.00      425.202        0.000        0.000              1        0.01        0.01    BALANC@1
 4950     0.00      425.202        0.000        0.000              9        0.00        0.00    INTDYN_MOD:SUPTR_TXYB@1
 4951     0.00      425.202        0.000        0.000              3        0.00        0.00    SURF_INQ@1
 4952     0.00      425.202        0.000        0.000              1        0.01        0.01    YOMLUN:FREE_LUN@1
 4953     0.00      425.202        0.000        0.000              1        0.01        0.01    SUOPTPROMA@1
 4954     0.00      425.202        0.000        0.000              1        0.01        0.01    SUALNUD@1
 4955     0.00      425.202        0.000        0.000              2        0.00        0.00    DEALLOCATE_IF_ASSOCIATED_MOD:DEALLOCATE_IF_ASSOCIATED_INTEGER_1D@1
 4956     0.00      425.202        0.000        0.000              1        0.01        0.08    SUECHK@1
 4957     0.00      425.202        0.000        0.000             10        0.00        0.00    GFL_SUBS_MOD:SET_GFL_ATTR@1
 4958     0.00      425.202        0.000        0.000              6        0.00        0.00    FAINOC_MT@1
 4959     0.00      425.202        0.000        0.000              1        0.01        0.01    SURRTFTR@1
 4960     0.00      425.202        0.000        0.000             10        0.00        0.00    SEAPRE@1
 4961     0.00      425.202        0.000        0.000              1        0.01        0.03    FACADE_MT@1
 4962     0.00      425.202        0.000        0.000              1        0.01        0.01    SURWN_MOD:SURWN@1
 4963     0.00      425.202        0.000        0.000              1        0.01        0.01    MODEL_MOD:MODEL_DELETE@1
 4964     0.00      425.202        0.000        0.000              1        0.01        0.01    class_nvar%auto_finish@1
 4965     0.00      425.202        0.000        0.000              1        0.00        0.01    ELTRAN@1
 4966     0.00      425.202        0.000        0.000              2        0.00        0.01    FAIRNO_MT@1
 4967     0.00      425.202        0.000        0.000              1        0.00        0.30    SPGEOM_MOD:SUSMAP@1
 4968     0.00      425.202        0.000        0.021              1        0.00       20.77    SPEREE@1
 4969     0.00      425.202        0.000        0.000              1        0.00        0.01    SUSRTAER@1
 4970     0.00      425.202        0.000        0.004              1        0.00        4.30    MF_PHYS_SAVE_PHSURF_PART1_PARALLEL@1
 4971     0.00      425.202        0.000        0.001              1        0.00        0.58    SUSATSIM@1
 4972     0.00      425.202        0.000        0.000              1        0.00        0.47    SUIAU@1
 4973     0.00      425.202        0.000        0.000              1        0.00        0.47    SUNUDGLH@1
 4974     0.00      425.202        0.000        0.000              1        0.00        0.01    SUSRAD_MOD:SUSRAD@1
 4975     0.00      425.202        0.000        0.000              1        0.00        0.00    SRTM_CMBGB23_CPU@1
 4976     0.00      425.202        0.000        0.000              1        0.00        0.47    YOMGWDIAG:SETUP_GWDIAG@1
 4977     0.00      425.202        0.000        0.000              1        0.00        0.00    GMV_SUBS_MOD:SETUP_T9@1
 4978     0.00      425.202        0.000        0.000              1        0.00        0.00    SUJBSKTECV@1
 4979     0.00      425.202        0.000        0.000             10        0.00        0.00    SUCSLINT@1
 4980     0.00      425.202        0.000        0.000              1        0.00        0.00    RRTM_CMBGB6_CPU@1
 4981     0.00      425.202        0.000        0.000              2        0.00        0.00    GRIB_API:IGRIB_GET_MESSAGE_SIZE@1
 4982     0.00      425.202        0.000        0.000              1        0.00        0.02    YOMCSGEOM:DEALLO_TCSGEOM_NB@1
 4983     0.00      425.202        0.000        0.000              3        0.00        0.00    FADIEX_MT@1
 4984     0.00      425.202        0.000        0.000              1        0.00        0.02    SUALSPA@1
 4985     0.00      425.202        0.000        0.000              4        0.00        0.00    FALIMU_MT@1
 4986     0.00      425.202        0.000        0.000              1        0.00        0.00    SUJBECPHYSECV@1
 4987     0.00      425.202        0.000        0.000              1        0.00        0.23    MF_PHYS_SAVE_PHSURF_PART2_PARALLEL@1
 4988     0.00      425.202        0.000        0.000              1        0.00        0.00    SLCSET:SLEXPOLSETUP@1
 4989     0.00      425.202        0.000        0.000              1        0.00        0.00    SUSAVTEND@1
 4990     0.00      425.202        0.000        0.000              2        0.00        0.00    AROINI_BUDGET@1
 4991     0.00      425.202        0.000        0.000              1        0.00        0.01    FAGOTE_MT@1
 4992     0.00      425.202        0.000        0.000              1        0.00        0.00    MONVAR@1
 4993     0.00      425.202        0.000        0.000              1        0.00        0.00    YOMVERT:ALLOC_INIT_TVAB@1
 4994     0.00      425.202        0.000        0.000              1        0.00        0.47    SUIOS@1
 4995     0.00      425.202        0.000        0.000              7        0.00        0.00    RECMWF_PARALLEL:2:NULLIFY@1
 4996     0.00      425.202        0.000        0.000              2        0.00        0.00    DEALLOCATE_IF_ASSOCIATED_MOD:DEALLOCATE_IF_ASSOCIATED_INTEGER_2D@1
 4997     0.00      425.202        0.000        1.141              1        0.00     1140.79    CSTA@1
 4998     0.00      425.202        0.000        0.000              1        0.00        0.00    FALSIFY_SURF_FLDS@1
 4999     0.00      425.202        0.000        0.000              1        0.00        0.01    radiation_aerosol_optics_data:set_types_CPU@1
 5000     0.00      425.202        0.000        0.000              1        0.00        0.01    YOMCSGEOM:DEALLO_TCSGEOM_B@1
 5001     0.00      425.202        0.000        0.000              1        0.00        0.00    SUXIOS@1
 5002     0.00      425.202        0.000        0.000              1        0.00        0.00    class_nvar%finish@1
 5003     0.00      425.203        0.000        0.000              3        0.00        0.00    DEALLOCATE_IF_ALLOCATED_MOD:DEALLOCATE_IF_ALLOCATED_REAL64_1D@1
 5004     0.00      425.203        0.000        0.000              1        0.00        0.00    SRTM_CMBGB25_CPU@1
 5005     0.00      425.203        0.000        0.000              1        0.00        0.00    YEMLBC_INIT:SUELBC_INIT@1
 5006     0.00      425.203        0.000        0.000              1        0.00        0.00    IOSPECA_MOD:IOSPECA_FINISH@1
 5007     0.00      425.203        0.000        0.000              1        0.00        0.01    IOGRIDUA_MOD:IOGRIDUA_SELECT_WH@1
 5008     0.00      425.203        0.000        0.000              6        0.00        0.00    radiation_aerosol_optics_data:set_hydrophobic_type_CPU@1
 5009     0.00      425.203        0.000        0.000              1        0.00        0.00    FAREGI_MT@1
 5010     0.00      425.203        0.000        0.000              1        0.00        0.00    UPDTIER@1
 5011     0.00      425.203        0.000        0.000              1        0.00        0.00    SUSURB_MOD:SUSURB@1
 5012     0.00      425.203        0.000        0.000              1        0.00        0.00    SUJBALPHACV@1
 5013     0.00      425.203        0.000        0.000              1        0.00        0.00    SUAERH@1
 5014     0.00      425.203        0.000        0.000              3        0.00        0.00    "lficas_alts"@1:lfi_alts.c
 5015     0.00      425.203        0.000        0.000              2        0.00        0.00    FAVEUR_MT@1
 5016     0.00      425.203        0.000        0.000              3        0.00        0.00    "lfiomg_alts"@1:lfi_alts.c
 5017     0.00      425.203        0.000        0.000              1        0.00        0.00    IOSPECA_MOD:IOSPECA_COUNT@1
 5018     0.00      425.203        0.000        0.000              3        0.00        0.00    IOMULTIBUF_MOD:IOMULTIBUF_SIZE_IDX@1
 5019     0.00      425.203        0.000        0.000              1        0.00        0.00    SUSPVARIABLES@1
 5020     0.00      425.203        0.000        0.000              1        0.00        0.00    SUCOND@1
 5021     0.00      425.203        0.000        0.000              1        0.00        0.00    MF_PHYS_SAVE_PHSURF_PART1_PARALLEL:PART1:NULLIFY@1
 5022     0.00      425.203        0.000        0.000              1        0.00        0.47    EIGSOL@1
 5023     0.00      425.203        0.000        0.000              6        0.00        0.00    INTDYN_MOD:SUPTR_THWIND@1
 5024     0.00      425.203        0.000        0.000              2        0.00        0.00    FALSIF_MT@1
 5025     0.00      425.203        0.000        0.000              1        0.00        0.00    SUAERV@1
 5026     0.00      425.203        0.000        0.000              4        0.00        0.00    SUCFU:NEXTYPE1B@1
 5027     0.00      425.203        0.000        0.000              1        0.00        0.02    SUPHLI@1
 5028     0.00      425.203        0.000        0.000              1        0.00        0.00    FAGIOT_MT@1
 5029     0.00      425.203        0.000        0.000              2        0.00        0.00    YOE_SPECTRAL_PLANCK:FREE_SPECTRAL_PLANCK@1
 5030     0.00      425.203        0.000        0.000              1        0.00        0.01    SUGRIDUA_MAP_PART2@1
 5031     0.00      425.203        0.000        0.000              1        0.00        0.00    BALBAK@1
 5032     0.00      425.203        0.000        0.000              5        0.00        0.00    INTDYN_MOD:SUPTR_TXYBDER@1
 5033     0.00      425.203        0.000        0.000              1        0.00        0.00    SUCLD@1
 5034     0.00      425.203        0.000        0.000              1        0.00        0.01    SUSPECA_MAP_PART2@1
 5035     0.00      425.203        0.000        0.000              2        0.00        0.00    MFIOOPTS_MOD:MFIOOPTS_GETOPTS@1
 5036     0.00      425.203        0.000        0.000              1        0.00        0.00    SUGRIDA_FIX_TOZ@1
 5037     0.00      425.203        0.000        0.000              2        0.00        0.00    FAVORI_MT@1
 5038     0.00      425.203        0.000        0.000              1        0.00        0.00    MF_PHYS_SAVE_PHSURF_PART2_PARALLEL:PART2:NULLIFY@1
 5039     0.00      425.203        0.000        0.000              2        0.00        0.00    "lfinmg_altm"@1:lfi_altm.c
 5040     0.00      425.203        0.000        0.000              1        0.00        0.30    IOGRIDA_MOD:IOGRIDA_COUNT@1
 5041     0.00      425.203        0.000        0.000              3        0.00        0.00    GRIDPOINT_FIELDS_MIX:HUGIFY_ENDGRID@1
 5042     0.00      425.203        0.000        0.000              1        0.00        0.00    SUSTHF_MOD:SUSTHF@1
 5043     0.00      425.203        0.000        0.000              1        0.00        0.00    GSTATS_OUTPUT_IFS@1
 5044     0.00      425.203        0.000        0.000              1        0.00        0.29    IOGRIDA_MOD:IOGRIDA_SELECTDP@1
 5045     0.00      425.203        0.000        0.000              2        0.00        0.00    IOMULTIBUF_MOD:IOMULTIBUF_INIT_IDX@1
 5046     0.00      425.203        0.000        0.000              4        0.00        0.00    INTDYN_MOD:SUPTR_TRCP@1
 5047     0.00      425.203        0.000        0.000              1        0.00        0.00    SURAYFRIC@1
 5048     0.00      425.203        0.000        0.000              1        0.00        0.00    SRFROOTFR_MOD:SRFROOTFR@1
 5049     0.00      425.203        0.000        0.000              1        0.00        0.00    IO_SERV_EXIT@1
 5050     0.00      425.203        0.000        0.000              4        0.00        0.00    INTDYN_MOD:SUPTR_TCTY@1
 5051     0.00      425.203        0.000        0.000              2        0.00        0.00    DEALLOCATE_IF_ALLOCATED_MOD:DEALLOCATE_IF_ALLOCATED_INTEGER_1D@1
 5052     0.00      425.203        0.000        0.000              1        0.00        0.00    MTRAJ_MOD:MTRAJ_DELETE@1
 5053     0.00      425.203        0.000        0.000              2        0.00        0.00    GMV_SUBS_MOD:SETUP_T0@1
 5054     0.00      425.203        0.000        0.000              1        0.00        0.00    FAAUTO_MT@1
 5055     0.00      425.203        0.000        0.000              2        0.00        0.00    SU_CLOP550@1
 5056     0.00      425.203        0.000        0.000              2        0.00        0.00    INTDYNSL_MOD:SUPTR_TRSCAW@1
 5057     0.00      425.203        0.000        0.000              1        0.00        0.00    IOSPECA_MOD:IOSPECA_VSETOFF@1
 5058     0.00      425.203        0.000        0.000              2        0.00        0.00    INTDYNSL_MOD:SUPTR_TLSCAW@1
 5059     0.00      425.203        0.000        0.000              2        0.00        0.00    IOGRIDA_MOD:ROZO@1
 5060     0.00      425.203        0.000        0.001              1        0.00        0.64    SUFIELD_API@1
 5061     0.00      425.203        0.000        0.000              2        0.00        0.00    FX2T@1
 5062     0.00      425.203        0.000        0.000              1        0.00        0.00    INI_TURB@1
 5063     0.00      425.203        0.000        0.000              1        0.00        0.00    FP_SERV_EXIT@1
 5064     0.00      425.203        0.000        0.000              1        0.00        0.00    SUPTRGPPC@1
 5065     0.00      425.203        0.000        0.000              1        0.00        0.00    SUHDIR@1
 5066     0.00      425.203        0.000        0.000              1        0.00        0.00    MODIFY_WV_CONTINUUM@1
 5067     0.00      425.203        0.000        0.000              1        0.00        0.01    IOGRIDUA_MOD:IOGRIDUA_COUNT@1
 5068     0.00      425.203        0.000        0.000              1        0.00        0.00    MODEL_MOD:MODEL_UNSET@1
 5069     0.00      425.203        0.000        0.000              1        0.00        0.00    SUDEFO_TSTEP@1
 5070     0.00      425.203        0.000        0.000              1        0.00        0.00    SUGRIDA_FIXUP:SUGRIDA_FIX_LSM@1
 5071     0.00      425.203        0.000        0.000              1        0.00        0.00    MODULE_RADTC_MIX:SUPTRTC@1
 5072     0.00      425.203        0.000        0.000              1        0.00        0.00    TYPE_ECV:INITIALIZE_ECVDIM@1
 5073     0.00      425.203        0.000        0.000              2        0.00        0.00    "lfinmg_alts"@1:lfi_alts.c
 5074     0.00      425.203        0.000        0.000              1        0.00        0.00    INTDYNSL_MOD:SUPTR_TCCO@1
 5075     0.00      425.203        0.000        0.000              1        0.00        0.00    SUGRIDA_FIXUP:SUGRIDA_FIX_SURFANALYSISMASK@1
 5076     0.00      425.203        0.000        0.000              1        0.00        0.00    INI_SPP@1
 5077     0.00      425.203        0.000        0.000              1        0.00        0.00    SPECTRAL_FIELDS_MOD:SETUP_SPEC@1
 5078     0.00      425.203        0.000        0.000              1        0.00        0.00    SUSFLAKE_MOD:SUSFLAKE@1
 5079     0.00      425.203        0.000        0.000              1        0.00        0.00    SUAERL@1
 5080     0.00      425.203        0.000        0.000              1        0.00        0.00    SUTRAJP@1
 5081     0.00      425.203        0.000        0.000              1        0.00        0.00    SUOVLP@1
 5082     0.00      425.203        0.000        0.000              1        0.00        0.00    SUDEFO_VV1@1
 5083     0.00      425.203        0.000        0.000              1        0.00        0.00    SUIOSTREAM@1
 5084     0.00      425.203        0.000        0.000              1        0.00        0.00    SUVEXC_MOD:SUVEXC@1
 5085     0.00      425.203        0.000        0.000              1        0.00        0.00    SU1YOM@1
 5086     0.00      425.203        0.000        0.000              1        0.00        0.00    SUCST_IFSAUX@1
 5087     0.00      425.203        0.000        0.000              1        0.00        0.00    SURDI@1
 5088     0.00      425.203        0.000        0.000              1        0.00        0.00    INTDYN_MOD:SUPTR_TTND@1
 5089     0.00      425.203        0.000        0.000              1        0.00        0.00    INI_CONVPAR0@1
 5090     0.00      425.203        0.000        0.000              1        0.00        0.00    LFICOM:NEW_LFI@1
 5091     0.00      425.203        0.000        0.000              1        0.00        0.00    SUSCST_MOD:SUSCST@1
 5092     0.00      425.203        0.000        0.000              1        0.00        0.00    YOMCST:TCST_INIT@1
 5093     0.00      425.203        0.000        0.000              1        0.00        0.00    GMV_SUBS_MOD:SETUP_T1@1
 5094     0.00      425.203        0.000        0.000              1        0.00        0.00    INTDYN_MOD:SUPTR_TGMVT@1
 5095     0.00      425.203        0.000        0.000              1        0.00        0.00    SRTM_KGB26@1
 5096     0.00      425.203        0.000        0.000              1        0.00        0.00    IOSPECA_MOD:IOSPECA_START@1
 5097     0.00      425.203        0.000        0.000              1        0.00        0.00    SU2YOM@1
 5098     0.00      425.203        0.000        0.000              1        0.00        0.00    SU3YOM@1
 5099     0.00      425.203        0.000        0.000              1        0.00        0.00    GMV_SUBS_MOD:SETUP_PH9@1
 5100     0.00      425.203        0.000        0.000              1        0.00        0.00    INTDYNSL_MOD:SUPTR_TSCO@1
 5101     0.00      425.203        0.000        0.000              1        0.00        0.00    GMV_SUBS_MOD:SETUP_GP@1
 5102     0.00      425.203        0.000        0.000              1        0.00        0.00    SRTM_CMBGB26_CPU@1
 5103     0.00      425.203        0.000        0.000              1        0.00        0.00    INTDYN_MOD:SUPTR_TGFLT@1
 5104     0.00      425.203        0.000        0.000              1        0.00        0.00    INI_CONVPAR1@1
