Profiling information for program='/home/gmap/mrpm/marguina/gpupack/pack/49t2_openacc-bench-notransfer.01.INTEL2302.2s/bin/MASTERODB', proc#1:
	No. of instrumented routines called : 1725
	Instrumentation started : 20240717 084236
	Instrumentation   ended : 20240717 084313
	Instrumentation overhead: 0.89%
	Memory usage : 3475 MB (heap), 1680 MB (rss), 35 MB (stack), 139192 MB (vmpeak), 0 (paging)
	Wall-time is 37.06 sec on proc#1 (4 procs, 32 threads)
	Thread#1:       36.89 sec (99.55%) -- Cycles: 83747661256 (84467193412)
	Thread#2:        1.19 sec (3.21%) -- Cycles: 2714488173 (84467193480)
	Thread#3:        1.22 sec (3.29%) -- Cycles: 2784622010 (84467193232)
	Thread#4:        1.22 sec (3.30%) -- Cycles: 2794331346 (84467193030)
	Thread#5:        1.25 sec (3.37%) -- Cycles: 2848484870 (84467189723)
	Thread#6:        1.23 sec (3.33%) -- Cycles: 2808244528 (84467189812)
	Thread#7:        1.24 sec (3.34%) -- Cycles: 2827532515 (84467189520)
	Thread#8:        1.25 sec (3.36%) -- Cycles: 2841305516 (84467189790)
	Thread#9:        1.24 sec (3.34%) -- Cycles: 2821311074 (84467191568)
	Thread#10:        1.24 sec (3.34%) -- Cycles: 2820788647 (84467191613)
	Thread#11:        1.24 sec (3.35%) -- Cycles: 2832419261 (84467191343)
	Thread#12:        1.08 sec (2.92%) -- Cycles: 2468932671 (84467191635)
	Thread#13:        1.09 sec (2.94%) -- Cycles: 2486269468 (84467191320)
	Thread#14:        1.08 sec (2.92%) -- Cycles: 2468902013 (84467195010)
	Thread#15:        1.08 sec (2.91%) -- Cycles: 2453894459 (84467190915)
	Thread#16:        1.08 sec (2.93%) -- Cycles: 2469834835 (84467193840)
	Thread#17:        1.05 sec (2.83%) -- Cycles: 2388915698 (84467188665)
	Thread#18:        1.05 sec (2.83%) -- Cycles: 2392368078 (84467188620)
	Thread#19:        1.05 sec (2.85%) -- Cycles: 2406282895 (84467189093)
	Thread#20:        1.06 sec (2.86%) -- Cycles: 2414576144 (84467188687)
	Thread#21:        1.06 sec (2.85%) -- Cycles: 2409361748 (84467190780)
	Thread#22:        1.05 sec (2.84%) -- Cycles: 2400517072 (84467190802)
	Thread#23:        1.06 sec (2.85%) -- Cycles: 2408165154 (84467190510)
	Thread#24:        1.06 sec (2.86%) -- Cycles: 2416559886 (84467190892)
	Thread#25:        1.07 sec (2.88%) -- Cycles: 2437428014 (84467177865)
	Thread#26:        1.07 sec (2.88%) -- Cycles: 2428724535 (84467178068)
	Thread#27:        1.06 sec (2.87%) -- Cycles: 2419889670 (84467178630)
	Thread#28:        1.07 sec (2.89%) -- Cycles: 2440914546 (84467177910)
	Thread#29:        1.04 sec (2.82%) -- Cycles: 2379095804 (84467188643)
	Thread#30:        1.04 sec (2.80%) -- Cycles: 2369509969 (84467189137)
	Thread#31:        1.04 sec (2.80%) -- Cycles: 2369333491 (84467188553)
	Thread#32:        0.92 sec (2.48%) -- Cycles: 2097287042 (84467189385)

    #  % Time         Cumul         Self        Total     # of calls        Self       Total    Routine@<thread-id>
                                                                             (Size; Size/sec; Size/call; MinSize; MaxSize)
        (self)        (sec)        (sec)        (sec)                    ms/call     ms/call

    1    10.87        4.029        4.029        4.047          60424        0.07        0.07    RANDOM_NUMBERS_MIX:INITIALIZE_RANDOM_NUMBERS@1
    2     7.85        6.938        2.909        6.438            973        2.99        6.62    radiation_mcica_sw:solver_mcica_sw_CPU@1
    3     6.06        9.184        2.246        6.371          61866        0.04        0.10    radiation_cloud_generator:cloud_generator_CPU@1
    4     5.32       11.157        1.973        1.993          56573        0.03        0.04    LAITRI_VECTOR@1
    5     4.75       12.917        1.761        1.763           5143        0.34        0.34    CONVECT_TRIGGER_SHAL@1
    6     4.60       14.621        1.704        5.689            973        1.75        5.85    radiation_mcica_lw:solver_mcica_lw_CPU@1
    7     3.97       16.094        1.473        1.473             37       39.81       39.81    ACVPPKF_PARALLEL:PART3:COMPUTE@1
    8     3.68       17.458        1.364        1.367            973        1.40        1.41    radiation_aerosol_optics:add_aerosol_optics_CPU@1
    9     2.54       18.400        0.942        5.727            973        0.97        5.89    radiation_ifs_rrtm:gas_optics_rrtm_CPU@1
   10     2.47       19.316        0.916        0.916             37       24.75       24.76    ACVPPKF_PARALLEL:PART0:COMPUTE@1
   11     2.04       20.072        0.755        0.756           1559        0.48        0.48   *VERINT@1
   12     1.85       20.756        0.685        0.750             37       18.50       20.28    LATTEX_PARALLEL:MAIN:COMPUTE@1
   13     1.84       21.439        0.683        0.683             37       18.46       18.46    APL_ARPEGE_INIT_PARALLEL:3:COMPUTE@1
   14     1.49       21.990        0.551        0.552           3152        0.17        0.18    DELETE_TEMPORARIES@1
   15     1.43       22.521        0.531       36.673              1      530.63    36673.18    CNT4@1
   16     1.37       23.027        0.506        0.543           1097        0.46        0.49    CONVECT_CLOSURE_SHAL@1
   17     1.33       23.519        0.492        0.492             74        6.65        6.65    SLCOMM3:SLCOMM3_INT@1
   18     1.27       23.990        0.470        0.471             37       12.71       12.72    APL_ARPEGE_INIT_PARALLEL:4:COMPUTE@1
   19     1.20       24.433        0.443        0.444            973        0.46        0.46    RRTM_TAUMOL5_CPU@1
   20     1.20       24.876        0.443        0.464          61145        0.01        0.01    radiation_adding_ica_sw:adding_ica_sw_CPU@1
   21     1.16       25.307        0.431        0.431            973        0.44        0.44    RRTM_TAUMOL3_CPU@1
   22     1.02       25.686        0.380        0.872             74        5.13       11.78    SLCOMM3@1
   23     0.99       26.054        0.368        0.375          22237        0.02        0.02   *LAITLI@1
   24     0.78       26.342        0.288        1.660            973        0.30        1.71    SRTM_GAS_OPTICAL_DEPTH_CPU@1
   25     0.67       26.342        0.249        0.250           1480        0.17        0.17    VERINT@5
   26     0.67       26.342        0.248        0.249           1480        0.17        0.17    VERINT@7
   27     0.67       26.342        0.248        0.249           1480        0.17        0.17    VERINT@8
   28     0.67       26.590        0.248        0.257          30933        0.01        0.01    radiation_lw_derivatives:calc_lw_derivatives_ica_CPU@1
   29     0.67       26.590        0.248        0.248           1480        0.17        0.17    VERINT@6
   30     0.66       26.590        0.246        0.247           1480        0.17        0.17    VERINT@9
   31     0.66       26.590        0.246        0.247           1480        0.17        0.17    VERINT@10
   32     0.66       26.590        0.245        0.246           1480        0.17        0.17    VERINT@11
   33     0.66       26.590        0.244        0.244           1480        0.16        0.17    VERINT@2
   34     0.66       26.590        0.243        0.244           1480        0.16        0.17    VERINT@3
   35     0.66       26.590        0.243        0.244           1480        0.16        0.16    VERINT@4
   36     0.63       26.825        0.235        0.235             37        6.35        6.35    APL_ARPEGE_INIT_PARALLEL:5:COMPUTE@1
   37     0.61       27.051        0.226        0.226            973        0.23        0.23    radiation_ifs_rrtm:planck_function_atmos_CPU@1
   38     0.60       27.272        0.221        0.240          61145        0.00        0.00    radiation_adding_ica_lw:calc_fluxes_no_scattering_lw_CPU@1
   39     0.59       27.490        0.219        0.219              7       31.24       31.24    RECMWF_PARALLEL:PREPARE:COMPUTE@1
   40     0.58       27.705        0.214        2.680            973        0.22        2.75    RRTM_GAS_OPTICAL_DEPTH_CPU@1
   41     0.57       27.915        0.210        0.210            973        0.22        0.22    SRTM_TAUMOL21_CPU@1
   42     0.57       27.915        0.210        0.210           1184        0.18        0.18    VERINT@14
   43     0.57       27.915        0.209        0.210           1184        0.18        0.18    VERINT@25
   44     0.56       27.915        0.209        0.210           1184        0.18        0.18    VERINT@13
   45     0.56       27.915        0.209        0.210           1184        0.18        0.18    VERINT@28
   46     0.56       27.915        0.209        0.210           1184        0.18        0.18    VERINT@15
   47     0.56       27.915        0.209        0.210           1184        0.18        0.18    VERINT@19
   48     0.56       27.915        0.209        0.210           1184        0.18        0.18    VERINT@26
   49     0.56       27.915        0.209        0.210           1184        0.18        0.18    VERINT@16
   50     0.56       27.915        0.209        0.210           1184        0.18        0.18    VERINT@17
   51     0.56       27.915        0.209        0.210           1184        0.18        0.18    VERINT@27
   52     0.56       27.915        0.209        0.210           1184        0.18        0.18    VERINT@22
   53     0.56       27.915        0.209        0.210           1184        0.18        0.18    VERINT@18
   54     0.56       27.915        0.209        0.209           1184        0.18        0.18    VERINT@20
   55     0.56       27.915        0.209        0.210           1184        0.18        0.18    VERINT@12
   56     0.56       27.915        0.209        0.209           1184        0.18        0.18    VERINT@24
   57     0.56       27.915        0.209        0.209           1184        0.18        0.18    VERINT@21
   58     0.56       27.915        0.208        0.209           1184        0.18        0.18    VERINT@23
   59     0.56       27.915        0.207        0.207           1184        0.17        0.17    VERINT@29
   60     0.56       27.915        0.207        0.207           1184        0.17        0.18    VERINT@30
   61     0.56       27.915        0.206        0.207           1184        0.17        0.17    VERINT@31
   62     0.49       28.096        0.181        0.181              1      181.12      181.13    FAIXLA_MT@1
   63     0.48       28.273        0.177        0.184          21892        0.01        0.01    radiation_lw_derivatives:modify_lw_derivatives_ica_CPU@1
   64     0.48       28.450        0.177        0.177            973        0.18        0.18    RRTM_TAUMOL9_CPU@1
   65     0.48       28.627        0.177        0.177             41        4.31        4.31    TRLTOG@1
   66     0.47       28.627        0.173        0.173           1184        0.15        0.15    VERINT@32
   67     0.47       28.799        0.172        0.173            973        0.18        0.18    radiation_cloud_optics:cloud_optics_CPU@1
   68     0.45       28.967        0.168        0.204         129446        0.00        0.00    CONVECT_CONDENS@1
   69     0.44       29.132        0.165        0.165            973        0.17        0.17    RRTM_TAUMOL7_CPU@1
   70     0.44       29.294        0.162        0.162            973        0.17        0.17    SRTM_TAUMOL24_CPU@1
   71     0.43       29.453        0.159        1.923           5143        0.03        0.37    SHALLOW_CONVECTION_PART1@1
   72     0.42       29.609        0.157        0.157            973        0.16        0.16    RRTM_TAUMOL12_CPU@1
   73     0.41       29.763        0.153        0.154            973        0.16        0.16    RRTM_TAUMOL8_CPU@1
   74     0.41       29.915        0.152        0.152            973        0.16        0.16    RRTM_TAUMOL4_CPU@1
   75     0.41       30.065        0.151       30.762             37        4.07      831.41    CPG_DRV@1
   76     0.40       30.213        0.147        0.148            973        0.15        0.15    SRTM_TAUMOL18_CPU@1
   77     0.38       30.354        0.141        0.142            973        0.15        0.15    RRTM_TAUMOL1_CPU@1
   78     0.38       30.495        0.141        0.141            973        0.14        0.14    SRTM_TAUMOL19_CPU@1
   79     0.38       30.634        0.140        0.140            973        0.14        0.14    SRTM_TAUMOL17_CPU@1
   80     0.38       30.773        0.139        0.139             37        3.76        3.76    MF_PHYS_INIT_PARALLEL:ZERO:COMPUTE@1
   81     0.36       30.907        0.134        0.134            973        0.14        0.14    RRTM_TAUMOL2_CPU@1
   82     0.35       31.039        0.131        0.133           5143        0.03        0.03    ARP_GROUND_PARAM@1
   83     0.35       31.168        0.129        0.129             37        3.49        3.49    APL_ARPEGE_INIT_PARALLEL:2:COMPUTE@1
   84     0.35       31.296        0.128        0.129            973        0.13        0.13    RRTM_SETCOEF_140GP_CPU@1
   85     0.34       31.422        0.126        0.382           1097        0.11        0.35    CONVECT_UPDRAFT_SHAL@1
   86     0.34       31.547        0.125        0.217             37        3.38        5.87    LARMES_PARALLEL:LARMES:COMPUTE@1
   87     0.32       31.665        0.118        0.118            185        0.64        0.64   *CPG_SL1B_TYPE_SHUFFLE_PB1@1
   88     0.32       31.783        0.118        0.118            973        0.12        0.12    SRTM_TAUMOL20_CPU@1
   89     0.32       31.783        0.117        0.118            185        0.63        0.64    CPG_SL1B_TYPE_SHUFFLE_PB1@4
   90     0.32       31.783        0.117        0.117            185        0.63        0.63    CPG_SL1B_TYPE_SHUFFLE_PB1@3
   91     0.31       31.783        0.117        0.117            185        0.63        0.63    CPG_SL1B_TYPE_SHUFFLE_PB1@5
   92     0.31       31.783        0.117        0.117            185        0.63        0.63    CPG_SL1B_TYPE_SHUFFLE_PB1@8
   93     0.31       31.783        0.116        0.117            185        0.63        0.63    CPG_SL1B_TYPE_SHUFFLE_PB1@6
   94     0.31       31.783        0.116        0.117            185        0.63        0.63    CPG_SL1B_TYPE_SHUFFLE_PB1@2
   95     0.31       31.783        0.116        0.116            185        0.63        0.63    CPG_SL1B_TYPE_SHUFFLE_PB1@7
   96     0.31       31.783        0.115        0.115            185        0.62        0.62    CPG_SL1B_TYPE_SHUFFLE_PB1@9
   97     0.31       31.783        0.115        0.115            185        0.62        0.62    CPG_SL1B_TYPE_SHUFFLE_PB1@11
   98     0.31       31.783        0.115        0.115            185        0.62        0.62    CPG_SL1B_TYPE_SHUFFLE_PB1@10
   99     0.31       31.897        0.114        0.114            973        0.12        0.12    RRTM_TAUMOL11_CPU@1
  100     0.30       32.009        0.112        0.114           5143        0.02        0.02    LAIDDI@1
  101     0.30       32.119        0.110        0.174           5143        0.02        0.03    ACDIFV1@1
  102     0.29       32.119        0.109        0.109            148        0.74        0.74    CPG_SL1B_TYPE_SHUFFLE_PB1@12
  103     0.29       32.119        0.108        0.108            148        0.73        0.73    CPG_SL1B_TYPE_SHUFFLE_PB1@13
  104     0.29       32.119        0.108        0.108            148        0.73        0.73    CPG_SL1B_TYPE_SHUFFLE_PB1@24
  105     0.29       32.119        0.108        0.108            148        0.73        0.73    CPG_SL1B_TYPE_SHUFFLE_PB1@20
  106     0.29       32.119        0.107        0.108            148        0.73        0.73    CPG_SL1B_TYPE_SHUFFLE_PB1@21
  107     0.29       32.119        0.107        0.108            148        0.73        0.73    CPG_SL1B_TYPE_SHUFFLE_PB1@22
  108     0.29       32.119        0.107        0.108            148        0.72        0.73    CPG_SL1B_TYPE_SHUFFLE_PB1@19
  109     0.29       32.119        0.107        0.108            148        0.72        0.73    CPG_SL1B_TYPE_SHUFFLE_PB1@17
  110     0.29       32.119        0.107        0.107            148        0.72        0.73    CPG_SL1B_TYPE_SHUFFLE_PB1@28
  111     0.29       32.119        0.107        0.107            148        0.72        0.73    CPG_SL1B_TYPE_SHUFFLE_PB1@25
  112     0.29       32.119        0.107        0.107            148        0.72        0.72    CPG_SL1B_TYPE_SHUFFLE_PB1@15
  113     0.29       32.119        0.107        0.107            148        0.72        0.72    CPG_SL1B_TYPE_SHUFFLE_PB1@16
  114     0.29       32.119        0.107        0.107            148        0.72        0.72    CPG_SL1B_TYPE_SHUFFLE_PB1@23
  115     0.29       32.119        0.107        0.107            148        0.72        0.72    CPG_SL1B_TYPE_SHUFFLE_PB1@18
  116     0.29       32.119        0.107        0.107            148        0.72        0.72    CPG_SL1B_TYPE_SHUFFLE_PB1@14
  117     0.29       32.119        0.106        0.106            148        0.72        0.72    CPG_SL1B_TYPE_SHUFFLE_PB1@27
  118     0.28       32.119        0.106        0.106            148        0.71        0.72    CPG_SL1B_TYPE_SHUFFLE_PB1@29
  119     0.28       32.119        0.105        0.106            148        0.71        0.71    CPG_SL1B_TYPE_SHUFFLE_PB1@31
  120     0.28       32.119        0.105        0.106            148        0.71        0.71    CPG_SL1B_TYPE_SHUFFLE_PB1@30
  121     0.28       32.119        0.105        0.105            148        0.71        0.71    CPG_SL1B_TYPE_SHUFFLE_PB1@26
  122     0.28       32.222        0.103        0.103            973        0.11        0.11    RRTM_TAUMOL13_CPU@1
  123     0.27       32.222        0.100        0.100            148        0.67        0.68    CPG_SL1B_TYPE_SHUFFLE_PB1@32
  124     0.26       32.319        0.097        0.097            973        0.10        0.10    ACRALU@1
  125     0.25       32.412        0.093        0.093            973        0.10        0.10    SRTM_TAUMOL23_CPU@1
  126     0.24       32.503        0.091        0.091            973        0.09        0.09    RRTM_TAUMOL6_CPU@1
  127     0.23       32.588        0.085        0.085              6       14.19       14.20    GRIB_API:IGRIB_NEW_FROM_SAMPLES@1
  128     0.22       32.669        0.081        0.081            973        0.08        0.08    SRTM_TAUMOL28_CPU@1
  129     0.20       32.744        0.075        0.075            973        0.08        0.08    SRTM_TAUMOL29_CPU@1
  130     0.20       32.817        0.073        0.101            740        0.10        0.14   *LASCAW@11
  131     0.19       32.817        0.071        0.099            740        0.10        0.13    LASCAW@10
  132     0.19       32.817        0.070        0.097            740        0.09        0.13    LASCAW@5
  133     0.19       32.887        0.070        0.070             57        1.23        1.23    TRGTOL@1
  134     0.19       32.955        0.069        0.069            973        0.07        0.07    RRTM_TAUMOL10_CPU@1
  135     0.19       32.955        0.069        0.097            740        0.09        0.13    LASCAW@9
  136     0.18       32.955        0.068        0.098            740        0.09        0.13    LASCAW@8
  137     0.18       32.955        0.067        0.091            592        0.11        0.15    LASCAW@13
  138     0.18       33.022        0.067        0.067            973        0.07        0.07    SRTM_TAUMOL16_CPU@1
  139     0.18       33.089        0.067        0.067             37        1.80        1.81    TRLTOM@1
  140     0.18       33.089        0.067        0.094            740        0.09        0.13    LASCAW@4
  141     0.18       33.156        0.066       19.616            973        0.07       20.16    RADIATION_SCHEME_CPU@1
  142     0.17       33.156        0.064        0.094            740        0.09        0.13    LASCAW@7
  143     0.17       33.156        0.063        0.092            740        0.09        0.12    LASCAW@3
  144     0.17       33.156        0.063        0.092            740        0.09        0.12    LASCAW@6
  145     0.17       33.218        0.062       32.628             37        1.68      881.84    STEPO@1
  146     0.17       33.218        0.062        0.090            740        0.08        0.12    LASCAW@2
  147     0.17       33.218        0.062        0.089            740        0.08        0.12    LASCAW@1
  148     0.16       33.279        0.061        0.066          15429        0.00        0.00    LATTEX_DNT@1
  149     0.16       33.279        0.060        0.084            592        0.10        0.14    LASCAW@12
  150     0.16       33.279        0.059        0.078            592        0.10        0.13    LASCAW@23
  151     0.16       33.279        0.059        0.078            592        0.10        0.13    LASCAW@19
  152     0.16       33.279        0.059        0.076            592        0.10        0.13    LASCAW@22
  153     0.16       33.279        0.059        0.078            592        0.10        0.13    LASCAW@20
  154     0.16       33.279        0.058        0.080            592        0.10        0.13    LASCAW@27
  155     0.16       33.337        0.058        0.058             41        1.42        1.42    TRMTOL@1
  156     0.16       33.337        0.058        0.075            592        0.10        0.13    LASCAW@18
  157     0.16       33.337        0.058        0.076            592        0.10        0.13    LASCAW@21
  158     0.16       33.337        0.058        0.085            592        0.10        0.14    LASCAW@16
  159     0.15       33.394        0.057        0.058            973        0.06        0.06    SRTM_SETCOEF_CPU@1
  160     0.15       33.394        0.057        0.085            592        0.10        0.14    LASCAW@14
  161     0.15       33.394        0.057        0.078            592        0.10        0.13    LASCAW@26
  162     0.15       33.394        0.057        0.084            592        0.10        0.14    LASCAW@15
  163     0.15       33.451        0.057        0.057             37        1.53        1.53    LOGDIS@1
  164     0.15       33.451        0.056        0.077            592        0.09        0.13    LASCAW@25
  165     0.15       33.451        0.055        0.076            592        0.09        0.13    LASCAW@29
  166     0.15       33.505        0.055        0.063          25715        0.00        0.00    TRIDIFV1@1
  167     0.15       33.560        0.055        0.055            973        0.06        0.06    RRTM_TAUMOL16_CPU@1
  168     0.15       33.560        0.055        0.073            592        0.09        0.12    LASCAW@24
  169     0.15       33.560        0.054        0.076            592        0.09        0.13    LASCAW@28
  170     0.14       33.560        0.053        0.074            592        0.09        0.13    LASCAW@30
  171     0.14       33.613        0.053        0.053            973        0.05        0.05    SRTM_TAUMOL27_CPU@1
  172     0.14       33.666        0.053        0.054           5143        0.01        0.01    ACDAYD@1
  173     0.14       33.666        0.052        0.074            592        0.09        0.13    LASCAW@31
  174     0.14       33.666        0.052        0.069            592        0.09        0.12    LASCAW@17
  175     0.14       33.717        0.051        0.051            973        0.05        0.05    RRTM_TAUMOL15_CPU@1
  176     0.13       33.767        0.050        0.050            185        0.27        0.27   *CPTEND_NEW@10
  177     0.13       33.767        0.050        0.050            185        0.27        0.27    CPTEND_NEW@11
  178     0.13       33.816        0.050        0.121             37        1.34        3.28    APL_ARPEGE_SHALLOW_CONVECTION_AND_TURBULENCE_PARALLEL:ACTKE:COMPUTE@1
  179     0.13       33.816        0.049        0.050            185        0.27        0.27    CPTEND_NEW@9
  180     0.13       33.866        0.049        0.050            925        0.05        0.05   *LARCHE@6
  181     0.13       33.866        0.049        0.049            185        0.27        0.27    CPTEND_NEW@5
  182     0.13       33.866        0.049        0.049            185        0.27        0.27    CPTEND_NEW@8
  183     0.13       33.915        0.049        0.051           5143        0.01        0.01    ACDIFV2@1
  184     0.13       33.915        0.049        0.049            185        0.26        0.27    CPTEND_NEW@7
  185     0.13       33.915        0.049        0.050            925        0.05        0.05    LARCHE@7
  186     0.13       33.915        0.049        0.049            185        0.26        0.26    CPTEND_NEW@6
  187     0.13       33.915        0.048        0.049            925        0.05        0.05    LARCHE@9
  188     0.13       33.963        0.048        0.048            185        0.26        0.26   *ADVPRCS@6
  189     0.13       33.963        0.048        0.048            185        0.26        0.26    ADVPRCS@11
  190     0.13       33.963        0.048        0.049            925        0.05        0.05    LARCHE@8
  191     0.13       33.963        0.048        0.048            925        0.05        0.05    LARCHE@10
  192     0.13       34.011        0.048        0.048             37        1.29        1.29    ACVPPKF_PARALLEL:PART2:GET_DATA@1
  193     0.13       34.011        0.048        0.048            925        0.05        0.05    LARCHE@11
  194     0.13       34.059        0.048        0.048            185        0.26        0.26   *ACTURB@6
  195     0.13       34.059        0.048        0.048            925        0.05        0.05    LARCHE@5
  196     0.13       34.059        0.048        0.048            185        0.26        0.26    CPTEND_NEW@4
  197     0.13       34.059        0.048        0.048            185        0.26        0.26    ACTURB@5
  198     0.13       34.059        0.048        0.048            185        0.26        0.26    ACTURB@7
  199     0.13       34.059        0.047        0.048            185        0.26        0.26    ACTURB@3
  200     0.13       34.059        0.047        0.048            925        0.05        0.05    LARCHE@2
  201     0.13       34.059        0.047        0.047            185        0.26        0.26    ACTURB@8
  202     0.13       34.059        0.047        0.047            185        0.26        0.26    ACTURB@11
  203     0.13       34.059        0.047        0.047            185        0.26        0.26    ACTURB@2
  204     0.13       34.059        0.047        0.047            185        0.25        0.26    CPTEND_NEW@1
  205     0.13       34.059        0.047        0.047            185        0.25        0.26    ACTURB@9
  206     0.13       34.059        0.047        0.047            185        0.25        0.26    ADVPRCS@10
  207     0.13       34.059        0.047        0.047            185        0.25        0.25    ACTURB@10
  208     0.13       34.059        0.047        0.047            925        0.05        0.05    LARCHE@3
  209     0.13       34.059        0.047        0.047            185        0.25        0.25    ADVPRCS@8
  210     0.13       34.059        0.047        0.047            185        0.25        0.25    ADVPRCS@7
  211     0.13       34.059        0.047        0.047            185        0.25        0.25    ACTURB@4
  212     0.13       34.059        0.047        0.047            185        0.25        0.25    ACTURB@1
  213     0.13       34.059        0.047        0.047            185        0.25        0.25    ADVPRCS@9
  214     0.13       34.059        0.047        0.047            185        0.25        0.25    ADVPRCS@5
  215     0.13       34.059        0.046        0.047            185        0.25        0.25    ADVPRCS@2
  216     0.12       34.059        0.046        0.046            185        0.25        0.25    ADVPRCS@4
  217     0.12       34.059        0.046        0.046            185        0.25        0.25    ADVPRCS@3
  218     0.12       34.059        0.046        0.047            925        0.05        0.05    LARCHE@4
  219     0.12       34.059        0.046        0.046            185        0.25        0.25    CPTEND_NEW@2
  220     0.12       34.105        0.046        2.055          56573        0.00        0.04    LAITRI@1
  221     0.12       34.150        0.045        0.046            370        0.12        0.12   *ACNEBSM@3
  222     0.12       34.150        0.045        0.046            370        0.12        0.12    ACNEBSM@4
  223     0.12       34.150        0.045        0.045            185        0.24        0.25    CPTEND_NEW@3
  224     0.12       34.150        0.045        0.045            185        0.24        0.24    ADVPRCS@1
  225     0.12       34.150        0.045        0.045            370        0.12        0.12    ACNEBSM@6
  226     0.12       34.150        0.045        0.045            370        0.12        0.12    ACNEBSM@2
  227     0.12       34.150        0.044        0.045            148        0.30        0.30    CPTEND_NEW@12
  228     0.12       34.150        0.044        0.064            592        0.07        0.11    LASCAW@32
  229     0.12       34.150        0.044        0.045            370        0.12        0.12    ACNEBSM@5
  230     0.12       34.150        0.044        0.044            370        0.12        0.12    ACNEBSM@1
  231     0.12       34.150        0.044        0.044            370        0.12        0.12    ACNEBSM@7
  232     0.12       34.150        0.044        0.044            370        0.12        0.12    ACNEBSM@8
  233     0.12       34.193        0.043        0.043            106        0.41        0.41    POSNAME@1
  234     0.12       34.193        0.043        0.043            370        0.12        0.12    ACNEBSM@9
  235     0.12       34.193        0.043        0.043            370        0.12        0.12    ACNEBSM@11
  236     0.12       34.193        0.043        0.043            370        0.12        0.12    ACNEBSM@10
  237     0.12       34.236        0.043        0.044           3152        0.01        0.01    CREATE_TEMPORARIES@1
  238     0.11       34.278        0.043        0.043            148        0.29        0.29   *CUBASEN@28
  239     0.11       34.278        0.042        0.043            148        0.29        0.29    CPTEND_NEW@16
  240     0.11       34.321        0.042        0.059          61866        0.00        0.00    radiation_cloud_cover:cum_cloud_cover_exp_ran_CPU@1
  241     0.11       34.321        0.042        0.042            148        0.29        0.29    CPTEND_NEW@13
  242     0.11       34.321        0.042        0.042            185        0.23        0.23    CUBASEN@11
  243     0.11       34.321        0.042        0.042            148        0.28        0.28    CPTEND_NEW@14
  244     0.11       34.321        0.042        0.042            740        0.06        0.06    LARCHE@15
  245     0.11       34.321        0.041        0.042            740        0.06        0.06    LARCHE@16
  246     0.11       34.321        0.041        0.042            740        0.06        0.06    LARCHE@14
  247     0.11       34.321        0.041        0.041            148        0.28        0.28    CPTEND_NEW@15
  248     0.11       34.321        0.041        0.042            740        0.06        0.06    LARCHE@17
  249     0.11       34.321        0.041        0.041            740        0.06        0.06    LARCHE@28
  250     0.11       34.321        0.041        0.041            740        0.06        0.06    LARCHE@12
  251     0.11       34.321        0.041        0.041            740        0.06        0.06    LARCHE@24
  252     0.11       34.321        0.041        0.041            740        0.06        0.06    LARCHE@13
  253     0.11       34.321        0.041        0.041            740        0.06        0.06    LARCHE@18
  254     0.11       34.321        0.041        0.041            740        0.06        0.06    LARCHE@25
  255     0.11       34.321        0.041        0.041            740        0.05        0.06    LARCHE@23
  256     0.11       34.361        0.041        0.041            973        0.04        0.04    SRTM_TAUMOL22_CPU@1
  257     0.11       34.361        0.041        0.041            740        0.05        0.06    LARCHE@31
  258     0.11       34.361        0.041        0.041            740        0.05        0.06    LARCHE@26
  259     0.11       34.361        0.041        0.041            740        0.05        0.06    LARCHE@27
  260     0.11       34.361        0.041        0.041            740        0.05        0.06    LARCHE@30
  261     0.11       34.361        0.041        0.041            740        0.05        0.06    LARCHE@19
  262     0.11       34.361        0.041        0.041            740        0.05        0.06    LARCHE@22
  263     0.11       34.361        0.041        0.041            740        0.05        0.06    LARCHE@21
  264     0.11       34.361        0.040        0.041            740        0.05        0.06    LARCHE@20
  265     0.11       34.402        0.040        0.041            973        0.04        0.04    radiation_flux:calc_surface_spectral_CPU@1
  266     0.11       34.402        0.040        0.041            740        0.05        0.05    LARCHE@29
  267     0.11       34.442        0.040        0.197             37        1.08        5.34    CPG_GP_HYD_PARALLEL:2:COMPUTE@1
  268     0.11       34.442        0.040        0.040            185        0.21        0.22    CUBASEN@10
  269     0.11       34.481        0.039        0.168             37        1.05        4.54    APL_ARPEGE_DEEP_CONVECTION_PARALLEL:CUCALLN_MF:COMPUTE@1
  270     0.10       34.481        0.039        0.039            925        0.04        0.04    LARCHE@1
  271     0.10       34.481        0.039        0.039            148        0.26        0.26    ADVPRCS@16
  272     0.10       34.481        0.039        0.039            148        0.26        0.26    ADVPRCS@15
  273     0.10       34.481        0.039        0.039            148        0.26        0.26    ADVPRCS@14
  274     0.10       34.481        0.038        0.038            148        0.26        0.26    ADVPRCS@29
  275     0.10       34.481        0.038        0.038            148        0.26        0.26    ADVPRCS@22
  276     0.10       34.481        0.038        0.038            148        0.26        0.26    ADVPRCS@12
  277     0.10       34.481        0.038        0.038            148        0.26        0.26    ADVPRCS@21
  278     0.10       34.481        0.038        0.038            148        0.26        0.26    ADVPRCS@26
  279     0.10       34.481        0.038        0.038            148        0.26        0.26    ADVPRCS@20
  280     0.10       34.481        0.038        0.038            148        0.26        0.26    ADVPRCS@13
  281     0.10       34.481        0.038        0.038            148        0.26        0.26    ADVPRCS@23
  282     0.10       34.481        0.038        0.038            148        0.26        0.26    ADVPRCS@31
  283     0.10       34.481        0.038        0.038            148        0.26        0.26    ADVPRCS@19
  284     0.10       34.481        0.038        0.038            148        0.26        0.26    ADVPRCS@18
  285     0.10       34.481        0.038        0.038            148        0.26        0.26    ADVPRCS@24
  286     0.10       34.481        0.038        0.038            148        0.26        0.26    ADVPRCS@30
  287     0.10       34.481        0.038        0.038            148        0.26        0.26    ACTURB@15
  288     0.10       34.481        0.038        0.038            148        0.26        0.26    ACTURB@12
  289     0.10       34.481        0.038        0.038            148        0.26        0.26    ACTURB@13
  290     0.10       34.481        0.038        0.038            148        0.26        0.26    ADVPRCS@17
  291     0.10       34.481        0.038        0.038            148        0.26        0.26    ADVPRCS@27
  292     0.10       34.481        0.038        0.038            148        0.26        0.26    ADVPRCS@28
  293     0.10       34.481        0.038        0.038            148        0.26        0.26    ADVPRCS@25
  294     0.10       34.481        0.038        0.038            148        0.26        0.26    ACTURB@14
  295     0.10       34.481        0.038        0.038            148        0.26        0.26    ACTURB@16
  296     0.10       34.481        0.038        0.038            148        0.26        0.26    ACTURB@17
  297     0.10       34.481        0.038        0.038            148        0.25        0.26    ACTURB@19
  298     0.10       34.481        0.038        0.038            148        0.25        0.25    ACTURB@28
  299     0.10       34.481        0.037        0.038            148        0.25        0.25    ACTURB@18
  300     0.10       34.481        0.037        0.038            148        0.25        0.25    ACTURB@20
  301     0.10       34.481        0.037        0.037            148        0.25        0.25    ACTURB@25
  302     0.10       34.481        0.037        0.037            148        0.25        0.25    ACTURB@21
  303     0.10       34.481        0.037        0.037            148        0.25        0.25    CUBASEN@12
  304     0.10       34.481        0.037        0.037            148        0.25        0.25    ACTURB@24
  305     0.10       34.481        0.037        0.037            148        0.25        0.25    ACTURB@27
  306     0.10       34.481        0.037        0.037            148        0.25        0.25    ACTURB@26
  307     0.10       34.481        0.037        0.037            148        0.25        0.25    ACTURB@22
  308     0.10       34.518        0.037        0.049             72        0.51        0.68    EXCHANGE_MS:EXCHANGE@1
  309     0.10       34.518        0.037        0.037            148        0.25        0.25    ACTURB@23
  310     0.10       34.518        0.037        0.037            185        0.20        0.20    CUBASEN@9
  311     0.10       34.518        0.037        0.037            148        0.25        0.25    ACTURB@31
  312     0.10       34.518        0.037        0.037            148        0.25        0.25    ACTURB@29
  313     0.10       34.518        0.037        0.037            148        0.25        0.25    ACTURB@30
  314     0.10       34.518        0.036        0.037            185        0.20        0.20    CUBASEN@5
  315     0.10       34.518        0.036        0.036            148        0.25        0.25    CUBASEN@14
  316     0.10       34.518        0.036        0.036            185        0.20        0.20    CUBASEN@8
  317     0.10       34.518        0.036        0.036            148        0.24        0.24    CUBASEN@30
  318     0.10       34.518        0.036        0.036            185        0.19        0.19    CUBASEN@3
  319     0.10       34.553        0.036        0.083             37        0.97        2.25    APL_ARPEGE_ATMOSPHERE_UPDATE_PARALLEL:CPTEND_NEW:COMPUTE@1
  320     0.10       34.553        0.036        0.036            148        0.24        0.24    CUBASEN@24
  321     0.10       34.553        0.036        0.036            740        0.05        0.05    LARCHE@32
  322     0.10       34.553        0.036        0.036            185        0.19        0.19    CUBASEN@4
  323     0.09       34.553        0.035        0.035            148        0.24        0.24    CUBASEN@13
  324     0.09       34.553        0.035        0.035            148        0.24        0.24    CUBASEN@25
  325     0.09       34.553        0.035        0.035            148        0.24        0.24    CUBASEN@29
  326     0.09       34.553        0.035        0.035            148        0.24        0.24    CUBASEN@31
  327     0.09       34.588        0.035        0.035             37        0.94        0.94    LAVENT_PARALLEL:0:COMPUTE@1
  328     0.09       34.588        0.034        0.034            148        0.23        0.23    CUBASEN@26
  329     0.09       34.588        0.034        0.034            296        0.12        0.12    ACNEBSM@13
  330     0.09       34.588        0.034        0.034            296        0.12        0.12    ACNEBSM@15
  331     0.09       34.588        0.034        0.034            296        0.11        0.12    ACNEBSM@14
  332     0.09       34.588        0.034        0.034            296        0.11        0.12    ACNEBSM@17
  333     0.09       34.588        0.034        0.034            148        0.23        0.23    CPTEND_NEW@32
  334     0.09       34.622        0.034        2.805             37        0.91       75.80    LAPINEB_DRV@1
  335     0.09       34.622        0.034        0.034            148        0.23        0.23    CPTEND_NEW@29
  336     0.09       34.622        0.034        0.034            296        0.11        0.11    ACNEBSM@12
  337     0.09       34.622        0.034        0.034            296        0.11        0.11    ACNEBSM@28
  338     0.09       34.622        0.034        0.034            296        0.11        0.11    ACNEBSM@25
  339     0.09       34.622        0.034        0.034            148        0.23        0.23    CPTEND_NEW@28
  340     0.09       34.622        0.034        0.034            148        0.23        0.23    CUBASEN@19
  341     0.09       34.622        0.033        0.034            185        0.18        0.18    CUBASEN@7
  342     0.09       34.622        0.033        0.034            296        0.11        0.11    ACNEBSM@19
  343     0.09       34.622        0.033        0.034            296        0.11        0.11    ACNEBSM@18
  344     0.09       34.622        0.033        0.034            148        0.23        0.23    CPTEND_NEW@26
  345     0.09       34.655        0.033        0.151            148        0.22        1.02   *CUMASTRN@26
  346     0.09       34.655        0.033        0.033            296        0.11        0.11    ACNEBSM@16
  347     0.09       34.655        0.033        0.033            148        0.22        0.23    CPTEND_NEW@25
  348     0.09       34.655        0.033        0.033            148        0.22        0.22    CUBASEN@17
  349     0.09       34.655        0.033        0.033            148        0.22        0.22    CUBASEN@15
  350     0.09       34.688        0.033        0.051          64723        0.00        0.00    CONVECT_MIXING_FUNCT@1
  351     0.09       34.688        0.033        0.149            148        0.22        1.01    CUMASTRN@25
  352     0.09       34.721        0.033        0.034           1930        0.02        0.02   *VERINTS@1
  353     0.09       34.721        0.033        0.145            148        0.22        0.98    CUMASTRN@27
  354     0.09       34.721        0.033        0.033            148        0.22        0.22    CUBASEN@27
  355     0.09       34.721        0.033        0.033            296        0.11        0.11    ACNEBSM@20
  356     0.09       34.721        0.033        0.033            296        0.11        0.11    ACNEBSM@21
  357     0.09       34.721        0.033        0.033            148        0.22        0.22    CPTEND_NEW@30
  358     0.09       34.721        0.033        0.033            296        0.11        0.11    ACNEBSM@24
  359     0.09       34.754        0.033        0.033            973        0.03        0.03    SRTM_TAUMOL25_CPU@1
  360     0.09       34.754        0.033        0.033            148        0.22        0.22    CPTEND_NEW@27
  361     0.09       34.754        0.033        0.033            148        0.22        0.22    CUBASEN@16
  362     0.09       34.754        0.033        0.033            296        0.11        0.11    ACNEBSM@23
  363     0.09       34.754        0.033        0.033            296        0.11        0.11    ACNEBSM@26
  364     0.09       34.754        0.033        0.033            296        0.11        0.11    ACNEBSM@22
  365     0.09       34.754        0.032        0.033            148        0.22        0.22    CUBASEN@18
  366     0.09       34.754        0.032        0.143            148        0.22        0.96    CUMASTRN@23
  367     0.09       34.754        0.032        0.033            296        0.11        0.11    ACNEBSM@27
  368     0.09       34.754        0.032        0.033            148        0.22        0.22    CPTEND_NEW@21
  369     0.09       34.754        0.032        0.146            148        0.22        0.99    CUMASTRN@20
  370     0.09       34.754        0.032        0.033           1665        0.02        0.02    LAITLI@8
  371     0.09       34.754        0.032        0.032            148        0.22        0.22    ADVPRCS@32
  372     0.09       34.754        0.032        0.032            185        0.17        0.18    CUBASEN@6
  373     0.09       34.754        0.032        0.032            148        0.22        0.22    CPTEND_NEW@24
  374     0.09       34.754        0.032        0.154            148        0.22        1.04    CUMASTRN@28
  375     0.09       34.754        0.032        0.032            296        0.11        0.11    ACNEBSM@31
  376     0.09       34.754        0.032        0.032            296        0.11        0.11    ACNEBSM@29
  377     0.09       34.754        0.032        0.032            148        0.22        0.22    CUBASEN@20
  378     0.09       34.786        0.032        0.060            185        0.17        0.32   *CUASCN@4
  379     0.09       34.786        0.032        0.148            148        0.22        1.00    CUMASTRN@24
  380     0.09       34.786        0.032        0.032            296        0.11        0.11    ACNEBSM@30
  381     0.09       34.786        0.032        0.033           1665        0.02        0.02    LAITLI@5
  382     0.09       34.786        0.032        0.032            148        0.21        0.21    CUBASEN@22
  383     0.09       34.786        0.032        0.059            185        0.17        0.32    CUASCN@3
  384     0.09       34.786        0.032        0.032           1665        0.02        0.02    LAITLI@9
  385     0.09       34.786        0.032        0.032            148        0.21        0.21    CPTEND_NEW@31
  386     0.09       34.786        0.032        0.032            148        0.21        0.21    CPTEND_NEW@23
  387     0.08       34.786        0.032        0.032           1665        0.02        0.02    LAITLI@7
  388     0.08       34.786        0.031        0.032            148        0.21        0.21    CPTEND_NEW@17
  389     0.08       34.786        0.031        0.059            185        0.17        0.32    CUASCN@5
  390     0.08       34.786        0.031        0.032           1665        0.02        0.02    LAITLI@11
  391     0.08       34.786        0.031        0.032           1665        0.02        0.02    LAITLI@10
  392     0.08       34.786        0.031        0.031            148        0.21        0.21    CPTEND_NEW@22
  393     0.08       34.786        0.031        0.059            185        0.17        0.32    CUASCN@7
  394     0.08       34.786        0.031        0.143            148        0.21        0.97    CUMASTRN@19
  395     0.08       34.786        0.031        0.058            185        0.17        0.32    CUASCN@9
  396     0.08       34.817        0.031        0.031            973        0.03        0.03    RADOZCMF@1
  397     0.08       34.817        0.031        0.032           1665        0.02        0.02    LAITLI@6
  398     0.08       34.817        0.031        0.058            185        0.17        0.31    CUASCN@10
  399     0.08       34.848        0.031        0.031             37        0.83        0.83    APL_ARPEGE_PARALLEL:ZBAY_QRCONV:COMPUTE@1
  400     0.08       34.878        0.031        0.106             37        0.83        2.87    LASSIE_PARALLEL:SITNU:COMPUTE@1
  401     0.08       34.878        0.031        0.058            185        0.17        0.31    CUASCN@8
  402     0.08       34.909        0.030        0.301             41        0.74        7.35    INV_TRANS@1
  403     0.08       34.909        0.030        0.143            148        0.21        0.97    CUMASTRN@31
  404     0.08       34.909        0.030        0.031            148        0.21        0.21    CUBASEN@21
  405     0.08       34.939        0.030        1.226          30858        0.00        0.04    LAITRE_GFL@1
  406     0.08       34.939        0.030        0.031           1665        0.02        0.02    LAITLI@3
  407     0.08       34.939        0.030        0.031           1665        0.02        0.02    LAITLI@4
  408     0.08       34.939        0.030        0.056            185        0.16        0.30    CUASCN@6
  409     0.08       34.939        0.030        0.030            148        0.20        0.20    CPTEND_NEW@18
  410     0.08       34.939        0.030        0.057            185        0.16        0.31    CUASCN@11
  411     0.08       34.939        0.030        0.030            148        0.20        0.20    ACTURB@32
  412     0.08       34.969        0.030        0.030            370        0.08        0.08   *VERDER@3
  413     0.08       34.969        0.030        0.030           1665        0.02        0.02    LAITLI@2
  414     0.08       34.969        0.030        0.030            370        0.08        0.08    VERDER@4
  415     0.08       34.969        0.030        0.030            370        0.08        0.08    VERDER@8
  416     0.08       34.969        0.030        0.030            148        0.20        0.20    CPTEND_NEW@20
  417     0.08       34.969        0.030        0.030            370        0.08        0.08    VERDER@2
  418     0.08       34.969        0.030        0.030            370        0.08        0.08    VERDER@1
  419     0.08       34.969        0.029        0.030            370        0.08        0.08    VERDER@10
  420     0.08       34.969        0.029        0.030            370        0.08        0.08    VERDER@9
  421     0.08       34.969        0.029        0.030            370        0.08        0.08    VERDER@6
  422     0.08       34.969        0.029        0.030            370        0.08        0.08    VERDER@11
  423     0.08       34.969        0.029        0.030            370        0.08        0.08    VERDER@5
  424     0.08       34.969        0.029        0.030            370        0.08        0.08    VERDER@7
  425     0.08       34.969        0.029        0.142            148        0.20        0.96    CUMASTRN@17
  426     0.08       34.969        0.029        0.029            148        0.19        0.20    CPTEND_NEW@19
  427     0.08       34.969        0.029        0.029            148        0.19        0.19    CUBASEN@23
  428     0.08       34.997        0.028        0.030           4388        0.01        0.01    CONVECT_CLOSURE_THRVLCL@1
  429     0.08       34.997        0.028        0.140            148        0.19        0.95    CUMASTRN@18
  430     0.08       34.997        0.028        0.139            148        0.19        0.94    CUMASTRN@29
  431     0.08       34.997        0.028        0.138            148        0.19        0.93    CUMASTRN@30
  432     0.08       34.997        0.028        0.049            148        0.19        0.33    CUASCN@26
  433     0.07       34.997        0.028        0.028            185        0.15        0.15    CUBASEN@2
  434     0.07       35.025        0.028        0.040             37        0.74        1.07    LAPINEB_PARALLEL:LARCHE:COMPUTE@1
  435     0.07       35.052        0.028        0.031             37        0.74        0.83    APL_ARPEGE_PARALLEL:ACCLPH:COMPUTE@1
  436     0.07       35.052        0.027        0.049            148        0.18        0.33    CUASCN@20
  437     0.07       35.052        0.027        0.048            148        0.18        0.32    CUASCN@23
  438     0.07       35.079        0.027        0.952           1097        0.02        0.87    SHALLOW_CONVECTION_PART2@1
  439     0.07       35.079        0.027        0.135            148        0.18        0.91    CUMASTRN@21
  440     0.07       35.079        0.027        0.134            148        0.18        0.90    CUMASTRN@22
  441     0.07       35.079        0.027        0.048            148        0.18        0.33    CUASCN@18
  442     0.07       35.079        0.027        0.027           1332        0.02        0.02    LAITLI@13
  443     0.07       35.106        0.027        0.027            973        0.03        0.03    RRTM_PREPARE_GASES_CPU@1
  444     0.07       35.106        0.027        0.047            148        0.18        0.32    CUASCN@21
  445     0.07       35.106        0.026        0.050            185        0.14        0.27    CUASCN@2
  446     0.07       35.106        0.026        0.157            185        0.14        0.85    CUMASTRN@9
  447     0.07       35.106        0.026        0.026            148        0.18        0.18    CUBASEN@32
  448     0.07       35.106        0.026        0.048            148        0.18        0.32    CUASCN@24
  449     0.07       35.106        0.026        0.027           1332        0.02        0.02    LAITLI@14
  450     0.07       35.106        0.026        0.027           1332        0.02        0.02    LAITLI@12
  451     0.07       35.106        0.026        0.048            148        0.18        0.32    CUASCN@17
  452     0.07       35.106        0.026        0.027           1332        0.02        0.02    LAITLI@16
  453     0.07       35.106        0.026        0.026           1332        0.02        0.02    LAITLI@15
  454     0.07       35.106        0.026        0.027           1332        0.02        0.02    LAITLI@19
  455     0.07       35.106        0.026        0.027           1332        0.02        0.02    LAITLI@20
  456     0.07       35.106        0.026        0.048            148        0.17        0.32    CUASCN@25
  457     0.07       35.106        0.026        0.046            148        0.17        0.31    CUASCN@28
  458     0.07       35.106        0.026        0.026           1332        0.02        0.02    LAITLI@25
  459     0.07       35.106        0.026        0.026           1332        0.02        0.02    LAITLI@18
  460     0.07       35.106        0.026        0.155            185        0.14        0.84    CUMASTRN@8
  461     0.07       35.106        0.026        0.047            148        0.17        0.32    CUASCN@19
  462     0.07       35.106        0.026        0.026           1332        0.02        0.02    LAITLI@22
  463     0.07       35.106        0.026        0.026           1332        0.02        0.02    LAITLI@21
  464     0.07       35.106        0.026        0.026           1332        0.02        0.02    LAITLI@27
  465     0.07       35.106        0.026        0.026           1332        0.02        0.02    LAITLI@23
  466     0.07       35.106        0.026        0.050            185        0.14        0.27    CUASCN@1
  467     0.07       35.106        0.026        0.026           1332        0.02        0.02    LAITLI@17
  468     0.07       35.106        0.025        0.026           1332        0.02        0.02    LAITLI@29
  469     0.07       35.106        0.025        0.026           1332        0.02        0.02    LAITLI@28
  470     0.07       35.106        0.025        0.026           1332        0.02        0.02    LAITLI@31
  471     0.07       35.106        0.025        0.026           1332        0.02        0.02    LAITLI@26
  472     0.07       35.106        0.025        0.047            148        0.17        0.32    CUASCN@15
  473     0.07       35.106        0.025        0.048            148        0.17        0.32    CUASCN@14
  474     0.07       35.106        0.025        0.047            148        0.17        0.32    CUASCN@16
  475     0.07       35.106        0.025        0.026           1332        0.02        0.02    LAITLI@30
  476     0.07       35.106        0.025        0.026           1332        0.02        0.02    LAITLI@24
  477     0.07       35.106        0.025        0.047            148        0.17        0.32    CUASCN@12
  478     0.07       35.106        0.025        0.047            148        0.17        0.32    CUASCN@13
  479     0.07       35.106        0.025        0.046            148        0.17        0.31    CUASCN@27
  480     0.07       35.106        0.025        0.044            148        0.17        0.30    CUASCN@29
  481     0.07       35.106        0.025        0.045            148        0.17        0.30    CUASCN@31
  482     0.07       35.106        0.025        0.045            148        0.17        0.31    CUASCN@22
  483     0.07       35.131        0.025        0.028             37        0.66        0.76    APL_ARPEGE_PARALLEL:QNGCOR:COMPUTE@1
  484     0.07       35.131        0.024        0.157            185        0.13        0.85    CUMASTRN@11
  485     0.07       35.131        0.024        0.154            185        0.13        0.83    CUMASTRN@5
  486     0.07       35.131        0.024        0.150            185        0.13        0.81    CUMASTRN@7
  487     0.07       35.155        0.024        0.024            128        0.19        0.19   *FFT992@2
  488     0.06       35.155        0.024        0.024            296        0.08        0.08    ACNEBSM@32
  489     0.06       35.179        0.024        0.024             37        0.65        0.65    APL_ARPEGE_DEEP_CONVECTION_PARALLEL:INIT:COMPUTE@1
  490     0.06       35.179        0.024        0.156            185        0.13        0.84    CUMASTRN@10
  491     0.06       35.179        0.024        0.024            296        0.08        0.08    VERDER@14
  492     0.06       35.179        0.024        0.024            127        0.19        0.19    FFT992@4
  493     0.06       35.179        0.024        0.024            296        0.08        0.08    VERDER@12
  494     0.06       35.179        0.024        0.024            296        0.08        0.08    VERDER@22
  495     0.06       35.179        0.024        0.024            296        0.08        0.08    VERDER@13
  496     0.06       35.179        0.024        0.024            296        0.08        0.08    VERDER@18
  497     0.06       35.179        0.024        0.024            296        0.08        0.08    VERDER@28
  498     0.06       35.179        0.024        0.024            296        0.08        0.08    VERDER@21
  499     0.06       35.179        0.024        0.024            296        0.08        0.08    VERDER@19
  500     0.06       35.179        0.024        0.024            296        0.08        0.08    VERDER@25
  501     0.06       35.203        0.024        0.024             37        0.64        0.65    CPG_SL1B_TYPE_SET_HOST_PARALLEL@1
  502     0.06       35.203        0.024        0.024            296        0.08        0.08    VERDER@24
  503     0.06       35.203        0.024        0.024            296        0.08        0.08    VERDER@16
  504     0.06       35.203        0.024        0.024            296        0.08        0.08    VERDER@17
  505     0.06       35.203        0.024        0.024            296        0.08        0.08    VERDER@27
  506     0.06       35.203        0.024        0.044            148        0.16        0.29    CUASCN@30
  507     0.06       35.203        0.024        0.024            296        0.08        0.08    VERDER@15
  508     0.06       35.203        0.024        0.024            296        0.08        0.08    VERDER@31
  509     0.06       35.203        0.024        0.024            296        0.08        0.08    VERDER@26
  510     0.06       35.203        0.024        0.145            185        0.13        0.78    CUMASTRN@6
  511     0.06       35.203        0.024        0.024            296        0.08        0.08    VERDER@30
  512     0.06       35.203        0.024        0.024            296        0.08        0.08    VERDER@29
  513     0.06       35.203        0.024        0.024            296        0.08        0.08    VERDER@23
  514     0.06       35.203        0.024        0.024            296        0.08        0.08    VERDER@20
  515     0.06       35.226        0.023        0.025           5143        0.00        0.00    RADHEAT@1
  516     0.06       35.226        0.023        0.153            185        0.13        0.83    CUMASTRN@4
  517     0.06       35.249        0.023        0.024            973        0.02        0.02    RRTM_TAUMOL14_CPU@1
  518     0.06       35.249        0.023        0.152            185        0.13        0.82    CUMASTRN@3
  519     0.06       35.249        0.023        0.134            148        0.16        0.91    CUMASTRN@16
  520     0.06       35.249        0.023        0.023            124        0.18        0.19    FFT992@3
  521     0.06       35.249        0.023        0.023            110        0.20        0.21    FFT992@1
  522     0.06       35.249        0.023        0.023            185        0.12        0.12    CUBASEN@1
  523     0.06       35.249        0.022        0.022            149        0.15        0.15    FFT992@18
  524     0.06       35.249        0.022        0.132            185        0.12        0.71    CUMASTRN@2
  525     0.06       35.249        0.022        0.022            151        0.14        0.14    FFT992@24
  526     0.06       35.249        0.022        0.022            150        0.14        0.14    FFT992@23
  527     0.06       35.271        0.022        0.032            114        0.19        0.28   *LTINV_MOD@21
  528     0.06       35.271        0.022        0.022            146        0.15        0.15    FFT992@17
  529     0.06       35.292        0.021        0.022            185        0.12        0.12   *APLPAR_INIT@7
  530     0.06       35.292        0.021        0.021            185        0.12        0.12    APLPAR_INIT@6
  531     0.06       35.292        0.021        0.021            185        0.11        0.12    APLPAR_INIT@10
  532     0.06       35.292        0.021        0.021            185        0.11        0.11    APLPAR_INIT@8
  533     0.06       35.292        0.021        0.021            185        0.11        0.11    APLPAR_INIT@5
  534     0.06       35.292        0.021        0.133            148        0.14        0.90    CUMASTRN@13
  535     0.06       35.292        0.021        0.021            151        0.14        0.14    FFT992@26
  536     0.06       35.292        0.021        0.022           1332        0.02        0.02    LAITLI@32
  537     0.06       35.292        0.021        0.021            158        0.13        0.13    FFT992@20
  538     0.06       35.292        0.021        0.021            151        0.14        0.14    FFT992@22
  539     0.06       35.292        0.021        0.021            147        0.14        0.14    FFT992@19
  540     0.06       35.292        0.021        0.032            114        0.18        0.28    LTINV_MOD@22
  541     0.06       35.292        0.021        0.021            185        0.11        0.11    APLPAR_INIT@11
  542     0.06       35.313        0.021        0.118              7        3.00       16.92    RECMWF_PARALLEL:FINISH:COMPUTE@1
  543     0.06       35.313        0.021        0.021            185        0.11        0.11    APLPAR_INIT@9
  544     0.06       35.313        0.021        0.021            185        0.11        0.11    APLPAR_INIT@4
  545     0.06       35.313        0.021        0.021            151        0.14        0.14    FFT992@25
  546     0.06       35.313        0.021        0.021            185        0.11        0.11    APLPAR_INIT@3
  547     0.06       35.334        0.021        0.021             37        0.56        0.57    MF_PHYS_PREP_PARALLEL:PREP:COMPUTE@1
  548     0.06       35.334        0.021        0.135            148        0.14        0.91    CUMASTRN@12
  549     0.06       35.355        0.021        0.021            973        0.02        0.02    LIQUID_EFFECTIVE_RADIUS_CPU@1
  550     0.06       35.376        0.021        0.021             13        1.59        1.60    GRIB_API:IGRIB_SET_CHAR@1
  551     0.06       35.376        0.021        0.134            148        0.14        0.91    CUMASTRN@14
  552     0.06       35.376        0.021        0.021            142        0.15        0.15    FFT992@16
  553     0.06       35.376        0.021        0.130            148        0.14        0.88    CUMASTRN@15
  554     0.05       35.376        0.020        0.040            148        0.14        0.27    CUASCN@32
  555     0.05       35.396        0.020       28.864             37        0.55      780.11    APL_ARPEGE_PARALLEL@1
  556     0.05       35.396        0.020        0.020            151        0.13        0.13    FFT992@27
  557     0.05       35.416        0.020        0.895          25715        0.00        0.03    LAITRE_GMV@1
  558     0.05       35.416        0.020        0.032             78        0.26        0.41    LTINV_MOD@27
  559     0.05       35.416        0.020        0.020            148        0.14        0.14    APLPAR_INIT@12
  560     0.05       35.416        0.020        0.020            148        0.14        0.14    APLPAR_INIT@16
  561     0.05       35.416        0.020        0.020            148        0.14        0.14    APLPAR_INIT@13
  562     0.05       35.416        0.020        0.033             78        0.26        0.42    LTINV_MOD@30
  563     0.05       35.416        0.020        0.020            148        0.13        0.14    APLPAR_INIT@14
  564     0.05       35.416        0.020        0.020            151        0.13        0.13    FFT992@28
  565     0.05       35.416        0.020        0.020            148        0.13        0.13    APLPAR_INIT@15
  566     0.05       35.416        0.020        0.033             78        0.25        0.43    LTINV_MOD@31
  567     0.05       35.416        0.020        0.020            185        0.11        0.11    APLPAR_INIT@2
  568     0.05       35.416        0.020        0.020            296        0.07        0.07    VERDER@32
  569     0.05       35.416        0.020        0.032             78        0.25        0.41    LTINV_MOD@28
  570     0.05       35.416        0.020        0.030             78        0.25        0.39    LTINV_MOD@25
  571     0.05       35.416        0.020        0.020            120        0.16        0.16    FFT992@15
  572     0.05       35.416        0.020        0.032             78        0.25        0.41    LTINV_MOD@32
  573     0.05       35.416        0.020        0.031             79        0.25        0.39    LTINV_MOD@26
  574     0.05       35.416        0.019        0.121            185        0.11        0.66    CUMASTRN@1
  575     0.05       35.416        0.019        0.111            148        0.13        0.75    CUMASTRN@32
  576     0.05       35.416        0.019        0.030             78        0.25        0.39    LTINV_MOD@23
  577     0.05       35.435        0.019        0.019            370        0.05        0.05   *PPWETPOINT@8
  578     0.05       35.435        0.019        0.019            370        0.05        0.05    PPWETPOINT@5
  579     0.05       35.435        0.019        0.019            370        0.05        0.05    PPWETPOINT@7
  580     0.05       35.435        0.019        0.019            370        0.05        0.05    PPWETPOINT@9
  581     0.05       35.435        0.019        0.019            370        0.05        0.05    PPWETPOINT@11
  582     0.05       35.435        0.019        0.019            370        0.05        0.05    PPWETPOINT@10
  583     0.05       35.435        0.019        0.019            159        0.12        0.12    FFT992@21
  584     0.05       35.435        0.019        0.019            370        0.05        0.05    PPWETPOINT@3
  585     0.05       35.435        0.019        0.019            370        0.05        0.05    PPWETPOINT@6
  586     0.05       35.435        0.019        0.019            370        0.05        0.05    PPWETPOINT@4
  587     0.05       35.435        0.019        0.019            370        0.05        0.05    PPWETPOINT@2
  588     0.05       35.454        0.019        0.054             37        0.51        1.46    CPG_GP_HYD_PARALLEL:1:COMPUTE@1
  589     0.05       35.454        0.019        0.028             77        0.24        0.36    LTINV_MOD@24
  590     0.05       35.473        0.019        0.019            555        0.03        0.03    GPRCP_EXPL_PARALLEL:1:COMPUTE@1
  591     0.05       35.473        0.018        0.019            169        0.11        0.11    FFT992@32
  592     0.05       35.473        0.018        0.018            148        0.12        0.12    APLPAR_INIT@18
  593     0.05       35.473        0.018        0.031             78        0.23        0.39    LTINV_MOD@29
  594     0.05       35.473        0.018        0.018            370        0.05        0.05    PPWETPOINT@1
  595     0.05       35.473        0.018        0.018            157        0.12        0.12    FFT992@29
  596     0.05       35.473        0.018        0.018            161        0.11        0.11    FFT992@30
  597     0.05       35.491        0.018        0.025             37        0.49        0.68    APL_ARPEGE_PARALLEL:CPPHINP:COMPUTE@1
  598     0.05       35.491        0.018        0.018            185        0.10        0.10    APLPAR_INIT@1
  599     0.05       35.491        0.018        0.018            169        0.11        0.11    FFT992@31
  600     0.05       35.491        0.018        0.018            148        0.12        0.12    APLPAR_INIT@19
  601     0.05       35.491        0.018        0.018            148        0.12        0.12    APLPAR_INIT@17
  602     0.05       35.491        0.018        0.018            148        0.12        0.12    APLPAR_INIT@21
  603     0.05       35.491        0.018        0.028             40        0.45        0.71    LTINV_MOD@5
  604     0.05       35.491        0.018        0.018            148        0.12        0.12    APLPAR_INIT@20
  605     0.05       35.491        0.018        0.029             70        0.25        0.41    LTINV_MOD@13
  606     0.05       35.491        0.018        0.030             39        0.45        0.76    LTINV_MOD@4
  607     0.05       35.491        0.017        0.017            148        0.12        0.12    APLPAR_INIT@24
  608     0.05       35.491        0.017        0.017            148        0.12        0.12    APLPAR_INIT@22
  609     0.05       35.491        0.017        0.017             77        0.22        0.23    FFT992@6
  610     0.05       35.508        0.017        0.017            185        0.09        0.09   *ACBL89@8
  611     0.05       35.508        0.017        0.017            185        0.09        0.09    ACBL89@10
  612     0.05       35.508        0.017        0.017            148        0.12        0.12    APLPAR_INIT@26
  613     0.05       35.508        0.017        0.017            296        0.06        0.06    PPWETPOINT@28
  614     0.05       35.525        0.017        0.018            370        0.05        0.05   *LASCAW_CLO@8
  615     0.05       35.525        0.017        0.017            185        0.09        0.09    ACBL89@11
  616     0.05       35.525        0.017        0.017             79        0.22        0.22    FFT992@8
  617     0.05       35.525        0.017        0.017            185        0.09        0.09    ACBL89@5
  618     0.05       35.525        0.017        0.017            370        0.05        0.05    LASCAW_CLO@7
  619     0.05       35.525        0.017        0.017             90        0.19        0.19    FFT992@14
  620     0.05       35.525        0.017        0.028             76        0.23        0.36    LTINV_MOD@15
  621     0.05       35.525        0.017        0.017             77        0.22        0.22    FFT992@5
  622     0.05       35.525        0.017        0.017            185        0.09        0.09    ACBL89@6
  623     0.05       35.525        0.017        0.017            296        0.06        0.06    PPWETPOINT@25
  624     0.05       35.525        0.017        0.017             77        0.22        0.22    FFT992@7
  625     0.05       35.525        0.017        0.017            296        0.06        0.06    PPWETPOINT@20
  626     0.05       35.525        0.017        0.017            148        0.11        0.12    APLPAR_INIT@25
  627     0.05       35.525        0.017        0.017            296        0.06        0.06    PPWETPOINT@24
  628     0.05       35.525        0.017        0.017             77        0.22        0.22    FFT992@10
  629     0.05       35.525        0.017        0.017            296        0.06        0.06    PPWETPOINT@27
  630     0.05       35.525        0.017        0.017            296        0.06        0.06    PPWETPOINT@21
  631     0.05       35.542        0.017        0.053             37        0.46        1.44    APL_ARPEGE_CLOUDINESS_PARALLEL:ACNEBCOND:COMPUTE@1
  632     0.05       35.542        0.017        0.017            148        0.11        0.12    APLPAR_INIT@23
  633     0.05       35.542        0.017        0.017            296        0.06        0.06    PPWETPOINT@22
  634     0.05       35.542        0.017        0.030             39        0.43        0.76    LTINV_MOD@2
  635     0.05       35.542        0.017        0.017            296        0.06        0.06    PPWETPOINT@26
  636     0.05       35.542        0.017        0.017            296        0.06        0.06    PPWETPOINT@23
  637     0.05       35.542        0.017        0.029             39        0.43        0.75    LTINV_MOD@3
  638     0.05       35.542        0.017        0.017            296        0.06        0.06    PPWETPOINT@29
  639     0.05       35.559        0.017        0.017              1       16.88       16.88    KPP_WSCALE_MOD:KPP_WSCALE@1
  640     0.05       35.559        0.017        0.017            185        0.09        0.09    ACBL89@7
  641     0.05       35.559        0.017        0.028             39        0.43        0.72    LTINV_MOD@6
  642     0.05       35.559        0.017        0.017             80        0.21        0.21    FFT992@9
  643     0.05       35.559        0.017        0.017            185        0.09        0.09    ACBL89@9
  644     0.05       35.559        0.017        0.017            296        0.06        0.06    PPWETPOINT@17
  645     0.05       35.559        0.017        0.017            296        0.06        0.06    PPWETPOINT@18
  646     0.05       35.559        0.017        0.017             81        0.21        0.21    FFT992@11
  647     0.05       35.559        0.017        0.017             88        0.19        0.19    FFT992@13
  648     0.05       35.576        0.017        0.017            185        0.09        0.09   *CPPHINP@10
  649     0.05       35.576        0.017        0.017            296        0.06        0.06    PPWETPOINT@19
  650     0.04       35.576        0.017        0.017            185        0.09        0.09    CPPHINP@11
  651     0.04       35.576        0.017        0.028             73        0.23        0.38    LTINV_MOD@14
  652     0.04       35.576        0.017        0.017            296        0.06        0.06    PPWETPOINT@30
  653     0.04       35.576        0.017        0.017            296        0.06        0.06    PPWETPOINT@13
  654     0.04       35.576        0.017        0.017            296        0.06        0.06    PPWETPOINT@31
  655     0.04       35.576        0.016        0.017            296        0.06        0.06    PPWETPOINT@16
  656     0.04       35.576        0.016        0.017            296        0.06        0.06    PPWETPOINT@15
  657     0.04       35.576        0.016        0.017            296        0.06        0.06    PPWETPOINT@14
  658     0.04       35.576        0.016        0.017            296        0.06        0.06    PPWETPOINT@32
  659     0.04       35.576        0.016        0.025             77        0.21        0.33    LTINV_MOD@16
  660     0.04       35.592        0.016        0.369          20572        0.00        0.02    LAITLIF@1
  661     0.04       35.592        0.016        0.016            148        0.11        0.11    APLPAR_INIT@28
  662     0.04       35.592        0.016        0.025             89        0.18        0.28    LTINV_MOD@20
  663     0.04       35.592        0.016        0.016            148        0.11        0.11    APLPAR_INIT@27
  664     0.04       35.609        0.016        0.016             37        0.44        0.44    APL_ARPEGE_DEEP_CONVECTION_PARALLEL:ZERO:COMPUTE@1
  665     0.04       35.609        0.016        0.023             41        0.40        0.57    LTINV_MOD@1
  666     0.04       35.609        0.016        0.016            185        0.09        0.09    CPPHINP@9
  667     0.04       35.609        0.016        0.016            296        0.05        0.06    PPWETPOINT@12
  668     0.04       35.609        0.016        0.016            185        0.09        0.09    ACBL89@4
  669     0.04       35.609        0.016        0.016            185        0.09        0.09    ACBL89@3
  670     0.04       35.609        0.016        0.016            296        0.05        0.06    LASCAW_CLO@14
  671     0.04       35.609        0.016        0.024             78        0.21        0.31    LTINV_MOD@17
  672     0.04       35.609        0.016        0.016            148        0.11        0.11    CPPHINP@13
  673     0.04       35.609        0.016        0.016            296        0.05        0.05    LASCAW_CLO@16
  674     0.04       35.609        0.016        0.016            148        0.11        0.11    CPPHINP@12
  675     0.04       35.609        0.016        0.026             39        0.41        0.67    LTINV_MOD@7
  676     0.04       35.609        0.016        0.016            370        0.04        0.04    LASCAW_CLO@6
  677     0.04       35.609        0.016        0.016            296        0.05        0.05    LASCAW_CLO@15
  678     0.04       35.609        0.016        0.016            370        0.04        0.04    LASCAW_CLO@10
  679     0.04       35.609        0.016        0.016            148        0.11        0.11    CPPHINP@14
  680     0.04       35.609        0.016        0.016            148        0.11        0.11    APLPAR_INIT@29
  681     0.04       35.609        0.016        0.025             40        0.40        0.63    LTINV_MOD@8
  682     0.04       35.609        0.016        0.016            185        0.09        0.09    ACBL89@2
  683     0.04       35.609        0.016        0.016            370        0.04        0.04    LASCAW_CLO@3
  684     0.04       35.609        0.016        0.016            370        0.04        0.04    LASCAW_CLO@11
  685     0.04       35.609        0.016        0.016            148        0.11        0.11    APLPAR_INIT@32
  686     0.04       35.624        0.016        0.016             37        0.43        0.43    APL_ARPEGE_DEEP_CONVECTION_PARALLEL:COPY:COMPUTE@1
  687     0.04       35.624        0.016        0.016            185        0.09        0.09    CPPHINP@8
  688     0.04       35.624        0.016        0.016            370        0.04        0.04    LASCAW_CLO@9
  689     0.04       35.624        0.016        0.016            148        0.11        0.11    APLPAR_INIT@30
  690     0.04       35.624        0.016        0.016            148        0.11        0.11    CPPHINP@15
  691     0.04       35.624        0.016        0.016            148        0.11        0.11    CPPHINP@16
  692     0.04       35.624        0.016        0.016            370        0.04        0.04    LASCAW_CLO@5
  693     0.04       35.624        0.015        0.016            370        0.04        0.04    LASCAW_CLO@1
  694     0.04       35.624        0.015        0.016            148        0.10        0.10    ACBL89@12
  695     0.04       35.624        0.015        0.016            370        0.04        0.04    LASCAW_CLO@4
  696     0.04       35.640        0.015        0.028             39        0.39        0.73    SPNORM@1
  697     0.04       35.655        0.015        0.026             37        0.41        0.70    CPG_GP_HYD_PARALLEL:0:COMPUTE@1
  698     0.04       35.655        0.015        0.015             80        0.19        0.19    FFT992@12
  699     0.04       35.655        0.015        0.023             40        0.38        0.58    LTINV_MOD@9
  700     0.04       35.655        0.015        0.015            185        0.08        0.08    CPPHINP@6
  701     0.04       35.655        0.015        0.015            148        0.10        0.10    ACBL89@13
  702     0.04       35.655        0.015        0.015            148        0.10        0.10    APLPAR_INIT@31
  703     0.04       35.670        0.015        0.023             73        0.21        0.31   *LTDIR_MOD@28
  704     0.04       35.670        0.015        0.024            106        0.14        0.22    LTDIR_MOD@21
  705     0.04       35.670        0.015        0.015            370        0.04        0.04    LASCAW_CLO@2
  706     0.04       35.670        0.015        0.023            106        0.14        0.22    LTDIR_MOD@19
  707     0.04       35.670        0.015        0.024             79        0.19        0.30    LTINV_MOD@18
  708     0.04       35.670        0.015        0.015            148        0.10        0.10    ACBL89@27
  709     0.04       35.670        0.015        0.015            185        0.08        0.08    CPPHINP@5
  710     0.04       35.670        0.015        0.023             81        0.18        0.28    LTINV_MOD@19
  711     0.04       35.670        0.015        0.015            185        0.08        0.08    CPPHINP@7
  712     0.04       35.670        0.015        0.023             40        0.37        0.58    LTINV_MOD@12
  713     0.04       35.670        0.015        0.015            148        0.10        0.10    ACBL89@23
  714     0.04       35.670        0.015        0.015            148        0.10        0.10    ACBL89@14
  715     0.04       35.670        0.015        0.015            148        0.10        0.10    ACBL89@26
  716     0.04       35.670        0.015        0.015            148        0.10        0.10    ACBL89@31
  717     0.04       35.670        0.015        0.015            148        0.10        0.10    ACBL89@15
  718     0.04       35.670        0.015        0.024             39        0.38        0.62    LTINV_MOD@10
  719     0.04       35.670        0.015        0.015            148        0.10        0.10    ACBL89@16
  720     0.04       35.670        0.015        0.015            148        0.10        0.10    ACBL89@28
  721     0.04       35.670        0.015        0.015            148        0.10        0.10    ACBL89@24
  722     0.04       35.670        0.015        0.015            148        0.10        0.10    ACBL89@30
  723     0.04       35.685        0.015        0.015             37        0.39        0.39    APL_ARPEGE_PARALLEL:DIFTQ:COMPUTE@1
  724     0.04       35.685        0.015        0.015            148        0.10        0.10    ACBL89@20
  725     0.04       35.685        0.015        0.023             40        0.36        0.58    LTINV_MOD@11
  726     0.04       35.699        0.015       37.221              1       14.51    37221.31    MASTER@1
  727     0.04       35.699        0.014        0.015            296        0.05        0.05    LASCAW_CLO@12
  728     0.04       35.699        0.014        0.021             72        0.20        0.29    LTDIR_MOD@24
  729     0.04       35.699        0.014        0.014            148        0.10        0.10    ACBL89@29
  730     0.04       35.699        0.014        0.022             73        0.20        0.31    LTDIR_MOD@27
  731     0.04       35.699        0.014        0.015            296        0.05        0.05    LASCAW_CLO@13
  732     0.04       35.699        0.014        0.023            107        0.13        0.21    LTDIR_MOD@22
  733     0.04       35.699        0.014        0.014            148        0.10        0.10    ACBL89@22
  734     0.04       35.713        0.014        0.014            185        0.08        0.08   *GPINISLB_PART1_EXPL@8
  735     0.04       35.728        0.014        0.899             37        0.39       24.30    LARCINB_PARALLEL:LRHS_CURV_F:COMPUTE@1
  736     0.04       35.728        0.014        0.014            185        0.08        0.08    GPINISLB_PART1_EXPL@10
  737     0.04       35.728        0.014        0.023             73        0.20        0.31    LTDIR_MOD@32
  738     0.04       35.728        0.014        0.014            185        0.08        0.08    GPINISLB_PART1_EXPL@7
  739     0.04       35.728        0.014        0.021             93        0.15        0.23    LTDIR_MOD@20
  740     0.04       35.728        0.014        0.014            185        0.08        0.08    GPINISLB_PART1_EXPL@5
  741     0.04       35.728        0.014        0.022             66        0.21        0.33    LTDIR_MOD@16
  742     0.04       35.728        0.014        0.014            185        0.08        0.08    GPINISLB_PART1_EXPL@9
  743     0.04       35.728        0.014        0.022             38        0.37        0.58    LTDIR_MOD@6
  744     0.04       35.728        0.014        0.014            148        0.10        0.10    ACBL89@25
  745     0.04       35.728        0.014        0.023             72        0.20        0.32    LTDIR_MOD@31
  746     0.04       35.728        0.014        0.014            148        0.10        0.10    ACBL89@19
  747     0.04       35.728        0.014        0.014            148        0.10        0.10    ACBL89@18
  748     0.04       35.728        0.014        0.022             73        0.19        0.30    LTDIR_MOD@25
  749     0.04       35.728        0.014        0.023             37        0.38        0.61    LTDIR_MOD@5
  750     0.04       35.728        0.014        0.014            185        0.08        0.08    GPINISLB_PART1_EXPL@6
  751     0.04       35.728        0.014        0.014            185        0.08        0.08    GPINISLB_PART1_EXPL@11
  752     0.04       35.728        0.014        0.014            185        0.08        0.08    GPINISLB_PART1_EXPL@4
  753     0.04       35.742        0.014        0.090             37        0.38        2.44    APL_ARPEGE_PRECIPITATION_PARALLEL:ACUPTQ:COMPUTE@1
  754     0.04       35.742        0.014        0.014            185        0.08        0.08    GPINISLB_PART1_EXPL@3
  755     0.04       35.755        0.014        0.032             37        0.37        0.86    APL_ARPEGE_PARALLEL:APLPAR_INIT:COMPUTE@1
  756     0.04       35.755        0.014        0.014            148        0.09        0.09    ACBL89@17
  757     0.04       35.755        0.014        0.022             73        0.19        0.30    LTDIR_MOD@30
  758     0.04       35.755        0.014        0.022             73        0.19        0.30    LTDIR_MOD@29
  759     0.04       35.755        0.014        0.022             37        0.37        0.59    LTDIR_MOD@7
  760     0.04       35.755        0.014        0.022             39        0.35        0.55    LTDIR_MOD@8
  761     0.04       35.755        0.014        0.021             74        0.18        0.28    LTDIR_MOD@23
  762     0.04       35.769        0.014        1.240            222        0.06        5.59    LARCINB_PARALLEL:LAITRE_GFL:COMPUTE@1
  763     0.04       35.769        0.014        0.014            148        0.09        0.09    ACBL89@21
  764     0.04       35.769        0.014        0.021             74        0.18        0.29    LTDIR_MOD@26
  765     0.04       35.769        0.014        0.021             59        0.23        0.36    LTDIR_MOD@15
  766     0.04       35.783        0.013        0.014            222        0.06        0.06    LAPINEB_PARALLEL:CVGQ:COMPUTE@1
  767     0.04       35.783        0.013        0.014            185        0.07        0.07    GPINISLB_PART1_EXPL@2
  768     0.04       35.783        0.013        0.020             84        0.16        0.24    LTDIR_MOD@18
  769     0.04       35.783        0.013        0.013            148        0.09        0.09    ACBL89@32
  770     0.04       35.783        0.013        0.021             56        0.24        0.37    LTDIR_MOD@14
  771     0.04       35.783        0.013        0.020             42        0.31        0.48    LTDIR_MOD@11
  772     0.04       35.783        0.013        0.020             78        0.17        0.25    LTDIR_MOD@17
  773     0.04       35.796        0.013        0.013            324        0.04        0.04    SCAN2M_TS_PARALLEL:0:COMPUTE@1
  774     0.04       35.796        0.013        0.020             41        0.32        0.49    LTDIR_MOD@12
  775     0.04       35.796        0.013        0.013            185        0.07        0.07    CPPHINP@3
  776     0.04       35.796        0.013        0.013            148        0.09        0.09    GPINISLB_PART1_EXPL@12
  777     0.03       35.796        0.013        0.013            185        0.07        0.07    CPPHINP@4
  778     0.03       35.796        0.013        0.013            148        0.09        0.09    GPINISLB_PART1_EXPL@16
  779     0.03       35.809        0.013        0.172             37        0.35        4.66    DIR_TRANS@1
  780     0.03       35.809        0.013        0.013            185        0.07        0.07    GPINISLB_PART1_EXPL@1
  781     0.03       35.809        0.013        0.020             42        0.31        0.48    LTDIR_MOD@10
  782     0.03       35.809        0.013        0.013            148        0.09        0.09    GPINISLB_PART1_EXPL@13
  783     0.03       35.809        0.013        0.013            185        0.07        0.07    ACBL89@1
  784     0.03       35.809        0.013        0.020             39        0.33        0.52    LTDIR_MOD@9
  785     0.03       35.809        0.013        0.013            148        0.09        0.09    GPINISLB_PART1_EXPL@20
  786     0.03       35.821        0.013        0.013             37        0.34        0.34    CPG_DIA_FLU_PARALLEL:0:COMPUTE@1
  787     0.03       35.821        0.012        0.013            296        0.04        0.04    LASCAW_CLO@28
  788     0.03       35.821        0.012        0.012            148        0.08        0.08    GPINISLB_PART1_EXPL@21
  789     0.03       35.821        0.012        0.012            148        0.08        0.08    GPINISLB_PART1_EXPL@14
  790     0.03       35.821        0.012        0.012            148        0.08        0.08    GPINISLB_PART1_EXPL@17
  791     0.03       35.821        0.012        0.012            148        0.08        0.08    GPINISLB_PART1_EXPL@15
  792     0.03       35.821        0.012        0.019             41        0.30        0.46    LTDIR_MOD@13
  793     0.03       35.833        0.012        0.084            185        0.06        0.45   *ACTKE@10
  794     0.03       35.833        0.012        0.084            185        0.06        0.45    ACTKE@7
  795     0.03       35.833        0.012        0.012            148        0.08        0.08    GPINISLB_PART1_EXPL@18
  796     0.03       35.833        0.012        0.012            148        0.08        0.08    GPINISLB_PART1_EXPL@19
  797     0.03       35.833        0.012        0.084            185        0.06        0.45    ACTKE@5
  798     0.03       35.833        0.012        0.084            185        0.06        0.45    ACTKE@8
  799     0.03       35.833        0.012        0.012            296        0.04        0.04    LASCAW_CLO@31
  800     0.03       35.845        0.012        0.043             37        0.32        1.17    APL_ARPEGE_INIT_PARALLEL:1:COMPUTE@1
  801     0.03       35.845        0.012        0.012            148        0.08        0.08    CPPHINP@18
  802     0.03       35.845        0.012        0.083            185        0.06        0.45    ACTKE@11
  803     0.03       35.845        0.012        0.084            185        0.06        0.45    ACTKE@6
  804     0.03       35.845        0.012        0.012            148        0.08        0.08    CPPHINP@21
  805     0.03       35.845        0.012        0.012            296        0.04        0.04    LASCAW_CLO@26
  806     0.03       35.845        0.012        0.012            296        0.04        0.04    LASCAW_CLO@27
  807     0.03       35.845        0.012        0.012            148        0.08        0.08    CPPHINP@19
  808     0.03       35.845        0.012        0.012            148        0.08        0.08    CPPHINP@22
  809     0.03       35.845        0.012        0.083            185        0.06        0.45    ACTKE@9
  810     0.03       35.845        0.012        0.012            148        0.08        0.08    GPINISLB_PART1_EXPL@29
  811     0.03       35.845        0.012        0.012            148        0.08        0.08    GPINISLB_PART1_EXPL@27
  812     0.03       35.845        0.012        0.012            148        0.08        0.08    CPPHINP@17
  813     0.03       35.845        0.012        0.012            148        0.08        0.08    GPINISLB_PART1_EXPL@31
  814     0.03       35.845        0.012        0.012            148        0.08        0.08    GPINISLB_PART1_EXPL@25
  815     0.03       35.845        0.011        0.012            148        0.08        0.08    CPPHINP@20
  816     0.03       35.845        0.011        0.012            148        0.08        0.08    GPINISLB_PART1_EXPL@23
  817     0.03       35.845        0.011        0.012            296        0.04        0.04    LASCAW_CLO@25
  818     0.03       35.845        0.011        0.012            296        0.04        0.04    LASCAW_CLO@30
  819     0.03       35.845        0.011        0.012            296        0.04        0.04    LASCAW_CLO@29
  820     0.03       35.845        0.011        0.011            148        0.08        0.08    GPINISLB_PART1_EXPL@28
  821     0.03       35.845        0.011        0.011            148        0.08        0.08    CPPHINP@23
  822     0.03       35.845        0.011        0.011            148        0.08        0.08    GPINISLB_PART1_EXPL@30
  823     0.03       35.845        0.011        0.011            148        0.08        0.08    CPPHINP@24
  824     0.03       35.845        0.011        0.011            148        0.08        0.08    GPINISLB_PART1_EXPL@26
  825     0.03       35.856        0.011        0.011            185        0.06        0.06   *ACDRAG@2
  826     0.03       35.856        0.011        0.011            148        0.07        0.08    GPINISLB_PART1_EXPL@22
  827     0.03       35.856        0.011        0.011            148        0.07        0.08    GPINISLB_PART1_EXPL@32
  828     0.03       35.856        0.011        0.020             39        0.28        0.52    LTDIR_MOD@2
  829     0.03       35.856        0.011        0.020             39        0.28        0.52    LTDIR_MOD@3
  830     0.03       35.856        0.011        0.020             41        0.27        0.48    LTDIR_MOD@4
  831     0.03       35.856        0.011        0.011            148        0.07        0.07    GPINISLB_PART1_EXPL@24
  832     0.03       35.856        0.011        0.011            185        0.06        0.06    ACDRAG@3
  833     0.03       35.856        0.011        0.011            296        0.04        0.04    LASCAW_CLO@32
  834     0.03       35.856        0.011        0.070            148        0.07        0.48    ACTKE@12
  835     0.03       35.856        0.011        0.011            185        0.06        0.06    ACDRAG@4
  836     0.03       35.856        0.011        0.011            296        0.04        0.04    LASCAW_CLO@20
  837     0.03       35.867        0.011        0.017             37        0.29        0.46    APL_ARPEGE_PARALLEL:ACDRME:COMPUTE@1
  838     0.03       35.877        0.011        1.012             37        0.29       27.35    ACVPPKF_PARALLEL:PART2@1
  839     0.03       35.888        0.011       34.793             37        0.29      940.35    GP_MODEL@1
  840     0.03       35.899        0.011        0.012             37        0.29        0.32    LATTES_PARALLEL:0:COMPUTE@1
  841     0.03       35.909        0.011        0.011            148        0.07        0.07    GPRCP_EXPL_PARALLEL:0:COMPUTE@1
  842     0.03       35.909        0.011        0.011            185        0.06        0.06    ACDRAG@7
  843     0.03       35.909        0.011        0.069            148        0.07        0.47    ACTKE@16
  844     0.03       35.920        0.010        0.013             37        0.28        0.35    APL_ARPEGE_PARALLEL:ACHMT:COMPUTE@1
  845     0.03       35.930        0.010        0.010             37        0.28        0.28    SCAN2M:COPY@1
  846     0.03       35.930        0.010        0.011            185        0.06        0.06    ACDRAG@8
  847     0.03       35.941        0.010        0.013           8757        0.00        0.00    radiation_gas:put_gas_CPU@1
  848     0.03       35.951        0.010        0.011            185        0.06        0.06   *ACNEBN@2
  849     0.03       35.951        0.010        0.010            185        0.06        0.06    ACDRAG@6
  850     0.03       35.951        0.010        0.011            185        0.06        0.06    ACDRAG@5
  851     0.03       35.951        0.010        0.011            296        0.04        0.04    LASCAW_CLO@23
  852     0.03       35.961        0.010       19.626              7        1.48     2803.70    RECMWF_PARALLEL:ECRAD_CPU:COMPUTE@1
  853     0.03       35.961        0.010        0.010            185        0.06        0.06    ACNEBN@5
  854     0.03       35.961        0.010        0.011            296        0.03        0.04    LASCAW_CLO@19
  855     0.03       35.961        0.010        0.010            185        0.06        0.06    ACNEBN@4
  856     0.03       35.961        0.010        0.069            148        0.07        0.47    ACTKE@14
  857     0.03       35.972        0.010        0.010            333        0.03        0.03    CPUTQY0_PARALLEL:PVAR:COMPUTE@1
  858     0.03       35.972        0.010        0.010            185        0.06        0.06    ACDRAG@11
  859     0.03       35.972        0.010        0.069            148        0.07        0.47    ACTKE@15
  860     0.03       35.972        0.010        0.010            185        0.06        0.06    ACDRAG@10
  861     0.03       35.972        0.010        0.010            185        0.06        0.06    ACNEBN@8
  862     0.03       35.982        0.010        0.010            222        0.05        0.05    LAPINEB_PARALLEL:ZERO_GMV9:COMPUTE@1
  863     0.03       35.982        0.010        0.010            185        0.06        0.06    ACNEBN@3
  864     0.03       35.982        0.010        0.010            185        0.06        0.06    ACNEBN@7
  865     0.03       35.992        0.010        0.010             37        0.28        0.28    CPUTQY_APLPAR_EXPL_PARALLEL:ZDEC:COMPUTE@1
  866     0.03       35.992        0.010        0.010            185        0.05        0.06    ACNEBN@1
  867     0.03       35.992        0.010        0.080            185        0.05        0.43    ACTKE@3
  868     0.03       35.992        0.010        0.010            185        0.05        0.06    ACDRAG@9
  869     0.03       35.992        0.010        0.080            185        0.05        0.43    ACTKE@2
  870     0.03       35.992        0.010        0.010            185        0.05        0.05    ACNEBN@6
  871     0.03       35.992        0.010        0.069            148        0.07        0.47    ACTKE@13
  872     0.03       35.992        0.010        0.080            185        0.05        0.43    ACTKE@4
  873     0.03       36.002        0.010        0.010            148        0.07        0.07   *CUFLXN@26
  874     0.03       36.002        0.010        0.010            185        0.05        0.05    CUFLXN@9
  875     0.03       36.012        0.010        0.010            148        0.07        0.07    GPINISLB_PART2_EXPL_PARALLEL:1:COMPUTE@1
  876     0.03       36.022        0.010        0.073             37        0.26        1.98    LAPINEA_PARALLEL:LARCINA:COMPUTE@1
  877     0.03       36.022        0.010        0.010            185        0.05        0.05    ACNEBN@9
  878     0.03       36.031        0.010        0.010              6        1.62        1.62    MINV_8:GECO@1
  879     0.03       36.041        0.010        0.014          12395        0.00        0.00   *CUBASMCN@7
  880     0.03       36.041        0.010        0.010            185        0.05        0.05    ACNEBN@10
  881     0.03       36.041        0.010        0.010            185        0.05        0.05    CUFLXN@8
  882     0.03       36.041        0.010        0.010            185        0.05        0.05    ACNEBN@11
  883     0.03       36.041        0.010        0.010            296        0.03        0.03    LASCAW_CLO@24
  884     0.03       36.041        0.010        0.010            148        0.06        0.07    CUFLXN@28
  885     0.03       36.041        0.010        0.010            148        0.06        0.07    CUFLXN@25
  886     0.03       36.041        0.010        0.010            296        0.03        0.03    LASCAW_CLO@21
  887     0.03       36.050        0.010        0.010              1        9.53        9.53    YOMCLIM:READ_GHG_CLIMATOLOGY@1
  888     0.03       36.050        0.009        0.010            148        0.06        0.06    CUFLXN@27
  889     0.03       36.050        0.009        0.010            148        0.06        0.06    CUFLXN@23
  890     0.03       36.060        0.009        0.009             72        0.13        0.13   *SGEMMX@25
  891     0.03       36.060        0.009        0.014          12395        0.00        0.00    CUBASMCN@4
  892     0.03       36.069        0.009        0.010            185        0.05        0.05   *LASCAW_VINTW@7
  893     0.03       36.069        0.009        0.009            148        0.06        0.06    CUFLXN@20
  894     0.03       36.069        0.009        0.010            296        0.03        0.03    LASCAW_CLO@17
  895     0.03       36.069        0.009        0.009             72        0.13        0.13    SGEMMX@9
  896     0.03       36.069        0.009        0.014          12395        0.00        0.00    CUBASMCN@9
  897     0.02       36.069        0.009        0.009             72        0.13        0.13    SGEMMX@17
  898     0.02       36.079        0.009        0.009            185        0.05        0.05   *ACTQSAT@3
  899     0.02       36.079        0.009        0.009             72        0.13        0.13    SGEMMX@29
  900     0.02       36.079        0.009        0.009            185        0.05        0.05    ACTQSAT@4
  901     0.02       36.079        0.009        0.066            148        0.06        0.45    ACTKE@17
  902     0.02       36.079        0.009        0.009             72        0.13        0.13    SGEMMX@26
  903     0.02       36.079        0.009        0.009             72        0.13        0.13    SGEMMX@30
  904     0.02       36.079        0.009        0.009            185        0.05        0.05    LASCAW_VINTW@2
  905     0.02       36.079        0.009        0.009             72        0.13        0.13    SGEMMX@12
  906     0.02       36.079        0.009        0.009             72        0.13        0.13    SGEMMX@10
  907     0.02       36.079        0.009        0.009             72        0.13        0.13    SGEMMX@21
  908     0.02       36.079        0.009        0.009             72        0.13        0.13    SGEMMX@28
  909     0.02       36.079        0.009        0.014          12395        0.00        0.00    CUBASMCN@3
  910     0.02       36.079        0.009        0.009             72        0.13        0.13    SGEMMX@11
  911     0.02       36.079        0.009        0.009             72        0.13        0.13    SGEMMX@27
  912     0.02       36.079        0.009        0.009             72        0.13        0.13    SGEMMX@18
  913     0.02       36.079        0.009        0.009            185        0.05        0.05    CUFLXN@3
  914     0.02       36.079        0.009        0.020             38        0.24        0.53    LTDIR_MOD@1
  915     0.02       36.079        0.009        0.014          12395        0.00        0.00    CUBASMCN@5
  916     0.02       36.079        0.009        0.009             72        0.13        0.13    SGEMMX@16
  917     0.02       36.079        0.009        0.009             72        0.13        0.13    SGEMMX@14
  918     0.02       36.079        0.009        0.009            185        0.05        0.05    CUFLXN@5
  919     0.02       36.079        0.009        0.014          12395        0.00        0.00    CUBASMCN@8
  920     0.02       36.079        0.009        0.009            296        0.03        0.03    LASCAW_CLO@18
  921     0.02       36.079        0.009        0.009            148        0.06        0.06    CUFLXN@24
  922     0.02       36.079        0.009        0.009             72        0.13        0.13    SGEMMX@13
  923     0.02       36.079        0.009        0.009            185        0.05        0.05    CUFLXN@11
  924     0.02       36.079        0.009        0.009             72        0.13        0.13    SGEMMX@15
  925     0.02       36.079        0.009        0.009             72        0.13        0.13    SGEMMX@19
  926     0.02       36.079        0.009        0.009            185        0.05        0.05    CUFLXN@7
  927     0.02       36.079        0.009        0.009            148        0.06        0.06    ACNEBN@20
  928     0.02       36.079        0.009        0.009             72        0.13        0.13    SGEMMX@31
  929     0.02       36.079        0.009        0.009            185        0.05        0.05    LASCAW_VINTW@6
  930     0.02       36.079        0.009        0.009            148        0.06        0.06    CUFLXN@17
  931     0.02       36.079        0.009        0.009             72        0.13        0.13    SGEMMX@20
  932     0.02       36.079        0.009        0.009             72        0.13        0.13    SGEMMX@32
  933     0.02       36.079        0.009        0.009            185        0.05        0.05    CUFLXN@4
  934     0.02       36.079        0.009        0.014          12395        0.00        0.00    CUBASMCN@10
  935     0.02       36.079        0.009        0.009            185        0.05        0.05    CUFLXN@6
  936     0.02       36.079        0.009        0.066            148        0.06        0.45    ACTKE@19
  937     0.02       36.079        0.009        0.009            148        0.06        0.06    ACNEBN@30
  938     0.02       36.079        0.009        0.009            185        0.05        0.05    ACTQSAT@1
  939     0.02       36.079        0.009        0.009             72        0.12        0.13    SGEMMX@22
  940     0.02       36.079        0.009        0.065            148        0.06        0.44    ACTKE@21
  941     0.02       36.079        0.009        0.066            148        0.06        0.45    ACTKE@18
  942     0.02       36.079        0.009        0.009            148        0.06        0.06    CUFLXN@31
  943     0.02       36.079        0.009        0.009            185        0.05        0.05    ACTQSAT@2
  944     0.02       36.079        0.009        0.009            185        0.05        0.05    CUFLXN@10
  945     0.02       36.087        0.009        0.009             37        0.24        0.24    APL_ARPEGE_PARALLEL:ZDE2MR:COMPUTE@1
  946     0.02       36.087        0.009        0.009            148        0.06        0.06    CUFLXN@18
  947     0.02       36.087        0.009        0.009            148        0.06        0.06    CUFLXN@16
  948     0.02       36.087        0.009        0.013          12395        0.00        0.00    CUBASMCN@11
  949     0.02       36.087        0.009        0.009            296        0.03        0.03    LASCAW_CLO@22
  950     0.02       36.087        0.009        0.009             72        0.12        0.12    SGEMMX@24
  951     0.02       36.087        0.009        0.009            185        0.05        0.05    CUFLXN@2
  952     0.02       36.087        0.009        0.009             72        0.12        0.12    SGEMMX@23
  953     0.02       36.087        0.009        0.009            148        0.06        0.06    CUFLXN@29
  954     0.02       36.087        0.009        0.009            148        0.06        0.06    ACNEBN@22
  955     0.02       36.087        0.009        0.009            185        0.05        0.05    LASCAW_VINTW@3
  956     0.02       36.096        0.009        0.013          12395        0.00        0.00   *CUENTR@9
  957     0.02       36.096        0.009        0.014          12395        0.00        0.00    CUENTR@4
  958     0.02       36.096        0.009        0.009            185        0.05        0.05    ACTQSAT@5
  959     0.02       36.096        0.009        0.009            148        0.06        0.06    ACNEBN@24
  960     0.02       36.096        0.009        0.013          12395        0.00        0.00    CUENTR@10
  961     0.02       36.096        0.009        0.009            148        0.06        0.06    ACNEBN@21
  962     0.02       36.096        0.009        0.009            148        0.06        0.06    CPPHINP@27
  963     0.02       36.096        0.009        0.066            148        0.06        0.45    ACTKE@20
  964     0.02       36.096        0.009        0.009            148        0.06        0.06    ACNEBN@16
  965     0.02       36.096        0.009        0.009            148        0.06        0.06    ACNEBN@15
  966     0.02       36.096        0.009        0.013          12395        0.00        0.00    CUENTR@3
  967     0.02       36.096        0.009        0.013          12395        0.00        0.00    CUENTR@5
  968     0.02       36.096        0.009        0.009            148        0.06        0.06    ACNEBN@18
  969     0.02       36.096        0.009        0.009            148        0.06        0.06    ACNEBN@19
  970     0.02       36.096        0.009        0.009            148        0.06        0.06    ACNEBN@23
  971     0.02       36.096        0.009        0.009            148        0.06        0.06    ACNEBN@14
  972     0.02       36.096        0.009        0.009            148        0.06        0.06    ACNEBN@17
  973     0.02       36.096        0.009        0.013          12395        0.00        0.00    CUENTR@11
  974     0.02       36.096        0.009        0.009            148        0.06        0.06    ACNEBN@13
  975     0.02       36.096        0.009        0.009            185        0.05        0.05    ACDRAG@1
  976     0.02       36.096        0.009        0.009            148        0.06        0.06    CUFLXN@19
  977     0.02       36.096        0.009        0.013          12395        0.00        0.00    CUBASMCN@6
  978     0.02       36.096        0.009        0.009            148        0.06        0.06    ACDRAG@13
  979     0.02       36.096        0.009        0.009            148        0.06        0.06    ACNEBN@28
  980     0.02       36.096        0.009        0.009            148        0.06        0.06    ACNEBN@12
  981     0.02       36.096        0.009        0.066            148        0.06        0.44    ACTKE@25
  982     0.02       36.096        0.009        0.009             72        0.12        0.12    SGEMMX@5
  983     0.02       36.096        0.009        0.013          12395        0.00        0.00    CUENTR@8
  984     0.02       36.096        0.009        0.009            148        0.06        0.06    ACNEBN@31
  985     0.02       36.096        0.009        0.013          12395        0.00        0.00    CUENTR@7
  986     0.02       36.105        0.009       19.456            973        0.01       20.00    radiation_interface_CPU:radiation_CPU@1
  987     0.02       36.105        0.009        0.009            148        0.06        0.06    ACDRAG@12
  988     0.02       36.105        0.009        0.009            185        0.05        0.05    LASCAW_VINTW@9
  989     0.02       36.105        0.009        0.009            148        0.06        0.06    ACDRAG@30
  990     0.02       36.105        0.009        0.009            148        0.06        0.06    ACNEBN@25
  991     0.02       36.105        0.009        0.009            148        0.06        0.06    CPPHINP@26
  992     0.02       36.113        0.009        0.009              1        8.50        8.50    SETUP_TRANS@1
  993     0.02       36.113        0.008        0.009            148        0.06        0.06    ACNEBN@26
  994     0.02       36.113        0.008        0.009            148        0.06        0.06    ACDRAG@22
  995     0.02       36.113        0.008        0.009            185        0.05        0.05    ACTQSAT@6
  996     0.02       36.113        0.008        0.009            185        0.05        0.05    ACTQSAT@8
  997     0.02       36.113        0.008        0.009            148        0.06        0.06    ACDRAG@14
  998     0.02       36.113        0.008        0.009            185        0.05        0.05    ACTQSAT@7
  999     0.02       36.113        0.008        0.009            148        0.06        0.06    ACNEBN@29
 1000     0.02       36.113        0.008        0.009            185        0.05        0.05    LASCAW_VINTW@8
 1001     0.02       36.113        0.008        0.008            148        0.06        0.06    ACDRAG@21
 1002     0.02       36.122        0.008        0.009            973        0.01        0.01    radiation_single_level:get_albedos_CPU@1
 1003     0.02       36.122        0.008        0.008            148        0.06        0.06    ACDRAG@23
 1004     0.02       36.122        0.008        0.008            148        0.06        0.06    ACDRAG@25
 1005     0.02       36.122        0.008        0.008            148        0.06        0.06    ACDRAG@31
 1006     0.02       36.122        0.008        0.008            148        0.06        0.06    CPPHINP@25
 1007     0.02       36.122        0.008        0.008            148        0.06        0.06    ACDRAG@29
 1008     0.02       36.122        0.008        0.008             72        0.12        0.12    SGEMMX@6
 1009     0.02       36.122        0.008        0.008            148        0.06        0.06    CUFLXN@21
 1010     0.02       36.122        0.008        0.008            148        0.06        0.06    CUFLXN@30
 1011     0.02       36.122        0.008        0.008            148        0.06        0.06    ACDRAG@28
 1012     0.02       36.122        0.008        0.008            148        0.06        0.06    ACDRAG@24
 1013     0.02       36.122        0.008        0.008            148        0.06        0.06    ACNEBN@27
 1014     0.02       36.122        0.008        0.008            185        0.04        0.05    ACTQSAT@9
 1015     0.02       36.130        0.008        0.009            370        0.02        0.02   *ACUPTQ@3
 1016     0.02       36.130        0.008        0.008            185        0.04        0.05    ACTQSAT@10
 1017     0.02       36.130        0.008        0.008             72        0.11        0.11    SGEMMX@8
 1018     0.02       36.130        0.008        0.008             72        0.11        0.11    SGEMMX@7
 1019     0.02       36.130        0.008        0.008            148        0.06        0.06    ACDRAG@27
 1020     0.02       36.130        0.008        0.008            370        0.02        0.02    ACUPTQ@4
 1021     0.02       36.130        0.008        0.008            370        0.02        0.02    ACUPTQ@2
 1022     0.02       36.130        0.008        0.008            185        0.04        0.04    ACTQSAT@11
 1023     0.02       36.130        0.008        0.008            148        0.06        0.06    ACDRAG@26
 1024     0.02       36.130        0.008        0.008            148        0.06        0.06    ACDRAG@15
 1025     0.02       36.130        0.008        0.066            148        0.05        0.44    ACTKE@27
 1026     0.02       36.130        0.008        0.008            148        0.05        0.06    CUFLXN@22
 1027     0.02       36.130        0.008        0.008            148        0.05        0.06    ACDRAG@17
 1028     0.02       36.130        0.008        0.008            148        0.05        0.06    ACDRAG@16
 1029     0.02       36.130        0.008        0.008            148        0.05        0.06    ACDRAG@19
 1030     0.02       36.138        0.008        0.009             37        0.22        0.25    LAPINEB_PARALLEL:NVLAG3:COMPUTE@1
 1031     0.02       36.138        0.008        0.065            148        0.05        0.44    ACTKE@22
 1032     0.02       36.138        0.008        0.008            185        0.04        0.04    CUFLXN@1
 1033     0.02       36.146        0.008        0.008             37        0.22        0.22    APL_ARPEGE_PARALLEL:ZRDG_LCVQ:COMPUTE@1
 1034     0.02       36.146        0.008        0.008            148        0.05        0.05    ACDRAG@18
 1035     0.02       36.146        0.008        0.065            148        0.05        0.44    ACTKE@26
 1036     0.02       36.146        0.008        0.065            148        0.05        0.44    ACTKE@29
 1037     0.02       36.146        0.008        0.008            148        0.05        0.05    ACDRAG@20
 1038     0.02       36.154        0.008        0.141             37        0.22        3.81    APL_ARPEGE_SURFACE_PARALLEL:LMSE_F:COMPUTE@1
 1039     0.02       36.162        0.008        0.008            144        0.06        0.06    EXCHANGE_MS:MESSAGE_M@1
 1040     0.02       36.162        0.008        0.012          12395        0.00        0.00    CUBASMCN@1
 1041     0.02       36.162        0.008        0.065            148        0.05        0.44    ACTKE@24
 1042     0.02       36.162        0.008        0.008            370        0.02        0.02    ACUPTQ@1
 1043     0.02       36.162        0.008        0.008            185        0.04        0.04    LASCAW_VINTW@10
 1044     0.02       36.162        0.008        0.065            148        0.05        0.44    ACTKE@23
 1045     0.02       36.170        0.008        0.008             38        0.21        0.21   *LEDIR_SGEMM_1@1
 1046     0.02       36.170        0.008        0.012          12395        0.00        0.00    CUENTR@6
 1047     0.02       36.170        0.008        0.065            148        0.05        0.44    ACTKE@28
 1048     0.02       36.170        0.008        0.008            148        0.05        0.05    ACDRAG@32
 1049     0.02       36.170        0.008        0.008            185        0.04        0.04    LASCAW_VINTW@11
 1050     0.02       36.178        0.008        0.008             74        0.10        0.11    SLEXTPOL3@1
 1051     0.02       36.185        0.008        0.008             78        0.10        0.10   *LEINV_SGEMM_1@30
 1052     0.02       36.185        0.008        0.011           9916        0.00        0.00    CUBASMCN@14
 1053     0.02       36.185        0.008        0.012          12395        0.00        0.00    CUBASMCN@2
 1054     0.02       36.185        0.008        0.008             78        0.10        0.10    LEINV_SGEMM_1@31
 1055     0.02       36.185        0.008        0.008            148        0.05        0.05    LASCAW_VINTW@15
 1056     0.02       36.185        0.008        0.008            148        0.05        0.05    CUFLXN@13
 1057     0.02       36.185        0.008        0.008            148        0.05        0.05    CUFLXN@15
 1058     0.02       36.185        0.008        0.008            148        0.05        0.05    ACNEBN@32
 1059     0.02       36.185        0.008        0.008            370        0.02        0.02    ACUPTQ@7
 1060     0.02       36.185        0.008        0.008             39        0.19        0.20    LEINV_SGEMM_1@2
 1061     0.02       36.193        0.008        0.008            973        0.01        0.01    SRTM_TAUMOL26_CPU@1
 1062     0.02       36.193        0.008        0.008            370        0.02        0.02    ACUPTQ@5
 1063     0.02       36.193        0.008        0.008            148        0.05        0.05    LASCAW_VINTW@16
 1064     0.02       36.193        0.008        0.008            148        0.05        0.05    CUFLXN@12
 1065     0.02       36.193        0.008        0.008            185        0.04        0.04    LASCAW_VINTW@1
 1066     0.02       36.193        0.008        0.008            370        0.02        0.02    ACUPTQ@8
 1067     0.02       36.193        0.008        0.008            148        0.05        0.05    LASCAW_VINTW@14
 1068     0.02       36.193        0.008        0.008            148        0.05        0.05    CUFLXN@14
 1069     0.02       36.193        0.007        0.008            148        0.05        0.05    CPPHINP@30
 1070     0.02       36.193        0.007        0.064            148        0.05        0.43    ACTKE@30
 1071     0.02       36.193        0.007        0.008            370        0.02        0.02    ACUPTQ@6
 1072     0.02       36.193        0.007        0.007             78        0.09        0.09    LEINV_SGEMM_1@32
 1073     0.02       36.200        0.007        0.008           1295        0.01        0.01   *ROTUV@4
 1074     0.02       36.200        0.007        0.007            185        0.04        0.04    CPPHINP@2
 1075     0.02       36.200        0.007        0.008           1036        0.01        0.01    ROTUV@31
 1076     0.02       36.200        0.007        0.011           9916        0.00        0.00    CUENTR@12
 1077     0.02       36.207        0.007        0.008            973        0.01        0.01    radiation_gas:allocate_gas_CPU@1
 1078     0.02       36.207        0.007        0.008           1036        0.01        0.01    ROTUV@29
 1079     0.02       36.207        0.007        0.011           9916        0.00        0.00    CUENTR@18
 1080     0.02       36.207        0.007        0.007             39        0.19        0.19    LEINV_SGEMM_1@3
 1081     0.02       36.207        0.007        0.011           9916        0.00        0.00    CUBASMCN@15
 1082     0.02       36.207        0.007        0.008           1036        0.01        0.01    ROTUV@30
 1083     0.02       36.207        0.007        0.012          12395        0.00        0.00    CUENTR@1
 1084     0.02       36.207        0.007        0.007             78        0.09        0.09    LEINV_SGEMM_1@28
 1085     0.02       36.207        0.007        0.008           1036        0.01        0.01    ROTUV@19
 1086     0.02       36.207        0.007        0.007             78        0.09        0.09    LEINV_SGEMM_1@29
 1087     0.02       36.207        0.007        0.008           1036        0.01        0.01    ROTUV@20
 1088     0.02       36.207        0.007        0.008           1036        0.01        0.01    ROTUV@25
 1089     0.02       36.207        0.007        0.011           9916        0.00        0.00    CUBASMCN@13
 1090     0.02       36.207        0.007        0.011           9916        0.00        0.00    CUBASMCN@25
 1091     0.02       36.207        0.007        0.011           9916        0.00        0.00    CUBASMCN@12
 1092     0.02       36.207        0.007        0.008           1036        0.01        0.01    ROTUV@32
 1093     0.02       36.207        0.007        0.008           1295        0.01        0.01    ROTUV@2
 1094     0.02       36.207        0.007        0.008           1295        0.01        0.01    ROTUV@3
 1095     0.02       36.207        0.007        0.008           1036        0.01        0.01    ROTUV@17
 1096     0.02       36.207        0.007        0.008           1036        0.01        0.01    ROTUV@21
 1097     0.02       36.207        0.007        0.008           1036        0.01        0.01    ROTUV@18
 1098     0.02       36.207        0.007        0.008           1036        0.01        0.01    ROTUV@28
 1099     0.02       36.207        0.007        0.007            185        0.04        0.04    LASCAW_VINTW@4
 1100     0.02       36.207        0.007        0.055            148        0.05        0.37    ACTKE@32
 1101     0.02       36.207        0.007        0.008           1036        0.01        0.01    ROTUV@22
 1102     0.02       36.207        0.007        0.007            148        0.05        0.05    CPPHINP@29
 1103     0.02       36.207        0.007        0.011           9916        0.00        0.00    CUBASMCN@18
 1104     0.02       36.207        0.007        0.007            148        0.05        0.05    ACTQSAT@13
 1105     0.02       36.207        0.007        0.011           9916        0.00        0.00    CUENTR@20
 1106     0.02       36.207        0.007        0.011           9916        0.00        0.00    CUENTR@13
 1107     0.02       36.215        0.007        0.007            973        0.01        0.01    radiation_flux:deallocate_flux_type_CPU@1
 1108     0.02       36.215        0.007        0.011           9916        0.00        0.00    CUENTR@14
 1109     0.02       36.215        0.007        0.011           9916        0.00        0.00    CUENTR@16
 1110     0.02       36.215        0.007        0.008           1036        0.01        0.01    ROTUV@24
 1111     0.02       36.222        0.007       31.451             37        0.19      850.04    SCAN2M@1
 1112     0.02       36.222        0.007        0.008           1036        0.01        0.01    ROTUV@27
 1113     0.02       36.222        0.007        0.011           9916        0.00        0.00    CUENTR@25
 1114     0.02       36.229        0.007        0.007              1        7.09        7.09    INI_TIWMX@1
 1115     0.02       36.229        0.007        0.011           9916        0.00        0.00    CUENTR@24
 1116     0.02       36.229        0.007        0.011           9916        0.00        0.00    CUENTR@17
 1117     0.02       36.229        0.007        0.007             39        0.18        0.18    LEINV_SGEMM_1@4
 1118     0.02       36.229        0.007        0.011           9916        0.00        0.00    CUBASMCN@17
 1119     0.02       36.229        0.007        0.011           9916        0.00        0.00    CUENTR@15
 1120     0.02       36.229        0.007        0.064            148        0.05        0.43    ACTKE@31
 1121     0.02       36.229        0.007        0.011           9916        0.00        0.00    CUBASMCN@19
 1122     0.02       36.229        0.007        0.007            185        0.04        0.04    CPPHINP@1
 1123     0.02       36.229        0.007        0.011           9916        0.00        0.00    CUENTR@26
 1124     0.02       36.229        0.007        0.011           9916        0.00        0.00    CUBASMCN@16
 1125     0.02       36.229        0.007        0.011           9916        0.00        0.00    CUENTR@19
 1126     0.02       36.229        0.007        0.007           1036        0.01        0.01    ROTUV@23
 1127     0.02       36.229        0.007        0.007            148        0.05        0.05    ACTQSAT@12
 1128     0.02       36.236        0.007        0.007             37        0.19        0.19    SCAN2M:WIPE@1
 1129     0.02       36.236        0.007        0.011           9916        0.00        0.00    CUBASMCN@20
 1130     0.02       36.236        0.007        0.011          12395        0.00        0.00    CUENTR@2
 1131     0.02       36.236        0.007        0.007           1295        0.01        0.01    ROTUV@1
 1132     0.02       36.236        0.007        0.072            185        0.04        0.39    ACTKE@1
 1133     0.02       36.236        0.007        0.011           9916        0.00        0.00    CUBASMCN@24
 1134     0.02       36.236        0.007        0.007            148        0.05        0.05    CPPHINP@28
 1135     0.02       36.236        0.007        0.007            148        0.05        0.05    ACTQSAT@14
 1136     0.02       36.236        0.007        0.011           9916        0.00        0.00    CUENTR@23
 1137     0.02       36.236        0.007        0.007            370        0.02        0.02    ACUPTQ@9
 1138     0.02       36.243        0.007        0.008             37        0.18        0.22    APL_ARPEGE_SURFACE_UPDATE_PARALLEL:LMSE_F:COMPUTE@1
 1139     0.02       36.249        0.007        0.007             37        0.18        0.19    MF_PHYS_FPL_PART1_PARALLEL:PART1:COMPUTE@1
 1140     0.02       36.249        0.007        0.007            148        0.05        0.05    LASCAW_VINTW@31
 1141     0.02       36.249        0.007        0.007           1036        0.01        0.01    ROTUV@26
 1142     0.02       36.256        0.007        0.166            185        0.04        0.90   *CUCALLN_MF@11
 1143     0.02       36.256        0.007        0.007            370        0.02        0.02    ACUPTQ@11
 1144     0.02       36.256        0.007        0.007            148        0.05        0.05    ACTQSAT@15
 1145     0.02       36.256        0.007        0.007            148        0.05        0.05    ACTQSAT@16
 1146     0.02       36.256        0.007        0.007            185        0.04        0.04    LASCAW_VINTW@5
 1147     0.02       36.256        0.007        0.158            185        0.04        0.86    CUCALLN_MF@7
 1148     0.02       36.263        0.007        0.007            185        0.04        0.04   *ACDRME@3
 1149     0.02       36.263        0.007        0.007            370        0.02        0.02    ACUPTQ@10
 1150     0.02       36.263        0.007        0.161            185        0.04        0.87    CUCALLN_MF@3
 1151     0.02       36.263        0.007        0.010           9916        0.00        0.00    CUBASMCN@22
 1152     0.02       36.263        0.007        0.162            185        0.04        0.88    CUCALLN_MF@5
 1153     0.02       36.263        0.007        0.010           9916        0.00        0.00    CUBASMCN@26
 1154     0.02       36.263        0.007        0.163            185        0.04        0.88    CUCALLN_MF@8
 1155     0.02       36.263        0.007        0.010           9916        0.00        0.00    CUBASMCN@23
 1156     0.02       36.263        0.007        0.010           9916        0.00        0.00    CUENTR@27
 1157     0.02       36.263        0.007        0.007            148        0.04        0.05    CUFLXN@32
 1158     0.02       36.263        0.007        0.161            185        0.04        0.87    CUCALLN_MF@4
 1159     0.02       36.263        0.007        0.153            185        0.04        0.83    CUCALLN_MF@6
 1160     0.02       36.270        0.007        0.007            973        0.01        0.01    radiation_flux:allocate_flux_type_CPU@1
 1161     0.02       36.270        0.007        0.007           1295        0.01        0.01    ROTUV@7
 1162     0.02       36.270        0.007        0.010           9916        0.00        0.00    CUENTR@22
 1163     0.02       36.270        0.007        0.007           1295        0.01        0.01    ROTUV@5
 1164     0.02       36.270        0.007        0.164            185        0.04        0.89    CUCALLN_MF@10
 1165     0.02       36.270        0.007        0.007             78        0.08        0.08    LEINV_SGEMM_1@27
 1166     0.02       36.270        0.007        0.010           9916        0.00        0.00    CUENTR@21
 1167     0.02       36.270        0.007        0.007            148        0.04        0.05    LASCAW_VINTW@30
 1168     0.02       36.276        0.007        0.007            222        0.03        0.03    LATTEX_EXPL_2TL_PARALLEL:3:COMPUTE@1
 1169     0.02       36.276        0.007        0.010           9916        0.00        0.00    CUBASMCN@28
 1170     0.02       36.276        0.007        0.010           9916        0.00        0.00    CUBASMCN@21
 1171     0.02       36.276        0.007        0.007            114        0.06        0.06    LEINV_SGEMM_1@22
 1172     0.02       36.276        0.007        0.007           1295        0.01        0.01    ROTUV@6
 1173     0.02       36.276        0.007        0.007            148        0.04        0.04    ACTQSAT@22
 1174     0.02       36.276        0.006        0.007            185        0.04        0.04    ACDRME@7
 1175     0.02       36.276        0.006        0.007            185        0.04        0.04    ACDRME@2
 1176     0.02       36.276        0.006        0.007             39        0.17        0.17    LEINV_SGEMM_1@6
 1177     0.02       36.276        0.006        0.007            148        0.04        0.04    ACTQSAT@18
 1178     0.02       36.276        0.006        0.007            148        0.04        0.04    ACTQSAT@26
 1179     0.02       36.276        0.006        0.165            185        0.04        0.89    CUCALLN_MF@9
 1180     0.02       36.283        0.006        0.009            148        0.04        0.06   *CUDTDQN@25
 1181     0.02       36.283        0.006        0.010           9916        0.00        0.00    CUBASMCN@27
 1182     0.02       36.283        0.006        0.010           9916        0.00        0.00    CUENTR@28
 1183     0.02       36.283        0.006        0.007            185        0.03        0.04    ACDRME@6
 1184     0.02       36.283        0.006        0.007            148        0.04        0.04    LASCAW_VINTW@28
 1185     0.02       36.283        0.006        0.007            148        0.04        0.04    ACTQSAT@24
 1186     0.02       36.283        0.006        0.007           1295        0.00        0.01    ROTUV@11
 1187     0.02       36.283        0.006        0.007            148        0.04        0.04    ACTQSAT@30
 1188     0.02       36.283        0.006        0.006             73        0.09        0.09    LEINV_SGEMM_1@14
 1189     0.02       36.283        0.006        0.006            148        0.04        0.04    ACTQSAT@27
 1190     0.02       36.283        0.006        0.007            148        0.04        0.04    ACTQSAT@28
 1191     0.02       36.283        0.006        0.140            185        0.03        0.76    CUCALLN_MF@2
 1192     0.02       36.283        0.006        0.007           1295        0.00        0.01    ROTUV@8
 1193     0.02       36.283        0.006        0.010           9916        0.00        0.00    CUENTR@30
 1194     0.02       36.283        0.006        0.006            148        0.04        0.04    ACTQSAT@23
 1195     0.02       36.283        0.006        0.007            148        0.04        0.04    LASCAW_VINTW@12
 1196     0.02       36.283        0.006        0.006             79        0.08        0.08    LEINV_SGEMM_1@26
 1197     0.02       36.283        0.006        0.006            148        0.04        0.04    ACTQSAT@20
 1198     0.02       36.283        0.006        0.006            148        0.04        0.04    ACTQSAT@25
 1199     0.02       36.283        0.006        0.007            185        0.03        0.04    ACDRME@8
 1200     0.02       36.283        0.006        0.006             78        0.08        0.08    LEINV_SGEMM_1@25
 1201     0.02       36.283        0.006        0.007           1295        0.00        0.01    ROTUV@9
 1202     0.02       36.283        0.006        0.006            148        0.04        0.04    ACTQSAT@21
 1203     0.02       36.283        0.006        0.006            148        0.04        0.04    ACTQSAT@31
 1204     0.02       36.289        0.006        0.007            144        0.04        0.05    EXCHANGE_MS:MESSAGE_S@1
 1205     0.02       36.289        0.006        0.006            185        0.03        0.04    ACDRME@5
 1206     0.02       36.289        0.006        0.010           9916        0.00        0.00    CUENTR@31
 1207     0.02       36.289        0.006        0.007           1850        0.00        0.00    VERINTS@3
 1208     0.02       36.289        0.006        0.006            148        0.04        0.04    ACTQSAT@19
 1209     0.02       36.289        0.006        0.007           1295        0.00        0.01    ROTUV@10
 1210     0.02       36.289        0.006        0.006            185        0.03        0.03    ACDRME@4
 1211     0.02       36.289        0.006        0.010           9916        0.00        0.00    CUBASMCN@30
 1212     0.02       36.289        0.006        0.129            185        0.03        0.70    CUCALLN_MF@1
 1213     0.02       36.289        0.006        0.006             78        0.08        0.08    LEINV_SGEMM_1@23
 1214     0.02       36.295        0.006        0.006             37        0.17        0.17    APL_ARPEGE_RADIATION_PARALLEL:LMSE_F:COMPUTE@1
 1215     0.02       36.295        0.006        0.006            148        0.04        0.04    ACTQSAT@29
 1216     0.02       36.295        0.006        0.007           1850        0.00        0.00    VERINTS@11
 1217     0.02       36.302        0.006        0.006            185        0.03        0.03   *CUININ@4
 1218     0.02       36.302        0.006        0.009            185        0.03        0.05    CUDTDQN@9
 1219     0.02       36.302        0.006        0.006            185        0.03        0.03    CUININ@3
 1220     0.02       36.302        0.006        0.007           1850        0.00        0.00    VERINTS@2
 1221     0.02       36.302        0.006        0.006            148        0.04        0.04    ACTQSAT@17
 1222     0.02       36.302        0.006        0.009            185        0.03        0.05    CUDTDQN@5
 1223     0.02       36.302        0.006        0.007           1850        0.00        0.00    VERINTS@8
 1224     0.02       36.302        0.006        0.007           1850        0.00        0.00    VERINTS@7
 1225     0.02       36.302        0.006        0.006            185        0.03        0.03    CUININ@7
 1226     0.02       36.308        0.006        0.309             37        0.17        8.35    LAPINEA_DRV@1
 1227     0.02       36.308        0.006        0.006            296        0.02        0.02    ACUPTQ@12
 1228     0.02       36.308        0.006        0.006            185        0.03        0.03    CUININ@5
 1229     0.02       36.308        0.006        0.007           1850        0.00        0.00    VERINTS@9
 1230     0.02       36.308        0.006        0.007           1850        0.00        0.00    VERINTS@5
 1231     0.02       36.308        0.006        0.007           1850        0.00        0.00    VERINTS@4
 1232     0.02       36.308        0.006        0.006            185        0.03        0.03    ACDRME@1
 1233     0.02       36.308        0.006        0.006            185        0.03        0.03    CUININ@6
 1234     0.02       36.308        0.006        0.006            148        0.04        0.04    ACTQSAT@32
 1235     0.02       36.308        0.006        0.010           9916        0.00        0.00    CUBASMCN@31
 1236     0.02       36.314        0.006        0.006            222        0.03        0.03    GPINISLB_PART2_EXPL_PARALLEL:0:COMPUTE@1
 1237     0.02       36.314        0.006        0.007           1850        0.00        0.00    VERINTS@6
 1238     0.02       36.314        0.006        0.007           1850        0.00        0.00    VERINTS@10
 1239     0.02       36.314        0.006        0.006            185        0.03        0.03    CUININ@8
 1240     0.02       36.314        0.006        0.006             40        0.15        0.15    LEINV_SGEMM_1@5
 1241     0.02       36.314        0.006        0.006            185        0.03        0.03    CUININ@10
 1242     0.02       36.314        0.006        0.006            185        0.03        0.03    CUININ@11
 1243     0.02       36.314        0.006        0.006             72        0.08        0.09    SGEMMX@4
 1244     0.02       36.314        0.006        0.008            148        0.04        0.05    CUDTDQN@26
 1245     0.02       36.314        0.006        0.006            296        0.02        0.02    ACUPTQ@13
 1246     0.02       36.314        0.006        0.006             72        0.08        0.08    SGEMMX@3
 1247     0.02       36.314        0.006        0.006            185        0.03        0.03    CUININ@9
 1248     0.02       36.314        0.006        0.006            148        0.04        0.04    LASCAW_VINTW@26
 1249     0.02       36.314        0.006        0.006            296        0.02        0.02    ACUPTQ@14
 1250     0.02       36.314        0.006        0.009           9916        0.00        0.00    CUENTR@29
 1251     0.02       36.320        0.006        0.007             39        0.15        0.17    COMMSPNORM@1
 1252     0.02       36.320        0.006        0.006            148        0.04        0.04    LASCAW_VINTW@27
 1253     0.02       36.320        0.006        0.010           9916        0.00        0.00    CUENTR@32
 1254     0.02       36.320        0.006        0.006             70        0.09        0.09    LEINV_SGEMM_1@13
 1255     0.02       36.320        0.006        0.006            296        0.02        0.02    ACUPTQ@29
 1256     0.02       36.320        0.006        0.006            296        0.02        0.02    ACUPTQ@16
 1257     0.02       36.320        0.006        0.006             72        0.08        0.08    SGEMMX@2
 1258     0.02       36.320        0.006        0.006            185        0.03        0.03    CUININ@2
 1259     0.02       36.320        0.006        0.008            185        0.03        0.05    CUDTDQN@2
 1260     0.02       36.320        0.006        0.008            185        0.03        0.04    CUDTDQN@3
 1261     0.02       36.320        0.006        0.006             76        0.08        0.08    LEINV_SGEMM_1@15
 1262     0.02       36.320        0.006        0.006            114        0.05        0.05    LEINV_SGEMM_1@21
 1263     0.02       36.320        0.006        0.010           9916        0.00        0.00    CUBASMCN@32
 1264     0.02       36.320        0.006        0.006            296        0.02        0.02    ACUPTQ@31
 1265     0.02       36.320        0.006        0.008            148        0.04        0.05    CUDTDQN@28
 1266     0.02       36.320        0.006        0.006            296        0.02        0.02    ACUPTQ@25
 1267     0.02       36.320        0.006        0.006            296        0.02        0.02    ACUPTQ@15
 1268     0.02       36.320        0.006        0.006            296        0.02        0.02    ACUPTQ@28
 1269     0.02       36.326        0.006        0.017            148        0.04        0.11    GPRCP_EXPL_PARALLEL:0@1
 1270     0.02       36.326        0.006        0.006            296        0.02        0.02    ACUPTQ@32
 1271     0.02       36.326        0.006        0.009           9916        0.00        0.00    CUBASMCN@29
 1272     0.02       36.326        0.006        0.006            296        0.02        0.02    ACUPTQ@30
 1273     0.02       36.326        0.006        0.008            185        0.03        0.04    CUDTDQN@8
 1274     0.02       36.326        0.006        0.143            148        0.04        0.96    CUCALLN_MF@12
 1275     0.02       36.332        0.006        0.006            185        0.03        0.03   *GPHPRE_EXPL_VERTFE1@11
 1276     0.02       36.332        0.006        0.141            148        0.04        0.95    CUCALLN_MF@13
 1277     0.02       36.332        0.006        0.006            148        0.04        0.04    LASCAW_VINTW@24
 1278     0.02       36.332        0.006        0.006            148        0.04        0.04    LASCAW_VINTW@29
 1279     0.02       36.332        0.006        0.008            148        0.04        0.05    CUDTDQN@20
 1280     0.02       36.332        0.006        0.006           1036        0.01        0.01    ROTUV@13
 1281     0.02       36.332        0.006        0.006            296        0.02        0.02    ACUPTQ@27
 1282     0.02       36.332        0.006        0.008            148        0.04        0.05    CUDTDQN@27
 1283     0.02       36.332        0.006        0.006             39        0.15        0.15    LEINV_SGEMM_1@7
 1284     0.02       36.332        0.006        0.006            188        0.03        0.03    GPHPRE_EXPL_VERTFE1@1
 1285     0.02       36.332        0.006        0.006             39        0.15        0.15    LEDIR_SGEMM_1@2
 1286     0.02       36.332        0.006        0.006            296        0.02        0.02    ACUPTQ@26
 1287     0.02       36.332        0.006        0.008            148        0.04        0.05    CUDTDQN@23
 1288     0.02       36.332        0.006        0.006            185        0.03        0.03    GPHPRE_EXPL_VERTFE1@8
 1289     0.02       36.332        0.006        0.006            148        0.04        0.04    LASCAW_VINTW@25
 1290     0.02       36.332        0.006        0.006            185        0.03        0.03    GPHPRE_EXPL_VERTFE1@7
 1291     0.02       36.332        0.006        0.006             39        0.15        0.15    LEDIR_SGEMM_1@3
 1292     0.02       36.332        0.006        0.006            185        0.03        0.03    GPHPRE_EXPL_VERTFE1@9
 1293     0.02       36.332        0.006        0.006            148        0.04        0.04    LASCAW_VINTW@13
 1294     0.02       36.332        0.006        0.008            148        0.04        0.05    CUDTDQN@17
 1295     0.02       36.332        0.006        0.006           1036        0.01        0.01    ROTUV@14
 1296     0.02       36.332        0.006        0.142            148        0.04        0.96    CUCALLN_MF@14
 1297     0.02       36.332        0.006        0.006           1036        0.01        0.01    ROTUV@16
 1298     0.02       36.338        0.006        0.007             37        0.15        0.19    APL_WIND_GUST_PARALLEL:ACCLDIA:COMPUTE@1
 1299     0.02       36.338        0.006        0.006            185        0.03        0.03    GPHPRE_EXPL_VERTFE1@10
 1300     0.02       36.338        0.006        0.006            185        0.03        0.03    GPHPRE_EXPL_VERTFE1@5
 1301     0.02       36.338        0.006        0.137            148        0.04        0.93    CUCALLN_MF@15
 1302     0.02       36.338        0.006        0.008            185        0.03        0.04    CUDTDQN@7
 1303     0.02       36.338        0.006        0.006            185        0.03        0.03    GPHPRE_EXPL_VERTFE1@6
 1304     0.02       36.338        0.006        0.008            185        0.03        0.04    CUDTDQN@4
 1305     0.02       36.338        0.006        0.008            185        0.03        0.04    CUDTDQN@6
 1306     0.02       36.343        0.006        0.006            925        0.01        0.01   *MCOORDS@7
 1307     0.02       36.343        0.006        0.006            148        0.04        0.04    LASCAW_VINTW@23
 1308     0.02       36.343        0.006        0.006            185        0.03        0.03    ACDRME@9
 1309     0.02       36.349        0.006        0.026            555        0.01        0.05    GPRCP_EXPL_PARALLEL:1@1
 1310     0.02       36.349        0.006        0.141            148        0.04        0.95    CUCALLN_MF@16
 1311     0.02       36.349        0.006        0.008            185        0.03        0.04    CUDTDQN@10
 1312     0.02       36.354        0.006        0.006             78        0.07        0.07   *LEINV_SGEMM_2@31
 1313     0.02       36.354        0.006        0.006           1036        0.01        0.01    ROTUV@15
 1314     0.02       36.354        0.006        0.006            148        0.04        0.04    LASCAW_VINTW@32
 1315     0.02       36.354        0.006        0.006            185        0.03        0.03    ACDRME@11
 1316     0.02       36.354        0.006        0.008            148        0.04        0.05    CUDTDQN@19
 1317     0.02       36.354        0.006        0.008            185        0.03        0.04    CUDTDQN@11
 1318     0.02       36.354        0.006        0.008            148        0.04        0.05    CUDTDQN@24
 1319     0.01       36.354        0.006        0.007            148        0.04        0.05    CUDTDQN@31
 1320     0.01       36.354        0.006        0.006             40        0.14        0.14    LEINV_SGEMM_1@8
 1321     0.01       36.354        0.006        0.007            148        0.04        0.05    CUDTDQN@22
 1322     0.01       36.354        0.006        0.006           1036        0.01        0.01    ROTUV@12
 1323     0.01       36.354        0.006        0.006            296        0.02        0.02    ACUPTQ@22
 1324     0.01       36.354        0.006        0.006            296        0.02        0.02    ACUPTQ@24
 1325     0.01       36.354        0.006        0.007            148        0.04        0.05    CUDTDQN@29
 1326     0.01       36.354        0.006        0.006             39        0.14        0.14    LEINV_SGEMM_1@10
 1327     0.01       36.354        0.006        0.006            296        0.02        0.02    ACUPTQ@21
 1328     0.01       36.354        0.006        0.006            185        0.03        0.03    CUININ@1
 1329     0.01       36.354        0.005        0.006             41        0.13        0.13    LEDIR_SGEMM_1@4
 1330     0.01       36.354        0.005        0.006             37        0.15        0.15    LEDIR_SGEMM_1@5
 1331     0.01       36.354        0.005        0.006             77        0.07        0.07    LEINV_SGEMM_1@24
 1332     0.01       36.354        0.005        0.006            148        0.04        0.04    LASCAW_VINTW@17
 1333     0.01       36.360        0.005        0.006             37        0.15        0.15    CPG_SL2_TYPE_SET_HOST_PARALLEL@1
 1334     0.01       36.360        0.005        0.005             79        0.07        0.07    LEINV_SGEMM_1@18
 1335     0.01       36.360        0.005        0.007            148        0.04        0.05    CUDTDQN@21
 1336     0.01       36.360        0.005        0.007            148        0.04        0.05    CUDTDQN@16
 1337     0.01       36.360        0.005        0.006            296        0.02        0.02    ACUPTQ@19
 1338     0.01       36.365        0.005        0.010             72        0.07        0.15    MXMAOP@1
 1339     0.01       36.365        0.005        0.006            296        0.02        0.02    ACUPTQ@17
 1340     0.01       36.365        0.005        0.006            296        0.02        0.02    ACUPTQ@23
 1341     0.01       36.365        0.005        0.005            148        0.04        0.04    GPHPRE_EXPL_VERTFE1@12
 1342     0.01       36.371        0.005        0.005            185        0.03        0.03   *QNGCOR@9
 1343     0.01       36.371        0.005        0.006            925        0.01        0.01    MCOORDS@5
 1344     0.01       36.376        0.005        0.006            973        0.01        0.01    SATUR_CPU@1
 1345     0.01       36.376        0.005        0.006            296        0.02        0.02    ACUPTQ@20
 1346     0.01       36.376        0.005        0.005            148        0.04        0.04    GPHPRE_EXPL_VERTFE1@15
 1347     0.01       36.376        0.005        0.005            148        0.04        0.04    CUININ@13
 1348     0.01       36.376        0.005        0.007            148        0.04        0.05    CUDTDQN@13
 1349     0.01       36.376        0.005        0.006            296        0.02        0.02    ACUPTQ@18
 1350     0.01       36.376        0.005        0.007            148        0.04        0.05    CUDTDQN@18
 1351     0.01       36.376        0.005        0.005            148        0.04        0.04    GPHPRE_EXPL_VERTFE1@16
 1352     0.01       36.381        0.005        0.591             36        0.15       16.41    SPCSINEW@1
 1353     0.01       36.381        0.005        0.006           1480        0.00        0.00    VERINTS@19
 1354     0.01       36.381        0.005        0.005            148        0.04        0.04    GPHPRE_EXPL_VERTFE1@14
 1355     0.01       36.381        0.005        0.006           1480        0.00        0.00    VERINTS@31
 1356     0.01       36.381        0.005        0.006           1480        0.00        0.00    VERINTS@25
 1357     0.01       36.381        0.005        0.006           1480        0.00        0.00    VERINTS@18
 1358     0.01       36.381        0.005        0.005            185        0.03        0.03    ACDRME@10
 1359     0.01       36.381        0.005        0.005            185        0.03        0.03    QNGCOR@10
 1360     0.01       36.381        0.005        0.005            185        0.03        0.03    GPHPRE_EXPL_VERTFE1@4
 1361     0.01       36.381        0.005        0.005             37        0.14        0.14    LEDIR_SGEMM_1@7
 1362     0.01       36.381        0.005        0.005            148        0.04        0.04    LASCAW_VINTW@19
 1363     0.01       36.381        0.005        0.006           1480        0.00        0.00    VERINTS@32
 1364     0.01       36.381        0.005        0.005            148        0.04        0.04    CUININ@12
 1365     0.01       36.381        0.005        0.005            148        0.04        0.04    GPHPRE_EXPL_VERTFE1@13
 1366     0.01       36.381        0.005        0.006           1480        0.00        0.00    VERINTS@12
 1367     0.01       36.381        0.005        0.005            185        0.03        0.03    QNGCOR@5
 1368     0.01       36.381        0.005        0.006            740        0.01        0.01    MCOORDS@15
 1369     0.01       36.381        0.005        0.005             78        0.07        0.07    LEINV_SGEMM_2@30
 1370     0.01       36.381        0.005        0.149            148        0.04        1.00    CUCALLN_MF@17
 1371     0.01       36.381        0.005        0.006           1480        0.00        0.00    VERINTS@13
 1372     0.01       36.381        0.005        0.006           1480        0.00        0.00    VERINTS@24
 1373     0.01       36.387        0.005        0.005            234        0.02        0.02    SPNORMB@1
 1374     0.01       36.387        0.005        0.006           1480        0.00        0.00    VERINTS@21
 1375     0.01       36.387        0.005        0.006           1480        0.00        0.00    VERINTS@30
 1376     0.01       36.387        0.005        0.005            148        0.04        0.04    LASCAW_VINTW@20
 1377     0.01       36.387        0.005        0.005             39        0.13        0.13    LEDIR_SGEMM_1@8
 1378     0.01       36.387        0.005        0.005             73        0.07        0.07    LEDIR_SGEMM_1@32
 1379     0.01       36.387        0.005        0.005            185        0.03        0.03    QNGCOR@11
 1380     0.01       36.387        0.005        0.005            185        0.03        0.03    GPHPRE_EXPL_VERTFE1@2
 1381     0.01       36.387        0.005        0.005            185        0.03        0.03    GPHPRE_EXPL_VERTFE1@3
 1382     0.01       36.387        0.005        0.005             38        0.14        0.14    LEDIR_SGEMM_1@6
 1383     0.01       36.387        0.005        0.007            148        0.04        0.05    CUDTDQN@14
 1384     0.01       36.387        0.005        0.006           1480        0.00        0.00    VERINTS@23
 1385     0.01       36.387        0.005        0.005            148        0.04        0.04    LASCAW_VINTW@21
 1386     0.01       36.387        0.005        0.006           1480        0.00        0.00    VERINTS@26
 1387     0.01       36.387        0.005        0.005            148        0.04        0.04    LASCAW_VINTW@22
 1388     0.01       36.387        0.005        0.006           1480        0.00        0.00    VERINTS@14
 1389     0.01       36.387        0.005        0.006           1480        0.00        0.00    VERINTS@27
 1390     0.01       36.387        0.005        0.005             72        0.07        0.07    LEDIR_SGEMM_1@31
 1391     0.01       36.387        0.005        0.007            185        0.03        0.04    CUDTDQN@1
 1392     0.01       36.387        0.005        0.005            185        0.03        0.03    QNGCOR@7
 1393     0.01       36.392        0.005        0.005             37        0.14        0.14    CPUTQY_APLPAR_EXPL_PARALLEL:ZTDCP:COMPUTE@1
 1394     0.01       36.392        0.005        0.005             39        0.13        0.13    LEINV_SGEMM_2@3
 1395     0.01       36.392        0.005        0.005            185        0.03        0.03    QNGCOR@8
 1396     0.01       36.392        0.005        0.141            148        0.04        0.96    CUCALLN_MF@21
 1397     0.01       36.392        0.005        0.005            740        0.01        0.01    MCOORDS@13
 1398     0.01       36.392        0.005        0.140            148        0.03        0.95    CUCALLN_MF@22
 1399     0.01       36.392        0.005        0.006           1480        0.00        0.00    VERINTS@22
 1400     0.01       36.392        0.005        0.155            148        0.03        1.05    CUCALLN_MF@24
 1401     0.01       36.392        0.005        0.006           1480        0.00        0.00    VERINTS@15
 1402     0.01       36.392        0.005        0.005            148        0.03        0.04    CUININ@15
 1403     0.01       36.392        0.005        0.006           1480        0.00        0.00    VERINTS@29
 1404     0.01       36.392        0.005        0.006           1480        0.00        0.00    VERINTS@16
 1405     0.01       36.392        0.005        0.005            740        0.01        0.01    MCOORDS@14
 1406     0.01       36.392        0.005        0.005             77        0.07        0.07    LEINV_SGEMM_1@16
 1407     0.01       36.392        0.005        0.005             39        0.13        0.13    LEINV_SGEMM_2@2
 1408     0.01       36.392        0.005        0.005             66        0.08        0.08    LEDIR_SGEMM_1@16
 1409     0.01       36.392        0.005        0.006           1480        0.00        0.00    VERINTS@20
 1410     0.01       36.392        0.005        0.005             40        0.13        0.13    LEINV_SGEMM_1@11
 1411     0.01       36.392        0.005        0.005            148        0.03        0.04    CUININ@16
 1412     0.01       36.392        0.005        0.005            925        0.01        0.01    MCOORDS@6
 1413     0.01       36.392        0.005        0.006           1480        0.00        0.00    VERINTS@28
 1414     0.01       36.392        0.005        0.006           1480        0.00        0.00    VERINTS@17
 1415     0.01       36.392        0.005        0.005            148        0.03        0.03    CUININ@29
 1416     0.01       36.397        0.005        0.007            185        0.03        0.04   *CUDUDV@9
 1417     0.01       36.397        0.005        0.007            148        0.03        0.05    CUDTDQN@30
 1418     0.01       36.397        0.005        0.005             78        0.06        0.07    LEINV_SGEMM_2@32
 1419     0.01       36.397        0.005        0.007            148        0.03        0.05    CUDTDQN@15
 1420     0.01       36.397        0.005        0.149            148        0.03        1.01    CUCALLN_MF@23
 1421     0.01       36.402        0.005        0.005             36        0.14        0.14    SPCHOR_TOT@1
 1422     0.01       36.407        0.005        0.019            324        0.02        0.06    SCAN2M_TS_PARALLEL:0@1
 1423     0.01       36.407        0.005        0.005             72        0.07        0.07    SGEMMX@1
 1424     0.01       36.407        0.005        0.005             89        0.06        0.06    LEINV_SGEMM_1@20
 1425     0.01       36.407        0.005        0.147            148        0.03        0.99    CUCALLN_MF@18
 1426     0.01       36.407        0.005        0.005             78        0.06        0.06    LEINV_SGEMM_2@29
 1427     0.01       36.407        0.005        0.005            185        0.03        0.03    QNGCOR@6
 1428     0.01       36.407        0.005        0.007            185        0.03        0.04    CUDUDV@11
 1429     0.01       36.407        0.005        0.005            148        0.03        0.03    CUININ@14
 1430     0.01       36.407        0.005        0.007            185        0.03        0.04    CUDUDV@8
 1431     0.01       36.412        0.005        0.006           4388        0.00        0.00    CONVECT_CLOSURE_ADJUST_SHAL@1
 1432     0.01       36.412        0.005        0.145            148        0.03        0.98    CUCALLN_MF@30
 1433     0.01       36.412        0.005        0.149            148        0.03        1.01    CUCALLN_MF@19
 1434     0.01       36.412        0.005        0.005            148        0.03        0.03    CUININ@17
 1435     0.01       36.412        0.005        0.005             56        0.09        0.09    LEDIR_SGEMM_1@14
 1436     0.01       36.412        0.005        0.145            148        0.03        0.98    CUCALLN_MF@29
 1437     0.01       36.412        0.005        0.005            740        0.01        0.01    MCOORDS@20
 1438     0.01       36.412        0.005        0.007            185        0.03        0.04    CUDUDV@10
 1439     0.01       36.412        0.005        0.005             73        0.07        0.07    LEDIR_SGEMM_1@29
 1440     0.01       36.412        0.005        0.005            148        0.03        0.03    LASCAW_VINTW@18
 1441     0.01       36.412        0.005        0.155            148        0.03        1.05    CUCALLN_MF@25
 1442     0.01       36.412        0.005        0.005             39        0.13        0.13    LEINV_SGEMM_2@4
 1443     0.01       36.412        0.005        0.005             39        0.13        0.13    LEDIR_SGEMM_1@9
 1444     0.01       36.412        0.005        0.005            148        0.03        0.03    CUININ@30
 1445     0.01       36.412        0.005        0.149            148        0.03        1.01    CUCALLN_MF@31
 1446     0.01       36.412        0.005        0.005             70        0.07        0.07    LEINV_SGEMM_2@13
 1447     0.01       36.412        0.005        0.005             40        0.12        0.12    LEINV_SGEMM_1@12
 1448     0.01       36.412        0.005        0.005            148        0.03        0.03    ACDRME@12
 1449     0.01       36.412        0.005        0.007            148        0.03        0.05    CUDUDV@25
 1450     0.01       36.412        0.005        0.005            148        0.03        0.03    CUININ@21
 1451     0.01       36.412        0.005        0.005            740        0.01        0.01    MCOORDS@19
 1452     0.01       36.417        0.005        0.005            148        0.03        0.03   *GPGRXYB_EXPL@16
 1453     0.01       36.417        0.005        0.005             59        0.08        0.08    LEDIR_SGEMM_1@15
 1454     0.01       36.417        0.005        0.005            148        0.03        0.03    CUININ@22
 1455     0.01       36.417        0.005        0.005             78        0.06        0.06    LEINV_SGEMM_2@28
 1456     0.01       36.417        0.005        0.005            106        0.05        0.05    LEDIR_SGEMM_1@21
 1457     0.01       36.417        0.005        0.153            148        0.03        1.03    CUCALLN_MF@20
 1458     0.01       36.417        0.005        0.117            148        0.03        0.79    CUCALLN_MF@32
 1459     0.01       36.417        0.005        0.007            185        0.03        0.04    CUDUDV@3
 1460     0.01       36.417        0.005        0.005             73        0.07        0.07    LEDIR_SGEMM_1@30
 1461     0.01       36.417        0.005        0.157            148        0.03        1.06    CUCALLN_MF@26
 1462     0.01       36.417        0.005        0.005            148        0.03        0.03    CUININ@25
 1463     0.01       36.417        0.005        0.005            925        0.01        0.01    MCOORDS@8
 1464     0.01       36.417        0.005        0.005            148        0.03        0.03    CUININ@23
 1465     0.01       36.417        0.005        0.005            148        0.03        0.03    GPGRXYB_EXPL@25
 1466     0.01       36.417        0.005        0.007            185        0.03        0.04    CUDUDV@5
 1467     0.01       36.417        0.005        0.005             73        0.07        0.07    LEINV_SGEMM_2@14
 1468     0.01       36.417        0.005        0.005            148        0.03        0.03    CUININ@31
 1469     0.01       36.417        0.005        0.005            148        0.03        0.03    GPGRXYB_EXPL@26
 1470     0.01       36.417        0.005        0.005            740        0.01        0.01    MCOORDS@17
 1471     0.01       36.422        0.005        0.005            185        0.03        0.03   *ACCLPH@11
 1472     0.01       36.422        0.005        0.005             78        0.06        0.06    LEINV_SGEMM_2@27
 1473     0.01       36.422        0.005        0.151            148        0.03        1.02    CUCALLN_MF@27
 1474     0.01       36.422        0.005        0.005             42        0.11        0.12    LEDIR_SGEMM_1@11
 1475     0.01       36.422        0.005        0.005            740        0.01        0.01    MCOORDS@26
 1476     0.01       36.422        0.005        0.007            148        0.03        0.05    CUDTDQN@12
 1477     0.01       36.422        0.005        0.005            185        0.03        0.03    ACCLPH@9
 1478     0.01       36.422        0.005        0.005            740        0.01        0.01    MCOORDS@18
 1479     0.01       36.422        0.005        0.005             42        0.11        0.11    LEDIR_SGEMM_1@10
 1480     0.01       36.422        0.005        0.007            148        0.03        0.05    CUDUDV@26
 1481     0.01       36.422        0.005        0.007            185        0.03        0.04    CUDUDV@7
 1482     0.01       36.426        0.005        0.005            973        0.00        0.01    radiation_cloud:set_overlap_param_var_CPU@1
 1483     0.01       36.426        0.005        0.005            148        0.03        0.03    ACDRME@14
 1484     0.01       36.426        0.005        0.005            185        0.03        0.03    ACCLPH@10
 1485     0.01       36.426        0.005        0.005            107        0.04        0.05    LEDIR_SGEMM_1@22
 1486     0.01       36.431        0.005        0.006             37        0.13        0.16    APL_ARPEGE_PARALLEL:ACVISIH:COMPUTE@1
 1487     0.01       36.431        0.005        0.005             40        0.12        0.12    LEINV_SGEMM_1@9
 1488     0.01       36.436        0.005        0.008          12600        0.00        0.00    FIELD_GFL_WRAPPER:GFL_MAP@1
 1489     0.01       36.436        0.005        0.005            148        0.03        0.03    CUININ@26
 1490     0.01       36.436        0.005        0.005            740        0.01        0.01    MCOORDS@28
 1491     0.01       36.436        0.005        0.005            148        0.03        0.03    ACDRME@13
 1492     0.01       36.436        0.005        0.005            148        0.03        0.03    GPGRXYB_EXPL@27
 1493     0.01       36.436        0.005        0.005            148        0.03        0.03    CUININ@18
 1494     0.01       36.436        0.005        0.005            185        0.03        0.03    ACCLPH@7
 1495     0.01       36.436        0.005        0.005            148        0.03        0.03    GPHPRE_EXPL_VERTFE1@28
 1496     0.01       36.436        0.005        0.005            185        0.03        0.03    ACCLPH@6
 1497     0.01       36.436        0.005        0.007            148        0.03        0.05    CUDUDV@27
 1498     0.01       36.441        0.005        0.179             37        0.13        4.83    APL_ARPEGE_SURFACE_PARALLEL:ACDIFV1:COMPUTE@1
 1499     0.01       36.441        0.005        0.007            185        0.03        0.04    CUDUDV@6
 1500     0.01       36.441        0.005        0.005            148        0.03        0.03    CUININ@27
 1501     0.01       36.441        0.005        0.005            148        0.03        0.03    ACDRME@16
 1502     0.01       36.445        0.005        0.005            555        0.01        0.01   *ROTUVGEO@5
 1503     0.01       36.445        0.005        0.005            148        0.03        0.03    CUININ@24
 1504     0.01       36.445        0.005        0.160            148        0.03        1.08    CUCALLN_MF@28
 1505     0.01       36.445        0.005        0.007            185        0.03        0.04    CUDUDV@4
 1506     0.01       36.445        0.005        0.005            148        0.03        0.03    GPGRXYB_EXPL@23
 1507     0.01       36.445        0.005        0.007            148        0.03        0.05    CUDUDV@20
 1508     0.01       36.450        0.005        0.007              7        0.66        0.93    APL_ARPEGE_AEROSOLS_FOR_RADIATION_PARALLEL:RADAER:COMPUTE@1
 1509     0.01       36.450        0.005        0.005            148        0.03        0.03    GPGRXYB_EXPL@30
 1510     0.01       36.450        0.005        0.005            555        0.01        0.01    ROTUVGEO@7
 1511     0.01       36.450        0.005        0.005            740        0.01        0.01    MCOORDS@27
 1512     0.01       36.450        0.005        0.005            185        0.02        0.03    ACCLPH@5
 1513     0.01       36.450        0.005        0.005             41        0.11        0.11    LEDIR_SGEMM_1@12
 1514     0.01       36.450        0.005        0.005            148        0.03        0.03    CUININ@32
 1515     0.01       36.450        0.005        0.005            185        0.02        0.03    GPGRXYB_EXPL@5
 1516     0.01       36.450        0.005        0.005            148        0.03        0.03    GPGRXYB_EXPL@22
 1517     0.01       36.450        0.005        0.007            148        0.03        0.04    CUDUDV@17
 1518     0.01       36.450        0.005        0.005            148        0.03        0.03    CUININ@19
 1519     0.01       36.450        0.005        0.005            555        0.01        0.01    ROTUVGEO@11
 1520     0.01       36.450        0.005        0.005            148        0.03        0.03    GPGRXYB_EXPL@18
 1521     0.01       36.450        0.005        0.005            148        0.03        0.03    GPGRXYB_EXPL@28
 1522     0.01       36.450        0.005        0.005            148        0.03        0.03    GPGRXYB_EXPL@31
 1523     0.01       36.450        0.005        0.007            185        0.02        0.04    CUDUDV@2
 1524     0.01       36.450        0.005        0.005             73        0.06        0.06    LEDIR_SGEMM_1@27
 1525     0.01       36.450        0.005        0.005            185        0.02        0.03    ACCLPH@8
 1526     0.01       36.454        0.005        0.066            185        0.02        0.36   *GPGRGEO_EXPL@11
 1527     0.01       36.454        0.005        0.006            148        0.03        0.04    CUDUDV@28
 1528     0.01       36.454        0.005        0.005            555        0.01        0.01    ROTUVGEO@6
 1529     0.01       36.454        0.005        0.005            148        0.03        0.03    GPGRXYB_EXPL@29
 1530     0.01       36.454        0.005        0.005            148        0.03        0.03    CUININ@20
 1531     0.01       36.454        0.005        0.005            148        0.03        0.03    GPHPRE_EXPL_VERTFE1@24
 1532     0.01       36.459        0.005        0.006            222        0.02        0.03    LARCINB_PARALLEL:RRINTOPT@1
 1533     0.01       36.459        0.005        0.005            148        0.03        0.03    ACDRME@15
 1534     0.01       36.459        0.005        0.006            148        0.03        0.04    CUDUDV@23
 1535     0.01       36.459        0.005        0.005             73        0.06        0.06    LEDIR_SGEMM_1@28
 1536     0.01       36.459        0.005        0.005            148        0.03        0.03    QNGCOR@12
 1537     0.01       36.459        0.005        0.005            148        0.03        0.03    GPHPRE_EXPL_VERTFE1@26
 1538     0.01       36.459        0.005        0.005             39        0.12        0.12    LEINV_SGEMM_2@6
 1539     0.01       36.459        0.005        0.005            740        0.01        0.01    MCOORDS@29
 1540     0.01       36.459        0.005        0.005            555        0.01        0.01    ROTUVGEO@8
 1541     0.01       36.459        0.005        0.005             74        0.06        0.06    LEDIR_SGEMM_1@26
 1542     0.01       36.459        0.005        0.005            185        0.02        0.02    GPGRXYB_EXPL@8
 1543     0.01       36.459        0.005        0.005            185        0.02        0.02    GPGRXYB_EXPL@6
 1544     0.01       36.459        0.005        0.005            555        0.01        0.01    ROTUVGEO@9
 1545     0.01       36.459        0.005        0.005            148        0.03        0.03    CUININ@28
 1546     0.01       36.459        0.005        0.005            148        0.03        0.03    GPHPRE_EXPL_VERTFE1@32
 1547     0.01       36.459        0.005        0.005            148        0.03        0.03    GPGRXYB_EXPL@21
 1548     0.01       36.459        0.005        0.005            148        0.03        0.03    GPHPRE_EXPL_VERTFE1@25
 1549     0.01       36.459        0.005        0.005            185        0.02        0.02    GPGRXYB_EXPL@7
 1550     0.01       36.459        0.005        0.005            148        0.03        0.03    QNGCOR@13
 1551     0.01       36.459        0.005        0.005            148        0.03        0.03    GPGRXYB_EXPL@19
 1552     0.01       36.459        0.005        0.005            555        0.01        0.01    ROTUVGEO@10
 1553     0.01       36.459        0.004        0.005            148        0.03        0.03    GPGRXYB_EXPL@24
 1554     0.01       36.459        0.004        0.005            148        0.03        0.03    GPGRXYB_EXPL@32
 1555     0.01       36.459        0.004        0.005            106        0.04        0.04    LEDIR_SGEMM_1@19
 1556     0.01       36.459        0.004        0.006            148        0.03        0.04    CUDUDV@31
 1557     0.01       36.459        0.004        0.005             76        0.06        0.06    LEINV_SGEMM_2@15
 1558     0.01       36.459        0.004        0.005             78        0.06        0.06    LEINV_SGEMM_1@17
 1559     0.01       36.459        0.004        0.005            148        0.03        0.03    GPHPRE_EXPL_VERTFE1@27
 1560     0.01       36.459        0.004        0.005            148        0.03        0.03    GPHPRE_EXPL_VERTFE1@22
 1561     0.01       36.459        0.004        0.005            925        0.00        0.01    MCOORDS@11
 1562     0.01       36.459        0.004        0.006            148        0.03        0.04    CUDUDV@24
 1563     0.01       36.459        0.004        0.005            740        0.01        0.01    MCOORDS@12
 1564     0.01       36.459        0.004        0.005            185        0.02        0.02    GPGRXYB_EXPL@9
 1565     0.01       36.459        0.004        0.005            148        0.03        0.03    GPGRXYB_EXPL@17
 1566     0.01       36.459        0.004        0.005            148        0.03        0.03    GPHPRE_EXPL_VERTFE1@17
 1567     0.01       36.459        0.004        0.005            740        0.01        0.01    MCOORDS@21
 1568     0.01       36.463        0.004        0.004             37        0.12        0.12    LAPINEB_PARALLEL:L_RDRY_VD:COMPUTE@1
 1569     0.01       36.463        0.004        0.004             79        0.06        0.06    LEINV_SGEMM_2@26
 1570     0.01       36.463        0.004        0.005            444        0.01        0.01    ROTUVGEO@12
 1571     0.01       36.463        0.004        0.006            148        0.03        0.04    CUDUDV@19
 1572     0.01       36.463        0.004        0.005            444        0.01        0.01    ROTUVGEO@16
 1573     0.01       36.463        0.004        0.005            148        0.03        0.03    QNGCOR@14
 1574     0.01       36.463        0.004        0.006            148        0.03        0.04    CUDUDV@29
 1575     0.01       36.463        0.004        0.005            148        0.03        0.03    QNGCOR@16
 1576     0.01       36.463        0.004        0.004             41        0.11        0.11    LEDIR_SGEMM_1@13
 1577     0.01       36.463        0.004        0.004            148        0.03        0.03    GPHPRE_EXPL_VERTFE1@23
 1578     0.01       36.463        0.004        0.005            740        0.01        0.01    MCOORDS@16
 1579     0.01       36.463        0.004        0.005            925        0.00        0.01    MCOORDS@9
 1580     0.01       36.463        0.004        0.004            148        0.03        0.03    GPHPRE_EXPL_VERTFE1@21
 1581     0.01       36.463        0.004        0.004            148        0.03        0.03    QNGCOR@15
 1582     0.01       36.463        0.004        0.005            925        0.00        0.01    MCOORDS@10
 1583     0.01       36.463        0.004        0.006            148        0.03        0.04    CUDUDV@22
 1584     0.01       36.463        0.004        0.004             81        0.05        0.05    LEINV_SGEMM_1@19
 1585     0.01       36.463        0.004        0.004            114        0.04        0.04    LEINV_SGEMM_2@22
 1586     0.01       36.463        0.004        0.004            185        0.02        0.02    GPGRXYB_EXPL@4
 1587     0.01       36.463        0.004        0.006            148        0.03        0.04    CUDUDV@16
 1588     0.01       36.463        0.004        0.006            148        0.03        0.04    CUDUDV@13
 1589     0.01       36.468        0.004        0.013              3        1.45        4.19    FIELD_GFL_WRAPPER:GFL_FID_SETUP@1
 1590     0.01       36.468        0.004        0.004            185        0.02        0.02    GPGRXYB_EXPL@2
 1591     0.01       36.468        0.004        0.004            148        0.03        0.03    GPHPRE_EXPL_VERTFE1@30
 1592     0.01       36.468        0.004        0.004            185        0.02        0.02    GPGRXYB_EXPL@11
 1593     0.01       36.468        0.004        0.004             73        0.06        0.06    LEDIR_SGEMM_1@25
 1594     0.01       36.472        0.004        3.997             37        0.12      108.04    CALL_SL@1
 1595     0.01       36.472        0.004        0.004            148        0.03        0.03    GPHPRE_EXPL_VERTFE1@20
 1596     0.01       36.472        0.004        0.004            185        0.02        0.02    ACCLPH@2
 1597     0.01       36.472        0.004        0.004            148        0.03        0.03    GPGRXYB_EXPL@20
 1598     0.01       36.472        0.004        0.006            148        0.03        0.04    CUDUDV@18
 1599     0.01       36.472        0.004        0.004            185        0.02        0.02    GPGRXYB_EXPL@10
 1600     0.01       36.472        0.004        0.006            148        0.03        0.04    CUDUDV@21
 1601     0.01       36.472        0.004        0.004            185        0.02        0.02    ACCLPH@3
 1602     0.01       36.472        0.004        0.004            148        0.03        0.03    GPHPRE_EXPL_VERTFE1@29
 1603     0.01       36.476        0.004        0.004            185        0.02        0.02   *ACEVOLET@7
 1604     0.01       36.476        0.004        0.004             78        0.06        0.06    LEINV_SGEMM_2@23
 1605     0.01       36.476        0.004        0.005            444        0.01        0.01    ROTUVGEO@20
 1606     0.01       36.476        0.004        0.006            148        0.03        0.04    CUDUDV@12
 1607     0.01       36.476        0.004        0.004            185        0.02        0.02    GPGRXYB_EXPL@3
 1608     0.01       36.481        0.004        0.303             37        0.12        8.18    LAPINEA_PARALLEL@1
 1609     0.01       36.481        0.004        0.006            148        0.03        0.04    CUDUDV@14
 1610     0.01       36.481        0.004        0.004            185        0.02        0.02    ACCLPH@4
 1611     0.01       36.485        0.004        0.004            370        0.01        0.01   *ACCLDIA@8
 1612     0.01       36.485        0.004        0.005            555        0.01        0.01    ROTUVGEO@4
 1613     0.01       36.485        0.004        0.004            148        0.03        0.03    GPHPRE_EXPL_VERTFE1@19
 1614     0.01       36.485        0.004        0.006            148        0.03        0.04    CUDUDV@30
 1615     0.01       36.485        0.004        0.004            148        0.03        0.03    GPHPRE_EXPL_VERTFE1@18
 1616     0.01       36.485        0.004        0.004            185        0.02        0.02    ACEVOLET@5
 1617     0.01       36.485        0.004        0.004            185        0.02        0.02    ACEVOLET@10
 1618     0.01       36.485        0.004        0.005            555        0.01        0.01    ROTUVGEO@2
 1619     0.01       36.485        0.004        0.004             41        0.10        0.10    LEINV_SGEMM_1@1
 1620     0.01       36.485        0.004        0.004            185        0.02        0.02    QNGCOR@2
 1621     0.01       36.485        0.004        0.004            185        0.02        0.02    ACEVOLET@9
 1622     0.01       36.485        0.004        0.004            185        0.02        0.02    ACEVOLET@8
 1623     0.01       36.485        0.004        0.006            148        0.03        0.04    CUDUDV@15
 1624     0.01       36.485        0.004        0.004             78        0.05        0.05    LEINV_SGEMM_2@25
 1625     0.01       36.485        0.004        0.004            148        0.03        0.03    GPGRXYB_EXPL@15
 1626     0.01       36.485        0.004        0.004            555        0.01        0.01    ROTUVGEO@3
 1627     0.01       36.489        0.004        0.055             37        0.11        1.48    APL_ARPEGE_SURFACE_PARALLEL:ACDIFV2:COMPUTE@1
 1628     0.01       36.489        0.004        0.004            370        0.01        0.01    ACCLDIA@7
 1629     0.01       36.489        0.004        0.005            444        0.01        0.01    ROTUVGEO@24
 1630     0.01       36.489        0.004        0.004            370        0.01        0.01    ACCLDIA@3
 1631     0.01       36.493        0.004        0.004            185        0.02        0.02   *GPRT@5
 1632     0.01       36.498        0.004        0.006             37        0.11        0.15    APL_ARPEGE_PARALLEL:ACSOL:COMPUTE@1
 1633     0.01       36.502        0.004        0.004            370        0.01        0.01   *DPRECIPS@6
 1634     0.01       36.502        0.004        0.004            444        0.01        0.01    ROTUVGEO@15
 1635     0.01       36.502        0.004        0.004            185        0.02        0.02    QNGCOR@4
 1636     0.01       36.502        0.004        0.004            370        0.01        0.01    DPRECIPS@11
 1637     0.01       36.502        0.004        0.004             40        0.10        0.11    LEINV_SGEMM_2@5
 1638     0.01       36.502        0.004        0.004            185        0.02        0.02    ACEVOLET@11
 1639     0.01       36.502        0.004        0.005            925        0.00        0.00    MCOORDS@4
 1640     0.01       36.502        0.004        0.004            370        0.01        0.01    DPRECIPS@7
 1641     0.01       36.506        0.004        0.004            740        0.01        0.01   *CUBIDIAG@11
 1642     0.01       36.506        0.004        0.057            148        0.03        0.38    GPGRGEO_EXPL@16
 1643     0.01       36.506        0.004        0.004            148        0.03        0.03    ACDRME@25
 1644     0.01       36.506        0.004        0.004            444        0.01        0.01    ROTUVGEO@19
 1645     0.01       36.506        0.004        0.057            148        0.03        0.38    GPGRGEO_EXPL@25
 1646     0.01       36.506        0.004        0.004            185        0.02        0.02    ACEVOLET@6
 1647     0.01       36.506        0.004        0.004            740        0.01        0.01    CUBIDIAG@8
 1648     0.01       36.506        0.004        0.004            370        0.01        0.01    ACCLDIA@5
 1649     0.01       36.506        0.004        0.004            740        0.01        0.01    CUBIDIAG@9
 1650     0.01       36.506        0.004        0.057            148        0.03        0.38    GPGRGEO_EXPL@21
 1651     0.01       36.506        0.004        0.004            370        0.01        0.01    DPRECIPS@5
 1652     0.01       36.506        0.004        0.057            148        0.03        0.38    GPGRGEO_EXPL@13
 1653     0.01       36.506        0.004        0.004            148        0.03        0.03    GPHPRE_EXPL_VERTFE1@31
 1654     0.01       36.506        0.004        0.004            925        0.00        0.00    MCOORDS@3
 1655     0.01       36.506        0.004        0.056            148        0.03        0.38    GPGRGEO_EXPL@17
 1656     0.01       36.506        0.004        0.004            444        0.01        0.01    ROTUVGEO@13
 1657     0.01       36.506        0.004        0.004             93        0.04        0.05    LEDIR_SGEMM_1@20
 1658     0.01       36.506        0.004        0.057            148        0.03        0.38    GPGRGEO_EXPL@22
 1659     0.01       36.506        0.004        0.004            370        0.01        0.01    DPRECIPS@10
 1660     0.01       36.506        0.004        0.004            370        0.01        0.01    ACCLDIA@6
 1661     0.01       36.506        0.004        0.004            370        0.01        0.01    ACCLDIA@2
 1662     0.01       36.506        0.004        0.004            370        0.01        0.01    DPRECIPS@8
 1663     0.01       36.506        0.004        0.004            148        0.03        0.03    ACCLPH@12
 1664     0.01       36.506        0.004        0.004            740        0.01        0.01    CUBIDIAG@2
 1665     0.01       36.506        0.004        0.004            370        0.01        0.01    DPRECIPS@9
 1666     0.01       36.506        0.004        0.004            740        0.01        0.01    CUBIDIAG@10
 1667     0.01       36.506        0.004        0.006            148        0.03        0.04    CUDTDQN@32
 1668     0.01       36.506        0.004        0.056            148        0.03        0.38    GPGRGEO_EXPL@29
 1669     0.01       36.506        0.004        0.004            740        0.01        0.01    CUBIDIAG@7
 1670     0.01       36.506        0.004        0.004            114        0.04        0.04    LEINV_SGEMM_2@21
 1671     0.01       36.506        0.004        0.056            148        0.03        0.38    GPGRGEO_EXPL@24
 1672     0.01       36.506        0.004        0.004            370        0.01        0.01    ACCLDIA@9
 1673     0.01       36.506        0.004        0.004            370        0.01        0.01    ACCLDIA@1
 1674     0.01       36.506        0.004        0.004            148        0.03        0.03    GPGRXYB_EXPL@14
 1675     0.01       36.506        0.004        0.004            444        0.01        0.01    ROTUVGEO@14
 1676     0.01       36.506        0.004        0.004            740        0.01        0.01    CUBIDIAG@4
 1677     0.01       36.506        0.004        0.004            740        0.01        0.01    CUBIDIAG@6
 1678     0.01       36.506        0.004        0.006            185        0.02        0.03    CUDUDV@1
 1679     0.01       36.506        0.004        0.004             39        0.10        0.11    LEINV_SGEMM_2@7
 1680     0.01       36.506        0.004        0.004            148        0.03        0.03    ACCLPH@13
 1681     0.01       36.506        0.004        0.004            740        0.01        0.01    CUBIDIAG@3
 1682     0.01       36.506        0.004        0.004            148        0.03        0.03    ACDRME@31
 1683     0.01       36.506        0.004        0.004            740        0.01        0.01    CUBIDIAG@5
 1684     0.01       36.510        0.004        0.004            973        0.00        0.00    radiation_ifs_rrtm:planck_function_surf_CPU@1
 1685     0.01       36.510        0.004        0.004            444        0.01        0.01    ROTUVGEO@21
 1686     0.01       36.510        0.004        0.004             74        0.05        0.06    LEDIR_SGEMM_1@23
 1687     0.01       36.510        0.004        0.004            148        0.03        0.03    ACCLPH@14
 1688     0.01       36.510        0.004        0.056            148        0.03        0.38    GPGRGEO_EXPL@30
 1689     0.01       36.510        0.004        0.004            370        0.01        0.01    ACCLDIA@10
 1690     0.01       36.510        0.004        0.004            444        0.01        0.01    ROTUVGEO@28
 1691     0.01       36.514        0.004        0.004            185        0.02        0.02    ACCTND0_PARALLEL:PACC:COMPUTE@1
 1692     0.01       36.514        0.004        0.004            148        0.03        0.03    ACCLPH@16
 1693     0.01       36.514        0.004        0.004            148        0.03        0.03    ACDRME@26
 1694     0.01       36.514        0.004        0.004            148        0.03        0.03    ACDRME@28
 1695     0.01       36.514        0.004        0.056            148        0.03        0.38    GPGRGEO_EXPL@12
 1696     0.01       36.514        0.004        0.004            444        0.01        0.01    ROTUVGEO@18
 1697     0.01       36.514        0.004        0.004            148        0.03        0.03    GPGRXYB_EXPL@13
 1698     0.01       36.514        0.004        0.057            148        0.03        0.38    GPGRGEO_EXPL@14
 1699     0.01       36.514        0.004        0.004            370        0.01        0.01    ACCLDIA@11
 1700     0.01       36.514        0.004        0.004            370        0.01        0.01    ACCLDIA@4
 1701     0.01       36.514        0.004        0.004            148        0.03        0.03    ACCLPH@15
 1702     0.01       36.514        0.004        0.004            185        0.02        0.02    GPGRXYB_EXPL@1
 1703     0.01       36.514        0.004        0.004            444        0.01        0.01    ROTUVGEO@32
 1704     0.01       36.514        0.004        0.004            444        0.01        0.01    ROTUVGEO@23
 1705     0.01       36.514        0.004        0.048            148        0.03        0.32    GPGRGEO_EXPL@32
 1706     0.01       36.514        0.004        0.057            148        0.03        0.38    GPGRGEO_EXPL@15
 1707     0.01       36.514        0.004        0.004            148        0.03        0.03    ACDRME@27
 1708     0.01       36.514        0.004        0.004            148        0.03        0.03    ACCLPH@21
 1709     0.01       36.514        0.004        0.004            148        0.03        0.03    ACDRME@30
 1710     0.01       36.514        0.004        0.065            185        0.02        0.35    GPGRGEO_EXPL@6
 1711     0.01       36.514        0.004        0.004            148        0.03        0.03    ACCLPH@22
 1712     0.01       36.514        0.004        0.057            148        0.03        0.38    GPGRGEO_EXPL@26
 1713     0.01       36.514        0.004        0.066            185        0.02        0.36    GPGRGEO_EXPL@5
 1714     0.01       36.514        0.004        0.004            148        0.03        0.03    ACCLPH@24
 1715     0.01       36.514        0.004        0.004            148        0.03        0.03    ACCLPH@20
 1716     0.01       36.514        0.004        0.004            555        0.01        0.01    ROTUVGEO@1
 1717     0.01       36.514        0.004        0.004            444        0.01        0.01    ROTUVGEO@22
 1718     0.01       36.514        0.004        0.004            444        0.01        0.01    ROTUVGEO@25
 1719     0.01       36.514        0.004        0.004            148        0.03        0.03    ACCLPH@25
 1720     0.01       36.514        0.004        0.004            444        0.01        0.01    ROTUVGEO@31
 1721     0.01       36.514        0.004        0.004            740        0.01        0.01    MCOORDS@25
 1722     0.01       36.514        0.004        0.056            148        0.03        0.38    GPGRGEO_EXPL@27
 1723     0.01       36.514        0.004        0.004            370        0.01        0.01    DPRECIPS@4
 1724     0.01       36.514        0.004        0.004            148        0.03        0.03    ACCLPH@19
 1725     0.01       36.514        0.004        0.004            185        0.02        0.02    QNGCOR@3
 1726     0.01       36.514        0.004        0.056            148        0.03        0.38    GPGRGEO_EXPL@28
 1727     0.01       36.514        0.004        0.004            148        0.03        0.03    ACDRME@29
 1728     0.01       36.514        0.004        0.004            925        0.00        0.00    MCOORDS@2
 1729     0.01       36.514        0.004        0.004            148        0.03        0.03    ACCLPH@28
 1730     0.01       36.514        0.004        0.004             39        0.10        0.10    LEINV_SGEMM_2@10
 1731     0.01       36.514        0.004        0.004            148        0.03        0.03    ACCLPH@23
 1732     0.01       36.514        0.004        0.004            370        0.01        0.01    DPRECIPS@3
 1733     0.01       36.514        0.004        0.004            444        0.01        0.01    ROTUVGEO@17
 1734     0.01       36.518        0.004        0.004             37        0.11        0.11    GPTF1_YDVARS_PARALLEL:LTWOTL:COMPUTE@1
 1735     0.01       36.518        0.004        0.004            148        0.03        0.03    ACCLPH@17
 1736     0.01       36.518        0.004        0.004            148        0.03        0.03    GPGRXYB_EXPL@12
 1737     0.01       36.518        0.004        0.004            148        0.03        0.03    ACCLPH@29
 1738     0.01       36.518        0.004        0.004            444        0.01        0.01    ROTUVGEO@27
 1739     0.01       36.518        0.004        0.004            370        0.01        0.01    DPRECIPS@2
 1740     0.01       36.518        0.004        0.004            148        0.03        0.03    ACCLPH@31
 1741     0.01       36.518        0.004        0.056            148        0.03        0.38    GPGRGEO_EXPL@31
 1742     0.01       36.522        0.004        0.007             37        0.11        0.18    APL_ARPEGE_OCEANIC_FLUXES_PARALLEL:ACFLUSO:COMPUTE@1
 1743     0.01       36.522        0.004        0.004            148        0.03        0.03    ACCLPH@18
 1744     0.01       36.522        0.004        0.004            148        0.03        0.03    ACDRME@24
 1745     0.01       36.522        0.004        0.004             72        0.05        0.05    LEDIR_SGEMM_1@24
 1746     0.01       36.522        0.004        0.056            148        0.03        0.38    GPGRGEO_EXPL@23
 1747     0.01       36.522        0.004        0.004            148        0.03        0.03    ACCLPH@27
 1748     0.01       36.526        0.004        0.029             37        0.10        0.78    APL_ARPEGE_RADIATION_PARALLEL:RADHEAT:COMPUTE@1
 1749     0.01       36.526        0.004        0.004            148        0.03        0.03    ACCLPH@30
 1750     0.01       36.526        0.004        0.056            148        0.03        0.38    GPGRGEO_EXPL@20
 1751     0.01       36.526        0.004        0.004            148        0.03        0.03    ACCLPH@26
 1752     0.01       36.526        0.004        0.004            444        0.01        0.01    ROTUVGEO@29
 1753     0.01       36.526        0.004        0.004            740        0.01        0.01    MCOORDS@24
 1754     0.01       36.530        0.004        0.004            185        0.02        0.02   *ACFLUSO@11
 1755     0.01       36.530        0.004        0.004            148        0.03        0.03    ACDRME@21
 1756     0.01       36.530        0.004        0.004             77        0.05        0.05    LEINV_SGEMM_2@24
 1757     0.01       36.530        0.004        0.004            444        0.01        0.01    ROTUVGEO@30
 1758     0.01       36.530        0.004        0.004             84        0.05        0.05    LEDIR_SGEMM_1@18
 1759     0.01       36.530        0.004        0.056            148        0.03        0.38    GPGRGEO_EXPL@18
 1760     0.01       36.530        0.004        0.004            185        0.02        0.02    GPRT@7
 1761     0.01       36.530        0.004        0.004            185        0.02        0.02    GPRT@8
 1762     0.01       36.530        0.004        0.004            148        0.03        0.03    QNGCOR@25
 1763     0.01       36.530        0.004        0.056            148        0.03        0.38    GPGRGEO_EXPL@19
 1764     0.01       36.530        0.004        0.004            740        0.01        0.01    CUBIDIAG@1
 1765     0.01       36.530        0.004        0.004            148        0.03        0.03    CPPHINP@31
 1766     0.01       36.530        0.004        0.004            925        0.00        0.00    MCOORDS@1
 1767     0.01       36.530        0.004        0.004            148        0.03        0.03    ACDRME@23
 1768     0.01       36.533        0.004        0.004             11        0.34        0.34    GRIB_API:IGRIB_SET_INT@1
 1769     0.01       36.533        0.004        0.004            185        0.02        0.02    GPRT@6
 1770     0.01       36.533        0.004        0.004             40        0.09        0.09    LEINV_SGEMM_2@8
 1771     0.01       36.533        0.004        0.004             78        0.05        0.05    LEDIR_SGEMM_1@17
 1772     0.01       36.533        0.004        0.004            148        0.03        0.03    ACDRME@20
 1773     0.01       36.533        0.004        0.004            592        0.01        0.01    CUBIDIAG@25
 1774     0.01       36.533        0.004        0.004            148        0.03        0.03    ACDRME@22
 1775     0.01       36.533        0.004        0.004            148        0.03        0.03    ACCLPH@32
 1776     0.01       36.537        0.004        0.025             37        0.10        0.67    APL_ARPEGE_DPRECIPS_PARALLEL:0:COMPUTE@1
 1777     0.01       36.537        0.004        0.004            148        0.03        0.03    QNGCOR@28
 1778     0.01       36.537        0.004        0.004            740        0.01        0.01    MCOORDS@22
 1779     0.01       36.537        0.004        0.004            148        0.03        0.03    ACDRME@32
 1780     0.01       36.541        0.004        0.076            185        0.02        0.41   *ACPLUIZ@4
 1781     0.01       36.541        0.004        0.004            296        0.01        0.01    DPRECIPS@14
 1782     0.01       36.541        0.004        0.004            740        0.00        0.01    MCOORDS@30
 1783     0.01       36.541        0.004        0.065            185        0.02        0.35    GPGRGEO_EXPL@10
 1784     0.01       36.541        0.004        0.004            444        0.01        0.01    ROTUVGEO@26
 1785     0.01       36.541        0.004        0.076            185        0.02        0.41    ACPLUIZ@2
 1786     0.01       36.541        0.004        0.004            148        0.02        0.03    QNGCOR@26
 1787     0.01       36.541        0.004        0.004            148        0.02        0.03    ACFLUSO@26
 1788     0.01       36.541        0.004        0.004            148        0.02        0.03    QNGCOR@27
 1789     0.01       36.541        0.004        0.004            592        0.01        0.01    CUBIDIAG@19
 1790     0.01       36.541        0.004        0.004            185        0.02        0.02    ACEVOLET@4
 1791     0.01       36.544        0.004        0.824           2300        0.00        0.36   *VERDISINT@1
 1792     0.01       36.544        0.004        0.004            592        0.01        0.01    CUBIDIAG@20
 1793     0.01       36.544        0.004        0.004            185        0.02        0.02    ACEVOLET@2
 1794     0.01       36.544        0.004        0.004            296        0.01        0.01    DPRECIPS@16
 1795     0.01       36.544        0.004        0.004            296        0.01        0.01    DPRECIPS@15
 1796     0.01       36.544        0.004        0.004            148        0.02        0.03    CPPHINP@32
 1797     0.01       36.544        0.004        0.004            592        0.01        0.01    CUBIDIAG@12
 1798     0.01       36.544        0.004        0.004            185        0.02        0.02    QNGCOR@1
 1799     0.01       36.544        0.004        0.004            592        0.01        0.01    CUBIDIAG@26
 1800     0.01       36.544        0.004        0.004            592        0.01        0.01    CUBIDIAG@27
 1801     0.01       36.544        0.004        0.076            185        0.02        0.41    ACPLUIZ@3
 1802     0.01       36.544        0.004        0.004            185        0.02        0.02    ACEVOLET@3
 1803     0.01       36.544        0.004        0.004            296        0.01        0.01    DPRECIPS@13
 1804     0.01       36.544        0.004        0.004             78        0.05        0.05    LEINV_SGEMM_2@17
 1805     0.01       36.544        0.004        0.004            148        0.02        0.03    QNGCOR@30
 1806     0.01       36.544        0.004        0.004            148        0.02        0.02    ACFLUSO@23
 1807     0.01       36.548        0.004        0.004            106        0.03        0.03   *LEDIR_SGEMM_2@21
 1808     0.01       36.548        0.004        0.004            148        0.02        0.03    ACDRME@19
 1809     0.01       36.548        0.004        0.065            185        0.02        0.35    GPGRGEO_EXPL@9
 1810     0.01       36.548        0.004        0.004            148        0.02        0.02    GPRT@12
 1811     0.01       36.548        0.004        0.004            740        0.00        0.01    MCOORDS@23
 1812     0.01       36.548        0.004        0.004            185        0.02        0.02    GPRT@9
 1813     0.01       36.552        0.004        0.004             37        0.10        0.10    CTVTOT_EXPL_PARALLEL:0:COMPUTE@1
 1814     0.01       36.552        0.004        0.287           2220        0.00        0.13    VERDISINT@9
 1815     0.01       36.552        0.004        0.004            148        0.02        0.02    QNGCOR@31
 1816     0.01       36.552        0.004        0.004            148        0.02        0.02    QNGCOR@29
 1817     0.01       36.555        0.004        0.004            185        0.02        0.02    GPRCP_EXPL_PARALLEL:2:COMPUTE@1
 1818     0.01       36.559        0.004        0.004             37        0.10        0.11    APL_ARPEGE_SOIL_HYDRO_PARALLEL:ACVEG:COMPUTE@1
 1819     0.01       36.559        0.004        0.004            148        0.02        0.02    ACEVOLET@13
 1820     0.01       36.559        0.004        0.004            148        0.02        0.02    ACDRME@18
 1821     0.01       36.559        0.004        0.004            296        0.01        0.01    DPRECIPS@30
 1822     0.01       36.559        0.004        0.004            296        0.01        0.01    DPRECIPS@31
 1823     0.01       36.559        0.004        0.004            592        0.01        0.01    CUBIDIAG@14
 1824     0.01       36.559        0.004        0.004            592        0.01        0.01    CUBIDIAG@24
 1825     0.01       36.562        0.004        0.004            185        0.02        0.02   *LASCAW_CLA@5
 1826     0.01       36.562        0.004        0.004            185        0.02        0.02    LASCAW_CLA@8
 1827     0.01       36.562        0.004        0.004            592        0.01        0.01    CUBIDIAG@17
 1828     0.01       36.562        0.004        0.004            148        0.02        0.02    ACFLUSO@20
 1829     0.01       36.562        0.004        0.004            296        0.01        0.01    DPRECIPS@22
 1830     0.01       36.562        0.004        0.065            185        0.02        0.35    GPGRGEO_EXPL@8
 1831     0.01       36.562        0.004        0.004             77        0.05        0.05    LEINV_SGEMM_2@16
 1832     0.01       36.562        0.004        0.004            592        0.01        0.01    CUBIDIAG@16
 1833     0.01       36.562        0.004        0.004            148        0.02        0.02    ACEVOLET@14
 1834     0.01       36.562        0.004        0.004            296        0.01        0.01    DPRECIPS@18
 1835     0.01       36.562        0.004        0.004            592        0.01        0.01    CUBIDIAG@18
 1836     0.01       36.562        0.004        0.004            185        0.02        0.02    LASCAW_CLA@4
 1837     0.01       36.562        0.004        0.004            296        0.01        0.01    DPRECIPS@19
 1838     0.01       36.562        0.004        0.004            592        0.01        0.01    CUBIDIAG@28
 1839     0.01       36.562        0.004        0.287           2220        0.00        0.13    VERDISINT@11
 1840     0.01       36.562        0.004        0.004            592        0.01        0.01    CUBIDIAG@15
 1841     0.01       36.562        0.004        0.004            592        0.01        0.01    CUBIDIAG@23
 1842     0.01       36.562        0.004        0.004            148        0.02        0.02    GPRT@16
 1843     0.01       36.562        0.004        0.287           2220        0.00        0.13    VERDISINT@10
 1844     0.01       36.562        0.004        0.004            592        0.01        0.01    CUBIDIAG@13
 1845     0.01       36.562        0.004        0.004            148        0.02        0.02    QNGCOR@21
 1846     0.01       36.562        0.004        0.004            592        0.01        0.01    CUBIDIAG@31
 1847     0.01       36.566        0.003        0.004             37        0.09        0.09    CPGLAG_PARALLEL:0:COMPUTE@1
 1848     0.01       36.566        0.003        0.004            296        0.01        0.01    DPRECIPS@20
 1849     0.01       36.566        0.003        0.004            296        0.01        0.01    DPRECIPS@21
 1850     0.01       36.569        0.003        0.004             30        0.12        0.12    DEALLOCATE_IF_ASSOCIATED_MOD:DEALLOCATE_IF_ASSOCIATED_REAL_1D@1
 1851     0.01       36.569        0.003        0.004            296        0.01        0.01    DPRECIPS@24
 1852     0.01       36.569        0.003        0.004            296        0.01        0.01    DPRECIPS@12
 1853     0.01       36.569        0.003        0.004            296        0.01        0.01    DPRECIPS@25
 1854     0.01       36.569        0.003        0.004            296        0.01        0.01    DPRECIPS@28
 1855     0.01       36.569        0.003        0.004             79        0.04        0.04    LEINV_SGEMM_2@18
 1856     0.01       36.569        0.003        0.004            296        0.01        0.01    DPRECIPS@27
 1857     0.01       36.569        0.003        0.004            296        0.01        0.01    DPRECIPS@26
 1858     0.01       36.569        0.003        0.065            185        0.02        0.35    GPGRGEO_EXPL@7
 1859     0.01       36.569        0.003        0.004            296        0.01        0.01    DPRECIPS@23
 1860     0.01       36.569        0.003        0.004            592        0.01        0.01    CUBIDIAG@21
 1861     0.01       36.569        0.003        0.004            592        0.01        0.01    CUBIDIAG@22
 1862     0.01       36.569        0.003        0.290           2220        0.00        0.13    VERDISINT@7
 1863     0.01       36.569        0.003        0.004            148        0.02        0.02    ACEVOLET@12
 1864     0.01       36.569        0.003        0.004            296        0.01        0.01    DPRECIPS@17
 1865     0.01       36.569        0.003        0.004            148        0.02        0.02    ACEVOLET@16
 1866     0.01       36.569        0.003        0.004            185        0.02        0.02    GPRT@10
 1867     0.01       36.569        0.003        0.005            148        0.02        0.03    CUDUDV@32
 1868     0.01       36.569        0.003        0.003             40        0.09        0.09    LEINV_SGEMM_2@11
 1869     0.01       36.569        0.003        0.004            592        0.01        0.01    CUBIDIAG@30
 1870     0.01       36.569        0.003        0.004            185        0.02        0.02    LASCAW_CLA@1
 1871     0.01       36.569        0.003        0.290           2220        0.00        0.13    VERDISINT@5
 1872     0.01       36.569        0.003        0.004            185        0.02        0.02    ACFLUSO@10
 1873     0.01       36.569        0.003        0.004            296        0.01        0.01    DPRECIPS@29
 1874     0.01       36.569        0.003        0.073            185        0.02        0.40    ACPLUIZ@1
 1875     0.01       36.569        0.003        0.004            148        0.02        0.02    ACDRME@17
 1876     0.01       36.569        0.003        0.003             73        0.05        0.05    LEDIR_SGEMM_2@29
 1877     0.01       36.569        0.003        0.003            148        0.02        0.02    ACFLUSO@27
 1878     0.01       36.569        0.003        0.004            185        0.02        0.02    GPRT@11
 1879     0.01       36.569        0.003        0.003            148        0.02        0.02    ACFLUSO@24
 1880     0.01       36.573        0.003        0.003             37        0.09        0.09    CPG_DIA_FLU_PARALLEL:2:COMPUTE@1
 1881     0.01       36.573        0.003        0.003            148        0.02        0.02    QNGCOR@22
 1882     0.01       36.573        0.003        0.004            296        0.01        0.01    ACCLDIA@12
 1883     0.01       36.573        0.003        0.003             40        0.09        0.09    LEINV_SGEMM_2@12
 1884     0.01       36.573        0.003        0.003            148        0.02        0.02    QNGCOR@32
 1885     0.01       36.573        0.003        0.003            148        0.02        0.02    QNGCOR@24
 1886     0.01       36.573        0.003        0.003             72        0.05        0.05    LEDIR_SGEMM_2@31
 1887     0.01       36.573        0.003        0.285           2220        0.00        0.13    VERDISINT@4
 1888     0.01       36.576        0.003        1.926             37        0.09       52.07    ACVPPKF_PARALLEL:PART1:COMPUTE@1
 1889     0.01       36.576        0.003        0.003            148        0.02        0.02    ACEVOLET@15
 1890     0.01       36.576        0.003        0.289           2220        0.00        0.13    VERDISINT@6
 1891     0.01       36.576        0.003        0.003            148        0.02        0.02    GPRT@20
 1892     0.01       36.576        0.003        0.285           2220        0.00        0.13    VERDISINT@3
 1893     0.01       36.576        0.003        0.003            106        0.03        0.03    LEDIR_SGEMM_2@19
 1894     0.01       36.576        0.003        0.003            148        0.02        0.02    QNGCOR@23
 1895     0.01       36.576        0.003        0.290           2220        0.00        0.13    VERDISINT@8
 1896     0.01       36.576        0.003        0.004            592        0.01        0.01    CUBIDIAG@29
 1897     0.01       36.576        0.003        0.003            148        0.02        0.02    ACFLUSO@31
 1898     0.01       36.576        0.003        0.003            370        0.01        0.01    DPRECIPS@1
 1899     0.01       36.576        0.003        0.003            148        0.02        0.02    GPRT@21
 1900     0.01       36.576        0.003        0.003            185        0.02        0.02    GPRT@3
 1901     0.01       36.579        0.003        0.112              1        3.33      111.88    SU0YOMB@1
 1902     0.01       36.579        0.003        0.003            148        0.02        0.02    ACFLUSO@17
 1903     0.01       36.579        0.003        0.003            107        0.03        0.03    LEDIR_SGEMM_2@22
 1904     0.01       36.579        0.003        0.285           2220        0.00        0.13    VERDISINT@2
 1905     0.01       36.579        0.003        0.003            148        0.02        0.02    ACFLUSO@29
 1906     0.01       36.583        0.003        0.003             37        0.09        0.09    APL_ARPEGE_PARALLEL:ZDPHIV:COMPUTE@1
 1907     0.01       36.583        0.003        0.003             73        0.05        0.05    LEDIR_SGEMM_2@27
 1908     0.01       36.583        0.003        0.003             39        0.09        0.09    LEDIR_SGEMM_2@2
 1909     0.01       36.583        0.003        0.003             39        0.09        0.09    LEDIR_SGEMM_2@3
 1910     0.01       36.583        0.003        0.003            296        0.01        0.01    ACCLDIA@13
 1911     0.01       36.583        0.003        0.003            148        0.02        0.02    GPRT@24
 1912     0.01       36.583        0.003        0.003            185        0.02        0.02    LASCAW_CLA@10
 1913     0.01       36.583        0.003        0.003            148        0.02        0.02    ACFLUSO@21
 1914     0.01       36.583        0.003        0.004            740        0.00        0.00    MCOORDS@31
 1915     0.01       36.583        0.003        0.003             73        0.05        0.05    LEDIR_SGEMM_2@32
 1916     0.01       36.583        0.003        0.003            185        0.02        0.02    ACFLUSO@9
 1917     0.01       36.583        0.003        0.003             89        0.04        0.04    LEINV_SGEMM_2@20
 1918     0.01       36.583        0.003        0.077            185        0.02        0.42    ACPLUIZ@6
 1919     0.01       36.583        0.003        0.003            296        0.01        0.01    ACCLDIA@15
 1920     0.01       36.583        0.003        0.076            185        0.02        0.41    ACPLUIZ@5
 1921     0.01       36.586        0.003        0.010            222        0.01        0.05    LATTEX_EXPL_2TL_PARALLEL:3@1
 1922     0.01       36.589        0.003        0.003            148        0.02        0.02   *CUDDRAFN@26
 1923     0.01       36.589        0.003        0.003            148        0.02        0.02    GPRT@22
 1924     0.01       36.589        0.003        0.003            148        0.02        0.02    GPRT@28
 1925     0.01       36.589        0.003        0.003            185        0.02        0.02    ACCLPH@1
 1926     0.01       36.593        0.003        0.003             37        0.09        0.09    CPXFU_PARALLEL:0:COMPUTE@1
 1927     0.01       36.596        0.003        0.004            148        0.02        0.02   *ACHMT@24
 1928     0.01       36.596        0.003        0.003            296        0.01        0.01    DPRECIPS@32
 1929     0.01       36.596        0.003        0.003            296        0.01        0.01    ACCLDIA@14
 1930     0.01       36.596        0.003        0.003            185        0.02        0.02    ACFLUSO@8
 1931     0.01       36.596        0.003        0.075            185        0.02        0.41    ACPLUIZ@9
 1932     0.01       36.596        0.003        0.003            148        0.02        0.02    ACFLUSO@12
 1933     0.01       36.596        0.003        0.003            148        0.02        0.02    ACEVOLET@26
 1934     0.01       36.596        0.003        0.003            296        0.01        0.01    ACCLDIA@25
 1935     0.01       36.596        0.003        0.003            148        0.02        0.02    ACFLUSO@13
 1936     0.01       36.596        0.003        0.003            148        0.02        0.02    ACEVOLET@27
 1937     0.01       36.596        0.003        0.003            148        0.02        0.02    GPRT@32
 1938     0.01       36.596        0.003        0.003            185        0.02        0.02    LASCAW_CLA@11
 1939     0.01       36.596        0.003        0.076            185        0.02        0.41    ACPLUIZ@7
 1940     0.01       36.596        0.003        0.003            148        0.02        0.02    LASCAW_CLA@13
 1941     0.01       36.596        0.003        0.003            148        0.02        0.02    ACFLUSO@28
 1942     0.01       36.596        0.003        0.076            185        0.02        0.41    ACPLUIZ@8
 1943     0.01       36.596        0.003        0.004            148        0.02        0.02    ACHMT@16
 1944     0.01       36.596        0.003        0.003            185        0.02        0.02    ACFLUSO@4
 1945     0.01       36.596        0.003        0.003            148        0.02        0.02    ACEVOLET@19
 1946     0.01       36.599        0.003        0.005            222        0.01        0.02    LAVABO_EXPL_LAITVSPCQM_PART1_PARALLEL:0@1
 1947     0.01       36.599        0.003        0.063            185        0.02        0.34    GPGRGEO_EXPL@2
 1948     0.01       36.599        0.003        0.063            185        0.02        0.34    GPGRGEO_EXPL@3
 1949     0.01       36.599        0.003        0.003            148        0.02        0.02    ACFLUSO@18
 1950     0.01       36.599        0.003        0.075            185        0.02        0.41    ACPLUIZ@10
 1951     0.01       36.599        0.003        0.003            148        0.02        0.02    ACEVOLET@22
 1952     0.01       36.599        0.003        0.003            148        0.02        0.02    ACFLUSO@22
 1953     0.01       36.599        0.003        0.003             40        0.08        0.08    LEINV_SGEMM_2@9
 1954     0.01       36.602        0.003        0.003              1        3.19        3.19    MF_PHYS_SAVE_PHSURF_PART1_PARALLEL:PART1:COMPUTE@1
 1955     0.01       36.602        0.003        0.003            185        0.02        0.02    ACFLUSO@5
 1956     0.01       36.602        0.003        0.003            296        0.01        0.01    ACCLDIA@31
 1957     0.01       36.605        0.003        0.003            185        0.02        0.02   *ACMICRO@7
 1958     0.01       36.605        0.003        0.063            185        0.02        0.34    GPGRGEO_EXPL@4
 1959     0.01       36.605        0.003        0.003             73        0.04        0.04    LEDIR_SGEMM_2@25
 1960     0.01       36.605        0.003        0.003            148        0.02        0.02    ACEVOLET@20
 1961     0.01       36.605        0.003        0.003            148        0.02        0.02    ACFLUSO@14
 1962     0.01       36.605        0.003        0.003            148        0.02        0.02    ACEVOLET@18
 1963     0.01       36.605        0.003        0.003            296        0.01        0.01    ACCLDIA@28
 1964     0.01       36.605        0.003        0.003            148        0.02        0.02    ACEVOLET@17
 1965     0.01       36.605        0.003        0.003            148        0.02        0.02    LASCAW_CLA@14
 1966     0.01       36.605        0.003        0.003             73        0.04        0.04    LEDIR_SGEMM_2@28
 1967     0.01       36.605        0.003        0.003            185        0.02        0.02    ACFLUSO@7
 1968     0.01       36.605        0.003        0.003             38        0.08        0.08    LEDIR_SGEMM_2@1
 1969     0.01       36.605        0.003        0.003            296        0.01        0.01    ACCLDIA@16
 1970     0.01       36.605        0.003        0.076            185        0.02        0.41    ACPLUIZ@11
 1971     0.01       36.605        0.003        0.003            148        0.02        0.02    ACFLUSO@25
 1972     0.01       36.605        0.003        0.003            148        0.02        0.02    ACHMT@22
 1973     0.01       36.605        0.003        0.003            148        0.02        0.02    CUDDRAFN@31
 1974     0.01       36.605        0.003        0.003            185        0.02        0.02    GPRT@4
 1975     0.01       36.605        0.003        0.003            148        0.02        0.02    ACEVOLET@24
 1976     0.01       36.609        0.003        0.004            973        0.00        0.00    radiation_single_level:allocate_single_level_CPU@1
 1977     0.01       36.609        0.003        0.003             37        0.08        0.09    LEDIR_SGEMM_2@5
 1978     0.01       36.609        0.003        0.003            148        0.02        0.02    ACEVOLET@28
 1979     0.01       36.609        0.003        0.003            148        0.02        0.02    ACEVOLET@25
 1980     0.01       36.612        0.003        0.012             37        0.08        0.33    APL_ARPEGE_PARALLEL:ACTQSAT:COMPUTE@1
 1981     0.01       36.612        0.003        0.004            185        0.02        0.02    ACHMT@11
 1982     0.01       36.612        0.003        0.003            148        0.02        0.02    GPRT@15
 1983     0.01       36.612        0.003        0.003            296        0.01        0.01    ACCLDIA@27
 1984     0.01       36.612        0.003        0.004            148        0.02        0.02    ACHMT@25
 1985     0.01       36.612        0.003        0.003            296        0.01        0.01    ACCLDIA@29
 1986     0.01       36.612        0.003        0.244           1776        0.00        0.14    VERDISINT@25
 1987     0.01       36.612        0.003        0.003            148        0.02        0.02    ACEVOLET@30
 1988     0.01       36.612        0.003        0.003            148        0.02        0.02    ACHMT@21
 1989     0.01       36.612        0.003        0.003            148        0.02        0.02    ACEVOLET@23
 1990     0.01       36.615        0.003        0.012             37        0.08        0.32    APL_ARPEGE_PARALLEL:ACDRAG:COMPUTE@1
 1991     0.01       36.615        0.003        0.003            185        0.02        0.02    ACMICRO@2
 1992     0.01       36.615        0.003        0.003             81        0.04        0.04    LEINV_SGEMM_2@19
 1993     0.01       36.615        0.003        0.003            740        0.00        0.00    MCOORDS@32
 1994     0.01       36.615        0.003        0.003            148        0.02        0.02    CUDDRAFN@23
 1995     0.01       36.615        0.003        0.003            296        0.01        0.01    ACCLDIA@26
 1996     0.01       36.615        0.003        0.003            148        0.02        0.02    ACHMT@20
 1997     0.01       36.615        0.003        0.003             74        0.04        0.04    LEDIR_SGEMM_2@26
 1998     0.01       36.618        0.003        0.022             37        0.08        0.59    CPGLAG_DRV@1
 1999     0.01       36.618        0.003        0.003            148        0.02        0.02    ACHMT@29
 2000     0.01       36.618        0.003        0.003            148        0.02        0.02    ACHMT@31
 2001     0.01       36.618        0.003        0.003            148        0.02        0.02    ACEVOLET@31
 2002     0.01       36.621        0.003        0.014            333        0.01        0.04    CPUTQY0_PARALLEL:PVAR@1
 2003     0.01       36.621        0.003        0.003             74        0.04        0.04    LEDIR_SGEMM_2@23
 2004     0.01       36.621        0.003        0.003            148        0.02        0.02    ACHMT@23
 2005     0.01       36.621        0.003        0.003            148        0.02        0.02    ACEVOLET@29
 2006     0.01       36.621        0.003        0.003            185        0.02        0.02    LASCAW_CLA@7
 2007     0.01       36.621        0.003        0.003            148        0.02        0.02    GPRT@14
 2008     0.01       36.621        0.003        0.243           1776        0.00        0.14    VERDISINT@18
 2009     0.01       36.621        0.003        0.003            148        0.02        0.02    ACHMT@18
 2010     0.01       36.621        0.003        0.243           1776        0.00        0.14    VERDISINT@24
 2011     0.01       36.621        0.003        0.003            148        0.02        0.02    ACHMT@17
 2012     0.01       36.621        0.003        0.003            296        0.01        0.01    ACCLDIA@24
 2013     0.01       36.621        0.003        0.003            296        0.01        0.01    ACCLDIA@30
 2014     0.01       36.624        0.003        1.244            222        0.01        5.61    LARCINB_PARALLEL:LAITRE_GFL@1
 2015     0.01       36.624        0.003        0.003            148        0.02        0.02    GPRT@29
 2016     0.01       36.624        0.003        0.003            148        0.02        0.02    GPRT@23
 2017     0.01       36.624        0.003        0.003            148        0.02        0.02    GPRT@25
 2018     0.01       36.624        0.003        0.003             73        0.04        0.04    LEDIR_SGEMM_2@30
 2019     0.01       36.627        0.003        0.004           1946        0.00        0.00    radiation_single_level:deallocate_single_level_CPU@1
 2020     0.01       36.627        0.003        0.243           1776        0.00        0.14    VERDISINT@22
 2021     0.01       36.627        0.003        0.003            148        0.02        0.02    GPRT@30
 2022     0.01       36.627        0.003        0.003            185        0.02        0.02    ACHMT@10
 2023     0.01       36.627        0.003        0.003            185        0.02        0.02    LASCAW_CLA@9
 2024     0.01       36.627        0.003        0.003            148        0.02        0.02    ACEVOLET@21
 2025     0.01       36.627        0.003        0.003            185        0.02        0.02    ACMICRO@5
 2026     0.01       36.627        0.003        0.203           1776        0.00        0.11    VERDISINT@32
 2027     0.01       36.627        0.003        0.243           1776        0.00        0.14    VERDISINT@26
 2028     0.01       36.630        0.003        0.014            222        0.01        0.06    LAPINEB_PARALLEL:ZERO_GMV9@1
 2029     0.01       36.630        0.003        0.003            148        0.02        0.02    ACHMT@26
 2030     0.01       36.630        0.003        0.003            148        0.02        0.02    ACHMT@19
 2031     0.01       36.630        0.003        0.003            148        0.02        0.02    ACHMT@27
 2032     0.01       36.630        0.003        0.003            185        0.02        0.02    GPRT@2
 2033     0.01       36.630        0.003        0.243           1776        0.00        0.14    VERDISINT@19
 2034     0.01       36.630        0.003        0.243           1776        0.00        0.14    VERDISINT@17
 2035     0.01       36.630        0.003        0.243           1776        0.00        0.14    VERDISINT@12
 2036     0.01       36.630        0.003        0.003            148        0.02        0.02    LASCAW_CLA@12
 2037     0.01       36.630        0.003        0.243           1776        0.00        0.14    VERDISINT@21
 2038     0.01       36.630        0.003        0.242           1776        0.00        0.14    VERDISINT@23
 2039     0.01       36.630        0.003        0.003            148        0.02        0.02    ACHMT@30
 2040     0.01       36.630        0.003        0.003            148        0.02        0.02    LASCAW_CLA@16
 2041     0.01       36.630        0.003        0.003            148        0.02        0.02    LASCAW_CLA@15
 2042     0.01       36.630        0.003        0.241           1776        0.00        0.14    VERDISINT@30
 2043     0.01       36.630        0.003        0.003            148        0.02        0.02    ACHMT@28
 2044     0.01       36.630        0.003        0.003            148        0.02        0.02    CUDDRAFN@29
 2045     0.01       36.630        0.003        0.003            148        0.02        0.02    GPRT@31
 2046     0.01       36.633        0.003        0.016             37        0.08        0.43    CPG_GP_PARALLEL:GPINISLB_PART1_EXPL:COMPUTE@1
 2047     0.01       36.633        0.003        0.003            148        0.02        0.02    GPRT@13
 2048     0.01       36.633        0.003        0.240           1776        0.00        0.14    VERDISINT@31
 2049     0.01       36.633        0.003        0.003            148        0.02        0.02    ACEVOLET@32
 2050     0.01       36.633        0.003        0.003            148        0.02        0.02    GPRT@26
 2051     0.01       36.636        0.003        0.076             37        0.08        2.06    LAPINEA_PARALLEL:LARCINA@1
 2052     0.01       36.636        0.003        0.243           1776        0.00        0.14    VERDISINT@28
 2053     0.01       36.636        0.003        0.003            148        0.02        0.02    QNGCOR@20
 2054     0.01       36.639        0.003        0.003              1        2.95        2.95    SUGRIDUA_FIXUP@1
 2055     0.01       36.642        0.003        0.003             37        0.08        0.08    MF_PHYS_MOCON_PARALLEL:PPWETPOINT:COMPUTE@1
 2056     0.01       36.642        0.003        0.003            148        0.02        0.02    QNGCOR@17
 2057     0.01       36.642        0.003        0.242           1776        0.00        0.14    VERDISINT@20
 2058     0.01       36.642        0.003        0.003            185        0.02        0.02    ACMICRO@4
 2059     0.01       36.645        0.003        0.003              1        2.95        3.07    IOSPECA_MOD:IOSPECA_SELECTFY@1
 2060     0.01       36.645        0.003        0.244           1776        0.00        0.14    VERDISINT@14
 2061     0.01       36.645        0.003        0.003            185        0.02        0.02    ACHMT@4
 2062     0.01       36.645        0.003        0.003             41        0.07        0.07    LEDIR_SGEMM_2@4
 2063     0.01       36.645        0.003        0.003            185        0.02        0.02    ACHMT@9
 2064     0.01       36.645        0.003        0.003            185        0.02        0.02    ACMICRO@3
 2065     0.01       36.645        0.003        0.003            148        0.02        0.02    GPRT@18
 2066     0.01       36.645        0.003        0.003            296        0.01        0.01    ACCLDIA@32
 2067     0.01       36.645        0.003        0.243           1776        0.00        0.14    VERDISINT@13
 2068     0.01       36.645        0.003        0.003             93        0.03        0.03    LEDIR_SGEMM_2@20
 2069     0.01       36.645        0.003        0.003            148        0.02        0.02    ACHMT@32
 2070     0.01       36.645        0.003        0.240           1776        0.00        0.14    VERDISINT@29
 2071     0.01       36.645        0.003        0.243           1776        0.00        0.14    VERDISINT@27
 2072     0.01       36.648        0.003        0.003             37        0.08        0.08    APL_ARPEGE_PARALLEL:EDR:COMPUTE@1
 2073     0.01       36.648        0.003        0.003            296        0.01        0.01    ACCLDIA@17
 2074     0.01       36.648        0.003        0.003            185        0.02        0.02    ACFLUSO@2
 2075     0.01       36.648        0.003        0.003            148        0.02        0.02    ACHMT@14
 2076     0.01       36.648        0.003        0.003            185        0.02        0.02    ACFLUSO@3
 2077     0.01       36.651        0.003        0.294             36        0.08        8.17    SIGAM_GP_OPENMP@1
 2078     0.01       36.651        0.003        0.003            148        0.02        0.02    ACFLUSO@19
 2079     0.01       36.651        0.003        0.003            592        0.00        0.01    CUBIDIAG@32
 2080     0.01       36.651        0.003        0.003            296        0.01        0.01    ACCLDIA@23
 2081     0.01       36.651        0.003        0.003            148        0.02        0.02    QNGCOR@18
 2082     0.01       36.651        0.003        0.003            148        0.02        0.02    GPRT@17
 2083     0.01       36.651        0.003        0.003            148        0.02        0.02    ACFLUSO@16
 2084     0.01       36.651        0.003        0.003            148        0.02        0.02    GPRT@27
 2085     0.01       36.651        0.003        0.003            148        0.02        0.02    GPRT@19
 2086     0.01       36.651        0.003        0.003            296        0.01        0.01    ACCLDIA@18
 2087     0.01       36.651        0.003        0.003            185        0.02        0.02    ACMICRO@8
 2088     0.01       36.651        0.003        0.003            148        0.02        0.02    ACHMT@13
 2089     0.01       36.651        0.003        0.243           1776        0.00        0.14    VERDISINT@15
 2090     0.01       36.653        0.003        0.007             74        0.04        0.10    LAPINEB_PARALLEL:ROTUVGEO:COMPUTE@1
 2091     0.01       36.653        0.003        0.243           1776        0.00        0.14    VERDISINT@16
 2092     0.01       36.653        0.003        0.003            296        0.01        0.01    ACCLDIA@21
 2093     0.01       36.656        0.003        0.003             37        0.08        0.08    CPG_GP_HYD_PARALLEL:3:COMPUTE@1
 2094     0.01       36.656        0.003        0.003            185        0.02        0.02    ACMICRO@9
 2095     0.01       36.656        0.003        0.003            148        0.02        0.02    QNGCOR@19
 2096     0.01       36.656        0.003        0.003            296        0.01        0.01    ACCLDIA@20
 2097     0.01       36.659        0.003        0.003             14        0.20        0.20    GRIB_API:IGRIB_GET_INT8@1
 2098     0.01       36.659        0.003        0.003            185        0.02        0.02    ACHMT@7
 2099     0.01       36.659        0.003        0.003            148        0.02        0.02    ACFLUSO@30
 2100     0.01       36.659        0.003        0.003            185        0.02        0.02    ACFLUSO@6
 2101     0.01       36.659        0.003        0.003            185        0.02        0.02    LASCAW_CLA@3
 2102     0.01       36.659        0.003        0.003            148        0.02        0.02    ACFLUSO@15
 2103     0.01       36.659        0.003        0.003            185        0.02        0.02    ACMICRO@6
 2104     0.01       36.659        0.003        0.003            148        0.02        0.02    LASCAW_CLA@29
 2105     0.01       36.659        0.003        0.003             37        0.08        0.08    LEDIR_SGEMM_2@7
 2106     0.01       36.659        0.003        0.003            185        0.02        0.02    ACHMT@5
 2107     0.01       36.659        0.003        0.003            185        0.02        0.02    ACHMT@8
 2108     0.01       36.659        0.003        0.003            148        0.02        0.02    ACHMT@15
 2109     0.01       36.659        0.003        0.003            185        0.02        0.02    ACEVOLET@1
 2110     0.01       36.659        0.003        0.003            296        0.01        0.01    ACCLDIA@22
 2111     0.01       36.659        0.003        0.003             38        0.07        0.07    LEDIR_SGEMM_2@6
 2112     0.01       36.659        0.003        0.003             78        0.04        0.04    LEDIR_SGEMM_2@17
 2113     0.01       36.659        0.003        0.061            148        0.02        0.41    ACPLUIZ@12
 2114     0.01       36.659        0.003        0.003            185        0.02        0.02    ACMICRO@11
 2115     0.01       36.659        0.003        0.003             84        0.03        0.03    LEDIR_SGEMM_2@18
 2116     0.01       36.659        0.003        0.003            296        0.01        0.01    ACCLDIA@19
 2117     0.01       36.662        0.003        0.003              1        2.77        2.77    DIST_GRID@1
 2118     0.01       36.662        0.003        0.003             72        0.04        0.04    LEDIR_SGEMM_2@24
 2119     0.01       36.665        0.003        0.005              3        0.92        1.70    FIELD_DEFINITIONS:MAIN_FIELD_SET_METADATA@1
 2120     0.01       36.665        0.003        0.003            148        0.02        0.02    CUDDRAFN@24
 2121     0.01       36.665        0.003        0.003            148        0.02        0.02    CUDDRAFN@20
 2122     0.01       36.665        0.003        0.003            185        0.01        0.02    ACHMT@6
 2123     0.01       36.667        0.003        0.003            973        0.00        0.00    radiation_cloud:crop_cloud_fraction_CPU@1
 2124     0.01       36.667        0.003        0.003            148        0.02        0.02    ACHMT@12
 2125     0.01       36.667        0.003        0.003            185        0.01        0.02    LASCAW_CLA@6
 2126     0.01       36.670        0.003        0.003            185        0.01        0.02   *ACSOL@9
 2127     0.01       36.670        0.003        0.003            185        0.01        0.02    ACMICRO@10
 2128     0.01       36.670        0.003        0.003             41        0.07        0.07    LEINV_SGEMM_2@1
 2129     0.01       36.670        0.003        0.003            185        0.01        0.01    ACFLUSO@1
 2130     0.01       36.670        0.003        0.003            148        0.02        0.02    LASCAW_CLA@32
 2131     0.01       36.670        0.003        0.003            185        0.01        0.02    ACHMT@3
 2132     0.01       36.673        0.003        0.003             75        0.04        0.04    SCAN2M_ALLOCATE_VARIABLES@1
 2133     0.01       36.673        0.003        0.003            148        0.02        0.02    LASCAW_CLA@27
 2134     0.01       36.675        0.003        0.003            185        0.01        0.02   *GPINISLB_PART3_EXPL@3
 2135     0.01       36.678        0.003        0.168            740        0.00        0.23   *LARCINA@7
 2136     0.01       36.678        0.003        0.150            740        0.00        0.20    LARCINA@1
 2137     0.01       36.678        0.003        0.003            185        0.01        0.02    GPINISLB_PART3_EXPL@8
 2138     0.01       36.678        0.003        0.003            185        0.01        0.01    GPINISLB_PART3_EXPL@2
 2139     0.01       36.678        0.003        0.003            148        0.02        0.02    CUDDRAFN@28
 2140     0.01       36.678        0.003        0.165            740        0.00        0.22    LARCINA@6
 2141     0.01       36.681        0.003        0.003              1        2.61        2.61    SUVSLETA@1
 2142     0.01       36.681        0.003        0.003            148        0.02        0.02    CUDDRAFN@27
 2143     0.01       36.681        0.003        0.003            185        0.01        0.01    GPINISLB_PART3_EXPL@1
 2144     0.01       36.681        0.003        0.171            740        0.00        0.23    LARCINA@8
 2145     0.01       36.681        0.003        0.003             56        0.05        0.05    LEDIR_SGEMM_2@14
 2146     0.01       36.681        0.003        0.003            185        0.01        0.02    ACSOL@8
 2147     0.01       36.681        0.003        0.003            148        0.02        0.02    LASCAW_CLA@25
 2148     0.01       36.681        0.003        0.003             39        0.07        0.07    LEDIR_SGEMM_2@9
 2149     0.01       36.681        0.003        0.003            185        0.01        0.01    GPINISLB_PART3_EXPL@7
 2150     0.01       36.681        0.003        0.062            185        0.01        0.33    GPGRGEO_EXPL@1
 2151     0.01       36.681        0.003        0.003            148        0.02        0.02    LASCAW_CLA@26
 2152     0.01       36.683        0.003        0.005              3        0.85        1.62    FAITOU_MT@1
 2153     0.01       36.683        0.003        0.003            185        0.01        0.02    ACSOL@10
 2154     0.01       36.683        0.003        0.003             59        0.04        0.04    LEDIR_SGEMM_2@15
 2155     0.01       36.683        0.003        0.171            740        0.00        0.23    LARCINA@10
 2156     0.01       36.683        0.003        0.003            148        0.02        0.02    ACMICRO@12
 2157     0.01       36.683        0.003        0.003            185        0.01        0.01    GPINISLB_PART3_EXPL@6
 2158     0.01       36.683        0.003        0.003             66        0.04        0.04    LEDIR_SGEMM_2@16
 2159     0.01       36.683        0.003        0.003            185        0.01        0.01    GPINISLB_PART3_EXPL@5
 2160     0.01       36.683        0.003        0.003             39        0.06        0.06    LEDIR_SGEMM_2@8
 2161     0.01       36.683        0.002        0.170            740        0.00        0.23    LARCINA@9
 2162     0.01       36.683        0.002        0.169            740        0.00        0.23    LARCINA@5
 2163     0.01       36.683        0.002        0.003            185        0.01        0.01    ACMICRO@1
 2164     0.01       36.683        0.002        0.003            185        0.01        0.02    ACSOL@6
 2165     0.01       36.683        0.002        0.173            740        0.00        0.23    LARCINA@11
 2166     0.01       36.686        0.002        0.017            222        0.01        0.07    LAPINEB_PARALLEL:CVGQ@1
 2167     0.01       36.686        0.002        0.003            148        0.02        0.02    LASCAW_CLA@21
 2168     0.01       36.686        0.002        0.003            185        0.01        0.01    LASCAW_CLA@2
 2169     0.01       36.686        0.002        0.061            148        0.02        0.41    ACPLUIZ@14
 2170     0.01       36.686        0.002        0.147            592        0.00        0.25    LARCINA@16
 2171     0.01       36.686        0.002        0.003            185        0.01        0.01    GPINISLB_PART3_EXPL@4
 2172     0.01       36.688        0.002        0.002             37        0.07        0.07    APL_ARPEGE_RADIATION_PARALLEL:DIRECT:COMPUTE@1
 2173     0.01       36.688        0.002        0.060            148        0.02        0.41    ACPLUIZ@16
 2174     0.01       36.688        0.002        0.002             42        0.06        0.06    LEDIR_SGEMM_2@10
 2175     0.01       36.690        0.002        0.003            973        0.00        0.00    radiation_gas:get_gas_CPU@1
 2176     0.01       36.690        0.002        0.003            148        0.02        0.02    LASCAW_CLA@28
 2177     0.01       36.693        0.002        0.002             36        0.07        0.07    CPCFU_PARALLEL:1:COMPUTE@1
 2178     0.01       36.693        0.002        0.134            592        0.00        0.23    LARCINA@24
 2179     0.01       36.693        0.002        0.003            148        0.02        0.02    LASCAW_CLA@19
 2180     0.01       36.693        0.002        0.061            148        0.02        0.41    ACPLUIZ@15
 2181     0.01       36.693        0.002        0.003            185        0.01        0.02    ACSOL@7
 2182     0.01       36.693        0.002        0.003            148        0.02        0.02    LASCAW_CLA@30
 2183     0.01       36.695        0.002        0.003            370        0.01        0.01   *LACONE@7
 2184     0.01       36.695        0.002        0.003            185        0.01        0.01    GPINISLB_PART3_EXPL@9
 2185     0.01       36.695        0.002        0.162            740        0.00        0.22    LARCINA@3
 2186     0.01       36.698        0.002        0.002             95        0.02        0.03    GSBITE_MF@1
 2187     0.01       36.698        0.002        0.002            148        0.02        0.02    LASCAW_CLA@23
 2188     0.01       36.698        0.002        0.160            740        0.00        0.22    LARCINA@2
 2189     0.01       36.698        0.002        0.002            148        0.02        0.02    CUDDRAFN@30
 2190     0.01       36.698        0.002        0.061            148        0.02        0.41    ACPLUIZ@13
 2191     0.01       36.698        0.002        0.002            370        0.01        0.01    LACONE@6
 2192     0.01       36.698        0.002        0.003            185        0.01        0.01    GPINISLB_PART3_EXPL@11
 2193     0.01       36.698        0.002        0.002             42        0.06        0.06    LEDIR_SGEMM_2@11
 2194     0.01       36.698        0.002        0.002            148        0.02        0.02    ACMICRO@13
 2195     0.01       36.698        0.002        0.138            592        0.00        0.23    LARCINA@25
 2196     0.01       36.700        0.002        0.035            185        0.01        0.19   *GPCTY_EXPL@5
 2197     0.01       36.700        0.002        0.002            148        0.02        0.02    LASCAW_CLA@20
 2198     0.01       36.700        0.002        0.002            148        0.02        0.02    ACFLUSO@32
 2199     0.01       36.702        0.002        0.010              1        2.34        9.88    GPNORM_GFL@1
 2200     0.01       36.702        0.002        0.153            592        0.00        0.26    LARCINA@13
 2201     0.01       36.705        0.002        0.279             36        0.06        7.76    SITNU_GP_OPENMP@1
 2202     0.01       36.705        0.002        0.002            148        0.02        0.02    CUDDRAFN@18
 2203     0.01       36.705        0.002        0.035            185        0.01        0.19    GPCTY_EXPL@8
 2204     0.01       36.705        0.002        0.002            185        0.01        0.01    GPRT@1
 2205     0.01       36.705        0.002        0.035            185        0.01        0.19    GPCTY_EXPL@6
 2206     0.01       36.705        0.002        0.035            185        0.01        0.19    GPCTY_EXPL@7
 2207     0.01       36.705        0.002        0.002            185        0.01        0.01    GPINISLB_PART3_EXPL@10
 2208     0.01       36.707        0.002       34.795             37        0.06      940.41    GP_MODEL_DRV@1
 2209     0.01       36.707        0.002        0.135            592        0.00        0.23    LARCINA@31
 2210     0.01       36.707        0.002        0.138            592        0.00        0.23    LARCINA@28
 2211     0.01       36.707        0.002        0.002            148        0.02        0.02    LASCAW_CLA@31
 2212     0.01       36.709        0.002        0.059            296        0.01        0.20   *SIGAM_GP@13
 2213     0.01       36.711        0.002        0.116             37        0.06        3.13    LARCINB_PARALLEL:LCOMAD_SP:COMPUTE@1
 2214     0.01       36.711        0.002        0.147            592        0.00        0.25    LARCINA@14
 2215     0.01       36.711        0.002        0.002            148        0.02        0.02    CUDDRAFN@16
 2216     0.01       36.711        0.002        0.136            592        0.00        0.23    LARCINA@29
 2217     0.01       36.714        0.002        0.192             37        0.06        5.20    LARCINB_PARALLEL:LAITRE_GMV:COMPUTE@1
 2218     0.01       36.716        0.002        0.009            222        0.01        0.04    GPINISLB_PART2_EXPL_PARALLEL:0@1
 2219     0.01       36.716        0.002        0.135            592        0.00        0.23    LARCINA@30
 2220     0.01       36.716        0.002        0.146            592        0.00        0.25    LARCINA@15
 2221     0.01       36.716        0.002        0.130            592        0.00        0.22    LARCINA@17
 2222     0.01       36.716        0.002        0.059            296        0.01        0.20    SIGAM_GP@17
 2223     0.01       36.716        0.002        0.002            148        0.02        0.02    ACMICRO@22
 2224     0.01       36.716        0.002        0.057            296        0.01        0.19    SIGAM_GP@29
 2225     0.01       36.716        0.002        0.002            148        0.02        0.02    ACMICRO@31
 2226     0.01       36.718        0.002        0.002              8        0.28        0.28    UPDECAEC@1
 2227     0.01       36.718        0.002        0.003            185        0.01        0.02    ACSOL@5
 2228     0.01       36.718        0.002        0.002             41        0.05        0.05    LEDIR_SGEMM_2@13
 2229     0.01       36.718        0.002        0.002            148        0.01        0.02    ACMICRO@14
 2230     0.01       36.718        0.002        0.002            148        0.01        0.02    ACMICRO@30
 2231     0.01       36.718        0.002        0.002            148        0.01        0.02    ACMICRO@19
 2232     0.01       36.718        0.002        0.117            592        0.00        0.20    LARCINA@32
 2233     0.01       36.718        0.002        0.069            370        0.01        0.19    SIGAM_GP@9
 2234     0.01       36.718        0.002        0.003            185        0.01        0.01    ACHMT@2
 2235     0.01       36.718        0.002        0.002             41        0.05        0.05    LEDIR_SGEMM_2@12
 2236     0.01       36.718        0.002        0.002            148        0.01        0.02    ACMICRO@25
 2237     0.01       36.718        0.002        0.035            185        0.01        0.19    GPCTY_EXPL@10
 2238     0.01       36.718        0.002        0.163            740        0.00        0.22    LARCINA@4
 2239     0.01       36.718        0.002        0.002            148        0.01        0.02    CUDDRAFN@21
 2240     0.01       36.718        0.002        0.146            592        0.00        0.25    LARCINA@12
 2241     0.01       36.718        0.002        0.002            148        0.01        0.02    ACMICRO@18
 2242     0.01       36.720        0.002        0.002            973        0.00        0.00    radiation_thermodynamics:get_layer_mass_CPU@1
 2243     0.01       36.720        0.002        0.003            148        0.01        0.02    ACSOL@15
 2244     0.01       36.720        0.002        0.002            148        0.01        0.02    GPINISLB_PART3_EXPL@12
 2245     0.01       36.720        0.002        0.058            296        0.01        0.20    SIGAM_GP@14
 2246     0.01       36.720        0.002        0.069            370        0.01        0.19    SIGAM_GP@8
 2247     0.01       36.720        0.002        0.002            148        0.01        0.02    ACMICRO@29
 2248     0.01       36.720        0.002        0.035            185        0.01        0.19    GPCTY_EXPL@11
 2249     0.01       36.720        0.002        0.058            296        0.01        0.20    SIGAM_GP@21
 2250     0.01       36.720        0.002        0.002            148        0.01        0.02    ACMICRO@21
 2251     0.01       36.720        0.002        0.060            148        0.01        0.40    ACPLUIZ@19
 2252     0.01       36.720        0.002        0.138            592        0.00        0.23    LARCINA@26
 2253     0.01       36.720        0.002        0.002            148        0.01        0.02    ACMICRO@16
 2254     0.01       36.720        0.002        0.137            592        0.00        0.23    LARCINA@21
 2255     0.01       36.720        0.002        0.002            148        0.01        0.02    ACMICRO@15
 2256     0.01       36.720        0.002        0.058            296        0.01        0.20    SIGAM_GP@18
 2257     0.01       36.720        0.002        0.002            148        0.01        0.02    ACMICRO@23
 2258     0.01       36.720        0.002        0.140            592        0.00        0.24    LARCINA@27
 2259     0.01       36.720        0.002        0.002            148        0.01        0.02    ACMICRO@20
 2260     0.01       36.720        0.002        0.002            185        0.01        0.01    CUDDRAFN@11
 2261     0.01       36.720        0.002        0.002            148        0.01        0.02    ACMICRO@17
 2262     0.01       36.720        0.002        0.035            185        0.01        0.19    GPCTY_EXPL@9
 2263     0.01       36.723        0.002        0.057             37        0.06        1.53    APL_ARPEGE_RADIATION_PARALLEL:ACDAYD:COMPUTE@1
 2264     0.01       36.723        0.002        0.058            296        0.01        0.20    SIGAM_GP@15
 2265     0.01       36.723        0.002        0.002            148        0.01        0.01    ACMICRO@28
 2266     0.01       36.723        0.002        0.003            185        0.01        0.01    ACSOL@11
 2267     0.01       36.725        0.002        0.002              1        2.15        2.15    SUMPOUT@1
 2268     0.01       36.725        0.002        0.003            148        0.01        0.02    ACSOL@14
 2269     0.01       36.725        0.002        0.060            148        0.01        0.40    ACPLUIZ@25
 2270     0.01       36.725        0.002        0.059            148        0.01        0.40    ACPLUIZ@31
 2271     0.01       36.725        0.002        0.068            370        0.01        0.18    SIGAM_GP@10
 2272     0.01       36.725        0.002        0.059            296        0.01        0.20    SIGAM_GP@22
 2273     0.01       36.725        0.002        0.060            148        0.01        0.40    ACPLUIZ@17
 2274     0.01       36.725        0.002        0.069            370        0.01        0.19    SIGAM_GP@7
 2275     0.01       36.725        0.002        0.002            148        0.01        0.02    LASCAW_CLA@22
 2276     0.01       36.727        0.002        0.097             37        0.06        2.63    LARCINB_PARALLEL:NVLAG_3:COMPUTE@1
 2277     0.01       36.727        0.002        0.060            148        0.01        0.40    ACPLUIZ@18
 2278     0.01       36.727        0.002        0.002            148        0.01        0.01    ACMICRO@26
 2279     0.01       36.727        0.002        0.059            296        0.01        0.20    SIGAM_GP@25
 2280     0.01       36.727        0.002        0.060            148        0.01        0.40    ACPLUIZ@20
 2281     0.01       36.729        0.002        0.096             37        0.06        2.59    LARCINB_PARALLEL:NTLAG_3:COMPUTE@1
 2282     0.01       36.729        0.002        0.057            296        0.01        0.19    SIGAM_GP@31
 2283     0.01       36.729        0.002        0.002            148        0.01        0.01    ACMICRO@24
 2284     0.01       36.729        0.002        0.059            296        0.01        0.20    SIGAM_GP@19
 2285     0.01       36.729        0.002        0.003            148        0.01        0.02    ACSOL@18
 2286     0.01       36.731        0.002        0.002            740        0.00        0.00   *DPRECIPS_XFU@5
 2287     0.01       36.731        0.002        0.060            148        0.01        0.40    ACPLUIZ@21
 2288     0.01       36.731        0.002        0.003            148        0.01        0.02    ACSOL@22
 2289     0.01       36.731        0.002        0.136            592        0.00        0.23    LARCINA@18
 2290     0.01       36.731        0.002        0.002            740        0.00        0.00    DPRECIPS_XFU@8
 2291     0.01       36.731        0.002        0.028            148        0.01        0.19    GPCTY_EXPL@16
 2292     0.01       36.731        0.002        0.002            148        0.01        0.01    CUDDRAFN@12
 2293     0.01       36.731        0.002        0.002            740        0.00        0.00    DPRECIPS_XFU@7
 2294     0.01       36.731        0.002        0.003            148        0.01        0.02    ACSOL@12
 2295     0.01       36.733        0.002        0.002              1        2.09        2.09    DIST_SPEC@1
 2296     0.01       36.733        0.002        0.002            185        0.01        0.01    ACHMT@1
 2297     0.01       36.733        0.002        0.003            148        0.01        0.02    ACSOL@21
 2298     0.01       36.733        0.002        0.138            592        0.00        0.23    LARCINA@20
 2299     0.01       36.735        0.002        0.002             37        0.06        0.06    LAPINEB_PARALLEL:ZVWEI:COMPUTE@1
 2300     0.01       36.735        0.002        0.028            148        0.01        0.19    GPCTY_EXPL@12
 2301     0.01       36.737        0.002        0.002             37        0.06        0.06    LAPINEB_PARALLEL:TEMP_EQ:COMPUTE@1
 2302     0.01       36.737        0.002        0.002            148        0.01        0.01    ACMICRO@27
 2303     0.01       36.739        0.002        0.002             36        0.06        0.06    CPCFU_PARALLEL:0:COMPUTE@1
 2304     0.01       36.739        0.002        0.002            740        0.00        0.00    DPRECIPS_XFU@6
 2305     0.01       36.739        0.002        0.002            148        0.01        0.01    LASCAW_CLA@24
 2306     0.01       36.739        0.002        0.049            148        0.01        0.33    ACPLUIZ@32
 2307     0.01       36.741        0.002        0.002             37        0.06        0.06    CPG_DIA_FLU_PARALLEL:4:COMPUTE@1
 2308     0.01       36.741        0.002        0.002            148        0.01        0.01    CUDDRAFN@32
 2309     0.01       36.741        0.002        0.002            740        0.00        0.00    DPRECIPS_XFU@9
 2310     0.01       36.741        0.002        0.136            592        0.00        0.23    LARCINA@22
 2311     0.01       36.741        0.002        0.059            148        0.01        0.40    ACPLUIZ@22
 2312     0.01       36.741        0.002        0.058            296        0.01        0.20    SIGAM_GP@24
 2313     0.01       36.741        0.002        0.003            148        0.01        0.02    ACSOL@19
 2314     0.01       36.744        0.002        0.002            238        0.01        0.01    "lfilec_alts"@1:lfi_alts.c
 2315     0.01       36.744        0.002        0.068            370        0.01        0.18    SIGAM_GP@11
 2316     0.01       36.744        0.002        0.059            148        0.01        0.40    ACPLUIZ@29
 2317     0.01       36.744        0.002        0.002            740        0.00        0.00    DPRECIPS_XFU@11
 2318     0.01       36.744        0.002        0.059            148        0.01        0.40    ACPLUIZ@23
 2319     0.01       36.744        0.002        0.002            185        0.01        0.01    CUDDRAFN@9
 2320     0.01       36.744        0.002        0.057            296        0.01        0.19    SIGAM_GP@30
 2321     0.01       36.744        0.002        0.058            296        0.01        0.20    SIGAM_GP@16
 2322     0.01       36.744        0.002        0.059            296        0.01        0.20    SIGAM_GP@12
 2323     0.01       36.744        0.002        0.002            148        0.01        0.01    ACMICRO@32
 2324     0.01       36.744        0.002        0.002            740        0.00        0.00    DPRECIPS_XFU@10
 2325     0.01       36.744        0.002        0.002            148        0.01        0.01    CUDDRAFN@17
 2326     0.01       36.744        0.002        0.003            148        0.01        0.02    ACSOL@16
 2327     0.01       36.746        0.002        0.002             37        0.06        0.06    GPRCP_EXPL_PARALLEL:5:COMPUTE@1
 2328     0.01       36.746        0.002        0.139            592        0.00        0.23    LARCINA@19
 2329     0.01       36.746        0.002        0.060            148        0.01        0.40    ACPLUIZ@28
 2330     0.01       36.746        0.002        0.059            148        0.01        0.40    ACPLUIZ@27
 2331     0.01       36.746        0.002        0.058            296        0.01        0.20    SIGAM_GP@23
 2332     0.01       36.746        0.002        0.059            148        0.01        0.40    ACPLUIZ@24
 2333     0.01       36.746        0.002        0.002            296        0.01        0.01    LACONE@13
 2334     0.01       36.748        0.002        0.002            185        0.01        0.01   *GPGRP_EXPL@11
 2335     0.01       36.748        0.002        0.002            296        0.01        0.01    LACONE@12
 2336     0.01       36.748        0.002        0.002            296        0.01        0.01    LACONE@14
 2337     0.01       36.748        0.002        0.002            296        0.01        0.01    LACONE@17
 2338     0.01       36.748        0.002        0.002            370        0.01        0.01    LACONE@9
 2339     0.01       36.748        0.002        0.059            148        0.01        0.40    ACPLUIZ@26
 2340     0.01       36.748        0.002        0.002            296        0.01        0.01    LACONE@18
 2341     0.01       36.748        0.002        0.002            370        0.01        0.01    LACONE@11
 2342     0.01       36.748        0.002        0.002            296        0.01        0.01    LACONE@15
 2343     0.01       36.748        0.002        0.002            370        0.01        0.01    LACONE@10
 2344     0.01       36.748        0.002        0.028            148        0.01        0.19    GPCTY_EXPL@14
 2345     0.01       36.748        0.002        0.002            370        0.01        0.01    LACONE@8
 2346     0.01       36.748        0.002        0.002            148        0.01        0.01    GPGRP_EXPL@17
 2347     0.01       36.748        0.002        0.002            148        0.01        0.01    GPINISLB_PART3_EXPL@16
 2348     0.01       36.748        0.002        0.059            148        0.01        0.40    ACPLUIZ@30
 2349     0.01       36.748        0.002        0.139            592        0.00        0.23    LARCINA@23
 2350     0.01       36.748        0.002        0.002            148        0.01        0.01    CUDDRAFN@14
 2351     0.01       36.748        0.002        0.002            148        0.01        0.01    LASCAW_CLA@18
 2352     0.01       36.748        0.002        0.028            148        0.01        0.19    GPCTY_EXPL@13
 2353     0.01       36.748        0.002        0.002            185        0.01        0.01    GPGRP_EXPL@5
 2354     0.01       36.748        0.002        0.058            296        0.01        0.20    SIGAM_GP@20
 2355     0.01       36.748        0.002        0.002            148        0.01        0.01    GPGRP_EXPL@13
 2356     0.01       36.748        0.002        0.028            148        0.01        0.19    GPCTY_EXPL@22
 2357     0.01       36.748        0.002        0.002            148        0.01        0.01    CUDDRAFN@19
 2358     0.01       36.748        0.002        0.002            740        0.00        0.00    DPRECIPS_XFU@4
 2359     0.01       36.748        0.002        0.058            296        0.01        0.20    SIGAM_GP@26
 2360     0.01       36.748        0.002        0.028            148        0.01        0.19    GPCTY_EXPL@15
 2361     0.01       36.748        0.002        0.002            148        0.01        0.01    GPINISLB_PART3_EXPL@14
 2362     0.01       36.748        0.002        0.002            185        0.01        0.01    CUDDRAFN@10
 2363     0.01       36.748        0.002        0.002            148        0.01        0.01    GPINISLB_PART3_EXPL@13
 2364     0.01       36.748        0.002        0.002            740        0.00        0.00    DPRECIPS_XFU@3
 2365     0.01       36.748        0.002        0.002            148        0.01        0.02    ACSOL@24
 2366     0.01       36.748        0.002        0.049            296        0.01        0.16    SIGAM_GP@32
 2367     0.01       36.748        0.002        0.002            740        0.00        0.00    DPRECIPS_XFU@2
 2368     0.01       36.748        0.002        0.002            148        0.01        0.02    ACSOL@20
 2369     0.01       36.748        0.002        0.002            148        0.01        0.02    ACSOL@13
 2370     0.01       36.750        0.002        0.002             37        0.05        0.05    CPXFU_PARALLEL:2:COMPUTE@1
 2371     0.01       36.750        0.002        0.002            296        0.01        0.01    LACONE@19
 2372     0.01       36.750        0.002        0.002            148        0.01        0.01    GPINISLB_PART3_EXPL@15
 2373     0.01       36.750        0.002        0.002            148        0.01        0.02    ACSOL@25
 2374     0.01       36.751        0.002        0.002             37        0.05        0.05    MF_PHYS_FPL_PART2_PARALLEL:PART2:COMPUTE@1
 2375     0.01       36.751        0.002        0.002            296        0.01        0.01    LACONE@28
 2376     0.01       36.751        0.002        0.002            296        0.01        0.01    LACONE@27
 2377     0.01       36.751        0.002        0.028            148        0.01        0.19    GPCTY_EXPL@24
 2378     0.01       36.753        0.002        0.010             20        0.10        0.48    GPNORM_TRANS_CTL@1
 2379     0.01       36.753        0.002        0.002            148        0.01        0.01    CUDDRAFN@25
 2380     0.01       36.755        0.002        0.002              2        0.95        0.95    DEALXMO@1
 2381     0.01       36.757        0.002        0.002              3        0.64        0.73    "lfiouv_alts_ext"@1:lfi_alts.c
 2382     0.01       36.757        0.002        0.002            296        0.01        0.01    LACONE@20
 2383     0.01       36.757        0.002        0.058            296        0.01        0.20    SIGAM_GP@27
 2384     0.01       36.757        0.002        0.028            148        0.01        0.19    GPCTY_EXPL@25
 2385     0.01       36.757        0.002        0.002            296        0.01        0.01    LACONE@25
 2386     0.01       36.757        0.002        0.002            185        0.01        0.01    GPGRP_EXPL@9
 2387     0.01       36.757        0.002        0.028            148        0.01        0.19    GPCTY_EXPL@17
 2388     0.01       36.757        0.002        0.002            296        0.01        0.01    LACONE@26
 2389     0.01       36.757        0.002        0.002            185        0.01        0.01    CUDDRAFN@8
 2390     0.01       36.757        0.002        0.002            370        0.01        0.01    LACONE@5
 2391     0.01       36.757        0.002        0.058            296        0.01        0.20    SIGAM_GP@28
 2392     0.01       36.757        0.002        0.002            148        0.01        0.01    GPGRP_EXPL@16
 2393     0.01       36.757        0.002        0.002            296        0.01        0.01    LACONE@29
 2394     0.01       36.757        0.002        0.002            148        0.01        0.01    GPGRP_EXPL@15
 2395     0.01       36.759        0.002        0.002             35        0.05        0.05   *RADAER@7
 2396     0.01       36.759        0.002        0.002            148        0.01        0.01    GPGRP_EXPL@14
 2397     0.01       36.759        0.002        0.034            185        0.01        0.18    GPCTY_EXPL@3
 2398     0.01       36.759        0.002        0.028            148        0.01        0.19    GPCTY_EXPL@27
 2399     0.01       36.759        0.002        0.002            185        0.01        0.01    GPGRP_EXPL@8
 2400     0.01       36.759        0.002        0.002            148        0.01        0.01    GPGRP_EXPL@21
 2401     0.01       36.759        0.002        0.028            148        0.01        0.19    GPCTY_EXPL@23
 2402     0.01       36.759        0.002        0.002            185        0.01        0.01    GPGRP_EXPL@10
 2403     0.00       36.759        0.002        0.028            148        0.01        0.19    GPCTY_EXPL@28
 2404     0.00       36.759        0.002        0.002             35        0.05        0.05    RADAER@2
 2405     0.00       36.759        0.002        0.002            185        0.01        0.01    GPGRP_EXPL@7
 2406     0.00       36.761        0.002        0.002            973        0.00        0.00    radiation_thermodynamics:allocate_thermodynamics_arrays_CPU@1
 2407     0.00       36.761        0.002        0.002             35        0.05        0.05    RADAER@5
 2408     0.00       36.763        0.002        0.002             37        0.05        0.05    MF_PHYS_INIT_PARALLEL:ZERO:GET_DATA@1
 2409     0.00       36.763        0.002        0.002             35        0.05        0.05    RADAER@8
 2410     0.00       36.763        0.002        0.002            592        0.00        0.00    DPRECIPS_XFU@25
 2411     0.00       36.763        0.002        0.028            148        0.01        0.19    GPCTY_EXPL@21
 2412     0.00       36.765        0.002        0.006            185        0.01        0.03    GPRCP_EXPL_PARALLEL:2@1
 2413     0.00       36.765        0.002        0.002             35        0.05        0.05    RADAER@6
 2414     0.00       36.765        0.002        0.002             35        0.05        0.05    RADAER@3
 2415     0.00       36.765        0.002        0.002             35        0.05        0.05    RADAER@1
 2416     0.00       36.765        0.002        0.002            185        0.01        0.01    GPGRP_EXPL@6
 2417     0.00       36.766        0.002        0.002             37        0.05        0.06    CPG_GP_PARALLEL:GP_SPV:COMPUTE@1
 2418     0.00       36.768        0.002        0.002             37        0.05        0.05    CPUTQY_APLPAR_EXPL_PARALLEL:PFDIS:COMPUTE@1
 2419     0.00       36.768        0.002        0.002            148        0.01        0.01    GPGRP_EXPL@19
 2420     0.00       36.768        0.002        0.002            148        0.01        0.01    GPGRP_EXPL@25
 2421     0.00       36.770        0.002        0.002            185        0.01        0.01   *ACVEG@9
 2422     0.00       36.770        0.002        0.002             35        0.05        0.05    RADAER@4
 2423     0.00       36.770        0.002        0.028            148        0.01        0.19    GPCTY_EXPL@26
 2424     0.00       36.770        0.002        0.002            148        0.01        0.01    GPGRP_EXPL@18
 2425     0.00       36.770        0.002        0.002            592        0.00        0.00    DPRECIPS_XFU@24
 2426     0.00       36.770        0.002        0.002            185        0.01        0.01    CUDDRAFN@4
 2427     0.00       36.770        0.002        0.028            148        0.01        0.19    GPCTY_EXPL@29
 2428     0.00       36.770        0.002        0.002            592        0.00        0.00    DPRECIPS_XFU@29
 2429     0.00       36.770        0.002        0.002            185        0.01        0.01    ACVEG@11
 2430     0.00       36.770        0.002        0.002            592        0.00        0.00    DPRECIPS_XFU@23
 2431     0.00       36.770        0.002        0.028            148        0.01        0.19    GPCTY_EXPL@20
 2432     0.00       36.772        0.002        0.002              1        1.78        1.78    radiation_cloud_optics_data:setup_cloud_optics_data_CPU@1
 2433     0.00       36.772        0.002        0.002            592        0.00        0.00    DPRECIPS_XFU@17
 2434     0.00       36.772        0.002        0.002            592        0.00        0.00    DPRECIPS_XFU@16
 2435     0.00       36.774        0.002        0.023            185        0.01        0.13   *ACNEBCOND@9
 2436     0.00       36.774        0.002        0.002            592        0.00        0.00    DPRECIPS_XFU@13
 2437     0.00       36.774        0.002        0.002            296        0.01        0.01    LACONE@16
 2438     0.00       36.774        0.002        0.002            148        0.01        0.01    ACSOL@26
 2439     0.00       36.774        0.002        0.002            148        0.01        0.01    GPGRP_EXPL@22
 2440     0.00       36.774        0.002        0.002            592        0.00        0.00    DPRECIPS_XFU@27
 2441     0.00       36.774        0.002        0.002            148        0.01        0.01    CUDDRAFN@13
 2442     0.00       36.774        0.002        0.002            592        0.00        0.00    DPRECIPS_XFU@12
 2443     0.00       36.774        0.002        0.002            148        0.01        0.01    GPGRP_EXPL@29
 2444     0.00       36.774        0.002        0.002            148        0.01        0.01    GPGRP_EXPL@12
 2445     0.00       36.774        0.002        0.002            370        0.00        0.01    LACONE@4
 2446     0.00       36.774        0.002        0.002            592        0.00        0.00    DPRECIPS_XFU@26
 2447     0.00       36.774        0.002        0.002            185        0.01        0.01    ACSOL@3
 2448     0.00       36.774        0.002        0.002            592        0.00        0.00    DPRECIPS_XFU@30
 2449     0.00       36.774        0.002        0.002            592        0.00        0.00    DPRECIPS_XFU@19
 2450     0.00       36.774        0.002        0.002            592        0.00        0.00    DPRECIPS_XFU@22
 2451     0.00       36.774        0.002        0.002            592        0.00        0.00    DPRECIPS_XFU@31
 2452     0.00       36.774        0.002        0.002            592        0.00        0.00    DPRECIPS_XFU@20
 2453     0.00       36.774        0.002        0.028            148        0.01        0.19    GPCTY_EXPL@31
 2454     0.00       36.774        0.002        0.002            148        0.01        0.01    ACSOL@23
 2455     0.00       36.774        0.002        0.002            592        0.00        0.00    DPRECIPS_XFU@14
 2456     0.00       36.774        0.002        0.002            592        0.00        0.00    DPRECIPS_XFU@18
 2457     0.00       36.774        0.002        0.002            148        0.01        0.01    GPGRP_EXPL@27
 2458     0.00       36.774        0.002        0.002            370        0.00        0.01    LACONE@1
 2459     0.00       36.774        0.002        0.002             35        0.05        0.05    RADAER@9
 2460     0.00       36.774        0.002        0.002            592        0.00        0.00    DPRECIPS_XFU@28
 2461     0.00       36.774        0.002        0.002            592        0.00        0.00    DPRECIPS_XFU@21
 2462     0.00       36.774        0.002        0.002            592        0.00        0.00    DPRECIPS_XFU@15
 2463     0.00       36.774        0.002        0.002            148        0.01        0.01    GPGRP_EXPL@26
 2464     0.00       36.774        0.002        0.002             28        0.06        0.06    RADAER@17
 2465     0.00       36.774        0.002        0.034            185        0.01        0.18    GPCTY_EXPL@4
 2466     0.00       36.774        0.002        0.002             35        0.05        0.05    RADAER@10
 2467     0.00       36.774        0.002        0.002            740        0.00        0.00    DPRECIPS_XFU@1
 2468     0.00       36.774        0.002        0.002            185        0.01        0.01    ACSOL@4
 2469     0.00       36.774        0.002        0.002            148        0.01        0.01    LASCAW_CLA@17
 2470     0.00       36.774        0.002        0.028            148        0.01        0.19    GPCTY_EXPL@30
 2471     0.00       36.774        0.002        0.023            148        0.01        0.16    GPCTY_EXPL@32
 2472     0.00       36.774        0.002        0.002            370        0.00        0.01    LACONE@2
 2473     0.00       36.774        0.002        0.002             35        0.05        0.05    RADAER@11
 2474     0.00       36.774        0.002        0.002             28        0.06        0.06    RADAER@20
 2475     0.00       36.774        0.002        0.002            370        0.00        0.01    LACONE@3
 2476     0.00       36.775        0.002        0.002             37        0.05        0.06    CPG_GP_PARALLEL:GPTF2_EXPL_2TL:COMPUTE@1
 2477     0.00       36.775        0.002        0.002            148        0.01        0.01    ACVEG@16
 2478     0.00       36.775        0.002        0.002            148        0.01        0.01    GPGRP_EXPL@20
 2479     0.00       36.775        0.002        0.002             28        0.06        0.06    RADAER@19
 2480     0.00       36.775        0.002        0.002             28        0.06        0.06    RADAER@18
 2481     0.00       36.777        0.002        0.002              1        1.70        1.83    IOGRID_MOD:IOGRID_SELECTFY@1
 2482     0.00       36.777        0.002        0.002             28        0.06        0.06    RADAER@24
 2483     0.00       36.777        0.002        0.002            185        0.01        0.01    ACVEG@10
 2484     0.00       36.777        0.002        0.034            185        0.01        0.18    GPCTY_EXPL@2
 2485     0.00       36.777        0.002        0.002            185        0.01        0.01    CUDDRAFN@5
 2486     0.00       36.777        0.002        0.002            148        0.01        0.01    ACVEG@18
 2487     0.00       36.777        0.002        0.002            148        0.01        0.01    ACVEG@17
 2488     0.00       36.777        0.002        0.002            148        0.01        0.01    ACSOL@17
 2489     0.00       36.777        0.002        0.002            148        0.01        0.01    GPGRP_EXPL@23
 2490     0.00       36.777        0.002        0.002            148        0.01        0.01    GPGRP_EXPL@30
 2491     0.00       36.777        0.002        0.002            148        0.01        0.01    CUDDRAFN@15
 2492     0.00       36.779        0.002        0.002             36        0.05        0.05    CPCFU_PARALLEL:2:COMPUTE@1
 2493     0.00       36.779        0.002        0.002             28        0.06        0.06    RADAER@32
 2494     0.00       36.780        0.002        0.002             37        0.05        0.05    CPG_GP_PARALLEL:SET1TO0:COMPUTE@1
 2495     0.00       36.780        0.002        0.002             28        0.06        0.06    RADAER@21
 2496     0.00       36.782        0.002        0.002             71        0.02        0.02    FAREOR_MT64@1
 2497     0.00       36.782        0.002        0.002             28        0.06        0.06    RADAER@22
 2498     0.00       36.782        0.002        0.002            148        0.01        0.01    GPGRP_EXPL@28
 2499     0.00       36.784        0.002       30.610             37        0.04      827.31    CPG_PARALLEL@1
 2500     0.00       36.784        0.002        0.002            148        0.01        0.01    ACSOL@27
 2501     0.00       36.785        0.002        0.953             37        0.04       25.77    ACVPPKF_PARALLEL:PART2:COMPUTE@1
 2502     0.00       36.785        0.002        0.002            148        0.01        0.01    ACVEG@26
 2503     0.00       36.785        0.002        0.002            148        0.01        0.01    ACSOL@28
 2504     0.00       36.787        0.002        0.002            148        0.01        0.01   *CUDLFSN@26
 2505     0.00       36.787        0.002        0.002             28        0.06        0.06    RADAER@25
 2506     0.00       36.787        0.002        0.028            148        0.01        0.19    GPCTY_EXPL@18
 2507     0.00       36.787        0.002        0.002            185        0.01        0.01    CUDDRAFN@3
 2508     0.00       36.787        0.002        0.033            185        0.01        0.18    GPCTY_EXPL@1
 2509     0.00       36.787        0.002        0.002            148        0.01        0.01    ACVEG@12
 2510     0.00       36.787        0.002        0.002             28        0.06        0.06    RADAER@28
 2511     0.00       36.787        0.002        0.002            148        0.01        0.01    GPGRP_EXPL@31
 2512     0.00       36.787        0.002        0.002            185        0.01        0.01    CUDDRAFN@6
 2513     0.00       36.789        0.002        0.032            185        0.01        0.17   *GPXX@11
 2514     0.00       36.789        0.002        0.032            185        0.01        0.17    GPXX@2
 2515     0.00       36.789        0.002        0.002            148        0.01        0.01    CUDDRAFN@22
 2516     0.00       36.789        0.002        0.002             28        0.06        0.06    RADAER@23
 2517     0.00       36.789        0.002        0.002             28        0.06        0.06    RADAER@31
 2518     0.00       36.790        0.002        0.003            148        0.01        0.02    GPRCP_EXPL_PARALLEL:4@1
 2519     0.00       36.790        0.002        0.002             28        0.06        0.06    RADAER@27
 2520     0.00       36.790        0.002        0.002            148        0.01        0.01    ACVEG@24
 2521     0.00       36.790        0.002        0.002             28        0.06        0.06    RADAER@29
 2522     0.00       36.790        0.002        0.032            185        0.01        0.17    GPXX@5
 2523     0.00       36.790        0.002        0.002            148        0.01        0.01    GPGRP_EXPL@24
 2524     0.00       36.790        0.002        0.002            296        0.01        0.01    LACONE@21
 2525     0.00       36.790        0.002        0.002            148        0.01        0.01    ACVEG@23
 2526     0.00       36.790        0.002        0.002             28        0.06        0.06    RADAER@30
 2527     0.00       36.790        0.002        0.032            185        0.01        0.17    GPXX@7
 2528     0.00       36.790        0.002        0.002            148        0.01        0.01    ACVEG@25
 2529     0.00       36.790        0.002        0.028            148        0.01        0.19    GPCTY_EXPL@19
 2530     0.00       36.790        0.002        0.002            185        0.01        0.01    ACVEG@4
 2531     0.00       36.790        0.002        0.068            370        0.00        0.18    SIGAM_GP@6
 2532     0.00       36.790        0.002        0.002            148        0.01        0.01    ACVEG@19
 2533     0.00       36.792        0.002        0.022             37        0.04        0.60    SCAN2M_CTVTOT_DRV@1
 2534     0.00       36.792        0.002        0.002            296        0.01        0.01    LACONE@22
 2535     0.00       36.793        0.002       29.092             37        0.04      786.28    MF_PHYS_PARALLEL@1
 2536     0.00       36.793        0.002        0.002            296        0.01        0.01    LACONE@31
 2537     0.00       36.793        0.002        0.002            148        0.01        0.01    ACVEG@13
 2538     0.00       36.793        0.002        0.032            185        0.01        0.17    GPXX@8
 2539     0.00       36.793        0.002        0.032            185        0.01        0.17    GPXX@6
 2540     0.00       36.793        0.002        0.002            185        0.01        0.01    GPGRP_EXPL@3
 2541     0.00       36.793        0.002        0.032            185        0.01        0.17    GPXX@10
 2542     0.00       36.793        0.002        0.002             28        0.06        0.06    RADAER@12
 2543     0.00       36.795        0.002        0.020              1        1.56       20.40    IFS_INIT@1
 2544     0.00       36.795        0.002        0.002            185        0.01        0.01    GPGRP_EXPL@2
 2545     0.00       36.795        0.002        0.002            148        0.01        0.01    ACVEG@22
 2546     0.00       36.797        0.002        0.002             36        0.04        0.04    CPG_END_SFC_PARALLEL:SET0TO1:COMPUTE@1
 2547     0.00       36.797        0.002        0.002            296        0.01        0.01    LACONE@30
 2548     0.00       36.797        0.002        0.002            592        0.00        0.00    DPRECIPS_XFU@32
 2549     0.00       36.797        0.002        0.032            185        0.01        0.17    GPXX@9
 2550     0.00       36.797        0.002        0.002            148        0.01        0.01    ACVEG@21
 2551     0.00       36.797        0.002        0.002            296        0.01        0.01    LACONE@24
 2552     0.00       36.797        0.002        0.002            148        0.01        0.01    ACVEG@15
 2553     0.00       36.798        0.002        0.004              1        1.53        3.98    SUARG@1
 2554     0.00       36.798        0.002        0.002            148        0.01        0.01    CUDLFSN@20
 2555     0.00       36.800        0.002        0.003            148        0.01        0.02   *ACNPART@22
 2556     0.00       36.800        0.002        0.002            296        0.01        0.01    LACONE@23
 2557     0.00       36.800        0.002        0.002             28        0.05        0.06    RADAER@15
 2558     0.00       36.801        0.002        0.002            185        0.01        0.01   *GP_TNDLAGADIAB_UV@7
 2559     0.00       36.801        0.002        0.002            185        0.01        0.01    ACSOL@2
 2560     0.00       36.801        0.002        0.002            148        0.01        0.01    ACVEG@14
 2561     0.00       36.801        0.002        0.026            148        0.01        0.17    GPXX@26
 2562     0.00       36.801        0.002        0.032            185        0.01        0.17    GPXX@3
 2563     0.00       36.801        0.002        0.002            185        0.01        0.01    GP_TNDLAGADIAB_UV@10
 2564     0.00       36.801        0.002        0.032            185        0.01        0.17    GPXX@4
 2565     0.00       36.801        0.002        0.002             28        0.05        0.06    RADAER@26
 2566     0.00       36.801        0.002        0.002            185        0.01        0.01    GPGRP_EXPL@4
 2567     0.00       36.801        0.001        0.002            185        0.01        0.01    GP_TNDLAGADIAB_UV@5
 2568     0.00       36.801        0.001        0.002            185        0.01        0.01    GP_TNDLAGADIAB_UV@6
 2569     0.00       36.801        0.001        0.002            185        0.01        0.01    GP_TNDLAGADIAB_UV@11
 2570     0.00       36.801        0.001        0.002            148        0.01        0.01    ACSOL@30
 2571     0.00       36.801        0.001        0.002            185        0.01        0.01    GP_TNDLAGADIAB_UV@8
 2572     0.00       36.801        0.001        0.002             28        0.05        0.05    RADAER@13
 2573     0.00       36.801        0.001        0.002             28        0.05        0.05    RADAER@16
 2574     0.00       36.801        0.001        0.002            148        0.01        0.01    ACVEG@20
 2575     0.00       36.801        0.001        0.002            148        0.01        0.01    CUDLFSN@24
 2576     0.00       36.801        0.001        0.002            185        0.01        0.01    GP_TNDLAGADIAB_UV@9
 2577     0.00       36.801        0.001        0.002             28        0.05        0.05    RADAER@14
 2578     0.00       36.801        0.001        0.002            185        0.01        0.01    GP_TNDLAGADIAB_UV@4
 2579     0.00       36.801        0.001        0.002            148        0.01        0.01    CUDLFSN@31
 2580     0.00       36.801        0.001        0.002            296        0.00        0.01    LACONE@32
 2581     0.00       36.803        0.001        0.012            148        0.01        0.08    GPINISLB_PART2_EXPL_PARALLEL:1@1
 2582     0.00       36.803        0.001        0.023            185        0.01        0.13    ACNEBCOND@1
 2583     0.00       36.804        0.001        0.021             36        0.04        0.58    SCAN2M_TS_DRV@1
 2584     0.00       36.804        0.001        0.032            185        0.01        0.17    GPXX@1
 2585     0.00       36.804        0.001        0.003            148        0.01        0.02    ACNPART@19
 2586     0.00       36.804        0.001        0.002            185        0.01        0.01    GP_TNDLAGADIAB_UV@1
 2587     0.00       36.804        0.001        0.002            148        0.01        0.01    CUDLFSN@27
 2588     0.00       36.804        0.001        0.002            185        0.01        0.01    GP_TNDLAGADIAB_UV@3
 2589     0.00       36.804        0.001        0.002            185        0.01        0.01    GP_TNDLAGADIAB_UV@2
 2590     0.00       36.805        0.001        0.002            973        0.00        0.00    radiation_gas:put_well_mixed_gas_CPU@1
 2591     0.00       36.807        0.001        0.002           3204        0.00        0.00    FIELD_DEFINITIONS_BASE:SET_FVAR@1
 2592     0.00       36.807        0.001        0.002            148        0.01        0.01    CUDLFSN@28
 2593     0.00       36.807        0.001        0.069            370        0.00        0.19    SIGAM_GP@5
 2594     0.00       36.807        0.001        0.026            148        0.01        0.18    GPXX@12
 2595     0.00       36.807        0.001        0.023            185        0.01        0.13    ACNEBCOND@2
 2596     0.00       36.807        0.001        0.026            148        0.01        0.17    GPXX@16
 2597     0.00       36.808        0.001        3.419              1        1.41     3418.53    STEPX@1
 2598     0.00       36.808        0.001        0.001            148        0.01        0.01    CUDLFSN@23
 2599     0.00       36.808        0.001        0.026            148        0.01        0.17    GPXX@23
 2600     0.00       36.810        0.001        0.002            973        0.00        0.00    radiation_thermodynamics:deallocate_thermodynamics_arrays_CPU@1
 2601     0.00       36.810        0.001        0.001            148        0.01        0.01    GPGRP_EXPL@32
 2602     0.00       36.810        0.001        0.026            148        0.01        0.17    GPXX@15
 2603     0.00       36.810        0.001        0.001            185        0.01        0.01    GPGRP_EXPL@1
 2604     0.00       36.811        0.001        0.002              1        1.40        1.71    YOEAERC:SUECAEC@1
 2605     0.00       36.812        0.001        0.001              1        1.39        1.39    SLRSET@1
 2606     0.00       36.814        0.001        0.001             37        0.04        0.04    CPXFU_PARALLEL:3:COMPUTE@1
 2607     0.00       36.814        0.001        0.026            148        0.01        0.17    GPXX@13
 2608     0.00       36.815        0.001        0.001             36        0.04        0.04    BOUCLE_SIMPLE@1
 2609     0.00       36.815        0.001        0.026            148        0.01        0.17    GPXX@18
 2610     0.00       36.815        0.001        0.026            148        0.01        0.17    GPXX@19
 2611     0.00       36.815        0.001        0.001            185        0.01        0.01    CUDDRAFN@7
 2612     0.00       36.817        0.001        0.002            973        0.00        0.00    radiation_cloud:deallocate_cloud_arrays_CPU@1
 2613     0.00       36.817        0.001        0.026            148        0.01        0.18    GPXX@14
 2614     0.00       36.817        0.001        0.001            185        0.01        0.01    ACVEG@7
 2615     0.00       36.818        0.001        0.003             37        0.04        0.08    LAPINEB_PARALLEL:LACONE:COMPUTE@1
 2616     0.00       36.818        0.001        0.026            148        0.01        0.17    GPXX@30
 2617     0.00       36.818        0.001        0.024            185        0.01        0.13    ACNEBCOND@3
 2618     0.00       36.818        0.001        0.001            148        0.01        0.01    CUDLFSN@29
 2619     0.00       36.818        0.001        0.026            148        0.01        0.17    GPXX@31
 2620     0.00       36.818        0.001        0.026            148        0.01        0.17    GPXX@28
 2621     0.00       36.819        0.001        0.002            925        0.00        0.00   *ACNPART_CLOUD_COVER@5
 2622     0.00       36.819        0.001        0.001            148        0.01        0.01    CUDLFSN@12
 2623     0.00       36.819        0.001        0.023            185        0.01        0.13    ACNEBCOND@5
 2624     0.00       36.819        0.001        0.001            185        0.01        0.01    CUDLFSN@8
 2625     0.00       36.819        0.001        0.001            185        0.01        0.01    ACVEG@8
 2626     0.00       36.819        0.001        0.002            148        0.01        0.01    ACSOL@29
 2627     0.00       36.819        0.001        0.026            148        0.01        0.17    GPXX@17
 2628     0.00       36.819        0.001        0.024            185        0.01        0.13    ACNEBCOND@4
 2629     0.00       36.819        0.001        0.002            925        0.00        0.00    ACNPART_CLOUD_COVER@8
 2630     0.00       36.821        0.001        0.002            973        0.00        0.00    radiation_cloud:allocate_cloud_arrays_CPU@1
 2631     0.00       36.821        0.001        0.002            925        0.00        0.00    ACNPART_CLOUD_COVER@7
 2632     0.00       36.821        0.001        0.026            148        0.01        0.17    GPXX@27
 2633     0.00       36.821        0.001        0.026            148        0.01        0.17    GPXX@25
 2634     0.00       36.821        0.001        0.001            185        0.01        0.01    CUDLFSN@11
 2635     0.00       36.821        0.001        0.002            925        0.00        0.00    ACNPART_CLOUD_COVER@4
 2636     0.00       36.822        0.001        0.001            185        0.01        0.01   *SATUR@11
 2637     0.00       36.822        0.001        0.002            925        0.00        0.00    ACNPART_CLOUD_COVER@6
 2638     0.00       36.822        0.001        0.002            925        0.00        0.00    ACNPART_CLOUD_COVER@10
 2639     0.00       36.822        0.001        0.022            148        0.01        0.15    GPXX@32
 2640     0.00       36.822        0.001        0.026            148        0.01        0.17    GPXX@22
 2641     0.00       36.823        0.001        0.001              1        1.33        1.33    radiation_pdf_sampler:setup_pdf_sampler_CPU@1
 2642     0.00       36.823        0.001        0.026            148        0.01        0.17    GPXX@20
 2643     0.00       36.823        0.001        0.026            148        0.01        0.17    GPXX@21
 2644     0.00       36.823        0.001        0.001            185        0.01        0.01    CUDLFSN@10
 2645     0.00       36.823        0.001        0.023            185        0.01        0.12    ACNEBCOND@7
 2646     0.00       36.823        0.001        0.002            925        0.00        0.00    ACNPART_CLOUD_COVER@3
 2647     0.00       36.825        0.001        0.003             37        0.04        0.09    CPXFU_PARALLEL:4:COMPUTE@1
 2648     0.00       36.825        0.001        0.025            148        0.01        0.17    GPXX@29
 2649     0.00       36.825        0.001        0.001            185        0.01        0.01    SATUR@8
 2650     0.00       36.826        0.001        0.002            973        0.00        0.00    ICE_EFFECTIVE_RADIUS_CPU@1
 2651     0.00       36.826        0.001        0.002            925        0.00        0.00    ACNPART_CLOUD_COVER@11
 2652     0.00       36.826        0.001        0.002            925        0.00        0.00    ACNPART_CLOUD_COVER@9
 2653     0.00       36.826        0.001        0.001            148        0.01        0.01    GP_TNDLAGADIAB_UV@16
 2654     0.00       36.826        0.001        0.001            185        0.01        0.01    SATUR@10
 2655     0.00       36.826        0.001        0.001            185        0.01        0.01    SATUR@5
 2656     0.00       36.826        0.001        0.002            925        0.00        0.00    ACNPART_CLOUD_COVER@2
 2657     0.00       36.826        0.001        0.001            148        0.01        0.01    GP_TNDLAGADIAB_UV@15
 2658     0.00       36.826        0.001        0.026            148        0.01        0.17    GPXX@24
 2659     0.00       36.826        0.001        0.001            148        0.01        0.01    GP_TNDLAGADIAB_UV@26
 2660     0.00       36.826        0.001        0.023            185        0.01        0.13    ACNEBCOND@6
 2661     0.00       36.826        0.001        0.001            148        0.01        0.01    GP_TNDLAGADIAB_UV@23
 2662     0.00       36.826        0.001        0.001            148        0.01        0.01    GP_TNDLAGADIAB_UV@17
 2663     0.00       36.826        0.001        0.001            148        0.01        0.01    GP_TNDLAGADIAB_UV@31
 2664     0.00       36.826        0.001        0.001            148        0.01        0.01    GP_TNDLAGADIAB_UV@24
 2665     0.00       36.826        0.001        0.001            185        0.01        0.01    SATUR@7
 2666     0.00       36.826        0.001        0.001            148        0.01        0.01    GP_TNDLAGADIAB_UV@14
 2667     0.00       36.826        0.001        0.001            148        0.01        0.01    GPINISLB_PART3_EXPL@24
 2668     0.00       36.826        0.001        0.067            370        0.00        0.18    SIGAM_GP@2
 2669     0.00       36.826        0.001        0.001            148        0.01        0.01    GP_TNDLAGADIAB_UV@22
 2670     0.00       36.826        0.001        0.001            148        0.01        0.01    GP_TNDLAGADIAB_UV@19
 2671     0.00       36.827        0.001        0.017            666        0.00        0.03    CPUTQY0_PARALLEL@1
 2672     0.00       36.827        0.001        0.001            185        0.01        0.01    SATUR@9
 2673     0.00       36.827        0.001        0.001            185        0.01        0.01    CUDLFSN@9
 2674     0.00       36.827        0.001        0.001            148        0.01        0.01    GP_TNDLAGADIAB_UV@25
 2675     0.00       36.827        0.001        0.001            148        0.01        0.01    GP_TNDLAGADIAB_UV@18
 2676     0.00       36.827        0.001        0.001            148        0.01        0.01    GP_TNDLAGADIAB_UV@20
 2677     0.00       36.827        0.001        0.001            148        0.01        0.01    GP_TNDLAGADIAB_UV@13
 2678     0.00       36.827        0.001        0.067            370        0.00        0.18    SIGAM_GP@4
 2679     0.00       36.829        0.001        0.001             36        0.04        0.04    CPCFU_PARALLEL:3:COMPUTE@1
 2680     0.00       36.829        0.001        0.001            148        0.01        0.01    GP_TNDLAGADIAB_UV@27
 2681     0.00       36.829        0.001        0.001            148        0.01        0.01    GP_TNDLAGADIAB_UV@28
 2682     0.00       36.829        0.001        0.001            185        0.01        0.01    SATUR@6
 2683     0.00       36.829        0.001        0.001            148        0.01        0.01    GPINISLB_PART3_EXPL@27
 2684     0.00       36.829        0.001        0.001            148        0.01        0.01    GP_TNDLAGADIAB_UV@29
 2685     0.00       36.829        0.001        0.001            185        0.01        0.01    CUDLFSN@5
 2686     0.00       36.829        0.001        0.001            148        0.01        0.01    CUDLFSN@21
 2687     0.00       36.829        0.001        0.001            148        0.01        0.01    GPINISLB_PART3_EXPL@30
 2688     0.00       36.830        0.001        0.001              2        0.64        0.64    YOE_SPECTRAL_PLANCK:INIT@1
 2689     0.00       36.830        0.001        0.001            148        0.01        0.01    GP_TNDLAGADIAB_UV@21
 2690     0.00       36.830        0.001        0.001            148        0.01        0.01    GPINISLB_PART3_EXPL@31
 2691     0.00       36.831        0.001        0.027             36        0.04        0.76    TRMTOSNEW@1
 2692     0.00       36.831        0.001        0.002            925        0.00        0.00    ACNPART_CLOUD_COVER@1
 2693     0.00       36.831        0.001        0.001            148        0.01        0.01    GP_TNDLAGADIAB_UV@30
 2694     0.00       36.831        0.001        0.001            148        0.01        0.01    GPINISLB_PART3_EXPL@21
 2695     0.00       36.832        0.001        0.006             37        0.03        0.17    LAPINEB_PARALLEL:ROTUV:COMPUTE@1
 2696     0.00       36.832        0.001        0.001            148        0.01        0.01    GPINISLB_PART3_EXPL@25
 2697     0.00       36.832        0.001        0.001            148        0.01        0.01    GPINISLB_PART3_EXPL@32
 2698     0.00       36.832        0.001        0.001            185        0.01        0.01    CUDLFSN@3
 2699     0.00       36.832        0.001        0.001            148        0.01        0.01    GPINISLB_PART3_EXPL@28
 2700     0.00       36.834        0.001        0.359             37        0.03        9.69    CPG_GP_PARALLEL@1
 2701     0.00       36.834        0.001        0.001            148        0.01        0.01    GPINISLB_PART3_EXPL@19
 2702     0.00       36.834        0.001        0.001            148        0.01        0.01    ACVEG@27
 2703     0.00       36.834        0.001        0.001            148        0.01        0.01    GP_TNDLAGADIAB_UV@12
 2704     0.00       36.834        0.001        0.001            148        0.01        0.01    GPINISLB_PART3_EXPL@23
 2705     0.00       36.834        0.001        0.001            148        0.01        0.01    CUDLFSN@25
 2706     0.00       36.834        0.001        0.001            148        0.01        0.01    GPINISLB_PART3_EXPL@22
 2707     0.00       36.835        0.001        0.001            185        0.01        0.01   *CPTENDS@9
 2708     0.00       36.836        0.001        0.001            555        0.00        0.00   *HL2FL@9
 2709     0.00       36.836        0.001        0.001            185        0.01        0.01    CUDLFSN@4
 2710     0.00       36.836        0.001        0.023            185        0.01        0.12    ACNEBCOND@8
 2711     0.00       36.836        0.001        0.001            185        0.01        0.01    CPTENDS@7
 2712     0.00       36.836        0.001        0.001            740        0.00        0.00    ACNPART_CLOUD_COVER@25
 2713     0.00       36.836        0.001        0.001            555        0.00        0.00    HL2FL@11
 2714     0.00       36.836        0.001        0.001            185        0.01        0.01    CPTENDS@8
 2715     0.00       36.836        0.001        0.001            148        0.01        0.01    GPINISLB_PART3_EXPL@29
 2716     0.00       36.836        0.001        0.001            148        0.01        0.01    CUDLFSN@16
 2717     0.00       36.836        0.001        0.001            555        0.00        0.00    HL2FL@7
 2718     0.00       36.836        0.001        0.001            148        0.01        0.01    CUDLFSN@13
 2719     0.00       36.836        0.001        0.001            740        0.00        0.00    ACNPART_CLOUD_COVER@13
 2720     0.00       36.836        0.001        0.001            148        0.01        0.01    CUDLFSN@18
 2721     0.00       36.836        0.001        0.001            148        0.01        0.01    ACVEG@28
 2722     0.00       36.836        0.001        0.001            148        0.01        0.01    CUDLFSN@17
 2723     0.00       36.837        0.001        0.027             37        0.03        0.72    APL_ARPEGE_PARALLEL:CPPHINP@1
 2724     0.00       36.837        0.001        0.001            740        0.00        0.00    ACNPART_CLOUD_COVER@21
 2725     0.00       36.837        0.001        0.001            740        0.00        0.00    ACNPART_CLOUD_COVER@17
 2726     0.00       36.837        0.001        0.001            185        0.01        0.01    SATUR@3
 2727     0.00       36.837        0.001        0.001            740        0.00        0.00    ACNPART_CLOUD_COVER@22
 2728     0.00       36.837        0.001        0.001            555        0.00        0.00    HL2FL@10
 2729     0.00       36.837        0.001        0.022            185        0.01        0.12    ACNEBCOND@10
 2730     0.00       36.837        0.001        0.001            148        0.01        0.01    CUDLFSN@19
 2731     0.00       36.837        0.001        0.001            148        0.01        0.01    GPINISLB_PART3_EXPL@18
 2732     0.00       36.837        0.001        0.001            185        0.01        0.01    SATUR@4
 2733     0.00       36.839        0.001        0.001            185        0.01        0.01   *FL2HL@4
 2734     0.00       36.839        0.001        0.001            555        0.00        0.00    HL2FL@5
 2735     0.00       36.839        0.001        0.001            148        0.01        0.01    CUDLFSN@30
 2736     0.00       36.839        0.001        0.001            148        0.01        0.01    GPINISLB_PART3_EXPL@26
 2737     0.00       36.839        0.001        0.001            555        0.00        0.00    HL2FL@6
 2738     0.00       36.839        0.001        0.001            740        0.00        0.00    ACNPART_CLOUD_COVER@18
 2739     0.00       36.839        0.001        0.001            740        0.00        0.00    ACNPART_CLOUD_COVER@20
 2740     0.00       36.839        0.001        0.001            740        0.00        0.00    ACNPART_CLOUD_COVER@19
 2741     0.00       36.839        0.001        0.001            185        0.01        0.01    CUDLFSN@6
 2742     0.00       36.840        0.001        0.001              4        0.30        0.30    GRIB_API:IGRIB_SET_REAL4_ARRAY@1
 2743     0.00       36.840        0.001        0.001            740        0.00        0.00    ACNPART_CLOUD_COVER@26
 2744     0.00       36.840        0.001        0.001            740        0.00        0.00    ACNPART_CLOUD_COVER@30
 2745     0.00       36.840        0.001        0.001            148        0.01        0.01    GPINISLB_PART3_EXPL@17
 2746     0.00       36.840        0.001        0.001            740        0.00        0.00    ACNPART_CLOUD_COVER@16
 2747     0.00       36.840        0.001        0.001            740        0.00        0.00    ACNPART_CLOUD_COVER@12
 2748     0.00       36.841        0.001        0.001            973        0.00        0.00    CLOUD_OVERLAP_DECORR_LEN_CPU@1
 2749     0.00       36.841        0.001        0.001            740        0.00        0.00    ACNPART_CLOUD_COVER@14
 2750     0.00       36.841        0.001        0.001            740        0.00        0.00    ACNPART_CLOUD_COVER@28
 2751     0.00       36.841        0.001        0.001            555        0.00        0.00    HL2FL@8
 2752     0.00       36.842        0.001        0.028             36        0.03        0.77    TRSTOMNEW@1
 2753     0.00       36.842        0.001        0.067            370        0.00        0.18    SIGAM_GP@3
 2754     0.00       36.842        0.001        0.001            185        0.01        0.01    SATUR@1
 2755     0.00       36.842        0.001        0.001            185        0.01        0.01    FL2HL@2
 2756     0.00       36.842        0.001        0.001            740        0.00        0.00    ACNPART_CLOUD_COVER@29
 2757     0.00       36.842        0.001        0.001            740        0.00        0.00    ACNPART_CLOUD_COVER@23
 2758     0.00       36.842        0.001        0.001            740        0.00        0.00    ACNPART_CLOUD_COVER@27
 2759     0.00       36.842        0.001        0.001            740        0.00        0.00    ACNPART_CLOUD_COVER@15
 2760     0.00       36.842        0.001        0.001            740        0.00        0.00    ACNPART_CLOUD_COVER@31
 2761     0.00       36.842        0.001        0.001            185        0.01        0.01    FL2HL@3
 2762     0.00       36.842        0.001        0.001            185        0.01        0.01    SATUR@2
 2763     0.00       36.842        0.001        0.001            185        0.01        0.01    ACVEG@5
 2764     0.00       36.842        0.001        0.001            740        0.00        0.00    ACNPART_CLOUD_COVER@24
 2765     0.00       36.843        0.001        0.001             37        0.03        0.03    LACDYN_PARALLEL:ZMIXNL:COMPUTE@1
 2766     0.00       36.843        0.001        0.001            148        0.01        0.01    SATUR@13
 2767     0.00       36.843        0.001        0.022            185        0.01        0.12    ACNEBCOND@11
 2768     0.00       36.843        0.001        0.001            148        0.01        0.01    CUDLFSN@15
 2769     0.00       36.843        0.001        0.001            148        0.01        0.01    CPTENDS@27
 2770     0.00       36.843        0.001        0.001            148        0.01        0.01    SATUR@14
 2771     0.00       36.843        0.001        0.001            148        0.01        0.01    CUDLFSN@14
 2772     0.00       36.844        0.001        0.001            185        0.01        0.01   *ACVISIH@5
 2773     0.00       36.844        0.001        0.001            185        0.01        0.01    CPTENDS@5
 2774     0.00       36.844        0.001        0.001            148        0.01        0.01    SATUR@12
 2775     0.00       36.844        0.001        0.001            185        0.01        0.01    ACVISIH@1
 2776     0.00       36.844        0.001        0.001            148        0.01        0.01    ACVEG@29
 2777     0.00       36.846        0.001        0.001             37        0.03        0.03    APL_ARPEGE_ALBEDO_COMPUTATION_PARALLEL:0:COMPUTE@1
 2778     0.00       36.846        0.001        0.001            148        0.01        0.01    CUDLFSN@22
 2779     0.00       36.846        0.001        0.001            185        0.01        0.01    CUDLFSN@7
 2780     0.00       36.847        0.001        0.004             37        0.03        0.12    APL_ARPEGE_PARALLEL:ACEVADCAPE:COMPUTE@1
 2781     0.00       36.847        0.001        0.001            148        0.01        0.01    SATUR@15
 2782     0.00       36.847        0.001        0.001            148        0.01        0.01    GPINISLB_PART3_EXPL@20
 2783     0.00       36.847        0.001        0.001            185        0.01        0.01    CPTENDS@6
 2784     0.00       36.847        0.001        0.001            185        0.01        0.01    CUDDRAFN@2
 2785     0.00       36.847        0.001        0.001            148        0.01        0.01    GP_TNDLAGADIAB_UV@32
 2786     0.00       36.847        0.001        0.001            555        0.00        0.00    HL2FL@3
 2787     0.00       36.847        0.001        0.001            148        0.01        0.01    SATUR@16
 2788     0.00       36.847        0.001        0.001            185        0.01        0.01    CUDLFSN@2
 2789     0.00       36.847        0.001        0.001            185        0.01        0.01    ACVISIH@7
 2790     0.00       36.847        0.001        0.001            148        0.01        0.01    CPTENDS@16
 2791     0.00       36.847        0.001        0.001            555        0.00        0.00    HL2FL@2
 2792     0.00       36.847        0.001        0.001            148        0.01        0.01    SATUR@22
 2793     0.00       36.847        0.001        0.001            555        0.00        0.00    HL2FL@4
 2794     0.00       36.848        0.001        0.056            148        0.01        0.38    GPRCP_EXPL_PARALLEL@1
 2795     0.00       36.848        0.001        0.001            185        0.01        0.01    CUDDRAFN@1
 2796     0.00       36.848        0.001        0.001            185        0.01        0.01    ACVEG@6
 2797     0.00       36.848        0.001        0.001            148        0.01        0.01    SATUR@17
 2798     0.00       36.848        0.001        0.001            148        0.01        0.01    SATUR@23
 2799     0.00       36.848        0.001        0.001            740        0.00        0.00    ACNPART_CLOUD_COVER@32
 2800     0.00       36.848        0.001        0.001            185        0.01        0.01    ACVISIH@3
 2801     0.00       36.848        0.001        0.001            148        0.01        0.01    SATUR@18
 2802     0.00       36.848        0.001        0.001            148        0.01        0.01    SATUR@24
 2803     0.00       36.848        0.001        0.001            148        0.01        0.01    CPTENDS@14
 2804     0.00       36.848        0.001        0.001            148        0.01        0.01    SATUR@19
 2805     0.00       36.848        0.001        0.001            148        0.01        0.01    SATUR@21
 2806     0.00       36.848        0.001        0.001            148        0.01        0.01    CPTENDS@15
 2807     0.00       36.848        0.001        0.001            148        0.01        0.01    CPTENDS@19
 2808     0.00       36.848        0.001        0.001            148        0.01        0.01    SATUR@30
 2809     0.00       36.848        0.001        0.001            148        0.01        0.01    SATUR@26
 2810     0.00       36.848        0.001        0.001            148        0.01        0.01    SATUR@29
 2811     0.00       36.848        0.001        0.001            185        0.01        0.01    FL2HL@10
 2812     0.00       36.848        0.001        0.001            185        0.01        0.01    CPTENDS@10
 2813     0.00       36.848        0.001        0.001            148        0.01        0.01    SATUR@27
 2814     0.00       36.848        0.001        0.001            185        0.01        0.01    CPTENDS@11
 2815     0.00       36.848        0.001        0.001            185        0.01        0.01    FL2HL@9
 2816     0.00       36.849        0.001        0.001            185        0.01        0.01   *LAMAXWIND@3
 2817     0.00       36.849        0.001        0.001            148        0.01        0.01    SATUR@25
 2818     0.00       36.849        0.001        0.001            148        0.01        0.01    SATUR@31
 2819     0.00       36.849        0.001        0.001            148        0.01        0.01    SATUR@20
 2820     0.00       36.849        0.001        0.001            148        0.01        0.01    CPTENDS@21
 2821     0.00       36.849        0.001        0.001            148        0.01        0.01    CPTENDS@25
 2822     0.00       36.849        0.001        0.001            185        0.01        0.01    CUDLFSN@1
 2823     0.00       36.850        0.001        0.001              1        1.07        1.42    SUVERTFE3D@1
 2824     0.00       36.851        0.001        0.653             36        0.03       18.14    SPCMNEW@1
 2825     0.00       36.851        0.001        0.001            185        0.01        0.01    FL2HL@11
 2826     0.00       36.851        0.001        0.001            148        0.01        0.01    CPTENDS@20
 2827     0.00       36.851        0.001        0.001            148        0.01        0.01    CPTENDS@26
 2828     0.00       36.851        0.001        0.001            148        0.01        0.01    CPTENDS@12
 2829     0.00       36.851        0.001        0.001            185        0.01        0.01    ACVISIH@8
 2830     0.00       36.851        0.001        0.001            185        0.01        0.01    ACVISIH@2
 2831     0.00       36.851        0.001        0.001            148        0.01        0.01    CPTENDS@18
 2832     0.00       36.851        0.001        0.001            185        0.01        0.01    FL2HL@5
 2833     0.00       36.851        0.001        0.001            148        0.01        0.01    CUDLFSN@32
 2834     0.00       36.851        0.001        0.001            185        0.01        0.01    ACVISIH@11
 2835     0.00       36.851        0.001        0.001            185        0.01        0.01    ACVISIH@6
 2836     0.00       36.851        0.001        0.001            148        0.01        0.01    CPTENDS@23
 2837     0.00       36.852        0.001       19.979              7        0.15     2854.16    RECMWF_PARALLEL@1
 2838     0.00       36.853        0.001        2.658             37        0.03       71.83    LARCINB_PARALLEL@1
 2839     0.00       36.853        0.001        0.001            148        0.01        0.01    CPTENDS@17
 2840     0.00       36.853        0.001        0.001            185        0.01        0.01    ACVISIH@4
 2841     0.00       36.854        0.001        0.006            148        0.01        0.04   *GPHPRE_EXPL@25
 2842     0.00       36.854        0.001        0.050            370        0.00        0.13    SIGAM_GP@1
 2843     0.00       36.855        0.001        0.001            973        0.00        0.00    radiation_aerosol:deallocate_aerosol_arrays_CPU@1
 2844     0.00       36.855        0.001        0.001            444        0.00        0.00    HL2FL@13
 2845     0.00       36.856        0.001        0.032            185        0.01        0.17   *GPGEO_EXPL@7
 2846     0.00       36.856        0.001        0.001            185        0.01        0.01    FL2HL@8
 2847     0.00       36.856        0.001        0.001            444        0.00        0.00    HL2FL@12
 2848     0.00       36.856        0.001        0.032            185        0.01        0.17    GPGEO_EXPL@11
 2849     0.00       36.856        0.001        0.001            185        0.01        0.01    LAMAXWIND@2
 2850     0.00       36.857        0.001        0.009             74        0.01        0.12    LAPINEB_PARALLEL:ROTUVGEO@1
 2851     0.00       36.857        0.001        0.001            148        0.01        0.01    CPTENDS@13
 2852     0.00       36.857        0.001        0.033            185        0.01        0.18    GPGEO_EXPL@10
 2853     0.00       36.857        0.001        0.001            185        0.01        0.01    FL2HL@6
 2854     0.00       36.857        0.001        0.001            185        0.01        0.01    FL2HL@7
 2855     0.00       36.857        0.001        0.032            185        0.01        0.17    GPGEO_EXPL@9
 2856     0.00       36.857        0.001        0.001            148        0.01        0.01    SATUR@32
 2857     0.00       36.857        0.001        0.018            148        0.01        0.12    ACNEBCOND@13
 2858     0.00       36.857        0.001        0.006            148        0.01        0.04    GPHPRE_EXPL@24
 2859     0.00       36.857        0.001        0.001            148        0.01        0.01    SATUR@28
 2860     0.00       36.857        0.001        0.001            185        0.01        0.01    ACVISIH@9
 2861     0.00       36.857        0.001        0.001            185        0.01        0.01    LAMAXWIND@1
 2862     0.00       36.857        0.001        0.001            444        0.00        0.00    HL2FL@15
 2863     0.00       36.858        0.001        0.001              1        1.02        1.02    radiation_aerosol_optics_data:setup_aerosol_optics_data_CPU@1
 2864     0.00       36.858        0.001        0.001            148        0.01        0.01    ACSOL@32
 2865     0.00       36.859        0.001        0.002             37        0.03        0.05    APL_ARPEGE_HYDRO_BUDGET_PARALLEL:ACDROV:COMPUTE@1
 2866     0.00       36.859        0.001        0.032            185        0.01        0.18    GPGEO_EXPL@5
 2867     0.00       36.860        0.001        0.001              1        1.01        1.03    SPECTRAL_FIELDS_MOD:CREATE_SPEC@1
 2868     0.00       36.860        0.001        0.001            185        0.01        0.01    LAMAXWIND@4
 2869     0.00       36.860        0.001        0.017            148        0.01        0.11    ACNEBCOND@31
 2870     0.00       36.861        0.001        0.001             37        0.03        0.03    CPG_PARALLEL:ISETTLOFF:COMPUTE@1
 2871     0.00       36.862        0.001        0.189             97        0.01        1.95    FADECI_MT@1
 2872     0.00       36.862        0.001        0.018            148        0.01        0.12    ACNEBCOND@12
 2873     0.00       36.862        0.001        0.032            185        0.01        0.17    GPGEO_EXPL@8
 2874     0.00       36.862        0.001        0.001            148        0.01        0.01    CPTENDS@28
 2875     0.00       36.862        0.001        0.001            444        0.00        0.00    HL2FL@14
 2876     0.00       36.862        0.001        0.001            148        0.01        0.01    FL2HL@16
 2877     0.00       36.862        0.001        0.018            148        0.01        0.12    ACNEBCOND@19
 2878     0.00       36.862        0.001        0.018            148        0.01        0.12    ACNEBCOND@17
 2879     0.00       36.862        0.001        0.001            185        0.01        0.01    LAMAXWIND@8
 2880     0.00       36.862        0.001        0.032            185        0.01        0.17    GPGEO_EXPL@6
 2881     0.00       36.862        0.001        0.001            444        0.00        0.00    HL2FL@16
 2882     0.00       36.863        0.001        0.006             95        0.01        0.07    DECOGA@1
 2883     0.00       36.863        0.001        0.001            444        0.00        0.00    HL2FL@19
 2884     0.00       36.863        0.001        0.001            444        0.00        0.00    HL2FL@25
 2885     0.00       36.863        0.001        0.017            148        0.01        0.12    ACNEBCOND@26
 2886     0.00       36.864        0.001        0.305             37        0.03        8.25    CPG_GP_HYD_PARALLEL@1
 2887     0.00       36.864        0.001        0.001            444        0.00        0.00    HL2FL@28
 2888     0.00       36.864        0.001        0.017            148        0.01        0.12    ACNEBCOND@23
 2889     0.00       36.864        0.001        0.017            148        0.01        0.12    ACNEBCOND@21
 2890     0.00       36.865        0.001       20.078             37        0.03      542.66    APL_ARPEGE_RADIATION_PARALLEL@1
 2891     0.00       36.865        0.001        0.001            444        0.00        0.00    HL2FL@18
 2892     0.00       36.865        0.001        0.001            444        0.00        0.00    HL2FL@22
 2893     0.00       36.865        0.001        0.001            444        0.00        0.00    HL2FL@20
 2894     0.00       36.865        0.001        0.001            444        0.00        0.00    HL2FL@26
 2895     0.00       36.865        0.001        0.001            444        0.00        0.00    HL2FL@21
 2896     0.00       36.865        0.001        0.017            148        0.01        0.12    ACNEBCOND@20
 2897     0.00       36.865        0.001        0.017            148        0.01        0.12    ACNEBCOND@24
 2898     0.00       36.865        0.001        0.018            148        0.01        0.12    ACNEBCOND@25
 2899     0.00       36.865        0.001        0.001            444        0.00        0.00    HL2FL@17
 2900     0.00       36.865        0.001        0.017            148        0.01        0.12    ACNEBCOND@22
 2901     0.00       36.865        0.001        0.001            444        0.00        0.00    HL2FL@24
 2902     0.00       36.865        0.001        0.001            444        0.00        0.00    HL2FL@27
 2903     0.00       36.866        0.001        0.001            973        0.00        0.00    radiation_aerosol:allocate_aerosol_arrays_CPU@1
 2904     0.00       36.866        0.001        0.001            185        0.01        0.01    LAMAXWIND@5
 2905     0.00       36.866        0.001        0.001            185        0.01        0.01    ACVISIH@10
 2906     0.00       36.867        0.001        0.004             37        0.03        0.11    MF_PHYS_MOCON_PARALLEL:PPWETPOINT@1
 2907     0.00       36.867        0.001        0.018            148        0.01        0.12    ACNEBCOND@18
 2908     0.00       36.867        0.001        0.001            444        0.00        0.00    HL2FL@31
 2909     0.00       36.867        0.001        0.001            444        0.00        0.00    HL2FL@30
 2910     0.00       36.867        0.001        0.017            148        0.01        0.11    ACNEBCOND@30
 2911     0.00       36.868        0.001        0.001              3        0.32        0.32    GRIB_API:IGRIB_CLONE@1
 2912     0.00       36.868        0.001        0.001            148        0.01        0.01    FL2HL@14
 2913     0.00       36.868        0.001        0.001            185        0.01        0.01    LAMAXWIND@7
 2914     0.00       36.868        0.001        0.017            148        0.01        0.12    ACNEBCOND@16
 2915     0.00       36.868        0.001        0.017            148        0.01        0.11    ACNEBCOND@29
 2916     0.00       36.868        0.001        0.001            148        0.01        0.01    CPTENDS@32
 2917     0.00       36.868        0.001        0.001            444        0.00        0.00    HL2FL@29
 2918     0.00       36.868        0.001        0.018            148        0.01        0.12    ACNEBCOND@14
 2919     0.00       36.868        0.001        0.017            148        0.01        0.12    ACNEBCOND@27
 2920     0.00       36.868        0.001        0.001            148        0.01        0.01    ACSOL@31
 2921     0.00       36.868        0.001        0.001            148        0.01        0.01    FL2HL@12
 2922     0.00       36.868        0.001        0.018            148        0.01        0.12    ACNEBCOND@28
 2923     0.00       36.869        0.001        2.771             37        0.03       74.89    LAPINEB_PARALLEL@1
 2924     0.00       36.869        0.001        0.001            444        0.00        0.00    HL2FL@23
 2925     0.00       36.869        0.001        0.032            185        0.01        0.17    GPGEO_EXPL@2
 2926     0.00       36.870        0.001        0.201              1        0.95      200.51    SUSPECA@1
 2927     0.00       36.871        0.001        0.011              1        0.95       10.58    SUVERTFE3@1
 2928     0.00       36.871        0.001        0.001            148        0.01        0.01    CPTENDS@30
 2929     0.00       36.872        0.001        0.001            148        0.01        0.01    GPRCP_EXPL_PARALLEL:4:COMPUTE@1
 2930     0.00       36.872        0.001        0.001            185        0.01        0.01    LAMAXWIND@6
 2931     0.00       36.872        0.001        0.006            148        0.01        0.04    GPHPRE_EXPL@26
 2932     0.00       36.872        0.001        0.001            148        0.01        0.01    CPTENDS@31
 2933     0.00       36.872        0.001        0.028            148        0.01        0.19    GPGEO_EXPL@12
 2934     0.00       36.873        0.001        0.002             37        0.03        0.05    APL_ARPEGE_PARALLEL:PPWETPOINT:COMPUTE@1
 2935     0.00       36.873        0.001        0.001            185        0.01        0.01    ACSOL@1
 2936     0.00       36.873        0.001        0.028            148        0.01        0.19    GPGEO_EXPL@13
 2937     0.00       36.873        0.001        0.006            148        0.01        0.04    GPHPRE_EXPL@27
 2938     0.00       36.873        0.001        0.001            444        0.00        0.00    HL2FL@32
 2939     0.00       36.873        0.001        0.018            148        0.01        0.12    ACNEBCOND@15
 2940     0.00       36.874        0.001        0.001            222        0.00        0.00    LARCINB_PARALLEL:LAITRE_GFL:GET_DATA@1
 2941     0.00       36.874        0.001        0.032            185        0.01        0.17    GPGEO_EXPL@3
 2942     0.00       36.875        0.001        0.123             37        0.03        3.32    APL_ARPEGE_SHALLOW_CONVECTION_AND_TURBULENCE_PARALLEL:ACTKE@1
 2943     0.00       36.875        0.001        0.028            148        0.01        0.19    GPGEO_EXPL@16
 2944     0.00       36.875        0.001        0.013            148        0.01        0.09    ACNEBCOND@32
 2945     0.00       36.875        0.001        0.028            148        0.01        0.19    GPGEO_EXPL@14
 2946     0.00       36.875        0.001        0.032            185        0.01        0.17    GPGEO_EXPL@4
 2947     0.00       36.875        0.001        0.001            148        0.01        0.01    CPTENDS@29
 2948     0.00       36.876        0.001        0.219             37        0.02        5.92    LARMES_PARALLEL:LARMES@1
 2949     0.00       36.876        0.001        0.001            148        0.01        0.01    FL2HL@15
 2950     0.00       36.877        0.001       37.207              1        0.91    37206.77    CNT0@1
 2951     0.00       36.877        0.001        0.007            185        0.00        0.04    GPHPRE_EXPL@8
 2952     0.00       36.877        0.001        0.028            148        0.01        0.19    GPGEO_EXPL@15
 2953     0.00       36.877        0.001        0.006            148        0.01        0.04    GPHPRE_EXPL@28
 2954     0.00       36.877        0.001        0.005            148        0.01        0.04    GPHPRE_EXPL@21
 2955     0.00       36.877        0.001        0.005            148        0.01        0.04    GPHPRE_EXPL@31
 2956     0.00       36.877        0.001        0.001            148        0.01        0.01    ACVISIH@12
 2957     0.00       36.877        0.001        0.005            148        0.01        0.04    GPHPRE_EXPL@17
 2958     0.00       36.877        0.001        0.003            185        0.00        0.02    ACNPART@5
 2959     0.00       36.878        0.001        0.001              8        0.11        0.11    UPD_GHGCLIM@1
 2960     0.00       36.878        0.001        0.001            148        0.01        0.01    FL2HL@19
 2961     0.00       36.879        0.001        0.030            185        0.00        0.16   *GPGW@9
 2962     0.00       36.879        0.001        0.003            185        0.00        0.02    ACNPART@7
 2963     0.00       36.879        0.001        0.001            185        0.00        0.01    LAMAXWIND@11
 2964     0.00       36.879        0.001        0.001            148        0.01        0.01    ACVEG@32
 2965     0.00       36.879        0.001        0.001            148        0.01        0.01    ACVISIH@14
 2966     0.00       36.879        0.001        0.001            148        0.01        0.01    FL2HL@13
 2967     0.00       36.879        0.001        0.001            185        0.00        0.01    CPTENDS@4
 2968     0.00       36.879        0.001        0.031            185        0.00        0.17    GPGEO_EXPL@1
 2969     0.00       36.879        0.001        0.097             37        0.02        2.62    LARCINB_PARALLEL:NTLAG_3@1
 2970     0.00       36.880        0.001        0.003             37        0.02        0.08    MF_PHYS_FPL_PART2_PARALLEL:PART2@1
 2971     0.00       36.880        0.001        0.005            148        0.01        0.04    GPHPRE_EXPL@18
 2972     0.00       36.880        0.001        0.005            148        0.01        0.04    GPHPRE_EXPL@23
 2973     0.00       36.880        0.001        0.005            148        0.01        0.04    GPHPRE_EXPL@29
 2974     0.00       36.880        0.001        0.005            148        0.01        0.04    GPHPRE_EXPL@30
 2975     0.00       36.880        0.001        0.003            185        0.00        0.02    ACNPART@8
 2976     0.00       36.880        0.001        0.007            185        0.00        0.04    GPHPRE_EXPL@5
 2977     0.00       36.880        0.001        0.029            185        0.00        0.16    GPGW@1
 2978     0.00       36.881        0.001        0.004             37        0.02        0.10    CPG_GP_PARALLEL:GPINISLB_PART3_EXPL:COMPUTE@1
 2979     0.00       36.882        0.001        0.005             38        0.02        0.12    UPDTIM@1
 2980     0.00       36.882        0.001        0.028            148        0.01        0.19    GPGEO_EXPL@24
 2981     0.00       36.882        0.001        0.001            185        0.00        0.01    LAMAXWIND@9
 2982     0.00       36.883        0.001        0.193             37        0.02        5.23    LARCINB_PARALLEL:LAITRE_GMV@1
 2983     0.00       36.883        0.001        0.030            185        0.00        0.16    GPGW@10
 2984     0.00       36.883        0.001        0.007            185        0.00        0.04    GPHPRE_EXPL@10
 2985     0.00       36.883        0.001        0.028            148        0.01        0.19    GPGEO_EXPL@25
 2986     0.00       36.883        0.001        0.007            185        0.00        0.04    GPHPRE_EXPL@9
 2987     0.00       36.883        0.001        0.005            148        0.01        0.04    GPHPRE_EXPL@22
 2988     0.00       36.883        0.001        0.007            185        0.00        0.04    GPHPRE_EXPL@7
 2989     0.00       36.883        0.001        0.027            148        0.01        0.18    GPGEO_EXPL@31
 2990     0.00       36.883        0.001        0.031            185        0.00        0.17    GPGW@7
 2991     0.00       36.883        0.001        0.003            185        0.00        0.02    ACNPART@6
 2992     0.00       36.883        0.001        0.005            148        0.01        0.04    GPHPRE_EXPL@20
 2993     0.00       36.883        0.001        0.001            555        0.00        0.00    HL2FL@1
 2994     0.00       36.883        0.001        0.027            148        0.01        0.19    GPGEO_EXPL@29
 2995     0.00       36.884        0.001        0.001            695        0.00        0.00    SURFACE_FIELDS_MIX:GPOPER_3@1
 2996     0.00       36.884        0.001        0.027            148        0.01        0.19    GPGEO_EXPL@21
 2997     0.00       36.884        0.001        0.001            148        0.01        0.01    LAMAXWIND@13
 2998     0.00       36.884        0.001        0.005            148        0.01        0.04    GPHPRE_EXPL@19
 2999     0.00       36.884        0.001        0.028            148        0.01        0.19    GPGEO_EXPL@20
 3000     0.00       36.884        0.001        0.001            148        0.01        0.01    FL2HL@17
 3001     0.00       36.884        0.001        0.001            148        0.01        0.01    LAMAXWIND@14
 3002     0.00       36.884        0.001        0.001            148        0.01        0.01    ACVISIH@13
 3003     0.00       36.884        0.001        0.028            148        0.01        0.19    GPGEO_EXPL@28
 3004     0.00       36.884        0.001        0.027            148        0.01        0.19    GPGEO_EXPL@30
 3005     0.00       36.884        0.001        0.001            185        0.00        0.00    LAMAXWIND@10
 3006     0.00       36.884        0.001        0.030            185        0.00        0.16    GPGW@4
 3007     0.00       36.884        0.001        0.027            148        0.01        0.18    GPGEO_EXPL@22
 3008     0.00       36.885        0.001        0.001            973        0.00        0.00    radiation_cloud:create_fractional_std_CPU@1
 3009     0.00       36.886        0.001        0.035            185        0.00        0.19   *SITNU_GP@9
 3010     0.00       36.886        0.001        0.001            148        0.01        0.01    FL2HL@21
 3011     0.00       36.886        0.001        0.028            148        0.01        0.19    GPGEO_EXPL@19
 3012     0.00       36.886        0.001        0.031            185        0.00        0.17    GPGW@8
 3013     0.00       36.886        0.001        0.028            148        0.01        0.19    GPGEO_EXPL@26
 3014     0.00       36.886        0.001        0.028            148        0.01        0.19    GPGEO_EXPL@18
 3015     0.00       36.886        0.001        0.033             37        0.02        0.90    APL_ARPEGE_PARALLEL:APLPAR_INIT@1
 3016     0.00       36.886        0.001        0.007            185        0.00        0.04    GPHPRE_EXPL@11
 3017     0.00       36.886        0.001        0.027            148        0.01        0.18    GPGEO_EXPL@23
 3018     0.00       36.886        0.001        0.028            148        0.01        0.19    GPGEO_EXPL@27
 3019     0.00       36.886        0.001        0.027            148        0.01        0.19    GPGEO_EXPL@17
 3020     0.00       36.886        0.001        0.031            185        0.00        0.17    GPGW@3
 3021     0.00       36.886        0.001        0.001            148        0.01        0.01    FL2HL@20
 3022     0.00       36.887        0.001        0.001           2163        0.00        0.00    GFL_SUBS_MOD:FALSIFY_GFL_COMP@1
 3023     0.00       36.887        0.001        0.003            148        0.01        0.02    ACNPART@14
 3024     0.00       36.887        0.001        0.001            148        0.01        0.01    FL2HL@25
 3025     0.00       36.888        0.001        5.534             37        0.02      149.58    APL_ARPEGE_SHALLOW_CONVECTION_AND_TURBULENCE_PARALLEL@1
 3026     0.00       36.888        0.001        0.001            148        0.01        0.01    LAMAXWIND@15
 3027     0.00       36.888        0.001        0.031            185        0.00        0.17    GPGW@5
 3028     0.00       36.888        0.001        0.006            148        0.01        0.04    GPHPRE_EXPL@16
 3029     0.00       36.888        0.001        0.031            185        0.00        0.17    GPGW@6
 3030     0.00       36.888        0.001        0.001            148        0.01        0.01    FL2HL@18
 3031     0.00       36.888        0.001        0.001            148        0.01        0.01    FL2HL@29
 3032     0.00       36.888        0.001        0.001            148        0.01        0.01    LAMAXWIND@16
 3033     0.00       36.889        0.001        0.001              1        0.81        0.81    SUHSLMER@1
 3034     0.00       36.889        0.001        0.035            185        0.00        0.19    SITNU_GP@10
 3035     0.00       36.889        0.001        0.036            185        0.00        0.19    SITNU_GP@5
 3036     0.00       36.889        0.001        0.031            185        0.00        0.17    GPGW@11
 3037     0.00       36.889        0.001        0.023            148        0.01        0.16    GPGEO_EXPL@32
 3038     0.00       36.889        0.001        0.030            185        0.00        0.16    GPGW@2
 3039     0.00       36.889        0.001        0.001            148        0.01        0.01    FL2HL@27
 3040     0.00       36.889        0.001        0.001            148        0.01        0.01    ACVISIH@15
 3041     0.00       36.889        0.001        0.001            185        0.00        0.00    FL2HL@1
 3042     0.00       36.890        0.001        0.002              1        0.80        2.30    SUGFL2@1
 3043     0.00       36.890        0.001        0.001            185        0.00        0.00   *ACDROV@5
 3044     0.00       36.890        0.001        0.001            148        0.01        0.01    ACVISIH@24
 3045     0.00       36.890        0.001        0.035            185        0.00        0.19    SITNU_GP@4
 3046     0.00       36.890        0.001        0.003            148        0.01        0.02    ACNPART@13
 3047     0.00       36.891        0.001        0.220              7        0.11       31.40    RECMWF_PARALLEL:PREPARE@1
 3048     0.00       36.892        0.001        0.001             37        0.02        0.02    CPXFU_PARALLEL:1:COMPUTE@1
 3049     0.00       36.892        0.001        0.026            185        0.00        0.14    SITNU_GP@1
 3050     0.00       36.892        0.001        0.035            185        0.00        0.19    SITNU_GP@3
 3051     0.00       36.892        0.001        0.036            185        0.00        0.19    SITNU_GP@8
 3052     0.00       36.892        0.001        0.006            148        0.01        0.04    GPHPRE_EXPL@12
 3053     0.00       36.892        0.001        0.007            185        0.00        0.04    GPHPRE_EXPL@6
 3054     0.00       36.892        0.001        0.036            185        0.00        0.19    SITNU_GP@7
 3055     0.00       36.892        0.001        0.003            148        0.01        0.02    ACNPART@21
 3056     0.00       36.893        0.001        0.001             95        0.01        0.01    UNPAGB@1
 3057     0.00       36.893        0.001        0.035            185        0.00        0.19    SITNU_GP@6
 3058     0.00       36.893        0.001        0.035            185        0.00        0.19    SITNU_GP@2
 3059     0.00       36.893        0.001        0.001            185        0.00        0.00    ACDROV@4
 3060     0.00       36.893        0.001        0.001            148        0.01        0.01    ACVISIH@16
 3061     0.00       36.893        0.001        0.001            148        0.01        0.01    CPTENDS@24
 3062     0.00       36.893        0.001        0.001            148        0.01        0.01    FL2HL@28
 3063     0.00       36.893        0.001        0.035            185        0.00        0.19    SITNU_GP@11
 3064     0.00       36.893        0.001        0.001            185        0.00        0.00    ACDROV@8
 3065     0.00       36.893        0.001        0.001            148        0.01        0.01    ACVEG@30
 3066     0.00       36.893        0.001        0.001            185        0.00        0.00    ACDROV@7
 3067     0.00       36.893        0.001        0.001             37        0.02        0.02    LAVABO_PARALLEL:0:COMPUTE@1
 3068     0.00       36.894        0.001        0.001            222        0.00        0.00    LAVABO_EXPL_LAITVSPCQM_PART1_PARALLEL:0:COMPUTE@1
 3069     0.00       36.894        0.001        0.003            148        0.01        0.02    ACNPART@17
 3070     0.00       36.894        0.001        0.003            148        0.01        0.02    ACNPART@15
 3071     0.00       36.894        0.001        0.001            148        0.01        0.01    ACVISIH@25
 3072     0.00       36.894        0.001        0.001            148        0.01        0.01    LAMAXWIND@24
 3073     0.00       36.894        0.001        0.001            148        0.01        0.01    FL2HL@26
 3074     0.00       36.894        0.001        0.003            185        0.00        0.02    ACNPART@3
 3075     0.00       36.895        0.001        0.001              1        0.76        0.76    SUDEFO_GFLATTR@1
 3076     0.00       36.895        0.001        0.006            148        0.01        0.04    GPHPRE_EXPL@13
 3077     0.00       36.895        0.001        0.001            185        0.00        0.00    ACDROV@6
 3078     0.00       36.895        0.001        0.001            148        0.01        0.01    ACVISIH@29
 3079     0.00       36.895        0.001        0.027            148        0.01        0.18    GPGW@22
 3080     0.00       36.895        0.001        0.003            185        0.00        0.02    ACNPART@4
 3081     0.00       36.896        0.001        0.001             37        0.02        0.02    SCAN2M_INIT_T1@1
 3082     0.00       36.897        0.001        0.001              1        0.75        1.19    FIELDS_MOD:FIELDS_DELETE@1
 3083     0.00       36.897        0.001        0.002              1        0.75        2.30    SU_SURF_FLDS@1
 3084     0.00       36.897        0.001        0.001            148        0.01        0.01    FL2HL@23
 3085     0.00       36.897        0.001        0.001            148        0.01        0.01    ACVISIH@19
 3086     0.00       36.897        0.001        0.003            185        0.00        0.02    ACNPART@11
 3087     0.00       36.898        0.001        0.044             37        0.02        1.18    CPUTQY_APLPAR_EXPL_PARALLEL@1
 3088     0.00       36.899        0.001        0.022             37        0.02        0.59    MF_PHYS_PREP_PARALLEL:PREP@1
 3089     0.00       36.899        0.001        0.001            185        0.00        0.00    ACDROV@3
 3090     0.00       36.899        0.001        0.006            185        0.00        0.03    GPHPRE_EXPL@4
 3091     0.00       36.900        0.001        0.054             37        0.02        1.47    APL_ARPEGE_CLOUDINESS_PARALLEL:ACNEBCOND@1
 3092     0.00       36.900        0.001        0.003            185        0.00        0.02    ACNPART@9
 3093     0.00       36.900        0.001        0.001            148        0.01        0.01    ACVISIH@18
 3094     0.00       36.900        0.001        0.001            148        0.01        0.01    ACVEG@31
 3095     0.00       36.900        0.001        0.001            148        0.01        0.01    ACVISIH@21
 3096     0.00       36.900        0.001        0.003            148        0.01        0.02    ACNPART@23
 3097     0.00       36.900        0.001        0.027            148        0.01        0.18    GPGW@19
 3098     0.00       36.900        0.001        0.006            148        0.01        0.04    GPHPRE_EXPL@14
 3099     0.00       36.900        0.001        0.027            148        0.01        0.18    GPGW@31
 3100     0.00       36.900        0.001        0.001            973        0.00        0.00    radiation_gas:deallocate_gas_CPU@1
 3101     0.00       36.900        0.001        0.001            148        0.01        0.01    ACVISIH@28
 3102     0.00       36.900        0.001        0.001            148        0.01        0.01    LAMAXWIND@21
 3103     0.00       36.900        0.001        0.001            148        0.00        0.01    FL2HL@24
 3104     0.00       36.900        0.001        0.001            148        0.00        0.01    LAMAXWIND@12
 3105     0.00       36.901        0.001        0.001             37        0.02        0.02    CPG_GP_HYD_PARALLEL:2:GET_DATA@1
 3106     0.00       36.901        0.001        0.027            148        0.00        0.18    GPGW@15
 3107     0.00       36.901        0.001        0.001            148        0.00        0.01    FL2HL@22
 3108     0.00       36.901        0.001        0.001            148        0.00        0.01    ACVISIH@22
 3109     0.00       36.901        0.001        0.001            148        0.00        0.01    LAMAXWIND@23
 3110     0.00       36.901        0.001        0.027            148        0.00        0.18    GPGW@20
 3111     0.00       36.901        0.001        0.001            148        0.00        0.01    LAMAXWIND@25
 3112     0.00       36.901        0.001        0.001            148        0.00        0.01    FL2HL@30
 3113     0.00       36.901        0.001        0.003            148        0.00        0.02    ACNPART@30
 3114     0.00       36.901        0.001        0.006            185        0.00        0.03    GPHPRE_EXPL@2
 3115     0.00       36.902        0.001        0.001             37        0.02        0.02    CPG_DIA_FLU_PARALLEL:1:COMPUTE@1
 3116     0.00       36.902        0.001        0.027            148        0.00        0.18    GPGW@12
 3117     0.00       36.902        0.001        0.027            148        0.00        0.18    GPGW@27
 3118     0.00       36.902        0.001        0.001            148        0.00        0.01    CPTENDS@22
 3119     0.00       36.902        0.001        0.001            148        0.00        0.01    LAMAXWIND@26
 3120     0.00       36.902        0.001        0.007             37        0.02        0.18    CPG_PARALLEL:ZEROPB2@1
 3121     0.00       36.902        0.001        0.001            148        0.00        0.01    LAMAXWIND@18
 3122     0.00       36.902        0.001        0.003            148        0.00        0.02    ACNPART@18
 3123     0.00       36.902        0.001        0.003            185        0.00        0.02    ACNPART@10
 3124     0.00       36.902        0.001        0.001            148        0.00        0.01    ACVISIH@30
 3125     0.00       36.902        0.001        0.003            148        0.00        0.02    ACNPART@31
 3126     0.00       36.902        0.001        0.007            188        0.00        0.04    GPHPRE_EXPL@1
 3127     0.00       36.902        0.001        0.001            148        0.00        0.01    ACVISIH@31
 3128     0.00       36.902        0.001        0.006            185        0.00        0.03    GPHPRE_EXPL@3
 3129     0.00       36.903        0.001        0.006             37        0.02        0.16    APL_ARPEGE_DEEP_CONVECTION_PARALLEL:ACUPTQ:COMPUTE@1
 3130     0.00       36.903        0.001        0.001            148        0.00        0.01    ACVISIH@27
 3131     0.00       36.903        0.001        0.001            148        0.00        0.01    ACVISIH@26
 3132     0.00       36.903        0.001        0.006            148        0.00        0.04    GPHPRE_EXPL@15
 3133     0.00       36.903        0.001        0.001            148        0.00        0.01    LAMAXWIND@28
 3134     0.00       36.903        0.001        0.003            148        0.00        0.02    ACNPART@29
 3135     0.00       36.903        0.001        0.001            148        0.00        0.01    ACVISIH@17
 3136     0.00       36.903        0.001        0.027            148        0.00        0.18    GPGW@24
 3137     0.00       36.903        0.001        0.001            185        0.00        0.00    ACDROV@2
 3138     0.00       36.903        0.001        0.001            148        0.00        0.01    LAMAXWIND@22
 3139     0.00       36.903        0.001        0.001            148        0.00        0.01    LAMAXWIND@20
 3140     0.00       36.903        0.001        0.027            148        0.00        0.18    GPGW@14
 3141     0.00       36.903        0.001        0.027            148        0.00        0.18    GPGW@18
 3142     0.00       36.903        0.001        0.001            148        0.00        0.01    ACVISIH@23
 3143     0.00       36.903        0.001        0.027            148        0.00        0.18    GPGW@30
 3144     0.00       36.903        0.001        0.027            148        0.00        0.18    GPGW@25
 3145     0.00       36.903        0.001        0.027            148        0.00        0.18    GPGW@13
 3146     0.00       36.903        0.001        0.001            185        0.00        0.00    ACDROV@1
 3147     0.00       36.903        0.001        0.003            148        0.00        0.02    ACNPART@25
 3148     0.00       36.903        0.001        0.027            148        0.00        0.18    GPGW@17
 3149     0.00       36.904        0.001        0.006            333        0.00        0.02    ACCTND0_PARALLEL@1
 3150     0.00       36.905        0.001        0.008             37        0.02        0.21    MF_PHYS_FPL_PART1_PARALLEL:PART1@1
 3151     0.00       36.905        0.001        0.001             37        0.02        0.02    CPG_GP_PARALLEL:MAP_FACTOR:COMPUTE@1
 3152     0.00       36.906        0.001        0.025             37        0.02        0.68    CPG_PARALLEL:ZEROSL1@1
 3153     0.00       36.907        0.001        0.001             37        0.02        0.02    LARMES_PARALLEL:LARMES:GET_DATA@1
 3154     0.00       36.907        0.001        0.027            148        0.00        0.18    GPGW@23
 3155     0.00       36.907        0.001        0.001            148        0.00        0.01    ACVISIH@20
 3156     0.00       36.907        0.001        0.001            185        0.00        0.00    ACDROV@9
 3157     0.00       36.907        0.001        0.027            148        0.00        0.18    GPGW@29
 3158     0.00       36.907        0.001        0.027            148        0.00        0.18    GPGW@21
 3159     0.00       36.907        0.001        0.001            148        0.00        0.01    LAMAXWIND@19
 3160     0.00       36.907        0.001        0.001             37        0.02        0.02    ACVPPKF_PARALLEL:PART0:GET_DATA@1
 3161     0.00       36.907        0.001        0.027            148        0.00        0.18    GPGW@28
 3162     0.00       36.908        0.001        0.107             37        0.02        2.90    LASSIE_PARALLEL:SITNU@1
 3163     0.00       36.908        0.001        0.003            148        0.00        0.02    ACNPART@16
 3164     0.00       36.908        0.001        0.001            148        0.00        0.01    LAMAXWIND@27
 3165     0.00       36.908        0.001        0.003            148        0.00        0.02    ACNPART@20
 3166     0.00       36.908        0.001        0.001            185        0.00        0.00    ACDROV@10
 3167     0.00       36.908        0.001        0.027            148        0.00        0.18    GPGW@16
 3168     0.00       36.908        0.001        0.003            148        0.00        0.02    ACNPART@26
 3169     0.00       36.908        0.001        0.001            148        0.00        0.01    LAMAXWIND@17
 3170     0.00       36.908        0.001        0.001            185        0.00        0.00    ACDROV@11
 3171     0.00       36.908        0.001        0.001            148        0.00        0.01    ACVISIH@32
 3172     0.00       36.908        0.001        0.030            148        0.00        0.20    SITNU_GP@12
 3173     0.00       36.908        0.001        0.030            148        0.00        0.20    SITNU_GP@13
 3174     0.00       36.908        0.001        0.003            148        0.00        0.02    ACNPART@24
 3175     0.00       36.908        0.001        0.003            148        0.00        0.02    ACNPART@12
 3176     0.00       36.909        0.001        0.001             37        0.02        0.03    APL_ARPEGE_PARALLEL:PRECIPS:COMPUTE@1
 3177     0.00       36.909        0.001        0.027            148        0.00        0.18    GPGW@26
 3178     0.00       36.910        0.001        0.001              1        0.69        0.77    SUCT0@1
 3179     0.00       36.910        0.001        0.030            148        0.00        0.20    SITNU_GP@14
 3180     0.00       36.910        0.001        0.001            148        0.00        0.01    FL2HL@32
 3181     0.00       36.910        0.001        0.001             37        0.02        0.04    MF_PHYS_TRANSFER_PARALLEL:ALL@1
 3182     0.00       36.910        0.001        0.030            148        0.00        0.20    SITNU_GP@25
 3183     0.00       36.910        0.001        0.030            148        0.00        0.20    SITNU_GP@16
 3184     0.00       36.910        0.001        0.003            148        0.00        0.02    ACNPART@28
 3185     0.00       36.911        0.001        0.010             37        0.02        0.28    LAPINEB_PARALLEL:NVLAG3@1
 3186     0.00       36.912        0.001        0.120             37        0.02        3.25    CPG_PARALLEL:SHUFFLESL1@1
 3187     0.00       36.912        0.001        0.003            148        0.00        0.02    ACNPART@27
 3188     0.00       36.912        0.001        0.030            148        0.00        0.20    SITNU_GP@15
 3189     0.00       36.912        0.001        0.001             37        0.02        0.02    APL_ARPEGE_SURFACE_PARALLEL:LMSE_F:GET_DATA@1
 3190     0.00       36.912        0.001        0.003            185        0.00        0.02    ACNPART@2
 3191     0.00       36.912        0.001        0.001            148        0.00        0.00    LAMAXWIND@30
 3192     0.00       36.913        0.001        0.001              7        0.09        0.09    RECMWF_PARALLEL:ECRAD_CPU:GET_DATA@1
 3193     0.00       36.913        0.001        0.030            148        0.00        0.20    SITNU_GP@17
 3194     0.00       36.914        0.001        0.001            185        0.00        0.00   *CPWTS@1
 3195     0.00       36.914        0.001        0.001            148        0.00        0.00    ACDROV@12
 3196     0.00       36.914        0.001        0.120             37        0.02        3.23    CPG_SL1B_TYPE_SHUFFLE_HOST_PARALLEL@1
 3197     0.00       36.915        0.001        0.002             37        0.02        0.07    CPG_GP_PARALLEL:SET1TO0@1
 3198     0.00       36.915        0.001        0.001            185        0.00        0.00    CPWTS@4
 3199     0.00       36.915        0.001        0.001            185        0.00        0.00    CPTENDS@2
 3200     0.00       36.915        0.001        0.001            185        0.00        0.00    CPWTS@10
 3201     0.00       36.915        0.001        0.005            148        0.00        0.04    GPHPRE_EXPL@32
 3202     0.00       36.916        0.001        0.027             37        0.02        0.74    CPG_GP_HYD_PARALLEL:0@1
 3203     0.00       36.916        0.001        0.001            185        0.00        0.00    CPWTS@6
 3204     0.00       36.916        0.001        0.001              1        0.65        0.65    SRTM_KGB16@1
 3205     0.00       36.916        0.001        0.001            185        0.00        0.00    CPWTS@2
 3206     0.00       36.916        0.001        0.001            185        0.00        0.00    CPWTS@5
 3207     0.00       36.916        0.001        0.030            148        0.00        0.20    SITNU_GP@24
 3208     0.00       36.917        0.001        0.001              1        0.65        0.65    RRTM_KGB1@1
 3209     0.00       36.917        0.001        0.001            148        0.00        0.00    LAMAXWIND@29
 3210     0.00       36.917        0.001        0.001            185        0.00        0.00    CPWTS@3
 3211     0.00       36.917        0.001        0.003            139        0.00        0.02    SURFACE_FIELDS_MIX:GPOPER@1
 3212     0.00       36.917        0.001        0.001            185        0.00        0.00    CPWTS@7
 3213     0.00       36.917        0.001        0.001            185        0.00        0.00    CPWTS@9
 3214     0.00       36.917        0.001        0.001            148        0.00        0.00    LAMAXWIND@31
 3215     0.00       36.917        0.001        0.001            185        0.00        0.00    CPWTS@8
 3216     0.00       36.917        0.001        0.030            148        0.00        0.20    SITNU_GP@21
 3217     0.00       36.917        0.001        0.001            185        0.00        0.00    CPWTS@11
 3218     0.00       36.917        0.001        0.001            148        0.00        0.00    FL2HL@31
 3219     0.00       36.917        0.001        0.003            185        0.00        0.01    ACNPART@1
 3220     0.00       36.917        0.001        0.001            148        0.00        0.00    ACDROV@20
 3221     0.00       36.917        0.001        0.030            148        0.00        0.20    SITNU_GP@29
 3222     0.00       36.917        0.001        0.030            148        0.00        0.20    SITNU_GP@19
 3223     0.00       36.918        0.001        0.751             37        0.02       20.31    LATTEX_PARALLEL:MAIN@1
 3224     0.00       36.918        0.001        0.030            148        0.00        0.20    SITNU_GP@30
 3225     0.00       36.918        0.001        0.030            148        0.00        0.20    SITNU_GP@20
 3226     0.00       36.918        0.001        0.023            148        0.00        0.15    GPGW@32
 3227     0.00       36.918        0.001        0.030            148        0.00        0.20    SITNU_GP@18
 3228     0.00       36.918        0.001        0.030            148        0.00        0.20    SITNU_GP@23
 3229     0.00       36.918        0.001        0.001            148        0.00        0.00    ACDROV@31
 3230     0.00       36.918        0.001        0.001            148        0.00        0.00    ACDROV@16
 3231     0.00       36.918        0.001        0.001            148        0.00        0.00    ACDROV@32
 3232     0.00       36.919        0.001        0.036             37        0.02        0.97    LAVENT_PARALLEL:0@1
 3233     0.00       36.919        0.001        0.030            148        0.00        0.20    SITNU_GP@26
 3234     0.00       36.919        0.001        0.001            148        0.00        0.00    ACDROV@29
 3235     0.00       36.919        0.001        0.002             36        0.02        0.06    CPG_END_SFC_PARALLEL:SET0TO1@1
 3236     0.00       36.919        0.001        0.001            148        0.00        0.00    ACDROV@26
 3237     0.00       36.920        0.001        0.001            834        0.00        0.00    SURFACE_FIELDS_MIX:GPOPER_2@1
 3238     0.00       36.920        0.001        0.030            148        0.00        0.20    SITNU_GP@27
 3239     0.00       36.920        0.001        0.001            148        0.00        0.00    ACDROV@17
 3240     0.00       36.921        0.001        0.001             74        0.01        0.01    CPG_SL1B_TYPE_SYNC_HOST@1
 3241     0.00       36.921        0.001        0.001            148        0.00        0.00    ACDROV@13
 3242     0.00       36.921        0.001        0.030            148        0.00        0.20    SITNU_GP@28
 3243     0.00       36.921        0.001        0.030            148        0.00        0.20    SITNU_GP@31
 3244     0.00       36.921        0.001        0.001            973        0.00        0.00    radiation_flux:calc_toa_spectral_CPU@1
 3245     0.00       36.921        0.001        0.001            148        0.00        0.00    ACDROV@24
 3246     0.00       36.922        0.001        0.001            148        0.00        0.00   *GP_SPV@21
 3247     0.00       36.922        0.001        0.008             37        0.02        0.21    APL_WIND_GUST_PARALLEL:ACCLDIA@1
 3248     0.00       36.922        0.001        0.030            148        0.00        0.20    SITNU_GP@22
 3249     0.00       36.922        0.001        0.001            148        0.00        0.00    ACDROV@14
 3250     0.00       36.922        0.001        0.001            148        0.00        0.00    ACDROV@15
 3251     0.00       36.922        0.001        0.001            185        0.00        0.00    CPTENDS@3
 3252     0.00       36.922        0.001        0.025            148        0.00        0.17    SITNU_GP@32
 3253     0.00       36.922        0.001        0.001            148        0.00        0.00    ACDROV@19
 3254     0.00       36.923        0.001        0.006             37        0.02        0.16    CPUTQY_APLPAR_EXPL_PARALLEL:ZTDCP@1
 3255     0.00       36.923        0.001        0.001            148        0.00        0.00    ACDROV@23
 3256     0.00       36.923        0.001        0.001            148        0.00        0.00    LAMAXWIND@32
 3257     0.00       36.923        0.001        0.001            148        0.00        0.00    GP_SPV@29
 3258     0.00       36.924        0.001        0.001             37        0.02        0.02    MF_PHYS_PARALLEL:MF_PHYS_NEXT_STATE%INIT@1
 3259     0.00       36.924        0.001        0.001            148        0.00        0.00    GP_SPV@23
 3260     0.00       36.924        0.001        0.001            148        0.00        0.00    GP_SPV@25
 3261     0.00       36.924        0.001        0.001             37        0.02        0.02    APL_ARPEGE_PARALLEL:BAYRAD:COMPUTE@1
 3262     0.00       36.925        0.001        0.001             36        0.02        0.02    APL_ARPEGE_RADIATION_PARALLEL:SUNSHINE:COMPUTE@1
 3263     0.00       36.925        0.001        0.900             37        0.02       24.33    LARCINB_PARALLEL:LRHS_CURV_F@1
 3264     0.00       36.926        0.001        0.142             37        0.02        3.83    MF_PHYS_INIT_PARALLEL:ZERO@1
 3265     0.00       36.927        0.001        0.002              1        0.59        1.82    SUGFL1@1
 3266     0.00       36.927        0.001        0.001            148        0.00        0.00    GP_SPV@28
 3267     0.00       36.927        0.001        0.001            148        0.00        0.00    ACDROV@18
 3268     0.00       36.927        0.001        0.001            148        0.00        0.00    GP_SPV@27
 3269     0.00       36.927        0.001        0.001            148        0.00        0.00    ACDROV@28
 3270     0.00       36.927        0.001        0.002            148        0.00        0.02    ACNPART@32
 3271     0.00       36.927        0.001        0.013             37        0.02        0.34    LATTES_PARALLEL:0@1
 3272     0.00       36.927        0.001        0.001            185        0.00        0.00    ACVEG@3
 3273     0.00       36.928        0.001        0.002             37        0.02        0.04    LAVABO_PARALLEL:0@1
 3274     0.00       36.928        0.001        0.001            148        0.00        0.00    GP_SPV@30
 3275     0.00       36.928        0.001        0.049             37        0.02        1.32    CPG_DIA_FLU_PARALLEL@1
 3276     0.00       36.929        0.001        0.056             37        0.02        1.51    APL_ARPEGE_SURFACE_PARALLEL:ACDIFV2@1
 3277     0.00       36.929        0.001        0.001            148        0.00        0.00    GP_SPV@26
 3278     0.00       36.929        0.001        0.001            148        0.00        0.00    GP_SPV@22
 3279     0.00       36.929        0.001        0.001            148        0.00        0.00    GP_SPV@31
 3280     0.00       36.929        0.001        0.001              6        0.09        0.10    MINV_8:GEDI@1
 3281     0.00       36.930        0.001        0.142             37        0.02        3.85    APL_ARPEGE_SURFACE_PARALLEL:LMSE_F@1
 3282     0.00       36.930        0.001        0.001            148        0.00        0.00    CPWTS@13
 3283     0.00       36.930        0.001        0.001            148        0.00        0.00    ACDROV@27
 3284     0.00       36.930        0.001        0.001            148        0.00        0.00    GP_SPV@24
 3285     0.00       36.931        0.001        0.001              2        0.28        0.28    GRIB_API:IGRIB_GET_CHAR@1
 3286     0.00       36.931        0.001        0.001            148        0.00        0.00    ACDROV@25
 3287     0.00       36.931        0.001        0.117             37        0.02        3.15    LARCINB_PARALLEL:LCOMAD_SP@1
 3288     0.00       36.931        0.001        0.001            148        0.00        0.00    GP_SPV@17
 3289     0.00       36.931        0.001        0.001            148        0.00        0.00    ACDROV@21
 3290     0.00       36.931        0.001        0.001            185        0.00        0.00    ACVEG@2
 3291     0.00       36.931        0.001        0.001            148        0.00        0.00    CPWTS@14
 3292     0.00       36.932        0.001        0.001            222        0.00        0.00    LARCINB_PARALLEL:RRINTOPT:COMPUTE@1
 3293     0.00       36.932        0.001        0.001            148        0.00        0.00    ACDROV@30
 3294     0.00       36.932        0.001        0.001            148        0.00        0.00    GP_SPV@20
 3295     0.00       36.932        0.001        0.001            148        0.00        0.00    CPWTS@15
 3296     0.00       36.932        0.001        0.001            222        0.00        0.00    LARCINB_PARALLEL:RRINTOPT:GET_DATA@1
 3297     0.00       36.932        0.001        0.001            185        0.00        0.00    CPTENDS@1
 3298     0.00       36.932        0.001        0.001            148        0.00        0.00    CPWTS@12
 3299     0.00       36.933        0.001        0.001             37        0.01        0.02    LASSIE_PARALLEL:GPRCP:COMPUTE@1
 3300     0.00       36.933        0.001        0.001            148        0.00        0.00    GP_SPV@19
 3301     0.00       36.933        0.001        0.001            148        0.00        0.00    CPWTS@16
 3302     0.00       36.933        0.001        0.001              1        0.55        1.21    SUFA@1
 3303     0.00       36.934        0.001        0.003             37        0.01        0.07    LAPINEB_PARALLEL:ZVWEI@1
 3304     0.00       36.934        0.001        0.098             37        0.01        2.65    LARCINB_PARALLEL:NVLAG_3@1
 3305     0.00       36.934        0.001        0.001            148        0.00        0.00    ACDROV@22
 3306     0.00       36.935        0.001        0.001             37        0.01        0.02    LAVABO_PARALLEL:1@1
 3307     0.00       36.935        0.001        0.001            148        0.00        0.00    GP_SPV@18
 3308     0.00       36.935        0.001        0.001             37        0.01        0.01    LAVABO_PARALLEL:2:COMPUTE@1
 3309     0.00       36.936        0.001        0.001             37        0.01        0.03    LAVABO_PARALLEL:2@1
 3310     0.00       36.936        0.001        0.001            148        0.00        0.00    CPWTS@25
 3311     0.00       36.936        0.001        0.001            148        0.00        0.00    CPWTS@20
 3312     0.00       36.936        0.001        0.001            148        0.00        0.00    CPWTS@17
 3313     0.00       36.937        0.001        0.001              1        0.53        1.03    SUPHY0@1
 3314     0.00       36.937        0.001        0.001             37        0.01        0.03    LASSIE_PARALLEL:GPRCP@1
 3315     0.00       36.938        0.001        0.001             37        0.01        0.01    LATTEX_PARALLEL:MAIN:GET_DATA@1
 3316     0.00       36.938        0.001        0.001            148        0.00        0.00    CPWTS@24
 3317     0.00       36.938        0.001        0.001            148        0.00        0.00    CPWTS@27
 3318     0.00       36.938        0.001        0.007              7        0.07        1.01    APL_ARPEGE_AEROSOLS_FOR_RADIATION_PARALLEL:RADAER@1
 3319     0.00       36.938        0.001        0.001            148        0.00        0.00    CPWTS@18
 3320     0.00       36.938        0.001        0.001            148        0.00        0.00    CPWTS@28
 3321     0.00       36.938        0.001        0.001            148        0.00        0.00    CPWTS@19
 3322     0.00       36.938        0.001        0.001            148        0.00        0.00    CPWTS@29
 3323     0.00       36.939        0.001        0.009             37        0.01        0.24    APL_ARPEGE_PARALLEL:ZRDG_LCVQ@1
 3324     0.00       36.939        0.001        0.001            148        0.00        0.00    CPWTS@30
 3325     0.00       36.939        0.001        0.001            148        0.00        0.00    CPWTS@21
 3326     0.00       36.939        0.001        0.001            148        0.00        0.00    CPWTS@22
 3327     0.00       36.939        0.001        0.001             37        0.01        0.01    APL_ARPEGE_ATMOSPHERE_UPDATE_PARALLEL:CPTEND_NEW:GET_DATA@1
 3328     0.00       36.940        0.001        0.001             37        0.01        0.01    CPG_DIA_FLU_PARALLEL:3:COMPUTE@1
 3329     0.00       36.940        0.001        0.001            148        0.00        0.00    CPWTS@31
 3330     0.00       36.940        0.001        0.196              1        0.51      196.40    RDFA2SP@1
 3331     0.00       36.941        0.001        0.003             37        0.01        0.07    LAPINEB_PARALLEL:TEMP_EQ@1
 3332     0.00       36.941        0.001        0.001            148        0.00        0.00    CPWTS@23
 3333     0.00       36.941        0.001        0.001            148        0.00        0.00    CPWTS@26
 3334     0.00       36.941        0.001        0.003              1        0.50        2.74    SUMPINI@1
 3335     0.00       36.942        0.000        0.001             37        0.01        0.04    LACDYN_PARALLEL:LASURE@1
 3336     0.00       36.942        0.000        0.001            185        0.00        0.00   *GPHLUV_EXPL@5
 3337     0.00       36.943        0.000        0.001             37        0.01        0.01    MF_PHYS_TRANSFER_PARALLEL:ALL:COMPUTE@1
 3338     0.00       36.943        0.000        0.951             37        0.01       25.71    LACDYN_PARALLEL@1
 3339     0.00       36.944        0.000        0.001             37        0.01        0.02    LACDYN_PARALLEL:LASURE:COMPUTE@1
 3340     0.00       36.944        0.000        0.001            555        0.00        0.00    GPRCP_EXPL_PARALLEL:1:GET_DATA@1
 3341     0.00       36.944        0.000        0.001            185        0.00        0.00    GPHLUV_EXPL@7
 3342     0.00       36.945        0.000        0.005             37        0.01        0.12    GPTF1_YDVARS_PARALLEL:LTWOTL@1
 3343     0.00       36.945        0.000        0.001             37        0.01        0.03    APL_ARPEGE_PARALLEL:PLSM@1
 3344     0.00       36.945        0.000        0.001            185        0.00        0.00    GPHLUV_EXPL@9
 3345     0.00       36.946        0.000        0.000             37        0.01        0.01    APL_ARPEGE_SHALLOW_CONVECTION_AND_TURBULENCE_PARALLEL:ACTKE:GET_DATA@1
 3346     0.00       36.946        0.000        0.000              1        0.48        0.48    SUGEM2_YRGSGEOM@1
 3347     0.00       36.946        0.000        0.001            185        0.00        0.00    GPHLUV_EXPL@10
 3348     0.00       36.947        0.000        0.007             37        0.01        0.18    LAPINEB_PARALLEL:ROTUV@1
 3349     0.00       36.947        0.000        0.005             37        0.01        0.14    LAPINEB_PARALLEL:L_RDRY_VD@1
 3350     0.00       36.948        0.000        0.000             37        0.01        0.01    LARMES_PARALLEL:LARMES:NULLIFY@1
 3351     0.00       36.948        0.000        0.001             37        0.01        0.01    CPG_DRV:EXIT@1
 3352     0.00       36.948        0.000        0.011             37        0.01        0.30    LATTEX_EXPL_2TL_PARALLEL@1
 3353     0.00       36.948        0.000        0.001            185        0.00        0.00    GPHLUV_EXPL@6
 3354     0.00       36.948        0.000        0.001            185        0.00        0.00    GPHLUV_EXPL@8
 3355     0.00       36.949        0.000        0.004             37        0.01        0.10    LAPINEB_PARALLEL:LACONE@1
 3356     0.00       36.949        0.000        0.001            185        0.00        0.00    GPHLUV_EXPL@11
 3357     0.00       36.949        0.000        0.001            148        0.00        0.00    GPHLUV_EXPL@20
 3358     0.00       36.949        0.000        0.000             37        0.01        0.01    CPG_DRV:INIT@1
 3359     0.00       36.950        0.000        0.002             37        0.01        0.05    LACDYN_PARALLEL:ZMIXNL@1
 3360     0.00       36.950        0.000        0.001            148        0.00        0.00    GPHLUV_EXPL@16
 3361     0.00       36.950        0.000        0.001            148        0.00        0.00    GPHLUV_EXPL@19
 3362     0.00       36.950        0.000        0.004             37        0.01        0.11    CPXFU_PARALLEL:0@1
 3363     0.00       36.951        0.000        0.001             37        0.01        0.02    APL_ARPEGE_INIT_SURFEX_PARALLEL@1
 3364     0.00       36.951        0.000        0.001            185        0.00        0.00   *ACSOLW@8
 3365     0.00       36.952        0.000        0.041            100        0.00        0.41    POSNAM@1
 3366     0.00       36.952        0.000        0.001            185        0.00        0.00    ACSOLW@7
 3367     0.00       36.952        0.000        0.001            185        0.00        0.00    ACSOLW@5
 3368     0.00       36.952        0.000        0.001            185        0.00        0.00    ACSOLW@6
 3369     0.00       36.952        0.000        0.001            148        0.00        0.00    GPHLUV_EXPL@29
 3370     0.00       36.952        0.000        0.001            148        0.00        0.00    GPHLUV_EXPL@31
 3371     0.00       36.952        0.000        0.001            148        0.00        0.00    GPHLUV_EXPL@30
 3372     0.00       36.952        0.000        0.001            148        0.00        0.00    GPHLUV_EXPL@17
 3373     0.00       36.952        0.000        0.001            148        0.00        0.00    GPHLUV_EXPL@23
 3374     0.00       36.952        0.000        0.001            148        0.00        0.00    GPHLUV_EXPL@26
 3375     0.00       36.952        0.000        0.001            185        0.00        0.00    ACVEG@1
 3376     0.00       36.952        0.000        0.000              1        0.45        0.45    HQR2@1
 3377     0.00       36.953        0.000        0.019             36        0.01        0.54    SCAN2M_TS_PARALLEL@1
 3378     0.00       36.953        0.000        0.004             37        0.01        0.11    CTVTOT_EXPL_PARALLEL:0@1
 3379     0.00       36.953        0.000        0.182             68        0.01        2.67    FARCIS_MT@1
 3380     0.00       36.953        0.000        0.001            148        0.00        0.00    CPWTS@32
 3381     0.00       36.954        0.000        0.011             37        0.01        0.29    CPUTQY_APLPAR_EXPL_PARALLEL:ZDEC@1
 3382     0.00       36.954        0.000        0.000            148        0.00        0.00    GPHLUV_EXPL@28
 3383     0.00       36.954        0.000        0.000            148        0.00        0.00    GPHLUV_EXPL@18
 3384     0.00       36.954        0.000        0.040             37        0.01        1.09    LAPINEB_PARALLEL:LARCHE@1
 3385     0.00       36.954        0.000        0.000            148        0.00        0.00    GPHLUV_EXPL@25
 3386     0.00       36.954        0.000        0.001            185        0.00        0.00    GPHLUV_EXPL@1
 3387     0.00       36.954        0.000        0.000            148        0.00        0.00    GPHLUV_EXPL@14
 3388     0.00       36.954        0.000        0.000            148        0.00        0.00    GPHLUV_EXPL@24
 3389     0.00       36.954        0.000        0.000            185        0.00        0.00    GPHLUV_EXPL@2
 3390     0.00       36.954        0.000        0.000            148        0.00        0.00    GPHLUV_EXPL@27
 3391     0.00       36.955        0.000        0.000             37        0.01        0.01    APL_ARPEGE_PARALLEL:APLPAR_INIT:GET_DATA@1
 3392     0.00       36.955        0.000        0.002             37        0.01        0.06    CPUTQY_APLPAR_EXPL_PARALLEL:PFDIS@1
 3393     0.00       36.956        0.000        0.000             37        0.01        0.01    APL_ARPEGE_PARALLEL:PLSM:COMPUTE@1
 3394     0.00       36.956        0.000        0.001            321        0.00        0.00    FANFAR_MT@1
 3395     0.00       36.956        0.000        0.000            185        0.00        0.00    ACSOLW@9
 3396     0.00       36.957        0.000        0.000            235        0.00        0.00    SPNORMAVE@1
 3397     0.00       36.957        0.000        0.000            148        0.00        0.00    GPHLUV_EXPL@15
 3398     0.00       36.957        0.000        5.409             37        0.01      146.19    ACVPPKF_PARALLEL@1
 3399     0.00       36.957        0.000        0.091             37        0.01        2.46    APL_ARPEGE_PRECIPITATION_PARALLEL:ACUPTQ@1
 3400     0.00       36.958        0.000        0.001            123        0.00        0.01    FANION_MT@1
 3401     0.00       36.958        0.000        0.005            185        0.00        0.03    ACCTND0_PARALLEL:PACC@1
 3402     0.00       36.958        0.000        0.000            148        0.00        0.00    GPHLUV_EXPL@22
 3403     0.00       36.958        0.000        0.000            148        0.00        0.00    GPHLUV_EXPL@13
 3404     0.00       36.959        0.000        0.013             37        0.01        0.36    CPG_DIA_FLU_PARALLEL:0@1
 3405     0.00       36.959        0.000        0.000            185        0.00        0.00    GPHLUV_EXPL@4
 3406     0.00       36.959        0.000        0.000            185        0.00        0.00    ACSOLW@10
 3407     0.00       36.959        0.000        0.000            148        0.00        0.00    GPHLUV_EXPL@12
 3408     0.00       36.959        0.000        0.000            185        0.00        0.00    GP_SPV@8
 3409     0.00       36.959        0.000        0.000            185        0.00        0.00    ACSOLW@11
 3410     0.00       36.959        0.000        0.000            185        0.00        0.00    GPHLUV_EXPL@3
 3411     0.00       36.959        0.000        0.000            148        0.00        0.00    GPHLUV_EXPL@21
 3412     0.00       36.959        0.000        0.004             37        0.01        0.11    CPG_GP_PARALLEL:GPINISLB_PART3_EXPL@1
 3413     0.00       36.960        0.000        0.000             37        0.01        0.01    APL_ARPEGE_SURFACE_PARALLEL:ACDIFV2:GET_DATA@1
 3414     0.00       36.960        0.000        0.000            185        0.00        0.00   *GPHLWI@11
 3415     0.00       36.960        0.000        0.001             37        0.01        0.03    CPG_PARALLEL:LSMTSOL@1
 3416     0.00       36.961        0.000        0.000             37        0.01        0.01    CPG_SL1F_TYPE_SYNC_HOST@1
 3417     0.00       36.961        0.000        0.000            185        0.00        0.00    ACSOLW@4
 3418     0.00       36.961        0.000        0.000             37        0.01        0.01    APL_ARPEGE_PARALLEL:FRSOPT:COMPUTE@1
 3419     0.00       36.961        0.000        0.000            148        0.00        0.00    GP_SPV@13
 3420     0.00       36.961        0.000        0.000            148        0.00        0.00    ACSOLW@12
 3421     0.00       36.961        0.000        0.000            148        0.00        0.00    GPHLUV_EXPL@32
 3422     0.00       36.961        0.000        0.000            185        0.00        0.00    GP_SPV@11
 3423     0.00       36.962        0.000        0.001           1067        0.00        0.00    OFFSET_MF@1
 3424     0.00       36.962        0.000        0.017             37        0.01        0.45    CPG_GP_PARALLEL:GPINISLB_PART1_EXPL@1
 3425     0.00       36.962        0.000        0.000             37        0.01        0.01    APL_ARPEGE_DEEP_CONVECTION_PARALLEL:CUCALLN_MF:GET_DATA@1
 3426     0.00       36.963        0.000        0.000             37        0.01        0.01    CPG_PARALLEL:LSMTSOL:COMPUTE@1
 3427     0.00       36.963        0.000        0.000            185        0.00        0.00    ACSOLW@3
 3428     0.00       36.963        0.000        1.567             37        0.01       42.34    APL_ARPEGE_INIT_PARALLEL@1
 3429     0.00       36.964        0.000        0.002             37        0.01        0.04    CPXFU_PARALLEL:1@1
 3430     0.00       36.964        0.000        0.000            185        0.00        0.00    GPHLWI@9
 3431     0.00       36.964        0.000        0.000            185        0.00        0.00    GPHLWI@10
 3432     0.00       36.964        0.000        0.003             37        0.01        0.07    GPRCP_EXPL_PARALLEL:5@1
 3433     0.00       36.964        0.000        0.000             37        0.01        0.01    APL_ARPEGE_CLOUDINESS_PARALLEL:ACNEBCOND:GET_DATA@1
 3434     0.00       36.965        0.000        0.004             37        0.01        0.10    CPXFU_PARALLEL:4@1
 3435     0.00       36.965        0.000        0.000            185        0.00        0.00   *ACNPART_CONV_BASE_TOP@1
 3436     0.00       36.966        0.000        0.000              1        0.39        0.46    SUHDF@1
 3437     0.00       36.966        0.000        0.000            185        0.00        0.00    GP_SPV@9
 3438     0.00       36.966        0.000        0.000              1        0.39        0.39    ALLOCATE_EMPTY_TRAJECTORY@1
 3439     0.00       36.966        0.000        0.000              3        0.13        0.13    "lfifer_alts"@1:lfi_alts.c
 3440     0.00       36.966        0.000        0.000            148        0.00        0.00    ACSOLW@15
 3441     0.00       36.967        0.000        0.003             37        0.01        0.07    CPG_GP_PARALLEL:GPTF2_EXPL_2TL@1
 3442     0.00       36.967        0.000        0.130             37        0.01        3.50    APL_ARPEGE_INIT_PARALLEL:2@1
 3443     0.00       36.967        0.000        0.000            185        0.00        0.00    GPHLWI@5
 3444     0.00       36.967        0.000        0.002              1        0.38        2.00    SUSI@1
 3445     0.00       36.968        0.000        0.917             37        0.01       24.79    ACVPPKF_PARALLEL:PART0@1
 3446     0.00       36.968        0.000        0.000             37        0.01        0.01    CPG_GP_HYD_PARALLEL:0:GET_DATA@1
 3447     0.00       36.969        0.000        0.001              1        0.38        1.00    SUGEM2@1
 3448     0.00       36.969        0.000        0.001             37        0.01        0.02    APL_ARPEGE_INIT_PARALLEL:0@1
 3449     0.00       36.969        0.000        0.011              1        0.38       11.42    SUPHMPA@1
 3450     0.00       36.969        0.000        0.000            185        0.00        0.00    GPHLWI@7
 3451     0.00       36.969        0.000        0.000            148        0.00        0.00    ACSOLW@20
 3452     0.00       36.970        0.000        0.044             37        0.01        1.18    APL_ARPEGE_INIT_PARALLEL:1@1
 3453     0.00       36.970        0.000        0.379             37        0.01       10.25    APL_ARPEGE_SURFACE_PARALLEL@1
 3454     0.00       36.970        0.000        0.000            185        0.00        0.00    ACNPART_CONV_BASE_TOP@9
 3455     0.00       36.970        0.000        0.000            148        0.00        0.00    ACSOLW@14
 3456     0.00       36.970        0.000        0.000            148        0.00        0.00    ACSOLW@16
 3457     0.00       36.970        0.000        0.000            148        0.00        0.00    GPHLWI@21
 3458     0.00       36.970        0.000        0.000            185        0.00        0.00    GPHLWI@8
 3459     0.00       36.970        0.000        0.004             37        0.01        0.11    CPGLAG_PARALLEL:0@1
 3460     0.00       36.971        0.000        0.009             37        0.01        0.24    APL_ARPEGE_SURFACE_UPDATE_PARALLEL:LMSE_F@1
 3461     0.00       36.971        0.000        0.000            148        0.00        0.00    GPHLWI@20
 3462     0.00       36.971        0.000        0.000             37        0.01        0.01    MF_PHYS_INIT_PARALLEL:ZERO:NULLIFY@1
 3463     0.00       36.972        0.000        0.179             37        0.01        4.85    APL_ARPEGE_SURFACE_PARALLEL:ACDIFV1@1
 3464     0.00       36.972        0.000        0.003             37        0.01        0.07    CPXFU_PARALLEL:2@1
 3465     0.00       36.972        0.000        0.000            148        0.00        0.00    GPHLWI@24
 3466     0.00       36.972        0.000        0.000            148        0.00        0.00    ACSOLW@13
 3467     0.00       36.972        0.000        0.000            148        0.00        0.00    ACSOLW@21
 3468     0.00       36.972        0.000        0.003            475        0.00        0.01    GSBYTE_MF@1
 3469     0.00       36.972        0.000        0.000            185        0.00        0.00    ACNPART_CONV_BASE_TOP@10
 3470     0.00       36.972        0.000        0.000            185        0.00        0.00    GPHLWI@6
 3471     0.00       36.972        0.000        0.000            148        0.00        0.00    GPHLWI@25
 3472     0.00       36.972        0.000        0.000            185        0.00        0.00    GP_SPV@10
 3473     0.00       36.973        0.000        0.001             37        0.01        0.02    CPG_GP_PARALLEL:SETZERO@1
 3474     0.00       36.973        0.000        0.000            185        0.00        0.00    ACNPART_CONV_BASE_TOP@2
 3475     0.00       36.973        0.000        0.000             36        0.01        0.01    CPCFU_PARALLEL:5:COMPUTE@1
 3476     0.00       36.973        0.000        0.028              1        0.36       28.25    SUECRAD@1
 3477     0.00       36.974        0.000        0.030             37        0.01        0.80    APL_ARPEGE_RADIATION_PARALLEL:RADHEAT@1
 3478     0.00       36.974        0.000        0.000            148        0.00        0.00    GPHLWI@22
 3479     0.00       36.974        0.000        0.000            148        0.00        0.00    ACSOLW@24
 3480     0.00       36.974        0.000        0.002             37        0.01        0.04    CPG_PARALLEL:ISETTLOFF@1
 3481     0.00       36.974        0.000        0.000            148        0.00        0.00    GPHLWI@28
 3482     0.00       36.974        0.000        0.000            148        0.00        0.00    GPHLWI@29
 3483     0.00       36.974        0.000        0.000            148        0.00        0.00    GPHLWI@17
 3484     0.00       36.974        0.000        0.003             37        0.01        0.09    CPG_GP_HYD_PARALLEL:3@1
 3485     0.00       36.974        0.000        0.000            185        0.00        0.00    ACNPART_CONV_BASE_TOP@11
 3486     0.00       36.974        0.000        0.000            185        0.00        0.00    ACNPART_CONV_BASE_TOP@6
 3487     0.00       36.974        0.000        0.000            148        0.00        0.00    GPHLWI@18
 3488     0.00       36.975        0.000        0.000             41        0.01        0.01    GRIB_API:IGRIB_SET_INT8@1
 3489     0.00       36.975        0.000        0.000             37        0.01        0.01    ACVPPKF_PARALLEL:PART1:GET_DATA@1
 3490     0.00       36.976        0.000        0.000            185        0.00        0.00   *ACEVADCAPE@9
 3491     0.00       36.976        0.000        0.000              7        0.05        0.06    RECMWF_PARALLEL:2@1
 3492     0.00       36.976        0.000        0.000            148        0.00        0.00   *GPTF2_EXPL_2TL@25
 3493     0.00       36.977        0.000        0.001              1        0.36        0.96    SUSTA@1
 3494     0.00       36.977        0.000        0.000            185        0.00        0.00    ACEVADCAPE@4
 3495     0.00       36.977        0.000        0.000            185        0.00        0.00    ACEVADCAPE@10
 3496     0.00       36.977        0.000        0.021             37        0.01        0.57    GPINISLB_PART2_EXPL_PARALLEL@1
 3497     0.00       36.977        0.000        0.001             37        0.01        0.03    CPG_GP_PARALLEL:MAP_FACTOR@1
 3498     0.00       36.977        0.000        0.000            148        0.00        0.00    GP_SPV@12
 3499     0.00       36.977        0.000        0.000            185        0.00        0.00    ACNPART_CONV_BASE_TOP@3
 3500     0.00       36.977        0.000        0.000            148        0.00        0.00    ACNPART_CONV_BASE_TOP@24
 3501     0.00       36.977        0.000        0.000            148        0.00        0.00    ACSOLW@22
 3502     0.00       36.978        0.000        0.000             37        0.01        0.01    APL_ARPEGE_SURFACE_UPDATE_PARALLEL:LMSE_F:GET_DATA@1
 3503     0.00       36.978        0.000        0.000            148        0.00        0.00    GPHLWI@14
 3504     0.00       36.978        0.000        0.000            185        0.00        0.00    ACEVADCAPE@6
 3505     0.00       36.978        0.000        0.000            185        0.00        0.00    ACSOLW@2
 3506     0.00       36.978        0.000        0.000            148        0.00        0.00    GP_SPV@15
 3507     0.00       36.978        0.000        0.000            185        0.00        0.00    ACNPART_CONV_BASE_TOP@4
 3508     0.00       36.978        0.000        0.471             37        0.01       12.73    APL_ARPEGE_INIT_PARALLEL:4@1
 3509     0.00       36.978        0.000        0.001            925        0.00        0.00    GBYTE_MF@1
 3510     0.00       36.978        0.000        0.000            148        0.00        0.00    GPHLWI@26
 3511     0.00       36.979        0.000        0.002             37        0.01        0.05    CPXFU_PARALLEL:3@1
 3512     0.00       36.979        0.000        0.000            148        0.00        0.00    ACNPART_CONV_BASE_TOP@32
 3513     0.00       36.979        0.000        0.000            185        0.00        0.00    ACNPART_CONV_BASE_TOP@8
 3514     0.00       36.979        0.000        0.000              1        0.35        0.35    SURFACE_FIELDS_MIX:DEALLO_SURF@1
 3515     0.00       36.979        0.000        0.000            148        0.00        0.00    ACSOLW@23
 3516     0.00       36.979        0.000        0.002              2        0.17        0.95    SUFPC@1
 3517     0.00       36.979        0.000        0.000            148        0.00        0.00    ACSOLW@25
 3518     0.00       36.979        0.000        0.000            148        0.00        0.00    GPHLWI@13
 3519     0.00       36.979        0.000        0.000            185        0.00        0.00    GPHLWI@2
 3520     0.00       36.979        0.000        0.000            185        0.00        0.00    ACEVADCAPE@8
 3521     0.00       36.979        0.000        0.000            185        0.00        0.00    GPHLWI@4
 3522     0.00       36.979        0.000        0.000            185        0.00        0.00    GP_SPV@7
 3523     0.00       36.979        0.000        0.000            148        0.00        0.00    ACNPART_CONV_BASE_TOP@27
 3524     0.00       36.980        0.000        0.199             37        0.01        5.38    CPG_GP_HYD_PARALLEL:2@1
 3525     0.00       36.980        0.000        0.000            185        0.00        0.00    GPHLWI@1
 3526     0.00       36.980        0.000        0.000            148        0.00        0.00    ACSOLW@19
 3527     0.00       36.980        0.000        0.000            148        0.00        0.00    GPHLWI@31
 3528     0.00       36.980        0.000        0.000            148        0.00        0.00    ACNPART_CONV_BASE_TOP@17
 3529     0.00       36.980        0.000        0.000             37        0.01        0.01    CPXFU_PARALLEL:2:GET_DATA@1
 3530     0.00       36.980        0.000        0.000              1        0.35        0.37    SUECOZC@1
 3531     0.00       36.980        0.000        0.000            148        0.00        0.00    GPHLWI@27
 3532     0.00       36.980        0.000        0.000            148        0.00        0.00    ACSOLW@17
 3533     0.00       36.980        0.000        0.000            148        0.00        0.00    GPHLWI@12
 3534     0.00       36.980        0.000        0.000            185        0.00        0.00    ACNPART_CONV_BASE_TOP@7
 3535     0.00       36.981        0.000        0.003             37        0.01        0.07    CPG_GP_PARALLEL:GP_SPV@1
 3536     0.00       36.981        0.000        0.001            202        0.00        0.00    SUCLDP:BETAI@1
 3537     0.00       36.981        0.000        0.000            148        0.00        0.00    GPHLWI@19
 3538     0.00       36.982        0.000        0.002              1        0.34        1.73    INI_RAIN_ICE@1
 3539     0.00       36.982        0.000        0.000            148        0.00        0.00    GP_SPV@16
 3540     0.00       36.982        0.000        0.000            148        0.00        0.00    GPTF2_EXPL_2TL@16
 3541     0.00       36.982        0.000        0.000            148        0.00        0.00    GPHLWI@30
 3542     0.00       36.982        0.000        0.000            148        0.00        0.00    ACNPART_CONV_BASE_TOP@29
 3543     0.00       36.982        0.000        3.998             37        0.01      108.05    CALL_SL_DRV@1
 3544     0.00       36.982        0.000        0.000            185        0.00        0.00    ACEVADCAPE@5
 3545     0.00       36.982        0.000        0.000            148        0.00        0.00    ACNPART_CONV_BASE_TOP@16
 3546     0.00       36.982        0.000        0.000            185        0.00        0.00    GPHLWI@3
 3547     0.00       36.982        0.000        0.000            185        0.00        0.00    ACEVADCAPE@11
 3548     0.00       36.982        0.000        0.000            148        0.00        0.00    ACNPART_CONV_BASE_TOP@23
 3549     0.00       36.982        0.000        0.000            148        0.00        0.00   *MF_PHYS_PRECIPS@24
 3550     0.00       36.982        0.000        0.000            185        0.00        0.00    ACEVADCAPE@7
 3551     0.00       36.982        0.000        0.000            185        0.00        0.00    ACNPART_CONV_BASE_TOP@5
 3552     0.00       36.982        0.000        0.000            148        0.00        0.00    GPTF2_EXPL_2TL@28
 3553     0.00       36.982        0.000        0.000            185        0.00        0.00    GPTF2_EXPL_2TL@8
 3554     0.00       36.983        0.000        0.015             37        0.01        0.41    APL_ARPEGE_PARALLEL:DIFTQ@1
 3555     0.00       36.983        0.000        0.000             37        0.01        0.01    CPG_GP_HYD_PARALLEL:2:NULLIFY@1
 3556     0.00       36.983        0.000        0.000            185        0.00        0.00    GPTF2_EXPL_2TL@11
 3557     0.00       36.983        0.000        0.000             38        0.01        0.01    UPDMOON@1
 3558     0.00       36.983        0.000        0.000            148        0.00        0.00    GPHLWI@23
 3559     0.00       36.983        0.000        0.000            148        0.00        0.00    ACSOLW@18
 3560     0.00       36.983        0.000        0.000            148        0.00        0.00    GPHLWI@16
 3561     0.00       36.983        0.000        0.000            148        0.00        0.00    ACNPART_CONV_BASE_TOP@26
 3562     0.00       36.984        0.000        0.006            234        0.00        0.02    SPNORMBM@1
 3563     0.00       36.984        0.000        0.000            148        0.00        0.00    MF_PHYS_PRECIPS@32
 3564     0.00       36.984        0.000        0.000            148        0.00        0.00    ACNPART_CONV_BASE_TOP@21
 3565     0.00       36.984        0.000        0.000            185        0.00        0.00    ACEVADCAPE@3
 3566     0.00       36.984        0.000        0.000            148        0.00        0.00    ACSOLW@26
 3567     0.00       36.984        0.000        0.000            148        0.00        0.00    ACNPART_CONV_BASE_TOP@20
 3568     0.00       36.984        0.000        0.000             37        0.01        0.01    CPGLAG_PARALLEL:1:COMPUTE@1
 3569     0.00       36.984        0.000        0.000            148        0.00        0.00    GPTF2_EXPL_2TL@17
 3570     0.00       36.984        0.000        0.000            148        0.00        0.00    GPHLWI@15
 3571     0.00       36.984        0.000        0.000            148        0.00        0.00    ACNPART_CONV_BASE_TOP@19
 3572     0.00       36.984        0.000        0.000            185        0.00        0.00    GPTF2_EXPL_2TL@3
 3573     0.00       36.984        0.000        0.000            148        0.00        0.00    ACNPART_CONV_BASE_TOP@22
 3574     0.00       36.984        0.000        0.019             37        0.01        0.51    CPGLAG_PARALLEL@1
 3575     0.00       36.985        0.000        0.005              1        0.33        4.61    SU0PHY@1
 3576     0.00       36.985        0.000        0.000            148        0.00        0.00    ACNPART_CONV_BASE_TOP@18
 3577     0.00       36.985        0.000        0.000             37        0.01        0.01    APL_ARPEGE_INIT_PARALLEL:6:COMPUTE@1
 3578     0.00       36.985        0.000        0.000            148        0.00        0.00    GPTF2_EXPL_2TL@12
 3579     0.00       36.985        0.000        0.000            148        0.00        0.00    GPHLWI@32
 3580     0.00       36.985        0.000        0.000            148        0.00        0.00    ACNPART_CONV_BASE_TOP@31
 3581     0.00       36.985        0.000        0.000            148        0.00        0.00    GPTF2_EXPL_2TL@26
 3582     0.00       36.985        0.000        0.000            148        0.00        0.00    ACNPART_CONV_BASE_TOP@12
 3583     0.00       36.985        0.000        0.000            148        0.00        0.00    ACNPART_CONV_BASE_TOP@25
 3584     0.00       36.985        0.000        0.000            148        0.00        0.00    ACNPART_CONV_BASE_TOP@30
 3585     0.00       36.985        0.000        0.000            148        0.00        0.00    GPTF2_EXPL_2TL@30
 3586     0.00       36.985        0.000        0.000            185        0.00        0.00    GPTF2_EXPL_2TL@10
 3587     0.00       36.985        0.000        0.000             37        0.01        0.01    CPG_GP_HYD_PARALLEL:0:NULLIFY@1
 3588     0.00       36.985        0.000        0.000            148        0.00        0.00    GPTF2_EXPL_2TL@27
 3589     0.00       36.985        0.000        0.000            148        0.00        0.00    MF_PHYS_PRECIPS@20
 3590     0.00       36.986        0.000        0.055             37        0.01        1.48    CPG_GP_HYD_PARALLEL:1@1
 3591     0.00       36.986        0.000        0.000            148        0.00        0.00    MF_PHYS_PRECIPS@28
 3592     0.00       36.986        0.000        0.000            148        0.00        0.00    GP_SPV@14
 3593     0.00       36.986        0.000        0.000            148        0.00        0.00    GPTF2_EXPL_2TL@21
 3594     0.00       36.986        0.000        0.000            148        0.00        0.00    GPTF2_EXPL_2TL@24
 3595     0.00       36.986        0.000        0.000            148        0.00        0.00    MF_PHYS_PRECIPS@31
 3596     0.00       36.986        0.000        0.000            185        0.00        0.00    ACEVADCAPE@1
 3597     0.00       36.986        0.000        0.000            148        0.00        0.00    GPTF2_EXPL_2TL@13
 3598     0.00       36.986        0.000        0.000            185        0.00        0.00    GPTF2_EXPL_2TL@4
 3599     0.00       36.986        0.000        0.000            148        0.00        0.00    GPTF2_EXPL_2TL@19
 3600     0.00       36.986        0.000        0.000            148        0.00        0.00    ACNPART_CONV_BASE_TOP@28
 3601     0.00       36.986        0.000        0.327             37        0.01        8.83    APL_ARPEGE_DEEP_CONVECTION_PARALLEL@1
 3602     0.00       36.986        0.000        0.000            185        0.00        0.00    GPTF2_EXPL_2TL@6
 3603     0.00       36.986        0.000        0.000            185        0.00        0.00    ACEVADCAPE@2
 3604     0.00       36.986        0.000        0.000            185        0.00        0.00    GPTF2_EXPL_2TL@9
 3605     0.00       36.986        0.000        0.000            148        0.00        0.00    MF_PHYS_PRECIPS@17
 3606     0.00       36.986        0.000        0.000            148        0.00        0.00    GPTF2_EXPL_2TL@29
 3607     0.00       36.986        0.000        0.000            148        0.00        0.00    MF_PHYS_PRECIPS@19
 3608     0.00       36.986        0.000        0.000            148        0.00        0.00    GPTF2_EXPL_2TL@23
 3609     0.00       36.986        0.000        0.000            185        0.00        0.00    GPTF2_EXPL_2TL@7
 3610     0.00       36.986        0.000        0.000            148        0.00        0.00    ACNPART_CONV_BASE_TOP@13
 3611     0.00       36.986        0.000        0.000            148        0.00        0.00    GPTF2_EXPL_2TL@20
 3612     0.00       36.986        0.000        0.000            148        0.00        0.00    GPTF2_EXPL_2TL@31
 3613     0.00       36.986        0.000       19.627              7        0.05     2803.84    RECMWF_PARALLEL:ECRAD_CPU@1
 3614     0.00       36.987        0.000        0.000            227        0.00        0.00    SET2PE@1
 3615     0.00       36.987        0.000        0.000            148        0.00        0.00    MF_PHYS_PRECIPS@27
 3616     0.00       36.987        0.000        0.000            148        0.00        0.00    MF_PHYS_PRECIPS@23
 3617     0.00       36.987        0.000        0.000            148        0.00        0.00    ACEVADCAPE@12
 3618     0.00       36.987        0.000        0.000            148        0.00        0.00    GPTF2_EXPL_2TL@14
 3619     0.00       36.987        0.000        0.236             37        0.01        6.37    APL_ARPEGE_INIT_PARALLEL:5@1
 3620     0.00       36.987        0.000        0.001             37        0.01        0.03    CPG_DIA_FLU_PARALLEL:1@1
 3621     0.00       36.987        0.000        0.000            148        0.00        0.00    GP_SPV@32
 3622     0.00       36.987        0.000        0.000            148        0.00        0.00    GPTF2_EXPL_2TL@22
 3623     0.00       36.987        0.000        0.000            148        0.00        0.00    GPTF2_EXPL_2TL@15
 3624     0.00       36.987        0.000        0.000            185        0.00        0.00   *ACNTCLS@4
 3625     0.00       36.988        0.000        0.000             37        0.01        0.01    LAVENT_PARALLEL:0:GET_DATA@1
 3626     0.00       36.988        0.000        0.000            185        0.00        0.00    ACNTCLS@9
 3627     0.00       36.988        0.000        0.000            185        0.00        0.00    GPTF2_EXPL_2TL@5
 3628     0.00       36.988        0.000        0.001             37        0.01        0.02    CPGLAG_PARALLEL:1@1
 3629     0.00       36.988        0.000        0.000              2        0.15        0.16    READ_XKER_RACCS@1
 3630     0.00       36.988        0.000        0.000            148        0.00        0.00    MF_PHYS_PRECIPS@18
 3631     0.00       36.988        0.000        0.000            148        0.00        0.00    ACEVADCAPE@15
 3632     0.00       36.988        0.000        0.000            148        0.00        0.00    ACNPART_CONV_BASE_TOP@14
 3633     0.00       36.988        0.000        0.000            148        0.00        0.00    GPTF2_EXPL_2TL@18
 3634     0.00       36.988        0.000        0.000            148        0.00        0.00    ACSOLW@28
 3635     0.00       36.989        0.000        0.000             37        0.01        0.01    APL_ARPEGE_INIT_PARALLEL:5:GET_DATA@1
 3636     0.00       36.989        0.000        0.000            148        0.00        0.00    ACNPART_CONV_BASE_TOP@15
 3637     0.00       36.989        0.000        0.029             37        0.01        0.78    APL_ARPEGE_PARALLEL:QNGCOR@1
 3638     0.00       36.989        0.000        0.003             36        0.01        0.07    CPCFU_PARALLEL:0@1
 3639     0.00       36.990        0.000        0.057             37        0.01        1.54    APL_ARPEGE_RADIATION_PARALLEL:ACDAYD@1
 3640     0.00       36.990        0.000        0.000            185        0.00        0.00    ACNTCLS@5
 3641     0.00       36.990        0.000        0.000            148        0.00        0.00    GPTF2_EXPL_2TL@32
 3642     0.00       36.990        0.000        0.191             97        0.00        1.97    FACIL1_MT@1
 3643     0.00       36.990        0.000        0.000             37        0.01        0.01    APL_ARPEGE_PARALLEL:ACDRAG:GET_DATA@1
 3644     0.00       36.990        0.000        0.000            148        0.00        0.00    MF_PHYS_PRECIPS@26
 3645     0.00       36.990        0.000        0.000            185        0.00        0.00    GPTF2_EXPL_2TL@2
 3646     0.00       36.991        0.000        0.002             37        0.01        0.07    CPG_DIA_FLU_PARALLEL:4@1
 3647     0.00       36.991        0.000        0.000            148        0.00        0.00    ACSOLW@29
 3648     0.00       36.991        0.000        0.000            185        0.00        0.00    ACNTCLS@6
 3649     0.00       36.991        0.000        0.000            352        0.00        0.00    PE2SET@1
 3650     0.00       36.991        0.000        0.000            185        0.00        0.00    ACNTCLS@2
 3651     0.00       36.991        0.000        0.000             37        0.01        0.01    APL_ARPEGE_PARALLEL:ACHMT:GET_DATA@1
 3652     0.00       36.991        0.000        0.000            555        0.00        0.00    GPRCP_EXPL_PARALLEL:1:NULLIFY@1
 3653     0.00       36.992        0.000        0.000              1        0.29        0.38    SUMP@1
 3654     0.00       36.992        0.000        0.000            185        0.00        0.00    ACNTCLS@8
 3655     0.00       36.992        0.000        0.001             37        0.01        0.02    CPG_DIA_FLU_PARALLEL:3@1
 3656     0.00       36.992        0.000        0.000            148        0.00        0.00    ACNTCLS@13
 3657     0.00       36.992        0.000        0.052             72        0.00        0.73    EXCHANGE_MS@1
 3658     0.00       36.992        0.000        0.000            185        0.00        0.00    ACNTCLS@11
 3659     0.00       36.992        0.000        0.000            148        0.00        0.00    MF_PHYS_PRECIPS@30
 3660     0.00       36.992        0.000        0.000            148        0.00        0.00    ACSOLW@27
 3661     0.00       36.993        0.000        0.001             36        0.01        0.02    CPCFU_PARALLEL:5@1
 3662     0.00       36.993        0.000        0.000             37        0.01        0.01    APL_ARPEGE_HYDRO_BUDGET_PARALLEL:ACDROV:GET_DATA@1
 3663     0.00       36.993        0.000        0.000            148        0.00        0.00    MF_PHYS_PRECIPS@29
 3664     0.00       36.993        0.000        0.000             37        0.01        0.01    MF_PHYS_PARALLEL:MF_PHYS_BASE_STATE%INIT@1
 3665     0.00       36.993        0.000        0.005             37        0.01        0.12    APL_ARPEGE_SOIL_HYDRO_PARALLEL:ACVEG@1
 3666     0.00       36.994        0.000        0.000              3        0.10        0.10    FIELD_GFL_WRAPPER:GFL_MAPPING_SETUP@1
 3667     0.00       36.994        0.000        0.000            148        0.00        0.00    ACSOLW@32
 3668     0.00       36.994        0.000        0.000            148        0.00        0.00    ACEVADCAPE@16
 3669     0.00       36.994        0.000        0.000            148        0.00        0.00    MF_PHYS_PRECIPS@25
 3670     0.00       36.994        0.000        0.018              3        0.10        6.10    FIELD_CONTAINER_GP_MOD:FIELD_CREATE@1
 3671     0.00       36.994        0.000        0.000             36        0.01        0.01    CPCFU_PARALLEL:1:GET_DATA@1
 3672     0.00       36.995        0.000        0.004             37        0.01        0.10    CPG_DIA_FLU_PARALLEL:2@1
 3673     0.00       36.995        0.000        0.003             36        0.01        0.08    CPCFU_PARALLEL:1@1
 3674     0.00       36.995        0.000        0.001              1        0.29        0.88    SUECAEOR@1
 3675     0.00       36.995        0.000        0.000            148        0.00        0.00    ACSOLW@30
 3676     0.00       36.995        0.000        0.000            185        0.00        0.00    ACNTCLS@1
 3677     0.00       36.995        0.000        0.000            148        0.00        0.00    MF_PHYS_PRECIPS@21
 3678     0.00       36.995        0.000        0.000            148        0.00        0.00    ACNTCLS@25
 3679     0.00       36.995        0.000        0.000            185        0.00        0.00    ACNTCLS@7
 3680     0.00       36.995        0.000        0.000             37        0.01        0.01    LARCINB_PARALLEL:LRHS_CURV_F:GET_DATA@1
 3681     0.00       36.995        0.000        0.000            148        0.00        0.00    ACEVADCAPE@13
 3682     0.00       36.996        0.000        0.000            333        0.00        0.00    CPUTQY0_PARALLEL:PVAR:GET_DATA@1
 3683     0.00       36.996        0.000        0.001              1        0.28        0.86    SUECAEBC@1
 3684     0.00       36.996        0.000        0.000            148        0.00        0.00    ACNTCLS@19
 3685     0.00       36.996        0.000        0.001             39        0.01        0.03    SPNORMBE@1
 3686     0.00       36.997        0.000        0.002             36        0.01        0.06    CPCFU_PARALLEL:2@1
 3687     0.00       36.997        0.000        0.031             37        0.01        0.84    APL_ARPEGE_PARALLEL:ZBAY_QRCONV@1
 3688     0.00       36.997        0.000        0.003              1        0.28        3.26    SUDYN@1
 3689     0.00       36.997        0.000        0.000            185        0.00        0.00    ACNTCLS@10
 3690     0.00       36.997        0.000        0.002             36        0.01        0.05    CPCFU_PARALLEL:3@1
 3691     0.00       36.997        0.000        0.000            148        0.00        0.00    MF_PHYS_PRECIPS@22
 3692     0.00       36.998        0.000        0.004             37        0.01        0.10    APL_ARPEGE_PARALLEL:ZDPHIV@1
 3693     0.00       36.998        0.000        0.007             37        0.01        0.18    APL_ARPEGE_RADIATION_PARALLEL:LMSE_F@1
 3694     0.00       36.998        0.000        0.000             37        0.01        0.01    CPXFU_PARALLEL:1:GET_DATA@1
 3695     0.00       36.999        0.000        0.001              1        0.27        0.84    SUTOPH@1
 3696     0.00       36.999        0.000        0.000             36        0.01        0.01    SPCHORmval@1
 3697     0.00       36.999        0.000        0.000            148        0.00        0.00    ACEVADCAPE@14
 3698     0.00       36.999        0.000        0.000            185        0.00        0.00    ACNTCLS@3
 3699     0.00       36.999        0.000        0.000            148        0.00        0.00    ACNTCLS@17
 3700     0.00       36.999        0.000        0.000            185        0.00        0.00    GPTF2_EXPL_2TL@1
 3701     0.00       36.999        0.000        0.000             74        0.00        0.00    LAPINEB_PARALLEL:ROTUVGEO:GET_DATA@1
 3702     0.00       36.999        0.000        0.000             37        0.01        0.01    APL_ARPEGE_PARALLEL:ACSOL:GET_DATA@1
 3703     0.00       36.999        0.000        0.000            148        0.00        0.00    ACNTCLS@21
 3704     0.00       37.000        0.000        0.764             37        0.01       20.65    LATTEX_PARALLEL@1
 3705     0.00       37.000        0.000        0.000             37        0.01        0.01    APL_ARPEGE_RADIATION_PARALLEL:RADHEAT:GET_DATA@1
 3706     0.00       37.000        0.000        0.000            185        0.00        0.00    GP_SPV@5
 3707     0.00       37.000        0.000        0.000            222        0.00        0.00    LATTEX_EXPL_2TL_PARALLEL:3:GET_DATA@1
 3708     0.00       37.000        0.000        1.927             37        0.01       52.08    ACVPPKF_PARALLEL:PART1@1
 3709     0.00       37.001        0.000        0.007             37        0.01        0.19    APL_ARPEGE_OCEANIC_FLUXES_PARALLEL:ACFLUSO@1
 3710     0.00       37.001        0.000        0.000             37        0.01        0.01    CPG_GP_PARALLEL:SETZERO:COMPUTE@1
 3711     0.00       37.001        0.000        0.000             37        0.01        0.01    LAPINEB_PARALLEL:LARCHE:GET_DATA@1
 3712     0.00       37.001        0.000        0.000              7        0.04        0.04    RECMWF_PARALLEL:PREPARE:GET_DATA@1
 3713     0.00       37.002        0.000        0.000              1        0.26        0.26    RRTM_KGB3@1
 3714     0.00       37.002        0.000        0.000            148        0.00        0.00    ACNTCLS@20
 3715     0.00       37.002        0.000        0.000             37        0.01        0.01    APL_ARPEGE_PRECIPITATION_PARALLEL:ACUPTQ:GET_DATA@1
 3716     0.00       37.002        0.000        0.000             30        0.01        0.02    APL_ARPEGE_RADIATION_PARALLEL:CALLRAD_F@1
 3717     0.00       37.002        0.000        0.000            185        0.00        0.00    MF_PHYS_PRECIPS@4
 3718     0.00       37.002        0.000        0.000            148        0.00        0.00    ACNTCLS@15
 3719     0.00       37.002        0.000        0.000            185        0.00        0.00    MF_PHYS_PRECIPS@5
 3720     0.00       37.002        0.000        0.000            185        0.00        0.00    GP_SPV@6
 3721     0.00       37.003        0.000        0.000             37        0.01        0.01    APL_ARPEGE_INIT_PARALLEL:0:COMPUTE@1
 3722     0.00       37.003        0.000        0.000            148        0.00        0.00    ACNTCLS@24
 3723     0.00       37.003        0.000        0.001              1        0.26        0.90    SUECAESD@1
 3724     0.00       37.003        0.000        0.001              1        0.26        0.84    SUECAESS@1
 3725     0.00       37.003        0.000        0.000            148        0.00        0.00    ACNTCLS@12
 3726     0.00       37.003        0.000        0.000            324        0.00        0.00    SCAN2M_TS_PARALLEL:0:GET_DATA@1
 3727     0.00       37.004        0.000        0.000              1        0.26        0.26    GFL_SUBS_MOD:PRINT_GFL@1
 3728     0.00       37.004        0.000        0.000            148        0.00        0.00    ACNTCLS@18
 3729     0.00       37.004        0.000        0.000             37        0.01        0.01    APL_ARPEGE_INIT_PARALLEL:3:GET_DATA@1
 3730     0.00       37.004        0.000        0.000            148        0.00        0.00    ACSOLW@31
 3731     0.00       37.004        0.000        0.000            148        0.00        0.00    MF_PHYS_PRECIPS@13
 3732     0.00       37.004        0.000        0.001             36        0.01        0.03    APL_ARPEGE_RADIATION_PARALLEL:SUNSHINE@1
 3733     0.00       37.004        0.000        0.000             37        0.01        0.01    LATTES_PARALLEL:0:GET_DATA@1
 3734     0.00       37.005        0.000        0.000             37        0.01        0.01    ACVPPKF_PARALLEL:PART3:GET_DATA@1
 3735     0.00       37.005        0.000        0.006             37        0.01        0.17    APL_ARPEGE_PARALLEL:ACVISIH@1
 3736     0.00       37.005        0.000        0.017             37        0.01        0.47    APL_ARPEGE_PARALLEL:ACDRME@1
 3737     0.00       37.005        0.000        0.006             36        0.01        0.16    SPCHORNEW@1
 3738     0.00       37.006        0.000        0.005             37        0.01        0.13    APL_ARPEGE_PARALLEL:ACEVADCAPE@1
 3739     0.00       37.006        0.000        0.000            148        0.00        0.00    ACEVADCAPE@18
 3740     0.00       37.006        0.000        0.000             37        0.01        0.01    LAVABO_PARALLEL:1:COMPUTE@1
 3741     0.00       37.006        0.000        0.001              1        0.25        0.87    SUECAESU@1
 3742     0.00       37.006        0.000        0.009             37        0.01        0.25    APL_ARPEGE_PARALLEL:ZDE2MR@1
 3743     0.00       37.007        0.000        0.012              1        0.25       12.49    SPECRT@1
 3744     0.00       37.007        0.000        0.013             37        0.01        0.34    APL_ARPEGE_PARALLEL:ACTQSAT@1
 3745     0.00       37.007        0.000        0.000              3        0.08        0.08    "lfiouv_alts_ext:read"@1:lfi_alts.c
 3746     0.00       37.007        0.000        0.291             37        0.01        7.85    TRANSINV_MDL@1
 3747     0.00       37.007        0.000        0.000            148        0.00        0.00    ACNTCLS@29
 3748     0.00       37.008        0.000        0.000              1        0.24        0.24    FIELD_DEFINITIONS:READ_DYNAMIC_NAMESPACE@1
 3749     0.00       37.008        0.000        0.000            148        0.00        0.00    ACNTCLS@14
 3750     0.00       37.008        0.000        0.000            148        0.00        0.00    MF_PHYS_PRECIPS@16
 3751     0.00       37.008        0.000        0.000            222        0.00        0.00    LAPINEB_PARALLEL:CVGQ:GET_DATA@1
 3752     0.00       37.008        0.000        0.000            148        0.00        0.00    ACEVADCAPE@17
 3753     0.00       37.008        0.000        0.000            148        0.00        0.00    ACNTCLS@28
 3754     0.00       37.008        0.000        0.000            148        0.00        0.00    MF_PHYS_PRECIPS@15
 3755     0.00       37.008        0.000        0.000            148        0.00        0.00    ACNTCLS@16
 3756     0.00       37.008        0.000        0.000            222        0.00        0.00    LARCINB_PARALLEL:LAITRE_GFL:NULLIFY@1
 3757     0.00       37.008        0.000        0.000            148        0.00        0.00    ACNTCLS@31
 3758     0.00       37.008        0.000        0.291             37        0.01        7.86    TRANSINVH@1
 3759     0.00       37.008        0.000        0.000            185        0.00        0.00    ACSOLW@1
 3760     0.00       37.008        0.000        0.000            148        0.00        0.00    ACNTCLS@23
 3761     0.00       37.008        0.000        0.000            148        0.00        0.00    MF_PHYS_PRECIPS@14
 3762     0.00       37.008        0.000        0.000            148        0.00        0.00    ACEVADCAPE@19
 3763     0.00       37.008        0.000        0.001             37        0.01        0.03    APL_ARPEGE_PARALLEL:BAYRAD@1
 3764     0.00       37.009        0.000        0.006             37        0.01        0.16    APL_ARPEGE_PARALLEL:ACSOL@1
 3765     0.00       37.009        0.000        0.000             37        0.01        0.01    MF_PHYS_PREP_PARALLEL:PREP:GET_DATA@1
 3766     0.00       37.009        0.000        0.000            148        0.00        0.00    ACEVADCAPE@20
 3767     0.00       37.009        0.000        0.003             37        0.01        0.08    APL_ARPEGE_RADIATION_PARALLEL:DIRECT@1
 3768     0.00       37.009        0.000        0.000            148        0.00        0.00    ACNTCLS@32
 3769     0.00       37.009        0.000        0.000            148        0.00        0.00    ACNTCLS@22
 3770     0.00       37.009        0.000        0.000            148        0.00        0.00    ACEVADCAPE@24
 3771     0.00       37.009        0.000        0.000            148        0.00        0.00    ACEVADCAPE@30
 3772     0.00       37.009        0.000        0.000            185        0.00        0.00    MF_PHYS_PRECIPS@11
 3773     0.00       37.009        0.000        0.000            594        0.00        0.00    SUCLDP:GAMMLN@1
 3774     0.00       37.009        0.000        0.000            148        0.00        0.00    ACEVADCAPE@29
 3775     0.00       37.009        0.000        0.000            148        0.00        0.00    ACEVADCAPE@27
 3776     0.00       37.009        0.000        0.000            148        0.00        0.00    ACEVADCAPE@25
 3777     0.00       37.009        0.000        0.000            148        0.00        0.00    ACEVADCAPE@28
 3778     0.00       37.009        0.000        0.000            148        0.00        0.00    ACNTCLS@30
 3779     0.00       37.009        0.000        0.000            148        0.00        0.00    ACEVADCAPE@22
 3780     0.00       37.009        0.000        0.000            148        0.00        0.00    ACEVADCAPE@21
 3781     0.00       37.009        0.000        0.000            148        0.00        0.00    ACEVADCAPE@23
 3782     0.00       37.009        0.000        0.000            148        0.00        0.00    ACNTCLS@26
 3783     0.00       37.010        0.000        0.000              1        0.23        0.36    SUVERT:SUVFE_ADJUST_AB@1
 3784     0.00       37.010        0.000        0.001             37        0.01        0.04    APL_ARPEGE_PARALLEL:PRECIPS@1
 3785     0.00       37.010        0.000        0.000             36        0.01        0.01    CPCFU_PARALLEL:2:GET_DATA@1
 3786     0.00       37.010        0.000        0.011             36        0.01        0.30    CPCFU_PARALLEL@1
 3787     0.00       37.010        0.000        0.000            148        0.00        0.00    ACEVADCAPE@31
 3788     0.00       37.011        0.000        0.001              1        0.22        0.95    SUXFU@1
 3789     0.00       37.011        0.000        0.000             37        0.01        0.01    APL_ARPEGE_PARALLEL:ACEVADCAPE:GET_DATA@1
 3790     0.00       37.011        0.000        0.000            148        0.00        0.00    ACEVADCAPE@32
 3791     0.00       37.011        0.000        0.000            148        0.00        0.00    ACEVADCAPE@26
 3792     0.00       37.011        0.000        0.000            148        0.00        0.00    ACNTCLS@27
 3793     0.00       37.011        0.000        0.001             37        0.01        0.02    APL_ARPEGE_PARALLEL:FRSOPT@1
 3794     0.00       37.011        0.000        0.000             12        0.02        0.02    SURFACE_FIELDS_MIX:FINALISE_SFLP3@1
 3795     0.00       37.011        0.000        0.000             37        0.01        0.01    LARCINB_PARALLEL:LAITRE_GMV:GET_DATA@1
 3796     0.00       37.012        0.000        0.000              1        0.22        0.22    RRTM_KGB5@1
 3797     0.00       37.012        0.000        0.130             37        0.01        3.52    APL_ARPEGE_ATMOSPHERE_UPDATE_PARALLEL@1
 3798     0.00       37.012        0.000        0.009              1        0.22        8.58    RDFA2GP@1
 3799     0.00       37.012        0.000        0.013              1        0.22       12.61    SUVERT@1
 3800     0.00       37.012        0.000        0.000            185        0.00        0.00    MF_PHYS_PRECIPS@6
 3801     0.00       37.013        0.000        0.003             37        0.01        0.09    APL_ARPEGE_PARALLEL:EDR@1
 3802     0.00       37.013        0.000        0.000            185        0.00        0.00    MF_PHYS_PRECIPS@10
 3803     0.00       37.013        0.000        0.002              1        0.22        2.31    YOMVAR:SETUP_VAR@1
 3804     0.00       37.013        0.000        0.014             37        0.01        0.37    APL_ARPEGE_PARALLEL:ACHMT@1
 3805     0.00       37.013        0.000        0.000            185        0.00        0.00    MF_PHYS_PRECIPS@7
 3806     0.00       37.013        0.000        0.002             37        0.01        0.06    APL_ARPEGE_PARALLEL:PPWETPOINT@1
 3807     0.00       37.013        0.000        0.194             97        0.00        2.00    FACILO_MT@1
 3808     0.00       37.014        0.000        0.000             48        0.00        0.00    MONIO_T@1
 3809     0.00       37.014        0.000        0.000            185        0.00        0.00    GP_SPV@3
 3810     0.00       37.014        0.000        0.000             37        0.01        0.01    APL_ARPEGE_INIT_PARALLEL:4:GET_DATA@1
 3811     0.00       37.014        0.000        0.000            185        0.00        0.00    GP_SPV@4
 3812     0.00       37.014        0.000        0.000            185        0.00        0.00    MF_PHYS_PRECIPS@8
 3813     0.00       37.014        0.000        0.000            148        0.00        0.00    MF_PHYS_PRECIPS@12
 3814     0.00       37.014        0.000        0.009             37        0.01        0.24    LAVABO_PARALLEL@1
 3815     0.00       37.014        0.000        0.021             37        0.01        0.56    CTVTOT_EXPL_PARALLEL@1
 3816     0.00       37.014        0.000        0.171             36        0.01        4.74    TRANSDIR_MDL@1
 3817     0.00       37.015        0.000        0.012             37        0.01        0.34    APL_ARPEGE_PARALLEL:ACDRAG@1
 3818     0.00       37.015        0.000        0.026              1        0.21       26.30    SUGEOMETRY@1
 3819     0.00       37.015        0.000        0.004              2        0.10        1.96    OPENFA@1
 3820     0.00       37.015        0.000        0.003              1        0.21        3.41    MF_PHYS_SAVE_PHSURF_PART1_PARALLEL:PART1@1
 3821     0.00       37.016        0.000        0.002             10        0.02        0.23    GPNORM1@1
 3822     0.00       37.016        0.000        0.000              1        0.21        0.21    RRTM_KGB4@1
 3823     0.00       37.016        0.000        0.005             37        0.01        0.13    LAVABO_EXPL_LAITVSPCQM_PART1_PARALLEL@1
 3824     0.00       37.016        0.000        0.000            511        0.00        0.00    FANUMU_MT@1
 3825     0.00       37.016        0.000        0.031             37        0.01        0.85    APL_ARPEGE_PARALLEL:ACCLPH@1
 3826     0.00       37.016        0.000        0.000            185        0.00        0.00    GP_SPV@2
 3827     0.00       37.017        0.000        0.016             37        0.01        0.44    APL_ARPEGE_DEEP_CONVECTION_PARALLEL:COPY@1
 3828     0.00       37.017        0.000        0.000            185        0.00        0.00    MF_PHYS_PRECIPS@9
 3829     0.00       37.017        0.000        0.015             37        0.01        0.40    CPXFU_PARALLEL@1
 3830     0.00       37.017        0.000        0.000             37        0.01        0.01    APL_ARPEGE_SURFACE_PARALLEL:ACDIFV1:GET_DATA@1
 3831     0.00       37.017        0.000        0.000             37        0.01        0.01    LATTEX_EXPL_VSPLTRANS_PARALLEL@1
 3832     0.00       37.017        0.000        0.002              1        0.20        1.59    SLCSET@1
 3833     0.00       37.017        0.000        0.000            185        0.00        0.00    GP_SPV@1
 3834     0.00       37.018        0.000        0.000             37        0.01        0.01    LARCINB_PARALLEL:NTLAG_3:GET_DATA@1
 3835     0.00       37.018        0.000        0.024             37        0.01        0.66    APL_ARPEGE_DEEP_CONVECTION_PARALLEL:INIT@1
 3836     0.00       37.018        0.000        0.000            185        0.00        0.00    MF_PHYS_PRECIPS@2
 3837     0.00       37.018        0.000        0.000             37        0.01        0.01    CPXFU_PARALLEL:0:GET_DATA@1
 3838     0.00       37.018        0.000        0.000             36        0.01        0.01    CPCFU_PARALLEL:3:GET_DATA@1
 3839     0.00       37.018        0.000        0.000            185        0.00        0.00    MF_PHYS_PRECIPS@3
 3840     0.00       37.018        0.000        0.000            185        0.00        0.00    MF_PHYS_PRECIPS@1
 3841     0.00       37.018        0.000        0.000             37        0.01        0.01    APL_ARPEGE_PARALLEL:QNGCOR:GET_DATA@1
 3842     0.00       37.019        0.000        0.000            148        0.00        0.00    GPRCP_EXPL_PARALLEL:0:GET_DATA@1
 3843     0.00       37.019        0.000        0.117            207        0.00        0.56    FASGRA_MT@1
 3844     0.00       37.019        0.000        0.001             37        0.01        0.02    APL_ARPEGE_INIT_PARALLEL:6@1
 3845     0.00       37.019        0.000        0.000              1        0.19        0.19    FINAL_STATS@1
 3846     0.00       37.019        0.000        0.125             37        0.01        3.37    LASSIE_PARALLEL@1
 3847     0.00       37.019        0.000        0.000             37        0.00        0.01    CPG_GP_HYD_PARALLEL:1:GET_DATA@1
 3848     0.00       37.020        0.000        0.000              1        0.18        0.18    SULAP@1
 3849     0.00       37.020        0.000        0.684             37        0.00       18.48    APL_ARPEGE_INIT_PARALLEL:3@1
 3850     0.00       37.020        0.000        0.000            240        0.00        0.00    GAMMA_INC@1
 3851     0.00       37.020        0.000        0.000              1        0.18        0.18    MF_PHYS_SAVE_PHSURF_PART2_PARALLEL:PART2:COMPUTE@1
 3852     0.00       37.020        0.000        0.092             37        0.00        2.48    APL_ARPEGE_PRECIPITATION_PARALLEL@1
 3853     0.00       37.021        0.000        0.000            333        0.00        0.00    CPUTQY0_PARALLEL:PVAR:NULLIFY@1
 3854     0.00       37.021        0.000        0.006              1        0.18        5.94    RADIATION_SETUP:SETUP_RADIATION_SCHEME_CPU@1
 3855     0.00       37.021        0.000        0.000            222        0.00        0.00    LAPINEB_PARALLEL:ZERO_GMV9:GET_DATA@1
 3856     0.00       37.021        0.000        0.084             37        0.00        2.27    APL_ARPEGE_ATMOSPHERE_UPDATE_PARALLEL:CPTEND_NEW@1
 3857     0.00       37.021        0.000        0.000             37        0.00        0.01    LAPINEB_PARALLEL:NVLAG3:GET_DATA@1
 3858     0.00       37.021        0.000        0.000              1        0.18        0.50    SUDYNA@1
 3859     0.00       37.022        0.000        0.000            222        0.00        0.00    GPINISLB_PART2_EXPL_PARALLEL:0:GET_DATA@1
 3860     0.00       37.022        0.000        0.000            185        0.00        0.00    ACCTND0_PARALLEL:PACC:GET_DATA@1
 3861     0.00       37.022        0.000        0.025             37        0.00        0.68    APL_ARPEGE_DPRECIPS_PARALLEL:0@1
 3862     0.00       37.022        0.000        0.000              2        0.09        0.09    READ_XKER_SWETH@1
 3863     0.00       37.022        0.000        0.000            324        0.00        0.00    SCAN2M_TS_PARALLEL:0:NULLIFY@1
 3864     0.00       37.022        0.000        0.951             37        0.00       25.71    CPG_DYN_SLG_PARALLEL@1
 3865     0.00       37.023        0.000        0.000             37        0.00        0.00    MF_PHYS_TRANSFER_PARALLEL:ALL:GET_DATA@1
 3866     0.00       37.023        0.000        0.000             37        0.00        0.00    CPG_GP_PARALLEL:GPINISLB_PART1_EXPL:GET_DATA@1
 3867     0.00       37.023        0.000        0.000              7        0.02        0.03    RECMWF_PARALLEL:1@1
 3868     0.00       37.023        0.000        0.017             37        0.00        0.45    APL_ARPEGE_DEEP_CONVECTION_PARALLEL:ZERO@1
 3869     0.00       37.023        0.000        0.000             37        0.00        0.00    APL_ARPEGE_PARALLEL:CPPHINP:GET_DATA@1
 3870     0.00       37.024        0.000        0.000              1        0.17        0.17    SRTM_KGB17@1
 3871     0.00       37.024        0.000        0.000              1        0.17        0.17    SRTM_KGB28@1
 3872     0.00       37.024        0.000        0.000            185        0.00        0.00   *LASURE@11
 3873     0.00       37.024        0.000        0.000            185        0.00        0.00   *MF_PHYS_BAYRAD@8
 3874     0.00       37.024        0.000        0.000            222        0.00        0.00    LARCINB_PARALLEL:RRINTOPT:NULLIFY@1
 3875     0.00       37.024        0.000        0.000            148        0.00        0.00    LASURE@25
 3876     0.00       37.024        0.000        0.000            185        0.00        0.00    MF_PHYS_BAYRAD@9
 3877     0.00       37.024        0.000        0.000            185        0.00        0.00    LASURE@10
 3878     0.00       37.024        0.000        0.000            148        0.00        0.00    LASURE@24
 3879     0.00       37.024        0.000        0.000            148        0.00        0.00    LASURE@17
 3880     0.00       37.024        0.000        0.000            185        0.00        0.00    MF_PHYS_BAYRAD@5
 3881     0.00       37.024        0.000        0.001            204        0.00        0.00    IOGRIDA_MOD:ACPY@1
 3882     0.00       37.024        0.000        0.000            185        0.00        0.00    LASURE@9
 3883     0.00       37.024        0.000        0.000              4        0.04        0.04   *GPRCP_PGFL@22
 3884     0.00       37.024        0.000        0.000            185        0.00        0.00    MF_PHYS_BAYRAD@10
 3885     0.00       37.025        0.000        0.000              1        0.16        0.33    SUCFU@1
 3886     0.00       37.025        0.000        1.474             37        0.00       39.83    ACVPPKF_PARALLEL:PART3@1
 3887     0.00       37.025        0.000        0.000            185        0.00        0.00    LASURE@6
 3888     0.00       37.025        0.000        0.000            185        0.00        0.00    MF_PHYS_BAYRAD@11
 3889     0.00       37.025        0.000        0.000             37        0.00        0.00    APL_ARPEGE_SOIL_HYDRO_PARALLEL:ACVEG:GET_DATA@1
 3890     0.00       37.025        0.000        0.000            185        0.00        0.00    LASURE@8
 3891     0.00       37.025        0.000        0.002              1        0.16        1.77    SUSC2B@1
 3892     0.00       37.025        0.000        0.000              1        0.16        0.16    SRTM_KGB21@1
 3893     0.00       37.025        0.000        0.142             37        0.00        3.84    MF_PHYS_INIT_PARALLEL@1
 3894     0.00       37.025        0.000        0.000            148        0.00        0.00    MF_PHYS_BAYRAD@25
 3895     0.00       37.026        0.000        0.002             37        0.00        0.06    APL_ARPEGE_HYDRO_BUDGET_PARALLEL:ACDROV@1
 3896     0.00       37.026        0.000        0.000            148        0.00        0.00    MF_PHYS_BAYRAD@17
 3897     0.00       37.026        0.000        0.003              1        0.16        2.90    RRTM_INIT_140GP_CPU@1
 3898     0.00       37.026        0.000        0.000            185        0.00        0.00    MF_PHYS_BAYRAD@7
 3899     0.00       37.026        0.000        0.000             37        0.00        0.00    APL_ARPEGE_PARALLEL:ACDRME:GET_DATA@1
 3900     0.00       37.026        0.000        0.000            380        0.00        0.00    GBYTES_MF@1
 3901     0.00       37.026        0.000        0.000            185        0.00        0.00    LASURE@5
 3902     0.00       37.026        0.000        0.003             37        0.00        0.07    APL_ARPEGE_HYDRO_BUDGET_PARALLEL@1
 3903     0.00       37.026        0.000        0.000            185        0.00        0.00    MF_PHYS_BAYRAD@6
 3904     0.00       37.026        0.000        0.000             37        0.00        0.00    APL_ARPEGE_PARALLEL:ACCLPH:GET_DATA@1
 3905     0.00       37.026        0.000        0.000            148        0.00        0.00    LASURE@23
 3906     0.00       37.026        0.000        0.000            185        0.00        0.00    LASURE@7
 3907     0.00       37.027        0.000        0.000              1        0.15        0.41    SUNDDH@1
 3908     0.00       37.027        0.000        0.000            148        0.00        0.00    MF_PHYS_BAYRAD@24
 3909     0.00       37.027        0.000        0.000            148        0.00        0.00    LASURE@12
 3910     0.00       37.027        0.000        0.000            394        0.00        0.00    GAMMA_X0D@1
 3911     0.00       37.027        0.000        0.000            185        0.00        0.00    MF_PHYS_BAYRAD@4
 3912     0.00       37.027        0.000        0.000             37        0.00        0.00    LARCINB_PARALLEL:NVLAG_3:GET_DATA@1
 3913     0.00       37.027        0.000        0.000            185        0.00        0.00    GPRCP_EXPL_PARALLEL:2:GET_DATA@1
 3914     0.00       37.027        0.000        0.000            148        0.00        0.00    LASURE@16
 3915     0.00       37.027        0.000        0.002             37        0.00        0.04    APL_ARPEGE_ALBEDO_COMPUTATION_PARALLEL:0@1
 3916     0.00       37.027        0.000        0.000              4        0.04        0.04    GPRCP_PGFL@24
 3917     0.00       37.027        0.000        0.000            148        0.00        0.00    LASURE@18
 3918     0.00       37.027        0.000        0.000            148        0.00        0.00    MF_PHYS_BAYRAD@26
 3919     0.00       37.027        0.000        0.001              1        0.15        0.64    YOMCST:SETUP_CONSTANTS@1
 3920     0.00       37.027        0.000        0.000              1        0.15        0.15    SCAN2M_OOPS:WIPE@1
 3921     0.00       37.027        0.000        0.000            185        0.00        0.00    MF_PHYS_BAYRAD@3
 3922     0.00       37.027        0.000        0.000            148        0.00        0.00    LASURE@28
 3923     0.00       37.028        0.000        0.011              1        0.15       11.24    SUGRIDA@1
 3924     0.00       37.028        0.000        0.000            148        0.00        0.00    LASURE@29
 3925     0.00       37.028        0.000        0.169             37        0.00        4.56    APL_ARPEGE_DEEP_CONVECTION_PARALLEL:CUCALLN_MF@1
 3926     0.00       37.028        0.000        0.000            148        0.00        0.00    LASURE@22
 3927     0.00       37.028        0.000        0.000            148        0.00        0.00    MF_PHYS_BAYRAD@20
 3928     0.00       37.028        0.000        0.000            148        0.00        0.00    LASURE@26
 3929     0.00       37.028        0.000        0.000              7        0.02        0.04    RECMWF_PARALLEL:ECRAD_POST@1
 3930     0.00       37.028        0.000        0.006             37        0.00        0.17    APL_ARPEGE_DEEP_CONVECTION_PARALLEL:ACUPTQ@1
 3931     0.00       37.028        0.000        0.000            148        0.00        0.00    MF_PHYS_BAYRAD@19
 3932     0.00       37.028        0.000        0.026             37        0.00        0.69    APL_ARPEGE_DPRECIPS_PARALLEL@1
 3933     0.00       37.028        0.000        0.000            148        0.00        0.00    MF_PHYS_BAYRAD@16
 3934     0.00       37.028        0.000        0.000            185        0.00        0.00    LASURE@4
 3935     0.00       37.028        0.000        0.000            148        0.00        0.00    LASURE@21
 3936     0.00       37.028        0.000        0.000            148        0.00        0.00    MF_PHYS_BAYRAD@12
 3937     0.00       37.028        0.000        0.000            148        0.00        0.00    LASURE@19
 3938     0.00       37.028        0.000        0.000            148        0.00        0.00    LASURE@13
 3939     0.00       37.028        0.000        0.000            185        0.00        0.00    LASURE@3
 3940     0.00       37.028        0.000        0.000            148        0.00        0.00    LASURE@27
 3941     0.00       37.028        0.000        0.000             37        0.00        0.00    APL_ARPEGE_DEEP_CONVECTION_PARALLEL:INIT:GET_DATA@1
 3942     0.00       37.028        0.000        0.000            148        0.00        0.00    MF_PHYS_BAYRAD@21
 3943     0.00       37.029        0.000        0.008             37        0.00        0.21    APL_ARPEGE_OCEANIC_FLUXES_PARALLEL@1
 3944     0.00       37.029        0.000        0.000            148        0.00        0.00    MF_PHYS_BAYRAD@22
 3945     0.00       37.029        0.000        0.000            148        0.00        0.00    MF_PHYS_BAYRAD@13
 3946     0.00       37.029        0.000        0.000            148        0.00        0.00    LASURE@20
 3947     0.00       37.029        0.000        0.591             36        0.00       16.42    SPCSI_TOT@1
 3948     0.00       37.029        0.000        0.000            148        0.00        0.00    GPRCP_EXPL_PARALLEL:4:GET_DATA@1
 3949     0.00       37.029        0.000        0.000            148        0.00        0.00    MF_PHYS_BAYRAD@28
 3950     0.00       37.029        0.000        0.000            148        0.00        0.00    MF_PHYS_BAYRAD@18
 3951     0.00       37.029        0.000        0.000            148        0.00        0.00    LASURE@31
 3952     0.00       37.029        0.000        0.000            148        0.00        0.00    MF_PHYS_BAYRAD@23
 3953     0.00       37.029        0.000        0.000             36        0.00        0.00    CPCFU_PARALLEL:0:GET_DATA@1
 3954     0.00       37.029        0.000        0.000             22        0.01        0.01    SURFACE_FIELDS_MIX:FINALISE_SFLP2@1
 3955     0.00       37.029        0.000        0.000            148        0.00        0.00    LASURE@32
 3956     0.00       37.029        0.000        0.000            148        0.00        0.00    MF_PHYS_BAYRAD@29
 3957     0.00       37.029        0.000        0.000             37        0.00        0.00    LAPINEA_PARALLEL:LARCINA:GET_DATA@1
 3958     0.00       37.029        0.000        0.000              4        0.03        0.04    GPRCP_PGFL@21
 3959     0.00       37.029        0.000        0.000            185        0.00        0.00    MF_PHYS_BAYRAD@2
 3960     0.00       37.029        0.000        0.222             37        0.00        5.99    LARMES_PARALLEL@1
 3961     0.00       37.029        0.000        0.000            148        0.00        0.00    LASURE@30
 3962     0.00       37.029        0.000        0.000             37        0.00        0.00    LAVABO_PARALLEL:0:GET_DATA@1
 3963     0.00       37.030        0.000        0.000            222        0.00        0.00    LAVABO_EXPL_LAITVSPCQM_PART1_PARALLEL:0:GET_DATA@1
 3964     0.00       37.030        0.000        0.000              1        0.14        0.14    SUGEM1A@1
 3965     0.00       37.030        0.000        0.000             37        0.00        0.00    LAPINEB_PARALLEL:LACONE:GET_DATA@1
 3966     0.00       37.030        0.000        0.000            222        0.00        0.00    LAPINEB_PARALLEL:ZERO_GMV9:NULLIFY@1
 3967     0.00       37.030        0.000        0.000              4        0.03        0.03    GPRCP_PGFL@23
 3968     0.00       37.030        0.000        0.000            222        0.00        0.00    LAPINEB_PARALLEL:CVGQ:NULLIFY@1
 3969     0.00       37.030        0.000        0.000              1        0.14        0.14    SUGEM2_YRCSGEOM@1
 3970     0.00       37.030        0.000        0.000            148        0.00        0.00    MF_PHYS_BAYRAD@30
 3971     0.00       37.030        0.000        0.005             37        0.00        0.13    GPTF1_YDVARS_PARALLEL@1
 3972     0.00       37.031        0.000        0.000             37        0.00        0.00    LAPINEB_PARALLEL:ROTUV:GET_DATA@1
 3973     0.00       37.031        0.000        0.013             37        0.00        0.36    LATTES_PARALLEL@1
 3974     0.00       37.031        0.000        0.000            148        0.00        0.00    LASURE@15
 3975     0.00       37.031        0.000        0.157              1        0.14      157.15    SU0YOMA@1
 3976     0.00       37.031        0.000        0.000            148        0.00        0.00    MF_PHYS_BAYRAD@27
 3977     0.00       37.031        0.000        0.000            185        0.00        0.00    MF_PHYS_BAYRAD@1
 3978     0.00       37.031        0.000        0.000            148        0.00        0.00    MF_PHYS_BAYRAD@32
 3979     0.00       37.031        0.000        0.000            148        0.00        0.00    MF_PHYS_BAYRAD@14
 3980     0.00       37.031        0.000        0.001              1        0.13        1.16    SUCLDP@1
 3981     0.00       37.031        0.000        0.004              1        0.13        4.35    radiation_interface_CPU:setup_radiation_CPU@1
 3982     0.00       37.031        0.000        0.000              1        0.13        0.13    RRTM_KGB7@1
 3983     0.00       37.031        0.000        0.000             37        0.00        0.00    CPXFU_PARALLEL:3:GET_DATA@1
 3984     0.00       37.031        0.000        0.000            148        0.00        0.00    MF_PHYS_BAYRAD@15
 3985     0.00       37.032        0.000        0.000             37        0.00        0.00    APL_ARPEGE_DEEP_CONVECTION_PARALLEL:COPY:GET_DATA@1
 3986     0.00       37.032        0.000        0.000            148        0.00        0.00    LASURE@14
 3987     0.00       37.032        0.000        0.001              1        0.13        0.59    SUNUD@1
 3988     0.00       37.032        0.000        0.000            185        0.00        0.00    LASURE@1
 3989     0.00       37.032        0.000        0.000             37        0.00        0.00    CPG_SL2_TYPE_SYNC_HOST@1
 3990     0.00       37.032        0.000        0.000             37        0.00        0.00    APL_ARPEGE_PARALLEL:ACTQSAT:GET_DATA@1
 3991     0.00       37.032        0.000        0.000             37        0.00        0.00    APL_ARPEGE_DEEP_CONVECTION_PARALLEL:ACUPTQ:GET_DATA@1
 3992     0.00       37.032        0.000        0.000              1        0.13        0.13    SURCORDI@1
 3993     0.00       37.032        0.000        0.022             37        0.00        0.60    MF_PHYS_PREP_PARALLEL@1
 3994     0.00       37.032        0.000        0.000            185        0.00        0.00   *GPUVS@10
 3995     0.00       37.033        0.000        0.055             37        0.00        1.48    APL_ARPEGE_CLOUDINESS_PARALLEL@1
 3996     0.00       37.033        0.000        0.000            222        0.00        0.00    LATTEX_EXPL_2TL_PARALLEL:3:NULLIFY@1
 3997     0.00       37.033        0.000        0.000            148        0.00        0.00    MF_PHYS_BAYRAD@31
 3998     0.00       37.033        0.000        0.000            185        0.00        0.00    GPUVS@8
 3999     0.00       37.033        0.000        0.000              2        0.06        0.06    READ_XKER_SDRYG@1
 4000     0.00       37.033        0.000        0.000            148        0.00        0.00    GPINISLB_PART2_EXPL_PARALLEL:1:GET_DATA@1
 4001     0.00       37.033        0.000        0.000            185        0.00        0.00    GPUVS@9
 4002     0.00       37.033        0.000        0.000            185        0.00        0.00    LASURE@2
 4003     0.00       37.033        0.000        0.000            148        0.00        0.00    GPUVS@22
 4004     0.00       37.033        0.000        0.000            185        0.00        0.00   *CUCCDIA@6
 4005     0.00       37.033        0.000        0.000             37        0.00        0.00    APL_ARPEGE_DPRECIPS_PARALLEL:0:GET_DATA@1
 4006     0.00       37.033        0.000        0.000            222        0.00        0.00    GPINISLB_PART2_EXPL_PARALLEL:0:NULLIFY@1
 4007     0.00       37.033        0.000        0.000            148        0.00        0.00    GPRCP_EXPL_PARALLEL:0:NULLIFY@1
 4008     0.00       37.034        0.000        0.025              2        0.06       12.64    FACGRM_MT@1
 4009     0.00       37.034        0.000        0.000            148        0.00        0.00    CUCCDIA@21
 4010     0.00       37.034        0.000        0.000            185        0.00        0.00   *LATRAJOUT@6
 4011     0.00       37.034        0.000        0.000             37        0.00        0.00    APL_ARPEGE_PARALLEL:DIFTQ:GET_DATA@1
 4012     0.00       37.034        0.000        0.000              4        0.03        0.03    GPRCP_PGFL@27
 4013     0.00       37.034        0.000        0.000            222        0.00        0.00    LAVABO_EXPL_LAITVSPCQM_PART1_PARALLEL:0:NULLIFY@1
 4014     0.00       37.034        0.000        0.000            148        0.00        0.00    GPUVS@31
 4015     0.00       37.034        0.000        0.000            101        0.00        0.00    FANFAN_MT@1
 4016     0.00       37.034        0.000        0.000            148        0.00        0.00    CUCCDIA@17
 4017     0.00       37.034        0.000        0.008             37        0.00        0.22    APL_WIND_GUST_PARALLEL@1
 4018     0.00       37.034        0.000        0.000            185        0.00        0.00    CUCCDIA@5
 4019     0.00       37.034        0.000        0.000            148        0.00        0.00    GPUVS@18
 4020     0.00       37.034        0.000        0.000            148        0.00        0.00    GPUVS@19
 4021     0.00       37.034        0.000        0.000             37        0.00        0.00    LARCINB_PARALLEL:LCOMAD_SP:GET_DATA@1
 4022     0.00       37.034        0.000        0.000            148        0.00        0.00    GPUVS@17
 4023     0.00       37.034        0.000        0.000            148        0.00        0.00    GPUVS@26
 4024     0.00       37.034        0.000        0.000            185        0.00        0.00    GPUVS@7
 4025     0.00       37.034        0.000        0.003             37        0.00        0.09    MF_PHYS_FPL_PART2_PARALLEL@1
 4026     0.00       37.034        0.000        0.000            148        0.00        0.00    GPUVS@29
 4027     0.00       37.034        0.000        0.000            185        0.00        0.00    GPUVS@11
 4028     0.00       37.034        0.000        0.000            185        0.00        0.00    LATRAJOUT@1
 4029     0.00       37.035        0.000        0.000             37        0.00        0.00    APL_ARPEGE_ALBEDO_COMPUTATION_PARALLEL:0:GET_DATA@1
 4030     0.00       37.035        0.000        0.000            148        0.00        0.00    GPUVS@30
 4031     0.00       37.035        0.000        0.001              1        0.12        0.65    SUPHY3@1
 4032     0.00       37.035        0.000        0.003             37        0.00        0.07    CPG_END_SFC_PARALLEL@1
 4033     0.00       37.035        0.000        0.000            148        0.00        0.00    GPUVS@20
 4034     0.00       37.035        0.000        0.000            148        0.00        0.00    CUCCDIA@28
 4035     0.00       37.035        0.000        0.000            148        0.00        0.00    CUCCDIA@22
 4036     0.00       37.035        0.000        0.001              1        0.12        1.23    SUPHY1@1
 4037     0.00       37.035        0.000        0.119              7        0.02       16.95    RECMWF_PARALLEL:FINISH@1
 4038     0.00       37.035        0.000        0.000            185        0.00        0.00    CUCCDIA@3
 4039     0.00       37.035        0.000        0.000            144        0.00        0.00    EXCHANGE_MS:ADD3DF@1
 4040     0.00       37.035        0.000        0.000            185        0.00        0.00    CUCCDIA@11
 4041     0.00       37.035        0.000        0.000            185        0.00        0.00    CUCCDIA@1
 4042     0.00       37.035        0.000        0.000              7        0.02        0.02    RECMWF_PARALLEL:FINISH:GET_DATA@1
 4043     0.00       37.035        0.000        0.000            148        0.00        0.00    GPUVS@21
 4044     0.00       37.035        0.000        0.000              5        0.02        0.02    GPRCP_PGFL@10
 4045     0.00       37.035        0.000        0.000            148        0.00        0.00    GPUVS@24
 4046     0.00       37.035        0.000        0.000            185        0.00        0.00    CUCCDIA@7
 4047     0.00       37.035        0.000        0.010             37        0.00        0.26    APL_ARPEGE_SURFACE_UPDATE_PARALLEL@1
 4048     0.00       37.035        0.000        0.000            148        0.00        0.00    GPUVS@25
 4049     0.00       37.036        0.000        0.036             37        0.00        0.97    LAVENT_PARALLEL@1
 4050     0.00       37.036        0.000        0.000            148        0.00        0.00    CUCCDIA@29
 4051     0.00       37.036        0.000        0.000            148        0.00        0.00    CUCCDIA@20
 4052     0.00       37.036        0.000        0.000             37        0.00        0.00    APL_ARPEGE_PARALLEL:FRSOPT:GET_DATA@1
 4053     0.00       37.036        0.000        0.000              1        0.12        0.12    RRTM_CMBGB3_CPU@1
 4054     0.00       37.036        0.000        0.000            242        0.00        0.00    IOMULTIBUF_MOD:IOMULTIBUF_INCR_IDX@1
 4055     0.00       37.036        0.000        0.000            185        0.00        0.00    CUCCDIA@8
 4056     0.00       37.036        0.000        0.000            148        0.00        0.00    GPUVS@27
 4057     0.00       37.036        0.000        0.000            185        0.00        0.00    GPUVS@5
 4058     0.00       37.036        0.000        0.000            185        0.00        0.00    CUCCDIA@2
 4059     0.00       37.036        0.000        0.008             37        0.00        0.21    MF_PHYS_FPL_PART1_PARALLEL@1
 4060     0.00       37.036        0.000        0.000            185        0.00        0.00    CUCCDIA@9
 4061     0.00       37.036        0.000        0.002             37        0.00        0.05    APL_ARPEGE_ALBEDO_COMPUTATION_PARALLEL@1
 4062     0.00       37.036        0.000        0.000            185        0.00        0.00    GPUVS@6
 4063     0.00       37.036        0.000        0.002              1        0.11        2.21    SRTM_INIT_CPU@1
 4064     0.00       37.036        0.000        0.000            185        0.00        0.00    CUCCDIA@10
 4065     0.00       37.036        0.000        0.000            148        0.00        0.00    CUCCDIA@18
 4066     0.00       37.036        0.000        0.000            148        0.00        0.00    CUCCDIA@32
 4067     0.00       37.036        0.000        0.000            185        0.00        0.00    CUCCDIA@4
 4068     0.00       37.036        0.000        0.000            285        0.00        0.00    TYPE_FADS:YSUFAD@1
 4069     0.00       37.036        0.000        0.000            148        0.00        0.00    GPUVS@28
 4070     0.00       37.036        0.000        0.000            148        0.00        0.00    CUCCDIA@25
 4071     0.00       37.036        0.000        0.000            148        0.00        0.00    GPUVS@23
 4072     0.00       37.036        0.000        0.000            148        0.00        0.00    CUCCDIA@14
 4073     0.00       37.036        0.000        0.000            148        0.00        0.00    CUCCDIA@31
 4074     0.00       37.036        0.000        0.000            148        0.00        0.00    CUCCDIA@23
 4075     0.00       37.036        0.000        0.002             37        0.00        0.04    MF_PHYS_TRANSFER_PARALLEL@1
 4076     0.00       37.036        0.000        0.000            148        0.00        0.00    CUCCDIA@24
 4077     0.00       37.036        0.000        0.000            148        0.00        0.00    CUCCDIA@19
 4078     0.00       37.036        0.000        0.000            185        0.00        0.00    GPUVS@1
 4079     0.00       37.036        0.000        0.000            148        0.00        0.00    CUCCDIA@30
 4080     0.00       37.037        0.000        0.000             37        0.00        0.00    APL_ARPEGE_INIT_PARALLEL:1:GET_DATA@1
 4081     0.00       37.037        0.000        0.000            148        0.00        0.00    GPUVS@32
 4082     0.00       37.037        0.000        0.000            185        0.00        0.00    GPUVS@2
 4083     0.00       37.037        0.000        0.000              5        0.02        0.02    GPRCP_PGFL@5
 4084     0.00       37.037        0.000        0.000            148        0.00        0.00    GPUVS@15
 4085     0.00       37.037        0.000        0.000            148        0.00        0.00    CUCCDIA@26
 4086     0.00       37.037        0.000        0.000              4        0.03        0.03    GPRCP_PGFL@13
 4087     0.00       37.037        0.000        0.000            267        0.00        0.00    "lfinfo_alts"@1:lfi_alts.c
 4088     0.00       37.037        0.000        0.000            148        0.00        0.00    GPUVS@16
 4089     0.00       37.037        0.000        0.000            148        0.00        0.00    LATRAJOUT@17
 4090     0.00       37.037        0.000        0.000            185        0.00        0.00    GPUVS@4
 4091     0.00       37.037        0.000        0.005             37        0.00        0.13    APL_ARPEGE_SOIL_HYDRO_PARALLEL@1
 4092     0.00       37.037        0.000        0.000             37        0.00        0.00    APL_ARPEGE_OCEANIC_FLUXES_PARALLEL:ACFLUSO:GET_DATA@1
 4093     0.00       37.037        0.000        0.000            148        0.00        0.00    CUCCDIA@13
 4094     0.00       37.037        0.000        0.004             37        0.00        0.12    MF_PHYS_MOCON_PARALLEL@1
 4095     0.00       37.037        0.000        0.000            148        0.00        0.00    GPRCP_EXPL_PARALLEL:4:NULLIFY@1
 4096     0.00       37.037        0.000        0.000              1        0.11        0.11    RRTM_KGB13@1
 4097     0.00       37.037        0.000        0.000            148        0.00        0.00    CUCCDIA@27
 4098     0.00       37.037        0.000        0.000            148        0.00        0.00    LATRAJOUT@26
 4099     0.00       37.037        0.000        0.000             37        0.00        0.00    APL_ARPEGE_ATMOSPHERE_UPDATE_PARALLEL:CPTEND_NEW:NULLIFY@1
 4100     0.00       37.037        0.000        0.000            148        0.00        0.00    CUCCDIA@12
 4101     0.00       37.037        0.000        0.000             37        0.00        0.00    APL_WIND_GUST_PARALLEL:ACCLDIA:GET_DATA@1
 4102     0.00       37.037        0.000        0.000            148        0.00        0.00    GPUVS@13
 4103     0.00       37.037        0.000        0.000              4        0.03        0.03    GPRCP_PGFL@14
 4104     0.00       37.038        0.000        0.000             37        0.00        0.00    APL_ARPEGE_PARALLEL:ACVISIH:GET_DATA@1
 4105     0.00       37.038        0.000        0.000              1        0.11        0.11    RRTM_KGB9@1
 4106     0.00       37.038        0.000        0.001              1        0.11        0.56    SUMCUF@1
 4107     0.00       37.038        0.000        0.000              1        0.11        0.11    RRTM_CMBGB5_CPU@1
 4108     0.00       37.038        0.000        0.000             37        0.00        0.00    CPG_GP_HYD_PARALLEL:1:NULLIFY@1
 4109     0.00       37.038        0.000        0.000              3        0.03        0.04    GRIB_API:IGRIB_RELEASE@1
 4110     0.00       37.038        0.000        0.000            148        0.00        0.00    CUCCDIA@15
 4111     0.00       37.038        0.000        0.000            148        0.00        0.00    CUCCDIA@16
 4112     0.00       37.038        0.000        0.000            185        0.00        0.00    LATRAJOUT@10
 4113     0.00       37.038        0.000        0.000             37        0.00        0.00    CPG_GP_PARALLEL:GPINISLB_PART3_EXPL:GET_DATA@1
 4114     0.00       37.038        0.000        0.000            185        0.00        0.00    ACCTND0_PARALLEL:PACC:NULLIFY@1
 4115     0.00       37.038        0.000        0.000            185        0.00        0.00    LATRAJOUT@9
 4116     0.00       37.038        0.000        0.000            185        0.00        0.00    GPUVS@3
 4117     0.00       37.038        0.000        0.000            148        0.00        0.00    LATRAJOUT@27
 4118     0.00       37.038        0.000        0.000            148        0.00        0.00    LATRAJOUT@25
 4119     0.00       37.038        0.000        0.000            185        0.00        0.00    LATRAJOUT@5
 4120     0.00       37.038        0.000        0.000            148        0.00        0.00    GPUVS@12
 4121     0.00       37.038        0.000        0.000            148        0.00        0.00    GPUVS@14
 4122     0.00       37.038        0.000        0.000              5        0.02        0.02    GPRCP_PGFL@11
 4123     0.00       37.038        0.000        0.000            185        0.00        0.00    LATRAJOUT@7
 4124     0.00       37.038        0.000        0.000              5        0.02        0.02    GPRCP_PGFL@4
 4125     0.00       37.038        0.000        0.000              5        0.02        0.02    GPRCP_PGFL@3
 4126     0.00       37.038        0.000        0.024             37        0.00        0.66    CPG_PARALLEL:ZEROSL1:COMPUTE@1
 4127     0.00       37.038        0.000        0.000             74        0.00        0.00    LAPINEB_PARALLEL:ROTUVGEO:NULLIFY@1
 4128     0.00       37.038        0.000        0.000            148        0.00        0.00    LATRAJOUT@12
 4129     0.00       37.038        0.000        0.000            185        0.00        0.00    LATRAJOUT@2
 4130     0.00       37.039        0.000        0.000              1        0.10        0.10    ELMHES@1
 4131     0.00       37.039        0.000        0.000            148        0.00        0.00    LATRAJOUT@24
 4132     0.00       37.039        0.000        0.007             37        0.00        0.20    APL_ARPEGE_AEROSOLS_FOR_RADIATION_PARALLEL@1
 4133     0.00       37.039        0.000        0.000            148        0.00        0.00    LATRAJOUT@15
 4134     0.00       37.039        0.000        0.000            148        0.00        0.00    LATRAJOUT@21
 4135     0.00       37.039        0.000        0.000              5        0.02        0.02    GPRCP_PGFL@9
 4136     0.00       37.039        0.000        0.000             37        0.00        0.00    APL_ARPEGE_DEEP_CONVECTION_PARALLEL:ZERO:GET_DATA@1
 4137     0.00       37.039        0.000        0.000              4        0.02        0.03    GPRCP_PGFL@30
 4138     0.00       37.039        0.000        0.000            185        0.00        0.00    LATRAJOUT@8
 4139     0.00       37.039        0.000        0.000            148        0.00        0.00    LATRAJOUT@29
 4140     0.00       37.039        0.000        0.000            185        0.00        0.00    GPRCP_EXPL_PARALLEL:2:NULLIFY@1
 4141     0.00       37.039        0.000        0.000            148        0.00        0.00    LATRAJOUT@19
 4142     0.00       37.039        0.000        0.000              1        0.10        0.10    FAICOR_MT@1
 4143     0.00       37.039        0.000        0.000              1        0.10        0.10    RRTM_KGB16@1
 4144     0.00       37.039        0.000        0.000            148        0.00        0.00    LATRAJOUT@16
 4145     0.00       37.039        0.000        0.000            185        0.00        0.00    LATRAJOUT@11
 4146     0.00       37.039        0.000        0.000            148        0.00        0.00    LATRAJOUT@18
 4147     0.00       37.039        0.000        0.000             37        0.00        0.00    CPG_DIA_FLU_PARALLEL:0:GET_DATA@1
 4148     0.00       37.039        0.000        0.000            148        0.00        0.00    LATRAJOUT@31
 4149     0.00       37.039        0.000        0.000            148        0.00        0.00    LATRAJOUT@32
 4150     0.00       37.039        0.000        0.016              1        0.10       16.28    SUGRIDF@1
 4151     0.00       37.039        0.000        0.000            148        0.00        0.00    LATRAJOUT@23
 4152     0.00       37.039        0.000        0.000            246        0.00        0.00    "lfierf_alts"@1:lfi_alts.c
 4153     0.00       37.039        0.000        0.000            148        0.00        0.00    LATRAJOUT@28
 4154     0.00       37.039        0.000        0.171             36        0.00        4.74    TRANSDIRH@1
 4155     0.00       37.040        0.000        0.000              1        0.10        0.10    radiation_config:read_config_from_namelist_CPU@1
 4156     0.00       37.040        0.000        0.000             37        0.00        0.00    CPG_GP_PARALLEL:MAP_FACTOR:GET_DATA@1
 4157     0.00       37.040        0.000        0.000            185        0.00        0.00    LATRAJOUT@3
 4158     0.00       37.040        0.000        0.000              1        0.09        0.09    SRTM_CMBGB17_CPU@1
 4159     0.00       37.040        0.000        0.000            148        0.00        0.00    LATRAJOUT@30
 4160     0.00       37.040        0.000        0.000             39        0.00        0.00    SUECOZO@1
 4161     0.00       37.040        0.000        0.000            185        0.00        0.00    LATRAJOUT@4
 4162     0.00       37.040        0.000        0.000            148        0.00        0.00    LATRAJOUT@22
 4163     0.00       37.040        0.000        0.000             37        0.00        0.00    ACVPPKF_PARALLEL:PART3:NULLIFY@1
 4164     0.00       37.040        0.000        0.000              1        0.09        0.09    GSTATS_LABEL_IFS@1
 4165     0.00       37.040        0.000        0.000              5        0.02        0.02    GPRCP_PGFL@7
 4166     0.00       37.040        0.000        0.000              2        0.05        0.05    READ_XKER_GWETH@1
 4167     0.00       37.040        0.000        0.000             37        0.00        0.00    APL_ARPEGE_RADIATION_PARALLEL:ACDAYD:GET_DATA@1
 4168     0.00       37.040        0.000        0.000            148        0.00        0.00    LATRAJOUT@20
 4169     0.00       37.040        0.000        0.000            223        0.00        0.00    FANUCA_MT@1
 4170     0.00       37.040        0.000        0.236              1        0.09      235.62    SUINIF@1
 4171     0.00       37.040        0.000        0.000              5        0.02        0.02    GPRCP_PGFL@1
 4172     0.00       37.040        0.000        0.000              1        0.09        0.09    RRTM_CMBGB4_CPU@1
 4173     0.00       37.041        0.000        0.000              2        0.04        0.04    READ_XKER_RDRYG@1
 4174     0.00       37.041        0.000        0.000              1        0.09        0.09    SRTM_CMBGB21_CPU@1
 4175     0.00       37.041        0.000        0.000             37        0.00        0.00    CPG_DIA_FLU_PARALLEL:2:GET_DATA@1
 4176     0.00       37.041        0.000        0.000             37        0.00        0.00    CPG_PARALLEL:ISETTLOFF:GET_DATA@1
 4177     0.00       37.041        0.000        0.000             38        0.00        0.00    SCAN2M_ALLOCATE_T1@1
 4178     0.00       37.041        0.000        0.000             37        0.00        0.00    MF_PHYS_MOCON_PARALLEL:PPWETPOINT:GET_DATA@1
 4179     0.00       37.041        0.000        0.000             37        0.00        0.00    CPG_DIA_FLU_PARALLEL:1:GET_DATA@1
 4180     0.00       37.041        0.000        0.000              1        0.09        0.09    SRTM_KGB24@1
 4181     0.00       37.041        0.000        0.000             37        0.00        0.00    CPUTQY_APLPAR_EXPL_PARALLEL:ZDEC:GET_DATA@1
 4182     0.00       37.041        0.000        0.000              4        0.02        0.02    GPRCP_PGFL@16
 4183     0.00       37.041        0.000        0.000             36        0.00        0.00    CPCFU_PARALLEL:5:GET_DATA@1
 4184     0.00       37.041        0.000        0.000              1        0.08        0.08    RRTM_KGB15@1
 4185     0.00       37.041        0.000        0.000            148        0.00        0.00    GPINISLB_PART2_EXPL_PARALLEL:1:NULLIFY@1
 4186     0.00       37.042        0.000        0.000              2        0.04        0.04    READ_XKER_RWETH@1
 4187     0.00       37.042        0.000        0.000              1        0.08        0.08    SURFACE_FIELDS_MIX:ALLO_SURF@1
 4188     0.00       37.042        0.000        0.000             37        0.00        0.00    APL_ARPEGE_RADIATION_PARALLEL:LMSE_F:GET_DATA@1
 4189     0.00       37.042        0.000        0.000            148        0.00        0.00    LATRAJOUT@13
 4190     0.00       37.042        0.000        0.000            148        0.00        0.00    LATRAJOUT@14
 4191     0.00       37.042        0.000        0.000              1        0.08        0.08    SRTM_KGB22@1
 4192     0.00       37.042        0.000        0.000             10        0.01        0.01    GFL_SUBS_MOD:DEFINE_GFL_COMP@1
 4193     0.00       37.042        0.000        0.001              2        0.04        0.33    IOGRIDA_MOD:IOGRIDA_SELECT_WH@1
 4194     0.00       37.042        0.000        0.000              1        0.08        0.08    SRTM_KGB19@1
 4195     0.00       37.042        0.000        0.000            144        0.00        0.00    MYSENDSET@1
 4196     0.00       37.042        0.000        0.000             22        0.00        0.00    SURFACE_FIELDS_MIX:INI_SFLP2@1
 4197     0.00       37.042        0.000        0.000            202        0.00        0.00    SUCLDP:BETACF@1
 4198     0.00       37.042        0.000        0.000             37        0.00        0.00    LAVABO_PARALLEL:2:GET_DATA@1
 4199     0.00       37.042        0.000        0.000              4        0.02        0.02    GPRCP_PGFL@25
 4200     0.00       37.042        0.000        0.000             37        0.00        0.00    APL_ARPEGE_SURFACE_UPDATE_PARALLEL:LMSE_F:NULLIFY@1
 4201     0.00       37.043        0.000        0.000             37        0.00        0.00    APL_ARPEGE_PARALLEL:BAYRAD:GET_DATA@1
 4202     0.00       37.043        0.000        0.000              5        0.02        0.02    GPRCP_PGFL@2
 4203     0.00       37.043        0.000        0.000              1        0.08        0.08    SRTM_KGB18@1
 4204     0.00       37.043        0.000        0.000             37        0.00        0.00    CPG_END_MAP_PARALLEL@1
 4205     0.00       37.043        0.000        0.000              1        0.08        0.08    SCAN2M_OOPS:COPY@1
 4206     0.00       37.043        0.000        0.000             30        0.00        0.00    APL_ARPEGE_RADIATION_PARALLEL:CALLRAD_F:COMPUTE@1
 4207     0.00       37.043        0.000        0.000             37        0.00        0.00    CPGLAG_PARALLEL:0:GET_DATA@1
 4208     0.00       37.043        0.000        0.000             37        0.00        0.00    APL_ARPEGE_PARALLEL:PRECIPS:GET_DATA@1
 4209     0.00       37.043        0.000        0.006             37        0.00        0.15    CPG_PARALLEL:ZEROPB2:COMPUTE@1
 4210     0.00       37.043        0.000        0.000             37        0.00        0.00    CPG_GP_PARALLEL:GP_SPV:GET_DATA@1
 4211     0.00       37.043        0.000        0.000             37        0.00        0.00    LASSIE_PARALLEL:SITNU:GET_DATA@1
 4212     0.00       37.043        0.000        3.416              1        0.08     3415.57    SCAN2M_OOPS@1
 4213     0.00       37.043        0.000        0.001              1        0.07        0.59    SUTRANS0@1
 4214     0.00       37.043        0.000        0.000             37        0.00        0.01    TXFU_TYPE_RESET@1
 4215     0.00       37.044        0.000        0.000             37        0.00        0.00    CPG_GP_PARALLEL:GPTF2_EXPL_2TL:GET_DATA@1
 4216     0.00       37.044        0.000        0.000            144        0.00        0.00    MYRECVSET@1
 4217     0.00       37.044        0.000        0.001              1        0.07        0.58    SATS_MIX:SUSATS@1
 4218     0.00       37.044        0.000        0.000             37        0.00        0.00    CPG_PARALLEL:LSMTSOL:GET_DATA@1
 4219     0.00       37.044        0.000        0.000             37        0.00        0.00    LATTEX_PARALLEL:MAIN:NULLIFY@1
 4220     0.00       37.044        0.000        0.120             37        0.00        3.23    CPG_PARALLEL:SHUFFLESL1:COMPUTE@1
 4221     0.00       37.044        0.000        0.000              5        0.01        0.02    GPRCP_PGFL@8
 4222     0.00       37.044        0.000        0.000             37        0.00        0.00    APL_ARPEGE_PARALLEL:ZDE2MR:GET_DATA@1
 4223     0.00       37.044        0.000        0.000             37        0.00        0.00    APL_ARPEGE_INIT_PARALLEL:3:NULLIFY@1
 4224     0.00       37.044        0.000        0.000             37        0.00        0.00    APL_ARPEGE_DEEP_CONVECTION_PARALLEL:CUCALLN_MF:NULLIFY@1
 4225     0.00       37.044        0.000        0.000             37        0.00        0.00    APL_ARPEGE_PARALLEL:ZRDG_LCVQ:GET_DATA@1
 4226     0.00       37.044        0.000        0.000             37        0.00        0.00    APL_ARPEGE_PARALLEL:PPWETPOINT:GET_DATA@1
 4227     0.00       37.044        0.000        0.000             37        0.00        0.00    ACVPPKF_PARALLEL:PART0:NULLIFY@1
 4228     0.00       37.044        0.000        0.000              5        0.01        0.01    FIELD_CONTAINER_GP_MOD:FIELD_DESTROY@1
 4229     0.00       37.044        0.000        0.000              2        0.03        0.04    TXFU_TYPE_INIT@1
 4230     0.00       37.045        0.000        0.000             37        0.00        0.00    CPXFU_PARALLEL:4:GET_DATA@1
 4231     0.00       37.045        0.000        0.049              1        0.07       49.06    SUPHEC@1
 4232     0.00       37.045        0.000        0.000              4        0.02        0.02    GPRCP_PGFL@32
 4233     0.00       37.045        0.000        0.000             37        0.00        0.00    MF_PHYS_FPL_PART2_PARALLEL:PART2:GET_DATA@1
 4234     0.00       37.045        0.000        0.010              6        0.01        1.72    MINV_8@1
 4235     0.00       37.045        0.000        0.000             37        0.00        0.00    LARCINB_PARALLEL:LRHS_CURV_F:NULLIFY@1
 4236     0.00       37.045        0.000        0.000             37        0.00        0.00    APL_ARPEGE_PARALLEL:ZBAY_QRCONV:GET_DATA@1
 4237     0.00       37.045        0.000        0.000             37        0.00        0.00    APL_ARPEGE_PRECIPITATION_PARALLEL:ACUPTQ:NULLIFY@1
 4238     0.00       37.045        0.000        0.000             37        0.00        0.00    APL_ARPEGE_HYDRO_BUDGET_PARALLEL:ACDROV:NULLIFY@1
 4239     0.00       37.045        0.000        0.000              1        0.06        0.06    RRTM_KGB12@1
 4240     0.00       37.045        0.000        0.000             57        0.00        0.00    TRGTOL_BAR@1
 4241     0.00       37.045        0.000        0.000              1        0.06        0.06    SRTM_CMBGB28_CPU@1
 4242     0.00       37.045        0.000        0.000             37        0.00        0.00    CPUTQY_APLPAR_EXPL_PARALLEL:ZTDCP:GET_DATA@1
 4243     0.00       37.045        0.000        0.000              4        0.02        0.02    GPRCP_PGFL@29
 4244     0.00       37.045        0.000        0.001              5        0.01        0.14    GPNORM2@1
 4245     0.00       37.045        0.000        0.000              1        0.06        0.44    SUGEM_NAML@1
 4246     0.00       37.045        0.000        0.000             37        0.00        0.00    LAPINEB_PARALLEL:L_RDRY_VD:GET_DATA@1
 4247     0.00       37.045        0.000        0.000              1        0.06        0.34    SITNU_SP_OPENMP@1
 4248     0.00       37.046        0.000        0.000             37        0.00        0.00    APL_ARPEGE_INIT_PARALLEL:4:NULLIFY@1
 4249     0.00       37.046        0.000        0.000              1        0.06        0.06    SUCTRL_GFLATTR@1
 4250     0.00       37.046        0.000        0.000              1        0.06        0.06    SUMPINI_PRT@1
 4251     0.00       37.046        0.000        0.000              1        0.06        0.06    RRTM_KGB8@1
 4252     0.00       37.046        0.000        0.000             37        0.00        0.00    APL_ARPEGE_PARALLEL:EDR:GET_DATA@1
 4253     0.00       37.046        0.000        0.000              8        0.01        0.01    UPDECOZC@1
 4254     0.00       37.046        0.000        0.000             37        0.00        0.00    APL_ARPEGE_SURFACE_PARALLEL:LMSE_F:NULLIFY@1
 4255     0.00       37.046        0.000        0.000              7        0.01        0.01    RECMWF_PARALLEL:ECRAD_POST:COMPUTE@1
 4256     0.00       37.046        0.000        0.000             72        0.00        0.00    EXCHANGE_MS:ADD2DF@1
 4257     0.00       37.046        0.000        0.000              4        0.01        0.01    GPRCP_PGFL@19
 4258     0.00       37.046        0.000        0.236             37        0.00        6.37    APL_ARPEGE_INIT_PARALLEL:PART6@1
 4259     0.00       37.046        0.000        0.000             30        0.00        0.00    APL_ARPEGE_RADIATION_PARALLEL:CALLRAD_F:GET_DATA@1
 4260     0.00       37.046        0.000        0.000             37        0.00        0.00    GPTF1_YDVARS_PARALLEL:LTWOTL:GET_DATA@1
 4261     0.00       37.046        0.000        0.000             37        0.00        0.00    LAPINEB_PARALLEL:TEMP_EQ:GET_DATA@1
 4262     0.00       37.046        0.000        0.001             37        0.00        0.02    APL_ARPEGE_INIT_PARALLEL:PART1@1
 4263     0.00       37.046        0.000        0.000             37        0.00        0.00    LARCINB_PARALLEL:LAITRE_GMV:NULLIFY@1
 4264     0.00       37.046        0.000        0.000              2        0.03        0.03    CHIEN@1
 4265     0.00       37.046        0.000        0.001              1        0.06        0.54    SUPARAR@1
 4266     0.00       37.047        0.000        0.000             37        0.00        0.00    CPG_GP_PARALLEL:GPINISLB_PART1_EXPL:NULLIFY@1
 4267     0.00       37.047        0.000        0.000             37        0.00        0.00    APL_ARPEGE_PARALLEL:ACHMT:NULLIFY@1
 4268     0.00       37.047        0.000        0.000             41        0.00        0.00    TRMTOL_BAR2@1
 4269     0.00       37.047        0.000        0.000             37        0.00        0.00    APL_ARPEGE_PARALLEL:QNGCOR:NULLIFY@1
 4270     0.00       37.047        0.000        0.471             37        0.00       12.74    APL_ARPEGE_INIT_PARALLEL:PART5@1
 4271     0.00       37.047        0.000        0.000              1        0.05        0.05    YOEAERC:PART2@1
 4272     0.00       37.047        0.000        0.000              8        0.01        0.01    GRIB_API:IGRIB_SET_REAL4@1
 4273     0.00       37.047        0.000        0.000             37        0.00        0.00    MF_PHYS_FPL_PART1_PARALLEL:PART1:GET_DATA@1
 4274     0.00       37.047        0.000        0.000             37        0.00        0.00    LAPINEB_PARALLEL:ZVWEI:GET_DATA@1
 4275     0.00       37.047        0.000        0.000             37        0.00        0.00    APL_ARPEGE_SHALLOW_CONVECTION_AND_TURBULENCE_PARALLEL:ACTKE:NULLIFY@1
 4276     0.00       37.047        0.000        0.000             37        0.00        0.00    CPUTQY_APLPAR_EXPL_PARALLEL:PFDIS:GET_DATA@1
 4277     0.00       37.047        0.000        0.000             37        0.00        0.00    APL_ARPEGE_INIT_PARALLEL:2:GET_DATA@1
 4278     0.00       37.047        0.000        0.000              1        0.05        0.05    YOMCVER:PRT_CVER_GEOM@1
 4279     0.00       37.047        0.000        0.000             36        0.00        0.00    APL_ARPEGE_RADIATION_PARALLEL:SUNSHINE:GET_DATA@1
 4280     0.00       37.047        0.000        0.684             37        0.00       18.48    APL_ARPEGE_INIT_PARALLEL:PART4@1
 4281     0.00       37.047        0.000        0.000             37        0.00        0.00    LARCINB_PARALLEL:LCOMAD_SP:NULLIFY@1
 4282     0.00       37.047        0.000        0.000             37        0.00        0.00    LAVENT_PARALLEL:0:NULLIFY@1
 4283     0.00       37.047        0.000        0.000             37        0.00        0.00    APL_ARPEGE_INIT_PARALLEL:0:GET_DATA@1
 4284     0.00       37.047        0.000        0.000              4        0.01        0.01    GPRCP_PGFL@26
 4285     0.00       37.047        0.000        0.000             37        0.00        0.00    MF_PHYS_PREP_PARALLEL:PREP:NULLIFY@1
 4286     0.00       37.047        0.000        0.000              4        0.01        0.01    GPRCP_PGFL@17
 4287     0.00       37.048        0.000        0.000             37        0.00        0.00    CPGLAG_PARALLEL:1:GET_DATA@1
 4288     0.00       37.048        0.000        0.000              1        0.05        0.05    RRTM_KGB10@1
 4289     0.00       37.048        0.000        0.000             36        0.00        0.00    CPG_END_SFC_PARALLEL:SET0TO1:GET_DATA@1
 4290     0.00       37.048        0.000        0.000             37        0.00        0.00    CPG_DIA_FLU_PARALLEL:3:GET_DATA@1
 4291     0.00       37.048        0.000        0.000              1        0.05        0.05    SUALDYN@1
 4292     0.00       37.048        0.000        0.001              1        0.05        1.08    SUOROG@1
 4293     0.00       37.048        0.000        0.000             37        0.00        0.00    APL_ARPEGE_CLOUDINESS_PARALLEL:ACNEBCOND:NULLIFY@1
 4294     0.00       37.048        0.000        0.000             37        0.00        0.00    LACDYN_PARALLEL:LASURE:GET_DATA@1
 4295     0.00       37.048        0.000        0.000             37        0.00        0.00    CPG_DRV_SETTLOFF@1
 4296     0.00       37.048        0.000        0.000              9        0.01        0.02    FARINE_MT@1
 4297     0.00       37.048        0.000        0.000              3        0.02        0.02    "lfiouv_alts_ext:read1"@1:lfi_alts.c
 4298     0.00       37.048        0.000        0.000             37        0.00        0.00    LAPINEB_PARALLEL:LARCHE:NULLIFY@1
 4299     0.00       37.048        0.000        0.000              1        0.05        0.05    SUALMP1@1
 4300     0.00       37.048        0.000        0.000             37        0.00        0.00    LACDYN_PARALLEL:LASURE:NULLIFY@1
 4301     0.00       37.048        0.000        0.000             37        0.00        0.00    CPXFU_PARALLEL:2:NULLIFY@1
 4302     0.00       37.048        0.000        0.000             37        0.00        0.00    APL_ARPEGE_RADIATION_PARALLEL:DIRECT:GET_DATA@1
 4303     0.00       37.048        0.000        0.000              1        0.05        0.05    YOMGSGEOM:DEALLO_TGSGEOM@1
 4304     0.00       37.048        0.000        0.000             12        0.00        0.00    SURFACE_FIELDS_MIX:INI_SFLP3@1
 4305     0.00       37.048        0.000        0.000             32        0.00        0.00    DEALLOCATE_IF_ASSOCIATED_MOD:DEALLOCATE_IF_ASSOCIATED_REAL_2D@1
 4306     0.00       37.048        0.000        0.000              1        0.05        0.05    RRTM_KGB2@1
 4307     0.00       37.049        0.000        0.000             72        0.00        0.00    EXCHANGE_MS:ADD3DFL@1
 4308     0.00       37.049        0.000        0.000             37        0.00        0.00    LAVABO_PARALLEL:1:GET_DATA@1
 4309     0.00       37.049        0.000        0.006              1        0.05        6.11    YOEAERC:SETUP_TEGEN@1
 4310     0.00       37.049        0.000        0.000             37        0.00        0.00    CPG_GP_PARALLEL:GP_SPV:NULLIFY@1
 4311     0.00       37.049        0.000        0.000             90        0.00        0.00    SUXFU:NEXTYPE1@1
 4312     0.00       37.049        0.000        0.044             37        0.00        1.18    APL_ARPEGE_INIT_PARALLEL:PART2@1
 4313     0.00       37.049        0.000        0.000             37        0.00        0.00    APL_ARPEGE_SURFACE_PARALLEL:ACDIFV2:NULLIFY@1
 4314     0.00       37.049        0.000        0.000             37        0.00        0.00    APL_ARPEGE_DEEP_CONVECTION_PARALLEL:ACUPTQ:NULLIFY@1
 4315     0.00       37.049        0.000        0.000             37        0.00        0.00    APL_ARPEGE_DEEP_CONVECTION_PARALLEL:INIT:NULLIFY@1
 4316     0.00       37.049        0.000        0.000             37        0.00        0.00    CPG_PARALLEL:ZEROSL1:GET_DATA@1
 4317     0.00       37.049        0.000        0.000             37        0.00        0.00    CPXFU_PARALLEL:0:NULLIFY@1
 4318     0.00       37.049        0.000        0.000             37        0.00        0.00    CTVTOT_EXPL_PARALLEL:0:GET_DATA@1
 4319     0.00       37.049        0.000        0.000              1        0.05        0.05    SUALLO@1
 4320     0.00       37.049        0.000        0.000              1        0.05        0.05    SRTM_KGB20@1
 4321     0.00       37.049        0.000        0.000              1        0.05        0.05    YOEAERC:PART3@1
 4322     0.00       37.049        0.000        0.000             37        0.00        0.00    APL_ARPEGE_PARALLEL:ZDPHIV:GET_DATA@1
 4323     0.00       37.049        0.000        0.000              1        0.05        0.05    RRTM_KGB14@1
 4324     0.00       37.049        0.000        0.000             37        0.00        0.00    CPG_DIA_FLU_PARALLEL:4:GET_DATA@1
 4325     0.00       37.049        0.000        0.000              1        0.05        0.05    YOEAERC:PART6@1
 4326     0.00       37.049        0.000        0.000             37        0.00        0.00    LASSIE_PARALLEL:GPRCP:GET_DATA@1
 4327     0.00       37.049        0.000        0.000              1        0.05        0.05    RRTM_CMBGB9_CPU@1
 4328     0.00       37.049        0.000        0.000              1        0.04        0.05    YOEAERC:PART4@1
 4329     0.00       37.050        0.000        0.000             37        0.00        0.00    CPG_GP_PARALLEL:SETZERO:GET_DATA@1
 4330     0.00       37.050        0.000        0.000              1        0.04        0.05    SUHDVP@1
 4331     0.00       37.050        0.000        0.000              1        0.04        0.04    YOEAERC:PART1@1
 4332     0.00       37.050        0.000        0.000             37        0.00        0.00    APL_ARPEGE_PARALLEL:ACDRAG:NULLIFY@1
 4333     0.00       37.050        0.000        0.000             37        0.00        0.00    LARCINB_PARALLEL:NTLAG_3:NULLIFY@1
 4334     0.00       37.050        0.000        0.000              1        0.04        0.04    YOEAERC:PART5@1
 4335     0.00       37.050        0.000        0.000             37        0.00        0.00    CPG_GP_PARALLEL:GPTF2_EXPL_2TL:NULLIFY@1
 4336     0.00       37.050        0.000        0.000             37        0.00        0.00    MF_PHYS_TRANSFER_PARALLEL:ALL:NULLIFY@1
 4337     0.00       37.050        0.000        0.000             37        0.00        0.00    CPG_GP_PARALLEL:GPINISLB_PART3_EXPL:NULLIFY@1
 4338     0.00       37.050        0.000        0.000             72        0.00        0.00    EXCHANGE_MS:ADD2DFL@1
 4339     0.00       37.050        0.000        0.000              1        0.04        0.04    SUGEM1B@1
 4340     0.00       37.050        0.000        0.005              3        0.01        1.71    FIELD_CONTAINER_BASE_MOD:FIELD_CREATE_BASE@1
 4341     0.00       37.050        0.000        0.000             37        0.00        0.00    APL_ARPEGE_PARALLEL:CPPHINP:NULLIFY@1
 4342     0.00       37.050        0.000        0.000             37        0.00        0.00    APL_ARPEGE_PARALLEL:PLSM:GET_DATA@1
 4343     0.00       37.050        0.000        0.000              1        0.04        0.04    IOSPECA_MOD:IOSPECA_FLDSORT@1
 4344     0.00       37.050        0.000        0.000             37        0.00        0.00    APL_ARPEGE_RADIATION_PARALLEL:RADHEAT:NULLIFY@1
 4345     0.00       37.050        0.000        0.001              1        0.04        0.60    SURLX@1
 4346     0.00       37.050        0.000        0.000              1        0.04        0.04    RRTM_CMBGB7_CPU@1
 4347     0.00       37.050        0.000        0.000             36        0.00        0.00    UPDATE_CALENDAR@1
 4348     0.00       37.050        0.000        0.000             37        0.00        0.00    APL_ARPEGE_PARALLEL:DIFTQ:NULLIFY@1
 4349     0.00       37.050        0.000        0.000              1        0.04        0.04    SRTM_KGB29@1
 4350     0.00       37.050        0.000        0.000             39        0.00        0.00    SUMETRIC@1
 4351     0.00       37.050        0.000        0.000             37        0.00        0.00    APL_ARPEGE_OCEANIC_FLUXES_PARALLEL:ACFLUSO:NULLIFY@1
 4352     0.00       37.051        0.000        0.000             37        0.00        0.00    LAPINEB_PARALLEL:NVLAG3:NULLIFY@1
 4353     0.00       37.051        0.000        0.000             37        0.00        0.00    APL_ARPEGE_INIT_PARALLEL:0:NULLIFY@1
 4354     0.00       37.051        0.000        0.000             37        0.00        0.00    APL_ARPEGE_INIT_PARALLEL:6:GET_DATA@1
 4355     0.00       37.051        0.000        0.000              1        0.04        0.28    SUCVMNH@1
 4356     0.00       37.051        0.000        0.000             37        0.00        0.00    LAPINEB_PARALLEL:ZVWEI:NULLIFY@1
 4357     0.00       37.051        0.000        0.000             36        0.00        0.00    CPCFU_PARALLEL:0:NULLIFY@1
 4358     0.00       37.051        0.000        0.001              1        0.04        0.57    SUPP@1
 4359     0.00       37.051        0.000        0.000             37        0.00        0.00    APL_ARPEGE_PARALLEL:ZBAY_QRCONV:NULLIFY@1
 4360     0.00       37.051        0.000        0.000             37        0.00        0.00    CPXFU_PARALLEL:1:NULLIFY@1
 4361     0.00       37.051        0.000        0.000             37        0.00        0.00    SPMCUF@1
 4362     0.00       37.051        0.000        0.000              1        0.04        0.05    SUECV@1
 4363     0.00       37.051        0.000        0.000             37        0.00        0.00    APL_ARPEGE_SURFACE_PARALLEL:ACDIFV1:NULLIFY@1
 4364     0.00       37.051        0.000        0.000             37        0.00        0.00    APL_ARPEGE_PARALLEL:ACTQSAT:NULLIFY@1
 4365     0.00       37.051        0.000        0.000             37        0.00        0.00    CPG_PARALLEL:ZEROPB2:GET_DATA@1
 4366     0.00       37.051        0.000        0.002              1        0.04        1.58    SUVAREPS@1
 4367     0.00       37.051        0.000        0.017              1        0.04       16.94    SUPHMF@1
 4368     0.00       37.051        0.000        0.000              4        0.01        0.01    GPRCP_PGFL@31
 4369     0.00       37.051        0.000        0.000             37        0.00        0.00    APL_ARPEGE_PARALLEL:ACSOL:NULLIFY@1
 4370     0.00       37.051        0.000        0.000             37        0.00        0.00    APL_ARPEGE_SOIL_HYDRO_PARALLEL:ACVEG:NULLIFY@1
 4371     0.00       37.051        0.000        0.000              1        0.04        0.04    SUTIM@1
 4372     0.00       37.051        0.000        0.000             37        0.00        0.00    APL_ARPEGE_PARALLEL:APLPAR_INIT:NULLIFY@1
 4373     0.00       37.051        0.000        0.000             36        0.00        0.00    CPCFU_PARALLEL:2:NULLIFY@1
 4374     0.00       37.051        0.000        0.000             37        0.00        0.00    LAPINEB_PARALLEL:L_RDRY_VD:NULLIFY@1
 4375     0.00       37.051        0.000        0.000              1        0.04        0.04    RERESF_PART1@1
 4376     0.00       37.051        0.000        0.000             37        0.00        0.00    LACDYN_PARALLEL:ZMIXNL:GET_DATA@1
 4377     0.00       37.052        0.000        0.000             37        0.00        0.00    CPG_GP_PARALLEL:SET1TO0:GET_DATA@1
 4378     0.00       37.052        0.000        0.000              1        0.04        0.47    SUMP0@1
 4379     0.00       37.052        0.000        0.000             37        0.00        0.00    CPG_GP_PARALLEL:SET1TO0:NULLIFY@1
 4380     0.00       37.052        0.000        0.001              1        0.04        0.58    SURIP@1
 4381     0.00       37.052        0.000        0.000             37        0.00        0.00    CPUTQY_APLPAR_EXPL_PARALLEL:ZTDCP:NULLIFY@1
 4382     0.00       37.052        0.000        0.000             37        0.00        0.00    LAPINEB_PARALLEL:TEMP_EQ:NULLIFY@1
 4383     0.00       37.052        0.000        0.000              2        0.02        0.02    TCFU_TYPE_INIT@1
 4384     0.00       37.052        0.000        0.000             37        0.00        0.00    CPG_PARALLEL:SHUFFLESL1:GET_DATA@1
 4385     0.00       37.052        0.000        0.000              1        0.04        0.05    RIEN@1
 4386     0.00       37.052        0.000        0.000             37        0.00        0.00    LAVABO_PARALLEL:0:NULLIFY@1
 4387     0.00       37.052        0.000        0.000             36        0.00        0.00    CPCFU_PARALLEL:1:NULLIFY@1
 4388     0.00       37.052        0.000        0.000             37        0.00        0.00    LAPINEA_PARALLEL:LARCINA:NULLIFY@1
 4389     0.00       37.052        0.000        0.000              2        0.02        0.05    SUCFU:SETUP_DESCRIPTORS@1
 4390     0.00       37.052        0.000        0.000             37        0.00        0.00    ACVPPKF_PARALLEL:PART1:NULLIFY@1
 4391     0.00       37.052        0.000        0.202              1        0.04      201.62    SUSPEC@1
 4392     0.00       37.052        0.000        0.000             37        0.00        0.00    APL_WIND_GUST_PARALLEL:ACCLDIA:NULLIFY@1
 4393     0.00       37.052        0.000        0.000             37        0.00        0.00    APL_ARPEGE_PARALLEL:ZDPHIV:NULLIFY@1
 4394     0.00       37.052        0.000        0.001              1        0.04        0.51    SUOPH0@1
 4395     0.00       37.052        0.000        0.000              1        0.04        0.04    SUECAEBC:PART1@1
 4396     0.00       37.052        0.000        0.000              2        0.02        0.20    MINV_CALLER@1
 4397     0.00       37.052        0.000        0.000             37        0.00        0.00    APL_ARPEGE_RADIATION_PARALLEL:LMSE_F:NULLIFY@1
 4398     0.00       37.052        0.000        0.000              2        0.02        0.05    SUXFU:SETUP_DESCRIPTORS@1
 4399     0.00       37.052        0.000        0.000              2        0.02        0.02    TCFU_TYPE_FINAL@1
 4400     0.00       37.052        0.000        0.000             37        0.00        0.00    APL_ARPEGE_PARALLEL:BAYRAD:NULLIFY@1
 4401     0.00       37.052        0.000        0.000              4        0.01        0.01    GPRCP_PGFL@28
 4402     0.00       37.052        0.000        0.000             37        0.00        0.00    LATTES_PARALLEL:0:NULLIFY@1
 4403     0.00       37.052        0.000        0.130             37        0.00        3.50    APL_ARPEGE_INIT_PARALLEL:PART3@1
 4404     0.00       37.053        0.000        0.001              1        0.04        0.96    SUFP_CTL@1
 4405     0.00       37.053        0.000        0.000             37        0.00        0.00    LARCINB_PARALLEL:NVLAG_3:NULLIFY@1
 4406     0.00       37.053        0.000        0.000              1        0.04        0.04    SULSFORC@1
 4407     0.00       37.053        0.000        0.000              1        0.04        0.04    IOSTREAM_MIX:IOSTREAM_STATS@1
 4408     0.00       37.053        0.000        0.002              1        0.04        2.19    SULUN@1
 4409     0.00       37.053        0.000        0.000             37        0.00        0.00    GPRCP_EXPL_PARALLEL:5:GET_DATA@1
 4410     0.00       37.053        0.000        0.000             36        0.00        0.00    CPCFU_PARALLEL:5:NULLIFY@1
 4411     0.00       37.053        0.000        0.000              1        0.04        0.04    SUECAEOR:PART1@1
 4412     0.00       37.053        0.000        0.000             37        0.00        0.00    APL_ARPEGE_DEEP_CONVECTION_PARALLEL:ZERO:NULLIFY@1
 4413     0.00       37.053        0.000        0.000             37        0.00        0.00    APL_ARPEGE_PARALLEL:EDR:NULLIFY@1
 4414     0.00       37.053        0.000        0.000              1        0.04        0.11    IOMULTIBUF_MOD:IOMULTIBUF_COMP_IDX@1
 4415     0.00       37.053        0.000        0.000              1        0.04        0.25    SIGAM_SP_OPENMP@1
 4416     0.00       37.053        0.000        0.000             37        0.00        0.00    CPG_GP_PARALLEL:SETZERO:NULLIFY@1
 4417     0.00       37.053        0.000        0.000             37        0.00        0.00    APL_ARPEGE_PARALLEL:ACEVADCAPE:NULLIFY@1
 4418     0.00       37.053        0.000        0.000             37        0.00        0.00    APL_ARPEGE_PARALLEL:PRECIPS:NULLIFY@1
 4419     0.00       37.053        0.000        0.000             41        0.00        0.00    TRMTOL_BAR@1
 4420     0.00       37.053        0.000        0.000             41        0.00        0.00    TRLTOG_BAR@1
 4421     0.00       37.053        0.000        0.000             36        0.00        0.00    CPCFU_PARALLEL:3:NULLIFY@1
 4422     0.00       37.053        0.000        0.000             37        0.00        0.00    APL_ARPEGE_PARALLEL:ACCLPH:NULLIFY@1
 4423     0.00       37.053        0.000        0.091              3        0.01       30.24    FAIGRA_MT@1
 4424     0.00       37.053        0.000        0.000             37        0.00        0.00    APL_ARPEGE_DEEP_CONVECTION_PARALLEL:COPY:NULLIFY@1
 4425     0.00       37.053        0.000        0.000              1        0.04        0.04    SURIP0@1
 4426     0.00       37.053        0.000        0.001             37        0.00        0.02    APL_ARPEGE_INIT_PARALLEL:PART7@1
 4427     0.00       37.053        0.000        0.000             37        0.00        0.00    LASSIE_PARALLEL:SITNU:NULLIFY@1
 4428     0.00       37.053        0.000        0.000             37        0.00        0.00    APL_ARPEGE_PARALLEL:PLSM:NULLIFY@1
 4429     0.00       37.053        0.000        0.000             37        0.00        0.00    CPG_DIA_FLU_PARALLEL:0:NULLIFY@1
 4430     0.00       37.053        0.000        0.000              1        0.03        0.04    SUOPTSURF@1
 4431     0.00       37.053        0.000        0.000              1        0.03        0.04    SUECAEOR:PART4@1
 4432     0.00       37.054        0.000        0.000              1        0.03        0.04    YOEAERC:PART7@1
 4433     0.00       37.054        0.000        0.000             37        0.00        0.00    CPGLAG_PARALLEL:0:NULLIFY@1
 4434     0.00       37.054        0.000        0.000              1        0.03        0.03    SUSWN@1
 4435     0.00       37.054        0.000        0.000              1        0.03        0.03    SUECAESD:PART1@1
 4436     0.00       37.054        0.000        0.000             37        0.00        0.00    TRLTOM_BAR2@1
 4437     0.00       37.054        0.000        0.000              1        0.03        0.03    SUECAESU:PART1@1
 4438     0.00       37.054        0.000        0.000             37        0.00        0.00    MF_PHYS_MOCON_PARALLEL:PPWETPOINT:NULLIFY@1
 4439     0.00       37.054        0.000        0.000             37        0.00        0.00    APL_ARPEGE_PARALLEL:ACVISIH:NULLIFY@1
 4440     0.00       37.054        0.000        0.000             37        0.00        0.00    CPXFU_PARALLEL:3:NULLIFY@1
 4441     0.00       37.054        0.000        0.000              7        0.00        0.01    RECMWF_PARALLEL:ECRAD_POST:GET_DATA@1
 4442     0.00       37.054        0.000        0.000             30        0.00        0.00    APL_ARPEGE_RADIATION_PARALLEL:CALLRAD_F:NULLIFY@1
 4443     0.00       37.054        0.000        0.000              1        0.03        0.03    RRTM_KGB11@1
 4444     0.00       37.054        0.000        0.000             37        0.00        0.00    APL_ARPEGE_PARALLEL:ACDRME:NULLIFY@1
 4445     0.00       37.054        0.000        0.000             37        0.00        0.00    APL_ARPEGE_DPRECIPS_PARALLEL:0:NULLIFY@1
 4446     0.00       37.054        0.000        0.017              1        0.03       17.04    SUSURF@1
 4447     0.00       37.054        0.000        0.000             37        0.00        0.00    ACVPPKF_PARALLEL:PART2:NULLIFY@1
 4448     0.00       37.054        0.000        0.000              1        0.03        0.03    SRTM_CMBGB18_CPU@1
 4449     0.00       37.054        0.000        0.000              1        0.03        0.03    SRTM_CMBGB19_CPU@1
 4450     0.00       37.054        0.000        0.000              1        0.03        0.03    SUECAEOR:PART2@1
 4451     0.00       37.054        0.000        0.000             11        0.00        0.00    FACADI_MT@1
 4452     0.00       37.054        0.000        0.000              1        0.03        0.49    SUNORGWD@1
 4453     0.00       37.054        0.000        0.000             37        0.00        0.00    APL_ARPEGE_ALBEDO_COMPUTATION_PARALLEL:0:NULLIFY@1
 4454     0.00       37.054        0.000        0.000              7        0.00        0.01    RECMWF_PARALLEL:FINISH:NULLIFY@1
 4455     0.00       37.054        0.000        0.000              1        0.03        0.03    SRTM_KGB27@1
 4456     0.00       37.054        0.000        0.000             37        0.00        0.00    APL_ARPEGE_INIT_PARALLEL:5:NULLIFY@1
 4457     0.00       37.054        0.000        0.000              1        0.03        0.03    SUECAESU:PART11@1
 4458     0.00       37.054        0.000        0.000             37        0.00        0.00    CPG_PARALLEL:ZEROSL1:NULLIFY@1
 4459     0.00       37.054        0.000        0.000             37        0.00        0.00    MF_PHYS_FPL_PART2_PARALLEL:PART2:NULLIFY@1
 4460     0.00       37.054        0.000        0.000             37        0.00        0.00    LAPINEB_PARALLEL:LACONE:NULLIFY@1
 4461     0.00       37.055        0.000        0.000             37        0.00        0.00    CTVTOT_EXPL_PARALLEL:0:NULLIFY@1
 4462     0.00       37.055        0.000        0.000             37        0.00        0.00    LAPINEB_PARALLEL:ROTUV:NULLIFY@1
 4463     0.00       37.055        0.000        0.000              1        0.03        0.03    SUECAESS:PART14@1
 4464     0.00       37.055        0.000        0.000             37        0.00        0.00    CPUTQY_APLPAR_EXPL_PARALLEL:ZDEC:NULLIFY@1
 4465     0.00       37.055        0.000        0.000             37        0.00        0.00    CPG_GP_HYD_PARALLEL:3:GET_DATA@1
 4466     0.00       37.055        0.000        0.010             20        0.00        0.48    GPNORM_TRANS@1
 4467     0.00       37.055        0.000        0.000              1        0.03        0.03    SRTM_CMBGB24_CPU@1
 4468     0.00       37.055        0.000        0.000              1        0.03        0.31    SUDIM@1
 4469     0.00       37.055        0.000        0.002              5        0.01        0.33    GPNORM3@1
 4470     0.00       37.055        0.000        0.000             37        0.00        0.00    APL_ARPEGE_PARALLEL:ZRDG_LCVQ:NULLIFY@1
 4471     0.00       37.055        0.000        0.000             36        0.00        0.00    CPG_END_SFC_PARALLEL:SET0TO1:NULLIFY@1
 4472     0.00       37.055        0.000        0.000              4        0.01        0.01    GPRCP_PGFL@12
 4473     0.00       37.055        0.000        0.236              1        0.03      236.17    CNT3_GLO@1
 4474     0.00       37.055        0.000        0.000              7        0.00        0.00    RECMWF_PARALLEL:PREPARE:NULLIFY@1
 4475     0.00       37.055        0.000        0.000              2        0.02        0.02    TXFU_TYPE_FINAL@1
 4476     0.00       37.055        0.000        0.000              1        0.03        0.03    FA_COM:NEW_FA@1
 4477     0.00       37.055        0.000        0.000             37        0.00        0.00    GPTF1_YDVARS_PARALLEL:LTWOTL:NULLIFY@1
 4478     0.00       37.055        0.000        0.000              7        0.00        0.00    RECMWF_PARALLEL:1:COMPUTE@1
 4479     0.00       37.055        0.000        0.000             38        0.00        0.00    GP_DERIVATIVES@1
 4480     0.00       37.055        0.000        0.017              1        0.03       17.01    SUSURF_CTL_MOD:SUSURF_CTL@1
 4481     0.00       37.055        0.000        0.001              1        0.03        0.61    SUSPSDT@1
 4482     0.00       37.055        0.000       36.909              1        0.03    36909.39    CNT3@1
 4483     0.00       37.055        0.000        0.000             37        0.00        0.00    APL_ARPEGE_PARALLEL:ZDE2MR:NULLIFY@1
 4484     0.00       37.055        0.000        0.000              1        0.03        0.03    SUECAESU:PART19@1
 4485     0.00       37.055        0.000        0.000              2        0.01        0.02    FAQUIN_MT@1
 4486     0.00       37.055        0.000        0.000              1        0.03        0.03    SUECAEBC:PART6@1
 4487     0.00       37.055        0.000        0.000             37        0.00        0.00    CPG_GP_PARALLEL:MAP_FACTOR:NULLIFY@1
 4488     0.00       37.055        0.000        0.000             37        0.00        0.00    MF_PHYS_FPL_PART1_PARALLEL:PART1:NULLIFY@1
 4489     0.00       37.055        0.000        0.000             37        0.00        0.00    CPUTQY_APLPAR_EXPL_PARALLEL:PFDIS:NULLIFY@1
 4490     0.00       37.055        0.000        0.000             37        0.00        0.00    APL_ARPEGE_PARALLEL:FRSOPT:NULLIFY@1
 4491     0.00       37.055        0.000        0.000             37        0.00        0.00    APL_ARPEGE_RADIATION_PARALLEL:ACDAYD:NULLIFY@1
 4492     0.00       37.055        0.000        0.000              1        0.03        0.03    SUECAESD:PART9@1
 4493     0.00       37.055        0.000        0.000             37        0.00        0.00    GPRCP_EXPL_PARALLEL:5:NULLIFY@1
 4494     0.00       37.055        0.000        0.000              1        0.03        0.03    SUECAESU:PART2@1
 4495     0.00       37.056        0.000        0.000             37        0.00        0.00    TRLTOM_BAR@1
 4496     0.00       37.056        0.000        0.000              1        0.03        0.03    SUALDYN_DDH@1
 4497     0.00       37.056        0.000        0.000              1        0.03        0.03    SUECAESD:PART16@1
 4498     0.00       37.056        0.000        0.000             37        0.00        0.00    APL_ARPEGE_RADIATION_PARALLEL:DIRECT:NULLIFY@1
 4499     0.00       37.056        0.000        0.000             37        0.00        0.00    APL_ARPEGE_INIT_PARALLEL:2:NULLIFY@1
 4500     0.00       37.056        0.000        0.000             37        0.00        0.00    CPG_GP_HYD_PARALLEL:3:NULLIFY@1
 4501     0.00       37.056        0.000        0.000              1        0.03        0.03    VAL923@1
 4502     0.00       37.056        0.000        0.000              1        0.03        0.03    SUECAESD:PART7@1
 4503     0.00       37.056        0.000        0.000             37        0.00        0.00    CPG_PARALLEL:SHUFFLESL1:NULLIFY@1
 4504     0.00       37.056        0.000        0.000             37        0.00        0.00    CPXFU_PARALLEL:4:NULLIFY@1
 4505     0.00       37.056        0.000        0.001              1        0.03        0.59    SUVV1@1
 4506     0.00       37.056        0.000        0.000              4        0.01        0.01    IOSTREAM_MIX:INI_IOSTREAM@1
 4507     0.00       37.056        0.000        0.000             37        0.00        0.00    CPG_PARALLEL:LSMTSOL:NULLIFY@1
 4508     0.00       37.056        0.000        0.000             37        0.00        0.00    APL_ARPEGE_PARALLEL:PPWETPOINT:NULLIFY@1
 4509     0.00       37.056        0.000        0.000              1        0.03        0.03    SRTM_CMBGB16_CPU@1
 4510     0.00       37.056        0.000        0.000              1        0.03        0.03    SUECAEBC:PART7@1
 4511     0.00       37.056        0.000        0.000              7        0.00        0.00    APL_ARPEGE_AEROSOLS_FOR_RADIATION_PARALLEL:RADAER:GET_DATA@1
 4512     0.00       37.056        0.000        0.000             37        0.00        0.00    LACDYN_PARALLEL:ZMIXNL:NULLIFY@1
 4513     0.00       37.056        0.000        0.000              1        0.03        0.03    SUECAESS:PART2@1
 4514     0.00       37.056        0.000        0.000              1        0.03        0.03    SRTM_KGB23@1
 4515     0.00       37.056        0.000        0.000             37        0.00        0.00    LASSIE_PARALLEL:GPRCP:NULLIFY@1
 4516     0.00       37.056        0.000        0.000              1        0.03        0.03    SUECAEOR:PART6@1
 4517     0.00       37.056        0.000        0.001              1        0.03        1.06    radiation_aerosol_optics:setup_aerosol_optics_CPU@1
 4518     0.00       37.056        0.000        0.000              7        0.00        0.00    RECMWF_PARALLEL:2:COMPUTE@1
 4519     0.00       37.056        0.000        0.000              4        0.01        0.01    GPRCP_PGFL@20
 4520     0.00       37.056        0.000        0.000              1        0.03        0.03    SUECAESD:PART8@1
 4521     0.00       37.056        0.000        0.000              1        0.03        0.03    SUECAEBC:PART8@1
 4522     0.00       37.056        0.000        0.000              1        0.03        0.03    IOGRID_MOD:INI_INDSEL@1
 4523     0.00       37.056        0.000        0.000              1        0.03        0.03    SUECAESD:PART18@1
 4524     0.00       37.056        0.000        0.000              1        0.03        0.03    SUECAESD:PART2@1
 4525     0.00       37.056        0.000        0.000              1        0.03        0.03    SUECAESD:PART5@1
 4526     0.00       37.056        0.000        0.000              1        0.03        0.03    SUECAEBC:PART10@1
 4527     0.00       37.056        0.000        0.000              1        0.03        0.03    SUECAESD:PART6@1
 4528     0.00       37.056        0.000        0.000              1        0.03        0.03    SUECAESD:PART14@1
 4529     0.00       37.056        0.000        0.000              1        0.03        0.04    SUSSOIL_MOD:SUSSOIL@1
 4530     0.00       37.056        0.000        0.000              1        0.03        0.48    SUMCC@1
 4531     0.00       37.056        0.000        0.000              1        0.03        0.03    SUECAESU:PART20@1
 4532     0.00       37.056        0.000        0.000             37        0.00        0.00    CPG_PARALLEL:ZEROPB2:NULLIFY@1
 4533     0.00       37.057        0.000        0.000              1        0.03        0.14    SUSC2C@1
 4534     0.00       37.057        0.000        0.000             37        0.00        0.00    CPG_PARALLEL:ISETTLOFF:NULLIFY@1
 4535     0.00       37.057        0.000        0.017              1        0.03       16.91    SUSOCEAN_ML_MOD:SUSOCEAN_ML@1
 4536     0.00       37.057        0.000        0.000              1        0.03        0.03    SUECAESD:PART20@1
 4537     0.00       37.057        0.000        0.000              1        0.03        0.03    SUECAESD:PART15@1
 4538     0.00       37.057        0.000        0.000              1        0.03        0.03    SUECAESU:PART4@1
 4539     0.00       37.057        0.000        0.000              1        0.03        0.03    SUECAESU:PART22@1
 4540     0.00       37.057        0.000        0.000             50        0.00        0.00    SUCFU:NEXTYPE1@1
 4541     0.00       37.057        0.000        0.000              1        0.03        0.03    SUECAEOR:PART3@1
 4542     0.00       37.057        0.000        0.000              1        0.03        0.03    SUECAESS:PART9@1
 4543     0.00       37.057        0.000        0.000              1        0.03        0.03    SUECAESU:PART12@1
 4544     0.00       37.057        0.000        0.000              1        0.03        0.03    SUECAESU:PART14@1
 4545     0.00       37.057        0.000        0.000              1        0.03        0.03    SUECAESU:PART21@1
 4546     0.00       37.057        0.000        0.000              1        0.03        0.03    SUECAESU:PART17@1
 4547     0.00       37.057        0.000        0.000              1        0.03        0.03    SUECAESS:PART1@1
 4548     0.00       37.057        0.000        0.000              1        0.03        0.03    SUECAEBC:PART9@1
 4549     0.00       37.057        0.000        0.000              1        0.03        0.03    SUECAESD:PART23@1
 4550     0.00       37.057        0.000        0.000              1        0.03        0.05    YOMCLMICST:SETUP_CLMICST@1
 4551     0.00       37.057        0.000        0.000              1        0.02        0.03    SUECAEBC:PART2@1
 4552     0.00       37.057        0.000        0.000              1        0.02        0.03    SUECAESD:PART13@1
 4553     0.00       37.057        0.000        0.000              1        0.02        0.03    SUECAESU:PART15@1
 4554     0.00       37.057        0.000        0.000              1        0.02        0.03    SUECAESU:PART6@1
 4555     0.00       37.057        0.000        0.000              1        0.02        0.03    SUECAESD:PART4@1
 4556     0.00       37.057        0.000        0.000              1        0.02        0.02    SUECAESS:PART8@1
 4557     0.00       37.057        0.000        0.000              1        0.02        0.02    SUECAESS:PART15@1
 4558     0.00       37.057        0.000        0.000             36        0.00        0.00    APL_ARPEGE_RADIATION_PARALLEL:SUNSHINE:NULLIFY@1
 4559     0.00       37.057        0.000        0.000              1        0.02        0.02    SUECAESD:PART17@1
 4560     0.00       37.057        0.000        0.000              1        0.02        0.02    SUECAESS:PART10@1
 4561     0.00       37.057        0.000        0.000              1        0.02        0.02    SUECAESS:PART23@1
 4562     0.00       37.057        0.000        0.000              1        0.02        0.02    SUECAESD:PART3@1
 4563     0.00       37.057        0.000        0.000              1        0.02        0.02    SUECAESD:PART21@1
 4564     0.00       37.057        0.000        0.000              1        0.02        0.02    SUECAESU:PART18@1
 4565     0.00       37.057        0.000        0.000              1        0.02        0.02    SUECAEBC:PART4@1
 4566     0.00       37.057        0.000        0.000              1        0.02        0.45    SUGRIB@1
 4567     0.00       37.057        0.000        0.000              1        0.02        0.30    SUGFL3@1
 4568     0.00       37.057        0.000        0.000              4        0.01        0.01    GPRCP_PGFL@18
 4569     0.00       37.057        0.000        0.000              1        0.02        0.02    SUECAESS:PART17@1
 4570     0.00       37.057        0.000        0.000              1        0.02        0.02    SUECAEOR:PART5@1
 4571     0.00       37.057        0.000        0.000              1        0.02        0.02    SUECAESD:PART11@1
 4572     0.00       37.057        0.000        0.000              1        0.02        0.02    SUECAESD:PART24@1
 4573     0.00       37.057        0.000        0.000              1        0.02        0.02    SUECAESS:PART6@1
 4574     0.00       37.058        0.000        0.000              1        0.02        0.02    SUECAESS:PART19@1
 4575     0.00       37.058        0.000        0.000              2        0.01        0.01    SUCLOPN@1
 4576     0.00       37.058        0.000        0.000              1        0.02        0.02    SUECAESD:PART19@1
 4577     0.00       37.058        0.000        0.003              1        0.02        3.01    SUGRIDU@1
 4578     0.00       37.058        0.000        0.000              1        0.02        0.02    SUECAESS:PART4@1
 4579     0.00       37.058        0.000        0.000              1        0.02        0.02    IO_SERV_SUIOSCTMPL@1
 4580     0.00       37.058        0.000        0.000              1        0.02        0.02    SUECAESU:PART24@1
 4581     0.00       37.058        0.000        0.000             37        0.00        0.00    CPG_DIA_FLU_PARALLEL:4:NULLIFY@1
 4582     0.00       37.058        0.000        0.000              1        0.02        0.02    SUECAESU:PART13@1
 4583     0.00       37.058        0.000        0.000              1        0.02        0.09    SUCHET@1
 4584     0.00       37.058        0.000        0.000              1        0.02        0.02    SUECAESS:PART11@1
 4585     0.00       37.058        0.000        0.000              1        0.02        0.02    SUECAESU:PART16@1
 4586     0.00       37.058        0.000        0.000              1        0.02        0.02    SUECAESS:PART18@1
 4587     0.00       37.058        0.000        0.000              1        0.02        0.02    SUECAEBC:PART11@1
 4588     0.00       37.058        0.000        0.000              1        0.02        0.02    SUECAESD:PART22@1
 4589     0.00       37.058        0.000        0.000              1        0.02        0.02    SUSRTAB@1
 4590     0.00       37.058        0.000        0.000              5        0.00        0.00    GPRCP_PGFL@6
 4591     0.00       37.058        0.000        0.000              1        0.02        0.02    SUECAEOR:PART7@1
 4592     0.00       37.058        0.000        0.000              1        0.02        0.02    SUECAEBC:PART18@1
 4593     0.00       37.058        0.000        0.000             36        0.00        0.00    SPCSINEW_cp1@1
 4594     0.00       37.058        0.000        0.000              1        0.02        0.32    SUDIM_TRAJ@1
 4595     0.00       37.058        0.000        0.000              4        0.01        0.01    FACTUI_MT@1
 4596     0.00       37.058        0.000        0.000              1        0.02        0.02    SUECAEOR:PART22@1
 4597     0.00       37.058        0.000        0.000             37        0.00        0.00    APL_ARPEGE_INIT_PARALLEL:6:NULLIFY@1
 4598     0.00       37.058        0.000        0.000              1        0.02        0.02    SUECAEOR:PART8@1
 4599     0.00       37.058        0.000        0.000              1        0.02        0.02    SUECAEBC:PART14@1
 4600     0.00       37.058        0.000        0.000              1        0.02        0.02    SUECAEOR:PART9@1
 4601     0.00       37.058        0.000        0.000              1        0.02        0.02    SUECAEOR:PART10@1
 4602     0.00       37.058        0.000        0.000              1        0.02        0.21    MF_PHYS_SAVE_PHSURF_PART2_PARALLEL:PART2@1
 4603     0.00       37.058        0.000        0.000              1        0.02        0.02    SUECAEBC:PART15@1
 4604     0.00       37.058        0.000        0.000              1        0.02        0.02    SUECAEOR:PART19@1
 4605     0.00       37.058        0.000        0.000              1        0.02        0.02    SUECAEOR:PART23@1
 4606     0.00       37.058        0.000        0.000              1        0.02        0.02    SUECAESU:PART23@1
 4607     0.00       37.058        0.000        0.000              1        0.02        0.02    SUECAESS:PART12@1
 4608     0.00       37.058        0.000        0.000              1        0.02        0.02    SUECAESS:PART22@1
 4609     0.00       37.058        0.000        0.000              1        0.02        0.02    SUECAEOR:PART14@1
 4610     0.00       37.058        0.000        0.000              1        0.02        0.02    SUECAESS:PART13@1
 4611     0.00       37.058        0.000        0.001              1        0.02        0.62    SUBMAT@1
 4612     0.00       37.058        0.000        0.000              1        0.02        0.02    SUECAESU:PART8@1
 4613     0.00       37.058        0.000        0.001              1        0.02        0.52    SURINC@1
 4614     0.00       37.058        0.000        0.000              1        0.02        0.02    SUECAESU:PART10@1
 4615     0.00       37.058        0.000        0.000              1        0.02        0.34    SUDIMF1@1
 4616     0.00       37.058        0.000        0.000              1        0.02        0.02    SUECAEOR:PART15@1
 4617     0.00       37.058        0.000        0.000              1        0.02        0.02    SUECAESD:PART10@1
 4618     0.00       37.058        0.000        0.000              1        0.02        0.02    SUECAESU:PART25@1
 4619     0.00       37.058        0.000        0.000              1        0.02        0.02    SUECAESU:PART3@1
 4620     0.00       37.059        0.000        0.000              1        0.02        0.02    SUECAEBC:PART3@1
 4621     0.00       37.059        0.000        0.000              1        0.02        0.02    SUECAEBC:PART5@1
 4622     0.00       37.059        0.000        0.000              1        0.02        0.26    SUCUMF2@1
 4623     0.00       37.059        0.000        0.000              1        0.02        0.02    SUECAEOR:PART12@1
 4624     0.00       37.059        0.000        0.000              1        0.02        0.02    SUECAESS:PART7@1
 4625     0.00       37.059        0.000        0.000              1        0.02        0.02    SRTM_KGB25@1
 4626     0.00       37.059        0.000        0.000              1        0.02        0.02    SUECAEBC:PART17@1
 4627     0.00       37.059        0.000        0.000              1        0.02        0.02    SUNRTAER@1
 4628     0.00       37.059        0.000        0.000              1        0.02        0.02    SUHDVPN@1
 4629     0.00       37.059        0.000        0.000              1        0.02        0.02    SUECAESD:PART12@1
 4630     0.00       37.059        0.000        0.000              1        0.02        0.02    SUECAEOR:PART18@1
 4631     0.00       37.059        0.000        0.000              1        0.02        0.02    RRTM_CMBGB12_CPU@1
 4632     0.00       37.059        0.000        0.000              1        0.02        0.02    SUECAEOR:PART13@1
 4633     0.00       37.059        0.000        0.000              1        0.02        0.28    SUCUMF@1
 4634     0.00       37.059        0.000        0.000              1        0.02        0.02    SUECAEBC:PART16@1
 4635     0.00       37.059        0.000        0.000             37        0.00        0.00    LAVABO_PARALLEL:2:NULLIFY@1
 4636     0.00       37.059        0.000        0.000              1        0.02        0.02    SUECAEBC:PART21@1
 4637     0.00       37.059        0.000        0.000              1        0.02        0.02    SUECAEOR:PART17@1
 4638     0.00       37.059        0.000        0.000              1        0.02        0.02    SUECAEBC:PART19@1
 4639     0.00       37.059        0.000        0.000             37        0.00        0.00    CPGLAG_PARALLEL:1:NULLIFY@1
 4640     0.00       37.059        0.000        0.001              1        0.02        0.53    SUPHY2@1
 4641     0.00       37.059        0.000        0.000              1        0.02        0.02    SUECAESU:PART9@1
 4642     0.00       37.059        0.000        0.000              1        0.02        0.02    SUECAESS:PART3@1
 4643     0.00       37.059        0.000        0.000             37        0.00        0.00    CPG_DIA_FLU_PARALLEL:1:NULLIFY@1
 4644     0.00       37.059        0.000        0.000             37        0.00        0.00    CPG_DIA_FLU_PARALLEL:3:NULLIFY@1
 4645     0.00       37.059        0.000        0.000             37        0.00        0.00    CPG_DIA_FLU_PARALLEL:2:NULLIFY@1
 4646     0.00       37.059        0.000        0.000             37        0.00        0.00    APL_ARPEGE_INIT_PARALLEL:1:NULLIFY@1
 4647     0.00       37.059        0.000        0.000              1        0.02        0.02    SUECAESU:PART5@1
 4648     0.00       37.059        0.000        0.000              1        0.02        0.02    SUECAEOR:PART11@1
 4649     0.00       37.059        0.000        0.000              4        0.01        0.01    GPRCP_PGFL@15
 4650     0.00       37.059        0.000        0.000             39        0.00        0.00    FCGENERALIZED_GAMMA@1
 4651     0.00       37.059        0.000        0.000              1        0.02        0.02    RRTM_KGB6@1
 4652     0.00       37.059        0.000        0.000              1        0.02        0.02    SUECAEOR:PART21@1
 4653     0.00       37.059        0.000        0.000              1        0.02        0.03    GMV_SUBS_MOD:SETUP_GMV@1
 4654     0.00       37.059        0.000        0.000              1        0.02        0.02    SUECAEOR:PART16@1
 4655     0.00       37.059        0.000        0.000              1        0.02        0.02    SUECAEOR:PART24@1
 4656     0.00       37.059        0.000        0.000              1        0.02        0.02    YOERADGHG:INIT_RAD_GHG@1
 4657     0.00       37.059        0.000        0.000              1        0.02        0.02    SUECAESS:PART5@1
 4658     0.00       37.059        0.000        0.000              1        0.02        0.02    SUECAEBC:PART13@1
 4659     0.00       37.059        0.000        0.000              1        0.02        0.02    SUECAEBC:PART22@1
 4660     0.00       37.059        0.000        0.000              1        0.02        0.02    SUECAESU:PART7@1
 4661     0.00       37.059        0.000        0.000              1        0.02        0.32    SUDYNCORE@1
 4662     0.00       37.059        0.000        0.000              1        0.02        0.02    SUECAEOR:PART20@1
 4663     0.00       37.059        0.000        0.000              1        0.02        0.02    SUECAESS:PART20@1
 4664     0.00       37.059        0.000        0.000              2        0.01        0.02    STACK_MIX:INIT_STACK@1
 4665     0.00       37.059        0.000        0.000              3        0.01        0.14    FAIRME_MT@1
 4666     0.00       37.059        0.000        0.000              1        0.02        0.02    SUVSPLIP@1
 4667     0.00       37.059        0.000        0.000              1        0.02        0.02    RRTM_CMBGB13_CPU@1
 4668     0.00       37.059        0.000        0.000              1        0.02        0.02    SUECAEBC:PART20@1
 4669     0.00       37.059        0.000        0.000              1        0.02        0.02    SUECAEBC:PART12@1
 4670     0.00       37.060        0.000        0.000              1        0.02        0.02    SUECAESS:PART24@1
 4671     0.00       37.060        0.000        0.000              1        0.02        0.02    SUECAEBC:PART24@1
 4672     0.00       37.060        0.000        0.025              2        0.01       12.69    FACGRA_MT@1
 4673     0.00       37.060        0.000        0.000              4        0.00        0.01    radiation_spectral_definition:calc_mapping_from_bands_CPU@1
 4674     0.00       37.060        0.000        0.000              1        0.02        0.02    SUECAESS:PART25@1
 4675     0.00       37.060        0.000        0.000             37        0.00        0.00    LAVABO_PARALLEL:1:NULLIFY@1
 4676     0.00       37.060        0.000        0.000              1        0.02        0.02    SUECAESS:PART16@1
 4677     0.00       37.060        0.000        0.001              1        0.02        0.54    SURES@1
 4678     0.00       37.060        0.000        0.000              1        0.02        0.02    SUECAEBC:PART23@1
 4679     0.00       37.060        0.000        0.000              1        0.02        0.02    SRTM_CMBGB22_CPU@1
 4680     0.00       37.060        0.000        0.000              1        0.02        0.02    SUECAESS:PART21@1
 4681     0.00       37.060        0.000        0.000             30        0.00        0.00    TYPES_FPCAT:SUCATIND@1
 4682     0.00       37.060        0.000        0.000              1        0.02        0.02    SUDIMO@1
 4683     0.00       37.060        0.000        0.000              1        0.02        0.02    SPGEOM_MOD:SUSPGM@1
 4684     0.00       37.060        0.000        0.000              1        0.02        0.02    SUECAESD:PART25@1
 4685     0.00       37.060        0.000        0.000              1        0.02        0.02    SUALMP2@1
 4686     0.00       37.060        0.000        0.000              1        0.02        0.02    YOMLUN:RESERVE_LUN@1
 4687     0.00       37.060        0.000        0.000              1        0.02        0.02    SUSLB@1
 4688     0.00       37.060        0.000        0.000              1        0.02        0.02    SUALDYNB@1
 4689     0.00       37.060        0.000        0.004              1        0.02        4.43    SUGFL@1
 4690     0.00       37.060        0.000        0.000             32        0.00        0.00    SUCFU:NEXTYPE3@1
 4691     0.00       37.060        0.000        0.000              1        0.02        0.02    RRTM_CMBGB16_CPU@1
 4692     0.00       37.060        0.000        0.000              1        0.02        0.02    SRTM_CMBGB29_CPU@1
 4693     0.00       37.060        0.000        0.000              1        0.02        0.02    SUECAEOR:PART25@1
 4694     0.00       37.060        0.000        0.001              1        0.02        0.57    TESTVAR_MIX:SETUP_TESTVAR@1
 4695     0.00       37.060        0.000        0.001              1        0.02        0.58    RG@1
 4696     0.00       37.060        0.000        0.000              1        0.02        0.37    SUFAINIT@1
 4697     0.00       37.060        0.000        0.000              1        0.02        0.02    RRTM_CMBGB15_CPU@1
 4698     0.00       37.060        0.000        0.000              3        0.01        0.01    GRIDPOINT_FIELDS_MIX:ALLOCATE_GRID@1
 4699     0.00       37.060        0.000        0.000              1        0.02        0.24    SUCT1@1
 4700     0.00       37.060        0.000        0.004              1        0.01        3.67    GEOMETRY_MOD:GEOMETRY_DELETE@1
 4701     0.00       37.060        0.000        0.000              1        0.01        0.02    SUECAEBC:PART25@1
 4702     0.00       37.060        0.000        0.000              1        0.01        0.02    MODEL_MOD:MODEL_SET@1
 4703     0.00       37.060        0.000        0.000              1        0.01        0.01    SPGEOM_MOD:SUGMRE@1
 4704     0.00       37.060        0.000        0.012              1        0.01       12.02    SUVERTFE@1
 4705     0.00       37.060        0.000        0.000              1        0.01        0.05    SPGEOM_MOD:SUSPGEOM@1
 4706     0.00       37.060        0.000        0.018              1        0.01       18.31    FIELDS_MOD:FIELDS_CONTAIN@1
 4707     0.00       37.060        0.000        0.001              1        0.01        0.54    TRAJ_SETUP@1
 4708     0.00       37.060        0.000        0.000              7        0.00        0.00    RECMWF_PARALLEL:ECRAD_CPU:NULLIFY@1
 4709     0.00       37.060        0.000        0.000              1        0.01        0.07    YOE_CUCONVCA:INI_CUCONVCA@1
 4710     0.00       37.060        0.000        0.000              1        0.01        0.11    SUMCCLAG@1
 4711     0.00       37.060        0.000        0.000              7        0.00        0.00    RECMWF_PARALLEL:1:GET_DATA@1
 4712     0.00       37.060        0.000        0.000              2        0.01        0.01    OPENFAINFO@1
 4713     0.00       37.060        0.000        0.000              1        0.01        0.01    SUGEM3@1
 4714     0.00       37.060        0.000        0.000              1        0.01        0.06    IOSPECA_MOD:IOSPECA_SELECTD@1
 4715     0.00       37.060        0.000        0.000              1        0.01        0.07    SUCAPE@1
 4716     0.00       37.060        0.000        0.000              1        0.01        0.01    RRTM_CMBGB2_CPU@1
 4717     0.00       37.060        0.000        0.000              1        0.01        0.01    RRTM_CMBGB1_CPU@1
 4718     0.00       37.060        0.000        0.000              2        0.01        0.02    SUEDRD@1
 4719     0.00       37.060        0.000        0.000              1        0.01        0.01    YOMCSGEOM:DEALLO_TCSGEOM@1
 4720     0.00       37.060        0.000        0.000              1        0.01        0.01    PPSTA@1
 4721     0.00       37.060        0.000        0.001              1        0.01        0.57    SURAND1@1
 4722     0.00       37.060        0.000        0.001              1        0.01        0.51    SUPPVI@1
 4723     0.00       37.060        0.000        0.000             28        0.00        0.00    SURFACE_FIELDS_MIX:SETUP_SFLP2@1
 4724     0.00       37.060        0.000        0.000              1        0.01        0.01    SUDIMF2@1
 4725     0.00       37.060        0.000        0.000              1        0.01        0.01    SRTM_CMBGB20_CPU@1
 4726     0.00       37.060        0.000        0.000              2        0.01        0.08    FANMSG_MT@1
 4727     0.00       37.060        0.000        0.000              1        0.01        0.30    SUDVISI@1
 4728     0.00       37.060        0.000        0.003              1        0.01        3.45    SUINTERPOLATOR@1
 4729     0.00       37.060        0.000        0.000              1        0.01        0.01    RRTM_CMBGB8_CPU@1
 4730     0.00       37.060        0.000        0.000              1        0.01        0.01    SURRTAB@1
 4731     0.00       37.060        0.000        0.000              1        0.01        0.32    SUDWET@1
 4732     0.00       37.060        0.000        0.000              4        0.00        0.00    GRIB_API:IGRIB_GET_REAL4@1
 4733     0.00       37.060        0.000        0.000              1        0.01        0.25    YOMCVER:SUCVER@1
 4734     0.00       37.060        0.000        0.000              2        0.01        0.01    SUMPIOH@1
 4735     0.00       37.060        0.000        0.000              1        0.01        0.01    RRTM_CMBGB11_CPU@1
 4736     0.00       37.061        0.000        0.000              1        0.01        0.05    YOMGSGEOM:DEALLO_TGSGEOM_NB@1
 4737     0.00       37.061        0.000        0.000              8        0.00        0.00    SURFACE_FIELDS_MIX:SETUP_SFLP3@1
 4738     0.00       37.061        0.000        0.000              1        0.01        0.44    SUGWD@1
 4739     0.00       37.061        0.000        0.000              1        0.01        0.01    XUTRII@1
 4740     0.00       37.061        0.000        0.000              1        0.01        0.01    DISTRIBUTED_VECTORS_MIX:SETUP_DISTVEC@1
 4741     0.00       37.061        0.000        0.000              1        0.01        0.03    INTDYN_MOD:SUINTDYN@1
 4742     0.00       37.061        0.000        0.000              1        0.01        0.06    YOMGSGEOM:DEALLO_TGSGEOM_B@1
 4743     0.00       37.061        0.000        0.003              1        0.01        2.99    SUGRIDUA@1
 4744     0.00       37.061        0.000        0.000              1        0.01        0.01    radiation_config:consolidate_config_CPU@1
 4745     0.00       37.061        0.000        0.000              1        0.01        0.30    SUDPRECIPS@1
 4746     0.00       37.061        0.000        0.009              1        0.01        9.05    SUTRANS@1
 4747     0.00       37.061        0.000        0.000              2        0.01        0.01    FANOUV_MT@1
 4748     0.00       37.061        0.000       36.911              1        0.01    36911.31    CNT1@1
 4749     0.00       37.061        0.000        0.000              1        0.01        0.01    CPTAVE_MOD:CPTAVE@1
 4750     0.00       37.061        0.000        0.000              1        0.01        0.01    SRTM_CMBGB27_CPU@1
 4751     0.00       37.061        0.000        0.000              1        0.01        0.44    SUINTFLEX@1
 4752     0.00       37.061        0.000        0.000              1        0.01        0.02    SUFRAME@1
 4753     0.00       37.061        0.000        0.000              1        0.01        0.01    radiation_ifs_rrtm:setup_gas_optics_rrtm_CPU@1
 4754     0.00       37.061        0.000        0.000              1        0.01        0.48    SUPERTPAR@1
 4755     0.00       37.061        0.000        0.000              1        0.01        0.01    SULEGA@1
 4756     0.00       37.061        0.000        0.000              1        0.01        0.09    SU_COUP_COM@1
 4757     0.00       37.061        0.000        0.000              3        0.00        0.00    FACIES_MT@1
 4758     0.00       37.061        0.000        0.000             24        0.00        0.00    INDEXFIND_MOD:INDINLOC@1
 4759     0.00       37.061        0.000        0.000              2        0.00        0.01    IO_SERV_MAP_RECV_PART2@1
 4760     0.00       37.061        0.000        0.116              1        0.01      116.19    SUOPH@1
 4761     0.00       37.061        0.000        0.000              1        0.01        0.30    ENKF_MIX:SETUP_ENKF@1
 4762     0.00       37.061        0.000        0.000              7        0.00        0.00    APL_ARPEGE_AEROSOLS_FOR_RADIATION_PARALLEL:RADAER:NULLIFY@1
 4763     0.00       37.061        0.000        0.000              8        0.00        0.00    YOMCLMICST:MOMG@1
 4764     0.00       37.061        0.000        0.000              2        0.00        0.01    STACK_MIX:GETSTACKUSAGEX@1
 4765     0.00       37.061        0.000        0.000              1        0.01        0.04    SUETLDIAG@1
 4766     0.00       37.061        0.000        0.001              1        0.01        0.57    SUVDF@1
 4767     0.00       37.061        0.000        0.000              1        0.01        0.01    LFICOM:NEW_LFI_DEFAULT@1
 4768     0.00       37.061        0.000        0.000              1        0.01        0.01    SUALTDH@1
 4769     0.00       37.061        0.000        0.000              2        0.00        0.00    GRIB_API:IGRIB_GET_INT@1
 4770     0.00       37.061        0.000        0.000              1        0.01        0.44    SUGWWMS@1
 4771     0.00       37.061        0.000        0.000              1        0.01        0.01    SURRTPK_CPU@1
 4772     0.00       37.061        0.000        0.000              1        0.01        0.01    RRTM_CMBGB10_CPU@1
 4773     0.00       37.061        0.000        0.000              1        0.01        0.46    SUMETHOX@1
 4774     0.00       37.061        0.000        0.000              1        0.01        0.47    SUNUDGLH@1
 4775     0.00       37.061        0.000        0.000              1        0.01        0.01    AROINI_CONF@1
 4776     0.00       37.061        0.000        0.000              8        0.00        0.00    UPDCAL@1
 4777     0.00       37.061        0.000        0.000              1        0.01        0.01    SUSVEG_MOD:SUSVEG@1
 4778     0.00       37.061        0.000        0.000              1        0.01        0.01    INI_CST@1
 4779     0.00       37.061        0.000        0.000              4        0.00        0.00    EINT_MOD:DEALLO_SL_STRUCT@1
 4780     0.00       37.061        0.000        0.000             12        0.00        0.00    SPECTRAL_FIELDS_MOD:INTLOC@1
 4781     0.00       37.061        0.000        0.000              2        0.00        0.01    SUPERGOM_CLASS:SUPERGOM_DESTROY@1
 4782     0.00       37.061        0.000        0.002              3        0.00        0.74    "lfiouv_alts"@1:lfi_alts.c
 4783     0.00       37.061        0.000        0.000              1        0.01        0.01    SUVDFS@1
 4784     0.00       37.061        0.000        0.000              1        0.01        0.01    SUALMDH@1
 4785     0.00       37.061        0.000        0.000              7        0.00        0.00    RECMWF_PARALLEL:2:GET_DATA@1
 4786     0.00       37.061        0.000        0.001              1        0.01        0.54    SUSCM@1
 4787     0.00       37.061        0.000        0.000              1        0.01        0.01    SUMSC@1
 4788     0.00       37.061        0.000        0.001              1        0.01        0.54    GET_SPP_CONF@1
 4789     0.00       37.061        0.000        0.000              1        0.01        0.01    SUJBSKTECV@1
 4790     0.00       37.061        0.000        0.001              1        0.01        0.53    SUVWRK@1
 4791     0.00       37.061        0.000        0.000              1        0.01        0.01    SULWN@1
 4792     0.00       37.061        0.000        0.066              1        0.01       66.01    SUPHY@1
 4793     0.00       37.061        0.000        0.000              1        0.01        0.42    SUINI@1
 4794     0.00       37.061        0.000        0.000              1        0.01        0.01    BALANC@1
 4795     0.00       37.061        0.000        0.000              7        0.00        0.00    RECMWF_PARALLEL:ECRAD_POST:NULLIFY@1
 4796     0.00       37.061        0.000        0.002              1        0.01        1.79    radiation_cloud_optics:setup_cloud_optics_CPU@1
 4797     0.00       37.061        0.000        0.000              1        0.01        0.34    SPEUV@1
 4798     0.00       37.061        0.000        0.000              1        0.01        0.01    SUVEXCS_MOD:SUVEXCS@1
 4799     0.00       37.061        0.000        0.000              1        0.01        0.01    RRTM_CMBGB14_CPU@1
 4800     0.00       37.061        0.000        0.000              1        0.01        0.01    SUSRTAER@1
 4801     0.00       37.061        0.000        0.000              1        0.01        0.01    ECRADFR@1
 4802     0.00       37.061        0.000        0.000              1        0.01        0.01    FIELD_CONTAINER_BASE_MOD:GET_ACTIVE_FIELDS@1
 4803     0.00       37.061        0.000        0.000              1        0.01        0.01    SUWCOU@1
 4804     0.00       37.061        0.000        0.001              1        0.01        0.55    SPNG_MOD:SUSPNG@1
 4805     0.00       37.061        0.000        0.000              1        0.01        0.01    MF_PHYS_SAVE_PHSURF_PART2_PARALLEL:PART2:GET_DATA@1
 4806     0.00       37.061        0.000        0.000              7        0.00        0.00    RECMWF_PARALLEL:1:NULLIFY@1
 4807     0.00       37.061        0.000        0.000              1        0.01        0.01    RERESF_PART2@1
 4808     0.00       37.061        0.000       36.909              1        0.01    36909.39    CNT2@1
 4809     0.00       37.061        0.000        0.000              2        0.00        0.01    SUPERGOM_CLASS:SUPERGOM_FINAL@1
 4810     0.00       37.061        0.000        0.000              1        0.01        0.01    ELTRAN@1
 4811     0.00       37.061        0.000        0.000              3        0.00        0.01    GPHPRE@1
 4812     0.00       37.061        0.000        0.000              9        0.00        0.00    INTDYN_MOD:SUPTR_TXYB@1
 4813     0.00       37.061        0.000        0.000              1        0.01        0.01    SUJFH@1
 4814     0.00       37.061        0.000        0.000              1        0.01        0.01    FAGOTE_MT@1
 4815     0.00       37.061        0.000        0.000              3        0.00        0.00    SURF_INQ@1
 4816     0.00       37.061        0.000        0.000             10        0.00        0.00    SEAPRE@1
 4817     0.00       37.061        0.000        0.000              1        0.01        0.44    YOMGWDIAG:SETUP_GWDIAG@1
 4818     0.00       37.061        0.000        0.000              1        0.01        0.01    SUGRIDA_FIXUP@1
 4819     0.00       37.061        0.000        0.236              1        0.01      235.62    CSTA@1
 4820     0.00       37.061        0.000        0.000              2        0.00        0.00    GRIB_API:IGRIB_GET_MESSAGE_SIZE@1
 4821     0.00       37.061        0.000        0.001              1        0.00        0.54    SUSATSIM@1
 4822     0.00       37.061        0.000        0.000             10        0.00        0.00    GFL_SUBS_MOD:SET_GFL_ATTR@1
 4823     0.00       37.061        0.000        0.000              1        0.00        0.01    SUOPTPROMA@1
 4824     0.00       37.061        0.000        0.000              1        0.00        0.01    INTDYNSL_MOD:SUINTDYNSL@1
 4825     0.00       37.061        0.000        0.000              1        0.00        0.01    SPECTRAL_FIELDS_MOD:DEALLOCATE_SPEC@1
 4826     0.00       37.061        0.000        0.000              1        0.00        0.01    YOMLUN:FREE_LUN@1
 4827     0.00       37.061        0.000        0.000              2        0.00        0.01    FAIRNO_MT@1
 4828     0.00       37.061        0.000        0.000              1        0.00        0.00    SUSRTCOP@1
 4829     0.00       37.061        0.000        0.000              1        0.00        0.01    radiation_aerosol_optics_data:set_types_CPU@1
 4830     0.00       37.061        0.000        0.000              2        0.00        0.00    INI_SPEC_DIST@1
 4831     0.00       37.061        0.000        0.000              1        0.00        0.44    SUIAU@1
 4832     0.00       37.061        0.000        0.000              3        0.00        0.00    FANDAI_MT@1
 4833     0.00       37.061        0.000        0.000              1        0.00        0.07    SUECHK@1
 4834     0.00       37.061        0.000        0.000              1        0.00        0.00    SUAPL_ARPEGE@1
 4835     0.00       37.061        0.000        0.000             10        0.00        0.00    SUCSLINT@1
 4836     0.00       37.061        0.000        0.000              4        0.00        0.00    FALIMU_MT@1
 4837     0.00       37.061        0.000        0.000              3        0.00        0.00    FADIEX_MT@1
 4838     0.00       37.061        0.000        0.000              1        0.00        0.00    MONVAR@1
 4839     0.00       37.061        0.000        0.000              1        0.00        0.00    GMV_SUBS_MOD:SETUP_T9@1
 4840     0.00       37.061        0.000        0.000              1        0.00        0.00    SUALNUD@1
 4841     0.00       37.061        0.000        0.000              1        0.00        0.02    SPGEOM_MOD:SUSMAP@1
 4842     0.00       37.061        0.000        0.000              1        0.00        0.00    SURRTFTR@1
 4843     0.00       37.061        0.000        0.000              1        0.00        0.00    MF_PHYS_SAVE_PHSURF_PART1_PARALLEL:PART1:GET_DATA@1
 4844     0.00       37.061        0.000        0.000              2        0.00        0.00    DEALLOCATE_IF_ASSOCIATED_MOD:DEALLOCATE_IF_ASSOCIATED_INTEGER_2D@1
 4845     0.00       37.061        0.000        0.003              1        0.00        3.47    YOMCSGEOM:DEALLO_TCSGEOM_NB@1
 4846     0.00       37.061        0.000        0.000              1        0.00        0.46    SUIOS@1
 4847     0.00       37.061        0.000        0.000              1        0.00        0.00    SUSRTM_CPU@1
 4848     0.00       37.061        0.000        0.000              1        0.00        0.00    SURRTRF_CPU@1
 4849     0.00       37.061        0.000        0.003              1        0.00        3.41    MF_PHYS_SAVE_PHSURF_PART1_PARALLEL@1
 4850     0.00       37.061        0.000        0.000              1        0.00        0.22    MF_PHYS_SAVE_PHSURF_PART2_PARALLEL@1
 4851     0.00       37.061        0.000        0.000              7        0.00        0.00    RECMWF_PARALLEL:2:NULLIFY@1
 4852     0.00       37.061        0.000        0.000              1        0.00        0.01    FAREGI_MT@1
 4853     0.00       37.061        0.000        0.000              6        0.00        0.00    FAINOC_MT@1
 4854     0.00       37.061        0.000        0.000              2        0.00        0.00    radiation_spectral_definition:allocate_bands_only_CPU@1
 4855     0.00       37.061        0.000        0.000              1        0.00        0.00    RRTM_CMBGB6_CPU@1
 4856     0.00       37.061        0.000        0.000              1        0.00        0.02    SCORDO@1
 4857     0.00       37.061        0.000        0.000              1        0.00        0.00    SUSAVTEND@1
 4858     0.00       37.061        0.000        0.000              1        0.00        0.00    SURWN_MOD:SURWN@1
 4859     0.00       37.061        0.000        0.000              2        0.00        0.00    AROINI_BUDGET@1
 4860     0.00       37.061        0.000        0.000              1        0.00        0.01    SUALSPA@1
 4861     0.00       37.061        0.000        0.000              1        0.00        0.00    BALBAK@1
 4862     0.00       37.061        0.000        0.002              1        0.00        1.84    IOGRID_MOD:IOGRID_SELECTFX@1
 4863     0.00       37.061        0.000        0.000              2        0.00        0.00    DEALLOCATE_IF_ASSOCIATED_MOD:DEALLOCATE_IF_ASSOCIATED_INTEGER_1D@1
 4864     0.00       37.061        0.000        0.000              1        0.00        0.01    YOMCSGEOM:DEALLO_TCSGEOM_B@1
 4865     0.00       37.061        0.000        0.000              1        0.00        0.00    SUCOND@1
 4866     0.00       37.061        0.000        0.000              1        0.00        0.00    SRTM_CMBGB23_CPU@1
 4867     0.00       37.061        0.000        0.000              2        0.00        0.00    FALSIF_MT@1
 4868     0.00       37.061        0.000        0.001              1        0.00        0.69    SPEREE@1
 4869     0.00       37.061        0.000        0.000              4        0.00        0.00    CPTAVE_MOD:AVECLA@1
 4870     0.00       37.061        0.000        0.000              1        0.00        0.00    SRTM_CMBGB25_CPU@1
 4871     0.00       37.061        0.000        0.000              1        0.00        0.33    IOGRIDA_MOD:IOGRIDA_COUNT@1
 4872     0.00       37.061        0.000        0.000              1        0.00        0.00    YOMVERT:ALLOC_INIT_TVAB@1
 4873     0.00       37.061        0.000        0.003              1        0.00        3.07    IOSPECA_MOD:IOSPECA_SELECTFX@1
 4874     0.00       37.061        0.000        0.000              1        0.00        0.00    SLCSET:SLEXPOLSETUP@1
 4875     0.00       37.061        0.000        0.000              1        0.00        0.00    FALSIFY_SURF_FLDS@1
 4876     0.00       37.061        0.000        0.000              1        0.00        0.00    SPECTRAL_FIELDS_MOD:SETUP_SPEC@1
 4877     0.00       37.061        0.000        0.000              1        0.00        0.01    SUSRAD_MOD:SUSRAD@1
 4878     0.00       37.061        0.000        0.000              1        0.00        0.00    FAGIOT_MT@1
 4879     0.00       37.061        0.000        0.000              1        0.00        0.01    FACADE_MT@1
 4880     0.00       37.061        0.000        0.000              1        0.00        0.01    IOGRIDUA_MOD:IOGRIDUA_SELECT_WH@1
 4881     0.00       37.061        0.000        0.001              1        0.00        0.58    EIGSOL@1
 4882     0.00       37.061        0.000        0.000              1        0.00        0.00    SUJBALPHACV@1
 4883     0.00       37.061        0.000        0.000              6        0.00        0.00    radiation_aerosol_optics_data:set_hydrophobic_type_CPU@1
 4884     0.00       37.061        0.000        0.000              3        0.00        0.00    "lficas_alts"@1:lfi_alts.c
 4885     0.00       37.061        0.000        0.000              6        0.00        0.00    INTDYN_MOD:SUPTR_THWIND@1
 4886     0.00       37.061        0.000        0.000              3        0.00        0.00    "lfiomg_alts"@1:lfi_alts.c
 4887     0.00       37.061        0.000        0.000              1        0.00        0.02    SUPHLI@1
 4888     0.00       37.061        0.000        0.000              4        0.00        0.00    SUCFU:NEXTYPE1B@1
 4889     0.00       37.061        0.000        0.000              1        0.00        0.00    SRFROOTFR_MOD:SRFROOTFR@1
 4890     0.00       37.061        0.000        0.000              3        0.00        0.00    IOMULTIBUF_MOD:IOMULTIBUF_SIZE_IDX@1
 4891     0.00       37.061        0.000        0.000              2        0.00        0.00    FAVEUR_MT@1
 4892     0.00       37.061        0.000        0.000              1        0.00        0.00    class_nvar%finish@1
 4893     0.00       37.061        0.000        0.000              5        0.00        0.00    INTDYN_MOD:SUPTR_TXYBDER@1
 4894     0.00       37.061        0.000        0.000              3        0.00        0.00    DEALLOCATE_IF_ALLOCATED_MOD:DEALLOCATE_IF_ALLOCATED_REAL32_1D@1
 4895     0.00       37.061        0.000        0.000              1        0.00        0.00    YEMLBC_INIT:SUELBC_INIT@1
 4896     0.00       37.061        0.000        0.000              1        0.00        0.00    MODEL_MOD:MODEL_DELETE@1
 4897     0.00       37.061        0.000        0.000              1        0.00        0.01    SUGRIDUA_MAP_PART2@1
 4898     0.00       37.061        0.000        0.000              2        0.00        0.00    YOE_SPECTRAL_PLANCK:FREE_SPECTRAL_PLANCK@1
 4899     0.00       37.061        0.000        0.000              1        0.00        0.02    SUSPECA_FIXUP@1
 4900     0.00       37.061        0.000        0.000              2        0.00        0.00    FAVORI_MT@1
 4901     0.00       37.061        0.000        0.000              4        0.00        0.00    INTDYN_MOD:SUPTR_TRCP@1
 4902     0.00       37.061        0.000        0.000              2        0.00        0.00    INTDYNSL_MOD:SUPTR_TRSCAW@1
 4903     0.00       37.061        0.000        0.000              1        0.00        0.00    SUDEFO_VV1@1
 4904     0.00       37.061        0.000        0.000              1        0.00        0.00    class_nvar%auto_finish@1
 4905     0.00       37.061        0.000        0.000              3        0.00        0.00    GRIDPOINT_FIELDS_MIX:HUGIFY_ENDGRID@1
 4906     0.00       37.061        0.000        0.000              1        0.00        0.00    UPDTIER@1
 4907     0.00       37.061        0.000        0.000              4        0.00        0.00    INTDYN_MOD:SUPTR_TCTY@1
 4908     0.00       37.061        0.000        0.000              2        0.00        0.00    "lfinmg_altm"@1:lfi_altm.c
 4909     0.00       37.061        0.000        0.000              1        0.00        0.00    SUAERV@1
 4910     0.00       37.061        0.000        0.000              1        0.00        0.00    SUSPECA_MAP_PART2@1
 4911     0.00       37.061        0.000        0.000              1        0.00        0.00    SUSTHF_MOD:SUSTHF@1
 4912     0.00       37.061        0.000        0.000              2        0.00        0.00    GMV_SUBS_MOD:SETUP_T0@1
 4913     0.00       37.061        0.000        0.000              2        0.00        0.00    DEALLOCATE_IF_ALLOCATED_MOD:DEALLOCATE_IF_ALLOCATED_INTEGER_1D@1
 4914     0.00       37.061        0.000        0.000              1        0.00        0.00    IO_SERV_EXIT@1
 4915     0.00       37.061        0.000        0.000              1        0.00        0.00    SU2YOM@1
 4916     0.00       37.061        0.000        0.000              1        0.00        0.00    MTRAJ_MOD:MTRAJ_DELETE@1
 4917     0.00       37.061        0.000        0.000              1        0.00        0.01    IOGRIDUA_MOD:IOGRIDUA_COUNT@1
 4918     0.00       37.061        0.000        0.000              1        0.00        0.00    IOSPECA_MOD:IOSPECA_FINISH@1
 4919     0.00       37.061        0.000        0.000              1        0.00        0.00    GSTATS_OUTPUT_IFS@1
 4920     0.00       37.061        0.000        0.000              1        0.00        0.00    SUGRIDA_FIX_TOZ@1
 4921     0.00       37.061        0.000        0.000              2        0.00        0.00    SU_CLOP550@1
 4922     0.00       37.061        0.000        0.000              1        0.00        0.00    SUSURB_MOD:SUSURB@1
 4923     0.00       37.061        0.000        0.000              1        0.00        0.00    SUXIOS@1
 4924     0.00       37.061        0.000        0.000              1        0.00        0.00    MF_PHYS_SAVE_PHSURF_PART2_PARALLEL:PART2:NULLIFY@1
 4925     0.00       37.061        0.000        0.000              1        0.00        0.00    SUAERH@1
 4926     0.00       37.061        0.000        0.000              1        0.00        0.00    IOSPECA_MOD:IOSPECA_VSETOFF@1
 4927     0.00       37.061        0.000        0.000              1        0.00        0.00    FAAUTO_MT@1
 4928     0.00       37.061        0.000        0.000              2        0.00        0.00    IOMULTIBUF_MOD:IOMULTIBUF_INIT_IDX@1
 4929     0.00       37.061        0.000        0.000              2        0.00        0.00    FX2T@1
 4930     0.00       37.061        0.000        0.000              2        0.00        0.00    "lfinmg_alts"@1:lfi_alts.c
 4931     0.00       37.061        0.000        0.000              2        0.00        0.00    MFIOOPTS_MOD:MFIOOPTS_GETOPTS@1
 4932     0.00       37.061        0.000        0.000              1        0.00        0.00    FP_SERV_EXIT@1
 4933     0.00       37.061        0.000        0.000              1        0.00        0.00    SUSPVARIABLES@1
 4934     0.00       37.061        0.000        0.000              1        0.00        0.33    IOGRIDA_MOD:IOGRIDA_SELECTDP@1
 4935     0.00       37.061        0.000        0.000              1        0.00        0.00    INI_SPP@1
 4936     0.00       37.061        0.000        0.000              1        0.00        0.00    INI_TURB@1
 4937     0.00       37.061        0.000        0.000              1        0.00        0.00    MF_PHYS_SAVE_PHSURF_PART1_PARALLEL:PART1:NULLIFY@1
 4938     0.00       37.061        0.000        0.000              2        0.00        0.00    IOGRIDA_MOD:ROZO@1
 4939     0.00       37.061        0.000        0.000              1        0.00        0.00    MODEL_MOD:MODEL_UNSET@1
 4940     0.00       37.061        0.000        0.000              1        0.00        0.00    SUCLD@1
 4941     0.00       37.061        0.000        0.001              1        0.00        0.64    SUFIELD_API@1
 4942     0.00       37.061        0.000        0.000              1        0.00        0.00    YOMCST:TCST_INIT@1
 4943     0.00       37.061        0.000        0.000              1        0.00        0.00    SURAYFRIC@1
 4944     0.00       37.061        0.000        0.000              1        0.00        0.00    MODIFY_WV_CONTINUUM@1
 4945     0.00       37.061        0.000        0.000              1        0.00        0.00    IOSPECA_MOD:IOSPECA_COUNT@1
 4946     0.00       37.062        0.000        0.000              1        0.00        0.00    MODULE_RADTC_MIX:SUPTRTC@1
 4947     0.00       37.062        0.000        0.000              2        0.00        0.00    INTDYNSL_MOD:SUPTR_TLSCAW@1
 4948     0.00       37.062        0.000        0.000              1        0.00        0.00    IOGRID_MOD:DEL_INDSEL@1
 4949     0.00       37.062        0.000        0.000              1        0.00        0.00    SUVEXC_MOD:SUVEXC@1
 4950     0.00       37.062        0.000        0.000              1        0.00        0.00    INTDYN_MOD:SUPTR_TTND@1
 4951     0.00       37.062        0.000        0.000              1        0.00        0.00    SUJBECPHYSECV@1
 4952     0.00       37.062        0.000        0.000              1        0.00        0.00    INI_CONVPAR0@1
 4953     0.00       37.062        0.000        0.000              1        0.00        0.00    TYPE_ECV:INITIALIZE_ECVDIM@1
 4954     0.00       37.062        0.000        0.000              1        0.00        0.00    SUHDIR@1
 4955     0.00       37.062        0.000        0.000              1        0.00        0.00    SUPTRGPPC@1
 4956     0.00       37.062        0.000        0.000              1        0.00        0.00    SUSCST_MOD:SUSCST@1
 4957     0.00       37.062        0.000        0.000              1        0.00        0.00    SUGRIDA_FIXUP:SUGRIDA_FIX_SURFANALYSISMASK@1
 4958     0.00       37.062        0.000        0.000              1        0.00        0.00    SUIOSTREAM@1
 4959     0.00       37.062        0.000        0.000              1        0.00        0.00    INTDYN_MOD:SUPTR_TGFLT@1
 4960     0.00       37.062        0.000        0.000              1        0.00        0.00    SUGRIDA_FIXUP:SUGRIDA_FIX_LSM@1
 4961     0.00       37.062        0.000        0.000              1        0.00        0.00    SUSFLAKE_MOD:SUSFLAKE@1
 4962     0.00       37.062        0.000        0.000              1        0.00        0.00    SU1YOM@1
 4963     0.00       37.062        0.000        0.000              1        0.00        0.00    SUTRAJP@1
 4964     0.00       37.062        0.000        0.000              1        0.00        0.00    SUOVLP@1
 4965     0.00       37.062        0.000        0.000              1        0.00        0.00    SUDEFO_TSTEP@1
 4966     0.00       37.062        0.000        0.000              1        0.00        0.00    GMV_SUBS_MOD:SETUP_T1@1
 4967     0.00       37.062        0.000        0.000              1        0.00        0.00    SUCST_IFSAUX@1
 4968     0.00       37.062        0.000        0.000              1        0.00        0.00    LFICOM:NEW_LFI@1
 4969     0.00       37.062        0.000        0.000              1        0.00        0.00    SU3YOM@1
 4970     0.00       37.062        0.000        0.000              1        0.00        0.00    SRTM_KGB26@1
 4971     0.00       37.062        0.000        0.000              1        0.00        0.00    SUAERL@1
 4972     0.00       37.062        0.000        0.000              1        0.00        0.00    INTDYN_MOD:SUPTR_TGMVT@1
 4973     0.00       37.062        0.000        0.000              1        0.00        0.00    INTDYNSL_MOD:SUPTR_TCCO@1
 4974     0.00       37.062        0.000        0.000              1        0.00        0.00    SRTM_CMBGB26_CPU@1
 4975     0.00       37.062        0.000        0.000              1        0.00        0.00    INTDYNSL_MOD:SUPTR_TSCO@1
 4976     0.00       37.062        0.000        0.000              1        0.00        0.00    SURDI@1
 4977     0.00       37.062        0.000        0.000              1        0.00        0.00    IOSPECA_MOD:IOSPECA_START@1
 4978     0.00       37.062        0.000        0.000              1        0.00        0.00    GMV_SUBS_MOD:SETUP_PH9@1
 4979     0.00       37.062        0.000        0.000              1        0.00        0.00    GMV_SUBS_MOD:SETUP_GP@1
 4980     0.00       37.062        0.000        0.000              1        0.00        0.00    INI_CONVPAR1@1
