+ set -e
+ ulimit -s unlimited
+ export OMP_STACKSIZE=4G
+ OMP_STACKSIZE=4G
+ export KMP_STACKSIZE=4G
+ KMP_STACKSIZE=4G
+ export KMP_MONITOR_STACKSIZE=1G
+ KMP_MONITOR_STACKSIZE=1G
+ export DR_HOOK=1
+ DR_HOOK=1
+ export DR_HOOK_IGNORE_SIGNALS=-1
+ DR_HOOK_IGNORE_SIGNALS=-1
+ export DR_HOOK_OPT=prof
+ DR_HOOK_OPT=prof
+ export EC_PROFILE_HEAP=0
+ EC_PROFILE_HEAP=0
+ export EC_MPI_ATEXIT=0
+ EC_MPI_ATEXIT=0
+ export MKL_CBWR=AUTO,STRICT
+ MKL_CBWR=AUTO,STRICT
+ export MKL_DEBUG_CPU_TYPE=5
+ MKL_DEBUG_CPU_TYPE=5
+ export MKL_NUM_THREADS=1
+ MKL_NUM_THREADS=1
+ cat /proc/cpuinfo
processor	: 0
vendor_id	: AuthenticAMD
cpu family	: 23
model		: 49
model name	: AMD EPYC 7742 64-Core Processor
stepping	: 0
microcode	: 0x830107a
cpu MHz		: 2250.000
cache size	: 512 KB
physical id	: 0
siblings	: 64
core id		: 0
cpu cores	: 64
apicid		: 0
initial apicid	: 0
fpu		: yes
fpu_exception	: yes
cpuid level	: 16
wp		: yes
flags		: fpu vme de pse tsc msr pae mce cx8 apic sep mtrr pge mca cmov pat pse36 clflush mmx fxsr sse sse2 ht syscall nx mmxext fxsr_opt pdpe1gb rdtscp lm constant_tsc art rep_good nopl nonstop_tsc extd_apicid aperfmperf eagerfpu pni pclmulqdq monitor ssse3 fma cx16 sse4_1 sse4_2 x2apic movbe popcnt aes xsave avx f16c rdrand lahf_lm cmp_legacy svm extapic cr8_legacy abm sse4a misalignsse 3dnowprefetch osvw ibs skinit wdt tce topoext perfctr_core perfctr_nb bpext perfctr_l2 cpb cat_l3 cdp_l3 hw_pstate sme ssbd rsb_ctxsw ibrs ibpb stibp vmmcall fsgsbase bmi1 avx2 smep bmi2 cqm rdt_a rdseed adx smap clflushopt clwb sha_ni xsaveopt xsavec xgetbv1 cqm_llc cqm_occup_llc cqm_mbm_total cqm_mbm_local clzero irperf xsaveerptr arat npt lbrv svm_lock nrip_save tsc_scale vmcb_clean flushbyasid decodeassists pausefilter pfthreshold avic v_vmsave_vmload vgif umip overflow_recov succor smca
bogomips	: 4499.88
TLB size	: 3072 4K pages
clflush size	: 64
cache_alignment	: 64
address sizes	: 43 bits physical, 48 bits virtual
power management: ts ttp tm hwpstate cpb eff_freq_ro [13] [14]

processor	: 1
vendor_id	: AuthenticAMD
cpu family	: 23
model		: 49
model name	: AMD EPYC 7742 64-Core Processor
stepping	: 0
microcode	: 0x830107a
cpu MHz		: 2250.000
cache size	: 512 KB
physical id	: 0
siblings	: 64
core id		: 1
cpu cores	: 64
apicid		: 1
initial apicid	: 1
fpu		: yes
fpu_exception	: yes
cpuid level	: 16
wp		: yes
flags		: fpu vme de pse tsc msr pae mce cx8 apic sep mtrr pge mca cmov pat pse36 clflush mmx fxsr sse sse2 ht syscall nx mmxext fxsr_opt pdpe1gb rdtscp lm constant_tsc art rep_good nopl nonstop_tsc extd_apicid aperfmperf eagerfpu pni pclmulqdq monitor ssse3 fma cx16 sse4_1 sse4_2 x2apic movbe popcnt aes xsave avx f16c rdrand lahf_lm cmp_legacy svm extapic cr8_legacy abm sse4a misalignsse 3dnowprefetch osvw ibs skinit wdt tce topoext perfctr_core perfctr_nb bpext perfctr_l2 cpb cat_l3 cdp_l3 hw_pstate sme ssbd rsb_ctxsw ibrs ibpb stibp vmmcall fsgsbase bmi1 avx2 smep bmi2 cqm rdt_a rdseed adx smap clflushopt clwb sha_ni xsaveopt xsavec xgetbv1 cqm_llc cqm_occup_llc cqm_mbm_total cqm_mbm_local clzero irperf xsaveerptr arat npt lbrv svm_lock nrip_save tsc_scale vmcb_clean flushbyasid decodeassists pausefilter pfthreshold avic v_vmsave_vmload vgif umip overflow_recov succor smca
bogomips	: 4499.88
TLB size	: 3072 4K pages
clflush size	: 64
cache_alignment	: 64
address sizes	: 43 bits physical, 48 bits virtual
power management: ts ttp tm hwpstate cpb eff_freq_ro [13] [14]

processor	: 2
vendor_id	: AuthenticAMD
cpu family	: 23
model		: 49
model name	: AMD EPYC 7742 64-Core Processor
stepping	: 0
microcode	: 0x830107a
cpu MHz		: 2250.000
cache size	: 512 KB
physical id	: 0
siblings	: 64
core id		: 2
cpu cores	: 64
apicid		: 2
initial apicid	: 2
fpu		: yes
fpu_exception	: yes
cpuid level	: 16
wp		: yes
flags		: fpu vme de pse tsc msr pae mce cx8 apic sep mtrr pge mca cmov pat pse36 clflush mmx fxsr sse sse2 ht syscall nx mmxext fxsr_opt pdpe1gb rdtscp lm constant_tsc art rep_good nopl nonstop_tsc extd_apicid aperfmperf eagerfpu pni pclmulqdq monitor ssse3 fma cx16 sse4_1 sse4_2 x2apic movbe popcnt aes xsave avx f16c rdrand lahf_lm cmp_legacy svm extapic cr8_legacy abm sse4a misalignsse 3dnowprefetch osvw ibs skinit wdt tce topoext perfctr_core perfctr_nb bpext perfctr_l2 cpb cat_l3 cdp_l3 hw_pstate sme ssbd rsb_ctxsw ibrs ibpb stibp vmmcall fsgsbase bmi1 avx2 smep bmi2 cqm rdt_a rdseed adx smap clflushopt clwb sha_ni xsaveopt xsavec xgetbv1 cqm_llc cqm_occup_llc cqm_mbm_total cqm_mbm_local clzero irperf xsaveerptr arat npt lbrv svm_lock nrip_save tsc_scale vmcb_clean flushbyasid decodeassists pausefilter pfthreshold avic v_vmsave_vmload vgif umip overflow_recov succor smca
bogomips	: 4499.88
TLB size	: 3072 4K pages
clflush size	: 64
cache_alignment	: 64
address sizes	: 43 bits physical, 48 bits virtual
power management: ts ttp tm hwpstate cpb eff_freq_ro [13] [14]

processor	: 3
vendor_id	: AuthenticAMD
cpu family	: 23
model		: 49
model name	: AMD EPYC 7742 64-Core Processor
stepping	: 0
microcode	: 0x830107a
cpu MHz		: 2250.000
cache size	: 512 KB
physical id	: 0
siblings	: 64
core id		: 3
cpu cores	: 64
apicid		: 3
initial apicid	: 3
fpu		: yes
fpu_exception	: yes
cpuid level	: 16
wp		: yes
flags		: fpu vme de pse tsc msr pae mce cx8 apic sep mtrr pge mca cmov pat pse36 clflush mmx fxsr sse sse2 ht syscall nx mmxext fxsr_opt pdpe1gb rdtscp lm constant_tsc art rep_good nopl nonstop_tsc extd_apicid aperfmperf eagerfpu pni pclmulqdq monitor ssse3 fma cx16 sse4_1 sse4_2 x2apic movbe popcnt aes xsave avx f16c rdrand lahf_lm cmp_legacy svm extapic cr8_legacy abm sse4a misalignsse 3dnowprefetch osvw ibs skinit wdt tce topoext perfctr_core perfctr_nb bpext perfctr_l2 cpb cat_l3 cdp_l3 hw_pstate sme ssbd rsb_ctxsw ibrs ibpb stibp vmmcall fsgsbase bmi1 avx2 smep bmi2 cqm rdt_a rdseed adx smap clflushopt clwb sha_ni xsaveopt xsavec xgetbv1 cqm_llc cqm_occup_llc cqm_mbm_total cqm_mbm_local clzero irperf xsaveerptr arat npt lbrv svm_lock nrip_save tsc_scale vmcb_clean flushbyasid decodeassists pausefilter pfthreshold avic v_vmsave_vmload vgif umip overflow_recov succor smca
bogomips	: 4499.88
TLB size	: 3072 4K pages
clflush size	: 64
cache_alignment	: 64
address sizes	: 43 bits physical, 48 bits virtual
power management: ts ttp tm hwpstate cpb eff_freq_ro [13] [14]

processor	: 4
vendor_id	: AuthenticAMD
cpu family	: 23
model		: 49
model name	: AMD EPYC 7742 64-Core Processor
stepping	: 0
microcode	: 0x830107a
cpu MHz		: 2250.000
cache size	: 512 KB
physical id	: 0
siblings	: 64
core id		: 4
cpu cores	: 64
apicid		: 4
initial apicid	: 4
fpu		: yes
fpu_exception	: yes
cpuid level	: 16
wp		: yes
flags		: fpu vme de pse tsc msr pae mce cx8 apic sep mtrr pge mca cmov pat pse36 clflush mmx fxsr sse sse2 ht syscall nx mmxext fxsr_opt pdpe1gb rdtscp lm constant_tsc art rep_good nopl nonstop_tsc extd_apicid aperfmperf eagerfpu pni pclmulqdq monitor ssse3 fma cx16 sse4_1 sse4_2 x2apic movbe popcnt aes xsave avx f16c rdrand lahf_lm cmp_legacy svm extapic cr8_legacy abm sse4a misalignsse 3dnowprefetch osvw ibs skinit wdt tce topoext perfctr_core perfctr_nb bpext perfctr_l2 cpb cat_l3 cdp_l3 hw_pstate sme ssbd rsb_ctxsw ibrs ibpb stibp vmmcall fsgsbase bmi1 avx2 smep bmi2 cqm rdt_a rdseed adx smap clflushopt clwb sha_ni xsaveopt xsavec xgetbv1 cqm_llc cqm_occup_llc cqm_mbm_total cqm_mbm_local clzero irperf xsaveerptr arat npt lbrv svm_lock nrip_save tsc_scale vmcb_clean flushbyasid decodeassists pausefilter pfthreshold avic v_vmsave_vmload vgif umip overflow_recov succor smca
bogomips	: 4499.88
TLB size	: 3072 4K pages
clflush size	: 64
cache_alignment	: 64
address sizes	: 43 bits physical, 48 bits virtual
power management: ts ttp tm hwpstate cpb eff_freq_ro [13] [14]

processor	: 5
vendor_id	: AuthenticAMD
cpu family	: 23
model		: 49
model name	: AMD EPYC 7742 64-Core Processor
stepping	: 0
microcode	: 0x830107a
cpu MHz		: 2250.000
cache size	: 512 KB
physical id	: 0
siblings	: 64
core id		: 5
cpu cores	: 64
apicid		: 5
initial apicid	: 5
fpu		: yes
fpu_exception	: yes
cpuid level	: 16
wp		: yes
flags		: fpu vme de pse tsc msr pae mce cx8 apic sep mtrr pge mca cmov pat pse36 clflush mmx fxsr sse sse2 ht syscall nx mmxext fxsr_opt pdpe1gb rdtscp lm constant_tsc art rep_good nopl nonstop_tsc extd_apicid aperfmperf eagerfpu pni pclmulqdq monitor ssse3 fma cx16 sse4_1 sse4_2 x2apic movbe popcnt aes xsave avx f16c rdrand lahf_lm cmp_legacy svm extapic cr8_legacy abm sse4a misalignsse 3dnowprefetch osvw ibs skinit wdt tce topoext perfctr_core perfctr_nb bpext perfctr_l2 cpb cat_l3 cdp_l3 hw_pstate sme ssbd rsb_ctxsw ibrs ibpb stibp vmmcall fsgsbase bmi1 avx2 smep bmi2 cqm rdt_a rdseed adx smap clflushopt clwb sha_ni xsaveopt xsavec xgetbv1 cqm_llc cqm_occup_llc cqm_mbm_total cqm_mbm_local clzero irperf xsaveerptr arat npt lbrv svm_lock nrip_save tsc_scale vmcb_clean flushbyasid decodeassists pausefilter pfthreshold avic v_vmsave_vmload vgif umip overflow_recov succor smca
bogomips	: 4499.88
TLB size	: 3072 4K pages
clflush size	: 64
cache_alignment	: 64
address sizes	: 43 bits physical, 48 bits virtual
power management: ts ttp tm hwpstate cpb eff_freq_ro [13] [14]

processor	: 6
vendor_id	: AuthenticAMD
cpu family	: 23
model		: 49
model name	: AMD EPYC 7742 64-Core Processor
stepping	: 0
microcode	: 0x830107a
cpu MHz		: 2250.000
cache size	: 512 KB
physical id	: 0
siblings	: 64
core id		: 6
cpu cores	: 64
apicid		: 6
initial apicid	: 6
fpu		: yes
fpu_exception	: yes
cpuid level	: 16
wp		: yes
flags		: fpu vme de pse tsc msr pae mce cx8 apic sep mtrr pge mca cmov pat pse36 clflush mmx fxsr sse sse2 ht syscall nx mmxext fxsr_opt pdpe1gb rdtscp lm constant_tsc art rep_good nopl nonstop_tsc extd_apicid aperfmperf eagerfpu pni pclmulqdq monitor ssse3 fma cx16 sse4_1 sse4_2 x2apic movbe popcnt aes xsave avx f16c rdrand lahf_lm cmp_legacy svm extapic cr8_legacy abm sse4a misalignsse 3dnowprefetch osvw ibs skinit wdt tce topoext perfctr_core perfctr_nb bpext perfctr_l2 cpb cat_l3 cdp_l3 hw_pstate sme ssbd rsb_ctxsw ibrs ibpb stibp vmmcall fsgsbase bmi1 avx2 smep bmi2 cqm rdt_a rdseed adx smap clflushopt clwb sha_ni xsaveopt xsavec xgetbv1 cqm_llc cqm_occup_llc cqm_mbm_total cqm_mbm_local clzero irperf xsaveerptr arat npt lbrv svm_lock nrip_save tsc_scale vmcb_clean flushbyasid decodeassists pausefilter pfthreshold avic v_vmsave_vmload vgif umip overflow_recov succor smca
bogomips	: 4499.88
TLB size	: 3072 4K pages
clflush size	: 64
cache_alignment	: 64
address sizes	: 43 bits physical, 48 bits virtual
power management: ts ttp tm hwpstate cpb eff_freq_ro [13] [14]

processor	: 7
vendor_id	: AuthenticAMD
cpu family	: 23
model		: 49
model name	: AMD EPYC 7742 64-Core Processor
stepping	: 0
microcode	: 0x830107a
cpu MHz		: 2250.000
cache size	: 512 KB
physical id	: 0
siblings	: 64
core id		: 7
cpu cores	: 64
apicid		: 7
initial apicid	: 7
fpu		: yes
fpu_exception	: yes
cpuid level	: 16
wp		: yes
flags		: fpu vme de pse tsc msr pae mce cx8 apic sep mtrr pge mca cmov pat pse36 clflush mmx fxsr sse sse2 ht syscall nx mmxext fxsr_opt pdpe1gb rdtscp lm constant_tsc art rep_good nopl nonstop_tsc extd_apicid aperfmperf eagerfpu pni pclmulqdq monitor ssse3 fma cx16 sse4_1 sse4_2 x2apic movbe popcnt aes xsave avx f16c rdrand lahf_lm cmp_legacy svm extapic cr8_legacy abm sse4a misalignsse 3dnowprefetch osvw ibs skinit wdt tce topoext perfctr_core perfctr_nb bpext perfctr_l2 cpb cat_l3 cdp_l3 hw_pstate sme ssbd rsb_ctxsw ibrs ibpb stibp vmmcall fsgsbase bmi1 avx2 smep bmi2 cqm rdt_a rdseed adx smap clflushopt clwb sha_ni xsaveopt xsavec xgetbv1 cqm_llc cqm_occup_llc cqm_mbm_total cqm_mbm_local clzero irperf xsaveerptr arat npt lbrv svm_lock nrip_save tsc_scale vmcb_clean flushbyasid decodeassists pausefilter pfthreshold avic v_vmsave_vmload vgif umip overflow_recov succor smca
bogomips	: 4499.88
TLB size	: 3072 4K pages
clflush size	: 64
cache_alignment	: 64
address sizes	: 43 bits physical, 48 bits virtual
power management: ts ttp tm hwpstate cpb eff_freq_ro [13] [14]

processor	: 8
vendor_id	: AuthenticAMD
cpu family	: 23
model		: 49
model name	: AMD EPYC 7742 64-Core Processor
stepping	: 0
microcode	: 0x830107a
cpu MHz		: 2250.000
cache size	: 512 KB
physical id	: 0
siblings	: 64
core id		: 8
cpu cores	: 64
apicid		: 8
initial apicid	: 8
fpu		: yes
fpu_exception	: yes
cpuid level	: 16
wp		: yes
flags		: fpu vme de pse tsc msr pae mce cx8 apic sep mtrr pge mca cmov pat pse36 clflush mmx fxsr sse sse2 ht syscall nx mmxext fxsr_opt pdpe1gb rdtscp lm constant_tsc art rep_good nopl nonstop_tsc extd_apicid aperfmperf eagerfpu pni pclmulqdq monitor ssse3 fma cx16 sse4_1 sse4_2 x2apic movbe popcnt aes xsave avx f16c rdrand lahf_lm cmp_legacy svm extapic cr8_legacy abm sse4a misalignsse 3dnowprefetch osvw ibs skinit wdt tce topoext perfctr_core perfctr_nb bpext perfctr_l2 cpb cat_l3 cdp_l3 hw_pstate sme ssbd rsb_ctxsw ibrs ibpb stibp vmmcall fsgsbase bmi1 avx2 smep bmi2 cqm rdt_a rdseed adx smap clflushopt clwb sha_ni xsaveopt xsavec xgetbv1 cqm_llc cqm_occup_llc cqm_mbm_total cqm_mbm_local clzero irperf xsaveerptr arat npt lbrv svm_lock nrip_save tsc_scale vmcb_clean flushbyasid decodeassists pausefilter pfthreshold avic v_vmsave_vmload vgif umip overflow_recov succor smca
bogomips	: 4499.88
TLB size	: 3072 4K pages
clflush size	: 64
cache_alignment	: 64
address sizes	: 43 bits physical, 48 bits virtual
power management: ts ttp tm hwpstate cpb eff_freq_ro [13] [14]

processor	: 9
vendor_id	: AuthenticAMD
cpu family	: 23
model		: 49
model name	: AMD EPYC 7742 64-Core Processor
stepping	: 0
microcode	: 0x830107a
cpu MHz		: 2250.000
cache size	: 512 KB
physical id	: 0
siblings	: 64
core id		: 9
cpu cores	: 64
apicid		: 9
initial apicid	: 9
fpu		: yes
fpu_exception	: yes
cpuid level	: 16
wp		: yes
flags		: fpu vme de pse tsc msr pae mce cx8 apic sep mtrr pge mca cmov pat pse36 clflush mmx fxsr sse sse2 ht syscall nx mmxext fxsr_opt pdpe1gb rdtscp lm constant_tsc art rep_good nopl nonstop_tsc extd_apicid aperfmperf eagerfpu pni pclmulqdq monitor ssse3 fma cx16 sse4_1 sse4_2 x2apic movbe popcnt aes xsave avx f16c rdrand lahf_lm cmp_legacy svm extapic cr8_legacy abm sse4a misalignsse 3dnowprefetch osvw ibs skinit wdt tce topoext perfctr_core perfctr_nb bpext perfctr_l2 cpb cat_l3 cdp_l3 hw_pstate sme ssbd rsb_ctxsw ibrs ibpb stibp vmmcall fsgsbase bmi1 avx2 smep bmi2 cqm rdt_a rdseed adx smap clflushopt clwb sha_ni xsaveopt xsavec xgetbv1 cqm_llc cqm_occup_llc cqm_mbm_total cqm_mbm_local clzero irperf xsaveerptr arat npt lbrv svm_lock nrip_save tsc_scale vmcb_clean flushbyasid decodeassists pausefilter pfthreshold avic v_vmsave_vmload vgif umip overflow_recov succor smca
bogomips	: 4499.88
TLB size	: 3072 4K pages
clflush size	: 64
cache_alignment	: 64
address sizes	: 43 bits physical, 48 bits virtual
power management: ts ttp tm hwpstate cpb eff_freq_ro [13] [14]

processor	: 10
vendor_id	: AuthenticAMD
cpu family	: 23
model		: 49
model name	: AMD EPYC 7742 64-Core Processor
stepping	: 0
microcode	: 0x830107a
cpu MHz		: 2250.000
cache size	: 512 KB
physical id	: 0
siblings	: 64
core id		: 10
cpu cores	: 64
apicid		: 10
initial apicid	: 10
fpu		: yes
fpu_exception	: yes
cpuid level	: 16
wp		: yes
flags		: fpu vme de pse tsc msr pae mce cx8 apic sep mtrr pge mca cmov pat pse36 clflush mmx fxsr sse sse2 ht syscall nx mmxext fxsr_opt pdpe1gb rdtscp lm constant_tsc art rep_good nopl nonstop_tsc extd_apicid aperfmperf eagerfpu pni pclmulqdq monitor ssse3 fma cx16 sse4_1 sse4_2 x2apic movbe popcnt aes xsave avx f16c rdrand lahf_lm cmp_legacy svm extapic cr8_legacy abm sse4a misalignsse 3dnowprefetch osvw ibs skinit wdt tce topoext perfctr_core perfctr_nb bpext perfctr_l2 cpb cat_l3 cdp_l3 hw_pstate sme ssbd rsb_ctxsw ibrs ibpb stibp vmmcall fsgsbase bmi1 avx2 smep bmi2 cqm rdt_a rdseed adx smap clflushopt clwb sha_ni xsaveopt xsavec xgetbv1 cqm_llc cqm_occup_llc cqm_mbm_total cqm_mbm_local clzero irperf xsaveerptr arat npt lbrv svm_lock nrip_save tsc_scale vmcb_clean flushbyasid decodeassists pausefilter pfthreshold avic v_vmsave_vmload vgif umip overflow_recov succor smca
bogomips	: 4499.88
TLB size	: 3072 4K pages
clflush size	: 64
cache_alignment	: 64
address sizes	: 43 bits physical, 48 bits virtual
power management: ts ttp tm hwpstate cpb eff_freq_ro [13] [14]

processor	: 11
vendor_id	: AuthenticAMD
cpu family	: 23
model		: 49
model name	: AMD EPYC 7742 64-Core Processor
stepping	: 0
microcode	: 0x830107a
cpu MHz		: 2250.000
cache size	: 512 KB
physical id	: 0
siblings	: 64
core id		: 11
cpu cores	: 64
apicid		: 11
initial apicid	: 11
fpu		: yes
fpu_exception	: yes
cpuid level	: 16
wp		: yes
flags		: fpu vme de pse tsc msr pae mce cx8 apic sep mtrr pge mca cmov pat pse36 clflush mmx fxsr sse sse2 ht syscall nx mmxext fxsr_opt pdpe1gb rdtscp lm constant_tsc art rep_good nopl nonstop_tsc extd_apicid aperfmperf eagerfpu pni pclmulqdq monitor ssse3 fma cx16 sse4_1 sse4_2 x2apic movbe popcnt aes xsave avx f16c rdrand lahf_lm cmp_legacy svm extapic cr8_legacy abm sse4a misalignsse 3dnowprefetch osvw ibs skinit wdt tce topoext perfctr_core perfctr_nb bpext perfctr_l2 cpb cat_l3 cdp_l3 hw_pstate sme ssbd rsb_ctxsw ibrs ibpb stibp vmmcall fsgsbase bmi1 avx2 smep bmi2 cqm rdt_a rdseed adx smap clflushopt clwb sha_ni xsaveopt xsavec xgetbv1 cqm_llc cqm_occup_llc cqm_mbm_total cqm_mbm_local clzero irperf xsaveerptr arat npt lbrv svm_lock nrip_save tsc_scale vmcb_clean flushbyasid decodeassists pausefilter pfthreshold avic v_vmsave_vmload vgif umip overflow_recov succor smca
bogomips	: 4499.88
TLB size	: 3072 4K pages
clflush size	: 64
cache_alignment	: 64
address sizes	: 43 bits physical, 48 bits virtual
power management: ts ttp tm hwpstate cpb eff_freq_ro [13] [14]

processor	: 12
vendor_id	: AuthenticAMD
cpu family	: 23
model		: 49
model name	: AMD EPYC 7742 64-Core Processor
stepping	: 0
microcode	: 0x830107a
cpu MHz		: 2250.000
cache size	: 512 KB
physical id	: 0
siblings	: 64
core id		: 12
cpu cores	: 64
apicid		: 12
initial apicid	: 12
fpu		: yes
fpu_exception	: yes
cpuid level	: 16
wp		: yes
flags		: fpu vme de pse tsc msr pae mce cx8 apic sep mtrr pge mca cmov pat pse36 clflush mmx fxsr sse sse2 ht syscall nx mmxext fxsr_opt pdpe1gb rdtscp lm constant_tsc art rep_good nopl nonstop_tsc extd_apicid aperfmperf eagerfpu pni pclmulqdq monitor ssse3 fma cx16 sse4_1 sse4_2 x2apic movbe popcnt aes xsave avx f16c rdrand lahf_lm cmp_legacy svm extapic cr8_legacy abm sse4a misalignsse 3dnowprefetch osvw ibs skinit wdt tce topoext perfctr_core perfctr_nb bpext perfctr_l2 cpb cat_l3 cdp_l3 hw_pstate sme ssbd rsb_ctxsw ibrs ibpb stibp vmmcall fsgsbase bmi1 avx2 smep bmi2 cqm rdt_a rdseed adx smap clflushopt clwb sha_ni xsaveopt xsavec xgetbv1 cqm_llc cqm_occup_llc cqm_mbm_total cqm_mbm_local clzero irperf xsaveerptr arat npt lbrv svm_lock nrip_save tsc_scale vmcb_clean flushbyasid decodeassists pausefilter pfthreshold avic v_vmsave_vmload vgif umip overflow_recov succor smca
bogomips	: 4499.88
TLB size	: 3072 4K pages
clflush size	: 64
cache_alignment	: 64
address sizes	: 43 bits physical, 48 bits virtual
power management: ts ttp tm hwpstate cpb eff_freq_ro [13] [14]

processor	: 13
vendor_id	: AuthenticAMD
cpu family	: 23
model		: 49
model name	: AMD EPYC 7742 64-Core Processor
stepping	: 0
microcode	: 0x830107a
cpu MHz		: 2250.000
cache size	: 512 KB
physical id	: 0
siblings	: 64
core id		: 13
cpu cores	: 64
apicid		: 13
initial apicid	: 13
fpu		: yes
fpu_exception	: yes
cpuid level	: 16
wp		: yes
flags		: fpu vme de pse tsc msr pae mce cx8 apic sep mtrr pge mca cmov pat pse36 clflush mmx fxsr sse sse2 ht syscall nx mmxext fxsr_opt pdpe1gb rdtscp lm constant_tsc art rep_good nopl nonstop_tsc extd_apicid aperfmperf eagerfpu pni pclmulqdq monitor ssse3 fma cx16 sse4_1 sse4_2 x2apic movbe popcnt aes xsave avx f16c rdrand lahf_lm cmp_legacy svm extapic cr8_legacy abm sse4a misalignsse 3dnowprefetch osvw ibs skinit wdt tce topoext perfctr_core perfctr_nb bpext perfctr_l2 cpb cat_l3 cdp_l3 hw_pstate sme ssbd rsb_ctxsw ibrs ibpb stibp vmmcall fsgsbase bmi1 avx2 smep bmi2 cqm rdt_a rdseed adx smap clflushopt clwb sha_ni xsaveopt xsavec xgetbv1 cqm_llc cqm_occup_llc cqm_mbm_total cqm_mbm_local clzero irperf xsaveerptr arat npt lbrv svm_lock nrip_save tsc_scale vmcb_clean flushbyasid decodeassists pausefilter pfthreshold avic v_vmsave_vmload vgif umip overflow_recov succor smca
bogomips	: 4499.88
TLB size	: 3072 4K pages
clflush size	: 64
cache_alignment	: 64
address sizes	: 43 bits physical, 48 bits virtual
power management: ts ttp tm hwpstate cpb eff_freq_ro [13] [14]

processor	: 14
vendor_id	: AuthenticAMD
cpu family	: 23
model		: 49
model name	: AMD EPYC 7742 64-Core Processor
stepping	: 0
microcode	: 0x830107a
cpu MHz		: 2250.000
cache size	: 512 KB
physical id	: 0
siblings	: 64
core id		: 14
cpu cores	: 64
apicid		: 14
initial apicid	: 14
fpu		: yes
fpu_exception	: yes
cpuid level	: 16
wp		: yes
flags		: fpu vme de pse tsc msr pae mce cx8 apic sep mtrr pge mca cmov pat pse36 clflush mmx fxsr sse sse2 ht syscall nx mmxext fxsr_opt pdpe1gb rdtscp lm constant_tsc art rep_good nopl nonstop_tsc extd_apicid aperfmperf eagerfpu pni pclmulqdq monitor ssse3 fma cx16 sse4_1 sse4_2 x2apic movbe popcnt aes xsave avx f16c rdrand lahf_lm cmp_legacy svm extapic cr8_legacy abm sse4a misalignsse 3dnowprefetch osvw ibs skinit wdt tce topoext perfctr_core perfctr_nb bpext perfctr_l2 cpb cat_l3 cdp_l3 hw_pstate sme ssbd rsb_ctxsw ibrs ibpb stibp vmmcall fsgsbase bmi1 avx2 smep bmi2 cqm rdt_a rdseed adx smap clflushopt clwb sha_ni xsaveopt xsavec xgetbv1 cqm_llc cqm_occup_llc cqm_mbm_total cqm_mbm_local clzero irperf xsaveerptr arat npt lbrv svm_lock nrip_save tsc_scale vmcb_clean flushbyasid decodeassists pausefilter pfthreshold avic v_vmsave_vmload vgif umip overflow_recov succor smca
bogomips	: 4499.88
TLB size	: 3072 4K pages
clflush size	: 64
cache_alignment	: 64
address sizes	: 43 bits physical, 48 bits virtual
power management: ts ttp tm hwpstate cpb eff_freq_ro [13] [14]

processor	: 15
vendor_id	: AuthenticAMD
cpu family	: 23
model		: 49
model name	: AMD EPYC 7742 64-Core Processor
stepping	: 0
microcode	: 0x830107a
cpu MHz		: 2250.000
cache size	: 512 KB
physical id	: 0
siblings	: 64
core id		: 15
cpu cores	: 64
apicid		: 15
initial apicid	: 15
fpu		: yes
fpu_exception	: yes
cpuid level	: 16
wp		: yes
flags		: fpu vme de pse tsc msr pae mce cx8 apic sep mtrr pge mca cmov pat pse36 clflush mmx fxsr sse sse2 ht syscall nx mmxext fxsr_opt pdpe1gb rdtscp lm constant_tsc art rep_good nopl nonstop_tsc extd_apicid aperfmperf eagerfpu pni pclmulqdq monitor ssse3 fma cx16 sse4_1 sse4_2 x2apic movbe popcnt aes xsave avx f16c rdrand lahf_lm cmp_legacy svm extapic cr8_legacy abm sse4a misalignsse 3dnowprefetch osvw ibs skinit wdt tce topoext perfctr_core perfctr_nb bpext perfctr_l2 cpb cat_l3 cdp_l3 hw_pstate sme ssbd rsb_ctxsw ibrs ibpb stibp vmmcall fsgsbase bmi1 avx2 smep bmi2 cqm rdt_a rdseed adx smap clflushopt clwb sha_ni xsaveopt xsavec xgetbv1 cqm_llc cqm_occup_llc cqm_mbm_total cqm_mbm_local clzero irperf xsaveerptr arat npt lbrv svm_lock nrip_save tsc_scale vmcb_clean flushbyasid decodeassists pausefilter pfthreshold avic v_vmsave_vmload vgif umip overflow_recov succor smca
bogomips	: 4499.88
TLB size	: 3072 4K pages
clflush size	: 64
cache_alignment	: 64
address sizes	: 43 bits physical, 48 bits virtual
power management: ts ttp tm hwpstate cpb eff_freq_ro [13] [14]

processor	: 16
vendor_id	: AuthenticAMD
cpu family	: 23
model		: 49
model name	: AMD EPYC 7742 64-Core Processor
stepping	: 0
microcode	: 0x830107a
cpu MHz		: 2250.000
cache size	: 512 KB
physical id	: 0
siblings	: 64
core id		: 16
cpu cores	: 64
apicid		: 16
initial apicid	: 16
fpu		: yes
fpu_exception	: yes
cpuid level	: 16
wp		: yes
flags		: fpu vme de pse tsc msr pae mce cx8 apic sep mtrr pge mca cmov pat pse36 clflush mmx fxsr sse sse2 ht syscall nx mmxext fxsr_opt pdpe1gb rdtscp lm constant_tsc art rep_good nopl nonstop_tsc extd_apicid aperfmperf eagerfpu pni pclmulqdq monitor ssse3 fma cx16 sse4_1 sse4_2 x2apic movbe popcnt aes xsave avx f16c rdrand lahf_lm cmp_legacy svm extapic cr8_legacy abm sse4a misalignsse 3dnowprefetch osvw ibs skinit wdt tce topoext perfctr_core perfctr_nb bpext perfctr_l2 cpb cat_l3 cdp_l3 hw_pstate sme ssbd rsb_ctxsw ibrs ibpb stibp vmmcall fsgsbase bmi1 avx2 smep bmi2 cqm rdt_a rdseed adx smap clflushopt clwb sha_ni xsaveopt xsavec xgetbv1 cqm_llc cqm_occup_llc cqm_mbm_total cqm_mbm_local clzero irperf xsaveerptr arat npt lbrv svm_lock nrip_save tsc_scale vmcb_clean flushbyasid decodeassists pausefilter pfthreshold avic v_vmsave_vmload vgif umip overflow_recov succor smca
bogomips	: 4499.88
TLB size	: 3072 4K pages
clflush size	: 64
cache_alignment	: 64
address sizes	: 43 bits physical, 48 bits virtual
power management: ts ttp tm hwpstate cpb eff_freq_ro [13] [14]

processor	: 17
vendor_id	: AuthenticAMD
cpu family	: 23
model		: 49
model name	: AMD EPYC 7742 64-Core Processor
stepping	: 0
microcode	: 0x830107a
cpu MHz		: 2250.000
cache size	: 512 KB
physical id	: 0
siblings	: 64
core id		: 17
cpu cores	: 64
apicid		: 17
initial apicid	: 17
fpu		: yes
fpu_exception	: yes
cpuid level	: 16
wp		: yes
flags		: fpu vme de pse tsc msr pae mce cx8 apic sep mtrr pge mca cmov pat pse36 clflush mmx fxsr sse sse2 ht syscall nx mmxext fxsr_opt pdpe1gb rdtscp lm constant_tsc art rep_good nopl nonstop_tsc extd_apicid aperfmperf eagerfpu pni pclmulqdq monitor ssse3 fma cx16 sse4_1 sse4_2 x2apic movbe popcnt aes xsave avx f16c rdrand lahf_lm cmp_legacy svm extapic cr8_legacy abm sse4a misalignsse 3dnowprefetch osvw ibs skinit wdt tce topoext perfctr_core perfctr_nb bpext perfctr_l2 cpb cat_l3 cdp_l3 hw_pstate sme ssbd rsb_ctxsw ibrs ibpb stibp vmmcall fsgsbase bmi1 avx2 smep bmi2 cqm rdt_a rdseed adx smap clflushopt clwb sha_ni xsaveopt xsavec xgetbv1 cqm_llc cqm_occup_llc cqm_mbm_total cqm_mbm_local clzero irperf xsaveerptr arat npt lbrv svm_lock nrip_save tsc_scale vmcb_clean flushbyasid decodeassists pausefilter pfthreshold avic v_vmsave_vmload vgif umip overflow_recov succor smca
bogomips	: 4499.88
TLB size	: 3072 4K pages
clflush size	: 64
cache_alignment	: 64
address sizes	: 43 bits physical, 48 bits virtual
power management: ts ttp tm hwpstate cpb eff_freq_ro [13] [14]

processor	: 18
vendor_id	: AuthenticAMD
cpu family	: 23
model		: 49
model name	: AMD EPYC 7742 64-Core Processor
stepping	: 0
microcode	: 0x830107a
cpu MHz		: 2250.000
cache size	: 512 KB
physical id	: 0
siblings	: 64
core id		: 18
cpu cores	: 64
apicid		: 18
initial apicid	: 18
fpu		: yes
fpu_exception	: yes
cpuid level	: 16
wp		: yes
flags		: fpu vme de pse tsc msr pae mce cx8 apic sep mtrr pge mca cmov pat pse36 clflush mmx fxsr sse sse2 ht syscall nx mmxext fxsr_opt pdpe1gb rdtscp lm constant_tsc art rep_good nopl nonstop_tsc extd_apicid aperfmperf eagerfpu pni pclmulqdq monitor ssse3 fma cx16 sse4_1 sse4_2 x2apic movbe popcnt aes xsave avx f16c rdrand lahf_lm cmp_legacy svm extapic cr8_legacy abm sse4a misalignsse 3dnowprefetch osvw ibs skinit wdt tce topoext perfctr_core perfctr_nb bpext perfctr_l2 cpb cat_l3 cdp_l3 hw_pstate sme ssbd rsb_ctxsw ibrs ibpb stibp vmmcall fsgsbase bmi1 avx2 smep bmi2 cqm rdt_a rdseed adx smap clflushopt clwb sha_ni xsaveopt xsavec xgetbv1 cqm_llc cqm_occup_llc cqm_mbm_total cqm_mbm_local clzero irperf xsaveerptr arat npt lbrv svm_lock nrip_save tsc_scale vmcb_clean flushbyasid decodeassists pausefilter pfthreshold avic v_vmsave_vmload vgif umip overflow_recov succor smca
bogomips	: 4499.88
TLB size	: 3072 4K pages
clflush size	: 64
cache_alignment	: 64
address sizes	: 43 bits physical, 48 bits virtual
power management: ts ttp tm hwpstate cpb eff_freq_ro [13] [14]

processor	: 19
vendor_id	: AuthenticAMD
cpu family	: 23
model		: 49
model name	: AMD EPYC 7742 64-Core Processor
stepping	: 0
microcode	: 0x830107a
cpu MHz		: 2250.000
cache size	: 512 KB
physical id	: 0
siblings	: 64
core id		: 19
cpu cores	: 64
apicid		: 19
initial apicid	: 19
fpu		: yes
fpu_exception	: yes
cpuid level	: 16
wp		: yes
flags		: fpu vme de pse tsc msr pae mce cx8 apic sep mtrr pge mca cmov pat pse36 clflush mmx fxsr sse sse2 ht syscall nx mmxext fxsr_opt pdpe1gb rdtscp lm constant_tsc art rep_good nopl nonstop_tsc extd_apicid aperfmperf eagerfpu pni pclmulqdq monitor ssse3 fma cx16 sse4_1 sse4_2 x2apic movbe popcnt aes xsave avx f16c rdrand lahf_lm cmp_legacy svm extapic cr8_legacy abm sse4a misalignsse 3dnowprefetch osvw ibs skinit wdt tce topoext perfctr_core perfctr_nb bpext perfctr_l2 cpb cat_l3 cdp_l3 hw_pstate sme ssbd rsb_ctxsw ibrs ibpb stibp vmmcall fsgsbase bmi1 avx2 smep bmi2 cqm rdt_a rdseed adx smap clflushopt clwb sha_ni xsaveopt xsavec xgetbv1 cqm_llc cqm_occup_llc cqm_mbm_total cqm_mbm_local clzero irperf xsaveerptr arat npt lbrv svm_lock nrip_save tsc_scale vmcb_clean flushbyasid decodeassists pausefilter pfthreshold avic v_vmsave_vmload vgif umip overflow_recov succor smca
bogomips	: 4499.88
TLB size	: 3072 4K pages
clflush size	: 64
cache_alignment	: 64
address sizes	: 43 bits physical, 48 bits virtual
power management: ts ttp tm hwpstate cpb eff_freq_ro [13] [14]

processor	: 20
vendor_id	: AuthenticAMD
cpu family	: 23
model		: 49
model name	: AMD EPYC 7742 64-Core Processor
stepping	: 0
microcode	: 0x830107a
cpu MHz		: 2250.000
cache size	: 512 KB
physical id	: 0
siblings	: 64
core id		: 20
cpu cores	: 64
apicid		: 20
initial apicid	: 20
fpu		: yes
fpu_exception	: yes
cpuid level	: 16
wp		: yes
flags		: fpu vme de pse tsc msr pae mce cx8 apic sep mtrr pge mca cmov pat pse36 clflush mmx fxsr sse sse2 ht syscall nx mmxext fxsr_opt pdpe1gb rdtscp lm constant_tsc art rep_good nopl nonstop_tsc extd_apicid aperfmperf eagerfpu pni pclmulqdq monitor ssse3 fma cx16 sse4_1 sse4_2 x2apic movbe popcnt aes xsave avx f16c rdrand lahf_lm cmp_legacy svm extapic cr8_legacy abm sse4a misalignsse 3dnowprefetch osvw ibs skinit wdt tce topoext perfctr_core perfctr_nb bpext perfctr_l2 cpb cat_l3 cdp_l3 hw_pstate sme ssbd rsb_ctxsw ibrs ibpb stibp vmmcall fsgsbase bmi1 avx2 smep bmi2 cqm rdt_a rdseed adx smap clflushopt clwb sha_ni xsaveopt xsavec xgetbv1 cqm_llc cqm_occup_llc cqm_mbm_total cqm_mbm_local clzero irperf xsaveerptr arat npt lbrv svm_lock nrip_save tsc_scale vmcb_clean flushbyasid decodeassists pausefilter pfthreshold avic v_vmsave_vmload vgif umip overflow_recov succor smca
bogomips	: 4499.88
TLB size	: 3072 4K pages
clflush size	: 64
cache_alignment	: 64
address sizes	: 43 bits physical, 48 bits virtual
power management: ts ttp tm hwpstate cpb eff_freq_ro [13] [14]

processor	: 21
vendor_id	: AuthenticAMD
cpu family	: 23
model		: 49
model name	: AMD EPYC 7742 64-Core Processor
stepping	: 0
microcode	: 0x830107a
cpu MHz		: 2250.000
cache size	: 512 KB
physical id	: 0
siblings	: 64
core id		: 21
cpu cores	: 64
apicid		: 21
initial apicid	: 21
fpu		: yes
fpu_exception	: yes
cpuid level	: 16
wp		: yes
flags		: fpu vme de pse tsc msr pae mce cx8 apic sep mtrr pge mca cmov pat pse36 clflush mmx fxsr sse sse2 ht syscall nx mmxext fxsr_opt pdpe1gb rdtscp lm constant_tsc art rep_good nopl nonstop_tsc extd_apicid aperfmperf eagerfpu pni pclmulqdq monitor ssse3 fma cx16 sse4_1 sse4_2 x2apic movbe popcnt aes xsave avx f16c rdrand lahf_lm cmp_legacy svm extapic cr8_legacy abm sse4a misalignsse 3dnowprefetch osvw ibs skinit wdt tce topoext perfctr_core perfctr_nb bpext perfctr_l2 cpb cat_l3 cdp_l3 hw_pstate sme ssbd rsb_ctxsw ibrs ibpb stibp vmmcall fsgsbase bmi1 avx2 smep bmi2 cqm rdt_a rdseed adx smap clflushopt clwb sha_ni xsaveopt xsavec xgetbv1 cqm_llc cqm_occup_llc cqm_mbm_total cqm_mbm_local clzero irperf xsaveerptr arat npt lbrv svm_lock nrip_save tsc_scale vmcb_clean flushbyasid decodeassists pausefilter pfthreshold avic v_vmsave_vmload vgif umip overflow_recov succor smca
bogomips	: 4499.88
TLB size	: 3072 4K pages
clflush size	: 64
cache_alignment	: 64
address sizes	: 43 bits physical, 48 bits virtual
power management: ts ttp tm hwpstate cpb eff_freq_ro [13] [14]

processor	: 22
vendor_id	: AuthenticAMD
cpu family	: 23
model		: 49
model name	: AMD EPYC 7742 64-Core Processor
stepping	: 0
microcode	: 0x830107a
cpu MHz		: 2250.000
cache size	: 512 KB
physical id	: 0
siblings	: 64
core id		: 22
cpu cores	: 64
apicid		: 22
initial apicid	: 22
fpu		: yes
fpu_exception	: yes
cpuid level	: 16
wp		: yes
flags		: fpu vme de pse tsc msr pae mce cx8 apic sep mtrr pge mca cmov pat pse36 clflush mmx fxsr sse sse2 ht syscall nx mmxext fxsr_opt pdpe1gb rdtscp lm constant_tsc art rep_good nopl nonstop_tsc extd_apicid aperfmperf eagerfpu pni pclmulqdq monitor ssse3 fma cx16 sse4_1 sse4_2 x2apic movbe popcnt aes xsave avx f16c rdrand lahf_lm cmp_legacy svm extapic cr8_legacy abm sse4a misalignsse 3dnowprefetch osvw ibs skinit wdt tce topoext perfctr_core perfctr_nb bpext perfctr_l2 cpb cat_l3 cdp_l3 hw_pstate sme ssbd rsb_ctxsw ibrs ibpb stibp vmmcall fsgsbase bmi1 avx2 smep bmi2 cqm rdt_a rdseed adx smap clflushopt clwb sha_ni xsaveopt xsavec xgetbv1 cqm_llc cqm_occup_llc cqm_mbm_total cqm_mbm_local clzero irperf xsaveerptr arat npt lbrv svm_lock nrip_save tsc_scale vmcb_clean flushbyasid decodeassists pausefilter pfthreshold avic v_vmsave_vmload vgif umip overflow_recov succor smca
bogomips	: 4499.88
TLB size	: 3072 4K pages
clflush size	: 64
cache_alignment	: 64
address sizes	: 43 bits physical, 48 bits virtual
power management: ts ttp tm hwpstate cpb eff_freq_ro [13] [14]

processor	: 23
vendor_id	: AuthenticAMD
cpu family	: 23
model		: 49
model name	: AMD EPYC 7742 64-Core Processor
stepping	: 0
microcode	: 0x830107a
cpu MHz		: 2250.000
cache size	: 512 KB
physical id	: 0
siblings	: 64
core id		: 23
cpu cores	: 64
apicid		: 23
initial apicid	: 23
fpu		: yes
fpu_exception	: yes
cpuid level	: 16
wp		: yes
flags		: fpu vme de pse tsc msr pae mce cx8 apic sep mtrr pge mca cmov pat pse36 clflush mmx fxsr sse sse2 ht syscall nx mmxext fxsr_opt pdpe1gb rdtscp lm constant_tsc art rep_good nopl nonstop_tsc extd_apicid aperfmperf eagerfpu pni pclmulqdq monitor ssse3 fma cx16 sse4_1 sse4_2 x2apic movbe popcnt aes xsave avx f16c rdrand lahf_lm cmp_legacy svm extapic cr8_legacy abm sse4a misalignsse 3dnowprefetch osvw ibs skinit wdt tce topoext perfctr_core perfctr_nb bpext perfctr_l2 cpb cat_l3 cdp_l3 hw_pstate sme ssbd rsb_ctxsw ibrs ibpb stibp vmmcall fsgsbase bmi1 avx2 smep bmi2 cqm rdt_a rdseed adx smap clflushopt clwb sha_ni xsaveopt xsavec xgetbv1 cqm_llc cqm_occup_llc cqm_mbm_total cqm_mbm_local clzero irperf xsaveerptr arat npt lbrv svm_lock nrip_save tsc_scale vmcb_clean flushbyasid decodeassists pausefilter pfthreshold avic v_vmsave_vmload vgif umip overflow_recov succor smca
bogomips	: 4499.88
TLB size	: 3072 4K pages
clflush size	: 64
cache_alignment	: 64
address sizes	: 43 bits physical, 48 bits virtual
power management: ts ttp tm hwpstate cpb eff_freq_ro [13] [14]

processor	: 24
vendor_id	: AuthenticAMD
cpu family	: 23
model		: 49
model name	: AMD EPYC 7742 64-Core Processor
stepping	: 0
microcode	: 0x830107a
cpu MHz		: 2250.000
cache size	: 512 KB
physical id	: 0
siblings	: 64
core id		: 24
cpu cores	: 64
apicid		: 24
initial apicid	: 24
fpu		: yes
fpu_exception	: yes
cpuid level	: 16
wp		: yes
flags		: fpu vme de pse tsc msr pae mce cx8 apic sep mtrr pge mca cmov pat pse36 clflush mmx fxsr sse sse2 ht syscall nx mmxext fxsr_opt pdpe1gb rdtscp lm constant_tsc art rep_good nopl nonstop_tsc extd_apicid aperfmperf eagerfpu pni pclmulqdq monitor ssse3 fma cx16 sse4_1 sse4_2 x2apic movbe popcnt aes xsave avx f16c rdrand lahf_lm cmp_legacy svm extapic cr8_legacy abm sse4a misalignsse 3dnowprefetch osvw ibs skinit wdt tce topoext perfctr_core perfctr_nb bpext perfctr_l2 cpb cat_l3 cdp_l3 hw_pstate sme ssbd rsb_ctxsw ibrs ibpb stibp vmmcall fsgsbase bmi1 avx2 smep bmi2 cqm rdt_a rdseed adx smap clflushopt clwb sha_ni xsaveopt xsavec xgetbv1 cqm_llc cqm_occup_llc cqm_mbm_total cqm_mbm_local clzero irperf xsaveerptr arat npt lbrv svm_lock nrip_save tsc_scale vmcb_clean flushbyasid decodeassists pausefilter pfthreshold avic v_vmsave_vmload vgif umip overflow_recov succor smca
bogomips	: 4499.88
TLB size	: 3072 4K pages
clflush size	: 64
cache_alignment	: 64
address sizes	: 43 bits physical, 48 bits virtual
power management: ts ttp tm hwpstate cpb eff_freq_ro [13] [14]

processor	: 25
vendor_id	: AuthenticAMD
cpu family	: 23
model		: 49
model name	: AMD EPYC 7742 64-Core Processor
stepping	: 0
microcode	: 0x830107a
cpu MHz		: 2250.000
cache size	: 512 KB
physical id	: 0
siblings	: 64
core id		: 25
cpu cores	: 64
apicid		: 25
initial apicid	: 25
fpu		: yes
fpu_exception	: yes
cpuid level	: 16
wp		: yes
flags		: fpu vme de pse tsc msr pae mce cx8 apic sep mtrr pge mca cmov pat pse36 clflush mmx fxsr sse sse2 ht syscall nx mmxext fxsr_opt pdpe1gb rdtscp lm constant_tsc art rep_good nopl nonstop_tsc extd_apicid aperfmperf eagerfpu pni pclmulqdq monitor ssse3 fma cx16 sse4_1 sse4_2 x2apic movbe popcnt aes xsave avx f16c rdrand lahf_lm cmp_legacy svm extapic cr8_legacy abm sse4a misalignsse 3dnowprefetch osvw ibs skinit wdt tce topoext perfctr_core perfctr_nb bpext perfctr_l2 cpb cat_l3 cdp_l3 hw_pstate sme ssbd rsb_ctxsw ibrs ibpb stibp vmmcall fsgsbase bmi1 avx2 smep bmi2 cqm rdt_a rdseed adx smap clflushopt clwb sha_ni xsaveopt xsavec xgetbv1 cqm_llc cqm_occup_llc cqm_mbm_total cqm_mbm_local clzero irperf xsaveerptr arat npt lbrv svm_lock nrip_save tsc_scale vmcb_clean flushbyasid decodeassists pausefilter pfthreshold avic v_vmsave_vmload vgif umip overflow_recov succor smca
bogomips	: 4499.88
TLB size	: 3072 4K pages
clflush size	: 64
cache_alignment	: 64
address sizes	: 43 bits physical, 48 bits virtual
power management: ts ttp tm hwpstate cpb eff_freq_ro [13] [14]

processor	: 26
vendor_id	: AuthenticAMD
cpu family	: 23
model		: 49
model name	: AMD EPYC 7742 64-Core Processor
stepping	: 0
microcode	: 0x830107a
cpu MHz		: 2250.000
cache size	: 512 KB
physical id	: 0
siblings	: 64
core id		: 26
cpu cores	: 64
apicid		: 26
initial apicid	: 26
fpu		: yes
fpu_exception	: yes
cpuid level	: 16
wp		: yes
flags		: fpu vme de pse tsc msr pae mce cx8 apic sep mtrr pge mca cmov pat pse36 clflush mmx fxsr sse sse2 ht syscall nx mmxext fxsr_opt pdpe1gb rdtscp lm constant_tsc art rep_good nopl nonstop_tsc extd_apicid aperfmperf eagerfpu pni pclmulqdq monitor ssse3 fma cx16 sse4_1 sse4_2 x2apic movbe popcnt aes xsave avx f16c rdrand lahf_lm cmp_legacy svm extapic cr8_legacy abm sse4a misalignsse 3dnowprefetch osvw ibs skinit wdt tce topoext perfctr_core perfctr_nb bpext perfctr_l2 cpb cat_l3 cdp_l3 hw_pstate sme ssbd rsb_ctxsw ibrs ibpb stibp vmmcall fsgsbase bmi1 avx2 smep bmi2 cqm rdt_a rdseed adx smap clflushopt clwb sha_ni xsaveopt xsavec xgetbv1 cqm_llc cqm_occup_llc cqm_mbm_total cqm_mbm_local clzero irperf xsaveerptr arat npt lbrv svm_lock nrip_save tsc_scale vmcb_clean flushbyasid decodeassists pausefilter pfthreshold avic v_vmsave_vmload vgif umip overflow_recov succor smca
bogomips	: 4499.88
TLB size	: 3072 4K pages
clflush size	: 64
cache_alignment	: 64
address sizes	: 43 bits physical, 48 bits virtual
power management: ts ttp tm hwpstate cpb eff_freq_ro [13] [14]

processor	: 27
vendor_id	: AuthenticAMD
cpu family	: 23
model		: 49
model name	: AMD EPYC 7742 64-Core Processor
stepping	: 0
microcode	: 0x830107a
cpu MHz		: 2250.000
cache size	: 512 KB
physical id	: 0
siblings	: 64
core id		: 27
cpu cores	: 64
apicid		: 27
initial apicid	: 27
fpu		: yes
fpu_exception	: yes
cpuid level	: 16
wp		: yes
flags		: fpu vme de pse tsc msr pae mce cx8 apic sep mtrr pge mca cmov pat pse36 clflush mmx fxsr sse sse2 ht syscall nx mmxext fxsr_opt pdpe1gb rdtscp lm constant_tsc art rep_good nopl nonstop_tsc extd_apicid aperfmperf eagerfpu pni pclmulqdq monitor ssse3 fma cx16 sse4_1 sse4_2 x2apic movbe popcnt aes xsave avx f16c rdrand lahf_lm cmp_legacy svm extapic cr8_legacy abm sse4a misalignsse 3dnowprefetch osvw ibs skinit wdt tce topoext perfctr_core perfctr_nb bpext perfctr_l2 cpb cat_l3 cdp_l3 hw_pstate sme ssbd rsb_ctxsw ibrs ibpb stibp vmmcall fsgsbase bmi1 avx2 smep bmi2 cqm rdt_a rdseed adx smap clflushopt clwb sha_ni xsaveopt xsavec xgetbv1 cqm_llc cqm_occup_llc cqm_mbm_total cqm_mbm_local clzero irperf xsaveerptr arat npt lbrv svm_lock nrip_save tsc_scale vmcb_clean flushbyasid decodeassists pausefilter pfthreshold avic v_vmsave_vmload vgif umip overflow_recov succor smca
bogomips	: 4499.88
TLB size	: 3072 4K pages
clflush size	: 64
cache_alignment	: 64
address sizes	: 43 bits physical, 48 bits virtual
power management: ts ttp tm hwpstate cpb eff_freq_ro [13] [14]

processor	: 28
vendor_id	: AuthenticAMD
cpu family	: 23
model		: 49
model name	: AMD EPYC 7742 64-Core Processor
stepping	: 0
microcode	: 0x830107a
cpu MHz		: 2250.000
cache size	: 512 KB
physical id	: 0
siblings	: 64
core id		: 28
cpu cores	: 64
apicid		: 28
initial apicid	: 28
fpu		: yes
fpu_exception	: yes
cpuid level	: 16
wp		: yes
flags		: fpu vme de pse tsc msr pae mce cx8 apic sep mtrr pge mca cmov pat pse36 clflush mmx fxsr sse sse2 ht syscall nx mmxext fxsr_opt pdpe1gb rdtscp lm constant_tsc art rep_good nopl nonstop_tsc extd_apicid aperfmperf eagerfpu pni pclmulqdq monitor ssse3 fma cx16 sse4_1 sse4_2 x2apic movbe popcnt aes xsave avx f16c rdrand lahf_lm cmp_legacy svm extapic cr8_legacy abm sse4a misalignsse 3dnowprefetch osvw ibs skinit wdt tce topoext perfctr_core perfctr_nb bpext perfctr_l2 cpb cat_l3 cdp_l3 hw_pstate sme ssbd rsb_ctxsw ibrs ibpb stibp vmmcall fsgsbase bmi1 avx2 smep bmi2 cqm rdt_a rdseed adx smap clflushopt clwb sha_ni xsaveopt xsavec xgetbv1 cqm_llc cqm_occup_llc cqm_mbm_total cqm_mbm_local clzero irperf xsaveerptr arat npt lbrv svm_lock nrip_save tsc_scale vmcb_clean flushbyasid decodeassists pausefilter pfthreshold avic v_vmsave_vmload vgif umip overflow_recov succor smca
bogomips	: 4499.88
TLB size	: 3072 4K pages
clflush size	: 64
cache_alignment	: 64
address sizes	: 43 bits physical, 48 bits virtual
power management: ts ttp tm hwpstate cpb eff_freq_ro [13] [14]

processor	: 29
vendor_id	: AuthenticAMD
cpu family	: 23
model		: 49
model name	: AMD EPYC 7742 64-Core Processor
stepping	: 0
microcode	: 0x830107a
cpu MHz		: 2250.000
cache size	: 512 KB
physical id	: 0
siblings	: 64
core id		: 29
cpu cores	: 64
apicid		: 29
initial apicid	: 29
fpu		: yes
fpu_exception	: yes
cpuid level	: 16
wp		: yes
flags		: fpu vme de pse tsc msr pae mce cx8 apic sep mtrr pge mca cmov pat pse36 clflush mmx fxsr sse sse2 ht syscall nx mmxext fxsr_opt pdpe1gb rdtscp lm constant_tsc art rep_good nopl nonstop_tsc extd_apicid aperfmperf eagerfpu pni pclmulqdq monitor ssse3 fma cx16 sse4_1 sse4_2 x2apic movbe popcnt aes xsave avx f16c rdrand lahf_lm cmp_legacy svm extapic cr8_legacy abm sse4a misalignsse 3dnowprefetch osvw ibs skinit wdt tce topoext perfctr_core perfctr_nb bpext perfctr_l2 cpb cat_l3 cdp_l3 hw_pstate sme ssbd rsb_ctxsw ibrs ibpb stibp vmmcall fsgsbase bmi1 avx2 smep bmi2 cqm rdt_a rdseed adx smap clflushopt clwb sha_ni xsaveopt xsavec xgetbv1 cqm_llc cqm_occup_llc cqm_mbm_total cqm_mbm_local clzero irperf xsaveerptr arat npt lbrv svm_lock nrip_save tsc_scale vmcb_clean flushbyasid decodeassists pausefilter pfthreshold avic v_vmsave_vmload vgif umip overflow_recov succor smca
bogomips	: 4499.88
TLB size	: 3072 4K pages
clflush size	: 64
cache_alignment	: 64
address sizes	: 43 bits physical, 48 bits virtual
power management: ts ttp tm hwpstate cpb eff_freq_ro [13] [14]

processor	: 30
vendor_id	: AuthenticAMD
cpu family	: 23
model		: 49
model name	: AMD EPYC 7742 64-Core Processor
stepping	: 0
microcode	: 0x830107a
cpu MHz		: 2250.000
cache size	: 512 KB
physical id	: 0
siblings	: 64
core id		: 30
cpu cores	: 64
apicid		: 30
initial apicid	: 30
fpu		: yes
fpu_exception	: yes
cpuid level	: 16
wp		: yes
flags		: fpu vme de pse tsc msr pae mce cx8 apic sep mtrr pge mca cmov pat pse36 clflush mmx fxsr sse sse2 ht syscall nx mmxext fxsr_opt pdpe1gb rdtscp lm constant_tsc art rep_good nopl nonstop_tsc extd_apicid aperfmperf eagerfpu pni pclmulqdq monitor ssse3 fma cx16 sse4_1 sse4_2 x2apic movbe popcnt aes xsave avx f16c rdrand lahf_lm cmp_legacy svm extapic cr8_legacy abm sse4a misalignsse 3dnowprefetch osvw ibs skinit wdt tce topoext perfctr_core perfctr_nb bpext perfctr_l2 cpb cat_l3 cdp_l3 hw_pstate sme ssbd rsb_ctxsw ibrs ibpb stibp vmmcall fsgsbase bmi1 avx2 smep bmi2 cqm rdt_a rdseed adx smap clflushopt clwb sha_ni xsaveopt xsavec xgetbv1 cqm_llc cqm_occup_llc cqm_mbm_total cqm_mbm_local clzero irperf xsaveerptr arat npt lbrv svm_lock nrip_save tsc_scale vmcb_clean flushbyasid decodeassists pausefilter pfthreshold avic v_vmsave_vmload vgif umip overflow_recov succor smca
bogomips	: 4499.88
TLB size	: 3072 4K pages
clflush size	: 64
cache_alignment	: 64
address sizes	: 43 bits physical, 48 bits virtual
power management: ts ttp tm hwpstate cpb eff_freq_ro [13] [14]

processor	: 31
vendor_id	: AuthenticAMD
cpu family	: 23
model		: 49
model name	: AMD EPYC 7742 64-Core Processor
stepping	: 0
microcode	: 0x830107a
cpu MHz		: 2250.000
cache size	: 512 KB
physical id	: 0
siblings	: 64
core id		: 31
cpu cores	: 64
apicid		: 31
initial apicid	: 31
fpu		: yes
fpu_exception	: yes
cpuid level	: 16
wp		: yes
flags		: fpu vme de pse tsc msr pae mce cx8 apic sep mtrr pge mca cmov pat pse36 clflush mmx fxsr sse sse2 ht syscall nx mmxext fxsr_opt pdpe1gb rdtscp lm constant_tsc art rep_good nopl nonstop_tsc extd_apicid aperfmperf eagerfpu pni pclmulqdq monitor ssse3 fma cx16 sse4_1 sse4_2 x2apic movbe popcnt aes xsave avx f16c rdrand lahf_lm cmp_legacy svm extapic cr8_legacy abm sse4a misalignsse 3dnowprefetch osvw ibs skinit wdt tce topoext perfctr_core perfctr_nb bpext perfctr_l2 cpb cat_l3 cdp_l3 hw_pstate sme ssbd rsb_ctxsw ibrs ibpb stibp vmmcall fsgsbase bmi1 avx2 smep bmi2 cqm rdt_a rdseed adx smap clflushopt clwb sha_ni xsaveopt xsavec xgetbv1 cqm_llc cqm_occup_llc cqm_mbm_total cqm_mbm_local clzero irperf xsaveerptr arat npt lbrv svm_lock nrip_save tsc_scale vmcb_clean flushbyasid decodeassists pausefilter pfthreshold avic v_vmsave_vmload vgif umip overflow_recov succor smca
bogomips	: 4499.88
TLB size	: 3072 4K pages
clflush size	: 64
cache_alignment	: 64
address sizes	: 43 bits physical, 48 bits virtual
power management: ts ttp tm hwpstate cpb eff_freq_ro [13] [14]

processor	: 32
vendor_id	: AuthenticAMD
cpu family	: 23
model		: 49
model name	: AMD EPYC 7742 64-Core Processor
stepping	: 0
microcode	: 0x830107a
cpu MHz		: 2250.000
cache size	: 512 KB
physical id	: 0
siblings	: 64
core id		: 32
cpu cores	: 64
apicid		: 32
initial apicid	: 32
fpu		: yes
fpu_exception	: yes
cpuid level	: 16
wp		: yes
flags		: fpu vme de pse tsc msr pae mce cx8 apic sep mtrr pge mca cmov pat pse36 clflush mmx fxsr sse sse2 ht syscall nx mmxext fxsr_opt pdpe1gb rdtscp lm constant_tsc art rep_good nopl nonstop_tsc extd_apicid aperfmperf eagerfpu pni pclmulqdq monitor ssse3 fma cx16 sse4_1 sse4_2 x2apic movbe popcnt aes xsave avx f16c rdrand lahf_lm cmp_legacy svm extapic cr8_legacy abm sse4a misalignsse 3dnowprefetch osvw ibs skinit wdt tce topoext perfctr_core perfctr_nb bpext perfctr_l2 cpb cat_l3 cdp_l3 hw_pstate sme ssbd rsb_ctxsw ibrs ibpb stibp vmmcall fsgsbase bmi1 avx2 smep bmi2 cqm rdt_a rdseed adx smap clflushopt clwb sha_ni xsaveopt xsavec xgetbv1 cqm_llc cqm_occup_llc cqm_mbm_total cqm_mbm_local clzero irperf xsaveerptr arat npt lbrv svm_lock nrip_save tsc_scale vmcb_clean flushbyasid decodeassists pausefilter pfthreshold avic v_vmsave_vmload vgif umip overflow_recov succor smca
bogomips	: 4499.88
TLB size	: 3072 4K pages
clflush size	: 64
cache_alignment	: 64
address sizes	: 43 bits physical, 48 bits virtual
power management: ts ttp tm hwpstate cpb eff_freq_ro [13] [14]

processor	: 33
vendor_id	: AuthenticAMD
cpu family	: 23
model		: 49
model name	: AMD EPYC 7742 64-Core Processor
stepping	: 0
microcode	: 0x830107a
cpu MHz		: 2250.000
cache size	: 512 KB
physical id	: 0
siblings	: 64
core id		: 33
cpu cores	: 64
apicid		: 33
initial apicid	: 33
fpu		: yes
fpu_exception	: yes
cpuid level	: 16
wp		: yes
flags		: fpu vme de pse tsc msr pae mce cx8 apic sep mtrr pge mca cmov pat pse36 clflush mmx fxsr sse sse2 ht syscall nx mmxext fxsr_opt pdpe1gb rdtscp lm constant_tsc art rep_good nopl nonstop_tsc extd_apicid aperfmperf eagerfpu pni pclmulqdq monitor ssse3 fma cx16 sse4_1 sse4_2 x2apic movbe popcnt aes xsave avx f16c rdrand lahf_lm cmp_legacy svm extapic cr8_legacy abm sse4a misalignsse 3dnowprefetch osvw ibs skinit wdt tce topoext perfctr_core perfctr_nb bpext perfctr_l2 cpb cat_l3 cdp_l3 hw_pstate sme ssbd rsb_ctxsw ibrs ibpb stibp vmmcall fsgsbase bmi1 avx2 smep bmi2 cqm rdt_a rdseed adx smap clflushopt clwb sha_ni xsaveopt xsavec xgetbv1 cqm_llc cqm_occup_llc cqm_mbm_total cqm_mbm_local clzero irperf xsaveerptr arat npt lbrv svm_lock nrip_save tsc_scale vmcb_clean flushbyasid decodeassists pausefilter pfthreshold avic v_vmsave_vmload vgif umip overflow_recov succor smca
bogomips	: 4499.88
TLB size	: 3072 4K pages
clflush size	: 64
cache_alignment	: 64
address sizes	: 43 bits physical, 48 bits virtual
power management: ts ttp tm hwpstate cpb eff_freq_ro [13] [14]

processor	: 34
vendor_id	: AuthenticAMD
cpu family	: 23
model		: 49
model name	: AMD EPYC 7742 64-Core Processor
stepping	: 0
microcode	: 0x830107a
cpu MHz		: 2250.000
cache size	: 512 KB
physical id	: 0
siblings	: 64
core id		: 34
cpu cores	: 64
apicid		: 34
initial apicid	: 34
fpu		: yes
fpu_exception	: yes
cpuid level	: 16
wp		: yes
flags		: fpu vme de pse tsc msr pae mce cx8 apic sep mtrr pge mca cmov pat pse36 clflush mmx fxsr sse sse2 ht syscall nx mmxext fxsr_opt pdpe1gb rdtscp lm constant_tsc art rep_good nopl nonstop_tsc extd_apicid aperfmperf eagerfpu pni pclmulqdq monitor ssse3 fma cx16 sse4_1 sse4_2 x2apic movbe popcnt aes xsave avx f16c rdrand lahf_lm cmp_legacy svm extapic cr8_legacy abm sse4a misalignsse 3dnowprefetch osvw ibs skinit wdt tce topoext perfctr_core perfctr_nb bpext perfctr_l2 cpb cat_l3 cdp_l3 hw_pstate sme ssbd rsb_ctxsw ibrs ibpb stibp vmmcall fsgsbase bmi1 avx2 smep bmi2 cqm rdt_a rdseed adx smap clflushopt clwb sha_ni xsaveopt xsavec xgetbv1 cqm_llc cqm_occup_llc cqm_mbm_total cqm_mbm_local clzero irperf xsaveerptr arat npt lbrv svm_lock nrip_save tsc_scale vmcb_clean flushbyasid decodeassists pausefilter pfthreshold avic v_vmsave_vmload vgif umip overflow_recov succor smca
bogomips	: 4499.88
TLB size	: 3072 4K pages
clflush size	: 64
cache_alignment	: 64
address sizes	: 43 bits physical, 48 bits virtual
power management: ts ttp tm hwpstate cpb eff_freq_ro [13] [14]

processor	: 35
vendor_id	: AuthenticAMD
cpu family	: 23
model		: 49
model name	: AMD EPYC 7742 64-Core Processor
stepping	: 0
microcode	: 0x830107a
cpu MHz		: 2250.000
cache size	: 512 KB
physical id	: 0
siblings	: 64
core id		: 35
cpu cores	: 64
apicid		: 35
initial apicid	: 35
fpu		: yes
fpu_exception	: yes
cpuid level	: 16
wp		: yes
flags		: fpu vme de pse tsc msr pae mce cx8 apic sep mtrr pge mca cmov pat pse36 clflush mmx fxsr sse sse2 ht syscall nx mmxext fxsr_opt pdpe1gb rdtscp lm constant_tsc art rep_good nopl nonstop_tsc extd_apicid aperfmperf eagerfpu pni pclmulqdq monitor ssse3 fma cx16 sse4_1 sse4_2 x2apic movbe popcnt aes xsave avx f16c rdrand lahf_lm cmp_legacy svm extapic cr8_legacy abm sse4a misalignsse 3dnowprefetch osvw ibs skinit wdt tce topoext perfctr_core perfctr_nb bpext perfctr_l2 cpb cat_l3 cdp_l3 hw_pstate sme ssbd rsb_ctxsw ibrs ibpb stibp vmmcall fsgsbase bmi1 avx2 smep bmi2 cqm rdt_a rdseed adx smap clflushopt clwb sha_ni xsaveopt xsavec xgetbv1 cqm_llc cqm_occup_llc cqm_mbm_total cqm_mbm_local clzero irperf xsaveerptr arat npt lbrv svm_lock nrip_save tsc_scale vmcb_clean flushbyasid decodeassists pausefilter pfthreshold avic v_vmsave_vmload vgif umip overflow_recov succor smca
bogomips	: 4499.88
TLB size	: 3072 4K pages
clflush size	: 64
cache_alignment	: 64
address sizes	: 43 bits physical, 48 bits virtual
power management: ts ttp tm hwpstate cpb eff_freq_ro [13] [14]

processor	: 36
vendor_id	: AuthenticAMD
cpu family	: 23
model		: 49
model name	: AMD EPYC 7742 64-Core Processor
stepping	: 0
microcode	: 0x830107a
cpu MHz		: 2250.000
cache size	: 512 KB
physical id	: 0
siblings	: 64
core id		: 36
cpu cores	: 64
apicid		: 36
initial apicid	: 36
fpu		: yes
fpu_exception	: yes
cpuid level	: 16
wp		: yes
flags		: fpu vme de pse tsc msr pae mce cx8 apic sep mtrr pge mca cmov pat pse36 clflush mmx fxsr sse sse2 ht syscall nx mmxext fxsr_opt pdpe1gb rdtscp lm constant_tsc art rep_good nopl nonstop_tsc extd_apicid aperfmperf eagerfpu pni pclmulqdq monitor ssse3 fma cx16 sse4_1 sse4_2 x2apic movbe popcnt aes xsave avx f16c rdrand lahf_lm cmp_legacy svm extapic cr8_legacy abm sse4a misalignsse 3dnowprefetch osvw ibs skinit wdt tce topoext perfctr_core perfctr_nb bpext perfctr_l2 cpb cat_l3 cdp_l3 hw_pstate sme ssbd rsb_ctxsw ibrs ibpb stibp vmmcall fsgsbase bmi1 avx2 smep bmi2 cqm rdt_a rdseed adx smap clflushopt clwb sha_ni xsaveopt xsavec xgetbv1 cqm_llc cqm_occup_llc cqm_mbm_total cqm_mbm_local clzero irperf xsaveerptr arat npt lbrv svm_lock nrip_save tsc_scale vmcb_clean flushbyasid decodeassists pausefilter pfthreshold avic v_vmsave_vmload vgif umip overflow_recov succor smca
bogomips	: 4499.88
TLB size	: 3072 4K pages
clflush size	: 64
cache_alignment	: 64
address sizes	: 43 bits physical, 48 bits virtual
power management: ts ttp tm hwpstate cpb eff_freq_ro [13] [14]

processor	: 37
vendor_id	: AuthenticAMD
cpu family	: 23
model		: 49
model name	: AMD EPYC 7742 64-Core Processor
stepping	: 0
microcode	: 0x830107a
cpu MHz		: 2250.000
cache size	: 512 KB
physical id	: 0
siblings	: 64
core id		: 37
cpu cores	: 64
apicid		: 37
initial apicid	: 37
fpu		: yes
fpu_exception	: yes
cpuid level	: 16
wp		: yes
flags		: fpu vme de pse tsc msr pae mce cx8 apic sep mtrr pge mca cmov pat pse36 clflush mmx fxsr sse sse2 ht syscall nx mmxext fxsr_opt pdpe1gb rdtscp lm constant_tsc art rep_good nopl nonstop_tsc extd_apicid aperfmperf eagerfpu pni pclmulqdq monitor ssse3 fma cx16 sse4_1 sse4_2 x2apic movbe popcnt aes xsave avx f16c rdrand lahf_lm cmp_legacy svm extapic cr8_legacy abm sse4a misalignsse 3dnowprefetch osvw ibs skinit wdt tce topoext perfctr_core perfctr_nb bpext perfctr_l2 cpb cat_l3 cdp_l3 hw_pstate sme ssbd rsb_ctxsw ibrs ibpb stibp vmmcall fsgsbase bmi1 avx2 smep bmi2 cqm rdt_a rdseed adx smap clflushopt clwb sha_ni xsaveopt xsavec xgetbv1 cqm_llc cqm_occup_llc cqm_mbm_total cqm_mbm_local clzero irperf xsaveerptr arat npt lbrv svm_lock nrip_save tsc_scale vmcb_clean flushbyasid decodeassists pausefilter pfthreshold avic v_vmsave_vmload vgif umip overflow_recov succor smca
bogomips	: 4499.88
TLB size	: 3072 4K pages
clflush size	: 64
cache_alignment	: 64
address sizes	: 43 bits physical, 48 bits virtual
power management: ts ttp tm hwpstate cpb eff_freq_ro [13] [14]

processor	: 38
vendor_id	: AuthenticAMD
cpu family	: 23
model		: 49
model name	: AMD EPYC 7742 64-Core Processor
stepping	: 0
microcode	: 0x830107a
cpu MHz		: 2250.000
cache size	: 512 KB
physical id	: 0
siblings	: 64
core id		: 38
cpu cores	: 64
apicid		: 38
initial apicid	: 38
fpu		: yes
fpu_exception	: yes
cpuid level	: 16
wp		: yes
flags		: fpu vme de pse tsc msr pae mce cx8 apic sep mtrr pge mca cmov pat pse36 clflush mmx fxsr sse sse2 ht syscall nx mmxext fxsr_opt pdpe1gb rdtscp lm constant_tsc art rep_good nopl nonstop_tsc extd_apicid aperfmperf eagerfpu pni pclmulqdq monitor ssse3 fma cx16 sse4_1 sse4_2 x2apic movbe popcnt aes xsave avx f16c rdrand lahf_lm cmp_legacy svm extapic cr8_legacy abm sse4a misalignsse 3dnowprefetch osvw ibs skinit wdt tce topoext perfctr_core perfctr_nb bpext perfctr_l2 cpb cat_l3 cdp_l3 hw_pstate sme ssbd rsb_ctxsw ibrs ibpb stibp vmmcall fsgsbase bmi1 avx2 smep bmi2 cqm rdt_a rdseed adx smap clflushopt clwb sha_ni xsaveopt xsavec xgetbv1 cqm_llc cqm_occup_llc cqm_mbm_total cqm_mbm_local clzero irperf xsaveerptr arat npt lbrv svm_lock nrip_save tsc_scale vmcb_clean flushbyasid decodeassists pausefilter pfthreshold avic v_vmsave_vmload vgif umip overflow_recov succor smca
bogomips	: 4499.88
TLB size	: 3072 4K pages
clflush size	: 64
cache_alignment	: 64
address sizes	: 43 bits physical, 48 bits virtual
power management: ts ttp tm hwpstate cpb eff_freq_ro [13] [14]

processor	: 39
vendor_id	: AuthenticAMD
cpu family	: 23
model		: 49
model name	: AMD EPYC 7742 64-Core Processor
stepping	: 0
microcode	: 0x830107a
cpu MHz		: 2250.000
cache size	: 512 KB
physical id	: 0
siblings	: 64
core id		: 39
cpu cores	: 64
apicid		: 39
initial apicid	: 39
fpu		: yes
fpu_exception	: yes
cpuid level	: 16
wp		: yes
flags		: fpu vme de pse tsc msr pae mce cx8 apic sep mtrr pge mca cmov pat pse36 clflush mmx fxsr sse sse2 ht syscall nx mmxext fxsr_opt pdpe1gb rdtscp lm constant_tsc art rep_good nopl nonstop_tsc extd_apicid aperfmperf eagerfpu pni pclmulqdq monitor ssse3 fma cx16 sse4_1 sse4_2 x2apic movbe popcnt aes xsave avx f16c rdrand lahf_lm cmp_legacy svm extapic cr8_legacy abm sse4a misalignsse 3dnowprefetch osvw ibs skinit wdt tce topoext perfctr_core perfctr_nb bpext perfctr_l2 cpb cat_l3 cdp_l3 hw_pstate sme ssbd rsb_ctxsw ibrs ibpb stibp vmmcall fsgsbase bmi1 avx2 smep bmi2 cqm rdt_a rdseed adx smap clflushopt clwb sha_ni xsaveopt xsavec xgetbv1 cqm_llc cqm_occup_llc cqm_mbm_total cqm_mbm_local clzero irperf xsaveerptr arat npt lbrv svm_lock nrip_save tsc_scale vmcb_clean flushbyasid decodeassists pausefilter pfthreshold avic v_vmsave_vmload vgif umip overflow_recov succor smca
bogomips	: 4499.88
TLB size	: 3072 4K pages
clflush size	: 64
cache_alignment	: 64
address sizes	: 43 bits physical, 48 bits virtual
power management: ts ttp tm hwpstate cpb eff_freq_ro [13] [14]

processor	: 40
vendor_id	: AuthenticAMD
cpu family	: 23
model		: 49
model name	: AMD EPYC 7742 64-Core Processor
stepping	: 0
microcode	: 0x830107a
cpu MHz		: 2250.000
cache size	: 512 KB
physical id	: 0
siblings	: 64
core id		: 40
cpu cores	: 64
apicid		: 40
initial apicid	: 40
fpu		: yes
fpu_exception	: yes
cpuid level	: 16
wp		: yes
flags		: fpu vme de pse tsc msr pae mce cx8 apic sep mtrr pge mca cmov pat pse36 clflush mmx fxsr sse sse2 ht syscall nx mmxext fxsr_opt pdpe1gb rdtscp lm constant_tsc art rep_good nopl nonstop_tsc extd_apicid aperfmperf eagerfpu pni pclmulqdq monitor ssse3 fma cx16 sse4_1 sse4_2 x2apic movbe popcnt aes xsave avx f16c rdrand lahf_lm cmp_legacy svm extapic cr8_legacy abm sse4a misalignsse 3dnowprefetch osvw ibs skinit wdt tce topoext perfctr_core perfctr_nb bpext perfctr_l2 cpb cat_l3 cdp_l3 hw_pstate sme ssbd rsb_ctxsw ibrs ibpb stibp vmmcall fsgsbase bmi1 avx2 smep bmi2 cqm rdt_a rdseed adx smap clflushopt clwb sha_ni xsaveopt xsavec xgetbv1 cqm_llc cqm_occup_llc cqm_mbm_total cqm_mbm_local clzero irperf xsaveerptr arat npt lbrv svm_lock nrip_save tsc_scale vmcb_clean flushbyasid decodeassists pausefilter pfthreshold avic v_vmsave_vmload vgif umip overflow_recov succor smca
bogomips	: 4499.88
TLB size	: 3072 4K pages
clflush size	: 64
cache_alignment	: 64
address sizes	: 43 bits physical, 48 bits virtual
power management: ts ttp tm hwpstate cpb eff_freq_ro [13] [14]

processor	: 41
vendor_id	: AuthenticAMD
cpu family	: 23
model		: 49
model name	: AMD EPYC 7742 64-Core Processor
stepping	: 0
microcode	: 0x830107a
cpu MHz		: 2250.000
cache size	: 512 KB
physical id	: 0
siblings	: 64
core id		: 41
cpu cores	: 64
apicid		: 41
initial apicid	: 41
fpu		: yes
fpu_exception	: yes
cpuid level	: 16
wp		: yes
flags		: fpu vme de pse tsc msr pae mce cx8 apic sep mtrr pge mca cmov pat pse36 clflush mmx fxsr sse sse2 ht syscall nx mmxext fxsr_opt pdpe1gb rdtscp lm constant_tsc art rep_good nopl nonstop_tsc extd_apicid aperfmperf eagerfpu pni pclmulqdq monitor ssse3 fma cx16 sse4_1 sse4_2 x2apic movbe popcnt aes xsave avx f16c rdrand lahf_lm cmp_legacy svm extapic cr8_legacy abm sse4a misalignsse 3dnowprefetch osvw ibs skinit wdt tce topoext perfctr_core perfctr_nb bpext perfctr_l2 cpb cat_l3 cdp_l3 hw_pstate sme ssbd rsb_ctxsw ibrs ibpb stibp vmmcall fsgsbase bmi1 avx2 smep bmi2 cqm rdt_a rdseed adx smap clflushopt clwb sha_ni xsaveopt xsavec xgetbv1 cqm_llc cqm_occup_llc cqm_mbm_total cqm_mbm_local clzero irperf xsaveerptr arat npt lbrv svm_lock nrip_save tsc_scale vmcb_clean flushbyasid decodeassists pausefilter pfthreshold avic v_vmsave_vmload vgif umip overflow_recov succor smca
bogomips	: 4499.88
TLB size	: 3072 4K pages
clflush size	: 64
cache_alignment	: 64
address sizes	: 43 bits physical, 48 bits virtual
power management: ts ttp tm hwpstate cpb eff_freq_ro [13] [14]

processor	: 42
vendor_id	: AuthenticAMD
cpu family	: 23
model		: 49
model name	: AMD EPYC 7742 64-Core Processor
stepping	: 0
microcode	: 0x830107a
cpu MHz		: 2250.000
cache size	: 512 KB
physical id	: 0
siblings	: 64
core id		: 42
cpu cores	: 64
apicid		: 42
initial apicid	: 42
fpu		: yes
fpu_exception	: yes
cpuid level	: 16
wp		: yes
flags		: fpu vme de pse tsc msr pae mce cx8 apic sep mtrr pge mca cmov pat pse36 clflush mmx fxsr sse sse2 ht syscall nx mmxext fxsr_opt pdpe1gb rdtscp lm constant_tsc art rep_good nopl nonstop_tsc extd_apicid aperfmperf eagerfpu pni pclmulqdq monitor ssse3 fma cx16 sse4_1 sse4_2 x2apic movbe popcnt aes xsave avx f16c rdrand lahf_lm cmp_legacy svm extapic cr8_legacy abm sse4a misalignsse 3dnowprefetch osvw ibs skinit wdt tce topoext perfctr_core perfctr_nb bpext perfctr_l2 cpb cat_l3 cdp_l3 hw_pstate sme ssbd rsb_ctxsw ibrs ibpb stibp vmmcall fsgsbase bmi1 avx2 smep bmi2 cqm rdt_a rdseed adx smap clflushopt clwb sha_ni xsaveopt xsavec xgetbv1 cqm_llc cqm_occup_llc cqm_mbm_total cqm_mbm_local clzero irperf xsaveerptr arat npt lbrv svm_lock nrip_save tsc_scale vmcb_clean flushbyasid decodeassists pausefilter pfthreshold avic v_vmsave_vmload vgif umip overflow_recov succor smca
bogomips	: 4499.88
TLB size	: 3072 4K pages
clflush size	: 64
cache_alignment	: 64
address sizes	: 43 bits physical, 48 bits virtual
power management: ts ttp tm hwpstate cpb eff_freq_ro [13] [14]

processor	: 43
vendor_id	: AuthenticAMD
cpu family	: 23
model		: 49
model name	: AMD EPYC 7742 64-Core Processor
stepping	: 0
microcode	: 0x830107a
cpu MHz		: 2250.000
cache size	: 512 KB
physical id	: 0
siblings	: 64
core id		: 43
cpu cores	: 64
apicid		: 43
initial apicid	: 43
fpu		: yes
fpu_exception	: yes
cpuid level	: 16
wp		: yes
flags		: fpu vme de pse tsc msr pae mce cx8 apic sep mtrr pge mca cmov pat pse36 clflush mmx fxsr sse sse2 ht syscall nx mmxext fxsr_opt pdpe1gb rdtscp lm constant_tsc art rep_good nopl nonstop_tsc extd_apicid aperfmperf eagerfpu pni pclmulqdq monitor ssse3 fma cx16 sse4_1 sse4_2 x2apic movbe popcnt aes xsave avx f16c rdrand lahf_lm cmp_legacy svm extapic cr8_legacy abm sse4a misalignsse 3dnowprefetch osvw ibs skinit wdt tce topoext perfctr_core perfctr_nb bpext perfctr_l2 cpb cat_l3 cdp_l3 hw_pstate sme ssbd rsb_ctxsw ibrs ibpb stibp vmmcall fsgsbase bmi1 avx2 smep bmi2 cqm rdt_a rdseed adx smap clflushopt clwb sha_ni xsaveopt xsavec xgetbv1 cqm_llc cqm_occup_llc cqm_mbm_total cqm_mbm_local clzero irperf xsaveerptr arat npt lbrv svm_lock nrip_save tsc_scale vmcb_clean flushbyasid decodeassists pausefilter pfthreshold avic v_vmsave_vmload vgif umip overflow_recov succor smca
bogomips	: 4499.88
TLB size	: 3072 4K pages
clflush size	: 64
cache_alignment	: 64
address sizes	: 43 bits physical, 48 bits virtual
power management: ts ttp tm hwpstate cpb eff_freq_ro [13] [14]

processor	: 44
vendor_id	: AuthenticAMD
cpu family	: 23
model		: 49
model name	: AMD EPYC 7742 64-Core Processor
stepping	: 0
microcode	: 0x830107a
cpu MHz		: 2250.000
cache size	: 512 KB
physical id	: 0
siblings	: 64
core id		: 44
cpu cores	: 64
apicid		: 44
initial apicid	: 44
fpu		: yes
fpu_exception	: yes
cpuid level	: 16
wp		: yes
flags		: fpu vme de pse tsc msr pae mce cx8 apic sep mtrr pge mca cmov pat pse36 clflush mmx fxsr sse sse2 ht syscall nx mmxext fxsr_opt pdpe1gb rdtscp lm constant_tsc art rep_good nopl nonstop_tsc extd_apicid aperfmperf eagerfpu pni pclmulqdq monitor ssse3 fma cx16 sse4_1 sse4_2 x2apic movbe popcnt aes xsave avx f16c rdrand lahf_lm cmp_legacy svm extapic cr8_legacy abm sse4a misalignsse 3dnowprefetch osvw ibs skinit wdt tce topoext perfctr_core perfctr_nb bpext perfctr_l2 cpb cat_l3 cdp_l3 hw_pstate sme ssbd rsb_ctxsw ibrs ibpb stibp vmmcall fsgsbase bmi1 avx2 smep bmi2 cqm rdt_a rdseed adx smap clflushopt clwb sha_ni xsaveopt xsavec xgetbv1 cqm_llc cqm_occup_llc cqm_mbm_total cqm_mbm_local clzero irperf xsaveerptr arat npt lbrv svm_lock nrip_save tsc_scale vmcb_clean flushbyasid decodeassists pausefilter pfthreshold avic v_vmsave_vmload vgif umip overflow_recov succor smca
bogomips	: 4499.88
TLB size	: 3072 4K pages
clflush size	: 64
cache_alignment	: 64
address sizes	: 43 bits physical, 48 bits virtual
power management: ts ttp tm hwpstate cpb eff_freq_ro [13] [14]

processor	: 45
vendor_id	: AuthenticAMD
cpu family	: 23
model		: 49
model name	: AMD EPYC 7742 64-Core Processor
stepping	: 0
microcode	: 0x830107a
cpu MHz		: 2250.000
cache size	: 512 KB
physical id	: 0
siblings	: 64
core id		: 45
cpu cores	: 64
apicid		: 45
initial apicid	: 45
fpu		: yes
fpu_exception	: yes
cpuid level	: 16
wp		: yes
flags		: fpu vme de pse tsc msr pae mce cx8 apic sep mtrr pge mca cmov pat pse36 clflush mmx fxsr sse sse2 ht syscall nx mmxext fxsr_opt pdpe1gb rdtscp lm constant_tsc art rep_good nopl nonstop_tsc extd_apicid aperfmperf eagerfpu pni pclmulqdq monitor ssse3 fma cx16 sse4_1 sse4_2 x2apic movbe popcnt aes xsave avx f16c rdrand lahf_lm cmp_legacy svm extapic cr8_legacy abm sse4a misalignsse 3dnowprefetch osvw ibs skinit wdt tce topoext perfctr_core perfctr_nb bpext perfctr_l2 cpb cat_l3 cdp_l3 hw_pstate sme ssbd rsb_ctxsw ibrs ibpb stibp vmmcall fsgsbase bmi1 avx2 smep bmi2 cqm rdt_a rdseed adx smap clflushopt clwb sha_ni xsaveopt xsavec xgetbv1 cqm_llc cqm_occup_llc cqm_mbm_total cqm_mbm_local clzero irperf xsaveerptr arat npt lbrv svm_lock nrip_save tsc_scale vmcb_clean flushbyasid decodeassists pausefilter pfthreshold avic v_vmsave_vmload vgif umip overflow_recov succor smca
bogomips	: 4499.88
TLB size	: 3072 4K pages
clflush size	: 64
cache_alignment	: 64
address sizes	: 43 bits physical, 48 bits virtual
power management: ts ttp tm hwpstate cpb eff_freq_ro [13] [14]

processor	: 46
vendor_id	: AuthenticAMD
cpu family	: 23
model		: 49
model name	: AMD EPYC 7742 64-Core Processor
stepping	: 0
microcode	: 0x830107a
cpu MHz		: 2250.000
cache size	: 512 KB
physical id	: 0
siblings	: 64
core id		: 46
cpu cores	: 64
apicid		: 46
initial apicid	: 46
fpu		: yes
fpu_exception	: yes
cpuid level	: 16
wp		: yes
flags		: fpu vme de pse tsc msr pae mce cx8 apic sep mtrr pge mca cmov pat pse36 clflush mmx fxsr sse sse2 ht syscall nx mmxext fxsr_opt pdpe1gb rdtscp lm constant_tsc art rep_good nopl nonstop_tsc extd_apicid aperfmperf eagerfpu pni pclmulqdq monitor ssse3 fma cx16 sse4_1 sse4_2 x2apic movbe popcnt aes xsave avx f16c rdrand lahf_lm cmp_legacy svm extapic cr8_legacy abm sse4a misalignsse 3dnowprefetch osvw ibs skinit wdt tce topoext perfctr_core perfctr_nb bpext perfctr_l2 cpb cat_l3 cdp_l3 hw_pstate sme ssbd rsb_ctxsw ibrs ibpb stibp vmmcall fsgsbase bmi1 avx2 smep bmi2 cqm rdt_a rdseed adx smap clflushopt clwb sha_ni xsaveopt xsavec xgetbv1 cqm_llc cqm_occup_llc cqm_mbm_total cqm_mbm_local clzero irperf xsaveerptr arat npt lbrv svm_lock nrip_save tsc_scale vmcb_clean flushbyasid decodeassists pausefilter pfthreshold avic v_vmsave_vmload vgif umip overflow_recov succor smca
bogomips	: 4499.88
TLB size	: 3072 4K pages
clflush size	: 64
cache_alignment	: 64
address sizes	: 43 bits physical, 48 bits virtual
power management: ts ttp tm hwpstate cpb eff_freq_ro [13] [14]

processor	: 47
vendor_id	: AuthenticAMD
cpu family	: 23
model		: 49
model name	: AMD EPYC 7742 64-Core Processor
stepping	: 0
microcode	: 0x830107a
cpu MHz		: 2250.000
cache size	: 512 KB
physical id	: 0
siblings	: 64
core id		: 47
cpu cores	: 64
apicid		: 47
initial apicid	: 47
fpu		: yes
fpu_exception	: yes
cpuid level	: 16
wp		: yes
flags		: fpu vme de pse tsc msr pae mce cx8 apic sep mtrr pge mca cmov pat pse36 clflush mmx fxsr sse sse2 ht syscall nx mmxext fxsr_opt pdpe1gb rdtscp lm constant_tsc art rep_good nopl nonstop_tsc extd_apicid aperfmperf eagerfpu pni pclmulqdq monitor ssse3 fma cx16 sse4_1 sse4_2 x2apic movbe popcnt aes xsave avx f16c rdrand lahf_lm cmp_legacy svm extapic cr8_legacy abm sse4a misalignsse 3dnowprefetch osvw ibs skinit wdt tce topoext perfctr_core perfctr_nb bpext perfctr_l2 cpb cat_l3 cdp_l3 hw_pstate sme ssbd rsb_ctxsw ibrs ibpb stibp vmmcall fsgsbase bmi1 avx2 smep bmi2 cqm rdt_a rdseed adx smap clflushopt clwb sha_ni xsaveopt xsavec xgetbv1 cqm_llc cqm_occup_llc cqm_mbm_total cqm_mbm_local clzero irperf xsaveerptr arat npt lbrv svm_lock nrip_save tsc_scale vmcb_clean flushbyasid decodeassists pausefilter pfthreshold avic v_vmsave_vmload vgif umip overflow_recov succor smca
bogomips	: 4499.88
TLB size	: 3072 4K pages
clflush size	: 64
cache_alignment	: 64
address sizes	: 43 bits physical, 48 bits virtual
power management: ts ttp tm hwpstate cpb eff_freq_ro [13] [14]

processor	: 48
vendor_id	: AuthenticAMD
cpu family	: 23
model		: 49
model name	: AMD EPYC 7742 64-Core Processor
stepping	: 0
microcode	: 0x830107a
cpu MHz		: 2250.000
cache size	: 512 KB
physical id	: 0
siblings	: 64
core id		: 48
cpu cores	: 64
apicid		: 48
initial apicid	: 48
fpu		: yes
fpu_exception	: yes
cpuid level	: 16
wp		: yes
flags		: fpu vme de pse tsc msr pae mce cx8 apic sep mtrr pge mca cmov pat pse36 clflush mmx fxsr sse sse2 ht syscall nx mmxext fxsr_opt pdpe1gb rdtscp lm constant_tsc art rep_good nopl nonstop_tsc extd_apicid aperfmperf eagerfpu pni pclmulqdq monitor ssse3 fma cx16 sse4_1 sse4_2 x2apic movbe popcnt aes xsave avx f16c rdrand lahf_lm cmp_legacy svm extapic cr8_legacy abm sse4a misalignsse 3dnowprefetch osvw ibs skinit wdt tce topoext perfctr_core perfctr_nb bpext perfctr_l2 cpb cat_l3 cdp_l3 hw_pstate sme ssbd rsb_ctxsw ibrs ibpb stibp vmmcall fsgsbase bmi1 avx2 smep bmi2 cqm rdt_a rdseed adx smap clflushopt clwb sha_ni xsaveopt xsavec xgetbv1 cqm_llc cqm_occup_llc cqm_mbm_total cqm_mbm_local clzero irperf xsaveerptr arat npt lbrv svm_lock nrip_save tsc_scale vmcb_clean flushbyasid decodeassists pausefilter pfthreshold avic v_vmsave_vmload vgif umip overflow_recov succor smca
bogomips	: 4499.88
TLB size	: 3072 4K pages
clflush size	: 64
cache_alignment	: 64
address sizes	: 43 bits physical, 48 bits virtual
power management: ts ttp tm hwpstate cpb eff_freq_ro [13] [14]

processor	: 49
vendor_id	: AuthenticAMD
cpu family	: 23
model		: 49
model name	: AMD EPYC 7742 64-Core Processor
stepping	: 0
microcode	: 0x830107a
cpu MHz		: 2250.000
cache size	: 512 KB
physical id	: 0
siblings	: 64
core id		: 49
cpu cores	: 64
apicid		: 49
initial apicid	: 49
fpu		: yes
fpu_exception	: yes
cpuid level	: 16
wp		: yes
flags		: fpu vme de pse tsc msr pae mce cx8 apic sep mtrr pge mca cmov pat pse36 clflush mmx fxsr sse sse2 ht syscall nx mmxext fxsr_opt pdpe1gb rdtscp lm constant_tsc art rep_good nopl nonstop_tsc extd_apicid aperfmperf eagerfpu pni pclmulqdq monitor ssse3 fma cx16 sse4_1 sse4_2 x2apic movbe popcnt aes xsave avx f16c rdrand lahf_lm cmp_legacy svm extapic cr8_legacy abm sse4a misalignsse 3dnowprefetch osvw ibs skinit wdt tce topoext perfctr_core perfctr_nb bpext perfctr_l2 cpb cat_l3 cdp_l3 hw_pstate sme ssbd rsb_ctxsw ibrs ibpb stibp vmmcall fsgsbase bmi1 avx2 smep bmi2 cqm rdt_a rdseed adx smap clflushopt clwb sha_ni xsaveopt xsavec xgetbv1 cqm_llc cqm_occup_llc cqm_mbm_total cqm_mbm_local clzero irperf xsaveerptr arat npt lbrv svm_lock nrip_save tsc_scale vmcb_clean flushbyasid decodeassists pausefilter pfthreshold avic v_vmsave_vmload vgif umip overflow_recov succor smca
bogomips	: 4499.88
TLB size	: 3072 4K pages
clflush size	: 64
cache_alignment	: 64
address sizes	: 43 bits physical, 48 bits virtual
power management: ts ttp tm hwpstate cpb eff_freq_ro [13] [14]

processor	: 50
vendor_id	: AuthenticAMD
cpu family	: 23
model		: 49
model name	: AMD EPYC 7742 64-Core Processor
stepping	: 0
microcode	: 0x830107a
cpu MHz		: 2250.000
cache size	: 512 KB
physical id	: 0
siblings	: 64
core id		: 50
cpu cores	: 64
apicid		: 50
initial apicid	: 50
fpu		: yes
fpu_exception	: yes
cpuid level	: 16
wp		: yes
flags		: fpu vme de pse tsc msr pae mce cx8 apic sep mtrr pge mca cmov pat pse36 clflush mmx fxsr sse sse2 ht syscall nx mmxext fxsr_opt pdpe1gb rdtscp lm constant_tsc art rep_good nopl nonstop_tsc extd_apicid aperfmperf eagerfpu pni pclmulqdq monitor ssse3 fma cx16 sse4_1 sse4_2 x2apic movbe popcnt aes xsave avx f16c rdrand lahf_lm cmp_legacy svm extapic cr8_legacy abm sse4a misalignsse 3dnowprefetch osvw ibs skinit wdt tce topoext perfctr_core perfctr_nb bpext perfctr_l2 cpb cat_l3 cdp_l3 hw_pstate sme ssbd rsb_ctxsw ibrs ibpb stibp vmmcall fsgsbase bmi1 avx2 smep bmi2 cqm rdt_a rdseed adx smap clflushopt clwb sha_ni xsaveopt xsavec xgetbv1 cqm_llc cqm_occup_llc cqm_mbm_total cqm_mbm_local clzero irperf xsaveerptr arat npt lbrv svm_lock nrip_save tsc_scale vmcb_clean flushbyasid decodeassists pausefilter pfthreshold avic v_vmsave_vmload vgif umip overflow_recov succor smca
bogomips	: 4499.88
TLB size	: 3072 4K pages
clflush size	: 64
cache_alignment	: 64
address sizes	: 43 bits physical, 48 bits virtual
power management: ts ttp tm hwpstate cpb eff_freq_ro [13] [14]

processor	: 51
vendor_id	: AuthenticAMD
cpu family	: 23
model		: 49
model name	: AMD EPYC 7742 64-Core Processor
stepping	: 0
microcode	: 0x830107a
cpu MHz		: 2250.000
cache size	: 512 KB
physical id	: 0
siblings	: 64
core id		: 51
cpu cores	: 64
apicid		: 51
initial apicid	: 51
fpu		: yes
fpu_exception	: yes
cpuid level	: 16
wp		: yes
flags		: fpu vme de pse tsc msr pae mce cx8 apic sep mtrr pge mca cmov pat pse36 clflush mmx fxsr sse sse2 ht syscall nx mmxext fxsr_opt pdpe1gb rdtscp lm constant_tsc art rep_good nopl nonstop_tsc extd_apicid aperfmperf eagerfpu pni pclmulqdq monitor ssse3 fma cx16 sse4_1 sse4_2 x2apic movbe popcnt aes xsave avx f16c rdrand lahf_lm cmp_legacy svm extapic cr8_legacy abm sse4a misalignsse 3dnowprefetch osvw ibs skinit wdt tce topoext perfctr_core perfctr_nb bpext perfctr_l2 cpb cat_l3 cdp_l3 hw_pstate sme ssbd rsb_ctxsw ibrs ibpb stibp vmmcall fsgsbase bmi1 avx2 smep bmi2 cqm rdt_a rdseed adx smap clflushopt clwb sha_ni xsaveopt xsavec xgetbv1 cqm_llc cqm_occup_llc cqm_mbm_total cqm_mbm_local clzero irperf xsaveerptr arat npt lbrv svm_lock nrip_save tsc_scale vmcb_clean flushbyasid decodeassists pausefilter pfthreshold avic v_vmsave_vmload vgif umip overflow_recov succor smca
bogomips	: 4499.88
TLB size	: 3072 4K pages
clflush size	: 64
cache_alignment	: 64
address sizes	: 43 bits physical, 48 bits virtual
power management: ts ttp tm hwpstate cpb eff_freq_ro [13] [14]

processor	: 52
vendor_id	: AuthenticAMD
cpu family	: 23
model		: 49
model name	: AMD EPYC 7742 64-Core Processor
stepping	: 0
microcode	: 0x830107a
cpu MHz		: 2250.000
cache size	: 512 KB
physical id	: 0
siblings	: 64
core id		: 52
cpu cores	: 64
apicid		: 52
initial apicid	: 52
fpu		: yes
fpu_exception	: yes
cpuid level	: 16
wp		: yes
flags		: fpu vme de pse tsc msr pae mce cx8 apic sep mtrr pge mca cmov pat pse36 clflush mmx fxsr sse sse2 ht syscall nx mmxext fxsr_opt pdpe1gb rdtscp lm constant_tsc art rep_good nopl nonstop_tsc extd_apicid aperfmperf eagerfpu pni pclmulqdq monitor ssse3 fma cx16 sse4_1 sse4_2 x2apic movbe popcnt aes xsave avx f16c rdrand lahf_lm cmp_legacy svm extapic cr8_legacy abm sse4a misalignsse 3dnowprefetch osvw ibs skinit wdt tce topoext perfctr_core perfctr_nb bpext perfctr_l2 cpb cat_l3 cdp_l3 hw_pstate sme ssbd rsb_ctxsw ibrs ibpb stibp vmmcall fsgsbase bmi1 avx2 smep bmi2 cqm rdt_a rdseed adx smap clflushopt clwb sha_ni xsaveopt xsavec xgetbv1 cqm_llc cqm_occup_llc cqm_mbm_total cqm_mbm_local clzero irperf xsaveerptr arat npt lbrv svm_lock nrip_save tsc_scale vmcb_clean flushbyasid decodeassists pausefilter pfthreshold avic v_vmsave_vmload vgif umip overflow_recov succor smca
bogomips	: 4499.88
TLB size	: 3072 4K pages
clflush size	: 64
cache_alignment	: 64
address sizes	: 43 bits physical, 48 bits virtual
power management: ts ttp tm hwpstate cpb eff_freq_ro [13] [14]

processor	: 53
vendor_id	: AuthenticAMD
cpu family	: 23
model		: 49
model name	: AMD EPYC 7742 64-Core Processor
stepping	: 0
microcode	: 0x830107a
cpu MHz		: 2250.000
cache size	: 512 KB
physical id	: 0
siblings	: 64
core id		: 53
cpu cores	: 64
apicid		: 53
initial apicid	: 53
fpu		: yes
fpu_exception	: yes
cpuid level	: 16
wp		: yes
flags		: fpu vme de pse tsc msr pae mce cx8 apic sep mtrr pge mca cmov pat pse36 clflush mmx fxsr sse sse2 ht syscall nx mmxext fxsr_opt pdpe1gb rdtscp lm constant_tsc art rep_good nopl nonstop_tsc extd_apicid aperfmperf eagerfpu pni pclmulqdq monitor ssse3 fma cx16 sse4_1 sse4_2 x2apic movbe popcnt aes xsave avx f16c rdrand lahf_lm cmp_legacy svm extapic cr8_legacy abm sse4a misalignsse 3dnowprefetch osvw ibs skinit wdt tce topoext perfctr_core perfctr_nb bpext perfctr_l2 cpb cat_l3 cdp_l3 hw_pstate sme ssbd rsb_ctxsw ibrs ibpb stibp vmmcall fsgsbase bmi1 avx2 smep bmi2 cqm rdt_a rdseed adx smap clflushopt clwb sha_ni xsaveopt xsavec xgetbv1 cqm_llc cqm_occup_llc cqm_mbm_total cqm_mbm_local clzero irperf xsaveerptr arat npt lbrv svm_lock nrip_save tsc_scale vmcb_clean flushbyasid decodeassists pausefilter pfthreshold avic v_vmsave_vmload vgif umip overflow_recov succor smca
bogomips	: 4499.88
TLB size	: 3072 4K pages
clflush size	: 64
cache_alignment	: 64
address sizes	: 43 bits physical, 48 bits virtual
power management: ts ttp tm hwpstate cpb eff_freq_ro [13] [14]

processor	: 54
vendor_id	: AuthenticAMD
cpu family	: 23
model		: 49
model name	: AMD EPYC 7742 64-Core Processor
stepping	: 0
microcode	: 0x830107a
cpu MHz		: 2250.000
cache size	: 512 KB
physical id	: 0
siblings	: 64
core id		: 54
cpu cores	: 64
apicid		: 54
initial apicid	: 54
fpu		: yes
fpu_exception	: yes
cpuid level	: 16
wp		: yes
flags		: fpu vme de pse tsc msr pae mce cx8 apic sep mtrr pge mca cmov pat pse36 clflush mmx fxsr sse sse2 ht syscall nx mmxext fxsr_opt pdpe1gb rdtscp lm constant_tsc art rep_good nopl nonstop_tsc extd_apicid aperfmperf eagerfpu pni pclmulqdq monitor ssse3 fma cx16 sse4_1 sse4_2 x2apic movbe popcnt aes xsave avx f16c rdrand lahf_lm cmp_legacy svm extapic cr8_legacy abm sse4a misalignsse 3dnowprefetch osvw ibs skinit wdt tce topoext perfctr_core perfctr_nb bpext perfctr_l2 cpb cat_l3 cdp_l3 hw_pstate sme ssbd rsb_ctxsw ibrs ibpb stibp vmmcall fsgsbase bmi1 avx2 smep bmi2 cqm rdt_a rdseed adx smap clflushopt clwb sha_ni xsaveopt xsavec xgetbv1 cqm_llc cqm_occup_llc cqm_mbm_total cqm_mbm_local clzero irperf xsaveerptr arat npt lbrv svm_lock nrip_save tsc_scale vmcb_clean flushbyasid decodeassists pausefilter pfthreshold avic v_vmsave_vmload vgif umip overflow_recov succor smca
bogomips	: 4499.88
TLB size	: 3072 4K pages
clflush size	: 64
cache_alignment	: 64
address sizes	: 43 bits physical, 48 bits virtual
power management: ts ttp tm hwpstate cpb eff_freq_ro [13] [14]

processor	: 55
vendor_id	: AuthenticAMD
cpu family	: 23
model		: 49
model name	: AMD EPYC 7742 64-Core Processor
stepping	: 0
microcode	: 0x830107a
cpu MHz		: 2250.000
cache size	: 512 KB
physical id	: 0
siblings	: 64
core id		: 55
cpu cores	: 64
apicid		: 55
initial apicid	: 55
fpu		: yes
fpu_exception	: yes
cpuid level	: 16
wp		: yes
flags		: fpu vme de pse tsc msr pae mce cx8 apic sep mtrr pge mca cmov pat pse36 clflush mmx fxsr sse sse2 ht syscall nx mmxext fxsr_opt pdpe1gb rdtscp lm constant_tsc art rep_good nopl nonstop_tsc extd_apicid aperfmperf eagerfpu pni pclmulqdq monitor ssse3 fma cx16 sse4_1 sse4_2 x2apic movbe popcnt aes xsave avx f16c rdrand lahf_lm cmp_legacy svm extapic cr8_legacy abm sse4a misalignsse 3dnowprefetch osvw ibs skinit wdt tce topoext perfctr_core perfctr_nb bpext perfctr_l2 cpb cat_l3 cdp_l3 hw_pstate sme ssbd rsb_ctxsw ibrs ibpb stibp vmmcall fsgsbase bmi1 avx2 smep bmi2 cqm rdt_a rdseed adx smap clflushopt clwb sha_ni xsaveopt xsavec xgetbv1 cqm_llc cqm_occup_llc cqm_mbm_total cqm_mbm_local clzero irperf xsaveerptr arat npt lbrv svm_lock nrip_save tsc_scale vmcb_clean flushbyasid decodeassists pausefilter pfthreshold avic v_vmsave_vmload vgif umip overflow_recov succor smca
bogomips	: 4499.88
TLB size	: 3072 4K pages
clflush size	: 64
cache_alignment	: 64
address sizes	: 43 bits physical, 48 bits virtual
power management: ts ttp tm hwpstate cpb eff_freq_ro [13] [14]

processor	: 56
vendor_id	: AuthenticAMD
cpu family	: 23
model		: 49
model name	: AMD EPYC 7742 64-Core Processor
stepping	: 0
microcode	: 0x830107a
cpu MHz		: 2250.000
cache size	: 512 KB
physical id	: 0
siblings	: 64
core id		: 56
cpu cores	: 64
apicid		: 56
initial apicid	: 56
fpu		: yes
fpu_exception	: yes
cpuid level	: 16
wp		: yes
flags		: fpu vme de pse tsc msr pae mce cx8 apic sep mtrr pge mca cmov pat pse36 clflush mmx fxsr sse sse2 ht syscall nx mmxext fxsr_opt pdpe1gb rdtscp lm constant_tsc art rep_good nopl nonstop_tsc extd_apicid aperfmperf eagerfpu pni pclmulqdq monitor ssse3 fma cx16 sse4_1 sse4_2 x2apic movbe popcnt aes xsave avx f16c rdrand lahf_lm cmp_legacy svm extapic cr8_legacy abm sse4a misalignsse 3dnowprefetch osvw ibs skinit wdt tce topoext perfctr_core perfctr_nb bpext perfctr_l2 cpb cat_l3 cdp_l3 hw_pstate sme ssbd rsb_ctxsw ibrs ibpb stibp vmmcall fsgsbase bmi1 avx2 smep bmi2 cqm rdt_a rdseed adx smap clflushopt clwb sha_ni xsaveopt xsavec xgetbv1 cqm_llc cqm_occup_llc cqm_mbm_total cqm_mbm_local clzero irperf xsaveerptr arat npt lbrv svm_lock nrip_save tsc_scale vmcb_clean flushbyasid decodeassists pausefilter pfthreshold avic v_vmsave_vmload vgif umip overflow_recov succor smca
bogomips	: 4499.88
TLB size	: 3072 4K pages
clflush size	: 64
cache_alignment	: 64
address sizes	: 43 bits physical, 48 bits virtual
power management: ts ttp tm hwpstate cpb eff_freq_ro [13] [14]

processor	: 57
vendor_id	: AuthenticAMD
cpu family	: 23
model		: 49
model name	: AMD EPYC 7742 64-Core Processor
stepping	: 0
microcode	: 0x830107a
cpu MHz		: 2250.000
cache size	: 512 KB
physical id	: 0
siblings	: 64
core id		: 57
cpu cores	: 64
apicid		: 57
initial apicid	: 57
fpu		: yes
fpu_exception	: yes
cpuid level	: 16
wp		: yes
flags		: fpu vme de pse tsc msr pae mce cx8 apic sep mtrr pge mca cmov pat pse36 clflush mmx fxsr sse sse2 ht syscall nx mmxext fxsr_opt pdpe1gb rdtscp lm constant_tsc art rep_good nopl nonstop_tsc extd_apicid aperfmperf eagerfpu pni pclmulqdq monitor ssse3 fma cx16 sse4_1 sse4_2 x2apic movbe popcnt aes xsave avx f16c rdrand lahf_lm cmp_legacy svm extapic cr8_legacy abm sse4a misalignsse 3dnowprefetch osvw ibs skinit wdt tce topoext perfctr_core perfctr_nb bpext perfctr_l2 cpb cat_l3 cdp_l3 hw_pstate sme ssbd rsb_ctxsw ibrs ibpb stibp vmmcall fsgsbase bmi1 avx2 smep bmi2 cqm rdt_a rdseed adx smap clflushopt clwb sha_ni xsaveopt xsavec xgetbv1 cqm_llc cqm_occup_llc cqm_mbm_total cqm_mbm_local clzero irperf xsaveerptr arat npt lbrv svm_lock nrip_save tsc_scale vmcb_clean flushbyasid decodeassists pausefilter pfthreshold avic v_vmsave_vmload vgif umip overflow_recov succor smca
bogomips	: 4499.88
TLB size	: 3072 4K pages
clflush size	: 64
cache_alignment	: 64
address sizes	: 43 bits physical, 48 bits virtual
power management: ts ttp tm hwpstate cpb eff_freq_ro [13] [14]

processor	: 58
vendor_id	: AuthenticAMD
cpu family	: 23
model		: 49
model name	: AMD EPYC 7742 64-Core Processor
stepping	: 0
microcode	: 0x830107a
cpu MHz		: 2250.000
cache size	: 512 KB
physical id	: 0
siblings	: 64
core id		: 58
cpu cores	: 64
apicid		: 58
initial apicid	: 58
fpu		: yes
fpu_exception	: yes
cpuid level	: 16
wp		: yes
flags		: fpu vme de pse tsc msr pae mce cx8 apic sep mtrr pge mca cmov pat pse36 clflush mmx fxsr sse sse2 ht syscall nx mmxext fxsr_opt pdpe1gb rdtscp lm constant_tsc art rep_good nopl nonstop_tsc extd_apicid aperfmperf eagerfpu pni pclmulqdq monitor ssse3 fma cx16 sse4_1 sse4_2 x2apic movbe popcnt aes xsave avx f16c rdrand lahf_lm cmp_legacy svm extapic cr8_legacy abm sse4a misalignsse 3dnowprefetch osvw ibs skinit wdt tce topoext perfctr_core perfctr_nb bpext perfctr_l2 cpb cat_l3 cdp_l3 hw_pstate sme ssbd rsb_ctxsw ibrs ibpb stibp vmmcall fsgsbase bmi1 avx2 smep bmi2 cqm rdt_a rdseed adx smap clflushopt clwb sha_ni xsaveopt xsavec xgetbv1 cqm_llc cqm_occup_llc cqm_mbm_total cqm_mbm_local clzero irperf xsaveerptr arat npt lbrv svm_lock nrip_save tsc_scale vmcb_clean flushbyasid decodeassists pausefilter pfthreshold avic v_vmsave_vmload vgif umip overflow_recov succor smca
bogomips	: 4499.88
TLB size	: 3072 4K pages
clflush size	: 64
cache_alignment	: 64
address sizes	: 43 bits physical, 48 bits virtual
power management: ts ttp tm hwpstate cpb eff_freq_ro [13] [14]

processor	: 59
vendor_id	: AuthenticAMD
cpu family	: 23
model		: 49
model name	: AMD EPYC 7742 64-Core Processor
stepping	: 0
microcode	: 0x830107a
cpu MHz		: 2250.000
cache size	: 512 KB
physical id	: 0
siblings	: 64
core id		: 59
cpu cores	: 64
apicid		: 59
initial apicid	: 59
fpu		: yes
fpu_exception	: yes
cpuid level	: 16
wp		: yes
flags		: fpu vme de pse tsc msr pae mce cx8 apic sep mtrr pge mca cmov pat pse36 clflush mmx fxsr sse sse2 ht syscall nx mmxext fxsr_opt pdpe1gb rdtscp lm constant_tsc art rep_good nopl nonstop_tsc extd_apicid aperfmperf eagerfpu pni pclmulqdq monitor ssse3 fma cx16 sse4_1 sse4_2 x2apic movbe popcnt aes xsave avx f16c rdrand lahf_lm cmp_legacy svm extapic cr8_legacy abm sse4a misalignsse 3dnowprefetch osvw ibs skinit wdt tce topoext perfctr_core perfctr_nb bpext perfctr_l2 cpb cat_l3 cdp_l3 hw_pstate sme ssbd rsb_ctxsw ibrs ibpb stibp vmmcall fsgsbase bmi1 avx2 smep bmi2 cqm rdt_a rdseed adx smap clflushopt clwb sha_ni xsaveopt xsavec xgetbv1 cqm_llc cqm_occup_llc cqm_mbm_total cqm_mbm_local clzero irperf xsaveerptr arat npt lbrv svm_lock nrip_save tsc_scale vmcb_clean flushbyasid decodeassists pausefilter pfthreshold avic v_vmsave_vmload vgif umip overflow_recov succor smca
bogomips	: 4499.88
TLB size	: 3072 4K pages
clflush size	: 64
cache_alignment	: 64
address sizes	: 43 bits physical, 48 bits virtual
power management: ts ttp tm hwpstate cpb eff_freq_ro [13] [14]

processor	: 60
vendor_id	: AuthenticAMD
cpu family	: 23
model		: 49
model name	: AMD EPYC 7742 64-Core Processor
stepping	: 0
microcode	: 0x830107a
cpu MHz		: 2250.000
cache size	: 512 KB
physical id	: 0
siblings	: 64
core id		: 60
cpu cores	: 64
apicid		: 60
initial apicid	: 60
fpu		: yes
fpu_exception	: yes
cpuid level	: 16
wp		: yes
flags		: fpu vme de pse tsc msr pae mce cx8 apic sep mtrr pge mca cmov pat pse36 clflush mmx fxsr sse sse2 ht syscall nx mmxext fxsr_opt pdpe1gb rdtscp lm constant_tsc art rep_good nopl nonstop_tsc extd_apicid aperfmperf eagerfpu pni pclmulqdq monitor ssse3 fma cx16 sse4_1 sse4_2 x2apic movbe popcnt aes xsave avx f16c rdrand lahf_lm cmp_legacy svm extapic cr8_legacy abm sse4a misalignsse 3dnowprefetch osvw ibs skinit wdt tce topoext perfctr_core perfctr_nb bpext perfctr_l2 cpb cat_l3 cdp_l3 hw_pstate sme ssbd rsb_ctxsw ibrs ibpb stibp vmmcall fsgsbase bmi1 avx2 smep bmi2 cqm rdt_a rdseed adx smap clflushopt clwb sha_ni xsaveopt xsavec xgetbv1 cqm_llc cqm_occup_llc cqm_mbm_total cqm_mbm_local clzero irperf xsaveerptr arat npt lbrv svm_lock nrip_save tsc_scale vmcb_clean flushbyasid decodeassists pausefilter pfthreshold avic v_vmsave_vmload vgif umip overflow_recov succor smca
bogomips	: 4499.88
TLB size	: 3072 4K pages
clflush size	: 64
cache_alignment	: 64
address sizes	: 43 bits physical, 48 bits virtual
power management: ts ttp tm hwpstate cpb eff_freq_ro [13] [14]

processor	: 61
vendor_id	: AuthenticAMD
cpu family	: 23
model		: 49
model name	: AMD EPYC 7742 64-Core Processor
stepping	: 0
microcode	: 0x830107a
cpu MHz		: 2250.000
cache size	: 512 KB
physical id	: 0
siblings	: 64
core id		: 61
cpu cores	: 64
apicid		: 61
initial apicid	: 61
fpu		: yes
fpu_exception	: yes
cpuid level	: 16
wp		: yes
flags		: fpu vme de pse tsc msr pae mce cx8 apic sep mtrr pge mca cmov pat pse36 clflush mmx fxsr sse sse2 ht syscall nx mmxext fxsr_opt pdpe1gb rdtscp lm constant_tsc art rep_good nopl nonstop_tsc extd_apicid aperfmperf eagerfpu pni pclmulqdq monitor ssse3 fma cx16 sse4_1 sse4_2 x2apic movbe popcnt aes xsave avx f16c rdrand lahf_lm cmp_legacy svm extapic cr8_legacy abm sse4a misalignsse 3dnowprefetch osvw ibs skinit wdt tce topoext perfctr_core perfctr_nb bpext perfctr_l2 cpb cat_l3 cdp_l3 hw_pstate sme ssbd rsb_ctxsw ibrs ibpb stibp vmmcall fsgsbase bmi1 avx2 smep bmi2 cqm rdt_a rdseed adx smap clflushopt clwb sha_ni xsaveopt xsavec xgetbv1 cqm_llc cqm_occup_llc cqm_mbm_total cqm_mbm_local clzero irperf xsaveerptr arat npt lbrv svm_lock nrip_save tsc_scale vmcb_clean flushbyasid decodeassists pausefilter pfthreshold avic v_vmsave_vmload vgif umip overflow_recov succor smca
bogomips	: 4499.88
TLB size	: 3072 4K pages
clflush size	: 64
cache_alignment	: 64
address sizes	: 43 bits physical, 48 bits virtual
power management: ts ttp tm hwpstate cpb eff_freq_ro [13] [14]

processor	: 62
vendor_id	: AuthenticAMD
cpu family	: 23
model		: 49
model name	: AMD EPYC 7742 64-Core Processor
stepping	: 0
microcode	: 0x830107a
cpu MHz		: 2250.000
cache size	: 512 KB
physical id	: 0
siblings	: 64
core id		: 62
cpu cores	: 64
apicid		: 62
initial apicid	: 62
fpu		: yes
fpu_exception	: yes
cpuid level	: 16
wp		: yes
flags		: fpu vme de pse tsc msr pae mce cx8 apic sep mtrr pge mca cmov pat pse36 clflush mmx fxsr sse sse2 ht syscall nx mmxext fxsr_opt pdpe1gb rdtscp lm constant_tsc art rep_good nopl nonstop_tsc extd_apicid aperfmperf eagerfpu pni pclmulqdq monitor ssse3 fma cx16 sse4_1 sse4_2 x2apic movbe popcnt aes xsave avx f16c rdrand lahf_lm cmp_legacy svm extapic cr8_legacy abm sse4a misalignsse 3dnowprefetch osvw ibs skinit wdt tce topoext perfctr_core perfctr_nb bpext perfctr_l2 cpb cat_l3 cdp_l3 hw_pstate sme ssbd rsb_ctxsw ibrs ibpb stibp vmmcall fsgsbase bmi1 avx2 smep bmi2 cqm rdt_a rdseed adx smap clflushopt clwb sha_ni xsaveopt xsavec xgetbv1 cqm_llc cqm_occup_llc cqm_mbm_total cqm_mbm_local clzero irperf xsaveerptr arat npt lbrv svm_lock nrip_save tsc_scale vmcb_clean flushbyasid decodeassists pausefilter pfthreshold avic v_vmsave_vmload vgif umip overflow_recov succor smca
bogomips	: 4499.88
TLB size	: 3072 4K pages
clflush size	: 64
cache_alignment	: 64
address sizes	: 43 bits physical, 48 bits virtual
power management: ts ttp tm hwpstate cpb eff_freq_ro [13] [14]

processor	: 63
vendor_id	: AuthenticAMD
cpu family	: 23
model		: 49
model name	: AMD EPYC 7742 64-Core Processor
stepping	: 0
microcode	: 0x830107a
cpu MHz		: 2250.000
cache size	: 512 KB
physical id	: 0
siblings	: 64
core id		: 63
cpu cores	: 64
apicid		: 63
initial apicid	: 63
fpu		: yes
fpu_exception	: yes
cpuid level	: 16
wp		: yes
flags		: fpu vme de pse tsc msr pae mce cx8 apic sep mtrr pge mca cmov pat pse36 clflush mmx fxsr sse sse2 ht syscall nx mmxext fxsr_opt pdpe1gb rdtscp lm constant_tsc art rep_good nopl nonstop_tsc extd_apicid aperfmperf eagerfpu pni pclmulqdq monitor ssse3 fma cx16 sse4_1 sse4_2 x2apic movbe popcnt aes xsave avx f16c rdrand lahf_lm cmp_legacy svm extapic cr8_legacy abm sse4a misalignsse 3dnowprefetch osvw ibs skinit wdt tce topoext perfctr_core perfctr_nb bpext perfctr_l2 cpb cat_l3 cdp_l3 hw_pstate sme ssbd rsb_ctxsw ibrs ibpb stibp vmmcall fsgsbase bmi1 avx2 smep bmi2 cqm rdt_a rdseed adx smap clflushopt clwb sha_ni xsaveopt xsavec xgetbv1 cqm_llc cqm_occup_llc cqm_mbm_total cqm_mbm_local clzero irperf xsaveerptr arat npt lbrv svm_lock nrip_save tsc_scale vmcb_clean flushbyasid decodeassists pausefilter pfthreshold avic v_vmsave_vmload vgif umip overflow_recov succor smca
bogomips	: 4499.88
TLB size	: 3072 4K pages
clflush size	: 64
cache_alignment	: 64
address sizes	: 43 bits physical, 48 bits virtual
power management: ts ttp tm hwpstate cpb eff_freq_ro [13] [14]

processor	: 64
vendor_id	: AuthenticAMD
cpu family	: 23
model		: 49
model name	: AMD EPYC 7742 64-Core Processor
stepping	: 0
microcode	: 0x830107a
cpu MHz		: 2250.000
cache size	: 512 KB
physical id	: 1
siblings	: 64
core id		: 0
cpu cores	: 64
apicid		: 64
initial apicid	: 64
fpu		: yes
fpu_exception	: yes
cpuid level	: 16
wp		: yes
flags		: fpu vme de pse tsc msr pae mce cx8 apic sep mtrr pge mca cmov pat pse36 clflush mmx fxsr sse sse2 ht syscall nx mmxext fxsr_opt pdpe1gb rdtscp lm constant_tsc art rep_good nopl nonstop_tsc extd_apicid aperfmperf eagerfpu pni pclmulqdq monitor ssse3 fma cx16 sse4_1 sse4_2 x2apic movbe popcnt aes xsave avx f16c rdrand lahf_lm cmp_legacy svm extapic cr8_legacy abm sse4a misalignsse 3dnowprefetch osvw ibs skinit wdt tce topoext perfctr_core perfctr_nb bpext perfctr_l2 cpb cat_l3 cdp_l3 hw_pstate sme ssbd rsb_ctxsw ibrs ibpb stibp vmmcall fsgsbase bmi1 avx2 smep bmi2 cqm rdt_a rdseed adx smap clflushopt clwb sha_ni xsaveopt xsavec xgetbv1 cqm_llc cqm_occup_llc cqm_mbm_total cqm_mbm_local clzero irperf xsaveerptr arat npt lbrv svm_lock nrip_save tsc_scale vmcb_clean flushbyasid decodeassists pausefilter pfthreshold avic v_vmsave_vmload vgif umip overflow_recov succor smca
bogomips	: 4499.94
TLB size	: 3072 4K pages
clflush size	: 64
cache_alignment	: 64
address sizes	: 43 bits physical, 48 bits virtual
power management: ts ttp tm hwpstate cpb eff_freq_ro [13] [14]

processor	: 65
vendor_id	: AuthenticAMD
cpu family	: 23
model		: 49
model name	: AMD EPYC 7742 64-Core Processor
stepping	: 0
microcode	: 0x830107a
cpu MHz		: 2250.000
cache size	: 512 KB
physical id	: 1
siblings	: 64
core id		: 1
cpu cores	: 64
apicid		: 65
initial apicid	: 65
fpu		: yes
fpu_exception	: yes
cpuid level	: 16
wp		: yes
flags		: fpu vme de pse tsc msr pae mce cx8 apic sep mtrr pge mca cmov pat pse36 clflush mmx fxsr sse sse2 ht syscall nx mmxext fxsr_opt pdpe1gb rdtscp lm constant_tsc art rep_good nopl nonstop_tsc extd_apicid aperfmperf eagerfpu pni pclmulqdq monitor ssse3 fma cx16 sse4_1 sse4_2 x2apic movbe popcnt aes xsave avx f16c rdrand lahf_lm cmp_legacy svm extapic cr8_legacy abm sse4a misalignsse 3dnowprefetch osvw ibs skinit wdt tce topoext perfctr_core perfctr_nb bpext perfctr_l2 cpb cat_l3 cdp_l3 hw_pstate sme ssbd rsb_ctxsw ibrs ibpb stibp vmmcall fsgsbase bmi1 avx2 smep bmi2 cqm rdt_a rdseed adx smap clflushopt clwb sha_ni xsaveopt xsavec xgetbv1 cqm_llc cqm_occup_llc cqm_mbm_total cqm_mbm_local clzero irperf xsaveerptr arat npt lbrv svm_lock nrip_save tsc_scale vmcb_clean flushbyasid decodeassists pausefilter pfthreshold avic v_vmsave_vmload vgif umip overflow_recov succor smca
bogomips	: 4499.94
TLB size	: 3072 4K pages
clflush size	: 64
cache_alignment	: 64
address sizes	: 43 bits physical, 48 bits virtual
power management: ts ttp tm hwpstate cpb eff_freq_ro [13] [14]

processor	: 66
vendor_id	: AuthenticAMD
cpu family	: 23
model		: 49
model name	: AMD EPYC 7742 64-Core Processor
stepping	: 0
microcode	: 0x830107a
cpu MHz		: 2250.000
cache size	: 512 KB
physical id	: 1
siblings	: 64
core id		: 2
cpu cores	: 64
apicid		: 66
initial apicid	: 66
fpu		: yes
fpu_exception	: yes
cpuid level	: 16
wp		: yes
flags		: fpu vme de pse tsc msr pae mce cx8 apic sep mtrr pge mca cmov pat pse36 clflush mmx fxsr sse sse2 ht syscall nx mmxext fxsr_opt pdpe1gb rdtscp lm constant_tsc art rep_good nopl nonstop_tsc extd_apicid aperfmperf eagerfpu pni pclmulqdq monitor ssse3 fma cx16 sse4_1 sse4_2 x2apic movbe popcnt aes xsave avx f16c rdrand lahf_lm cmp_legacy svm extapic cr8_legacy abm sse4a misalignsse 3dnowprefetch osvw ibs skinit wdt tce topoext perfctr_core perfctr_nb bpext perfctr_l2 cpb cat_l3 cdp_l3 hw_pstate sme ssbd rsb_ctxsw ibrs ibpb stibp vmmcall fsgsbase bmi1 avx2 smep bmi2 cqm rdt_a rdseed adx smap clflushopt clwb sha_ni xsaveopt xsavec xgetbv1 cqm_llc cqm_occup_llc cqm_mbm_total cqm_mbm_local clzero irperf xsaveerptr arat npt lbrv svm_lock nrip_save tsc_scale vmcb_clean flushbyasid decodeassists pausefilter pfthreshold avic v_vmsave_vmload vgif umip overflow_recov succor smca
bogomips	: 4499.94
TLB size	: 3072 4K pages
clflush size	: 64
cache_alignment	: 64
address sizes	: 43 bits physical, 48 bits virtual
power management: ts ttp tm hwpstate cpb eff_freq_ro [13] [14]

processor	: 67
vendor_id	: AuthenticAMD
cpu family	: 23
model		: 49
model name	: AMD EPYC 7742 64-Core Processor
stepping	: 0
microcode	: 0x830107a
cpu MHz		: 2250.000
cache size	: 512 KB
physical id	: 1
siblings	: 64
core id		: 3
cpu cores	: 64
apicid		: 67
initial apicid	: 67
fpu		: yes
fpu_exception	: yes
cpuid level	: 16
wp		: yes
flags		: fpu vme de pse tsc msr pae mce cx8 apic sep mtrr pge mca cmov pat pse36 clflush mmx fxsr sse sse2 ht syscall nx mmxext fxsr_opt pdpe1gb rdtscp lm constant_tsc art rep_good nopl nonstop_tsc extd_apicid aperfmperf eagerfpu pni pclmulqdq monitor ssse3 fma cx16 sse4_1 sse4_2 x2apic movbe popcnt aes xsave avx f16c rdrand lahf_lm cmp_legacy svm extapic cr8_legacy abm sse4a misalignsse 3dnowprefetch osvw ibs skinit wdt tce topoext perfctr_core perfctr_nb bpext perfctr_l2 cpb cat_l3 cdp_l3 hw_pstate sme ssbd rsb_ctxsw ibrs ibpb stibp vmmcall fsgsbase bmi1 avx2 smep bmi2 cqm rdt_a rdseed adx smap clflushopt clwb sha_ni xsaveopt xsavec xgetbv1 cqm_llc cqm_occup_llc cqm_mbm_total cqm_mbm_local clzero irperf xsaveerptr arat npt lbrv svm_lock nrip_save tsc_scale vmcb_clean flushbyasid decodeassists pausefilter pfthreshold avic v_vmsave_vmload vgif umip overflow_recov succor smca
bogomips	: 4499.94
TLB size	: 3072 4K pages
clflush size	: 64
cache_alignment	: 64
address sizes	: 43 bits physical, 48 bits virtual
power management: ts ttp tm hwpstate cpb eff_freq_ro [13] [14]

processor	: 68
vendor_id	: AuthenticAMD
cpu family	: 23
model		: 49
model name	: AMD EPYC 7742 64-Core Processor
stepping	: 0
microcode	: 0x830107a
cpu MHz		: 2250.000
cache size	: 512 KB
physical id	: 1
siblings	: 64
core id		: 4
cpu cores	: 64
apicid		: 68
initial apicid	: 68
fpu		: yes
fpu_exception	: yes
cpuid level	: 16
wp		: yes
flags		: fpu vme de pse tsc msr pae mce cx8 apic sep mtrr pge mca cmov pat pse36 clflush mmx fxsr sse sse2 ht syscall nx mmxext fxsr_opt pdpe1gb rdtscp lm constant_tsc art rep_good nopl nonstop_tsc extd_apicid aperfmperf eagerfpu pni pclmulqdq monitor ssse3 fma cx16 sse4_1 sse4_2 x2apic movbe popcnt aes xsave avx f16c rdrand lahf_lm cmp_legacy svm extapic cr8_legacy abm sse4a misalignsse 3dnowprefetch osvw ibs skinit wdt tce topoext perfctr_core perfctr_nb bpext perfctr_l2 cpb cat_l3 cdp_l3 hw_pstate sme ssbd rsb_ctxsw ibrs ibpb stibp vmmcall fsgsbase bmi1 avx2 smep bmi2 cqm rdt_a rdseed adx smap clflushopt clwb sha_ni xsaveopt xsavec xgetbv1 cqm_llc cqm_occup_llc cqm_mbm_total cqm_mbm_local clzero irperf xsaveerptr arat npt lbrv svm_lock nrip_save tsc_scale vmcb_clean flushbyasid decodeassists pausefilter pfthreshold avic v_vmsave_vmload vgif umip overflow_recov succor smca
bogomips	: 4499.94
TLB size	: 3072 4K pages
clflush size	: 64
cache_alignment	: 64
address sizes	: 43 bits physical, 48 bits virtual
power management: ts ttp tm hwpstate cpb eff_freq_ro [13] [14]

processor	: 69
vendor_id	: AuthenticAMD
cpu family	: 23
model		: 49
model name	: AMD EPYC 7742 64-Core Processor
stepping	: 0
microcode	: 0x830107a
cpu MHz		: 2250.000
cache size	: 512 KB
physical id	: 1
siblings	: 64
core id		: 5
cpu cores	: 64
apicid		: 69
initial apicid	: 69
fpu		: yes
fpu_exception	: yes
cpuid level	: 16
wp		: yes
flags		: fpu vme de pse tsc msr pae mce cx8 apic sep mtrr pge mca cmov pat pse36 clflush mmx fxsr sse sse2 ht syscall nx mmxext fxsr_opt pdpe1gb rdtscp lm constant_tsc art rep_good nopl nonstop_tsc extd_apicid aperfmperf eagerfpu pni pclmulqdq monitor ssse3 fma cx16 sse4_1 sse4_2 x2apic movbe popcnt aes xsave avx f16c rdrand lahf_lm cmp_legacy svm extapic cr8_legacy abm sse4a misalignsse 3dnowprefetch osvw ibs skinit wdt tce topoext perfctr_core perfctr_nb bpext perfctr_l2 cpb cat_l3 cdp_l3 hw_pstate sme ssbd rsb_ctxsw ibrs ibpb stibp vmmcall fsgsbase bmi1 avx2 smep bmi2 cqm rdt_a rdseed adx smap clflushopt clwb sha_ni xsaveopt xsavec xgetbv1 cqm_llc cqm_occup_llc cqm_mbm_total cqm_mbm_local clzero irperf xsaveerptr arat npt lbrv svm_lock nrip_save tsc_scale vmcb_clean flushbyasid decodeassists pausefilter pfthreshold avic v_vmsave_vmload vgif umip overflow_recov succor smca
bogomips	: 4499.94
TLB size	: 3072 4K pages
clflush size	: 64
cache_alignment	: 64
address sizes	: 43 bits physical, 48 bits virtual
power management: ts ttp tm hwpstate cpb eff_freq_ro [13] [14]

processor	: 70
vendor_id	: AuthenticAMD
cpu family	: 23
model		: 49
model name	: AMD EPYC 7742 64-Core Processor
stepping	: 0
microcode	: 0x830107a
cpu MHz		: 2250.000
cache size	: 512 KB
physical id	: 1
siblings	: 64
core id		: 6
cpu cores	: 64
apicid		: 70
initial apicid	: 70
fpu		: yes
fpu_exception	: yes
cpuid level	: 16
wp		: yes
flags		: fpu vme de pse tsc msr pae mce cx8 apic sep mtrr pge mca cmov pat pse36 clflush mmx fxsr sse sse2 ht syscall nx mmxext fxsr_opt pdpe1gb rdtscp lm constant_tsc art rep_good nopl nonstop_tsc extd_apicid aperfmperf eagerfpu pni pclmulqdq monitor ssse3 fma cx16 sse4_1 sse4_2 x2apic movbe popcnt aes xsave avx f16c rdrand lahf_lm cmp_legacy svm extapic cr8_legacy abm sse4a misalignsse 3dnowprefetch osvw ibs skinit wdt tce topoext perfctr_core perfctr_nb bpext perfctr_l2 cpb cat_l3 cdp_l3 hw_pstate sme ssbd rsb_ctxsw ibrs ibpb stibp vmmcall fsgsbase bmi1 avx2 smep bmi2 cqm rdt_a rdseed adx smap clflushopt clwb sha_ni xsaveopt xsavec xgetbv1 cqm_llc cqm_occup_llc cqm_mbm_total cqm_mbm_local clzero irperf xsaveerptr arat npt lbrv svm_lock nrip_save tsc_scale vmcb_clean flushbyasid decodeassists pausefilter pfthreshold avic v_vmsave_vmload vgif umip overflow_recov succor smca
bogomips	: 4499.94
TLB size	: 3072 4K pages
clflush size	: 64
cache_alignment	: 64
address sizes	: 43 bits physical, 48 bits virtual
power management: ts ttp tm hwpstate cpb eff_freq_ro [13] [14]

processor	: 71
vendor_id	: AuthenticAMD
cpu family	: 23
model		: 49
model name	: AMD EPYC 7742 64-Core Processor
stepping	: 0
microcode	: 0x830107a
cpu MHz		: 2250.000
cache size	: 512 KB
physical id	: 1
siblings	: 64
core id		: 7
cpu cores	: 64
apicid		: 71
initial apicid	: 71
fpu		: yes
fpu_exception	: yes
cpuid level	: 16
wp		: yes
flags		: fpu vme de pse tsc msr pae mce cx8 apic sep mtrr pge mca cmov pat pse36 clflush mmx fxsr sse sse2 ht syscall nx mmxext fxsr_opt pdpe1gb rdtscp lm constant_tsc art rep_good nopl nonstop_tsc extd_apicid aperfmperf eagerfpu pni pclmulqdq monitor ssse3 fma cx16 sse4_1 sse4_2 x2apic movbe popcnt aes xsave avx f16c rdrand lahf_lm cmp_legacy svm extapic cr8_legacy abm sse4a misalignsse 3dnowprefetch osvw ibs skinit wdt tce topoext perfctr_core perfctr_nb bpext perfctr_l2 cpb cat_l3 cdp_l3 hw_pstate sme ssbd rsb_ctxsw ibrs ibpb stibp vmmcall fsgsbase bmi1 avx2 smep bmi2 cqm rdt_a rdseed adx smap clflushopt clwb sha_ni xsaveopt xsavec xgetbv1 cqm_llc cqm_occup_llc cqm_mbm_total cqm_mbm_local clzero irperf xsaveerptr arat npt lbrv svm_lock nrip_save tsc_scale vmcb_clean flushbyasid decodeassists pausefilter pfthreshold avic v_vmsave_vmload vgif umip overflow_recov succor smca
bogomips	: 4499.94
TLB size	: 3072 4K pages
clflush size	: 64
cache_alignment	: 64
address sizes	: 43 bits physical, 48 bits virtual
power management: ts ttp tm hwpstate cpb eff_freq_ro [13] [14]

processor	: 72
vendor_id	: AuthenticAMD
cpu family	: 23
model		: 49
model name	: AMD EPYC 7742 64-Core Processor
stepping	: 0
microcode	: 0x830107a
cpu MHz		: 2250.000
cache size	: 512 KB
physical id	: 1
siblings	: 64
core id		: 8
cpu cores	: 64
apicid		: 72
initial apicid	: 72
fpu		: yes
fpu_exception	: yes
cpuid level	: 16
wp		: yes
flags		: fpu vme de pse tsc msr pae mce cx8 apic sep mtrr pge mca cmov pat pse36 clflush mmx fxsr sse sse2 ht syscall nx mmxext fxsr_opt pdpe1gb rdtscp lm constant_tsc art rep_good nopl nonstop_tsc extd_apicid aperfmperf eagerfpu pni pclmulqdq monitor ssse3 fma cx16 sse4_1 sse4_2 x2apic movbe popcnt aes xsave avx f16c rdrand lahf_lm cmp_legacy svm extapic cr8_legacy abm sse4a misalignsse 3dnowprefetch osvw ibs skinit wdt tce topoext perfctr_core perfctr_nb bpext perfctr_l2 cpb cat_l3 cdp_l3 hw_pstate sme ssbd rsb_ctxsw ibrs ibpb stibp vmmcall fsgsbase bmi1 avx2 smep bmi2 cqm rdt_a rdseed adx smap clflushopt clwb sha_ni xsaveopt xsavec xgetbv1 cqm_llc cqm_occup_llc cqm_mbm_total cqm_mbm_local clzero irperf xsaveerptr arat npt lbrv svm_lock nrip_save tsc_scale vmcb_clean flushbyasid decodeassists pausefilter pfthreshold avic v_vmsave_vmload vgif umip overflow_recov succor smca
bogomips	: 4499.94
TLB size	: 3072 4K pages
clflush size	: 64
cache_alignment	: 64
address sizes	: 43 bits physical, 48 bits virtual
power management: ts ttp tm hwpstate cpb eff_freq_ro [13] [14]

processor	: 73
vendor_id	: AuthenticAMD
cpu family	: 23
model		: 49
model name	: AMD EPYC 7742 64-Core Processor
stepping	: 0
microcode	: 0x830107a
cpu MHz		: 2250.000
cache size	: 512 KB
physical id	: 1
siblings	: 64
core id		: 9
cpu cores	: 64
apicid		: 73
initial apicid	: 73
fpu		: yes
fpu_exception	: yes
cpuid level	: 16
wp		: yes
flags		: fpu vme de pse tsc msr pae mce cx8 apic sep mtrr pge mca cmov pat pse36 clflush mmx fxsr sse sse2 ht syscall nx mmxext fxsr_opt pdpe1gb rdtscp lm constant_tsc art rep_good nopl nonstop_tsc extd_apicid aperfmperf eagerfpu pni pclmulqdq monitor ssse3 fma cx16 sse4_1 sse4_2 x2apic movbe popcnt aes xsave avx f16c rdrand lahf_lm cmp_legacy svm extapic cr8_legacy abm sse4a misalignsse 3dnowprefetch osvw ibs skinit wdt tce topoext perfctr_core perfctr_nb bpext perfctr_l2 cpb cat_l3 cdp_l3 hw_pstate sme ssbd rsb_ctxsw ibrs ibpb stibp vmmcall fsgsbase bmi1 avx2 smep bmi2 cqm rdt_a rdseed adx smap clflushopt clwb sha_ni xsaveopt xsavec xgetbv1 cqm_llc cqm_occup_llc cqm_mbm_total cqm_mbm_local clzero irperf xsaveerptr arat npt lbrv svm_lock nrip_save tsc_scale vmcb_clean flushbyasid decodeassists pausefilter pfthreshold avic v_vmsave_vmload vgif umip overflow_recov succor smca
bogomips	: 4499.94
TLB size	: 3072 4K pages
clflush size	: 64
cache_alignment	: 64
address sizes	: 43 bits physical, 48 bits virtual
power management: ts ttp tm hwpstate cpb eff_freq_ro [13] [14]

processor	: 74
vendor_id	: AuthenticAMD
cpu family	: 23
model		: 49
model name	: AMD EPYC 7742 64-Core Processor
stepping	: 0
microcode	: 0x830107a
cpu MHz		: 2250.000
cache size	: 512 KB
physical id	: 1
siblings	: 64
core id		: 10
cpu cores	: 64
apicid		: 74
initial apicid	: 74
fpu		: yes
fpu_exception	: yes
cpuid level	: 16
wp		: yes
flags		: fpu vme de pse tsc msr pae mce cx8 apic sep mtrr pge mca cmov pat pse36 clflush mmx fxsr sse sse2 ht syscall nx mmxext fxsr_opt pdpe1gb rdtscp lm constant_tsc art rep_good nopl nonstop_tsc extd_apicid aperfmperf eagerfpu pni pclmulqdq monitor ssse3 fma cx16 sse4_1 sse4_2 x2apic movbe popcnt aes xsave avx f16c rdrand lahf_lm cmp_legacy svm extapic cr8_legacy abm sse4a misalignsse 3dnowprefetch osvw ibs skinit wdt tce topoext perfctr_core perfctr_nb bpext perfctr_l2 cpb cat_l3 cdp_l3 hw_pstate sme ssbd rsb_ctxsw ibrs ibpb stibp vmmcall fsgsbase bmi1 avx2 smep bmi2 cqm rdt_a rdseed adx smap clflushopt clwb sha_ni xsaveopt xsavec xgetbv1 cqm_llc cqm_occup_llc cqm_mbm_total cqm_mbm_local clzero irperf xsaveerptr arat npt lbrv svm_lock nrip_save tsc_scale vmcb_clean flushbyasid decodeassists pausefilter pfthreshold avic v_vmsave_vmload vgif umip overflow_recov succor smca
bogomips	: 4499.94
TLB size	: 3072 4K pages
clflush size	: 64
cache_alignment	: 64
address sizes	: 43 bits physical, 48 bits virtual
power management: ts ttp tm hwpstate cpb eff_freq_ro [13] [14]

processor	: 75
vendor_id	: AuthenticAMD
cpu family	: 23
model		: 49
model name	: AMD EPYC 7742 64-Core Processor
stepping	: 0
microcode	: 0x830107a
cpu MHz		: 2250.000
cache size	: 512 KB
physical id	: 1
siblings	: 64
core id		: 11
cpu cores	: 64
apicid		: 75
initial apicid	: 75
fpu		: yes
fpu_exception	: yes
cpuid level	: 16
wp		: yes
flags		: fpu vme de pse tsc msr pae mce cx8 apic sep mtrr pge mca cmov pat pse36 clflush mmx fxsr sse sse2 ht syscall nx mmxext fxsr_opt pdpe1gb rdtscp lm constant_tsc art rep_good nopl nonstop_tsc extd_apicid aperfmperf eagerfpu pni pclmulqdq monitor ssse3 fma cx16 sse4_1 sse4_2 x2apic movbe popcnt aes xsave avx f16c rdrand lahf_lm cmp_legacy svm extapic cr8_legacy abm sse4a misalignsse 3dnowprefetch osvw ibs skinit wdt tce topoext perfctr_core perfctr_nb bpext perfctr_l2 cpb cat_l3 cdp_l3 hw_pstate sme ssbd rsb_ctxsw ibrs ibpb stibp vmmcall fsgsbase bmi1 avx2 smep bmi2 cqm rdt_a rdseed adx smap clflushopt clwb sha_ni xsaveopt xsavec xgetbv1 cqm_llc cqm_occup_llc cqm_mbm_total cqm_mbm_local clzero irperf xsaveerptr arat npt lbrv svm_lock nrip_save tsc_scale vmcb_clean flushbyasid decodeassists pausefilter pfthreshold avic v_vmsave_vmload vgif umip overflow_recov succor smca
bogomips	: 4499.94
TLB size	: 3072 4K pages
clflush size	: 64
cache_alignment	: 64
address sizes	: 43 bits physical, 48 bits virtual
power management: ts ttp tm hwpstate cpb eff_freq_ro [13] [14]

processor	: 76
vendor_id	: AuthenticAMD
cpu family	: 23
model		: 49
model name	: AMD EPYC 7742 64-Core Processor
stepping	: 0
microcode	: 0x830107a
cpu MHz		: 2250.000
cache size	: 512 KB
physical id	: 1
siblings	: 64
core id		: 12
cpu cores	: 64
apicid		: 76
initial apicid	: 76
fpu		: yes
fpu_exception	: yes
cpuid level	: 16
wp		: yes
flags		: fpu vme de pse tsc msr pae mce cx8 apic sep mtrr pge mca cmov pat pse36 clflush mmx fxsr sse sse2 ht syscall nx mmxext fxsr_opt pdpe1gb rdtscp lm constant_tsc art rep_good nopl nonstop_tsc extd_apicid aperfmperf eagerfpu pni pclmulqdq monitor ssse3 fma cx16 sse4_1 sse4_2 x2apic movbe popcnt aes xsave avx f16c rdrand lahf_lm cmp_legacy svm extapic cr8_legacy abm sse4a misalignsse 3dnowprefetch osvw ibs skinit wdt tce topoext perfctr_core perfctr_nb bpext perfctr_l2 cpb cat_l3 cdp_l3 hw_pstate sme ssbd rsb_ctxsw ibrs ibpb stibp vmmcall fsgsbase bmi1 avx2 smep bmi2 cqm rdt_a rdseed adx smap clflushopt clwb sha_ni xsaveopt xsavec xgetbv1 cqm_llc cqm_occup_llc cqm_mbm_total cqm_mbm_local clzero irperf xsaveerptr arat npt lbrv svm_lock nrip_save tsc_scale vmcb_clean flushbyasid decodeassists pausefilter pfthreshold avic v_vmsave_vmload vgif umip overflow_recov succor smca
bogomips	: 4499.94
TLB size	: 3072 4K pages
clflush size	: 64
cache_alignment	: 64
address sizes	: 43 bits physical, 48 bits virtual
power management: ts ttp tm hwpstate cpb eff_freq_ro [13] [14]

processor	: 77
vendor_id	: AuthenticAMD
cpu family	: 23
model		: 49
model name	: AMD EPYC 7742 64-Core Processor
stepping	: 0
microcode	: 0x830107a
cpu MHz		: 2250.000
cache size	: 512 KB
physical id	: 1
siblings	: 64
core id		: 13
cpu cores	: 64
apicid		: 77
initial apicid	: 77
fpu		: yes
fpu_exception	: yes
cpuid level	: 16
wp		: yes
flags		: fpu vme de pse tsc msr pae mce cx8 apic sep mtrr pge mca cmov pat pse36 clflush mmx fxsr sse sse2 ht syscall nx mmxext fxsr_opt pdpe1gb rdtscp lm constant_tsc art rep_good nopl nonstop_tsc extd_apicid aperfmperf eagerfpu pni pclmulqdq monitor ssse3 fma cx16 sse4_1 sse4_2 x2apic movbe popcnt aes xsave avx f16c rdrand lahf_lm cmp_legacy svm extapic cr8_legacy abm sse4a misalignsse 3dnowprefetch osvw ibs skinit wdt tce topoext perfctr_core perfctr_nb bpext perfctr_l2 cpb cat_l3 cdp_l3 hw_pstate sme ssbd rsb_ctxsw ibrs ibpb stibp vmmcall fsgsbase bmi1 avx2 smep bmi2 cqm rdt_a rdseed adx smap clflushopt clwb sha_ni xsaveopt xsavec xgetbv1 cqm_llc cqm_occup_llc cqm_mbm_total cqm_mbm_local clzero irperf xsaveerptr arat npt lbrv svm_lock nrip_save tsc_scale vmcb_clean flushbyasid decodeassists pausefilter pfthreshold avic v_vmsave_vmload vgif umip overflow_recov succor smca
bogomips	: 4499.94
TLB size	: 3072 4K pages
clflush size	: 64
cache_alignment	: 64
address sizes	: 43 bits physical, 48 bits virtual
power management: ts ttp tm hwpstate cpb eff_freq_ro [13] [14]

processor	: 78
vendor_id	: AuthenticAMD
cpu family	: 23
model		: 49
model name	: AMD EPYC 7742 64-Core Processor
stepping	: 0
microcode	: 0x830107a
cpu MHz		: 2250.000
cache size	: 512 KB
physical id	: 1
siblings	: 64
core id		: 14
cpu cores	: 64
apicid		: 78
initial apicid	: 78
fpu		: yes
fpu_exception	: yes
cpuid level	: 16
wp		: yes
flags		: fpu vme de pse tsc msr pae mce cx8 apic sep mtrr pge mca cmov pat pse36 clflush mmx fxsr sse sse2 ht syscall nx mmxext fxsr_opt pdpe1gb rdtscp lm constant_tsc art rep_good nopl nonstop_tsc extd_apicid aperfmperf eagerfpu pni pclmulqdq monitor ssse3 fma cx16 sse4_1 sse4_2 x2apic movbe popcnt aes xsave avx f16c rdrand lahf_lm cmp_legacy svm extapic cr8_legacy abm sse4a misalignsse 3dnowprefetch osvw ibs skinit wdt tce topoext perfctr_core perfctr_nb bpext perfctr_l2 cpb cat_l3 cdp_l3 hw_pstate sme ssbd rsb_ctxsw ibrs ibpb stibp vmmcall fsgsbase bmi1 avx2 smep bmi2 cqm rdt_a rdseed adx smap clflushopt clwb sha_ni xsaveopt xsavec xgetbv1 cqm_llc cqm_occup_llc cqm_mbm_total cqm_mbm_local clzero irperf xsaveerptr arat npt lbrv svm_lock nrip_save tsc_scale vmcb_clean flushbyasid decodeassists pausefilter pfthreshold avic v_vmsave_vmload vgif umip overflow_recov succor smca
bogomips	: 4499.94
TLB size	: 3072 4K pages
clflush size	: 64
cache_alignment	: 64
address sizes	: 43 bits physical, 48 bits virtual
power management: ts ttp tm hwpstate cpb eff_freq_ro [13] [14]

processor	: 79
vendor_id	: AuthenticAMD
cpu family	: 23
model		: 49
model name	: AMD EPYC 7742 64-Core Processor
stepping	: 0
microcode	: 0x830107a
cpu MHz		: 2250.000
cache size	: 512 KB
physical id	: 1
siblings	: 64
core id		: 15
cpu cores	: 64
apicid		: 79
initial apicid	: 79
fpu		: yes
fpu_exception	: yes
cpuid level	: 16
wp		: yes
flags		: fpu vme de pse tsc msr pae mce cx8 apic sep mtrr pge mca cmov pat pse36 clflush mmx fxsr sse sse2 ht syscall nx mmxext fxsr_opt pdpe1gb rdtscp lm constant_tsc art rep_good nopl nonstop_tsc extd_apicid aperfmperf eagerfpu pni pclmulqdq monitor ssse3 fma cx16 sse4_1 sse4_2 x2apic movbe popcnt aes xsave avx f16c rdrand lahf_lm cmp_legacy svm extapic cr8_legacy abm sse4a misalignsse 3dnowprefetch osvw ibs skinit wdt tce topoext perfctr_core perfctr_nb bpext perfctr_l2 cpb cat_l3 cdp_l3 hw_pstate sme ssbd rsb_ctxsw ibrs ibpb stibp vmmcall fsgsbase bmi1 avx2 smep bmi2 cqm rdt_a rdseed adx smap clflushopt clwb sha_ni xsaveopt xsavec xgetbv1 cqm_llc cqm_occup_llc cqm_mbm_total cqm_mbm_local clzero irperf xsaveerptr arat npt lbrv svm_lock nrip_save tsc_scale vmcb_clean flushbyasid decodeassists pausefilter pfthreshold avic v_vmsave_vmload vgif umip overflow_recov succor smca
bogomips	: 4499.94
TLB size	: 3072 4K pages
clflush size	: 64
cache_alignment	: 64
address sizes	: 43 bits physical, 48 bits virtual
power management: ts ttp tm hwpstate cpb eff_freq_ro [13] [14]

processor	: 80
vendor_id	: AuthenticAMD
cpu family	: 23
model		: 49
model name	: AMD EPYC 7742 64-Core Processor
stepping	: 0
microcode	: 0x830107a
cpu MHz		: 2250.000
cache size	: 512 KB
physical id	: 1
siblings	: 64
core id		: 16
cpu cores	: 64
apicid		: 80
initial apicid	: 80
fpu		: yes
fpu_exception	: yes
cpuid level	: 16
wp		: yes
flags		: fpu vme de pse tsc msr pae mce cx8 apic sep mtrr pge mca cmov pat pse36 clflush mmx fxsr sse sse2 ht syscall nx mmxext fxsr_opt pdpe1gb rdtscp lm constant_tsc art rep_good nopl nonstop_tsc extd_apicid aperfmperf eagerfpu pni pclmulqdq monitor ssse3 fma cx16 sse4_1 sse4_2 x2apic movbe popcnt aes xsave avx f16c rdrand lahf_lm cmp_legacy svm extapic cr8_legacy abm sse4a misalignsse 3dnowprefetch osvw ibs skinit wdt tce topoext perfctr_core perfctr_nb bpext perfctr_l2 cpb cat_l3 cdp_l3 hw_pstate sme ssbd rsb_ctxsw ibrs ibpb stibp vmmcall fsgsbase bmi1 avx2 smep bmi2 cqm rdt_a rdseed adx smap clflushopt clwb sha_ni xsaveopt xsavec xgetbv1 cqm_llc cqm_occup_llc cqm_mbm_total cqm_mbm_local clzero irperf xsaveerptr arat npt lbrv svm_lock nrip_save tsc_scale vmcb_clean flushbyasid decodeassists pausefilter pfthreshold avic v_vmsave_vmload vgif umip overflow_recov succor smca
bogomips	: 4499.94
TLB size	: 3072 4K pages
clflush size	: 64
cache_alignment	: 64
address sizes	: 43 bits physical, 48 bits virtual
power management: ts ttp tm hwpstate cpb eff_freq_ro [13] [14]

processor	: 81
vendor_id	: AuthenticAMD
cpu family	: 23
model		: 49
model name	: AMD EPYC 7742 64-Core Processor
stepping	: 0
microcode	: 0x830107a
cpu MHz		: 2250.000
cache size	: 512 KB
physical id	: 1
siblings	: 64
core id		: 17
cpu cores	: 64
apicid		: 81
initial apicid	: 81
fpu		: yes
fpu_exception	: yes
cpuid level	: 16
wp		: yes
flags		: fpu vme de pse tsc msr pae mce cx8 apic sep mtrr pge mca cmov pat pse36 clflush mmx fxsr sse sse2 ht syscall nx mmxext fxsr_opt pdpe1gb rdtscp lm constant_tsc art rep_good nopl nonstop_tsc extd_apicid aperfmperf eagerfpu pni pclmulqdq monitor ssse3 fma cx16 sse4_1 sse4_2 x2apic movbe popcnt aes xsave avx f16c rdrand lahf_lm cmp_legacy svm extapic cr8_legacy abm sse4a misalignsse 3dnowprefetch osvw ibs skinit wdt tce topoext perfctr_core perfctr_nb bpext perfctr_l2 cpb cat_l3 cdp_l3 hw_pstate sme ssbd rsb_ctxsw ibrs ibpb stibp vmmcall fsgsbase bmi1 avx2 smep bmi2 cqm rdt_a rdseed adx smap clflushopt clwb sha_ni xsaveopt xsavec xgetbv1 cqm_llc cqm_occup_llc cqm_mbm_total cqm_mbm_local clzero irperf xsaveerptr arat npt lbrv svm_lock nrip_save tsc_scale vmcb_clean flushbyasid decodeassists pausefilter pfthreshold avic v_vmsave_vmload vgif umip overflow_recov succor smca
bogomips	: 4499.94
TLB size	: 3072 4K pages
clflush size	: 64
cache_alignment	: 64
address sizes	: 43 bits physical, 48 bits virtual
power management: ts ttp tm hwpstate cpb eff_freq_ro [13] [14]

processor	: 82
vendor_id	: AuthenticAMD
cpu family	: 23
model		: 49
model name	: AMD EPYC 7742 64-Core Processor
stepping	: 0
microcode	: 0x830107a
cpu MHz		: 2250.000
cache size	: 512 KB
physical id	: 1
siblings	: 64
core id		: 18
cpu cores	: 64
apicid		: 82
initial apicid	: 82
fpu		: yes
fpu_exception	: yes
cpuid level	: 16
wp		: yes
flags		: fpu vme de pse tsc msr pae mce cx8 apic sep mtrr pge mca cmov pat pse36 clflush mmx fxsr sse sse2 ht syscall nx mmxext fxsr_opt pdpe1gb rdtscp lm constant_tsc art rep_good nopl nonstop_tsc extd_apicid aperfmperf eagerfpu pni pclmulqdq monitor ssse3 fma cx16 sse4_1 sse4_2 x2apic movbe popcnt aes xsave avx f16c rdrand lahf_lm cmp_legacy svm extapic cr8_legacy abm sse4a misalignsse 3dnowprefetch osvw ibs skinit wdt tce topoext perfctr_core perfctr_nb bpext perfctr_l2 cpb cat_l3 cdp_l3 hw_pstate sme ssbd rsb_ctxsw ibrs ibpb stibp vmmcall fsgsbase bmi1 avx2 smep bmi2 cqm rdt_a rdseed adx smap clflushopt clwb sha_ni xsaveopt xsavec xgetbv1 cqm_llc cqm_occup_llc cqm_mbm_total cqm_mbm_local clzero irperf xsaveerptr arat npt lbrv svm_lock nrip_save tsc_scale vmcb_clean flushbyasid decodeassists pausefilter pfthreshold avic v_vmsave_vmload vgif umip overflow_recov succor smca
bogomips	: 4499.94
TLB size	: 3072 4K pages
clflush size	: 64
cache_alignment	: 64
address sizes	: 43 bits physical, 48 bits virtual
power management: ts ttp tm hwpstate cpb eff_freq_ro [13] [14]

processor	: 83
vendor_id	: AuthenticAMD
cpu family	: 23
model		: 49
model name	: AMD EPYC 7742 64-Core Processor
stepping	: 0
microcode	: 0x830107a
cpu MHz		: 2250.000
cache size	: 512 KB
physical id	: 1
siblings	: 64
core id		: 19
cpu cores	: 64
apicid		: 83
initial apicid	: 83
fpu		: yes
fpu_exception	: yes
cpuid level	: 16
wp		: yes
flags		: fpu vme de pse tsc msr pae mce cx8 apic sep mtrr pge mca cmov pat pse36 clflush mmx fxsr sse sse2 ht syscall nx mmxext fxsr_opt pdpe1gb rdtscp lm constant_tsc art rep_good nopl nonstop_tsc extd_apicid aperfmperf eagerfpu pni pclmulqdq monitor ssse3 fma cx16 sse4_1 sse4_2 x2apic movbe popcnt aes xsave avx f16c rdrand lahf_lm cmp_legacy svm extapic cr8_legacy abm sse4a misalignsse 3dnowprefetch osvw ibs skinit wdt tce topoext perfctr_core perfctr_nb bpext perfctr_l2 cpb cat_l3 cdp_l3 hw_pstate sme ssbd rsb_ctxsw ibrs ibpb stibp vmmcall fsgsbase bmi1 avx2 smep bmi2 cqm rdt_a rdseed adx smap clflushopt clwb sha_ni xsaveopt xsavec xgetbv1 cqm_llc cqm_occup_llc cqm_mbm_total cqm_mbm_local clzero irperf xsaveerptr arat npt lbrv svm_lock nrip_save tsc_scale vmcb_clean flushbyasid decodeassists pausefilter pfthreshold avic v_vmsave_vmload vgif umip overflow_recov succor smca
bogomips	: 4499.94
TLB size	: 3072 4K pages
clflush size	: 64
cache_alignment	: 64
address sizes	: 43 bits physical, 48 bits virtual
power management: ts ttp tm hwpstate cpb eff_freq_ro [13] [14]

processor	: 84
vendor_id	: AuthenticAMD
cpu family	: 23
model		: 49
model name	: AMD EPYC 7742 64-Core Processor
stepping	: 0
microcode	: 0x830107a
cpu MHz		: 2250.000
cache size	: 512 KB
physical id	: 1
siblings	: 64
core id		: 20
cpu cores	: 64
apicid		: 84
initial apicid	: 84
fpu		: yes
fpu_exception	: yes
cpuid level	: 16
wp		: yes
flags		: fpu vme de pse tsc msr pae mce cx8 apic sep mtrr pge mca cmov pat pse36 clflush mmx fxsr sse sse2 ht syscall nx mmxext fxsr_opt pdpe1gb rdtscp lm constant_tsc art rep_good nopl nonstop_tsc extd_apicid aperfmperf eagerfpu pni pclmulqdq monitor ssse3 fma cx16 sse4_1 sse4_2 x2apic movbe popcnt aes xsave avx f16c rdrand lahf_lm cmp_legacy svm extapic cr8_legacy abm sse4a misalignsse 3dnowprefetch osvw ibs skinit wdt tce topoext perfctr_core perfctr_nb bpext perfctr_l2 cpb cat_l3 cdp_l3 hw_pstate sme ssbd rsb_ctxsw ibrs ibpb stibp vmmcall fsgsbase bmi1 avx2 smep bmi2 cqm rdt_a rdseed adx smap clflushopt clwb sha_ni xsaveopt xsavec xgetbv1 cqm_llc cqm_occup_llc cqm_mbm_total cqm_mbm_local clzero irperf xsaveerptr arat npt lbrv svm_lock nrip_save tsc_scale vmcb_clean flushbyasid decodeassists pausefilter pfthreshold avic v_vmsave_vmload vgif umip overflow_recov succor smca
bogomips	: 4499.94
TLB size	: 3072 4K pages
clflush size	: 64
cache_alignment	: 64
address sizes	: 43 bits physical, 48 bits virtual
power management: ts ttp tm hwpstate cpb eff_freq_ro [13] [14]

processor	: 85
vendor_id	: AuthenticAMD
cpu family	: 23
model		: 49
model name	: AMD EPYC 7742 64-Core Processor
stepping	: 0
microcode	: 0x830107a
cpu MHz		: 2250.000
cache size	: 512 KB
physical id	: 1
siblings	: 64
core id		: 21
cpu cores	: 64
apicid		: 85
initial apicid	: 85
fpu		: yes
fpu_exception	: yes
cpuid level	: 16
wp		: yes
flags		: fpu vme de pse tsc msr pae mce cx8 apic sep mtrr pge mca cmov pat pse36 clflush mmx fxsr sse sse2 ht syscall nx mmxext fxsr_opt pdpe1gb rdtscp lm constant_tsc art rep_good nopl nonstop_tsc extd_apicid aperfmperf eagerfpu pni pclmulqdq monitor ssse3 fma cx16 sse4_1 sse4_2 x2apic movbe popcnt aes xsave avx f16c rdrand lahf_lm cmp_legacy svm extapic cr8_legacy abm sse4a misalignsse 3dnowprefetch osvw ibs skinit wdt tce topoext perfctr_core perfctr_nb bpext perfctr_l2 cpb cat_l3 cdp_l3 hw_pstate sme ssbd rsb_ctxsw ibrs ibpb stibp vmmcall fsgsbase bmi1 avx2 smep bmi2 cqm rdt_a rdseed adx smap clflushopt clwb sha_ni xsaveopt xsavec xgetbv1 cqm_llc cqm_occup_llc cqm_mbm_total cqm_mbm_local clzero irperf xsaveerptr arat npt lbrv svm_lock nrip_save tsc_scale vmcb_clean flushbyasid decodeassists pausefilter pfthreshold avic v_vmsave_vmload vgif umip overflow_recov succor smca
bogomips	: 4499.94
TLB size	: 3072 4K pages
clflush size	: 64
cache_alignment	: 64
address sizes	: 43 bits physical, 48 bits virtual
power management: ts ttp tm hwpstate cpb eff_freq_ro [13] [14]

processor	: 86
vendor_id	: AuthenticAMD
cpu family	: 23
model		: 49
model name	: AMD EPYC 7742 64-Core Processor
stepping	: 0
microcode	: 0x830107a
cpu MHz		: 2250.000
cache size	: 512 KB
physical id	: 1
siblings	: 64
core id		: 22
cpu cores	: 64
apicid		: 86
initial apicid	: 86
fpu		: yes
fpu_exception	: yes
cpuid level	: 16
wp		: yes
flags		: fpu vme de pse tsc msr pae mce cx8 apic sep mtrr pge mca cmov pat pse36 clflush mmx fxsr sse sse2 ht syscall nx mmxext fxsr_opt pdpe1gb rdtscp lm constant_tsc art rep_good nopl nonstop_tsc extd_apicid aperfmperf eagerfpu pni pclmulqdq monitor ssse3 fma cx16 sse4_1 sse4_2 x2apic movbe popcnt aes xsave avx f16c rdrand lahf_lm cmp_legacy svm extapic cr8_legacy abm sse4a misalignsse 3dnowprefetch osvw ibs skinit wdt tce topoext perfctr_core perfctr_nb bpext perfctr_l2 cpb cat_l3 cdp_l3 hw_pstate sme ssbd rsb_ctxsw ibrs ibpb stibp vmmcall fsgsbase bmi1 avx2 smep bmi2 cqm rdt_a rdseed adx smap clflushopt clwb sha_ni xsaveopt xsavec xgetbv1 cqm_llc cqm_occup_llc cqm_mbm_total cqm_mbm_local clzero irperf xsaveerptr arat npt lbrv svm_lock nrip_save tsc_scale vmcb_clean flushbyasid decodeassists pausefilter pfthreshold avic v_vmsave_vmload vgif umip overflow_recov succor smca
bogomips	: 4499.94
TLB size	: 3072 4K pages
clflush size	: 64
cache_alignment	: 64
address sizes	: 43 bits physical, 48 bits virtual
power management: ts ttp tm hwpstate cpb eff_freq_ro [13] [14]

processor	: 87
vendor_id	: AuthenticAMD
cpu family	: 23
model		: 49
model name	: AMD EPYC 7742 64-Core Processor
stepping	: 0
microcode	: 0x830107a
cpu MHz		: 2250.000
cache size	: 512 KB
physical id	: 1
siblings	: 64
core id		: 23
cpu cores	: 64
apicid		: 87
initial apicid	: 87
fpu		: yes
fpu_exception	: yes
cpuid level	: 16
wp		: yes
flags		: fpu vme de pse tsc msr pae mce cx8 apic sep mtrr pge mca cmov pat pse36 clflush mmx fxsr sse sse2 ht syscall nx mmxext fxsr_opt pdpe1gb rdtscp lm constant_tsc art rep_good nopl nonstop_tsc extd_apicid aperfmperf eagerfpu pni pclmulqdq monitor ssse3 fma cx16 sse4_1 sse4_2 x2apic movbe popcnt aes xsave avx f16c rdrand lahf_lm cmp_legacy svm extapic cr8_legacy abm sse4a misalignsse 3dnowprefetch osvw ibs skinit wdt tce topoext perfctr_core perfctr_nb bpext perfctr_l2 cpb cat_l3 cdp_l3 hw_pstate sme ssbd rsb_ctxsw ibrs ibpb stibp vmmcall fsgsbase bmi1 avx2 smep bmi2 cqm rdt_a rdseed adx smap clflushopt clwb sha_ni xsaveopt xsavec xgetbv1 cqm_llc cqm_occup_llc cqm_mbm_total cqm_mbm_local clzero irperf xsaveerptr arat npt lbrv svm_lock nrip_save tsc_scale vmcb_clean flushbyasid decodeassists pausefilter pfthreshold avic v_vmsave_vmload vgif umip overflow_recov succor smca
bogomips	: 4499.94
TLB size	: 3072 4K pages
clflush size	: 64
cache_alignment	: 64
address sizes	: 43 bits physical, 48 bits virtual
power management: ts ttp tm hwpstate cpb eff_freq_ro [13] [14]

processor	: 88
vendor_id	: AuthenticAMD
cpu family	: 23
model		: 49
model name	: AMD EPYC 7742 64-Core Processor
stepping	: 0
microcode	: 0x830107a
cpu MHz		: 2250.000
cache size	: 512 KB
physical id	: 1
siblings	: 64
core id		: 24
cpu cores	: 64
apicid		: 88
initial apicid	: 88
fpu		: yes
fpu_exception	: yes
cpuid level	: 16
wp		: yes
flags		: fpu vme de pse tsc msr pae mce cx8 apic sep mtrr pge mca cmov pat pse36 clflush mmx fxsr sse sse2 ht syscall nx mmxext fxsr_opt pdpe1gb rdtscp lm constant_tsc art rep_good nopl nonstop_tsc extd_apicid aperfmperf eagerfpu pni pclmulqdq monitor ssse3 fma cx16 sse4_1 sse4_2 x2apic movbe popcnt aes xsave avx f16c rdrand lahf_lm cmp_legacy svm extapic cr8_legacy abm sse4a misalignsse 3dnowprefetch osvw ibs skinit wdt tce topoext perfctr_core perfctr_nb bpext perfctr_l2 cpb cat_l3 cdp_l3 hw_pstate sme ssbd rsb_ctxsw ibrs ibpb stibp vmmcall fsgsbase bmi1 avx2 smep bmi2 cqm rdt_a rdseed adx smap clflushopt clwb sha_ni xsaveopt xsavec xgetbv1 cqm_llc cqm_occup_llc cqm_mbm_total cqm_mbm_local clzero irperf xsaveerptr arat npt lbrv svm_lock nrip_save tsc_scale vmcb_clean flushbyasid decodeassists pausefilter pfthreshold avic v_vmsave_vmload vgif umip overflow_recov succor smca
bogomips	: 4499.94
TLB size	: 3072 4K pages
clflush size	: 64
cache_alignment	: 64
address sizes	: 43 bits physical, 48 bits virtual
power management: ts ttp tm hwpstate cpb eff_freq_ro [13] [14]

processor	: 89
vendor_id	: AuthenticAMD
cpu family	: 23
model		: 49
model name	: AMD EPYC 7742 64-Core Processor
stepping	: 0
microcode	: 0x830107a
cpu MHz		: 2250.000
cache size	: 512 KB
physical id	: 1
siblings	: 64
core id		: 25
cpu cores	: 64
apicid		: 89
initial apicid	: 89
fpu		: yes
fpu_exception	: yes
cpuid level	: 16
wp		: yes
flags		: fpu vme de pse tsc msr pae mce cx8 apic sep mtrr pge mca cmov pat pse36 clflush mmx fxsr sse sse2 ht syscall nx mmxext fxsr_opt pdpe1gb rdtscp lm constant_tsc art rep_good nopl nonstop_tsc extd_apicid aperfmperf eagerfpu pni pclmulqdq monitor ssse3 fma cx16 sse4_1 sse4_2 x2apic movbe popcnt aes xsave avx f16c rdrand lahf_lm cmp_legacy svm extapic cr8_legacy abm sse4a misalignsse 3dnowprefetch osvw ibs skinit wdt tce topoext perfctr_core perfctr_nb bpext perfctr_l2 cpb cat_l3 cdp_l3 hw_pstate sme ssbd rsb_ctxsw ibrs ibpb stibp vmmcall fsgsbase bmi1 avx2 smep bmi2 cqm rdt_a rdseed adx smap clflushopt clwb sha_ni xsaveopt xsavec xgetbv1 cqm_llc cqm_occup_llc cqm_mbm_total cqm_mbm_local clzero irperf xsaveerptr arat npt lbrv svm_lock nrip_save tsc_scale vmcb_clean flushbyasid decodeassists pausefilter pfthreshold avic v_vmsave_vmload vgif umip overflow_recov succor smca
bogomips	: 4499.94
TLB size	: 3072 4K pages
clflush size	: 64
cache_alignment	: 64
address sizes	: 43 bits physical, 48 bits virtual
power management: ts ttp tm hwpstate cpb eff_freq_ro [13] [14]

processor	: 90
vendor_id	: AuthenticAMD
cpu family	: 23
model		: 49
model name	: AMD EPYC 7742 64-Core Processor
stepping	: 0
microcode	: 0x830107a
cpu MHz		: 2250.000
cache size	: 512 KB
physical id	: 1
siblings	: 64
core id		: 26
cpu cores	: 64
apicid		: 90
initial apicid	: 90
fpu		: yes
fpu_exception	: yes
cpuid level	: 16
wp		: yes
flags		: fpu vme de pse tsc msr pae mce cx8 apic sep mtrr pge mca cmov pat pse36 clflush mmx fxsr sse sse2 ht syscall nx mmxext fxsr_opt pdpe1gb rdtscp lm constant_tsc art rep_good nopl nonstop_tsc extd_apicid aperfmperf eagerfpu pni pclmulqdq monitor ssse3 fma cx16 sse4_1 sse4_2 x2apic movbe popcnt aes xsave avx f16c rdrand lahf_lm cmp_legacy svm extapic cr8_legacy abm sse4a misalignsse 3dnowprefetch osvw ibs skinit wdt tce topoext perfctr_core perfctr_nb bpext perfctr_l2 cpb cat_l3 cdp_l3 hw_pstate sme ssbd rsb_ctxsw ibrs ibpb stibp vmmcall fsgsbase bmi1 avx2 smep bmi2 cqm rdt_a rdseed adx smap clflushopt clwb sha_ni xsaveopt xsavec xgetbv1 cqm_llc cqm_occup_llc cqm_mbm_total cqm_mbm_local clzero irperf xsaveerptr arat npt lbrv svm_lock nrip_save tsc_scale vmcb_clean flushbyasid decodeassists pausefilter pfthreshold avic v_vmsave_vmload vgif umip overflow_recov succor smca
bogomips	: 4499.94
TLB size	: 3072 4K pages
clflush size	: 64
cache_alignment	: 64
address sizes	: 43 bits physical, 48 bits virtual
power management: ts ttp tm hwpstate cpb eff_freq_ro [13] [14]

processor	: 91
vendor_id	: AuthenticAMD
cpu family	: 23
model		: 49
model name	: AMD EPYC 7742 64-Core Processor
stepping	: 0
microcode	: 0x830107a
cpu MHz		: 2250.000
cache size	: 512 KB
physical id	: 1
siblings	: 64
core id		: 27
cpu cores	: 64
apicid		: 91
initial apicid	: 91
fpu		: yes
fpu_exception	: yes
cpuid level	: 16
wp		: yes
flags		: fpu vme de pse tsc msr pae mce cx8 apic sep mtrr pge mca cmov pat pse36 clflush mmx fxsr sse sse2 ht syscall nx mmxext fxsr_opt pdpe1gb rdtscp lm constant_tsc art rep_good nopl nonstop_tsc extd_apicid aperfmperf eagerfpu pni pclmulqdq monitor ssse3 fma cx16 sse4_1 sse4_2 x2apic movbe popcnt aes xsave avx f16c rdrand lahf_lm cmp_legacy svm extapic cr8_legacy abm sse4a misalignsse 3dnowprefetch osvw ibs skinit wdt tce topoext perfctr_core perfctr_nb bpext perfctr_l2 cpb cat_l3 cdp_l3 hw_pstate sme ssbd rsb_ctxsw ibrs ibpb stibp vmmcall fsgsbase bmi1 avx2 smep bmi2 cqm rdt_a rdseed adx smap clflushopt clwb sha_ni xsaveopt xsavec xgetbv1 cqm_llc cqm_occup_llc cqm_mbm_total cqm_mbm_local clzero irperf xsaveerptr arat npt lbrv svm_lock nrip_save tsc_scale vmcb_clean flushbyasid decodeassists pausefilter pfthreshold avic v_vmsave_vmload vgif umip overflow_recov succor smca
bogomips	: 4499.94
TLB size	: 3072 4K pages
clflush size	: 64
cache_alignment	: 64
address sizes	: 43 bits physical, 48 bits virtual
power management: ts ttp tm hwpstate cpb eff_freq_ro [13] [14]

processor	: 92
vendor_id	: AuthenticAMD
cpu family	: 23
model		: 49
model name	: AMD EPYC 7742 64-Core Processor
stepping	: 0
microcode	: 0x830107a
cpu MHz		: 2250.000
cache size	: 512 KB
physical id	: 1
siblings	: 64
core id		: 28
cpu cores	: 64
apicid		: 92
initial apicid	: 92
fpu		: yes
fpu_exception	: yes
cpuid level	: 16
wp		: yes
flags		: fpu vme de pse tsc msr pae mce cx8 apic sep mtrr pge mca cmov pat pse36 clflush mmx fxsr sse sse2 ht syscall nx mmxext fxsr_opt pdpe1gb rdtscp lm constant_tsc art rep_good nopl nonstop_tsc extd_apicid aperfmperf eagerfpu pni pclmulqdq monitor ssse3 fma cx16 sse4_1 sse4_2 x2apic movbe popcnt aes xsave avx f16c rdrand lahf_lm cmp_legacy svm extapic cr8_legacy abm sse4a misalignsse 3dnowprefetch osvw ibs skinit wdt tce topoext perfctr_core perfctr_nb bpext perfctr_l2 cpb cat_l3 cdp_l3 hw_pstate sme ssbd rsb_ctxsw ibrs ibpb stibp vmmcall fsgsbase bmi1 avx2 smep bmi2 cqm rdt_a rdseed adx smap clflushopt clwb sha_ni xsaveopt xsavec xgetbv1 cqm_llc cqm_occup_llc cqm_mbm_total cqm_mbm_local clzero irperf xsaveerptr arat npt lbrv svm_lock nrip_save tsc_scale vmcb_clean flushbyasid decodeassists pausefilter pfthreshold avic v_vmsave_vmload vgif umip overflow_recov succor smca
bogomips	: 4499.94
TLB size	: 3072 4K pages
clflush size	: 64
cache_alignment	: 64
address sizes	: 43 bits physical, 48 bits virtual
power management: ts ttp tm hwpstate cpb eff_freq_ro [13] [14]

processor	: 93
vendor_id	: AuthenticAMD
cpu family	: 23
model		: 49
model name	: AMD EPYC 7742 64-Core Processor
stepping	: 0
microcode	: 0x830107a
cpu MHz		: 2250.000
cache size	: 512 KB
physical id	: 1
siblings	: 64
core id		: 29
cpu cores	: 64
apicid		: 93
initial apicid	: 93
fpu		: yes
fpu_exception	: yes
cpuid level	: 16
wp		: yes
flags		: fpu vme de pse tsc msr pae mce cx8 apic sep mtrr pge mca cmov pat pse36 clflush mmx fxsr sse sse2 ht syscall nx mmxext fxsr_opt pdpe1gb rdtscp lm constant_tsc art rep_good nopl nonstop_tsc extd_apicid aperfmperf eagerfpu pni pclmulqdq monitor ssse3 fma cx16 sse4_1 sse4_2 x2apic movbe popcnt aes xsave avx f16c rdrand lahf_lm cmp_legacy svm extapic cr8_legacy abm sse4a misalignsse 3dnowprefetch osvw ibs skinit wdt tce topoext perfctr_core perfctr_nb bpext perfctr_l2 cpb cat_l3 cdp_l3 hw_pstate sme ssbd rsb_ctxsw ibrs ibpb stibp vmmcall fsgsbase bmi1 avx2 smep bmi2 cqm rdt_a rdseed adx smap clflushopt clwb sha_ni xsaveopt xsavec xgetbv1 cqm_llc cqm_occup_llc cqm_mbm_total cqm_mbm_local clzero irperf xsaveerptr arat npt lbrv svm_lock nrip_save tsc_scale vmcb_clean flushbyasid decodeassists pausefilter pfthreshold avic v_vmsave_vmload vgif umip overflow_recov succor smca
bogomips	: 4499.94
TLB size	: 3072 4K pages
clflush size	: 64
cache_alignment	: 64
address sizes	: 43 bits physical, 48 bits virtual
power management: ts ttp tm hwpstate cpb eff_freq_ro [13] [14]

processor	: 94
vendor_id	: AuthenticAMD
cpu family	: 23
model		: 49
model name	: AMD EPYC 7742 64-Core Processor
stepping	: 0
microcode	: 0x830107a
cpu MHz		: 2250.000
cache size	: 512 KB
physical id	: 1
siblings	: 64
core id		: 30
cpu cores	: 64
apicid		: 94
initial apicid	: 94
fpu		: yes
fpu_exception	: yes
cpuid level	: 16
wp		: yes
flags		: fpu vme de pse tsc msr pae mce cx8 apic sep mtrr pge mca cmov pat pse36 clflush mmx fxsr sse sse2 ht syscall nx mmxext fxsr_opt pdpe1gb rdtscp lm constant_tsc art rep_good nopl nonstop_tsc extd_apicid aperfmperf eagerfpu pni pclmulqdq monitor ssse3 fma cx16 sse4_1 sse4_2 x2apic movbe popcnt aes xsave avx f16c rdrand lahf_lm cmp_legacy svm extapic cr8_legacy abm sse4a misalignsse 3dnowprefetch osvw ibs skinit wdt tce topoext perfctr_core perfctr_nb bpext perfctr_l2 cpb cat_l3 cdp_l3 hw_pstate sme ssbd rsb_ctxsw ibrs ibpb stibp vmmcall fsgsbase bmi1 avx2 smep bmi2 cqm rdt_a rdseed adx smap clflushopt clwb sha_ni xsaveopt xsavec xgetbv1 cqm_llc cqm_occup_llc cqm_mbm_total cqm_mbm_local clzero irperf xsaveerptr arat npt lbrv svm_lock nrip_save tsc_scale vmcb_clean flushbyasid decodeassists pausefilter pfthreshold avic v_vmsave_vmload vgif umip overflow_recov succor smca
bogomips	: 4499.94
TLB size	: 3072 4K pages
clflush size	: 64
cache_alignment	: 64
address sizes	: 43 bits physical, 48 bits virtual
power management: ts ttp tm hwpstate cpb eff_freq_ro [13] [14]

processor	: 95
vendor_id	: AuthenticAMD
cpu family	: 23
model		: 49
model name	: AMD EPYC 7742 64-Core Processor
stepping	: 0
microcode	: 0x830107a
cpu MHz		: 2250.000
cache size	: 512 KB
physical id	: 1
siblings	: 64
core id		: 31
cpu cores	: 64
apicid		: 95
initial apicid	: 95
fpu		: yes
fpu_exception	: yes
cpuid level	: 16
wp		: yes
flags		: fpu vme de pse tsc msr pae mce cx8 apic sep mtrr pge mca cmov pat pse36 clflush mmx fxsr sse sse2 ht syscall nx mmxext fxsr_opt pdpe1gb rdtscp lm constant_tsc art rep_good nopl nonstop_tsc extd_apicid aperfmperf eagerfpu pni pclmulqdq monitor ssse3 fma cx16 sse4_1 sse4_2 x2apic movbe popcnt aes xsave avx f16c rdrand lahf_lm cmp_legacy svm extapic cr8_legacy abm sse4a misalignsse 3dnowprefetch osvw ibs skinit wdt tce topoext perfctr_core perfctr_nb bpext perfctr_l2 cpb cat_l3 cdp_l3 hw_pstate sme ssbd rsb_ctxsw ibrs ibpb stibp vmmcall fsgsbase bmi1 avx2 smep bmi2 cqm rdt_a rdseed adx smap clflushopt clwb sha_ni xsaveopt xsavec xgetbv1 cqm_llc cqm_occup_llc cqm_mbm_total cqm_mbm_local clzero irperf xsaveerptr arat npt lbrv svm_lock nrip_save tsc_scale vmcb_clean flushbyasid decodeassists pausefilter pfthreshold avic v_vmsave_vmload vgif umip overflow_recov succor smca
bogomips	: 4499.94
TLB size	: 3072 4K pages
clflush size	: 64
cache_alignment	: 64
address sizes	: 43 bits physical, 48 bits virtual
power management: ts ttp tm hwpstate cpb eff_freq_ro [13] [14]

processor	: 96
vendor_id	: AuthenticAMD
cpu family	: 23
model		: 49
model name	: AMD EPYC 7742 64-Core Processor
stepping	: 0
microcode	: 0x830107a
cpu MHz		: 2250.000
cache size	: 512 KB
physical id	: 1
siblings	: 64
core id		: 32
cpu cores	: 64
apicid		: 96
initial apicid	: 96
fpu		: yes
fpu_exception	: yes
cpuid level	: 16
wp		: yes
flags		: fpu vme de pse tsc msr pae mce cx8 apic sep mtrr pge mca cmov pat pse36 clflush mmx fxsr sse sse2 ht syscall nx mmxext fxsr_opt pdpe1gb rdtscp lm constant_tsc art rep_good nopl nonstop_tsc extd_apicid aperfmperf eagerfpu pni pclmulqdq monitor ssse3 fma cx16 sse4_1 sse4_2 x2apic movbe popcnt aes xsave avx f16c rdrand lahf_lm cmp_legacy svm extapic cr8_legacy abm sse4a misalignsse 3dnowprefetch osvw ibs skinit wdt tce topoext perfctr_core perfctr_nb bpext perfctr_l2 cpb cat_l3 cdp_l3 hw_pstate sme ssbd rsb_ctxsw ibrs ibpb stibp vmmcall fsgsbase bmi1 avx2 smep bmi2 cqm rdt_a rdseed adx smap clflushopt clwb sha_ni xsaveopt xsavec xgetbv1 cqm_llc cqm_occup_llc cqm_mbm_total cqm_mbm_local clzero irperf xsaveerptr arat npt lbrv svm_lock nrip_save tsc_scale vmcb_clean flushbyasid decodeassists pausefilter pfthreshold avic v_vmsave_vmload vgif umip overflow_recov succor smca
bogomips	: 4499.94
TLB size	: 3072 4K pages
clflush size	: 64
cache_alignment	: 64
address sizes	: 43 bits physical, 48 bits virtual
power management: ts ttp tm hwpstate cpb eff_freq_ro [13] [14]

processor	: 97
vendor_id	: AuthenticAMD
cpu family	: 23
model		: 49
model name	: AMD EPYC 7742 64-Core Processor
stepping	: 0
microcode	: 0x830107a
cpu MHz		: 2250.000
cache size	: 512 KB
physical id	: 1
siblings	: 64
core id		: 33
cpu cores	: 64
apicid		: 97
initial apicid	: 97
fpu		: yes
fpu_exception	: yes
cpuid level	: 16
wp		: yes
flags		: fpu vme de pse tsc msr pae mce cx8 apic sep mtrr pge mca cmov pat pse36 clflush mmx fxsr sse sse2 ht syscall nx mmxext fxsr_opt pdpe1gb rdtscp lm constant_tsc art rep_good nopl nonstop_tsc extd_apicid aperfmperf eagerfpu pni pclmulqdq monitor ssse3 fma cx16 sse4_1 sse4_2 x2apic movbe popcnt aes xsave avx f16c rdrand lahf_lm cmp_legacy svm extapic cr8_legacy abm sse4a misalignsse 3dnowprefetch osvw ibs skinit wdt tce topoext perfctr_core perfctr_nb bpext perfctr_l2 cpb cat_l3 cdp_l3 hw_pstate sme ssbd rsb_ctxsw ibrs ibpb stibp vmmcall fsgsbase bmi1 avx2 smep bmi2 cqm rdt_a rdseed adx smap clflushopt clwb sha_ni xsaveopt xsavec xgetbv1 cqm_llc cqm_occup_llc cqm_mbm_total cqm_mbm_local clzero irperf xsaveerptr arat npt lbrv svm_lock nrip_save tsc_scale vmcb_clean flushbyasid decodeassists pausefilter pfthreshold avic v_vmsave_vmload vgif umip overflow_recov succor smca
bogomips	: 4499.94
TLB size	: 3072 4K pages
clflush size	: 64
cache_alignment	: 64
address sizes	: 43 bits physical, 48 bits virtual
power management: ts ttp tm hwpstate cpb eff_freq_ro [13] [14]

processor	: 98
vendor_id	: AuthenticAMD
cpu family	: 23
model		: 49
model name	: AMD EPYC 7742 64-Core Processor
stepping	: 0
microcode	: 0x830107a
cpu MHz		: 2250.000
cache size	: 512 KB
physical id	: 1
siblings	: 64
core id		: 34
cpu cores	: 64
apicid		: 98
initial apicid	: 98
fpu		: yes
fpu_exception	: yes
cpuid level	: 16
wp		: yes
flags		: fpu vme de pse tsc msr pae mce cx8 apic sep mtrr pge mca cmov pat pse36 clflush mmx fxsr sse sse2 ht syscall nx mmxext fxsr_opt pdpe1gb rdtscp lm constant_tsc art rep_good nopl nonstop_tsc extd_apicid aperfmperf eagerfpu pni pclmulqdq monitor ssse3 fma cx16 sse4_1 sse4_2 x2apic movbe popcnt aes xsave avx f16c rdrand lahf_lm cmp_legacy svm extapic cr8_legacy abm sse4a misalignsse 3dnowprefetch osvw ibs skinit wdt tce topoext perfctr_core perfctr_nb bpext perfctr_l2 cpb cat_l3 cdp_l3 hw_pstate sme ssbd rsb_ctxsw ibrs ibpb stibp vmmcall fsgsbase bmi1 avx2 smep bmi2 cqm rdt_a rdseed adx smap clflushopt clwb sha_ni xsaveopt xsavec xgetbv1 cqm_llc cqm_occup_llc cqm_mbm_total cqm_mbm_local clzero irperf xsaveerptr arat npt lbrv svm_lock nrip_save tsc_scale vmcb_clean flushbyasid decodeassists pausefilter pfthreshold avic v_vmsave_vmload vgif umip overflow_recov succor smca
bogomips	: 4499.94
TLB size	: 3072 4K pages
clflush size	: 64
cache_alignment	: 64
address sizes	: 43 bits physical, 48 bits virtual
power management: ts ttp tm hwpstate cpb eff_freq_ro [13] [14]

processor	: 99
vendor_id	: AuthenticAMD
cpu family	: 23
model		: 49
model name	: AMD EPYC 7742 64-Core Processor
stepping	: 0
microcode	: 0x830107a
cpu MHz		: 2250.000
cache size	: 512 KB
physical id	: 1
siblings	: 64
core id		: 35
cpu cores	: 64
apicid		: 99
initial apicid	: 99
fpu		: yes
fpu_exception	: yes
cpuid level	: 16
wp		: yes
flags		: fpu vme de pse tsc msr pae mce cx8 apic sep mtrr pge mca cmov pat pse36 clflush mmx fxsr sse sse2 ht syscall nx mmxext fxsr_opt pdpe1gb rdtscp lm constant_tsc art rep_good nopl nonstop_tsc extd_apicid aperfmperf eagerfpu pni pclmulqdq monitor ssse3 fma cx16 sse4_1 sse4_2 x2apic movbe popcnt aes xsave avx f16c rdrand lahf_lm cmp_legacy svm extapic cr8_legacy abm sse4a misalignsse 3dnowprefetch osvw ibs skinit wdt tce topoext perfctr_core perfctr_nb bpext perfctr_l2 cpb cat_l3 cdp_l3 hw_pstate sme ssbd rsb_ctxsw ibrs ibpb stibp vmmcall fsgsbase bmi1 avx2 smep bmi2 cqm rdt_a rdseed adx smap clflushopt clwb sha_ni xsaveopt xsavec xgetbv1 cqm_llc cqm_occup_llc cqm_mbm_total cqm_mbm_local clzero irperf xsaveerptr arat npt lbrv svm_lock nrip_save tsc_scale vmcb_clean flushbyasid decodeassists pausefilter pfthreshold avic v_vmsave_vmload vgif umip overflow_recov succor smca
bogomips	: 4499.94
TLB size	: 3072 4K pages
clflush size	: 64
cache_alignment	: 64
address sizes	: 43 bits physical, 48 bits virtual
power management: ts ttp tm hwpstate cpb eff_freq_ro [13] [14]

processor	: 100
vendor_id	: AuthenticAMD
cpu family	: 23
model		: 49
model name	: AMD EPYC 7742 64-Core Processor
stepping	: 0
microcode	: 0x830107a
cpu MHz		: 2250.000
cache size	: 512 KB
physical id	: 1
siblings	: 64
core id		: 36
cpu cores	: 64
apicid		: 100
initial apicid	: 100
fpu		: yes
fpu_exception	: yes
cpuid level	: 16
wp		: yes
flags		: fpu vme de pse tsc msr pae mce cx8 apic sep mtrr pge mca cmov pat pse36 clflush mmx fxsr sse sse2 ht syscall nx mmxext fxsr_opt pdpe1gb rdtscp lm constant_tsc art rep_good nopl nonstop_tsc extd_apicid aperfmperf eagerfpu pni pclmulqdq monitor ssse3 fma cx16 sse4_1 sse4_2 x2apic movbe popcnt aes xsave avx f16c rdrand lahf_lm cmp_legacy svm extapic cr8_legacy abm sse4a misalignsse 3dnowprefetch osvw ibs skinit wdt tce topoext perfctr_core perfctr_nb bpext perfctr_l2 cpb cat_l3 cdp_l3 hw_pstate sme ssbd rsb_ctxsw ibrs ibpb stibp vmmcall fsgsbase bmi1 avx2 smep bmi2 cqm rdt_a rdseed adx smap clflushopt clwb sha_ni xsaveopt xsavec xgetbv1 cqm_llc cqm_occup_llc cqm_mbm_total cqm_mbm_local clzero irperf xsaveerptr arat npt lbrv svm_lock nrip_save tsc_scale vmcb_clean flushbyasid decodeassists pausefilter pfthreshold avic v_vmsave_vmload vgif umip overflow_recov succor smca
bogomips	: 4499.94
TLB size	: 3072 4K pages
clflush size	: 64
cache_alignment	: 64
address sizes	: 43 bits physical, 48 bits virtual
power management: ts ttp tm hwpstate cpb eff_freq_ro [13] [14]

processor	: 101
vendor_id	: AuthenticAMD
cpu family	: 23
model		: 49
model name	: AMD EPYC 7742 64-Core Processor
stepping	: 0
microcode	: 0x830107a
cpu MHz		: 2250.000
cache size	: 512 KB
physical id	: 1
siblings	: 64
core id		: 37
cpu cores	: 64
apicid		: 101
initial apicid	: 101
fpu		: yes
fpu_exception	: yes
cpuid level	: 16
wp		: yes
flags		: fpu vme de pse tsc msr pae mce cx8 apic sep mtrr pge mca cmov pat pse36 clflush mmx fxsr sse sse2 ht syscall nx mmxext fxsr_opt pdpe1gb rdtscp lm constant_tsc art rep_good nopl nonstop_tsc extd_apicid aperfmperf eagerfpu pni pclmulqdq monitor ssse3 fma cx16 sse4_1 sse4_2 x2apic movbe popcnt aes xsave avx f16c rdrand lahf_lm cmp_legacy svm extapic cr8_legacy abm sse4a misalignsse 3dnowprefetch osvw ibs skinit wdt tce topoext perfctr_core perfctr_nb bpext perfctr_l2 cpb cat_l3 cdp_l3 hw_pstate sme ssbd rsb_ctxsw ibrs ibpb stibp vmmcall fsgsbase bmi1 avx2 smep bmi2 cqm rdt_a rdseed adx smap clflushopt clwb sha_ni xsaveopt xsavec xgetbv1 cqm_llc cqm_occup_llc cqm_mbm_total cqm_mbm_local clzero irperf xsaveerptr arat npt lbrv svm_lock nrip_save tsc_scale vmcb_clean flushbyasid decodeassists pausefilter pfthreshold avic v_vmsave_vmload vgif umip overflow_recov succor smca
bogomips	: 4499.94
TLB size	: 3072 4K pages
clflush size	: 64
cache_alignment	: 64
address sizes	: 43 bits physical, 48 bits virtual
power management: ts ttp tm hwpstate cpb eff_freq_ro [13] [14]

processor	: 102
vendor_id	: AuthenticAMD
cpu family	: 23
model		: 49
model name	: AMD EPYC 7742 64-Core Processor
stepping	: 0
microcode	: 0x830107a
cpu MHz		: 2250.000
cache size	: 512 KB
physical id	: 1
siblings	: 64
core id		: 38
cpu cores	: 64
apicid		: 102
initial apicid	: 102
fpu		: yes
fpu_exception	: yes
cpuid level	: 16
wp		: yes
flags		: fpu vme de pse tsc msr pae mce cx8 apic sep mtrr pge mca cmov pat pse36 clflush mmx fxsr sse sse2 ht syscall nx mmxext fxsr_opt pdpe1gb rdtscp lm constant_tsc art rep_good nopl nonstop_tsc extd_apicid aperfmperf eagerfpu pni pclmulqdq monitor ssse3 fma cx16 sse4_1 sse4_2 x2apic movbe popcnt aes xsave avx f16c rdrand lahf_lm cmp_legacy svm extapic cr8_legacy abm sse4a misalignsse 3dnowprefetch osvw ibs skinit wdt tce topoext perfctr_core perfctr_nb bpext perfctr_l2 cpb cat_l3 cdp_l3 hw_pstate sme ssbd rsb_ctxsw ibrs ibpb stibp vmmcall fsgsbase bmi1 avx2 smep bmi2 cqm rdt_a rdseed adx smap clflushopt clwb sha_ni xsaveopt xsavec xgetbv1 cqm_llc cqm_occup_llc cqm_mbm_total cqm_mbm_local clzero irperf xsaveerptr arat npt lbrv svm_lock nrip_save tsc_scale vmcb_clean flushbyasid decodeassists pausefilter pfthreshold avic v_vmsave_vmload vgif umip overflow_recov succor smca
bogomips	: 4499.94
TLB size	: 3072 4K pages
clflush size	: 64
cache_alignment	: 64
address sizes	: 43 bits physical, 48 bits virtual
power management: ts ttp tm hwpstate cpb eff_freq_ro [13] [14]

processor	: 103
vendor_id	: AuthenticAMD
cpu family	: 23
model		: 49
model name	: AMD EPYC 7742 64-Core Processor
stepping	: 0
microcode	: 0x830107a
cpu MHz		: 2250.000
cache size	: 512 KB
physical id	: 1
siblings	: 64
core id		: 39
cpu cores	: 64
apicid		: 103
initial apicid	: 103
fpu		: yes
fpu_exception	: yes
cpuid level	: 16
wp		: yes
flags		: fpu vme de pse tsc msr pae mce cx8 apic sep mtrr pge mca cmov pat pse36 clflush mmx fxsr sse sse2 ht syscall nx mmxext fxsr_opt pdpe1gb rdtscp lm constant_tsc art rep_good nopl nonstop_tsc extd_apicid aperfmperf eagerfpu pni pclmulqdq monitor ssse3 fma cx16 sse4_1 sse4_2 x2apic movbe popcnt aes xsave avx f16c rdrand lahf_lm cmp_legacy svm extapic cr8_legacy abm sse4a misalignsse 3dnowprefetch osvw ibs skinit wdt tce topoext perfctr_core perfctr_nb bpext perfctr_l2 cpb cat_l3 cdp_l3 hw_pstate sme ssbd rsb_ctxsw ibrs ibpb stibp vmmcall fsgsbase bmi1 avx2 smep bmi2 cqm rdt_a rdseed adx smap clflushopt clwb sha_ni xsaveopt xsavec xgetbv1 cqm_llc cqm_occup_llc cqm_mbm_total cqm_mbm_local clzero irperf xsaveerptr arat npt lbrv svm_lock nrip_save tsc_scale vmcb_clean flushbyasid decodeassists pausefilter pfthreshold avic v_vmsave_vmload vgif umip overflow_recov succor smca
bogomips	: 4499.94
TLB size	: 3072 4K pages
clflush size	: 64
cache_alignment	: 64
address sizes	: 43 bits physical, 48 bits virtual
power management: ts ttp tm hwpstate cpb eff_freq_ro [13] [14]

processor	: 104
vendor_id	: AuthenticAMD
cpu family	: 23
model		: 49
model name	: AMD EPYC 7742 64-Core Processor
stepping	: 0
microcode	: 0x830107a
cpu MHz		: 2250.000
cache size	: 512 KB
physical id	: 1
siblings	: 64
core id		: 40
cpu cores	: 64
apicid		: 104
initial apicid	: 104
fpu		: yes
fpu_exception	: yes
cpuid level	: 16
wp		: yes
flags		: fpu vme de pse tsc msr pae mce cx8 apic sep mtrr pge mca cmov pat pse36 clflush mmx fxsr sse sse2 ht syscall nx mmxext fxsr_opt pdpe1gb rdtscp lm constant_tsc art rep_good nopl nonstop_tsc extd_apicid aperfmperf eagerfpu pni pclmulqdq monitor ssse3 fma cx16 sse4_1 sse4_2 x2apic movbe popcnt aes xsave avx f16c rdrand lahf_lm cmp_legacy svm extapic cr8_legacy abm sse4a misalignsse 3dnowprefetch osvw ibs skinit wdt tce topoext perfctr_core perfctr_nb bpext perfctr_l2 cpb cat_l3 cdp_l3 hw_pstate sme ssbd rsb_ctxsw ibrs ibpb stibp vmmcall fsgsbase bmi1 avx2 smep bmi2 cqm rdt_a rdseed adx smap clflushopt clwb sha_ni xsaveopt xsavec xgetbv1 cqm_llc cqm_occup_llc cqm_mbm_total cqm_mbm_local clzero irperf xsaveerptr arat npt lbrv svm_lock nrip_save tsc_scale vmcb_clean flushbyasid decodeassists pausefilter pfthreshold avic v_vmsave_vmload vgif umip overflow_recov succor smca
bogomips	: 4499.94
TLB size	: 3072 4K pages
clflush size	: 64
cache_alignment	: 64
address sizes	: 43 bits physical, 48 bits virtual
power management: ts ttp tm hwpstate cpb eff_freq_ro [13] [14]

processor	: 105
vendor_id	: AuthenticAMD
cpu family	: 23
model		: 49
model name	: AMD EPYC 7742 64-Core Processor
stepping	: 0
microcode	: 0x830107a
cpu MHz		: 2250.000
cache size	: 512 KB
physical id	: 1
siblings	: 64
core id		: 41
cpu cores	: 64
apicid		: 105
initial apicid	: 105
fpu		: yes
fpu_exception	: yes
cpuid level	: 16
wp		: yes
flags		: fpu vme de pse tsc msr pae mce cx8 apic sep mtrr pge mca cmov pat pse36 clflush mmx fxsr sse sse2 ht syscall nx mmxext fxsr_opt pdpe1gb rdtscp lm constant_tsc art rep_good nopl nonstop_tsc extd_apicid aperfmperf eagerfpu pni pclmulqdq monitor ssse3 fma cx16 sse4_1 sse4_2 x2apic movbe popcnt aes xsave avx f16c rdrand lahf_lm cmp_legacy svm extapic cr8_legacy abm sse4a misalignsse 3dnowprefetch osvw ibs skinit wdt tce topoext perfctr_core perfctr_nb bpext perfctr_l2 cpb cat_l3 cdp_l3 hw_pstate sme ssbd rsb_ctxsw ibrs ibpb stibp vmmcall fsgsbase bmi1 avx2 smep bmi2 cqm rdt_a rdseed adx smap clflushopt clwb sha_ni xsaveopt xsavec xgetbv1 cqm_llc cqm_occup_llc cqm_mbm_total cqm_mbm_local clzero irperf xsaveerptr arat npt lbrv svm_lock nrip_save tsc_scale vmcb_clean flushbyasid decodeassists pausefilter pfthreshold avic v_vmsave_vmload vgif umip overflow_recov succor smca
bogomips	: 4499.94
TLB size	: 3072 4K pages
clflush size	: 64
cache_alignment	: 64
address sizes	: 43 bits physical, 48 bits virtual
power management: ts ttp tm hwpstate cpb eff_freq_ro [13] [14]

processor	: 106
vendor_id	: AuthenticAMD
cpu family	: 23
model		: 49
model name	: AMD EPYC 7742 64-Core Processor
stepping	: 0
microcode	: 0x830107a
cpu MHz		: 2250.000
cache size	: 512 KB
physical id	: 1
siblings	: 64
core id		: 42
cpu cores	: 64
apicid		: 106
initial apicid	: 106
fpu		: yes
fpu_exception	: yes
cpuid level	: 16
wp		: yes
flags		: fpu vme de pse tsc msr pae mce cx8 apic sep mtrr pge mca cmov pat pse36 clflush mmx fxsr sse sse2 ht syscall nx mmxext fxsr_opt pdpe1gb rdtscp lm constant_tsc art rep_good nopl nonstop_tsc extd_apicid aperfmperf eagerfpu pni pclmulqdq monitor ssse3 fma cx16 sse4_1 sse4_2 x2apic movbe popcnt aes xsave avx f16c rdrand lahf_lm cmp_legacy svm extapic cr8_legacy abm sse4a misalignsse 3dnowprefetch osvw ibs skinit wdt tce topoext perfctr_core perfctr_nb bpext perfctr_l2 cpb cat_l3 cdp_l3 hw_pstate sme ssbd rsb_ctxsw ibrs ibpb stibp vmmcall fsgsbase bmi1 avx2 smep bmi2 cqm rdt_a rdseed adx smap clflushopt clwb sha_ni xsaveopt xsavec xgetbv1 cqm_llc cqm_occup_llc cqm_mbm_total cqm_mbm_local clzero irperf xsaveerptr arat npt lbrv svm_lock nrip_save tsc_scale vmcb_clean flushbyasid decodeassists pausefilter pfthreshold avic v_vmsave_vmload vgif umip overflow_recov succor smca
bogomips	: 4499.94
TLB size	: 3072 4K pages
clflush size	: 64
cache_alignment	: 64
address sizes	: 43 bits physical, 48 bits virtual
power management: ts ttp tm hwpstate cpb eff_freq_ro [13] [14]

processor	: 107
vendor_id	: AuthenticAMD
cpu family	: 23
model		: 49
model name	: AMD EPYC 7742 64-Core Processor
stepping	: 0
microcode	: 0x830107a
cpu MHz		: 2250.000
cache size	: 512 KB
physical id	: 1
siblings	: 64
core id		: 43
cpu cores	: 64
apicid		: 107
initial apicid	: 107
fpu		: yes
fpu_exception	: yes
cpuid level	: 16
wp		: yes
flags		: fpu vme de pse tsc msr pae mce cx8 apic sep mtrr pge mca cmov pat pse36 clflush mmx fxsr sse sse2 ht syscall nx mmxext fxsr_opt pdpe1gb rdtscp lm constant_tsc art rep_good nopl nonstop_tsc extd_apicid aperfmperf eagerfpu pni pclmulqdq monitor ssse3 fma cx16 sse4_1 sse4_2 x2apic movbe popcnt aes xsave avx f16c rdrand lahf_lm cmp_legacy svm extapic cr8_legacy abm sse4a misalignsse 3dnowprefetch osvw ibs skinit wdt tce topoext perfctr_core perfctr_nb bpext perfctr_l2 cpb cat_l3 cdp_l3 hw_pstate sme ssbd rsb_ctxsw ibrs ibpb stibp vmmcall fsgsbase bmi1 avx2 smep bmi2 cqm rdt_a rdseed adx smap clflushopt clwb sha_ni xsaveopt xsavec xgetbv1 cqm_llc cqm_occup_llc cqm_mbm_total cqm_mbm_local clzero irperf xsaveerptr arat npt lbrv svm_lock nrip_save tsc_scale vmcb_clean flushbyasid decodeassists pausefilter pfthreshold avic v_vmsave_vmload vgif umip overflow_recov succor smca
bogomips	: 4499.94
TLB size	: 3072 4K pages
clflush size	: 64
cache_alignment	: 64
address sizes	: 43 bits physical, 48 bits virtual
power management: ts ttp tm hwpstate cpb eff_freq_ro [13] [14]

processor	: 108
vendor_id	: AuthenticAMD
cpu family	: 23
model		: 49
model name	: AMD EPYC 7742 64-Core Processor
stepping	: 0
microcode	: 0x830107a
cpu MHz		: 2250.000
cache size	: 512 KB
physical id	: 1
siblings	: 64
core id		: 44
cpu cores	: 64
apicid		: 108
initial apicid	: 108
fpu		: yes
fpu_exception	: yes
cpuid level	: 16
wp		: yes
flags		: fpu vme de pse tsc msr pae mce cx8 apic sep mtrr pge mca cmov pat pse36 clflush mmx fxsr sse sse2 ht syscall nx mmxext fxsr_opt pdpe1gb rdtscp lm constant_tsc art rep_good nopl nonstop_tsc extd_apicid aperfmperf eagerfpu pni pclmulqdq monitor ssse3 fma cx16 sse4_1 sse4_2 x2apic movbe popcnt aes xsave avx f16c rdrand lahf_lm cmp_legacy svm extapic cr8_legacy abm sse4a misalignsse 3dnowprefetch osvw ibs skinit wdt tce topoext perfctr_core perfctr_nb bpext perfctr_l2 cpb cat_l3 cdp_l3 hw_pstate sme ssbd rsb_ctxsw ibrs ibpb stibp vmmcall fsgsbase bmi1 avx2 smep bmi2 cqm rdt_a rdseed adx smap clflushopt clwb sha_ni xsaveopt xsavec xgetbv1 cqm_llc cqm_occup_llc cqm_mbm_total cqm_mbm_local clzero irperf xsaveerptr arat npt lbrv svm_lock nrip_save tsc_scale vmcb_clean flushbyasid decodeassists pausefilter pfthreshold avic v_vmsave_vmload vgif umip overflow_recov succor smca
bogomips	: 4499.94
TLB size	: 3072 4K pages
clflush size	: 64
cache_alignment	: 64
address sizes	: 43 bits physical, 48 bits virtual
power management: ts ttp tm hwpstate cpb eff_freq_ro [13] [14]

processor	: 109
vendor_id	: AuthenticAMD
cpu family	: 23
model		: 49
model name	: AMD EPYC 7742 64-Core Processor
stepping	: 0
microcode	: 0x830107a
cpu MHz		: 2250.000
cache size	: 512 KB
physical id	: 1
siblings	: 64
core id		: 45
cpu cores	: 64
apicid		: 109
initial apicid	: 109
fpu		: yes
fpu_exception	: yes
cpuid level	: 16
wp		: yes
flags		: fpu vme de pse tsc msr pae mce cx8 apic sep mtrr pge mca cmov pat pse36 clflush mmx fxsr sse sse2 ht syscall nx mmxext fxsr_opt pdpe1gb rdtscp lm constant_tsc art rep_good nopl nonstop_tsc extd_apicid aperfmperf eagerfpu pni pclmulqdq monitor ssse3 fma cx16 sse4_1 sse4_2 x2apic movbe popcnt aes xsave avx f16c rdrand lahf_lm cmp_legacy svm extapic cr8_legacy abm sse4a misalignsse 3dnowprefetch osvw ibs skinit wdt tce topoext perfctr_core perfctr_nb bpext perfctr_l2 cpb cat_l3 cdp_l3 hw_pstate sme ssbd rsb_ctxsw ibrs ibpb stibp vmmcall fsgsbase bmi1 avx2 smep bmi2 cqm rdt_a rdseed adx smap clflushopt clwb sha_ni xsaveopt xsavec xgetbv1 cqm_llc cqm_occup_llc cqm_mbm_total cqm_mbm_local clzero irperf xsaveerptr arat npt lbrv svm_lock nrip_save tsc_scale vmcb_clean flushbyasid decodeassists pausefilter pfthreshold avic v_vmsave_vmload vgif umip overflow_recov succor smca
bogomips	: 4499.94
TLB size	: 3072 4K pages
clflush size	: 64
cache_alignment	: 64
address sizes	: 43 bits physical, 48 bits virtual
power management: ts ttp tm hwpstate cpb eff_freq_ro [13] [14]

processor	: 110
vendor_id	: AuthenticAMD
cpu family	: 23
model		: 49
model name	: AMD EPYC 7742 64-Core Processor
stepping	: 0
microcode	: 0x830107a
cpu MHz		: 2250.000
cache size	: 512 KB
physical id	: 1
siblings	: 64
core id		: 46
cpu cores	: 64
apicid		: 110
initial apicid	: 110
fpu		: yes
fpu_exception	: yes
cpuid level	: 16
wp		: yes
flags		: fpu vme de pse tsc msr pae mce cx8 apic sep mtrr pge mca cmov pat pse36 clflush mmx fxsr sse sse2 ht syscall nx mmxext fxsr_opt pdpe1gb rdtscp lm constant_tsc art rep_good nopl nonstop_tsc extd_apicid aperfmperf eagerfpu pni pclmulqdq monitor ssse3 fma cx16 sse4_1 sse4_2 x2apic movbe popcnt aes xsave avx f16c rdrand lahf_lm cmp_legacy svm extapic cr8_legacy abm sse4a misalignsse 3dnowprefetch osvw ibs skinit wdt tce topoext perfctr_core perfctr_nb bpext perfctr_l2 cpb cat_l3 cdp_l3 hw_pstate sme ssbd rsb_ctxsw ibrs ibpb stibp vmmcall fsgsbase bmi1 avx2 smep bmi2 cqm rdt_a rdseed adx smap clflushopt clwb sha_ni xsaveopt xsavec xgetbv1 cqm_llc cqm_occup_llc cqm_mbm_total cqm_mbm_local clzero irperf xsaveerptr arat npt lbrv svm_lock nrip_save tsc_scale vmcb_clean flushbyasid decodeassists pausefilter pfthreshold avic v_vmsave_vmload vgif umip overflow_recov succor smca
bogomips	: 4499.94
TLB size	: 3072 4K pages
clflush size	: 64
cache_alignment	: 64
address sizes	: 43 bits physical, 48 bits virtual
power management: ts ttp tm hwpstate cpb eff_freq_ro [13] [14]

processor	: 111
vendor_id	: AuthenticAMD
cpu family	: 23
model		: 49
model name	: AMD EPYC 7742 64-Core Processor
stepping	: 0
microcode	: 0x830107a
cpu MHz		: 2250.000
cache size	: 512 KB
physical id	: 1
siblings	: 64
core id		: 47
cpu cores	: 64
apicid		: 111
initial apicid	: 111
fpu		: yes
fpu_exception	: yes
cpuid level	: 16
wp		: yes
flags		: fpu vme de pse tsc msr pae mce cx8 apic sep mtrr pge mca cmov pat pse36 clflush mmx fxsr sse sse2 ht syscall nx mmxext fxsr_opt pdpe1gb rdtscp lm constant_tsc art rep_good nopl nonstop_tsc extd_apicid aperfmperf eagerfpu pni pclmulqdq monitor ssse3 fma cx16 sse4_1 sse4_2 x2apic movbe popcnt aes xsave avx f16c rdrand lahf_lm cmp_legacy svm extapic cr8_legacy abm sse4a misalignsse 3dnowprefetch osvw ibs skinit wdt tce topoext perfctr_core perfctr_nb bpext perfctr_l2 cpb cat_l3 cdp_l3 hw_pstate sme ssbd rsb_ctxsw ibrs ibpb stibp vmmcall fsgsbase bmi1 avx2 smep bmi2 cqm rdt_a rdseed adx smap clflushopt clwb sha_ni xsaveopt xsavec xgetbv1 cqm_llc cqm_occup_llc cqm_mbm_total cqm_mbm_local clzero irperf xsaveerptr arat npt lbrv svm_lock nrip_save tsc_scale vmcb_clean flushbyasid decodeassists pausefilter pfthreshold avic v_vmsave_vmload vgif umip overflow_recov succor smca
bogomips	: 4499.94
TLB size	: 3072 4K pages
clflush size	: 64
cache_alignment	: 64
address sizes	: 43 bits physical, 48 bits virtual
power management: ts ttp tm hwpstate cpb eff_freq_ro [13] [14]

processor	: 112
vendor_id	: AuthenticAMD
cpu family	: 23
model		: 49
model name	: AMD EPYC 7742 64-Core Processor
stepping	: 0
microcode	: 0x830107a
cpu MHz		: 2250.000
cache size	: 512 KB
physical id	: 1
siblings	: 64
core id		: 48
cpu cores	: 64
apicid		: 112
initial apicid	: 112
fpu		: yes
fpu_exception	: yes
cpuid level	: 16
wp		: yes
flags		: fpu vme de pse tsc msr pae mce cx8 apic sep mtrr pge mca cmov pat pse36 clflush mmx fxsr sse sse2 ht syscall nx mmxext fxsr_opt pdpe1gb rdtscp lm constant_tsc art rep_good nopl nonstop_tsc extd_apicid aperfmperf eagerfpu pni pclmulqdq monitor ssse3 fma cx16 sse4_1 sse4_2 x2apic movbe popcnt aes xsave avx f16c rdrand lahf_lm cmp_legacy svm extapic cr8_legacy abm sse4a misalignsse 3dnowprefetch osvw ibs skinit wdt tce topoext perfctr_core perfctr_nb bpext perfctr_l2 cpb cat_l3 cdp_l3 hw_pstate sme ssbd rsb_ctxsw ibrs ibpb stibp vmmcall fsgsbase bmi1 avx2 smep bmi2 cqm rdt_a rdseed adx smap clflushopt clwb sha_ni xsaveopt xsavec xgetbv1 cqm_llc cqm_occup_llc cqm_mbm_total cqm_mbm_local clzero irperf xsaveerptr arat npt lbrv svm_lock nrip_save tsc_scale vmcb_clean flushbyasid decodeassists pausefilter pfthreshold avic v_vmsave_vmload vgif umip overflow_recov succor smca
bogomips	: 4499.94
TLB size	: 3072 4K pages
clflush size	: 64
cache_alignment	: 64
address sizes	: 43 bits physical, 48 bits virtual
power management: ts ttp tm hwpstate cpb eff_freq_ro [13] [14]

processor	: 113
vendor_id	: AuthenticAMD
cpu family	: 23
model		: 49
model name	: AMD EPYC 7742 64-Core Processor
stepping	: 0
microcode	: 0x830107a
cpu MHz		: 2250.000
cache size	: 512 KB
physical id	: 1
siblings	: 64
core id		: 49
cpu cores	: 64
apicid		: 113
initial apicid	: 113
fpu		: yes
fpu_exception	: yes
cpuid level	: 16
wp		: yes
flags		: fpu vme de pse tsc msr pae mce cx8 apic sep mtrr pge mca cmov pat pse36 clflush mmx fxsr sse sse2 ht syscall nx mmxext fxsr_opt pdpe1gb rdtscp lm constant_tsc art rep_good nopl nonstop_tsc extd_apicid aperfmperf eagerfpu pni pclmulqdq monitor ssse3 fma cx16 sse4_1 sse4_2 x2apic movbe popcnt aes xsave avx f16c rdrand lahf_lm cmp_legacy svm extapic cr8_legacy abm sse4a misalignsse 3dnowprefetch osvw ibs skinit wdt tce topoext perfctr_core perfctr_nb bpext perfctr_l2 cpb cat_l3 cdp_l3 hw_pstate sme ssbd rsb_ctxsw ibrs ibpb stibp vmmcall fsgsbase bmi1 avx2 smep bmi2 cqm rdt_a rdseed adx smap clflushopt clwb sha_ni xsaveopt xsavec xgetbv1 cqm_llc cqm_occup_llc cqm_mbm_total cqm_mbm_local clzero irperf xsaveerptr arat npt lbrv svm_lock nrip_save tsc_scale vmcb_clean flushbyasid decodeassists pausefilter pfthreshold avic v_vmsave_vmload vgif umip overflow_recov succor smca
bogomips	: 4499.94
TLB size	: 3072 4K pages
clflush size	: 64
cache_alignment	: 64
address sizes	: 43 bits physical, 48 bits virtual
power management: ts ttp tm hwpstate cpb eff_freq_ro [13] [14]

processor	: 114
vendor_id	: AuthenticAMD
cpu family	: 23
model		: 49
model name	: AMD EPYC 7742 64-Core Processor
stepping	: 0
microcode	: 0x830107a
cpu MHz		: 2250.000
cache size	: 512 KB
physical id	: 1
siblings	: 64
core id		: 50
cpu cores	: 64
apicid		: 114
initial apicid	: 114
fpu		: yes
fpu_exception	: yes
cpuid level	: 16
wp		: yes
flags		: fpu vme de pse tsc msr pae mce cx8 apic sep mtrr pge mca cmov pat pse36 clflush mmx fxsr sse sse2 ht syscall nx mmxext fxsr_opt pdpe1gb rdtscp lm constant_tsc art rep_good nopl nonstop_tsc extd_apicid aperfmperf eagerfpu pni pclmulqdq monitor ssse3 fma cx16 sse4_1 sse4_2 x2apic movbe popcnt aes xsave avx f16c rdrand lahf_lm cmp_legacy svm extapic cr8_legacy abm sse4a misalignsse 3dnowprefetch osvw ibs skinit wdt tce topoext perfctr_core perfctr_nb bpext perfctr_l2 cpb cat_l3 cdp_l3 hw_pstate sme ssbd rsb_ctxsw ibrs ibpb stibp vmmcall fsgsbase bmi1 avx2 smep bmi2 cqm rdt_a rdseed adx smap clflushopt clwb sha_ni xsaveopt xsavec xgetbv1 cqm_llc cqm_occup_llc cqm_mbm_total cqm_mbm_local clzero irperf xsaveerptr arat npt lbrv svm_lock nrip_save tsc_scale vmcb_clean flushbyasid decodeassists pausefilter pfthreshold avic v_vmsave_vmload vgif umip overflow_recov succor smca
bogomips	: 4499.94
TLB size	: 3072 4K pages
clflush size	: 64
cache_alignment	: 64
address sizes	: 43 bits physical, 48 bits virtual
power management: ts ttp tm hwpstate cpb eff_freq_ro [13] [14]

processor	: 115
vendor_id	: AuthenticAMD
cpu family	: 23
model		: 49
model name	: AMD EPYC 7742 64-Core Processor
stepping	: 0
microcode	: 0x830107a
cpu MHz		: 2250.000
cache size	: 512 KB
physical id	: 1
siblings	: 64
core id		: 51
cpu cores	: 64
apicid		: 115
initial apicid	: 115
fpu		: yes
fpu_exception	: yes
cpuid level	: 16
wp		: yes
flags		: fpu vme de pse tsc msr pae mce cx8 apic sep mtrr pge mca cmov pat pse36 clflush mmx fxsr sse sse2 ht syscall nx mmxext fxsr_opt pdpe1gb rdtscp lm constant_tsc art rep_good nopl nonstop_tsc extd_apicid aperfmperf eagerfpu pni pclmulqdq monitor ssse3 fma cx16 sse4_1 sse4_2 x2apic movbe popcnt aes xsave avx f16c rdrand lahf_lm cmp_legacy svm extapic cr8_legacy abm sse4a misalignsse 3dnowprefetch osvw ibs skinit wdt tce topoext perfctr_core perfctr_nb bpext perfctr_l2 cpb cat_l3 cdp_l3 hw_pstate sme ssbd rsb_ctxsw ibrs ibpb stibp vmmcall fsgsbase bmi1 avx2 smep bmi2 cqm rdt_a rdseed adx smap clflushopt clwb sha_ni xsaveopt xsavec xgetbv1 cqm_llc cqm_occup_llc cqm_mbm_total cqm_mbm_local clzero irperf xsaveerptr arat npt lbrv svm_lock nrip_save tsc_scale vmcb_clean flushbyasid decodeassists pausefilter pfthreshold avic v_vmsave_vmload vgif umip overflow_recov succor smca
bogomips	: 4499.94
TLB size	: 3072 4K pages
clflush size	: 64
cache_alignment	: 64
address sizes	: 43 bits physical, 48 bits virtual
power management: ts ttp tm hwpstate cpb eff_freq_ro [13] [14]

processor	: 116
vendor_id	: AuthenticAMD
cpu family	: 23
model		: 49
model name	: AMD EPYC 7742 64-Core Processor
stepping	: 0
microcode	: 0x830107a
cpu MHz		: 2250.000
cache size	: 512 KB
physical id	: 1
siblings	: 64
core id		: 52
cpu cores	: 64
apicid		: 116
initial apicid	: 116
fpu		: yes
fpu_exception	: yes
cpuid level	: 16
wp		: yes
flags		: fpu vme de pse tsc msr pae mce cx8 apic sep mtrr pge mca cmov pat pse36 clflush mmx fxsr sse sse2 ht syscall nx mmxext fxsr_opt pdpe1gb rdtscp lm constant_tsc art rep_good nopl nonstop_tsc extd_apicid aperfmperf eagerfpu pni pclmulqdq monitor ssse3 fma cx16 sse4_1 sse4_2 x2apic movbe popcnt aes xsave avx f16c rdrand lahf_lm cmp_legacy svm extapic cr8_legacy abm sse4a misalignsse 3dnowprefetch osvw ibs skinit wdt tce topoext perfctr_core perfctr_nb bpext perfctr_l2 cpb cat_l3 cdp_l3 hw_pstate sme ssbd rsb_ctxsw ibrs ibpb stibp vmmcall fsgsbase bmi1 avx2 smep bmi2 cqm rdt_a rdseed adx smap clflushopt clwb sha_ni xsaveopt xsavec xgetbv1 cqm_llc cqm_occup_llc cqm_mbm_total cqm_mbm_local clzero irperf xsaveerptr arat npt lbrv svm_lock nrip_save tsc_scale vmcb_clean flushbyasid decodeassists pausefilter pfthreshold avic v_vmsave_vmload vgif umip overflow_recov succor smca
bogomips	: 4499.94
TLB size	: 3072 4K pages
clflush size	: 64
cache_alignment	: 64
address sizes	: 43 bits physical, 48 bits virtual
power management: ts ttp tm hwpstate cpb eff_freq_ro [13] [14]

processor	: 117
vendor_id	: AuthenticAMD
cpu family	: 23
model		: 49
model name	: AMD EPYC 7742 64-Core Processor
stepping	: 0
microcode	: 0x830107a
cpu MHz		: 2250.000
cache size	: 512 KB
physical id	: 1
siblings	: 64
core id		: 53
cpu cores	: 64
apicid		: 117
initial apicid	: 117
fpu		: yes
fpu_exception	: yes
cpuid level	: 16
wp		: yes
flags		: fpu vme de pse tsc msr pae mce cx8 apic sep mtrr pge mca cmov pat pse36 clflush mmx fxsr sse sse2 ht syscall nx mmxext fxsr_opt pdpe1gb rdtscp lm constant_tsc art rep_good nopl nonstop_tsc extd_apicid aperfmperf eagerfpu pni pclmulqdq monitor ssse3 fma cx16 sse4_1 sse4_2 x2apic movbe popcnt aes xsave avx f16c rdrand lahf_lm cmp_legacy svm extapic cr8_legacy abm sse4a misalignsse 3dnowprefetch osvw ibs skinit wdt tce topoext perfctr_core perfctr_nb bpext perfctr_l2 cpb cat_l3 cdp_l3 hw_pstate sme ssbd rsb_ctxsw ibrs ibpb stibp vmmcall fsgsbase bmi1 avx2 smep bmi2 cqm rdt_a rdseed adx smap clflushopt clwb sha_ni xsaveopt xsavec xgetbv1 cqm_llc cqm_occup_llc cqm_mbm_total cqm_mbm_local clzero irperf xsaveerptr arat npt lbrv svm_lock nrip_save tsc_scale vmcb_clean flushbyasid decodeassists pausefilter pfthreshold avic v_vmsave_vmload vgif umip overflow_recov succor smca
bogomips	: 4499.94
TLB size	: 3072 4K pages
clflush size	: 64
cache_alignment	: 64
address sizes	: 43 bits physical, 48 bits virtual
power management: ts ttp tm hwpstate cpb eff_freq_ro [13] [14]

processor	: 118
vendor_id	: AuthenticAMD
cpu family	: 23
model		: 49
model name	: AMD EPYC 7742 64-Core Processor
stepping	: 0
microcode	: 0x830107a
cpu MHz		: 2250.000
cache size	: 512 KB
physical id	: 1
siblings	: 64
core id		: 54
cpu cores	: 64
apicid		: 118
initial apicid	: 118
fpu		: yes
fpu_exception	: yes
cpuid level	: 16
wp		: yes
flags		: fpu vme de pse tsc msr pae mce cx8 apic sep mtrr pge mca cmov pat pse36 clflush mmx fxsr sse sse2 ht syscall nx mmxext fxsr_opt pdpe1gb rdtscp lm constant_tsc art rep_good nopl nonstop_tsc extd_apicid aperfmperf eagerfpu pni pclmulqdq monitor ssse3 fma cx16 sse4_1 sse4_2 x2apic movbe popcnt aes xsave avx f16c rdrand lahf_lm cmp_legacy svm extapic cr8_legacy abm sse4a misalignsse 3dnowprefetch osvw ibs skinit wdt tce topoext perfctr_core perfctr_nb bpext perfctr_l2 cpb cat_l3 cdp_l3 hw_pstate sme ssbd rsb_ctxsw ibrs ibpb stibp vmmcall fsgsbase bmi1 avx2 smep bmi2 cqm rdt_a rdseed adx smap clflushopt clwb sha_ni xsaveopt xsavec xgetbv1 cqm_llc cqm_occup_llc cqm_mbm_total cqm_mbm_local clzero irperf xsaveerptr arat npt lbrv svm_lock nrip_save tsc_scale vmcb_clean flushbyasid decodeassists pausefilter pfthreshold avic v_vmsave_vmload vgif umip overflow_recov succor smca
bogomips	: 4499.94
TLB size	: 3072 4K pages
clflush size	: 64
cache_alignment	: 64
address sizes	: 43 bits physical, 48 bits virtual
power management: ts ttp tm hwpstate cpb eff_freq_ro [13] [14]

processor	: 119
vendor_id	: AuthenticAMD
cpu family	: 23
model		: 49
model name	: AMD EPYC 7742 64-Core Processor
stepping	: 0
microcode	: 0x830107a
cpu MHz		: 2250.000
cache size	: 512 KB
physical id	: 1
siblings	: 64
core id		: 55
cpu cores	: 64
apicid		: 119
initial apicid	: 119
fpu		: yes
fpu_exception	: yes
cpuid level	: 16
wp		: yes
flags		: fpu vme de pse tsc msr pae mce cx8 apic sep mtrr pge mca cmov pat pse36 clflush mmx fxsr sse sse2 ht syscall nx mmxext fxsr_opt pdpe1gb rdtscp lm constant_tsc art rep_good nopl nonstop_tsc extd_apicid aperfmperf eagerfpu pni pclmulqdq monitor ssse3 fma cx16 sse4_1 sse4_2 x2apic movbe popcnt aes xsave avx f16c rdrand lahf_lm cmp_legacy svm extapic cr8_legacy abm sse4a misalignsse 3dnowprefetch osvw ibs skinit wdt tce topoext perfctr_core perfctr_nb bpext perfctr_l2 cpb cat_l3 cdp_l3 hw_pstate sme ssbd rsb_ctxsw ibrs ibpb stibp vmmcall fsgsbase bmi1 avx2 smep bmi2 cqm rdt_a rdseed adx smap clflushopt clwb sha_ni xsaveopt xsavec xgetbv1 cqm_llc cqm_occup_llc cqm_mbm_total cqm_mbm_local clzero irperf xsaveerptr arat npt lbrv svm_lock nrip_save tsc_scale vmcb_clean flushbyasid decodeassists pausefilter pfthreshold avic v_vmsave_vmload vgif umip overflow_recov succor smca
bogomips	: 4499.94
TLB size	: 3072 4K pages
clflush size	: 64
cache_alignment	: 64
address sizes	: 43 bits physical, 48 bits virtual
power management: ts ttp tm hwpstate cpb eff_freq_ro [13] [14]

processor	: 120
vendor_id	: AuthenticAMD
cpu family	: 23
model		: 49
model name	: AMD EPYC 7742 64-Core Processor
stepping	: 0
microcode	: 0x830107a
cpu MHz		: 2250.000
cache size	: 512 KB
physical id	: 1
siblings	: 64
core id		: 56
cpu cores	: 64
apicid		: 120
initial apicid	: 120
fpu		: yes
fpu_exception	: yes
cpuid level	: 16
wp		: yes
flags		: fpu vme de pse tsc msr pae mce cx8 apic sep mtrr pge mca cmov pat pse36 clflush mmx fxsr sse sse2 ht syscall nx mmxext fxsr_opt pdpe1gb rdtscp lm constant_tsc art rep_good nopl nonstop_tsc extd_apicid aperfmperf eagerfpu pni pclmulqdq monitor ssse3 fma cx16 sse4_1 sse4_2 x2apic movbe popcnt aes xsave avx f16c rdrand lahf_lm cmp_legacy svm extapic cr8_legacy abm sse4a misalignsse 3dnowprefetch osvw ibs skinit wdt tce topoext perfctr_core perfctr_nb bpext perfctr_l2 cpb cat_l3 cdp_l3 hw_pstate sme ssbd rsb_ctxsw ibrs ibpb stibp vmmcall fsgsbase bmi1 avx2 smep bmi2 cqm rdt_a rdseed adx smap clflushopt clwb sha_ni xsaveopt xsavec xgetbv1 cqm_llc cqm_occup_llc cqm_mbm_total cqm_mbm_local clzero irperf xsaveerptr arat npt lbrv svm_lock nrip_save tsc_scale vmcb_clean flushbyasid decodeassists pausefilter pfthreshold avic v_vmsave_vmload vgif umip overflow_recov succor smca
bogomips	: 4499.94
TLB size	: 3072 4K pages
clflush size	: 64
cache_alignment	: 64
address sizes	: 43 bits physical, 48 bits virtual
power management: ts ttp tm hwpstate cpb eff_freq_ro [13] [14]

processor	: 121
vendor_id	: AuthenticAMD
cpu family	: 23
model		: 49
model name	: AMD EPYC 7742 64-Core Processor
stepping	: 0
microcode	: 0x830107a
cpu MHz		: 2250.000
cache size	: 512 KB
physical id	: 1
siblings	: 64
core id		: 57
cpu cores	: 64
apicid		: 121
initial apicid	: 121
fpu		: yes
fpu_exception	: yes
cpuid level	: 16
wp		: yes
flags		: fpu vme de pse tsc msr pae mce cx8 apic sep mtrr pge mca cmov pat pse36 clflush mmx fxsr sse sse2 ht syscall nx mmxext fxsr_opt pdpe1gb rdtscp lm constant_tsc art rep_good nopl nonstop_tsc extd_apicid aperfmperf eagerfpu pni pclmulqdq monitor ssse3 fma cx16 sse4_1 sse4_2 x2apic movbe popcnt aes xsave avx f16c rdrand lahf_lm cmp_legacy svm extapic cr8_legacy abm sse4a misalignsse 3dnowprefetch osvw ibs skinit wdt tce topoext perfctr_core perfctr_nb bpext perfctr_l2 cpb cat_l3 cdp_l3 hw_pstate sme ssbd rsb_ctxsw ibrs ibpb stibp vmmcall fsgsbase bmi1 avx2 smep bmi2 cqm rdt_a rdseed adx smap clflushopt clwb sha_ni xsaveopt xsavec xgetbv1 cqm_llc cqm_occup_llc cqm_mbm_total cqm_mbm_local clzero irperf xsaveerptr arat npt lbrv svm_lock nrip_save tsc_scale vmcb_clean flushbyasid decodeassists pausefilter pfthreshold avic v_vmsave_vmload vgif umip overflow_recov succor smca
bogomips	: 4499.94
TLB size	: 3072 4K pages
clflush size	: 64
cache_alignment	: 64
address sizes	: 43 bits physical, 48 bits virtual
power management: ts ttp tm hwpstate cpb eff_freq_ro [13] [14]

processor	: 122
vendor_id	: AuthenticAMD
cpu family	: 23
model		: 49
model name	: AMD EPYC 7742 64-Core Processor
stepping	: 0
microcode	: 0x830107a
cpu MHz		: 2250.000
cache size	: 512 KB
physical id	: 1
siblings	: 64
core id		: 58
cpu cores	: 64
apicid		: 122
initial apicid	: 122
fpu		: yes
fpu_exception	: yes
cpuid level	: 16
wp		: yes
flags		: fpu vme de pse tsc msr pae mce cx8 apic sep mtrr pge mca cmov pat pse36 clflush mmx fxsr sse sse2 ht syscall nx mmxext fxsr_opt pdpe1gb rdtscp lm constant_tsc art rep_good nopl nonstop_tsc extd_apicid aperfmperf eagerfpu pni pclmulqdq monitor ssse3 fma cx16 sse4_1 sse4_2 x2apic movbe popcnt aes xsave avx f16c rdrand lahf_lm cmp_legacy svm extapic cr8_legacy abm sse4a misalignsse 3dnowprefetch osvw ibs skinit wdt tce topoext perfctr_core perfctr_nb bpext perfctr_l2 cpb cat_l3 cdp_l3 hw_pstate sme ssbd rsb_ctxsw ibrs ibpb stibp vmmcall fsgsbase bmi1 avx2 smep bmi2 cqm rdt_a rdseed adx smap clflushopt clwb sha_ni xsaveopt xsavec xgetbv1 cqm_llc cqm_occup_llc cqm_mbm_total cqm_mbm_local clzero irperf xsaveerptr arat npt lbrv svm_lock nrip_save tsc_scale vmcb_clean flushbyasid decodeassists pausefilter pfthreshold avic v_vmsave_vmload vgif umip overflow_recov succor smca
bogomips	: 4499.94
TLB size	: 3072 4K pages
clflush size	: 64
cache_alignment	: 64
address sizes	: 43 bits physical, 48 bits virtual
power management: ts ttp tm hwpstate cpb eff_freq_ro [13] [14]

processor	: 123
vendor_id	: AuthenticAMD
cpu family	: 23
model		: 49
model name	: AMD EPYC 7742 64-Core Processor
stepping	: 0
microcode	: 0x830107a
cpu MHz		: 2250.000
cache size	: 512 KB
physical id	: 1
siblings	: 64
core id		: 59
cpu cores	: 64
apicid		: 123
initial apicid	: 123
fpu		: yes
fpu_exception	: yes
cpuid level	: 16
wp		: yes
flags		: fpu vme de pse tsc msr pae mce cx8 apic sep mtrr pge mca cmov pat pse36 clflush mmx fxsr sse sse2 ht syscall nx mmxext fxsr_opt pdpe1gb rdtscp lm constant_tsc art rep_good nopl nonstop_tsc extd_apicid aperfmperf eagerfpu pni pclmulqdq monitor ssse3 fma cx16 sse4_1 sse4_2 x2apic movbe popcnt aes xsave avx f16c rdrand lahf_lm cmp_legacy svm extapic cr8_legacy abm sse4a misalignsse 3dnowprefetch osvw ibs skinit wdt tce topoext perfctr_core perfctr_nb bpext perfctr_l2 cpb cat_l3 cdp_l3 hw_pstate sme ssbd rsb_ctxsw ibrs ibpb stibp vmmcall fsgsbase bmi1 avx2 smep bmi2 cqm rdt_a rdseed adx smap clflushopt clwb sha_ni xsaveopt xsavec xgetbv1 cqm_llc cqm_occup_llc cqm_mbm_total cqm_mbm_local clzero irperf xsaveerptr arat npt lbrv svm_lock nrip_save tsc_scale vmcb_clean flushbyasid decodeassists pausefilter pfthreshold avic v_vmsave_vmload vgif umip overflow_recov succor smca
bogomips	: 4499.94
TLB size	: 3072 4K pages
clflush size	: 64
cache_alignment	: 64
address sizes	: 43 bits physical, 48 bits virtual
power management: ts ttp tm hwpstate cpb eff_freq_ro [13] [14]

processor	: 124
vendor_id	: AuthenticAMD
cpu family	: 23
model		: 49
model name	: AMD EPYC 7742 64-Core Processor
stepping	: 0
microcode	: 0x830107a
cpu MHz		: 2250.000
cache size	: 512 KB
physical id	: 1
siblings	: 64
core id		: 60
cpu cores	: 64
apicid		: 124
initial apicid	: 124
fpu		: yes
fpu_exception	: yes
cpuid level	: 16
wp		: yes
flags		: fpu vme de pse tsc msr pae mce cx8 apic sep mtrr pge mca cmov pat pse36 clflush mmx fxsr sse sse2 ht syscall nx mmxext fxsr_opt pdpe1gb rdtscp lm constant_tsc art rep_good nopl nonstop_tsc extd_apicid aperfmperf eagerfpu pni pclmulqdq monitor ssse3 fma cx16 sse4_1 sse4_2 x2apic movbe popcnt aes xsave avx f16c rdrand lahf_lm cmp_legacy svm extapic cr8_legacy abm sse4a misalignsse 3dnowprefetch osvw ibs skinit wdt tce topoext perfctr_core perfctr_nb bpext perfctr_l2 cpb cat_l3 cdp_l3 hw_pstate sme ssbd rsb_ctxsw ibrs ibpb stibp vmmcall fsgsbase bmi1 avx2 smep bmi2 cqm rdt_a rdseed adx smap clflushopt clwb sha_ni xsaveopt xsavec xgetbv1 cqm_llc cqm_occup_llc cqm_mbm_total cqm_mbm_local clzero irperf xsaveerptr arat npt lbrv svm_lock nrip_save tsc_scale vmcb_clean flushbyasid decodeassists pausefilter pfthreshold avic v_vmsave_vmload vgif umip overflow_recov succor smca
bogomips	: 4499.94
TLB size	: 3072 4K pages
clflush size	: 64
cache_alignment	: 64
address sizes	: 43 bits physical, 48 bits virtual
power management: ts ttp tm hwpstate cpb eff_freq_ro [13] [14]

processor	: 125
vendor_id	: AuthenticAMD
cpu family	: 23
model		: 49
model name	: AMD EPYC 7742 64-Core Processor
stepping	: 0
microcode	: 0x830107a
cpu MHz		: 2250.000
cache size	: 512 KB
physical id	: 1
siblings	: 64
core id		: 61
cpu cores	: 64
apicid		: 125
initial apicid	: 125
fpu		: yes
fpu_exception	: yes
cpuid level	: 16
wp		: yes
flags		: fpu vme de pse tsc msr pae mce cx8 apic sep mtrr pge mca cmov pat pse36 clflush mmx fxsr sse sse2 ht syscall nx mmxext fxsr_opt pdpe1gb rdtscp lm constant_tsc art rep_good nopl nonstop_tsc extd_apicid aperfmperf eagerfpu pni pclmulqdq monitor ssse3 fma cx16 sse4_1 sse4_2 x2apic movbe popcnt aes xsave avx f16c rdrand lahf_lm cmp_legacy svm extapic cr8_legacy abm sse4a misalignsse 3dnowprefetch osvw ibs skinit wdt tce topoext perfctr_core perfctr_nb bpext perfctr_l2 cpb cat_l3 cdp_l3 hw_pstate sme ssbd rsb_ctxsw ibrs ibpb stibp vmmcall fsgsbase bmi1 avx2 smep bmi2 cqm rdt_a rdseed adx smap clflushopt clwb sha_ni xsaveopt xsavec xgetbv1 cqm_llc cqm_occup_llc cqm_mbm_total cqm_mbm_local clzero irperf xsaveerptr arat npt lbrv svm_lock nrip_save tsc_scale vmcb_clean flushbyasid decodeassists pausefilter pfthreshold avic v_vmsave_vmload vgif umip overflow_recov succor smca
bogomips	: 4499.94
TLB size	: 3072 4K pages
clflush size	: 64
cache_alignment	: 64
address sizes	: 43 bits physical, 48 bits virtual
power management: ts ttp tm hwpstate cpb eff_freq_ro [13] [14]

processor	: 126
vendor_id	: AuthenticAMD
cpu family	: 23
model		: 49
model name	: AMD EPYC 7742 64-Core Processor
stepping	: 0
microcode	: 0x830107a
cpu MHz		: 2250.000
cache size	: 512 KB
physical id	: 1
siblings	: 64
core id		: 62
cpu cores	: 64
apicid		: 126
initial apicid	: 126
fpu		: yes
fpu_exception	: yes
cpuid level	: 16
wp		: yes
flags		: fpu vme de pse tsc msr pae mce cx8 apic sep mtrr pge mca cmov pat pse36 clflush mmx fxsr sse sse2 ht syscall nx mmxext fxsr_opt pdpe1gb rdtscp lm constant_tsc art rep_good nopl nonstop_tsc extd_apicid aperfmperf eagerfpu pni pclmulqdq monitor ssse3 fma cx16 sse4_1 sse4_2 x2apic movbe popcnt aes xsave avx f16c rdrand lahf_lm cmp_legacy svm extapic cr8_legacy abm sse4a misalignsse 3dnowprefetch osvw ibs skinit wdt tce topoext perfctr_core perfctr_nb bpext perfctr_l2 cpb cat_l3 cdp_l3 hw_pstate sme ssbd rsb_ctxsw ibrs ibpb stibp vmmcall fsgsbase bmi1 avx2 smep bmi2 cqm rdt_a rdseed adx smap clflushopt clwb sha_ni xsaveopt xsavec xgetbv1 cqm_llc cqm_occup_llc cqm_mbm_total cqm_mbm_local clzero irperf xsaveerptr arat npt lbrv svm_lock nrip_save tsc_scale vmcb_clean flushbyasid decodeassists pausefilter pfthreshold avic v_vmsave_vmload vgif umip overflow_recov succor smca
bogomips	: 4499.94
TLB size	: 3072 4K pages
clflush size	: 64
cache_alignment	: 64
address sizes	: 43 bits physical, 48 bits virtual
power management: ts ttp tm hwpstate cpb eff_freq_ro [13] [14]

processor	: 127
vendor_id	: AuthenticAMD
cpu family	: 23
model		: 49
model name	: AMD EPYC 7742 64-Core Processor
stepping	: 0
microcode	: 0x830107a
cpu MHz		: 2250.000
cache size	: 512 KB
physical id	: 1
siblings	: 64
core id		: 63
cpu cores	: 64
apicid		: 127
initial apicid	: 127
fpu		: yes
fpu_exception	: yes
cpuid level	: 16
wp		: yes
flags		: fpu vme de pse tsc msr pae mce cx8 apic sep mtrr pge mca cmov pat pse36 clflush mmx fxsr sse sse2 ht syscall nx mmxext fxsr_opt pdpe1gb rdtscp lm constant_tsc art rep_good nopl nonstop_tsc extd_apicid aperfmperf eagerfpu pni pclmulqdq monitor ssse3 fma cx16 sse4_1 sse4_2 x2apic movbe popcnt aes xsave avx f16c rdrand lahf_lm cmp_legacy svm extapic cr8_legacy abm sse4a misalignsse 3dnowprefetch osvw ibs skinit wdt tce topoext perfctr_core perfctr_nb bpext perfctr_l2 cpb cat_l3 cdp_l3 hw_pstate sme ssbd rsb_ctxsw ibrs ibpb stibp vmmcall fsgsbase bmi1 avx2 smep bmi2 cqm rdt_a rdseed adx smap clflushopt clwb sha_ni xsaveopt xsavec xgetbv1 cqm_llc cqm_occup_llc cqm_mbm_total cqm_mbm_local clzero irperf xsaveerptr arat npt lbrv svm_lock nrip_save tsc_scale vmcb_clean flushbyasid decodeassists pausefilter pfthreshold avic v_vmsave_vmload vgif umip overflow_recov succor smca
bogomips	: 4499.94
TLB size	: 3072 4K pages
clflush size	: 64
cache_alignment	: 64
address sizes	: 43 bits physical, 48 bits virtual
power management: ts ttp tm hwpstate cpb eff_freq_ro [13] [14]

+ '[' -f /usr/bin/nvidia-smi ']'
++ perl -e '
  use Sys::Hostname;
  my $host  = &hostname ();
  if ($host =~ m/^ac\d+-\d+\.bullx$/o)
    {
      print "ecmwf";
      exit (0);
    }
  elsif ($host =~ m/^(?:belenos|taranis)/o)
    {
      print "meteo";
      exit (0);
    }
  die ("Unexpected host : $host");
'
+ SITE=meteo
+ export PATH=/home/gmap/mrpm/marguina/gpupack/scripts:/home/gmap/mrpm/marguina/bin/vimpack.d:/home/gmap/mrpm/marguina/bin:/home/gmap/mrpm/marguina/install/graphviz-2.38.0/bin:/home/gmap/mrpm/marguina/install/jq-1.5/bin:/home/gmap/mrpm/marguina/install/cmake-3.15.3/bin:/home/gmap/mrpm/marguina/install/sqlite-autoconf-3170000/bin:/home/gmap/mrpm/marguina/install/gnuplot-5.0.1/bin:/usr/local/bin:/bin:/usr/bin:/usr/local/sbin:/usr/sbin
+ PATH=/home/gmap/mrpm/marguina/gpupack/scripts:/home/gmap/mrpm/marguina/bin/vimpack.d:/home/gmap/mrpm/marguina/bin:/home/gmap/mrpm/marguina/install/graphviz-2.38.0/bin:/home/gmap/mrpm/marguina/install/jq-1.5/bin:/home/gmap/mrpm/marguina/install/cmake-3.15.3/bin:/home/gmap/mrpm/marguina/install/sqlite-autoconf-3170000/bin:/home/gmap/mrpm/marguina/install/gnuplot-5.0.1/bin:/usr/local/bin:/bin:/usr/bin:/usr/local/sbin:/usr/sbin
+ '[' x/scratch/work/marguina '!=' x ']'
+ TMPDIR=/scratch/work/marguina/tmp/arp.65632733
+ mkdir -p /scratch/work/marguina/tmp/arp.65632733
+ cd /scratch/work/marguina/tmp/arp.65632733
+ PACK=/home/gmap/mrpm/marguina/gpupack/pack/49t2_openacc-bench-notransfer.01.INTEL2302.2d
+ GRID=t0798
+ '[' x/home/gmap/mrpm/marguina/gpupack/pack/49t2_openacc-bench-notransfer.01.INTEL2302.2d = x ']'
+ '[' xt0798 = x ']'
+ '[' x/home/gmap/mrpm/marguina/gpupack = x ']'
+ export PACK
+ export GRID
+ export DATADIR=/home/gmap/mrpm/marguina/gpupack/cy49
+ DATADIR=/home/gmap/mrpm/marguina/gpupack/cy49
+ for method in nominal openmp openmpsinglecolumn openaccsinglecolumn
+ mkdir -p nominal
+ cd nominal
+ for f in '$DATADIR/*'
++ basename /home/gmap/mrpm/marguina/gpupack/cy49/aerosol_cams_climatology_43R3a.nc
+ rm -f aerosol_cams_climatology_43R3a.nc
+ ln -s /home/gmap/mrpm/marguina/gpupack/cy49/aerosol_cams_climatology_43R3a.nc .
+ for f in '$DATADIR/*'
++ basename /home/gmap/mrpm/marguina/gpupack/cy49/aerosol_ifs_rrtm_46R1_with_NI_AM.nc
+ rm -f aerosol_ifs_rrtm_46R1_with_NI_AM.nc
+ ln -s /home/gmap/mrpm/marguina/gpupack/cy49/aerosol_ifs_rrtm_46R1_with_NI_AM.nc .
+ for f in '$DATADIR/*'
++ basename /home/gmap/mrpm/marguina/gpupack/cy49/aerosol_ifs_rrtm_AB.nc
+ rm -f aerosol_ifs_rrtm_AB.nc
+ ln -s /home/gmap/mrpm/marguina/gpupack/cy49/aerosol_ifs_rrtm_AB.nc .
+ for f in '$DATADIR/*'
++ basename /home/gmap/mrpm/marguina/gpupack/cy49/aerosol_ifs_rrtm.nc
+ rm -f aerosol_ifs_rrtm.nc
+ ln -s /home/gmap/mrpm/marguina/gpupack/cy49/aerosol_ifs_rrtm.nc .
+ for f in '$DATADIR/*'
++ basename /home/gmap/mrpm/marguina/gpupack/cy49/aerosol_ifs_rrtm_tegen.nc
+ rm -f aerosol_ifs_rrtm_tegen.nc
+ ln -s /home/gmap/mrpm/marguina/gpupack/cy49/aerosol_ifs_rrtm_tegen.nc .
+ for f in '$DATADIR/*'
++ basename /home/gmap/mrpm/marguina/gpupack/cy49/arp
+ rm -f arp
+ ln -s /home/gmap/mrpm/marguina/gpupack/cy49/arp .
+ for f in '$DATADIR/*'
++ basename /home/gmap/mrpm/marguina/gpupack/cy49/baran_ice_scattering_rrtm.nc
+ rm -f baran_ice_scattering_rrtm.nc
+ ln -s /home/gmap/mrpm/marguina/gpupack/cy49/baran_ice_scattering_rrtm.nc .
+ for f in '$DATADIR/*'
++ basename /home/gmap/mrpm/marguina/gpupack/cy49/ecoclimapI_covers_param.bin
+ rm -f ecoclimapI_covers_param.bin
+ ln -s /home/gmap/mrpm/marguina/gpupack/cy49/ecoclimapI_covers_param.bin .
+ for f in '$DATADIR/*'
++ basename /home/gmap/mrpm/marguina/gpupack/cy49/ecoclimapII_af_covers_param.bin
+ rm -f ecoclimapII_af_covers_param.bin
+ ln -s /home/gmap/mrpm/marguina/gpupack/cy49/ecoclimapII_af_covers_param.bin .
+ for f in '$DATADIR/*'
++ basename /home/gmap/mrpm/marguina/gpupack/cy49/ecoclimapII_eu_covers_param.bin
+ rm -f ecoclimapII_eu_covers_param.bin
+ ln -s /home/gmap/mrpm/marguina/gpupack/cy49/ecoclimapII_eu_covers_param.bin .
+ for f in '$DATADIR/*'
++ basename /home/gmap/mrpm/marguina/gpupack/cy49/ECOZC
+ rm -f ECOZC
+ ln -s /home/gmap/mrpm/marguina/gpupack/cy49/ECOZC .
+ for f in '$DATADIR/*'
++ basename /home/gmap/mrpm/marguina/gpupack/cy49/es_droplet_scattering_rrtm.nc
+ rm -f es_droplet_scattering_rrtm.nc
+ ln -s /home/gmap/mrpm/marguina/gpupack/cy49/es_droplet_scattering_rrtm.nc .
+ for f in '$DATADIR/*'
++ basename /home/gmap/mrpm/marguina/gpupack/cy49/fu_ice_scattering_rrtm.nc
+ rm -f fu_ice_scattering_rrtm.nc
+ ln -s /home/gmap/mrpm/marguina/gpupack/cy49/fu_ice_scattering_rrtm.nc .
+ for f in '$DATADIR/*'
++ basename /home/gmap/mrpm/marguina/gpupack/cy49/greenhouse_gas_climatology_46r1.nc
+ rm -f greenhouse_gas_climatology_46r1.nc
+ ln -s /home/gmap/mrpm/marguina/gpupack/cy49/greenhouse_gas_climatology_46r1.nc .
+ for f in '$DATADIR/*'
++ basename /home/gmap/mrpm/marguina/gpupack/cy49/greenhouse_gas_climatology_48r1.nc
+ rm -f greenhouse_gas_climatology_48r1.nc
+ ln -s /home/gmap/mrpm/marguina/gpupack/cy49/greenhouse_gas_climatology_48r1.nc .
+ for f in '$DATADIR/*'
++ basename /home/gmap/mrpm/marguina/gpupack/cy49/greenhouse_gas_timeseries_CMIP6_SSP370_CFC11equiv_47r1.nc
+ rm -f greenhouse_gas_timeseries_CMIP6_SSP370_CFC11equiv_47r1.nc
+ ln -s /home/gmap/mrpm/marguina/gpupack/cy49/greenhouse_gas_timeseries_CMIP6_SSP370_CFC11equiv_47r1.nc .
+ for f in '$DATADIR/*'
++ basename /home/gmap/mrpm/marguina/gpupack/cy49/MCICA
+ rm -f MCICA
+ ln -s /home/gmap/mrpm/marguina/gpupack/cy49/MCICA .
+ for f in '$DATADIR/*'
++ basename /home/gmap/mrpm/marguina/gpupack/cy49/mcica_gamma.nc
+ rm -f mcica_gamma.nc
+ ln -s /home/gmap/mrpm/marguina/gpupack/cy49/mcica_gamma.nc .
+ for f in '$DATADIR/*'
++ basename /home/gmap/mrpm/marguina/gpupack/cy49/mcica_lognormal.nc
+ rm -f mcica_lognormal.nc
+ ln -s /home/gmap/mrpm/marguina/gpupack/cy49/mcica_lognormal.nc .
+ for f in '$DATADIR/*'
++ basename /home/gmap/mrpm/marguina/gpupack/cy49/RADRRTM
+ rm -f RADRRTM
+ ln -s /home/gmap/mrpm/marguina/gpupack/cy49/RADRRTM .
+ for f in '$DATADIR/*'
++ basename /home/gmap/mrpm/marguina/gpupack/cy49/RADSRTM
+ rm -f RADSRTM
+ ln -s /home/gmap/mrpm/marguina/gpupack/cy49/RADSRTM .
+ for f in '$DATADIR/*'
++ basename /home/gmap/mrpm/marguina/gpupack/cy49/slingo_droplet_scattering_rrtm.nc
+ rm -f slingo_droplet_scattering_rrtm.nc
+ ln -s /home/gmap/mrpm/marguina/gpupack/cy49/slingo_droplet_scattering_rrtm.nc .
+ for f in '$DATADIR/*'
++ basename /home/gmap/mrpm/marguina/gpupack/cy49/socrates_droplet_scattering_rrtm.nc
+ rm -f socrates_droplet_scattering_rrtm.nc
+ ln -s /home/gmap/mrpm/marguina/gpupack/cy49/socrates_droplet_scattering_rrtm.nc .
+ for f in '$DATADIR/*'
++ basename /home/gmap/mrpm/marguina/gpupack/cy49/total_solar_irradiance_CMIP6_47r1.nc
+ rm -f total_solar_irradiance_CMIP6_47r1.nc
+ ln -s /home/gmap/mrpm/marguina/gpupack/cy49/total_solar_irradiance_CMIP6_47r1.nc .
+ cat arp/t0798/ICMSHFCSTINIT.000 arp/t0798/ICMSHFCSTINIT.001 arp/t0798/ICMSHFCSTINIT.002 arp/t0798/ICMSHFCSTINIT.003 arp/t0798/ICMSHFCSTINIT.004 arp/t0798/ICMSHFCSTINIT.005 arp/t0798/ICMSHFCSTINIT.006 arp/t0798/ICMSHFCSTINIT.007 arp/t0798/ICMSHFCSTINIT.008 arp/t0798/ICMSHFCSTINIT.009 arp/t0798/ICMSHFCSTINIT.010 arp/t0798/ICMSHFCSTINIT.011 arp/t0798/ICMSHFCSTINIT.012 arp/t0798/ICMSHFCSTINIT.013 arp/t0798/ICMSHFCSTINIT.014 arp/t0798/ICMSHFCSTINIT.015 arp/t0798/ICMSHFCSTINIT.016 arp/t0798/ICMSHFCSTINIT.017 arp/t0798/ICMSHFCSTINIT.018 arp/t0798/ICMSHFCSTINIT.019
+ cp arp/fort.4 .
+ chmod 644 fort.4
+ NNODE_FC=3
+ NTASK_FC=4
+ NOPMP_FC=32
+ NNODE_IO=0
+ NTASK_IO=8
+ NOPMP_IO=4
+ set +e
+ let 'NPROC_FC=3*4'
+ let 'NPROC_IO=0*8'
+ set -e
+ STOP=6
+ nominal_setup /home/gmap/mrpm/marguina/gpupack/pack/49t2_openacc-bench-notransfer.01.INTEL2302.2d
+ pack=/home/gmap/mrpm/marguina/gpupack/pack/49t2_openacc-bench-notransfer.01.INTEL2302.2d
+ rm -f lparallelmethod.txt lsynchost.txt
+ export INPART=0
+ INPART=0
+ export PERSISTENT=0
+ PERSISTENT=0
+ export PARALLEL=0
+ PARALLEL=0
+ unset LPARALLELMETHOD_VERBOSE
+ export SLCOMMACC=0
+ SLCOMMACC=0
+ export SLEXTPOLACC=0
+ SLEXTPOLACC=0
+ export CLLEGACY_SCAN2M=0
+ CLLEGACY_SCAN2M=0
+ export CNT4_COPY=0
+ CNT4_COPY=0
+ clean_stack
+ unset CLSTACKSIZE
+ unset CLSTACKSIZE4
+ unset CLSTACKSIZE8
+ export LLSIMPLE_DGEMM=1
+ LLSIMPLE_DGEMM=1
+ LECRADACC=.FALSE.
+ ECRADSOLVER=McICA
+ ECRADARCH=CPU
+ xpnam '--delta=
  &NAMRIP
    CSTOP='\''h6'\'',
  /
  ' --inplace fort.4
++ square 12
+ xpnam '--delta=
  &NAMIO_SERV
    NPROC_IO=0,
  /
  &NAMPAR0
    NPROC=12,
    
NPRGPNS=4,
NPRGPEW=3,
NPRTRW=4,
NPRTRV=3,
  /
  &NAMPAR1
    NSTRIN=12,
  /
  ' --inplace fort.4
+ xpnam '--delta=
  &NAMDIM
    NPROMA=-32,
  /
  ' --inplace fort.4
+ xpnam '--delta=
  &NAMCT1
    N1HIS=0,
  /
  ' --inplace fort.4
+ NECRADLEN=1024
+ xpnam '--delta=
  &NAERAD
    CECRADARCH='\''CPU'\'',
    NECRADLEN=1024,
    LECRADACC=.FALSE.,
  /
  &RADIATION
    SW_SOLVER_NAME='\''McICA'\'',
    LW_SOLVER_NAME='\''McICA'\'',
  /
  ' --inplace fort.4
+ ls -lrt
total 573521
lrwxrwxrwx 1 marguina mrpm        74 Jul 17 08:42 total_solar_irradiance_CMIP6_47r1.nc -> /home/gmap/mrpm/marguina/gpupack/cy49/total_solar_irradiance_CMIP6_47r1.nc
lrwxrwxrwx 1 marguina mrpm        73 Jul 17 08:42 socrates_droplet_scattering_rrtm.nc -> /home/gmap/mrpm/marguina/gpupack/cy49/socrates_droplet_scattering_rrtm.nc
lrwxrwxrwx 1 marguina mrpm        71 Jul 17 08:42 slingo_droplet_scattering_rrtm.nc -> /home/gmap/mrpm/marguina/gpupack/cy49/slingo_droplet_scattering_rrtm.nc
lrwxrwxrwx 1 marguina mrpm        45 Jul 17 08:42 RADSRTM -> /home/gmap/mrpm/marguina/gpupack/cy49/RADSRTM
lrwxrwxrwx 1 marguina mrpm        45 Jul 17 08:42 RADRRTM -> /home/gmap/mrpm/marguina/gpupack/cy49/RADRRTM
lrwxrwxrwx 1 marguina mrpm        56 Jul 17 08:42 mcica_lognormal.nc -> /home/gmap/mrpm/marguina/gpupack/cy49/mcica_lognormal.nc
lrwxrwxrwx 1 marguina mrpm        52 Jul 17 08:42 mcica_gamma.nc -> /home/gmap/mrpm/marguina/gpupack/cy49/mcica_gamma.nc
lrwxrwxrwx 1 marguina mrpm        43 Jul 17 08:42 MCICA -> /home/gmap/mrpm/marguina/gpupack/cy49/MCICA
lrwxrwxrwx 1 marguina mrpm        95 Jul 17 08:42 greenhouse_gas_timeseries_CMIP6_SSP370_CFC11equiv_47r1.nc -> /home/gmap/mrpm/marguina/gpupack/cy49/greenhouse_gas_timeseries_CMIP6_SSP370_CFC11equiv_47r1.nc
lrwxrwxrwx 1 marguina mrpm        72 Jul 17 08:42 greenhouse_gas_climatology_48r1.nc -> /home/gmap/mrpm/marguina/gpupack/cy49/greenhouse_gas_climatology_48r1.nc
lrwxrwxrwx 1 marguina mrpm        72 Jul 17 08:42 greenhouse_gas_climatology_46r1.nc -> /home/gmap/mrpm/marguina/gpupack/cy49/greenhouse_gas_climatology_46r1.nc
lrwxrwxrwx 1 marguina mrpm        63 Jul 17 08:42 fu_ice_scattering_rrtm.nc -> /home/gmap/mrpm/marguina/gpupack/cy49/fu_ice_scattering_rrtm.nc
lrwxrwxrwx 1 marguina mrpm        67 Jul 17 08:42 es_droplet_scattering_rrtm.nc -> /home/gmap/mrpm/marguina/gpupack/cy49/es_droplet_scattering_rrtm.nc
lrwxrwxrwx 1 marguina mrpm        43 Jul 17 08:42 ECOZC -> /home/gmap/mrpm/marguina/gpupack/cy49/ECOZC
lrwxrwxrwx 1 marguina mrpm        69 Jul 17 08:42 ecoclimapII_eu_covers_param.bin -> /home/gmap/mrpm/marguina/gpupack/cy49/ecoclimapII_eu_covers_param.bin
lrwxrwxrwx 1 marguina mrpm        69 Jul 17 08:42 ecoclimapII_af_covers_param.bin -> /home/gmap/mrpm/marguina/gpupack/cy49/ecoclimapII_af_covers_param.bin
lrwxrwxrwx 1 marguina mrpm        65 Jul 17 08:42 ecoclimapI_covers_param.bin -> /home/gmap/mrpm/marguina/gpupack/cy49/ecoclimapI_covers_param.bin
lrwxrwxrwx 1 marguina mrpm        66 Jul 17 08:42 baran_ice_scattering_rrtm.nc -> /home/gmap/mrpm/marguina/gpupack/cy49/baran_ice_scattering_rrtm.nc
lrwxrwxrwx 1 marguina mrpm        41 Jul 17 08:42 arp -> /home/gmap/mrpm/marguina/gpupack/cy49/arp
lrwxrwxrwx 1 marguina mrpm        63 Jul 17 08:42 aerosol_ifs_rrtm_tegen.nc -> /home/gmap/mrpm/marguina/gpupack/cy49/aerosol_ifs_rrtm_tegen.nc
lrwxrwxrwx 1 marguina mrpm        57 Jul 17 08:42 aerosol_ifs_rrtm.nc -> /home/gmap/mrpm/marguina/gpupack/cy49/aerosol_ifs_rrtm.nc
lrwxrwxrwx 1 marguina mrpm        60 Jul 17 08:42 aerosol_ifs_rrtm_AB.nc -> /home/gmap/mrpm/marguina/gpupack/cy49/aerosol_ifs_rrtm_AB.nc
lrwxrwxrwx 1 marguina mrpm        73 Jul 17 08:42 aerosol_ifs_rrtm_46R1_with_NI_AM.nc -> /home/gmap/mrpm/marguina/gpupack/cy49/aerosol_ifs_rrtm_46R1_with_NI_AM.nc
lrwxrwxrwx 1 marguina mrpm        71 Jul 17 08:42 aerosol_cams_climatology_43R3a.nc -> /home/gmap/mrpm/marguina/gpupack/cy49/aerosol_cams_climatology_43R3a.nc
-rw-r--r-- 1 marguina mrpm 603955200 Jul 17 08:42 ICMSHFCSTINIT
-rw-r--r-- 1 marguina mrpm     27223 Jul 17 08:42 fort.4
+ cat fort.4
 &NACIETEO
 /
 &NACOBS
 /
 &NACTAN
 /
 &NACTEX
 /
 &NACVEG
 /
 &NADOCK
 /
 &NAEAEM7
 /
 &NAEAER
 /
 &NAECOAPHY
 /
 &NAEPHLI
 /
 &NAEPHY
 /
 &NAERAD
   LRRTM=.TRUE.,
   LSRTM=.TRUE.,
   NMCICA=1,
   NRADFR=-1,
   NSW=6,
   RLWINHF=0.9,
   LUSEPRE2017RAD=.FALSE.,
   NHINCSOL=0,
   NOVLP=1,
   NRADIP=2,
   NRADLP=2,
   STBKG=0.045,
   TRBKG=0.03,
   CECRADARCH='CPU',
   NECRADLEN=1024,
   LECRADACC=.FALSE.,
 /
 &NAERCLI
 /
 &NAETLDIAG
 /
 &NAEVOL
 /
 &NAIMPO
 /
 &NALORI
 /
 &NAMACV
 /
 &NAMAERDET
 /
 &NAMAFN
   GFP_ST%CLNAME='SURFTEMPERATURE',
   GFP_ST%IANO=0,
   GFP_ST%IBITS=12,
   GFP_DST%IBITS=12,
   GFP_SD%IBITS=16,
   GFP_X10U%IBITS=12,
   GFP_X10U%IANO=0,
   GFP_X10V%IBITS=12,
   GFP_X10V%IANO=0,
   GFP_X2RH%IBITS=12,
   GFP_X2RH%IANO=0,
   GFP_X2T%IBITS=12,
   GFP_X2T%IANO=1,
   GFP_XUGST%IBITS=12,
   GFP_XUGST%IANO=0,
   GFP_XVGST%IBITS=12,
   GFP_XVGST%IANO=0,
   GFP_XCCC%IBITS=8,
   GFP_XCLPH%LLMON=.TRUE.,
   GFP_XHCC%IBITS=8,
   GFP_XLCC%IBITS=8,
   GFP_XMCC%IBITS=8,
   GFP_XTCC%IBITS=8,
   TFP_HU%IBITS=12,
   TFP_MSL%IBITS=12,
   TFP_T%IBITS=12,
   TFP_TH%IBITS=12,
   TFP_THPW%IBITS=12,
   TFP_TWV%IBITS=12,
   TFP_U%IBITS=12,
   TFP_V%IBITS=12,
   TFP_CAPE%CLNAME='SURFCAPE.POS.F00',
   TFP_CAPE%IBITS=16,
   TFP_I%LLGP=.TRUE.,
   TFP_L%LLGP=.TRUE.,
   TFP_HTB%IBITS=16,
   TFP_HTB%LLGP=.TRUE.,
   TFP_TKE%IBITS=16,
   TFP_EDR%IBITS=16,
   GFP_DST%IANO=0,
   GFP_SD%IANO=0,
   GFP_SSW%IANO=0,
   GFP_DSW%IANO=0,
   GFP_FSSW%IANO=0,
   GFP_FDSW%IANO=0,
   GFP_XUGST2%IBITS=12,
   GFP_XUGST2%IANO=0,
   GFP_XVGST2%IBITS=12,
   GFP_XVGST2%IANO=0,
   GFP_SFIS%IBITS=16,
   GFP_XPTYPE%IBITS=16,
   GFP_XPTYPESEV%IBITS=16,
   GFP_XPTYPE2%IBITS=16,
   GFP_XPTYPESEV2%IBITS=16,
 /
 &NAMARG
   CNMEXP='FCST',
   LECMWF=.FALSE.,
   NCONF=1,
   NSUPERSEDE=1,
 /
 &NAMARPHY
   CCOUPLING='I',
   LMSE=.FALSE.,
 /
 &NAMCA
 /
 &NAMCAPE
   GCAPEPSD=0.5,
   LADAE=.TRUE.,
   LMCAPEA=.TRUE.,
 /
 &NAMCFU
   LCUMFU=.TRUE.,
   LFDUTP=.TRUE.,
   LFPLC=.TRUE.,
   LFPLS=.TRUE.,
   LFR=.TRUE.,
   LFRRC=.TRUE.,
   LFSF=.TRUE.,
   LFSOIL=.TRUE.,
   LMOON=.TRUE.,
   LNEBPAR=.TRUE.,
   LRAYD=.TRUE.,
   LSTRD=.TRUE.,
   LSTRT=.TRUE.,
 /
 &NAMCHEM
 /
 &NAMCHET
 /
 &NAMCHK
 /
 &NAMCLA
 /
 &NAMCLDP
 /
 &NAMCLI
 /
 &NAMCLOP15
 /
 &NAMCLTC
 /
 &NAMCMEM_MW
 /
 &NAMCOK
 /
 &NAMCOM
 /
 &NAMCOMPO
 /
 &NAMCOSJO
 /
 &NAMCOUPLO4
 /
 &NAMCT0
   CFPNCF='ECHFP',
   LFBDAP=.TRUE.,
   LFDBOP=.FALSE.,
   LOLDPP=.FALSE.,
   NDHFDTS(0)=-78,
   NDHFDTS(1)=-1,
   NDHFDTS(2)=-2,
   NDHFDTS(3)=-3,
   NDHFDTS(4)=-4,
   NDHFDTS(5)=-5,
   NDHFDTS(6)=-6,
   NDHFDTS(7)=-7,
   NDHFDTS(8)=-8,
   NDHFDTS(9)=-9,
   NDHFDTS(10)=-10,
   NDHFDTS(11)=-11,
   NDHFDTS(12)=-12,
   NDHFDTS(13)=-13,
   NDHFDTS(14)=-14,
   NDHFDTS(15)=-15,
   NDHFDTS(16)=-16,
   NDHFDTS(17)=-17,
   NDHFDTS(18)=-18,
   NDHFDTS(19)=-19,
   NDHFDTS(20)=-20,
   NDHFDTS(21)=-21,
   NDHFDTS(22)=-22,
   NDHFDTS(23)=-23,
   NDHFDTS(24)=-24,
   NDHFDTS(25)=-25,
   NDHFDTS(26)=-26,
   NDHFDTS(27)=-27,
   NDHFDTS(28)=-28,
   NDHFDTS(29)=-29,
   NDHFDTS(30)=-30,
   NDHFDTS(31)=-31,
   NDHFDTS(32)=-32,
   NDHFDTS(33)=-33,
   NDHFDTS(34)=-34,
   NDHFDTS(35)=-35,
   NDHFDTS(36)=-36,
   NDHFDTS(37)=-37,
   NDHFDTS(38)=-38,
   NDHFDTS(39)=-39,
   NDHFDTS(40)=-40,
   NDHFDTS(41)=-41,
   NDHFDTS(42)=-42,
   NDHFDTS(43)=-43,
   NDHFDTS(44)=-44,
   NDHFDTS(45)=-45,
   NDHFDTS(46)=-46,
   NDHFDTS(47)=-47,
   NDHFDTS(48)=-48,
   NDHFDTS(49)=-49,
   NDHFDTS(50)=-50,
   NDHFDTS(51)=-51,
   NDHFDTS(52)=-52,
   NDHFDTS(53)=-53,
   NDHFDTS(54)=-54,
   NDHFDTS(55)=-55,
   NDHFDTS(56)=-56,
   NDHFDTS(57)=-57,
   NDHFDTS(58)=-58,
   NDHFDTS(59)=-59,
   NDHFDTS(60)=-60,
   NDHFDTS(61)=-61,
   NDHFDTS(62)=-62,
   NDHFDTS(63)=-63,
   NDHFDTS(64)=-64,
   NDHFDTS(65)=-65,
   NDHFDTS(66)=-66,
   NDHFDTS(67)=-67,
   NDHFDTS(68)=-68,
   NDHFDTS(69)=-69,
   NDHFDTS(70)=-70,
   NDHFDTS(71)=-71,
   NDHFDTS(72)=-72,
   NDHFDTS(73)=-73,
   NDHFDTS(74)=-74,
   NDHFDTS(75)=-75,
   NDHFDTS(76)=-76,
   NDHFDTS(77)=-77,
   NDHFDTS(78)=-78,
   NDHFZTS(0)=-35,
   NDHFZTS(1)=0,
   NDHFZTS(2)=-3,
   NDHFZTS(3)=-6,
   NDHFZTS(4)=-9,
   NDHFZTS(5)=-12,
   NDHFZTS(6)=-15,
   NDHFZTS(7)=-18,
   NDHFZTS(8)=-21,
   NDHFZTS(9)=-24,
   NFPOS=0,
   NFRDHFD=1,
   NFRDHFZ=1,
   NFRGDI=1,
   NFRHIS=1,
   NFRPOS=1,
   NFRSDI=1,
   NGDITS(0)=-1,
   NGDITS(1)=0,
   NHISTS(0)=-9,
   NHISTS(1)=0,
   NHISTS(2)=-6,
   NHISTS(3)=-12,
   NHISTS(4)=-18,
   NHISTS(5)=-24,
   NHISTS(6)=-30,
   NHISTS(7)=-36,
   NHISTS(8)=-42,
   NHISTS(9)=-48,
   NHISTS(10)=-9,
   NHISTS(11)=-10,
   NHISTS(12)=-11,
   NHISTS(13)=-12,
   NHISTS(14)=-13,
   NHISTS(15)=-14,
   NHISTS(16)=-15,
   NHISTS(17)=-16,
   NHISTS(18)=-17,
   NHISTS(19)=-18,
   NHISTS(20)=-19,
   NHISTS(21)=-20,
   NHISTS(22)=-21,
   NHISTS(23)=-22,
   NHISTS(24)=-23,
   NHISTS(25)=-24,
   NHISTS(26)=-25,
   NHISTS(27)=-26,
   NHISTS(28)=-27,
   NHISTS(29)=-28,
   NHISTS(30)=-29,
   NHISTS(31)=-30,
   NHISTS(32)=-31,
   NHISTS(33)=-32,
   NHISTS(34)=-33,
   NHISTS(35)=-34,
   NHISTS(36)=-35,
   NHISTS(37)=-36,
   NHISTS(38)=-37,
   NHISTS(39)=-38,
   NHISTS(40)=-39,
   NHISTS(41)=-40,
   NHISTS(42)=-41,
   NHISTS(43)=-42,
   NHISTS(44)=-43,
   NHISTS(45)=-44,
   NHISTS(46)=-45,
   NHISTS(47)=-46,
   NHISTS(48)=-47,
   NHISTS(49)=-48,
   NHISTS(50)=-49,
   NHISTS(51)=-50,
   NHISTS(52)=-51,
   NHISTS(53)=-52,
   NHISTS(54)=-53,
   NHISTS(55)=-54,
   NHISTS(56)=-55,
   NHISTS(57)=-56,
   NHISTS(58)=-57,
   NHISTS(59)=-58,
   NHISTS(60)=-59,
   NHISTS(61)=-60,
   NHISTS(62)=-61,
   NHISTS(63)=-62,
   NHISTS(64)=-63,
   NHISTS(65)=-64,
   NHISTS(66)=-65,
   NHISTS(67)=-66,
   NHISTS(68)=-67,
   NHISTS(69)=-68,
   NHISTS(70)=-69,
   NHISTS(71)=-70,
   NHISTS(72)=-71,
   NHISTS(73)=-72,
   NHISTS(74)=-73,
   NHISTS(75)=-74,
   NHISTS(76)=-75,
   NHISTS(77)=-76,
   NHISTS(78)=-77,
   NHISTS(79)=-78,
   NHISTS(80)=-79,
   NHISTS(81)=-80,
   NHISTS(82)=-81,
   NHISTS(83)=-82,
   NHISTS(84)=-83,
   NHISTS(85)=-84,
   NHISTS(86)=-85,
   NHISTS(87)=-86,
   NHISTS(88)=-87,
   NHISTS(89)=-88,
   NHISTS(90)=-89,
   NHISTS(91)=-90,
   NHISTS(92)=-91,
   NHISTS(93)=-92,
   NHISTS(94)=-93,
   NHISTS(95)=-94,
   NHISTS(96)=-95,
   NHISTS(97)=-96,
   NHISTS(98)=-97,
   NHISTS(99)=-98,
   NHISTS(100)=-99,
   NHISTS(101)=-100,
   NHISTS(102)=-101,
   NHISTS(103)=-102,
   NHISTS(104)=-108,
   NHISTS(105)=-114,
   NPOSTS(0)=-9,
   NPOSTS(1)=0,
   NPOSTS(2)=-6,
   NPOSTS(3)=-12,
   NPOSTS(4)=-18,
   NPOSTS(5)=-24,
   NPOSTS(6)=-30,
   NPOSTS(7)=-36,
   NPOSTS(8)=-42,
   NPOSTS(9)=-48,
   NPOSTS(10)=-9,
   NPOSTS(11)=-10,
   NPOSTS(12)=-11,
   NPOSTS(13)=-12,
   NPOSTS(14)=-13,
   NPOSTS(15)=-14,
   NPOSTS(16)=-15,
   NPOSTS(17)=-16,
   NPOSTS(18)=-17,
   NPOSTS(19)=-18,
   NPOSTS(20)=-19,
   NPOSTS(21)=-20,
   NPOSTS(22)=-21,
   NPOSTS(23)=-22,
   NPOSTS(24)=-23,
   NPOSTS(25)=-24,
   NPOSTS(26)=-25,
   NPOSTS(27)=-26,
   NPOSTS(28)=-27,
   NPOSTS(29)=-28,
   NPOSTS(30)=-29,
   NPOSTS(31)=-30,
   NPOSTS(32)=-31,
   NPOSTS(33)=-32,
   NPOSTS(34)=-33,
   NPOSTS(35)=-34,
   NPOSTS(36)=-35,
   NPOSTS(37)=-36,
   NPOSTS(38)=-37,
   NPOSTS(39)=-38,
   NPOSTS(40)=-39,
   NPOSTS(41)=-40,
   NPOSTS(42)=-41,
   NPOSTS(43)=-42,
   NPOSTS(44)=-43,
   NPOSTS(45)=-44,
   NPOSTS(46)=-45,
   NPOSTS(47)=-46,
   NPOSTS(48)=-47,
   NPOSTS(49)=-48,
   NPOSTS(50)=-49,
   NPOSTS(51)=-50,
   NPOSTS(52)=-51,
   NPOSTS(53)=-52,
   NPOSTS(54)=-53,
   NPOSTS(55)=-54,
   NPOSTS(56)=-55,
   NPOSTS(57)=-56,
   NPOSTS(58)=-57,
   NPOSTS(59)=-58,
   NPOSTS(60)=-59,
   NPOSTS(61)=-60,
   NPOSTS(62)=-61,
   NPOSTS(63)=-62,
   NPOSTS(64)=-63,
   NPOSTS(65)=-64,
   NPOSTS(66)=-65,
   NPOSTS(67)=-66,
   NPOSTS(68)=-67,
   NPOSTS(69)=-68,
   NPOSTS(70)=-69,
   NPOSTS(71)=-70,
   NPOSTS(72)=-71,
   NPOSTS(73)=-72,
   NPOSTS(74)=-73,
   NPOSTS(75)=-74,
   NPOSTS(76)=-75,
   NPOSTS(77)=-76,
   NPOSTS(78)=-77,
   NPOSTS(79)=-78,
   NPOSTS(80)=-79,
   NPOSTS(81)=-80,
   NPOSTS(82)=-81,
   NPOSTS(83)=-82,
   NPOSTS(84)=-83,
   NPOSTS(85)=-84,
   NPOSTS(86)=-85,
   NPOSTS(87)=-86,
   NPOSTS(88)=-87,
   NPOSTS(89)=-88,
   NPOSTS(90)=-89,
   NPOSTS(91)=-90,
   NPOSTS(92)=-91,
   NPOSTS(93)=-92,
   NPOSTS(94)=-93,
   NPOSTS(95)=-94,
   NPOSTS(96)=-95,
   NPOSTS(97)=-96,
   NPOSTS(98)=-97,
   NPOSTS(99)=-98,
   NPOSTS(100)=-99,
   NPOSTS(101)=-100,
   NPOSTS(102)=-101,
   NPOSTS(103)=-102,
   NPOSTS(104)=-103,
   NPOSTS(105)=-104,
   NPOSTS(106)=-105,
   NPOSTS(107)=-106,
   NPOSTS(108)=-107,
   NPOSTS(109)=-108,
   NPOSTS(110)=-109,
   NPOSTS(111)=-110,
   NPOSTS(112)=-111,
   NPOSTS(113)=-112,
   NPOSTS(114)=-113,
   NPOSTS(115)=-114,
   NSFXHISTS(0)=-3,
   NSFXHISTS(1)=0,
   NSFXHISTS(2)=-3,
   NSFXHISTS(3)=-6,
   NSFXHISTS(4)=-9,
   NSFXHISTS(5)=-12,
   NSFXHISTS(6)=-15,
   NSFXHISTS(7)=-18,
   NSFXHISTS(8)=-21,
   NSFXHISTS(9)=-24,
   NSFXHISTS(10)=-48,
   NSFXHISTS(11)=-72,
   NSFXHISTS(12)=-96,
   NSPPR=1,
   NSDITS(0)=50,
   NSDITS(1)= 0,
   NSDITS(2)= 1,
   NSDITS(3)= 2,
   NSDITS(4)= 3,
   NSDITS(5)= 4,
   NSDITS(6)= 5,
   NSDITS(7)= 6,
   NSDITS(8)= 7,
   NSDITS(9)= 8,
   NSDITS(10)= 9,
   NSDITS(11)=10,
   NSDITS(12)=11,
   NSDITS(13)=12,
   NSDITS(14)=13,
   NSDITS(15)=14,
   NSDITS(16)=15,
   NSDITS(17)=16,
   NSDITS(18)=17,
   NSDITS(19)=18,
   NSDITS(20)=19,
   NSDITS(21)=20,
   NSDITS(22)=21,
   NSDITS(23)=22,
   NSDITS(24)=23,
   NSDITS(25)=24,
   NSDITS(26)=25,
   NSDITS(27)=26,
   NSDITS(28)=27,
   NSDITS(29)=28,
   NSDITS(30)=29,
   NSDITS(31)=30,
   NSDITS(32)=31,
   NSDITS(33)=32,
   NSDITS(34)=33,
   NSDITS(35)=34,
   NSDITS(36)=35,
   NSDITS(37)=36,
   NSDITS(38)=37,
   NSDITS(39)=38,
   NSDITS(40)=39,
   NSDITS(41)=40,
   NSDITS(42)=41,
   NSDITS(43)=42,
   NSDITS(44)=43,
   NSDITS(45)=44,
   NSDITS(46)=45,
   NSDITS(47)=46,
   NSDITS(48)=47,
   NSDITS(49)=48,
   NSDITS(50)=49,
   NDHFZTS(10)=-27,
   NDHFZTS(11)=-30,
   NDHFZTS(12)=-33,
   NDHFZTS(13)=-36,
   NDHFZTS(14)=-39,
   NDHFZTS(15)=-42,
   NDHFZTS(16)=-45,
   NDHFZTS(17)=-48,
   NDHFZTS(18)=-51,
   NDHFZTS(19)=-54,
   NDHFZTS(20)=-57,
   NDHFZTS(21)=-60,
   NDHFZTS(22)=-63,
   NDHFZTS(23)=-66,
   NDHFZTS(24)=-69,
   NDHFZTS(25)=-72,
   NDHFZTS(26)=-75,
   NDHFZTS(27)=-78,
   NDHFZTS(28)=-81,
   NDHFZTS(29)=-84,
   NDHFZTS(30)=-87,
   NDHFZTS(31)=-90,
   NDHFZTS(32)=-93,
   NDHFZTS(33)=-96,
   NDHFZTS(34)=-99,
   NDHFZTS(35)=-102,
   LGRIB_API=.FALSE.,
 /
 &NAMCT1
   LRFILAF=.FALSE.,
   N1POS=1,
   N1RES=0,
   N1SFXHIS=1,
   N1SDI=1,
   N1HIS=0,
 /
 &NAMCUMF
   RMFDEPS=0.15,
   RPRCON=0.004,
 /
 &NAMCUMFS
 /
 &NAMCVER
   LVERTFE=.TRUE.,
   NVFE_TYPE=3,
   NDLNPR=0,
   LAPRXPK=.TRUE.,
   LREGETA=.FALSE.,
 /
 &NAMCVMNH
   LSMOOTH=.FALSE.,
   OTADJS=10800.,
   XATPERT=500.,
   XAW=1.,
   XBTPERT=0.5,
   XBW=0.5,
   XCDEPTH=1.,
   XCDEPTH_D=4000.,
   XDTPERT=0.3,
   XENTR=0.01,
 /
 &NAMDDH
   BDEDDH(1,1)=4.,
   BDEDDH(1,2)=4.,
   BDEDDH(1,3)=4.,
   BDEDDH(1,4)=4.,
   BDEDDH(1,5)=4.,
   BDEDDH(1,6)=4.,
   BDEDDH(1,7)=4.,
   BDEDDH(1,8)=4.,
   BDEDDH(1,9)=4.,
   BDEDDH(1,10)=4.,
   BDEDDH(1,11)=4.,
   BDEDDH(1,12)=4.,
   BDEDDH(1,13)=4.,
   BDEDDH(1,14)=4.,
   BDEDDH(1,15)=4.,
   BDEDDH(1,16)=4.,
   BDEDDH(1,17)=4.,
   BDEDDH(1,18)=4.,
   BDEDDH(1,19)=4.,
   BDEDDH(1,20)=4.,
   BDEDDH(1,21)=4.,
   BDEDDH(1,22)=4.,
   BDEDDH(1,23)=4.,
   BDEDDH(1,24)=4.,
   BDEDDH(1,25)=4.,
   BDEDDH(2,1)=1.,
   BDEDDH(2,2)=1.,
   BDEDDH(2,3)=1.,
   BDEDDH(2,4)=1.,
   BDEDDH(2,5)=1.,
   BDEDDH(2,6)=1.,
   BDEDDH(2,7)=1.,
   BDEDDH(2,8)=1.,
   BDEDDH(2,9)=1.,
   BDEDDH(2,10)=1.,
   BDEDDH(2,11)=1.,
   BDEDDH(2,12)=1.,
   BDEDDH(2,13)=1.,
   BDEDDH(2,14)=1.,
   BDEDDH(2,15)=1.,
   BDEDDH(2,16)=1.,
   BDEDDH(2,17)=1.,
   BDEDDH(2,18)=1.,
   BDEDDH(2,19)=1.,
   BDEDDH(2,20)=1.,
   BDEDDH(2,21)=1.,
   BDEDDH(2,22)=1.,
   BDEDDH(2,23)=1.,
   BDEDDH(2,24)=1.,
   BDEDDH(2,25)=1.,
   BDEDDH(3,1)=-85.94,
   BDEDDH(3,2)=-156.616,
   BDEDDH(3,3)=26.65,
   BDEDDH(3,4)=14.124,
   BDEDDH(3,5)=4.927,
   BDEDDH(3,6)=-1.437,
   BDEDDH(3,7)=2.208,
   BDEDDH(3,8)=-0.692,
   BDEDDH(3,9)=4.407,
   BDEDDH(3,10)=1.374,
   BDEDDH(3,11)=0.37,
   BDEDDH(3,12)=15.75,
   BDEDDH(3,13)=-97.5,
   BDEDDH(3,14)=2.176,
   BDEDDH(3,15)=166.916,
   BDEDDH(3,16)=147.425,
   BDEDDH(3,17)=130.891,
   BDEDDH(3,18)=-5.783,
   BDEDDH(3,19)=24.65,
   BDEDDH(3,20)=27.5,
   BDEDDH(3,21)=25.566,
   BDEDDH(3,22)=123.34,
   BDEDDH(3,23)=127.21,
   BDEDDH(3,24)=140.01,
   BDEDDH(3,25)=-26.65,
   BDEDDH(4,1)=79.99,
   BDEDDH(4,2)=71.322,
   BDEDDH(4,3)=67.37,
   BDEDDH(4,4)=52.167,
   BDEDDH(4,5)=51.971,
   BDEDDH(4,6)=51.145,
   BDEDDH(4,7)=48.713,
   BDEDDH(4,8)=44.832,
   BDEDDH(4,9)=43.858,
   BDEDDH(4,10)=43.575,
   BDEDDH(4,11)=43.128,
   BDEDDH(4,12)=40.59,
   BDEDDH(4,13)=36.617,
   BDEDDH(4,14)=13.477,
   BDEDDH(4,15)=-0.521,
   BDEDDH(4,16)=-2.006,
   BDEDDH(4,17)=-12.425,
   BDEDDH(4,18)=41.816,
   BDEDDH(4,19)=60.183,
   BDEDDH(4,20)=62.666,
   BDEDDH(4,21)=66.55,
   BDEDDH(4,22)=-75.08,
   BDEDDH(4,23)=34.76,
   BDEDDH(4,24)=-66.66,
   BDEDDH(4,25)=-75.58,
   LHDDOP=.FALSE.,
   LHDEFD=.FALSE.,
   LHDEFZ=.FALSE.,
   LHDHKS=.FALSE.,
   LHDZON=.FALSE.,
   NDHKD=30,
   LHDGLB=.FALSE.,
   LHDMCI=.FALSE.,
   LHDENT=.FALSE.,
   LHDEFG=.FALSE.,
   LHDPRG=.FALSE.,
   LHDPRZ=.FALSE.,
   LHDPRD=.FALSE.,
   LHDFIL=.FALSE.,
 /
 &NAMDFI
 /
 &NAMDIM
   NPROMA=-32,
 /
 &NAMDIMO
 /
 &NAMDIM_TRAJ
 /
 &NAMDPHY
 /
 &NAMDPRECIPS
 /
 &NAMDVISI
   HVISI=10.,
 /
 &NAMDWET
 /
 &NAMDYN
   LADVF=.TRUE.,
   NTLAG=3,
   NVLAG=3,
   NWLAG=3,
   RCMSLP0=1.,
   REPS1=0.,
   REPS2=0.,
   REPSM1=0.,
   REPSM2=0.,
   REPSP1=0.,
   RW2TLFF=1.,
   SIPR=100000.,
   SITR=350.,
   VESL=0.,
   XIDT=0.,
   RDAMPDIV=4.,
   RDAMPQ=0.,
   RDAMPT=0.,
   RDAMPVOR=50.,
   SLEVDH1=0.15,
   SLEVDH2=0.08,
   NITMP=4,
   RATIO_HDI_TOP=20.,
   CLAITRI_TYPE='VECTOR',
   CLAITRI_WENO_TYPE='VECTOR',
 /
 &NAMDYNA
   LSETTLS=.TRUE.,
   LSETTLST=.TRUE.,
   LSETTLSV=.TRUE.,
   LSLAG=.TRUE.,
   LTWOTL=.TRUE.,
   LSPRT=.TRUE.,
 /
 &NAMDYNA_STATIC
 /
 &NAMDYNCORE
 /
 &NAMEMIS_CONF
 /
 &NAMENKF
 /
 &NAMFA
   NBITCS=-1,
   NBITPG=-1,
   NSTRON=-1,
   LSUPPDATE=.FALSE.,
   YFAIRAD%NBITS=12,
   YFALRAD%NBITS=12,
   YFATKE%NBITS=16,
   YFACLF%NBITS=6,
   YFA_XUGST%CLNAME='CLSU.RAF60M.XFU',
   YFA_XVGST%CLNAME='CLSV.RAF60M.XFU',
   YFA_MXCLWC%CLNAME='CLD_WX_60M',
   YFA_XPTYPE%CLNAME='CLSPTYPE_60M',
   YFA_XPTYPESEV%CLNAME='CLSPTYPESEV_60M',
   YFA_VISICLD%CLNAME='CLSVISIN_60',
   YFA_VISIHYD%CLNAME='CLSVISIHYDN60',
   YFA_XUGST2%CLNAME='CLSU.RAF180M.XFU',
   YFA_XVGST2%CLNAME='CLSV.RAF180M.XFU',
   YFA_MXCLWC2%CLNAME='CLD_WX_180M',
   YFA_XPTYPE2%CLNAME='CLSPTYPE_180M',
   YFA_XPTYPESEV2%CLNAME='CLSPTYPESEV_180M',
   YFA_VISICLD2%CLNAME='CLSVISIN_180',
   YFA_VISIHYD2%CLNAME='CLSVISIHYDN180',
   CMODEL='arpege-4dvarfr-production-oper-fc',
   LEXTERN=.TRUE.,
   NVGRIB=123,
 /
 &NAMFAINIT
   JPXTRO=2000,
 /
 &NAMFPC
   CFPFMT='LALON',
   NFITI=1,
   NFITV=1,
   LFPMOIS=.TRUE.,
   NFPCLI=1,
   NFPGRIB=141,
   RFPVCAP=7000.,
   NFPCAPE=5,
   RENTRA=0.0001,
   LFPPACKING=.FALSE.,
   NITERPV=8,
   LCRITSNOWTEMP=.FALSE.,
   LFPCAPEX=.TRUE.,
   NFPINPHY=4,
   CFPDOM(1)='EURAT01',
   CFPDOM(2)='ATOURX01',
   CFPDOM(3)='GLOB025',
   CFPDOM(4)='GLOB01',
   CFPDOM(5)='EURAT1S20',
   CFP2DF(1)='SURFPRESSION',
   CFP2DF(2)='MSLPRESSURE',
   CFP2DF(3)='SURFTOT.WAT.VAPO',
   CFP2DF(4)='SURFISOTPW0.MALT',
   CFP2DF(5)='SURFCAPE.POS.F00',
   CFP3DF(1)='GEOPOTENTIEL',
   CFP3DF(2)='TEMPERATURE',
   CFP3DF(3)='VENT_ZONAL',
   CFP3DF(4)='VENT_MERIDIEN',
   CFP3DF(5)='HUMI_RELATIVE',
   CFP3DF(6)='THETA_PRIM_W',
   CFP3DF(7)='PRESSURE',
   CFP3DF(8)='ABS_VORTICITY',
   CFP3DF(9)='VITESSE_VERTICALE',
   CFP3DF(10)='DIVERGENCE',
   CFP3DF(11)='POT_VORTICIT',
   CFP3DF(12)='TEMPE_POTENT',
   CFP3DF(13)='RAD_LIQUID_WATER',
   CFP3DF(14)='RAD_SOLID_WATER',
   CFP3DF(15)='CLOUD_FRACTI',
   CFP3DF(16)='TKE',
   CFP3DF(17)='ISOT_ALTIT',
   CFP3DF(18)='EDR',
   CFPPHY(1)='SURFTEMPERATURE',
   CFPPHY(2)='PROFTEMPERATURE',
   CFPPHY(3)='SURFRESERV.EAU',
   CFPPHY(4)='PROFRESERV.EAU',
   CFPPHY(5)='SURFRESERV.GLACE',
   CFPPHY(6)='PROFRESERV.GLACE',
   CFPPHY(7)='SURFRESERV.NEIGE',
   CFPPHY(8)='INTSURFGEOPOTENT',
   CFPXFU(1)='SURFNEBUL.TOTALE',
   CFPXFU(2)='SURFNEBUL.CONVEC',
   CFPXFU(3)='SURFNEBUL.HAUTE',
   CFPXFU(4)='SURFNEBUL.MOYENN',
   CFPXFU(5)='SURFNEBUL.BASSE',
   CFPXFU(6)='SURFCAPE.MOD.XFU',
   CFPXFU(7)='CLPMOCON.MOD.XFU',
   CFPXFU(8)='CLPMHAUT.MOD.XFU',
   CFPXFU(9)='CLSU.RAF60M.XFU',
   CFPXFU(10)='CLSV.RAF60M.XFU',
   CFPXFU(11)='CLSTEMPERATURE',
   CFPXFU(12)='CLSHUMI.RELATIVE',
   CFPXFU(13)='CLSVENT.ZONAL',
   CFPXFU(14)='CLSVENT.MERIDIEN',
   CFPXFU(15)='CLSMAXI.TEMPERAT',
   CFPXFU(16)='CLSMINI.TEMPERAT',
   CFPXFU(17)='CLSU.RAF180M.XFU',
   CFPXFU(18)='CLSV.RAF180M.XFU',
   CFPXFU(19)='CLPTOPCONV.MOD.XFU',
   CFPXFU(20)='CLSVISIN_60',
   CFPXFU(21)='CLSVISIHYDN60',
   CFPXFU(22)='CLD_WX_60M',
   CFPXFU(23)='CLSVISIN_180',
   CFPXFU(24)='CLSVISIHYDN180',
   CFPXFU(25)='CLD_WX_180M',
   CFPCFU(1)='SURFTENS.TOTA.ZO',
   CFPCFU(2)='SURFTENS.TOTA.ME',
   CFPCFU(3)='SURFPREC.EAU.CON',
   CFPCFU(4)='SURFPREC.NEI.CON',
   CFPCFU(5)='SURFPREC.EAU.GEC',
   CFPCFU(6)='SURFPREC.NEI.GEC',
   CFPCFU(7)='SOMMFLU.RAY.SOLA',
   CFPCFU(8)='SURFFLU.RAY.SOLA',
   CFPCFU(9)='SOMMFLU.RAY.THER',
   CFPCFU(10)='SURFFLU.RAY.THER',
   CFPCFU(11)='SURFFLU.LAT.MTOT',
   CFPCFU(12)='SURFFLU.MTOTA.NE',
   CFPCFU(13)='SURFFLU.CHA.SENS',
   CFPCFU(14)='SURFRAYT.LUNE.DE',
   CFPCFU(15)='SURFRAYT SOL CL',
   CFPCFU(16)='SURFRAYT THER CL',
   CFPCFU(17)='SURFRAYT SOLA DE',
   CFPCFU(18)='SURFRAYT THER DE',
   CFPCFU(19)='SURFRAYT DIR SUR',
   RFP3H(1)=10.,
   RFP3H(2)=20.,
   RFP3H(3)=35.,
   RFP3H(4)=50.,
   RFP3H(5)=75.,
   RFP3H(6)=100.,
   RFP3H(7)=150.,
   RFP3H(8)=200.,
   RFP3H(9)=250.,
   RFP3H(10)=375.,
   RFP3H(11)=500.,
   RFP3H(12)=625.,
   RFP3H(13)=750.,
   RFP3H(14)=875.,
   RFP3H(15)=1000.,
   RFP3H(16)=1125.,
   RFP3H(17)=1250.,
   RFP3H(18)=1375.,
   RFP3H(19)=1500.,
   RFP3H(20)=1750.,
   RFP3H(21)=2000.,
   RFP3H(22)=2250.,
   RFP3H(23)=2500.,
   RFP3H(24)=2750.,
   RFP3H(25)=3000.,
   RFP3P(1)=100.,
   RFP3P(2)=200.,
   RFP3P(3)=300.,
   RFP3P(4)=500.,
   RFP3P(5)=700.,
   RFP3P(6)=1000.,
   RFP3P(7)=2000.,
   RFP3P(8)=3000.,
   RFP3P(9)=5000.,
   RFP3P(10)=7000.,
   RFP3P(11)=10000.,
   RFP3P(12)=12500.,
   RFP3P(13)=15000.,
   RFP3P(14)=17500.,
   RFP3P(15)=20000.,
   RFP3P(16)=22500.,
   RFP3P(17)=25000.,
   RFP3P(18)=27500.,
   RFP3P(19)=30000.,
   RFP3P(20)=35000.,
   RFP3P(21)=40000.,
   RFP3P(22)=45000.,
   RFP3P(23)=50000.,
   RFP3P(24)=55000.,
   RFP3P(25)=60000.,
   RFP3P(26)=65000.,
   RFP3P(27)=70000.,
   RFP3P(28)=75000.,
   RFP3P(29)=80000.,
   RFP3P(30)=85000.,
   RFP3P(31)=90000.,
   RFP3P(32)=92500.,
   RFP3P(33)=95000.,
   RFP3P(34)=100000.,
   RFP3PV(1)=0.0000015,
   RFP3PV(2)=0.000002,
   RFP3PV(3)=7.0D-7,
   RFP3I(1)=-273.15,
   RFP3I(2)=-263.15,
   RFP3I(3)=-261.15,
   RFP3I(4)=-253.15,
 /
 &NAMFPD
 /
 &NAMFPDY2
 /
 &NAMFPDYF
 /
 &NAMFPDYH
 /
 &NAMFPDYI
 /
 &NAMFPDYP
 /
 &NAMFPDYS
 /
 &NAMFPDYT
 /
 &NAMFPDYV
 /
 &NAMFPF
   LFPRDFIL=.FALSE.,
   NFMAX(1)=450,
   NFMAX(2)=450,
   NFMAX(3)=210,
   NFMAX(4)=350,
   NFMAX(5)=350,
   NFPCMAX=4049,
 /
 &NAMFPG
 /
 &NAMFPIOS
   NFPXFLD=128,
 /
 &NAMFPMOVE
 /
 &NAMFPPHY
 /
 &NAMFPSC2
   NFPROMA=-48,
 /
 &NAMFPSC2_DEP
   NFPROMA_DEP=-48,
 /
 &NAMGEM
 /
 &NAMGFL
   YA_NL%LGP=.TRUE.,
   YA_NL%LREQOUT=.TRUE.,
   YA_NL%NREQIN=0,
   YIRAD_NL%LGP=.TRUE.,
   YIRAD_NL%LREQOUT=.TRUE.,
   YIRAD_NL%NREQIN=0,
   YI_NL%LADV=.TRUE.,
   YI_NL%LGP=.TRUE.,
   YI_NL%LGPINGP=.TRUE.,
   YI_NL%LPHY=.FALSE.,
   YI_NL%LQM=.TRUE.,
   YI_NL%LREQOUT=.TRUE.,
   YI_NL%LT1=.TRUE.,
   YI_NL%NREQIN=0,
   YLRAD_NL%LGP=.TRUE.,
   YLRAD_NL%LREQOUT=.TRUE.,
   YLRAD_NL%NREQIN=0,
   YL_NL%LADV=.TRUE.,
   YL_NL%LGP=.TRUE.,
   YL_NL%LGPINGP=.TRUE.,
   YL_NL%LPHY=.FALSE.,
   YL_NL%LQM=.TRUE.,
   YL_NL%LREQOUT=.TRUE.,
   YL_NL%LT1=.TRUE.,
   YL_NL%NREQIN=0,
   YR_NL%LADV=.TRUE.,
   YR_NL%LGP=.TRUE.,
   YR_NL%LGPINGP=.TRUE.,
   YR_NL%LPHY=.FALSE.,
   YR_NL%LQM=.TRUE.,
   YR_NL%LREQOUT=.TRUE.,
   YR_NL%LT1=.TRUE.,
   YR_NL%NREQIN=0,
   YS_NL%LADV=.TRUE.,
   YS_NL%LGP=.TRUE.,
   YS_NL%LGPINGP=.TRUE.,
   YS_NL%LPHY=.FALSE.,
   YS_NL%LQM=.TRUE.,
   YS_NL%LREQOUT=.TRUE.,
   YS_NL%LT1=.TRUE.,
   YS_NL%NREQIN=0,
   YTKE_NL%LADV=.TRUE.,
   YTKE_NL%LGP=.TRUE.,
   YTKE_NL%LGPINGP=.TRUE.,
   YTKE_NL%LQM=.TRUE.,
   YTKE_NL%LREQOUT=.TRUE.,
   YTKE_NL%LT1=.TRUE.,
   YTKE_NL%NCOUPLING=0,
   YTKE_NL%NREQIN=0,
   YSCONV_NL%NREQIN=0,
   YLCONV_NL%NREQIN=0,
   YRCONV_NL%NREQIN=0,
   YICONV_NL%NREQIN=0,
   YUAL_NL%NREQIN=0,
   YUOM_NL%NREQIN=0,
   LTRCMFBC=.FALSE.,
 /
 &NAMGRIB
   NCYCLE=48,
 /
 &NAMGWD
 /
 &NAMGWDIAG
 /
 &NAMGWWMS
 /
 &NAMIAU
 /
 &NAMICE
 /
 &NAMINI
 /
 &NAMINTFLEX
 /
 &NAMIOMI
 /
 &NAMIOS
 /
 &NAMIO_SERV
   NPROC_IO=0,
   NIO_SERV_METHOD=2,
   NMSG_LEVEL_SERVER=1,
   NMSG_LEVEL_CLIENT=1,
   NIO_SERV_BUF_MAXSIZE=20,
   NPROCESS_LEVEL=5,
 /
 &NAMJBCODES
 /
 &NAMJG
 /
 &NAMLCZ
 /
 &NAMLIMA
 /
 &NAMLSFORC
 /
 &NAMMARS
 /
 &NAMMCC
 /
 &NAMMCUF
   LMCUF=.TRUE.,
   NCUFNR=2,
   RMCUFI(1)=10800.,
   RMCUFI(2)=21600.,
 /
 &NAMMETHOX
 /
 &NAMMKODB
 /
 &NAMMODERR
 /
 &NAMMTS
   LISP_HYBRID=.TRUE.,
   LUBIQUITAIRE=.FALSE.,
 /
 &NAMMWAVE
 /
 &NAMNORGWD
 /
 &NAMNPROF
 /
 &NAMNUD
 /
 &NAMNUDGLH
 /
 &NAMOBS
 /
 &NAMONEDVAR
 /
 &NAMOOPS
 /
 &NAMOPH
   CFNHWF='ECHIS',
   LINC=.TRUE.,
   NTIMEFMT=1,
 /
 &NAMOPTCMEM
 /
 &NAMPAR0
   MBX_SIZE=2048000000,
   MP_TYPE=2,
   NOUTPUT=1,
   NPROC=12,
   NSPECRESMIN=1199,
   NPRGPNS=4,
   NPRGPEW=3,
   NPRTRW=4,
   NPRTRV=3,
   NPRINTLEV=1,
 /
 &NAMPAR1
   LEQ_REGIONS=.TRUE.,
   LSLONDEM=.TRUE.,
   LSPLIT=.TRUE.,
   NCOMBFLEN=1638400,
   NSTRIN=12,
   NSTROUT=12,
 /
 &NAMPARAR
 /
 &NAMPERTPAR
 /
 &NAMPHMSE
   LPGDFWR=.FALSE.,
 /
 &NAMPHY
   CGMIXLEN='AY',
   LAERODES=.TRUE.,
   LAEROLAN=.TRUE.,
   LAEROSEA=.TRUE.,
   LAEROSOO=.TRUE.,
   LCONDWT=.TRUE.,
   LDIFCONS=.TRUE.,
   LFPCOR=.TRUE.,
   LNEWD=.TRUE.,
   LNOIAS=.TRUE.,
   LO3ABC=.TRUE.,
   LPROCLD=.TRUE.,
   LRAY=.FALSE.,
   LRAYFM=.TRUE.,
   LRAYLU=.TRUE.,
   LRNUMX=.TRUE.,
   LSSD=.TRUE.,
   LSTRA=.FALSE.,
   LVGSN=.FALSE.,
   LCVPPKF=.TRUE.,
   LECDEEP=.TRUE.,
   LECSHAL=.TRUE.,
   LECT=.TRUE.,
   LFLUSO=.TRUE.,
   LNEBECT=.FALSE.,
   LSMITH_CDEV=.TRUE.,
   LO3FL=.TRUE.,
   LECTFL=.TRUE.,
   LZ0HSREL=.TRUE.,
   LADJCLD=.TRUE.,
   NCALLRAD=2,
   LECTFL0=.TRUE.,
   LGLACIERS=.TRUE.,
   LDAYD=.TRUE.,
   LEDR=.TRUE.,
   LCVRA=.FALSE.,
   LEDMFI=.FALSE.,
   LGPCMT=.FALSE.,
   LNCVPGY=.FALSE.,
   LPTOPC=.TRUE.,
   LDPRECIPS=.TRUE.,
   LDPRECIPS2=.TRUE.,
   NDPRECPERIOD2=3600,
   LCVTDK=.TRUE.,
   LAPL_ARPEGE=.TRUE.,
   LSOLV=.TRUE.,
   LFGEL=.TRUE.,
   LGCHECKMV=.FALSE.,
 /
 &NAMPHY0
   EDD=1.,
   EDK=1.,
   GWDCD=5.4,
   GWDSE=0.005,
   GWDVALI=0.5,
   REVASX=2.0D-7,
   RICRLM=0.5,
   TDDGP=0.6,
   TUDGP=0.6,
   USURIC=0.175,
   USURICL=1.,
   USURID=0.1,
   VZ0CM=0.0001,
   XBLM=8.5,
   XMAXLM=5000.,
   XMINLM=10.,
   ALMAVX=1000.,
   RFACNSM=1.2,
   RFLCHCE=0.25,
   RKFBTAU=7200.,
   RPRTH=1.,
   RQICRT2=0.,
   RQICVMIN=0.00001,
   SXNBCO=1.,
   ALMAVE=0.,
   RQCRNS=0.,
   RQICRSN=1.,
   TFVI=0.08,
   TFVL=0.02,
   TFVS=1.5,
   ECTMAX=35.,
   AECLS4=3.,
   GCVNU=0.00005,
   GCVPSI=1.,
   GCVPSIE=1.,
   QSNEBC=-1.,
   QSSUSC=5.,
   RCVEVAP=0.25,
   GCVHMIN=30000.,
   GCVOMGE=1.,
   GDDEVA=0.2,
   GCVOMGQ=0.,
   REFLKUO=5000.,
   GCVOMDPS=2000.,
   GCVOMGSX=0.5,
   GCVOMCA=-1.918,
   GCVOMCC=1.35,
   GCVRHMIN=0.5,
   GCVRHMAX=1.,
   GCVOMGS=1.,
 /
 &NAMPHY1
   ALBMIN=0.65,
   ALCRIN=0.81,
   EMMGLA=0.98,
   EMMMER=0.99,
   ALRCN1=0.01,
 /
 &NAMPHY2
   FACRAF=4.,
   XMULAF=0.,
   LRAFTKE=.TRUE.,
   HTKERAF=20.,
   FACRAFCV=0.5,
 /
 &NAMPHY3
 /
 &NAMPHYDS
 /
 &NAMPPC
 /
 &NAMPPVI
 /
 &NAMPRE
 /
 &NAMRAD15
 /
 &NAMRADCMEM
 /
 &NAMRCF
 /
 &NAMRCOEF
 /
 &NAMRES
 /
 &NAMRGRI
 /
 &NAMRINC
 /
 &NAMRIP
   CSTOP='h6',
   TSTEP=600,
 /
 &NAMRIP0
 /
 &NAMRLX
 /
 &NAMSATS
   LPARTIAL_COEF_FILES=.TRUE.,
 /
 &NAMSATSIM
 /
 &NAMSCC
 /
 &NAMSCEN
 /
 &NAMSCM
 /
 &NAMSEKF
 /
 &NAMSENS
 /
 &NAMSFXCMP
   CFLDNAME(1)='????????????????',
   NBBITS(1)=24,
   NVGRIBSFX=123,
 /
 &NAMSIMPHL
 /
 &NAMSPNG
 /
 &NAMSPP
 /
 &NAMSPSDT
 /
 &NAMSTA
 /
 &NAMSTOPH
 /
 &NAMSWE
 /
 &NAMTESTVAR
 /
 &NAMTHLIM
 /
 &NAMTOPH
   ETCVIM=1000.,
   ETNEBU=1000.,
   ETPLUI=1000.,
   XDRMTK=2.0D-8,
   XDRMTP=800.,
   XDRMTX=4.0D-7,
   XDRMUK=1.0D-7,
   XDRMUP=800.,
   XDRMUX=0.000002,
 /
 &NAMTRAJ
 /
 &NAMTRAJP
 /
 &NAMTRANS
   LFFTW=.TRUE.,
 /
 &NAMTRANS0
 /
 &NAMTS
 /
 &NAMVAR
 /
 &NAMVARBC
 /
 &NAMVARBC_AIREP
 /
 &NAMVARBC_ALLSKY
 /
 &NAMVARBC_GBRAD
 /
 &NAMVARBC_MODES
 /
 &NAMVARBC_RAD
 /
 &NAMVARBC_RSONDE
 /
 &NAMVARBC_SFCOBS
 /
 &NAMVARBC_TCWV
 /
 &NAMVARBC_TO3
 /
 &NAMVAREPS
 /
 &NAMVDF
 /
 &NAMVDOZ
 /
 &NAMVOLCANO
 /
 &NAMVRTL
 /
 &NAMVV0
 /
 &NAMVV1
 /
 &NAMVWRK
 /
 &NAMWAVELETJB
 /
 &NAMXFU
   LXCLP=.TRUE.,
   LXCLS=.TRUE.,
   LXFU=.TRUE.,
   LXHHCLS=.TRUE.,
   LXICV=.TRUE.,
   LXNEBPA=.TRUE.,
   LXNEBTT=.TRUE.,
   LXQCLS=.TRUE.,
   LXSOIL=.TRUE.,
   LXTGST=.TRUE.,
   LXTTCLS=.TRUE.,
   LXXGST=.TRUE.,
   LXXGST2=.TRUE.,
   LXNUVCLS=.TRUE.,
   NXGSTPERIOD2=10800,
   LXCTOP=.TRUE.,
   LXVISI=.TRUE.,
   LXVISI2=.TRUE.,
   NVISIPERIOD2=10800,
   NRAZTS(1)=0,
   NRAZTS(2)=-3,
   NRAZTS(3)=-6,
   NRAZTS(4)=-9,
   NRAZTS(5)=-12,
   NRAZTS(6)=-15,
   NRAZTS(7)=-18,
   NRAZTS(8)=-21,
   NRAZTS(9)=-24,
   NRAZTS(10)=-27,
   NRAZTS(11)=-30,
   NRAZTS(12)=-33,
   NRAZTS(13)=-36,
   NRAZTS(14)=-39,
   NRAZTS(15)=-42,
   NRAZTS(16)=-45,
   NRAZTS(17)=-48,
   NRAZTS(18)=-51,
   NRAZTS(19)=-54,
   NRAZTS(20)=-57,
   NRAZTS(21)=-60,
   NRAZTS(22)=-63,
   NRAZTS(23)=-66,
   NRAZTS(24)=-69,
   NRAZTS(25)=-72,
   NRAZTS(26)=-75,
   NRAZTS(27)=-78,
   NRAZTS(28)=-81,
   NRAZTS(29)=-84,
   NRAZTS(30)=-87,
   NRAZTS(31)=-90,
   NRAZTS(32)=-93,
   NRAZTS(33)=-96,
   NRAZTS(34)=-99,
   NRAZTS(35)=-102,
 /
 &NAM_CANAPE
 /
 &NAM_DISTRIBUTED_VECTORS
 /
 &NAM_NEBN
 /
 &NAM_PARAM_ICEN
 /
 &NAM_TURBN
 /
 &NAPHLC
 /
 &NEMCT0
 /
 &NEMDIM
 /
 &NEMDYN
 /
 &NEMELBC0A
 /
 &NEMELBC0B
 /
 &NEMFPEZO
 /
 &NEMGEO
 /
 &NEMJK
 /
 &NEMVAR
 /
 &NEMWAVELET
 /
 &RADIATION
   CLOUD_FRACTION_THRESHOLD=0.000001,
   CLOUD_INHOM_DECORR_SCALING=0.5,
   CLOUD_MIXING_RATIO_THRESHOLD=1.00D-9,
   DIRECTORY_NAME='.',
   DO_CLEAR=.TRUE.,
   DO_FU_LW_ICE_OPTICS_BUG=.FALSE.,
   DO_LW_AEROSOL_SCATTERING=.FALSE.,
   DO_LW_CLOUD_SCATTERING=.FALSE.,
   DO_LW_DERIVATIVES=.TRUE.,
   DO_SAVE_GPOINT_FLUX=.FALSE.,
   DO_SAVE_RADIATIVE_PROPERTIES=.FALSE.,
   DO_SAVE_SPECTRAL_FLUX=.FALSE.,
   DO_SURFACE_SW_SPECTRAL_FLUX=.TRUE.,
   DO_SW_DELTA_SCALING_WITH_GASES=.TRUE.,
   GAS_MODEL_NAME='RRTMG-IFS',
   ICE_MODEL_NAME='Fu-IFS',
   IVERBOSE=1,
   IVERBOSESETUP=2,
   LIQUID_MODEL_NAME='SOCRATES',
   LW_SOLVER_NAME='McICA',
   OVERLAP_SCHEME_NAME='Exp-Ran',
   SW_SOLVER_NAME='McICA',
   USE_AEROSOLS=.TRUE.,
   USE_BETA_OVERLAP=.FALSE.,
   DO_SW=.TRUE.,
   DO_LW=.TRUE.,
   DO_SW_DIRECT=.TRUE.,
   USE_GENERAL_CLOUD_OPTICS=.FALSE.,
   USE_GENERAL_AEROSOL_OPTICS=.FALSE.,
   USE_VECTORIZABLE_GENERATOR=.FALSE.,
   DO_3D_EFFECTS=.FALSE.,
   SW_ENTRAPMENT_NAME='Explicit',
   DO_CANOPY_FLUXES_LW=.TRUE.,
   DO_CANOPY_FLUXES_SW=.TRUE.,
   DO_NEAREST_SPECTRAL_SW_ALBEDO=.FALSE.,
   SW_ALBEDO_WAVELENGTH_BOUND(1:5)=2.5D-7,4.4D-7,6.9D-7,0.00000119,0.00000238,
   I_SW_ALBEDO_INDEX(1:6)=1,2,3,4,5,6,
   DO_NEAREST_SPECTRAL_LW_EMISS=.TRUE.,
   LW_EMISS_WAVELENGTH_BOUND(1:2)=0.000008,0.000013,
   I_LW_EMISS_INDEX(1:3)=1,2,1,
   DO_WEIGHTED_SURFACE_MAPPING=.FALSE.,
   N_AEROSOL_TYPES=6,
 /
+ BIN=/home/gmap/mrpm/marguina/gpupack/pack/49t2_openacc-bench-notransfer.01.INTEL2302.2d/bin/MASTERODB
+ grib_api_setup /home/gmap/mrpm/marguina/gpupack/pack/49t2_openacc-bench-notransfer.01.INTEL2302.2d/bin/MASTERODB
+ bin=/home/gmap/mrpm/marguina/gpupack/pack/49t2_openacc-bench-notransfer.01.INTEL2302.2d/bin/MASTERODB
++ ldd /home/gmap/mrpm/marguina/gpupack/pack/49t2_openacc-bench-notransfer.01.INTEL2302.2d/bin/MASTERODB
++ perl -ne ' 
   next unless (m/libeccodes_f90/o); 
   my ($path) = (m/=>\s+(\S+)/o); 
   use File::Basename; 
   print &dirname (&dirname ($path)), "\n" '
+ grib_api_prefix=/home/gmap/mrpm/marguina/gpupack/install/INTEL2302
+ export GRIB_DEFINITION_PATH=/scratch/work/marguina/tmp/arp.65632733/nominal/extra_grib_defs:/home/gmap/mrpm/marguina/gpupack/install/INTEL2302/share/definitions:/home/gmap/mrpm/marguina/gpupack/install/INTEL2302/share/eccodes/definitions
+ GRIB_DEFINITION_PATH=/scratch/work/marguina/tmp/arp.65632733/nominal/extra_grib_defs:/home/gmap/mrpm/marguina/gpupack/install/INTEL2302/share/definitions:/home/gmap/mrpm/marguina/gpupack/install/INTEL2302/share/eccodes/definitions
+ export GRIB_SAMPLES_PATH=/home/gmap/mrpm/marguina/gpupack/install/INTEL2302/ifs_samples/grib1:/home/gmap/mrpm/marguina/gpupack/install/INTEL2302/share/eccodes/ifs_samples/grib1
+ GRIB_SAMPLES_PATH=/home/gmap/mrpm/marguina/gpupack/install/INTEL2302/ifs_samples/grib1:/home/gmap/mrpm/marguina/gpupack/install/INTEL2302/share/eccodes/ifs_samples/grib1
+ openacc-bind --nn 3 --nnp 4 --np 12
+ cat openacc_bind.txt
0
0
0
0
0
0
0
0
0
0
0
0
+ set +e
+ meteo_mpirun --verbose --wrap --wrap-stdeo --nnp 4 --nn 3 --openmp 32 -- /home/gmap/mrpm/marguina/gpupack/pack/49t2_openacc-bench-notransfer.01.INTEL2302.2d/bin/MASTERODB -- --nnp 8 --nn 0 --openmp 4 -- /home/gmap/mrpm/marguina/gpupack/pack/49t2_openacc-bench-notransfer.01.INTEL2302.2d/bin/MASTERODB
+ export MPIAUTOCONFIG=/home/gmap/mrpm/marguina/.mpiautorc/mpiauto.PGI.conf
+ MPIAUTOCONFIG=/home/gmap/mrpm/marguina/.mpiautorc/mpiauto.PGI.conf
+ /home/gmap/mrpm/marguina/SAVE/mpiauto/mpiauto --nouse-slurm-mpi --verbose --wrap --wrap-stdeo --nnp 4 --nn 3 --openmp 32 -- /home/gmap/mrpm/marguina/gpupack/pack/49t2_openacc-bench-notransfer.01.INTEL2302.2d/bin/MASTERODB -- --nnp 8 --nn 0 --openmp 4 -- /home/gmap/mrpm/marguina/gpupack/pack/49t2_openacc-bench-notransfer.01.INTEL2302.2d/bin/MASTERODB
Version         : d5a7ed8ff763eca2aff8abaf4ec5f53a1efa29bc
Arch            : ARCH::Linux
Scheduler       : Scheduler::SLURM
MPI             : MPI::IntelMPI
Binary          : /home/gmap/mrpm/marguina/gpupack/pack/49t2_openacc-bench-notransfer.01.INTEL2302.2d/bin/MASTERODB
Args            : 
Config          : 
      - /home/gmap/mrpm/marguina/SAVE/mpiauto/mpiauto.conf
      - /home/gmap/mrpm/marguina/SAVE/mpiauto/mpiauto.mf-bull4.conf
      - /home/gmap/mrpm/marguina/SAVE/mpiauto/mpiauto.mf-bull4.IntelMPI.conf
      - /home/gmap/mrpm/marguina/SAVE/mpiauto/mpiauto.mf-bull4.IntelMPI.2021.conf
      - /home/gmap/mrpm/marguina/.mpiautorc/mpiauto.PGI.conf
Options         : 
      --nn                           : 3
      --np                           : 12
      --nnp                          : 4
      --openmp                       : 32
      --distribution                 : block
      --proc                         : Rome-2x64
      --mpi-allow-odd-dist           : false
      --serial                       : false
      --serial-mpi                   : false
      --dryrun                       : false
      --help                         : false
      --verbose                      : true
      --prefix-command               : []
      --prefix-mpirun                : ['./fixpgienv.sh']
      --mpirun-name                  : {'IntelMPI' => 'mpirun'}
      --mpi-special-opts             : {'OpenMPI' => '--mca btl ^smcuda'}
      --mpi-special-env              : {'IntelMPI' => 'I_MPI_DEBUG=1,I_MPI_DYNAMIC_CONNECTION=1,I_MPI_EXTRA_FILESYSTEM=on,I_MPI_FABRICS=shm:ofi,I_MPI_HYDRA_BOOTSTRAP=slurm,I_MPI_HYDRA_IFACE=ib0,I_MPI_HYDRA_PMI_CONNECT=alltoall,I_MPI_LARGE_SCALE_THRESHOLD=8192,I_MPI_LIBRARY_KIND=release_mt,I_MPI_PLATFORM=uniform,I_MPI_SHM_SPIN_COUNT=300,I_MPI_OFFLOAD_DEVICES=disable,I_MPI_SHM_EAGER_THRESHOLD=65536,I_MPI_EXTRA_FILESYSTEM=lustre,I_MPI_SHM_SEND_SPIN_COUNT=300,I_MPI_SHM_RECV_SPIN_COUNT=300,I_MPI_EXTRA_FILESYSTEM_FORCE=lustre,I_MPI_EXTRA_FILESYSTEM=on,UCX_IB_PCI_RELAXED_ORDERING=off,PMI_TIME=10'}
      --use-mpi-machinefile          : true
      --mpi-stdin-null               : true
      --use-session                  : false
      --init-timeout                 : 90
      --init-timeout-restart         : 0
      --init-timeout-control         : false
      --mpi-alloc                    : 
      --debug                        : false
      --debugger-x11-proxy           : true
      --debug-try-gmkpack            : true
      --debugger-path                : /opt/softs/arm/20.0.2/forge/bin/ddt
      --debugger-break               : 0
      --debugger-options             : 
      --x11-display                  : 
      --x11-direct                   : false
      --x11-proxy                    : false
      --x11-f-proxy                  : []
      --x11-b-proxy                  : []
      --config                       : 
      --site                         : mf-bull4
      --wrap                         : true
      --wrap-stdeo                   : true
      --wrap-stdeo-pack              : false
      --wrap-stdeo-silent            : false
      --wrap-verbose                 : false
      --wrap-output-format           : $STDEO.$MPIRANK
      --wrap-directory               : .
      --wrap-env                     : {}
      --use-slurm-mpi                : false
      --fix-slurm-env                : true
      --fix-slurm-env-nodes          : true
      --setup-grib_api-env           : true
      --use-slurm-bind               : false
      --use-arch-bind                : true
      --arch-bind-verbose            : false
      --use-openmpi-bind             : false
      --use-intelmpi-bind            : false
      --umpi-mpi-label               : 
      --umpi-verbose                 : false
Remark          : MPI environment was modified
      I_MPI_DEBUG                    : '1'
      I_MPI_DYNAMIC_CONNECTION       : '1'
      I_MPI_EXTRA_FILESYSTEM         : 'on'
      I_MPI_EXTRA_FILESYSTEM_FORCE   : 'lustre'
      I_MPI_FABRICS                  : 'shm:ofi'
      I_MPI_HYDRA_BOOTSTRAP          : 'slurm'
      I_MPI_HYDRA_IFACE              : 'ib0'
      I_MPI_HYDRA_PMI_CONNECT        : 'alltoall'
      I_MPI_LARGE_SCALE_THRESHOLD    : '8192'
      I_MPI_LIBRARY_KIND             : 'release_mt'
      I_MPI_OFFLOAD_DEVICES          : 'disable'
      I_MPI_PLATFORM                 : 'uniform'
      I_MPI_SHM_EAGER_THRESHOLD      : '65536'
      I_MPI_SHM_RECV_SPIN_COUNT      : '300'
      I_MPI_SHM_SEND_SPIN_COUNT      : '300'
      I_MPI_SHM_SPIN_COUNT           : '300'
      PMI_TIME                       : '10'
      UCX_IB_PCI_RELAXED_ORDERING    : 'off'
MPI command     : ./fixpgienv.sh /opt/softs/intel/oneapi/2023.2/mpi/2021.10.0/lib/../bin/mpirun -machinefile ./.mpiauto.machinefilePHYUU /home/gmap/mrpm/marguina/SAVE/mpiauto/mpiautowrap --stdeo -- /home/gmap/mrpm/marguina/gpupack/pack/49t2_openacc-bench-notransfer.01.INTEL2302.2d/bin/MASTERODB < /dev/null
Warning         : Slurm environment was modified
      SLURM_NTASKS          = undef                    -> 12                      

      SLURM_NPROCS          = undef                    -> 12                      

      SLURM_TASKS_PER_NODE  = 128(x3)                  -> 4(x3)                   

+ export SLURM_EXPORT_ENV=ALL
+ SLURM_EXPORT_ENV=ALL
+ exec /opt/softs/intel/oneapi/2023.2/mpi/2021.10.0/lib/../bin/mpirun -machinefile ./.mpiauto.machinefilePHYUU /home/gmap/mrpm/marguina/SAVE/mpiauto/mpiautowrap --stdeo -- /home/gmap/mrpm/marguina/gpupack/pack/49t2_openacc-bench-notransfer.01.INTEL2302.2d/bin/MASTERODB
*------------------------------------------------------------------------------*
|                                                                              |
|                                   stdeo.0                                    |
|                                                                              |
*------------------------------------------------------------------------------*
MPIAUTOTIMEOUT is set to 90 seconds
[0] MPI startup(): Intel(R) MPI Library, Version 2021.10  Build 20230619 (id: c2e19c2f3e)
[0] MPI startup(): Copyright (C) 2003-2023 Intel Corporation.  All rights reserved.
[0] MPI startup(): library kind: release
[0] MPI startup(): libfabric version: 1.18.0-impi
[0] MPI startup(): libfabric provider: mlx
[0] MPI startup(): I_MPI_SHM_SPIN_COUNT environment variable is not supported.
[0] MPI startup(): Similar variables:
[0] 	 I_MPI_SHM_HEAP_OPT
[0] 	 I_MPI_SHM_SEND_SPIN_COUNT
[0] 	 I_MPI_SHM_RECV_SPIN_COUNT
[0] 	 I_MPI_SPIN_COUNT
[0] MPI startup(): To check the list of supported variables, use the impi_info utility or refer to https://software.intel.com/en-us/mpi-library/documentation/get-started.
MPI_Init took 2 seconds
 MAIN: IREQUIRED, MPI_THREAD_MULTIPLE, MPI_THREAD_SINGLE, IPROVIDED, LTHSAFEMPI, LLMPI1 = 3 3 0 3 T F
Reading namelist NAMPAR0 from fort.4
Reading namelist NAMPAR0 from fort.4
OMP: Warning #182: OMP_STACKSIZE: ignored because KMP_STACKSIZE has been defined
MPL_INIT : MPL_COMM=1140850688 (default) , MPL_NUMPROC=12
MPL_INIT : MPL_METHOD=JP_BLOCKING_BUFFERED , MPL_MBX_SIZE=1000000
MPL_INIT : MPL_NCPU_PER_NODE = 1 (CAUTION: could not be inferred from hostname!)
[EC_DRHOOK:hostname:myproc:omltid:pid:unixtid] [YYYYMMDD:HHMMSS:walltime] [function@file:lineno] -- Max OpenMP threads = 32
[EC_DRHOOK:taranis1200:1:1:71373:71373] [20240717:084222:0.000] [process_options@drhook.c:2209] fp = 0x2b34cfa3a1c0
[EC_DRHOOK:taranis1200:1:1:71373:71373] [20240717:084222:0.000] [process_options@drhook.c:2231] DR_HOOK_ALLOW_COREDUMP=-1
[EC_DRHOOK:taranis1200:1:1:71373:71373] [20240717:084222:0.000] [process_options@drhook.c:2258] DR_HOOK_PROFILE_PROC=-1
[EC_DRHOOK:taranis1200:1:1:71373:71373] [20240717:084222:0.000] [process_options@drhook.c:2264] DR_HOOK_PROFILE_LIMIT=-10.000
[EC_DRHOOK:taranis1200:1:1:71373:71373] [20240717:084222:0.000] [process_options@drhook.c:2352] DR_HOOK_RANDOM_MEMSTAT=0  (RAND_MAX=2147483647)
[EC_DRHOOK:taranis1200:1:1:71373:71373] [20240717:084222:0.000] [process_options@drhook.c:2363] DR_HOOK_HASHBITS=16
[EC_DRHOOK:taranis1200:1:1:71373:71373] [20240717:084222:0.000] [process_options@drhook.c:2371] DR_HOOK_NCALLSTACK=0
[EC_DRHOOK:taranis1200:1:1:71373:71373] [20240717:084222:0.000] [process_options@drhook.c:2379] DR_HOOK_HARAKIRI_TIMEOUT=500
[EC_DRHOOK:taranis1200:1:1:71373:71373] [20240717:084222:0.000] [process_options@drhook.c:2386] DR_HOOK_USE_LOCKFILE=1
[EC_DRHOOK:taranis1200:1:1:71373:71373] [20240717:084222:0.000] [process_options@drhook.c:2393] DR_HOOK_TRAPFPE=1
[EC_DRHOOK:taranis1200:1:1:71373:71373] [20240717:084222:0.000] [process_options@drhook.c:2400] DR_HOOK_TRAPFPE_INVALID=1
[EC_DRHOOK:taranis1200:1:1:71373:71373] [20240717:084222:0.000] [process_options@drhook.c:2407] DR_HOOK_TRAPFPE_DIVBYZERO=1
[EC_DRHOOK:taranis1200:1:1:71373:71373] [20240717:084222:0.000] [process_options@drhook.c:2414] DR_HOOK_TRAPFPE_OVERFLOW=1
[EC_DRHOOK:taranis1200:1:1:71373:71373] [20240717:084222:0.001] [process_options@drhook.c:2495] DR_HOOK_OPT="WALLPROF"
[EC_DRHOOK:taranis1200:1:1:71373:71373] [20240717:084222:0.001] [ignore_signals@drhook.c:1365]  DR_HOOK_IGNORE_SIGNALS=-1
[EC_DRHOOK:taranis1200:1:1:71373:71373] [20240717:084222:0.001] [ignore_one_signal@drhook.c:1348]   DR_HOOK ignores signal#1 (Hangup)
[EC_DRHOOK:taranis1200:1:1:71373:71373] [20240717:084222:0.001] [ignore_one_signal@drhook.c:1348]   DR_HOOK ignores signal#2 (Interrupt)
[EC_DRHOOK:taranis1200:1:1:71373:71373] [20240717:084222:0.001] [ignore_one_signal@drhook.c:1348]   DR_HOOK ignores signal#3 (Quit)
[EC_DRHOOK:taranis1200:1:1:71373:71373] [20240717:084222:0.001] [ignore_one_signal@drhook.c:1348]   DR_HOOK ignores signal#4 (Illegal instruction)
[EC_DRHOOK:taranis1200:1:1:71373:71373] [20240717:084222:0.001] [ignore_one_signal@drhook.c:1348]   DR_HOOK ignores signal#5 (Trace/breakpoint trap)
[EC_DRHOOK:taranis1200:1:1:71373:71373] [20240717:084222:0.001] [ignore_one_signal@drhook.c:1348]   DR_HOOK ignores signal#6 (Aborted)
[EC_DRHOOK:taranis1200:1:1:71373:71373] [20240717:084222:0.001] [ignore_one_signal@drhook.c:1348]   DR_HOOK ignores signal#7 (Bus error)
[EC_DRHOOK:taranis1200:1:1:71373:71373] [20240717:084222:0.001] [ignore_one_signal@drhook.c:1348]   DR_HOOK ignores signal#8 (Floating point exception)
[EC_DRHOOK:taranis1200:1:1:71373:71373] [20240717:084222:0.001] [ignore_one_signal@drhook.c:1348]   DR_HOOK ignores signal#9 (Killed)
[EC_DRHOOK:taranis1200:1:1:71373:71373] [20240717:084222:0.001] [ignore_one_signal@drhook.c:1348]   DR_HOOK ignores signal#10 (User defined signal 1)
[EC_DRHOOK:taranis1200:1:1:71373:71373] [20240717:084222:0.001] [ignore_one_signal@drhook.c:1348]   DR_HOOK ignores signal#11 (Segmentation fault)
[EC_DRHOOK:taranis1200:1:1:71373:71373] [20240717:084222:0.001] [ignore_one_signal@drhook.c:1348]   DR_HOOK ignores signal#12 (User defined signal 2)
[EC_DRHOOK:taranis1200:1:1:71373:71373] [20240717:084222:0.001] [ignore_one_signal@drhook.c:1348]   DR_HOOK ignores signal#13 (Broken pipe)
[EC_DRHOOK:taranis1200:1:1:71373:71373] [20240717:084222:0.001] [ignore_one_signal@drhook.c:1348]   DR_HOOK ignores signal#14 (Alarm clock)
[EC_DRHOOK:taranis1200:1:1:71373:71373] [20240717:084222:0.001] [ignore_one_signal@drhook.c:1348]   DR_HOOK ignores signal#15 (Terminated)
[EC_DRHOOK:taranis1200:1:1:71373:71373] [20240717:084222:0.001] [ignore_one_signal@drhook.c:1348]   DR_HOOK ignores signal#16 (Stack fault)
[EC_DRHOOK:taranis1200:1:1:71373:71373] [20240717:084222:0.001] [ignore_one_signal@drhook.c:1348]   DR_HOOK ignores signal#17 (Child exited)
[EC_DRHOOK:taranis1200:1:1:71373:71373] [20240717:084222:0.001] [ignore_one_signal@drhook.c:1348]   DR_HOOK ignores signal#18 (Continued)
[EC_DRHOOK:taranis1200:1:1:71373:71373] [20240717:084222:0.001] [ignore_one_signal@drhook.c:1348]   DR_HOOK ignores signal#19 (Stopped (signal))
[EC_DRHOOK:taranis1200:1:1:71373:71373] [20240717:084222:0.001] [ignore_one_signal@drhook.c:1348]   DR_HOOK ignores signal#20 (Stopped)
[EC_DRHOOK:taranis1200:1:1:71373:71373] [20240717:084222:0.001] [ignore_one_signal@drhook.c:1348]   DR_HOOK ignores signal#21 (Stopped (tty input))
[EC_DRHOOK:taranis1200:1:1:71373:71373] [20240717:084222:0.001] [ignore_one_signal@drhook.c:1348]   DR_HOOK ignores signal#22 (Stopped (tty output))
[EC_DRHOOK:taranis1200:1:1:71373:71373] [20240717:084222:0.001] [ignore_one_signal@drhook.c:1348]   DR_HOOK ignores signal#23 (Urgent I/O condition)
[EC_DRHOOK:taranis1200:1:1:71373:71373] [20240717:084222:0.001] [ignore_one_signal@drhook.c:1348]   DR_HOOK ignores signal#24 (CPU time limit exceeded)
[EC_DRHOOK:taranis1200:1:1:71373:71373] [20240717:084222:0.001] [ignore_one_signal@drhook.c:1348]   DR_HOOK ignores signal#25 (File size limit exceeded)
[EC_DRHOOK:taranis1200:1:1:71373:71373] [20240717:084222:0.001] [ignore_one_signal@drhook.c:1348]   DR_HOOK ignores signal#26 (Virtual timer expired)
[EC_DRHOOK:taranis1200:1:1:71373:71373] [20240717:084222:0.001] [ignore_one_signal@drhook.c:1348]   DR_HOOK ignores signal#27 (Profiling timer expired)
[EC_DRHOOK:taranis1200:1:1:71373:71373] [20240717:084222:0.001] [ignore_one_signal@drhook.c:1348]   DR_HOOK ignores signal#28 (Window changed)
[EC_DRHOOK:taranis1200:1:1:71373:71373] [20240717:084222:0.001] [ignore_one_signal@drhook.c:1348]   DR_HOOK ignores signal#29 (I/O possible)
[EC_DRHOOK:taranis1200:1:1:71373:71373] [20240717:084222:0.001] [ignore_one_signal@drhook.c:1348]   DR_HOOK ignores signal#30 (Power failure)
[EC_DRHOOK:taranis1200:1:1:71373:71373] [20240717:084222:0.001] [ignore_one_signal@drhook.c:1348]   DR_HOOK ignores signal#31 (Bad system call)
[EC_DRHOOK:taranis1200:1:1:71373:71373] [20240717:084222:0.001] [ignore_one_signal@drhook.c:1348]   DR_HOOK ignores signal#32 (Unknown signal 32)
[EC_DRHOOK:taranis1200:1:1:71373:71373] [20240717:084222:0.001] [ignore_one_signal@drhook.c:1348]   DR_HOOK ignores signal#33 (Unknown signal 33)
[EC_DRHOOK:taranis1200:1:1:71373:71373] [20240717:084222:0.001] [ignore_one_signal@drhook.c:1348]   DR_HOOK ignores signal#34 (Real-time signal 0)
[EC_DRHOOK:taranis1200:1:1:71373:71373] [20240717:084222:0.001] [ignore_one_signal@drhook.c:1348]   DR_HOOK ignores signal#35 (Real-time signal 1)
[EC_DRHOOK:taranis1200:1:1:71373:71373] [20240717:084222:0.001] [ignore_one_signal@drhook.c:1348]   DR_HOOK ignores signal#36 (Real-time signal 2)
[EC_DRHOOK:taranis1200:1:1:71373:71373] [20240717:084222:0.001] [ignore_one_signal@drhook.c:1348]   DR_HOOK ignores signal#37 (Real-time signal 3)
[EC_DRHOOK:taranis1200:1:1:71373:71373] [20240717:084222:0.001] [ignore_one_signal@drhook.c:1348]   DR_HOOK ignores signal#38 (Real-time signal 4)
[EC_DRHOOK:taranis1200:1:1:71373:71373] [20240717:084222:0.001] [ignore_one_signal@drhook.c:1348]   DR_HOOK ignores signal#39 (Real-time signal 5)
[EC_DRHOOK:taranis1200:1:1:71373:71373] [20240717:084222:0.001] [ignore_one_signal@drhook.c:1348]   DR_HOOK ignores signal#40 (Real-time signal 6)
[EC_DRHOOK:taranis1200:1:1:71373:71373] [20240717:084222:0.001] [ignore_one_signal@drhook.c:1348]   DR_HOOK ignores signal#41 (Real-time signal 7)
[EC_DRHOOK:taranis1200:1:1:71373:71373] [20240717:084222:0.001] [ignore_one_signal@drhook.c:1348]   DR_HOOK ignores signal#42 (Real-time signal 8)
[EC_DRHOOK:taranis1200:1:1:71373:71373] [20240717:084222:0.001] [ignore_one_signal@drhook.c:1348]   DR_HOOK ignores signal#43 (Real-time signal 9)
[EC_DRHOOK:taranis1200:1:1:71373:71373] [20240717:084222:0.001] [ignore_one_signal@drhook.c:1348]   DR_HOOK ignores signal#44 (Real-time signal 10)
[EC_DRHOOK:taranis1200:1:1:71373:71373] [20240717:084222:0.001] [ignore_one_signal@drhook.c:1348]   DR_HOOK ignores signal#45 (Real-time signal 11)
[EC_DRHOOK:taranis1200:1:1:71373:71373] [20240717:084222:0.001] [ignore_one_signal@drhook.c:1348]   DR_HOOK ignores signal#46 (Real-time signal 12)
[EC_DRHOOK:taranis1200:1:1:71373:71373] [20240717:084222:0.001] [ignore_one_signal@drhook.c:1348]   DR_HOOK ignores signal#47 (Real-time signal 13)
[EC_DRHOOK:taranis1200:1:1:71373:71373] [20240717:084222:0.001] [ignore_one_signal@drhook.c:1348]   DR_HOOK ignores signal#48 (Real-time signal 14)
[EC_DRHOOK:taranis1200:1:1:71373:71373] [20240717:084222:0.001] [ignore_one_signal@drhook.c:1348]   DR_HOOK ignores signal#49 (Real-time signal 15)
[EC_DRHOOK:taranis1200:1:1:71373:71373] [20240717:084222:0.001] [ignore_one_signal@drhook.c:1348]   DR_HOOK ignores signal#50 (Real-time signal 16)
[EC_DRHOOK:taranis1200:1:1:71373:71373] [20240717:084222:0.001] [ignore_one_signal@drhook.c:1348]   DR_HOOK ignores signal#51 (Real-time signal 17)
[EC_DRHOOK:taranis1200:1:1:71373:71373] [20240717:084222:0.001] [ignore_one_signal@drhook.c:1348]   DR_HOOK ignores signal#52 (Real-time signal 18)
[EC_DRHOOK:taranis1200:1:1:71373:71373] [20240717:084222:0.001] [ignore_one_signal@drhook.c:1348]   DR_HOOK ignores signal#53 (Real-time signal 19)
[EC_DRHOOK:taranis1200:1:1:71373:71373] [20240717:084222:0.001] [ignore_one_signal@drhook.c:1348]   DR_HOOK ignores signal#54 (Real-time signal 20)
[EC_DRHOOK:taranis1200:1:1:71373:71373] [20240717:084222:0.001] [ignore_one_signal@drhook.c:1348]   DR_HOOK ignores signal#55 (Real-time signal 21)
[EC_DRHOOK:taranis1200:1:1:71373:71373] [20240717:084222:0.001] [ignore_one_signal@drhook.c:1348]   DR_HOOK ignores signal#56 (Real-time signal 22)
[EC_DRHOOK:taranis1200:1:1:71373:71373] [20240717:084222:0.001] [ignore_one_signal@drhook.c:1348]   DR_HOOK ignores signal#57 (Real-time signal 23)
[EC_DRHOOK:taranis1200:1:1:71373:71373] [20240717:084222:0.001] [ignore_one_signal@drhook.c:1348]   DR_HOOK ignores signal#58 (Real-time signal 24)
[EC_DRHOOK:taranis1200:1:1:71373:71373] [20240717:084222:0.001] [ignore_one_signal@drhook.c:1348]   DR_HOOK ignores signal#59 (Real-time signal 25)
[EC_DRHOOK:taranis1200:1:1:71373:71373] [20240717:084222:0.001] [ignore_one_signal@drhook.c:1348]   DR_HOOK ignores signal#60 (Real-time signal 26)
[EC_DRHOOK:taranis1200:1:1:71373:71373] [20240717:084222:0.001] [ignore_one_signal@drhook.c:1348]   DR_HOOK ignores signal#61 (Real-time signal 27)
[EC_DRHOOK:taranis1200:1:1:71373:71373] [20240717:084222:0.001] [ignore_one_signal@drhook.c:1348]   DR_HOOK ignores signal#62 (Real-time signal 28)
[EC_DRHOOK:taranis1200:1:1:71373:71373] [20240717:084222:0.001] [ignore_one_signal@drhook.c:1348]   DR_HOOK ignores signal#63 (Real-time signal 29)
[EC_DRHOOK:taranis1200:1:1:71373:71373] [20240717:084222:0.001] [ignore_one_signal@drhook.c:1348]   DR_HOOK ignores signal#64 (Real-time signal 30)
[EC_DRHOOK:taranis1200:1:1:71373:71373] [20240717:084222:0.001] [ignore_one_signal@drhook.c:1348]   DR_HOOK ignores signal#65 (Unknown signal 65)
[EC_DRHOOK:taranis1200:1:1:71373:71373] [20240717:084222:0.001] [restore_default_signals@drhook.c:1298] DR_HOOK_RESTORE_DEFAULT_SIGNALS=<undef>
[EC_DRHOOK:taranis1200:1:1:71373:71373] [20240717:084222:0.001] [catch_signals@drhook.c:1210] DR_HOOK_CATCH_SIGNALS=<undef>
 EC_MEMINFO@RNSORT: MINCID, MAXCID, NUMNODES =  0 127 3
## EC_MEMINFO 
## EC_MEMINFO Detailed memory information for program /home/gmap/mrpm/marguina/gpupack/pack/49t2_openacc-bench-notransfer.01.INTEL2302.2d/bin/MASTERODB -- wall-time :      0.008s
## EC_MEMINFO Running on 3 nodes (8-numa) with 12 compute + 0 I/O-tasks and 32+0 threads at 08:42:22.510 on 17-Jul-2024
## EC_MEMINFO The Job Name is arp and the Job ID is 65632733
## EC_MEMINFO 
## EC_MEMINFO                           | TC    | MEMORY USED(MB) | MEMORY FREE(MB)  -------------    -------------    -------------    -------------    -------------    -------------    -------------   INCLUDING CACHED|  %USED %HUGE  | Energy  Power Running
## EC_MEMINFO                           | Malloc| Inc Heap        | Numa region  0 | Numa region  1 | Numa region  2 | Numa region  3 | Numa region  4 | Numa region  5 | Numa region  6 | Numa region  7 |                |               |    (J)    (W)
## EC_MEMINFO Node Name                 | Heap  | RSS(sum)        | Small  Huge or | Small  Huge or | Small  Huge or | Small  Huge or | Small  Huge or | Small  Huge or | Small  Huge or | Small  Huge or | Total          |
## EC_MEMINFO                           | (sum) | Small    Huge   |  Only   Small  |  Only   Small  |  Only   Small  |  Only   Small  |  Only   Small  |  Only   Small  |  Only   Small  |  Only   Small  | Memfree+Cached |
## EC_MEMINFO    0 taranis1200             2432    2905       0     18021    9640    10751   20580     8454   22340     8032   23514     6301   24440     4046   25676     7621   23248     4632   26524    245417    2072      1.2   0.0         0      0     128  Sm/p:master:computation
## EC_MEMINFO    1 taranis1209             2432    2908       0     13711   14426     5650   25178     4975   25824     5494   26026     6818   23884     5910   25542     4325   26508     4674   26506    247055     851      1.2   0.0         0      0     130  Sm/p:master:computation
## EC_MEMINFO    2 taranis1210             2432    2904       0     14252   13844     5341   26080     5086   25676     4935   26568     4050   26664     6264   24466     4056   26762     3999   27244    246866     842      1.2   0.0         0      0     129  Sm/p:master:computation
Reading namelist NAM_DISTRIBUTED_VECTORS from file 
Reading namelist NAMPAR0 from fort.4
MPL_BUFFER_METHOD:  2  2048000000
## EC_MEMINFO 
## EC_MEMINFO Detailed memory information for program /home/gmap/mrpm/marguina/gpupack/pack/49t2_openacc-bench-notransfer.01.INTEL2302.2d/bin/MASTERODB -- wall-time :      0.063s
## EC_MEMINFO Running on 3 nodes (8-numa) with 12 compute + 0 I/O-tasks and 32+0 threads at 08:42:22.565 on 17-Jul-2024
## EC_MEMINFO The Job Name is arp and the Job ID is 65632733
## EC_MEMINFO 
## EC_MEMINFO                           | TC    | MEMORY USED(MB) | MEMORY FREE(MB)  -------------    -------------    -------------    -------------    -------------    -------------    -------------   INCLUDING CACHED|  %USED %HUGE  | Energy  Power Running
## EC_MEMINFO                           | Malloc| Inc Heap        | Numa region  0 | Numa region  1 | Numa region  2 | Numa region  3 | Numa region  4 | Numa region  5 | Numa region  6 | Numa region  7 |                |               |    (J)    (W)
## EC_MEMINFO Node Name                 | Heap  | RSS(sum)        | Small  Huge or | Small  Huge or | Small  Huge or | Small  Huge or | Small  Huge or | Small  Huge or | Small  Huge or | Small  Huge or | Total          |
## EC_MEMINFO                           | (sum) | Small    Huge   |  Only   Small  |  Only   Small  |  Only   Small  |  Only   Small  |  Only   Small  |  Only   Small  |  Only   Small  |  Only   Small  | Memfree+Cached |
## EC_MEMINFO    0 taranis1200            10667    2996       0     18008    9640    10751   20580     8442   22340     8032   23514     6283   24440     4046   25676     7606   23248     4632   26524    245358    2085      1.2   0.0         0      0     129  Sm/p:oops:ifs_init
## EC_MEMINFO    1 taranis1209            10667    2996       0     13695   14426     5650   25178     4961   25824     5494   26026     6806   23884     5910   25542     4311   26508     4674   26506    246998     861      1.2   0.0         0      0     128  Sm/p:master:comput
## EC_MEMINFO    2 taranis1210            10668    2996       0     14236   13844     5341   26080     5072   25676     4935   26568     4037   26664     6264   24466     4040   26762     3999   27244    246808     853      1.2   0.0         0      0     128  Sm/p:master:comput
 ODB Observation Store options : L_READ_FROM_OBS_STORE =  F
 ODB Observation Store options : L_WRITE_TO_OBS_STORE  =  F
 ODB Observation Store options : ODB_OBS_STORE_PATH    = 
 ODB Observation Store options : NPOOLS_COPEDB         =            0
 ------ lparallelmethod.txt ------
 ------ lparallelmethod.txt ------
  08:42:46 STEP    0 H=   0:00 +CPU=246.189    
           STEP    0 :## EC_MEMINFO                           | TC    | MEMORY USED(MB) | MEMORY FREE(MB)  -------------    -------------    -------------    -------------    -------------    -------------    -------------   INCLUDING CACHED|  %USED %HUGE  | Energy  Power LoadAvg
           STEP    0 :## EC_MEMINFO                           | Malloc| Inc Heap        | Numa region  0 | Numa region  1 | Numa region  2 | Numa region  3 | Numa region  4 | Numa region  5 | Numa region  6 | Numa region  7 |                |               |    (J)    (W)
           STEP    0 :## EC_MEMINFO Node Name                 | Heap  | RSS(tsk)        | Small  Huge or | Small  Huge or | Small  Huge or | Small  Huge or | Small  Huge or | Small  Huge or | Small  Huge or | Small  Huge or | Total          |
           STEP    0 :## EC_MEMINFO                           | (sum) | Small    Huge   |  Only   Small  |  Only   Small  |  Only   Small  |  Only   Small  |  Only   Small  |  Only   Small  |  Only   Small  |  Only   Small  | Memfree+Cached |
           STEP    0 :## EC_MEMINFO    0 taranis1200            13958   12327       0     11114    9640     6089   20580     1432   22114     3388   23514      741   22722      419   25236      683   23152      407   25958    198781    2274      5.8   0.0         0      0   31.17  Sm/p
  08:42:49 STEP    1 H=   0:10 +CPU= 87.143    
           STEP    1 :## EC_MEMINFO    0 taranis1200            13972   12359       0     11153    9640     6030   20580     1458   22114     3278   23514      773   22722      473   25084      736   23152      500   25796    198603    2274      5.8   0.0         0      0   31.17  Sm/p
  08:42:51 STEP    2 H=   0:20 +CPU= 82.008    
           STEP    2 :## EC_MEMINFO    0 taranis1200            13989   12397       0     11204    9640     5958   20580     1440   22114     3276   23514      759   22722      480   25068      700   23152      468   25778    198439    2274      5.8   0.0         0      0   38.93  Sm/p
  08:42:55 STEP    3 H=   0:30 +CPU=118.643    
           STEP    3 :## EC_MEMINFO    0 taranis1200            13989   12403       0     11158    9640     6016   20580     1388   22114     3320   23514      754   22722      486   25062      746   23152      419   25770    198411    2274      5.8   0.0         0      0   46.06  Sm/p
  08:42:58 STEP    4 H=   0:40 +CPU= 87.864    
           STEP    4 :## EC_MEMINFO    0 taranis1200            13989   12406       0     11152    9640     6022   20580     1382   22114     3325   23514      748   22722      491   25062      748   23152      460   25728    198406    2274      5.8   0.0         0      0   46.06  Sm/p
  08:43:00 STEP    5 H=   0:50 +CPU= 79.598    
           STEP    5 :## EC_MEMINFO    0 taranis1200            13989   12409       0     11151    9640     6023   20580     1383   22114     3325   23514      750   22722      492   25062      749   23152      472   25718    198413    2274      5.8   0.0         0      0   52.62  Sm/p
  08:43:08 STEP    6 H=   1:00 +CPU=226.256    
           STEP    6 :## EC_MEMINFO    0 taranis1200            13989   12409       0     11172    9640     6093   20580     1434   22114     3365   23514      784   22722      552   25062      780   23152      508   25740    198793    2274      5.8   0.0         0      0   58.82  Sm/p
  08:43:10 STEP    7 H=   1:10 +CPU= 80.346    
           STEP    7 :## EC_MEMINFO    0 taranis1200            13989   12409       0     11129    9640     6079   20580     1422   22114     3337   23514      743   22722      501   25062      704   23152      498   25732    198505    2274      5.8   0.0         0      0   64.36  Sm/p
  08:43:12 STEP    8 H=   1:20 +CPU= 78.888    
           STEP    8 :## EC_MEMINFO    0 taranis1200            14001   12428       0     11090    9640     6069   20580     1391   22114     3314   23514      740   22722      501   25062      703   23152      491   25732    198390    2274      5.8   0.0         0      0   64.36  Sm/p
  08:43:15 STEP    9 H=   1:30 +CPU= 79.179    
           STEP    9 :## EC_MEMINFO    0 taranis1200            14002   12439       0     11085    9640     6067   20580     1391   22114     3311   23514      740   22722      498   25062      703   23152      484   25732    198367    2274      5.8   0.0         0      0   69.45  Sm/p
  08:43:18 STEP   10 H=   1:40 +CPU= 91.168    
           STEP   10 :## EC_MEMINFO    0 taranis1200            14002   12439       0     11084    9640     6067   20580     1379   22116     3310   23514      736   22722      499   25062      701   23152      481   25732    198346    2274      5.8   0.0         0      0   69.45  Sm/p
  08:43:21 STEP   11 H=   1:50 +CPU= 95.333    
           STEP   11 :## EC_MEMINFO    0 taranis1200            14002   12443       0     11084    9640     6064   20580     1381   22116     3310   23514      736   22722      500   25062      690   23152      481   25732    198334    2274      5.8   0.0         0      0   74.22  Sm/p
  08:43:29 STEP   12 H=   2:00 +CPU=232.284    
           STEP   12 :## EC_MEMINFO    0 taranis1200            14002   12443       0     11149    9640     6077   20580     1425   22116     3358   23514      779   22722      544   25062      771   23152      497   25732    198700    2278      5.8   0.0         0      0   78.77  Sm/p
  08:43:31 STEP   13 H=   2:10 +CPU= 81.545    
           STEP   13 :## EC_MEMINFO    0 taranis1200            14002   12443       0     11114    9640     6033   20580     1421   22116     3353   23514      743   22722      502   25062      766   23152      487   25718    198504    2278      5.8   0.0         0      0   82.79  Sm/p
  08:43:34 STEP   14 H=   2:20 +CPU= 87.612    
           STEP   14 :## EC_MEMINFO    0 taranis1200            14002   12443       0     11109    9640     6035   20580     1388   22116     3313   23514      749   22722      483   25062      730   23152      473   25710    198349    2278      5.8   0.0         0      0   82.79  Sm/p
  08:43:37 STEP   15 H=   2:30 +CPU= 95.387    
           STEP   15 :## EC_MEMINFO    0 taranis1200            14002   12444       0     11107    9640     6031   20580     1386   22116     3309   23514      751   22722      485   25056      730   23152      473   25706    198328    2278      5.8   0.0         0      0   86.41  Sm/p
  08:43:40 STEP   16 H=   2:40 +CPU= 78.358    
           STEP   16 :## EC_MEMINFO    0 taranis1200            14002   12445       0     11107    9640     6032   20580     1387   22116     3310   23514      752   22722      483   25058      730   23152      473   25704    198333    2278      5.8   0.0         0      0   89.74  Sm/p
  08:43:42 STEP   17 H=   2:50 +CPU= 79.232    
           STEP   17 :## EC_MEMINFO    0 taranis1200            14002   12445       0     11107    9640     6033   20580     1387   22116     3310   23514      752   22722      485   25056      731   23152      473   25704    198335    2279      5.8   0.0         0      0   89.74  Sm/p
  08:43:49 STEP   18 H=   3:00 +CPU=225.800    
           STEP   18 :## EC_MEMINFO    0 taranis1200            14002   12445       0     11148    9640     6089   20580     1428   22116     3361   23514      790   22722      541   25056      767   23152      526   25704    198709    2279      5.8   0.0         0      0   92.88  Sm/p
  08:43:52 STEP   19 H=   3:10 +CPU= 79.308    
           STEP   19 :## EC_MEMINFO    0 taranis1200            14002   12445       0     11107    9640     6052   20580     1393   22116     3316   23514      755   22722      495   25056      765   23152      517   25704    198457    2279      5.8   0.0         0      0   95.70  Sm/p
  08:43:54 STEP   20 H=   3:20 +CPU= 78.965    
           STEP   20 :## EC_MEMINFO    0 taranis1200            14002   12445       0     11103    9640     6050   20580     1389   22116     3311   23514      752   22722      495   25056      731   23152      482   25704    198368    2279      5.8   0.0         0      0   95.70  Sm/p
  08:43:57 STEP   21 H=   3:30 +CPU= 79.050    
           STEP   21 :## EC_MEMINFO    0 taranis1200            14002   12445       0     11102    9640     6044   20580     1388   22116     3310   23514      753   22722      491   25056      728   23152      478   25704    198353    2279      5.8   0.0         0      0   98.28  Sm/p
  08:43:59 STEP   22 H=   3:40 +CPU= 79.237    
           STEP   22 :## EC_MEMINFO    0 taranis1200            14002   12445       0     11102    9640     6043   20580     1388   22116     3311   23514      753   22722      491   25056      729   23152      476   25704    198351    2279      5.8   0.0         0      0   98.28  Sm/p
  08:44:02 STEP   23 H=   3:50 +CPU= 78.740    
           STEP   23 :## EC_MEMINFO    0 taranis1200            14002   12445       0     11102    9640     6043   20580     1387   22116     3312   23514      753   22722      491   25056      729   23152      477   25704    198353    2279      5.8   0.0         0      0  100.66  Sm/p
  08:44:09 STEP   24 H=   4:00 +CPU=229.119    
           STEP   24 :## EC_MEMINFO    0 taranis1200            14002   12445       0     11150    9640     6087   20580     1421   22116     3344   23514      794   22722      534   25056      757   23152      480   25704    198636    2279      5.8   0.0         0      0  102.93  Sm/p
  08:44:11 STEP   25 H=   4:10 +CPU= 78.786    
           STEP   25 :## EC_MEMINFO    0 taranis1200            14002   12445       0     11130    9640     6079   20580     1406   22116     3332   23514      772   22722      521   25056      775   23152      479   25696    198555    2279      5.8   0.0         0      0  104.94  Sm/p
  08:44:14 STEP   26 H=   4:20 +CPU= 78.570    
           STEP   26 :## EC_MEMINFO    0 taranis1200            14003   12445       0     11093    9640     6050   20580     1389   22116     3313   23514      770   22722      471   25052      752   23152      467   25688    198341    2279      5.8   0.0         0      0  104.94  Sm/p
  08:44:16 STEP   27 H=   4:30 +CPU= 78.402    
           STEP   27 :## EC_MEMINFO    0 taranis1200            14003   12449       0     11104    9640     6030   20580     1377   22116     3301   23514      767   22722      479   25038      770   23152      448   25678    198293    2279      5.8   0.0         0      0  106.79  Sm/p
  08:44:19 STEP   28 H=   4:40 +CPU= 79.566    
           STEP   28 :## EC_MEMINFO    0 taranis1200            14003   12450       0     11108    9640     6024   20580     1392   22116     3294   23514      832   22722      463   24988      756   23152      469   25650    198279    2279      5.8   0.0         0      0  106.79  Sm/p
  08:44:22 STEP   29 H=   4:50 +CPU= 88.106    
           STEP   29 :## EC_MEMINFO    0 taranis1200            14003   12450       0     11242    9640     5883   20580     1402   22116     3275   23514      832   22722      478   24972      792   23152      482   25614    198264    2279      5.8   0.0         0      0  108.56  Sm/p
  08:44:29 STEP   30 H=   5:00 +CPU=233.953    
           STEP   30 :## EC_MEMINFO    0 taranis1200            14003   12450       0     11319    9640     5906   20580     1476   22116     3293   23514      874   22722      523   24974      833   23152      535   25618    198639    2279      5.8   0.0         0      0  110.12  Sm/p
  08:44:31 STEP   31 H=   5:10 +CPU= 79.301    
           STEP   31 :## EC_MEMINFO    0 taranis1200            14003   12450       0     11281    9640     5862   20580     1438   22116     3251   23514      837   22722      483   24974      799   23152      491   25618    198329    2279      5.8   0.0         0      0  111.55  Sm/p
  08:44:34 STEP   32 H=   5:20 +CPU= 86.443    
           STEP   32 :## EC_MEMINFO    0 taranis1200            14003   12450       0     11277    9640     5863   20580     1441   22116     3243   23516      835   22722      484   24970      794   23152      492   25618    198309    2279      5.8   0.0         0      0  111.55  Sm/p
  08:44:38 STEP   33 H=   5:30 +CPU=101.061    
           STEP   33 :## EC_MEMINFO    0 taranis1200            14003   12450       0     11277    9640     5861   20580     1442   22116     3239   23516      781   22722      530   24970      739   23152      544   25618    198294    2279      5.8   0.0         0      0  112.87  Sm/p
  08:44:41 STEP   34 H=   5:40 +CPU= 97.903    
           STEP   34 :## EC_MEMINFO    0 taranis1200            14003   12450       0     11281    9640     5858   20580     1443   22116     3240   23516      782   22722      532   24970      740   23152      544   25618    198297    2279      5.8   0.0         0      0  114.08  Sm/p
  08:44:43 STEP   35 H=   5:50 +CPU= 79.243    
           STEP   35 :## EC_MEMINFO    0 taranis1200            14003   12450       0     11281    9640     5858   20580     1444   22116     3240   23516      784   22722      533   24970      741   23152      546   25618    198302    2279      5.8   0.0         0      0  114.08  Sm/p
  08:44:43 STEP   36 H=   6:00 +CPU=  0.480    
           STEP   36 :## EC_MEMINFO    0 taranis1200            14003   12450       0     11293    9640     5863   20580     1532   22116     3248   23516      846   22722      536   24970      844   23152      557   25618    198597    2279      5.8   0.0         0      0  114.08  Sm/p
## EC_MEMINFO                           | TC    | MEMORY USED(MB) | MEMORY FREE(MB)  -------------    -------------    -------------    -------------    -------------    -------------    -------------   INCLUDING CACHED|  %USED %HUGE  | Energy  Power LoadAvg
## EC_MEMINFO                           | Malloc| Inc Heap        | Numa region  0 | Numa region  1 | Numa region  2 | Numa region  3 | Numa region  4 | Numa region  5 | Numa region  6 | Numa region  7 |                |               |    (J)    (W)
## EC_MEMINFO Node Name                 | Heap  | RSS(sum)        | Small  Huge or | Small  Huge or | Small  Huge or | Small  Huge or | Small  Huge or | Small  Huge or | Small  Huge or | Small  Huge or | Total          |
## EC_MEMINFO                           | (sum) | Small    Huge   |  Only   Small  |  Only   Small  |  Only   Small  |  Only   Small  |  Only   Small  |  Only   Small  |  Only   Small  |  Only   Small  | Memfree+Cached |
## EC_MEMINFO    0 taranis1200            52551   50633       0     12759    9640     6964   20580     3050   22116     4261   23516     2345   22722     1509   25062     2265   23152     1636   25624    208767    2279     19.3   0.0         0      0  114.08  Sm/p:ec_mpi_finalize:mpl_end
## EC_MEMINFO    1 taranis1209            50788   50513       0      8417   14426     1804   25062     2386   22980     1723   25840     2427   22876     2149   25550     2104   23278     1475   25910    209987    1542     19.3   0.0         0      0  119.55  Sm/p:ec_mpi_finalize:mpl_end
## EC_MEMINFO    2 taranis1210            51055   50248       0      9004   13844     1649   25976     2251   23028     1964   25772     1837   23454     2507   24490     1906   23670     1391   26022    210353    1528     19.2   0.0         0      0  114.57  Sm/p:ec_mpi_finalize:mpl_end
## EC_MEMINFO 
## EC_MEMINFO 
## EC_MEMINFO  Total energy consumed :        0.000 kWh (0 J)
## EC_MEMINFO  Avg. power / node     : 0 W across 3 nodes
## EC_MEMINFO 
## EC_MEMINFO 
## EC_MEMINFO Detailed memory information for program /home/gmap/mrpm/marguina/gpupack/pack/49t2_openacc-bench-notransfer.01.INTEL2302.2d/bin/MASTERODB -- wall-time :    141.523s
## EC_MEMINFO Running on 3 nodes (8-numa) with 12 compute + 0 I/O-tasks and 32+0 threads at 08:44:44.026 on 17-Jul-2024
## EC_MEMINFO The Job Name is arp and the Job ID is 65632733
## EC_MEMINFO 
[EC_DRHOOK:taranis1200:1:1:71373:71373] [20240717:084444:141.881] [c_drhook_print_@drhook.c:4265] Writing profiling information of proc#1 into file 'drhook.prof.1'
Profiling information for program='/home/gmap/mrpm/marguina/gpupack/pack/49t2_openacc-bench-notransfer.01.INTEL2302.2d/bin/MASTERODB', proc#1:
	No. of instrumented routines called : 1119
	Instrumentation started : 20240717 084222
	Instrumentation   ended : 20240717 084444
	Instrumentation overhead: 0.69%
	Wall-time is 148.58 sec on proc#1 (12 procs, 32 threads)
	Thread#1:      140.54 sec (94.58%) -- Cycles: 318420957577 (319241149065)
	Thread#2:       85.01 sec (57.22%) -- Cycles: 193441614596 (319241160203)
	Thread#3:       85.02 sec (57.22%) -- Cycles: 193374777163 (319241151158)
	Thread#4:       85.03 sec (57.23%) -- Cycles: 193507662477 (319241149267)
	Thread#5:       85.10 sec (57.28%) -- Cycles: 193678942037 (319241171902)
	Thread#6:       85.06 sec (57.25%) -- Cycles: 193576322396 (319241185020)
	Thread#7:       84.96 sec (57.18%) -- Cycles: 193331073336 (319241172848)
	Thread#8:       84.95 sec (57.17%) -- Cycles: 193317398687 (319241169270)
	Thread#9:       84.85 sec (57.10%) -- Cycles: 193059189766 (319241167965)
	Thread#10:       84.67 sec (56.98%) -- Cycles: 192554838424 (319241175525)
	Thread#11:       84.69 sec (57.00%) -- Cycles: 192737329425 (319241168010)
	Thread#12:       84.73 sec (57.03%) -- Cycles: 192844618704 (319241168505)
	Thread#13:       84.47 sec (56.85%) -- Cycles: 192171454983 (319241159843)
	Thread#14:       84.32 sec (56.75%) -- Cycles: 191908955218 (319241170327)
	Thread#15:       84.43 sec (56.82%) -- Cycles: 192044187104 (319241159640)
	Thread#16:       84.35 sec (56.77%) -- Cycles: 192002928223 (319241160315)
	Thread#17:       84.66 sec (56.98%) -- Cycles: 192621482541 (319241187607)
	Thread#18:       84.78 sec (57.06%) -- Cycles: 192842779919 (319241197418)
	Thread#19:       84.74 sec (57.03%) -- Cycles: 192888145568 (319241190870)
	Thread#20:       84.69 sec (57.00%) -- Cycles: 192775427163 (319241187675)
	Thread#21:       84.76 sec (57.04%) -- Cycles: 192933343363 (319241218680)
	Thread#22:       84.82 sec (57.09%) -- Cycles: 193089058695 (319241229435)
	Thread#23:       84.71 sec (57.01%) -- Cycles: 192755737591 (319241219670)
	Thread#24:       84.86 sec (57.11%) -- Cycles: 193152887971 (319241218590)
	Thread#25:       84.92 sec (57.16%) -- Cycles: 193207972240 (319241218545)
	Thread#26:       84.70 sec (57.01%) -- Cycles: 192776466362 (319241230492)
	Thread#27:       84.86 sec (57.11%) -- Cycles: 193117880763 (319241222370)
	Thread#28:       84.84 sec (57.10%) -- Cycles: 193096906844 (319241217307)
	Thread#29:       84.93 sec (57.16%) -- Cycles: 193233265245 (319241202817)
	Thread#30:       84.86 sec (57.12%) -- Cycles: 193063447135 (319241203560)
	Thread#31:       84.95 sec (57.17%) -- Cycles: 193232446069 (319241201310)
	Thread#32:       84.98 sec (57.19%) -- Cycles: 193311346134 (319241203200)
*------------------------------------------------------------------------------*
|                                                                              |
|                                   stdeo.1                                    |
|                                                                              |
*------------------------------------------------------------------------------*
MPIAUTOTIMEOUT is set to 90 seconds
MPI_Init took 2 seconds
Reading namelist NAMPAR0 from fort.4
Reading namelist NAMPAR0 from fort.4
OMP: Warning #182: OMP_STACKSIZE: ignored because KMP_STACKSIZE has been defined
Reading namelist NAM_DISTRIBUTED_VECTORS from file 
Reading namelist NAMPAR0 from fort.4
 FADGRA: Field `SURFET.GEOPOTENT' is not declared in `faFieldName.def' and has no encoded FMULTM and FMULTE
 FADGRA: Field `SURFPROP.ARGILE' is not declared in `faFieldName.def' and has no encoded FMULTM and FMULTE
 FADGRA: Field `SURFPROP.SABLE' is not declared in `faFieldName.def' and has no encoded FMULTM and FMULTE
 FADGRA: Field `SURFEPAIS.SOL' is not declared in `faFieldName.def' and has no encoded FMULTM and FMULTE
 FADGRA: Field `SURFIND.VEG.DOMI' is not declared in `faFieldName.def' and has no encoded FMULTM and FMULTE
 ------ lparallelmethod.txt ------
 ------ lparallelmethod.txt ------
 SMILAG TRAJECTORY UNDERGROUND      1 TIMES.
  POINT=           23  MAX ETADOT VERTICAL VEL.=   1.264456125826265E-005
  LON  =    31.9200000000000       degrees
  LAT  =    66.6469546632196       degrees
 SMILAG TRAJECTORY UNDERGROUND      1 TIMES.
  POINT=           21  MAX ETADOT VERTICAL VEL.=   4.069102099281306E-007
  LON  =    32.4000000000000       degrees
  LAT  =    66.2885421167348       degrees
 SMILAG TRAJECTORY UNDERGROUND      1 TIMES.
  POINT=            1  MAX ETADOT VERTICAL VEL.=   5.652561069107378E-007
  LON  =    32.4000000000000       degrees
  LAT  =    66.3365368184525       degrees
*------------------------------------------------------------------------------*
|                                                                              |
|                                   stdeo.2                                    |
|                                                                              |
*------------------------------------------------------------------------------*
MPIAUTOTIMEOUT is set to 90 seconds
MPI_Init took 2 seconds
Reading namelist NAMPAR0 from fort.4
Reading namelist NAMPAR0 from fort.4
OMP: Warning #182: OMP_STACKSIZE: ignored because KMP_STACKSIZE has been defined
Reading namelist NAM_DISTRIBUTED_VECTORS from file 
Reading namelist NAMPAR0 from fort.4
 FADGRA: Field `SURFAEROS.SEA' is not declared in `faFieldName.def' and has no encoded FMULTM and FMULTE
 FADGRA: Field `SURFAEROS.LAND' is not declared in `faFieldName.def' and has no encoded FMULTM and FMULTE
 FADGRA: Field `SURFAEROS.SOOT' is not declared in `faFieldName.def' and has no encoded FMULTM and FMULTE
 FADGRA: Field `SURFAEROS.DESERT' is not declared in `faFieldName.def' and has no encoded FMULTM and FMULTE
 FADGRA: Field `SURFA.OF.OZONE' is not declared in `faFieldName.def' and has no encoded FMULTM and FMULTE
 FADGRA: Field `SURFB.OF.OZONE' is not declared in `faFieldName.def' and has no encoded FMULTM and FMULTE
 FADGRA: Field `SURFC.OF.OZONE' is not declared in `faFieldName.def' and has no encoded FMULTM and FMULTE
 ------ lparallelmethod.txt ------
 ------ lparallelmethod.txt ------
*------------------------------------------------------------------------------*
|                                                                              |
|                                   stdeo.3                                    |
|                                                                              |
*------------------------------------------------------------------------------*
MPIAUTOTIMEOUT is set to 90 seconds
MPI_Init took 2 seconds
Reading namelist NAMPAR0 from fort.4
Reading namelist NAMPAR0 from fort.4
OMP: Warning #182: OMP_STACKSIZE: ignored because KMP_STACKSIZE has been defined
Reading namelist NAM_DISTRIBUTED_VECTORS from file 
Reading namelist NAMPAR0 from fort.4
 ------ lparallelmethod.txt ------
 ------ lparallelmethod.txt ------
*------------------------------------------------------------------------------*
|                                                                              |
|                                   stdeo.4                                    |
|                                                                              |
*------------------------------------------------------------------------------*
MPIAUTOTIMEOUT is set to 90 seconds
MPI_Init took 1 seconds
Reading namelist NAMPAR0 from fort.4
Reading namelist NAMPAR0 from fort.4
OMP: Warning #182: OMP_STACKSIZE: ignored because KMP_STACKSIZE has been defined
Reading namelist NAM_DISTRIBUTED_VECTORS from file 
Reading namelist NAMPAR0 from fort.4
 ------ lparallelmethod.txt ------
 ------ lparallelmethod.txt ------
 SMILAG TRAJECTORY UNDERGROUND      1 TIMES.
  POINT=           23  MAX ETADOT VERTICAL VEL.=   1.111937956269438E-005
  LON  =    87.3000000000000       degrees
  LAT  =    37.9907004927884       degrees
 SMILAG TRAJECTORY UNDERGROUND      1 TIMES.
  POINT=           23  MAX ETADOT VERTICAL VEL.=   9.854852882870374E-006
  LON  =    87.3000000000000       degrees
  LAT  =    37.9907004927884       degrees
*------------------------------------------------------------------------------*
|                                                                              |
|                                   stdeo.5                                    |
|                                                                              |
*------------------------------------------------------------------------------*
MPIAUTOTIMEOUT is set to 90 seconds
MPI_Init took 1 seconds
Reading namelist NAMPAR0 from fort.4
Reading namelist NAMPAR0 from fort.4
OMP: Warning #182: OMP_STACKSIZE: ignored because KMP_STACKSIZE has been defined
Reading namelist NAM_DISTRIBUTED_VECTORS from file 
Reading namelist NAMPAR0 from fort.4
 ------ lparallelmethod.txt ------
 ------ lparallelmethod.txt ------
*------------------------------------------------------------------------------*
|                                                                              |
|                                   stdeo.6                                    |
|                                                                              |
*------------------------------------------------------------------------------*
MPIAUTOTIMEOUT is set to 90 seconds
MPI_Init took 1 seconds
Reading namelist NAMPAR0 from fort.4
Reading namelist NAMPAR0 from fort.4
OMP: Warning #182: OMP_STACKSIZE: ignored because KMP_STACKSIZE has been defined
Reading namelist NAM_DISTRIBUTED_VECTORS from file 
Reading namelist NAMPAR0 from fort.4
 ------ lparallelmethod.txt ------
 ------ lparallelmethod.txt ------
*------------------------------------------------------------------------------*
|                                                                              |
|                                   stdeo.7                                    |
|                                                                              |
*------------------------------------------------------------------------------*
MPIAUTOTIMEOUT is set to 90 seconds
MPI_Init took 1 seconds
Reading namelist NAMPAR0 from fort.4
Reading namelist NAMPAR0 from fort.4
OMP: Warning #182: OMP_STACKSIZE: ignored because KMP_STACKSIZE has been defined
Reading namelist NAM_DISTRIBUTED_VECTORS from file 
Reading namelist NAMPAR0 from fort.4
 ------ lparallelmethod.txt ------
 ------ lparallelmethod.txt ------
*------------------------------------------------------------------------------*
|                                                                              |
|                                   stdeo.8                                    |
|                                                                              |
*------------------------------------------------------------------------------*
MPIAUTOTIMEOUT is set to 90 seconds
MPI_Init took 1 seconds
Reading namelist NAMPAR0 from fort.4
Reading namelist NAMPAR0 from fort.4
OMP: Warning #182: OMP_STACKSIZE: ignored because KMP_STACKSIZE has been defined
Reading namelist NAM_DISTRIBUTED_VECTORS from file 
Reading namelist NAMPAR0 from fort.4
 ------ lparallelmethod.txt ------
 ------ lparallelmethod.txt ------
*------------------------------------------------------------------------------*
|                                                                              |
|                                   stdeo.9                                    |
|                                                                              |
*------------------------------------------------------------------------------*
MPIAUTOTIMEOUT is set to 90 seconds
MPI_Init took 1 seconds
Reading namelist NAMPAR0 from fort.4
Reading namelist NAMPAR0 from fort.4
OMP: Warning #182: OMP_STACKSIZE: ignored because KMP_STACKSIZE has been defined
Reading namelist NAM_DISTRIBUTED_VECTORS from file 
Reading namelist NAMPAR0 from fort.4
 ------ lparallelmethod.txt ------
 ------ lparallelmethod.txt ------
*------------------------------------------------------------------------------*
|                                                                              |
|                                   stdeo.10                                   |
|                                                                              |
*------------------------------------------------------------------------------*
MPIAUTOTIMEOUT is set to 90 seconds
MPI_Init took 1 seconds
Reading namelist NAMPAR0 from fort.4
Reading namelist NAMPAR0 from fort.4
OMP: Warning #182: OMP_STACKSIZE: ignored because KMP_STACKSIZE has been defined
Reading namelist NAM_DISTRIBUTED_VECTORS from file 
Reading namelist NAMPAR0 from fort.4
 ------ lparallelmethod.txt ------
 ------ lparallelmethod.txt ------
*------------------------------------------------------------------------------*
|                                                                              |
|                                   stdeo.11                                   |
|                                                                              |
*------------------------------------------------------------------------------*
MPIAUTOTIMEOUT is set to 90 seconds
MPI_Init took 1 seconds
Reading namelist NAMPAR0 from fort.4
Reading namelist NAMPAR0 from fort.4
OMP: Warning #182: OMP_STACKSIZE: ignored because KMP_STACKSIZE has been defined
Reading namelist NAM_DISTRIBUTED_VECTORS from file 
Reading namelist NAMPAR0 from fort.4
 ------ lparallelmethod.txt ------
 ------ lparallelmethod.txt ------
+ set -e
+ '[' xmeteo = x ']'
+ ls -lrt
total 800670
lrwxrwxrwx 1 marguina mrpm        74 Jul 17 08:42 total_solar_irradiance_CMIP6_47r1.nc -> /home/gmap/mrpm/marguina/gpupack/cy49/total_solar_irradiance_CMIP6_47r1.nc
lrwxrwxrwx 1 marguina mrpm        73 Jul 17 08:42 socrates_droplet_scattering_rrtm.nc -> /home/gmap/mrpm/marguina/gpupack/cy49/socrates_droplet_scattering_rrtm.nc
lrwxrwxrwx 1 marguina mrpm        71 Jul 17 08:42 slingo_droplet_scattering_rrtm.nc -> /home/gmap/mrpm/marguina/gpupack/cy49/slingo_droplet_scattering_rrtm.nc
lrwxrwxrwx 1 marguina mrpm        45 Jul 17 08:42 RADSRTM -> /home/gmap/mrpm/marguina/gpupack/cy49/RADSRTM
lrwxrwxrwx 1 marguina mrpm        45 Jul 17 08:42 RADRRTM -> /home/gmap/mrpm/marguina/gpupack/cy49/RADRRTM
lrwxrwxrwx 1 marguina mrpm        56 Jul 17 08:42 mcica_lognormal.nc -> /home/gmap/mrpm/marguina/gpupack/cy49/mcica_lognormal.nc
lrwxrwxrwx 1 marguina mrpm        52 Jul 17 08:42 mcica_gamma.nc -> /home/gmap/mrpm/marguina/gpupack/cy49/mcica_gamma.nc
lrwxrwxrwx 1 marguina mrpm        43 Jul 17 08:42 MCICA -> /home/gmap/mrpm/marguina/gpupack/cy49/MCICA
lrwxrwxrwx 1 marguina mrpm        95 Jul 17 08:42 greenhouse_gas_timeseries_CMIP6_SSP370_CFC11equiv_47r1.nc -> /home/gmap/mrpm/marguina/gpupack/cy49/greenhouse_gas_timeseries_CMIP6_SSP370_CFC11equiv_47r1.nc
lrwxrwxrwx 1 marguina mrpm        72 Jul 17 08:42 greenhouse_gas_climatology_48r1.nc -> /home/gmap/mrpm/marguina/gpupack/cy49/greenhouse_gas_climatology_48r1.nc
lrwxrwxrwx 1 marguina mrpm        72 Jul 17 08:42 greenhouse_gas_climatology_46r1.nc -> /home/gmap/mrpm/marguina/gpupack/cy49/greenhouse_gas_climatology_46r1.nc
lrwxrwxrwx 1 marguina mrpm        63 Jul 17 08:42 fu_ice_scattering_rrtm.nc -> /home/gmap/mrpm/marguina/gpupack/cy49/fu_ice_scattering_rrtm.nc
lrwxrwxrwx 1 marguina mrpm        67 Jul 17 08:42 es_droplet_scattering_rrtm.nc -> /home/gmap/mrpm/marguina/gpupack/cy49/es_droplet_scattering_rrtm.nc
lrwxrwxrwx 1 marguina mrpm        43 Jul 17 08:42 ECOZC -> /home/gmap/mrpm/marguina/gpupack/cy49/ECOZC
lrwxrwxrwx 1 marguina mrpm        69 Jul 17 08:42 ecoclimapII_eu_covers_param.bin -> /home/gmap/mrpm/marguina/gpupack/cy49/ecoclimapII_eu_covers_param.bin
lrwxrwxrwx 1 marguina mrpm        69 Jul 17 08:42 ecoclimapII_af_covers_param.bin -> /home/gmap/mrpm/marguina/gpupack/cy49/ecoclimapII_af_covers_param.bin
lrwxrwxrwx 1 marguina mrpm        65 Jul 17 08:42 ecoclimapI_covers_param.bin -> /home/gmap/mrpm/marguina/gpupack/cy49/ecoclimapI_covers_param.bin
lrwxrwxrwx 1 marguina mrpm        66 Jul 17 08:42 baran_ice_scattering_rrtm.nc -> /home/gmap/mrpm/marguina/gpupack/cy49/baran_ice_scattering_rrtm.nc
lrwxrwxrwx 1 marguina mrpm        41 Jul 17 08:42 arp -> /home/gmap/mrpm/marguina/gpupack/cy49/arp
lrwxrwxrwx 1 marguina mrpm        63 Jul 17 08:42 aerosol_ifs_rrtm_tegen.nc -> /home/gmap/mrpm/marguina/gpupack/cy49/aerosol_ifs_rrtm_tegen.nc
lrwxrwxrwx 1 marguina mrpm        57 Jul 17 08:42 aerosol_ifs_rrtm.nc -> /home/gmap/mrpm/marguina/gpupack/cy49/aerosol_ifs_rrtm.nc
lrwxrwxrwx 1 marguina mrpm        60 Jul 17 08:42 aerosol_ifs_rrtm_AB.nc -> /home/gmap/mrpm/marguina/gpupack/cy49/aerosol_ifs_rrtm_AB.nc
lrwxrwxrwx 1 marguina mrpm        73 Jul 17 08:42 aerosol_ifs_rrtm_46R1_with_NI_AM.nc -> /home/gmap/mrpm/marguina/gpupack/cy49/aerosol_ifs_rrtm_46R1_with_NI_AM.nc
lrwxrwxrwx 1 marguina mrpm        71 Jul 17 08:42 aerosol_cams_climatology_43R3a.nc -> /home/gmap/mrpm/marguina/gpupack/cy49/aerosol_cams_climatology_43R3a.nc
-rw-r--r-- 1 marguina mrpm        24 Jul 17 08:42 openacc_bind.txt
-rw-r--r-- 1 marguina mrpm 603955200 Jul 17 08:42 ICMSHFCSTINIT
-rw-r--r-- 1 marguina mrpm     27223 Jul 17 08:42 fort.4
-rw-r--r-- 1 marguina mrpm     49536 Jul 17 08:42 linux_bind.txt
-rwxr-xr-x 1 marguina mrpm       448 Jul 17 08:42 fixpgienv.sh
-rw-r--r-- 1 marguina mrpm  17864627 Jul 17 08:42 YDMODEL.CNT4.012.txt
-rw-r--r-- 1 marguina mrpm  17864627 Jul 17 08:42 YDMODEL.CNT4.011.txt
-rw-r--r-- 1 marguina mrpm  17864627 Jul 17 08:42 YDMODEL.CNT4.010.txt
-rw-r--r-- 1 marguina mrpm  17864627 Jul 17 08:42 YDMODEL.CNT4.009.txt
-rw-r--r-- 1 marguina mrpm  17864627 Jul 17 08:42 YDMODEL.CNT4.008.txt
-rw-r--r-- 1 marguina mrpm  17864627 Jul 17 08:42 YDMODEL.CNT4.007.txt
-rw-r--r-- 1 marguina mrpm  17864627 Jul 17 08:42 YDMODEL.CNT4.006.txt
-rw-r--r-- 1 marguina mrpm  17864627 Jul 17 08:42 YDMODEL.CNT4.005.txt
-rw-r--r-- 1 marguina mrpm  17864627 Jul 17 08:42 YDMODEL.CNT4.004.txt
-rw-r--r-- 1 marguina mrpm  17864627 Jul 17 08:42 YDMODEL.CNT4.003.txt
-rw-r--r-- 1 marguina mrpm  17864627 Jul 17 08:42 YDMODEL.CNT4.002.txt
-rw-r--r-- 1 marguina mrpm  17864627 Jul 17 08:42 YDMODEL.CNT4.001.txt
-rw-r--r-- 1 marguina mrpm       374 Jul 17 08:42 stdeo.9
-rw-r--r-- 1 marguina mrpm       374 Jul 17 08:42 stdeo.8
-rw-r--r-- 1 marguina mrpm       374 Jul 17 08:42 stdeo.7
-rw-r--r-- 1 marguina mrpm       374 Jul 17 08:42 stdeo.6
-rw-r--r-- 1 marguina mrpm       374 Jul 17 08:42 stdeo.5
-rw-r--r-- 1 marguina mrpm       374 Jul 17 08:42 stdeo.3
-rw-r--r-- 1 marguina mrpm      1117 Jul 17 08:42 stdeo.2
-rw-r--r-- 1 marguina mrpm       374 Jul 17 08:42 stdeo.11
-rw-r--r-- 1 marguina mrpm       374 Jul 17 08:42 stdeo.10
-rw-r--r-- 1 marguina mrpm         0 Jul 17 08:42 lparallelmethod.txt
-rw-r--r-- 1 marguina mrpm      1523 Jul 17 08:42 stdeo.1
-rw-r--r-- 1 marguina mrpm       784 Jul 17 08:44 stdeo.4
-rw-r--r-- 1 marguina mrpm   1262452 Jul 17 08:44 NODE.001_01
-rw-r--r-- 1 marguina mrpm     36543 Jul 17 08:44 stdeo.0
-rw-r--r-- 1 marguina mrpm     10335 Jul 17 08:44 meminfo.txt
-rw-r--r-- 1 marguina mrpm   1181953 Jul 17 08:44 drhook.prof.9
-rw-r--r-- 1 marguina mrpm   1182171 Jul 17 08:44 drhook.prof.8
-rw-r--r-- 1 marguina mrpm   1181953 Jul 17 08:44 drhook.prof.7
-rw-r--r-- 1 marguina mrpm   1181953 Jul 17 08:44 drhook.prof.6
-rw-r--r-- 1 marguina mrpm   1181953 Jul 17 08:44 drhook.prof.5
-rw-r--r-- 1 marguina mrpm   1181953 Jul 17 08:44 drhook.prof.4
-rw-r--r-- 1 marguina mrpm   1182165 Jul 17 08:44 drhook.prof.3
-rw-r--r-- 1 marguina mrpm   1182057 Jul 17 08:44 drhook.prof.2
-rw-r--r-- 1 marguina mrpm   1181955 Jul 17 08:44 drhook.prof.12
-rw-r--r-- 1 marguina mrpm   1181955 Jul 17 08:44 drhook.prof.11
-rw-r--r-- 1 marguina mrpm   1181955 Jul 17 08:44 drhook.prof.10
-rw-r--r-- 1 marguina mrpm   1182504 Jul 17 08:44 drhook.prof.1
++ basename /home/gmap/mrpm/marguina/gpupack/pack/49t2_openacc-bench-notransfer.01.INTEL2302.2d
+ pack=49t2_openacc-bench-notransfer.01.INTEL2302.2d
+ ref=/home/gmap/mrpm/marguina/gpupack/cy49/arp/t0798/ref/49t2_openacc-bench-notransfer.01.INTEL2302.2d/nominal/NODE.001_01
+ '[' '!' -f /home/gmap/mrpm/marguina/gpupack/cy49/arp/t0798/ref/49t2_openacc-bench-notransfer.01.INTEL2302.2d/nominal/NODE.001_01 ']'
++ dirname /home/gmap/mrpm/marguina/gpupack/cy49/arp/t0798/ref/49t2_openacc-bench-notransfer.01.INTEL2302.2d/nominal/NODE.001_01
+ dir=/home/gmap/mrpm/marguina/gpupack/cy49/arp/t0798/ref/49t2_openacc-bench-notransfer.01.INTEL2302.2d/nominal
+ mkdir -p /home/gmap/mrpm/marguina/gpupack/cy49/arp/t0798/ref/49t2_openacc-bench-notransfer.01.INTEL2302.2d/nominal
+ cp drhook.prof.1 /home/gmap/mrpm/marguina/gpupack/cy49/arp/t0798/ref/49t2_openacc-bench-notransfer.01.INTEL2302.2d/nominal/drhook.prof.1
+ cp NODE.001_01 /home/gmap/mrpm/marguina/gpupack/cy49/arp/t0798/ref/49t2_openacc-bench-notransfer.01.INTEL2302.2d/nominal/NODE.001_01
+ cd ..
+ for method in nominal openmp openmpsinglecolumn openaccsinglecolumn
+ mkdir -p openmp
+ cd openmp
+ for f in '$DATADIR/*'
++ basename /home/gmap/mrpm/marguina/gpupack/cy49/aerosol_cams_climatology_43R3a.nc
+ rm -f aerosol_cams_climatology_43R3a.nc
+ ln -s /home/gmap/mrpm/marguina/gpupack/cy49/aerosol_cams_climatology_43R3a.nc .
+ for f in '$DATADIR/*'
++ basename /home/gmap/mrpm/marguina/gpupack/cy49/aerosol_ifs_rrtm_46R1_with_NI_AM.nc
+ rm -f aerosol_ifs_rrtm_46R1_with_NI_AM.nc
+ ln -s /home/gmap/mrpm/marguina/gpupack/cy49/aerosol_ifs_rrtm_46R1_with_NI_AM.nc .
+ for f in '$DATADIR/*'
++ basename /home/gmap/mrpm/marguina/gpupack/cy49/aerosol_ifs_rrtm_AB.nc
+ rm -f aerosol_ifs_rrtm_AB.nc
+ ln -s /home/gmap/mrpm/marguina/gpupack/cy49/aerosol_ifs_rrtm_AB.nc .
+ for f in '$DATADIR/*'
++ basename /home/gmap/mrpm/marguina/gpupack/cy49/aerosol_ifs_rrtm.nc
+ rm -f aerosol_ifs_rrtm.nc
+ ln -s /home/gmap/mrpm/marguina/gpupack/cy49/aerosol_ifs_rrtm.nc .
+ for f in '$DATADIR/*'
++ basename /home/gmap/mrpm/marguina/gpupack/cy49/aerosol_ifs_rrtm_tegen.nc
+ rm -f aerosol_ifs_rrtm_tegen.nc
+ ln -s /home/gmap/mrpm/marguina/gpupack/cy49/aerosol_ifs_rrtm_tegen.nc .
+ for f in '$DATADIR/*'
++ basename /home/gmap/mrpm/marguina/gpupack/cy49/arp
+ rm -f arp
+ ln -s /home/gmap/mrpm/marguina/gpupack/cy49/arp .
+ for f in '$DATADIR/*'
++ basename /home/gmap/mrpm/marguina/gpupack/cy49/baran_ice_scattering_rrtm.nc
+ rm -f baran_ice_scattering_rrtm.nc
+ ln -s /home/gmap/mrpm/marguina/gpupack/cy49/baran_ice_scattering_rrtm.nc .
+ for f in '$DATADIR/*'
++ basename /home/gmap/mrpm/marguina/gpupack/cy49/ecoclimapI_covers_param.bin
+ rm -f ecoclimapI_covers_param.bin
+ ln -s /home/gmap/mrpm/marguina/gpupack/cy49/ecoclimapI_covers_param.bin .
+ for f in '$DATADIR/*'
++ basename /home/gmap/mrpm/marguina/gpupack/cy49/ecoclimapII_af_covers_param.bin
+ rm -f ecoclimapII_af_covers_param.bin
+ ln -s /home/gmap/mrpm/marguina/gpupack/cy49/ecoclimapII_af_covers_param.bin .
+ for f in '$DATADIR/*'
++ basename /home/gmap/mrpm/marguina/gpupack/cy49/ecoclimapII_eu_covers_param.bin
+ rm -f ecoclimapII_eu_covers_param.bin
+ ln -s /home/gmap/mrpm/marguina/gpupack/cy49/ecoclimapII_eu_covers_param.bin .
+ for f in '$DATADIR/*'
++ basename /home/gmap/mrpm/marguina/gpupack/cy49/ECOZC
+ rm -f ECOZC
+ ln -s /home/gmap/mrpm/marguina/gpupack/cy49/ECOZC .
+ for f in '$DATADIR/*'
++ basename /home/gmap/mrpm/marguina/gpupack/cy49/es_droplet_scattering_rrtm.nc
+ rm -f es_droplet_scattering_rrtm.nc
+ ln -s /home/gmap/mrpm/marguina/gpupack/cy49/es_droplet_scattering_rrtm.nc .
+ for f in '$DATADIR/*'
++ basename /home/gmap/mrpm/marguina/gpupack/cy49/fu_ice_scattering_rrtm.nc
+ rm -f fu_ice_scattering_rrtm.nc
+ ln -s /home/gmap/mrpm/marguina/gpupack/cy49/fu_ice_scattering_rrtm.nc .
+ for f in '$DATADIR/*'
++ basename /home/gmap/mrpm/marguina/gpupack/cy49/greenhouse_gas_climatology_46r1.nc
+ rm -f greenhouse_gas_climatology_46r1.nc
+ ln -s /home/gmap/mrpm/marguina/gpupack/cy49/greenhouse_gas_climatology_46r1.nc .
+ for f in '$DATADIR/*'
++ basename /home/gmap/mrpm/marguina/gpupack/cy49/greenhouse_gas_climatology_48r1.nc
+ rm -f greenhouse_gas_climatology_48r1.nc
+ ln -s /home/gmap/mrpm/marguina/gpupack/cy49/greenhouse_gas_climatology_48r1.nc .
+ for f in '$DATADIR/*'
++ basename /home/gmap/mrpm/marguina/gpupack/cy49/greenhouse_gas_timeseries_CMIP6_SSP370_CFC11equiv_47r1.nc
+ rm -f greenhouse_gas_timeseries_CMIP6_SSP370_CFC11equiv_47r1.nc
+ ln -s /home/gmap/mrpm/marguina/gpupack/cy49/greenhouse_gas_timeseries_CMIP6_SSP370_CFC11equiv_47r1.nc .
+ for f in '$DATADIR/*'
++ basename /home/gmap/mrpm/marguina/gpupack/cy49/MCICA
+ rm -f MCICA
+ ln -s /home/gmap/mrpm/marguina/gpupack/cy49/MCICA .
+ for f in '$DATADIR/*'
++ basename /home/gmap/mrpm/marguina/gpupack/cy49/mcica_gamma.nc
+ rm -f mcica_gamma.nc
+ ln -s /home/gmap/mrpm/marguina/gpupack/cy49/mcica_gamma.nc .
+ for f in '$DATADIR/*'
++ basename /home/gmap/mrpm/marguina/gpupack/cy49/mcica_lognormal.nc
+ rm -f mcica_lognormal.nc
+ ln -s /home/gmap/mrpm/marguina/gpupack/cy49/mcica_lognormal.nc .
+ for f in '$DATADIR/*'
++ basename /home/gmap/mrpm/marguina/gpupack/cy49/RADRRTM
+ rm -f RADRRTM
+ ln -s /home/gmap/mrpm/marguina/gpupack/cy49/RADRRTM .
+ for f in '$DATADIR/*'
++ basename /home/gmap/mrpm/marguina/gpupack/cy49/RADSRTM
+ rm -f RADSRTM
+ ln -s /home/gmap/mrpm/marguina/gpupack/cy49/RADSRTM .
+ for f in '$DATADIR/*'
++ basename /home/gmap/mrpm/marguina/gpupack/cy49/slingo_droplet_scattering_rrtm.nc
+ rm -f slingo_droplet_scattering_rrtm.nc
+ ln -s /home/gmap/mrpm/marguina/gpupack/cy49/slingo_droplet_scattering_rrtm.nc .
+ for f in '$DATADIR/*'
++ basename /home/gmap/mrpm/marguina/gpupack/cy49/socrates_droplet_scattering_rrtm.nc
+ rm -f socrates_droplet_scattering_rrtm.nc
+ ln -s /home/gmap/mrpm/marguina/gpupack/cy49/socrates_droplet_scattering_rrtm.nc .
+ for f in '$DATADIR/*'
++ basename /home/gmap/mrpm/marguina/gpupack/cy49/total_solar_irradiance_CMIP6_47r1.nc
+ rm -f total_solar_irradiance_CMIP6_47r1.nc
+ ln -s /home/gmap/mrpm/marguina/gpupack/cy49/total_solar_irradiance_CMIP6_47r1.nc .
+ cat arp/t0798/ICMSHFCSTINIT.000 arp/t0798/ICMSHFCSTINIT.001 arp/t0798/ICMSHFCSTINIT.002 arp/t0798/ICMSHFCSTINIT.003 arp/t0798/ICMSHFCSTINIT.004 arp/t0798/ICMSHFCSTINIT.005 arp/t0798/ICMSHFCSTINIT.006 arp/t0798/ICMSHFCSTINIT.007 arp/t0798/ICMSHFCSTINIT.008 arp/t0798/ICMSHFCSTINIT.009 arp/t0798/ICMSHFCSTINIT.010 arp/t0798/ICMSHFCSTINIT.011 arp/t0798/ICMSHFCSTINIT.012 arp/t0798/ICMSHFCSTINIT.013 arp/t0798/ICMSHFCSTINIT.014 arp/t0798/ICMSHFCSTINIT.015 arp/t0798/ICMSHFCSTINIT.016 arp/t0798/ICMSHFCSTINIT.017 arp/t0798/ICMSHFCSTINIT.018 arp/t0798/ICMSHFCSTINIT.019
+ cp arp/fort.4 .
+ chmod 644 fort.4
+ NNODE_FC=3
+ NTASK_FC=4
+ NOPMP_FC=32
+ NNODE_IO=0
+ NTASK_IO=8
+ NOPMP_IO=4
+ set +e
+ let 'NPROC_FC=3*4'
+ let 'NPROC_IO=0*8'
+ set -e
+ STOP=6
+ openmp_setup /home/gmap/mrpm/marguina/gpupack/pack/49t2_openacc-bench-notransfer.01.INTEL2302.2d
+ pack=/home/gmap/mrpm/marguina/gpupack/pack/49t2_openacc-bench-notransfer.01.INTEL2302.2d
+ rm -f lparallelmethod.txt lsynchost.txt
+ export INPART=1
+ INPART=1
+ export PERSISTENT=1
+ PERSISTENT=1
+ export PARALLEL=1
+ PARALLEL=1
+ unset LPARALLELMETHOD_VERBOSE
+ export SLCOMMACC=0
+ SLCOMMACC=0
+ export SLEXTPOLACC=0
+ SLEXTPOLACC=0
+ export CLLEGACY_SCAN2M=0
+ CLLEGACY_SCAN2M=0
+ export CNT4_COPY=0
+ CNT4_COPY=0
+ clean_stack
+ unset CLSTACKSIZE
+ unset CLSTACKSIZE4
+ unset CLSTACKSIZE8
+ export LLSIMPLE_DGEMM=1
+ LLSIMPLE_DGEMM=1
+ cp /home/gmap/mrpm/marguina/gpupack/pack/49t2_openacc-bench-notransfer.01.INTEL2302.2d/lparallelmethod.txt.OPENMP lparallelmethod.txt
+ LECRADACC=.FALSE.
+ ECRADSOLVER=McICA
+ ECRADARCH=CPU
+ xpnam '--delta=
  &NAMRIP
    CSTOP='\''h6'\'',
  /
  ' --inplace fort.4
++ square 12
+ xpnam '--delta=
  &NAMIO_SERV
    NPROC_IO=0,
  /
  &NAMPAR0
    NPROC=12,
    
NPRGPNS=4,
NPRGPEW=3,
NPRTRW=4,
NPRTRV=3,
  /
  &NAMPAR1
    NSTRIN=12,
  /
  ' --inplace fort.4
+ xpnam '--delta=
  &NAMDIM
    NPROMA=-32,
  /
  ' --inplace fort.4
+ xpnam '--delta=
  &NAMCT1
    N1HIS=0,
  /
  ' --inplace fort.4
+ NECRADLEN=1024
+ xpnam '--delta=
  &NAERAD
    CECRADARCH='\''CPU'\'',
    NECRADLEN=1024,
    LECRADACC=.FALSE.,
  /
  &RADIATION
    SW_SOLVER_NAME='\''McICA'\'',
    LW_SOLVER_NAME='\''McICA'\'',
  /
  ' --inplace fort.4
+ ls -lrt
total 573521
lrwxrwxrwx 1 marguina mrpm        74 Jul 17 08:44 total_solar_irradiance_CMIP6_47r1.nc -> /home/gmap/mrpm/marguina/gpupack/cy49/total_solar_irradiance_CMIP6_47r1.nc
lrwxrwxrwx 1 marguina mrpm        73 Jul 17 08:44 socrates_droplet_scattering_rrtm.nc -> /home/gmap/mrpm/marguina/gpupack/cy49/socrates_droplet_scattering_rrtm.nc
lrwxrwxrwx 1 marguina mrpm        71 Jul 17 08:44 slingo_droplet_scattering_rrtm.nc -> /home/gmap/mrpm/marguina/gpupack/cy49/slingo_droplet_scattering_rrtm.nc
lrwxrwxrwx 1 marguina mrpm        45 Jul 17 08:44 RADSRTM -> /home/gmap/mrpm/marguina/gpupack/cy49/RADSRTM
lrwxrwxrwx 1 marguina mrpm        45 Jul 17 08:44 RADRRTM -> /home/gmap/mrpm/marguina/gpupack/cy49/RADRRTM
lrwxrwxrwx 1 marguina mrpm        56 Jul 17 08:44 mcica_lognormal.nc -> /home/gmap/mrpm/marguina/gpupack/cy49/mcica_lognormal.nc
lrwxrwxrwx 1 marguina mrpm        52 Jul 17 08:44 mcica_gamma.nc -> /home/gmap/mrpm/marguina/gpupack/cy49/mcica_gamma.nc
lrwxrwxrwx 1 marguina mrpm        43 Jul 17 08:44 MCICA -> /home/gmap/mrpm/marguina/gpupack/cy49/MCICA
-rw-r--r-- 1 marguina mrpm     15817 Jul 17 08:44 lparallelmethod.txt
-rw-r--r-- 1 marguina mrpm 603955200 Jul 17 08:44 ICMSHFCSTINIT
lrwxrwxrwx 1 marguina mrpm        95 Jul 17 08:44 greenhouse_gas_timeseries_CMIP6_SSP370_CFC11equiv_47r1.nc -> /home/gmap/mrpm/marguina/gpupack/cy49/greenhouse_gas_timeseries_CMIP6_SSP370_CFC11equiv_47r1.nc
lrwxrwxrwx 1 marguina mrpm        72 Jul 17 08:44 greenhouse_gas_climatology_48r1.nc -> /home/gmap/mrpm/marguina/gpupack/cy49/greenhouse_gas_climatology_48r1.nc
lrwxrwxrwx 1 marguina mrpm        72 Jul 17 08:44 greenhouse_gas_climatology_46r1.nc -> /home/gmap/mrpm/marguina/gpupack/cy49/greenhouse_gas_climatology_46r1.nc
lrwxrwxrwx 1 marguina mrpm        63 Jul 17 08:44 fu_ice_scattering_rrtm.nc -> /home/gmap/mrpm/marguina/gpupack/cy49/fu_ice_scattering_rrtm.nc
-rw-r--r-- 1 marguina mrpm     27223 Jul 17 08:44 fort.4
lrwxrwxrwx 1 marguina mrpm        67 Jul 17 08:44 es_droplet_scattering_rrtm.nc -> /home/gmap/mrpm/marguina/gpupack/cy49/es_droplet_scattering_rrtm.nc
lrwxrwxrwx 1 marguina mrpm        43 Jul 17 08:44 ECOZC -> /home/gmap/mrpm/marguina/gpupack/cy49/ECOZC
lrwxrwxrwx 1 marguina mrpm        69 Jul 17 08:44 ecoclimapII_eu_covers_param.bin -> /home/gmap/mrpm/marguina/gpupack/cy49/ecoclimapII_eu_covers_param.bin
lrwxrwxrwx 1 marguina mrpm        69 Jul 17 08:44 ecoclimapII_af_covers_param.bin -> /home/gmap/mrpm/marguina/gpupack/cy49/ecoclimapII_af_covers_param.bin
lrwxrwxrwx 1 marguina mrpm        65 Jul 17 08:44 ecoclimapI_covers_param.bin -> /home/gmap/mrpm/marguina/gpupack/cy49/ecoclimapI_covers_param.bin
lrwxrwxrwx 1 marguina mrpm        66 Jul 17 08:44 baran_ice_scattering_rrtm.nc -> /home/gmap/mrpm/marguina/gpupack/cy49/baran_ice_scattering_rrtm.nc
lrwxrwxrwx 1 marguina mrpm        41 Jul 17 08:44 arp -> /home/gmap/mrpm/marguina/gpupack/cy49/arp
lrwxrwxrwx 1 marguina mrpm        63 Jul 17 08:44 aerosol_ifs_rrtm_tegen.nc -> /home/gmap/mrpm/marguina/gpupack/cy49/aerosol_ifs_rrtm_tegen.nc
lrwxrwxrwx 1 marguina mrpm        57 Jul 17 08:44 aerosol_ifs_rrtm.nc -> /home/gmap/mrpm/marguina/gpupack/cy49/aerosol_ifs_rrtm.nc
lrwxrwxrwx 1 marguina mrpm        60 Jul 17 08:44 aerosol_ifs_rrtm_AB.nc -> /home/gmap/mrpm/marguina/gpupack/cy49/aerosol_ifs_rrtm_AB.nc
lrwxrwxrwx 1 marguina mrpm        73 Jul 17 08:44 aerosol_ifs_rrtm_46R1_with_NI_AM.nc -> /home/gmap/mrpm/marguina/gpupack/cy49/aerosol_ifs_rrtm_46R1_with_NI_AM.nc
lrwxrwxrwx 1 marguina mrpm        71 Jul 17 08:44 aerosol_cams_climatology_43R3a.nc -> /home/gmap/mrpm/marguina/gpupack/cy49/aerosol_cams_climatology_43R3a.nc
+ cat fort.4
 &NACIETEO
 /
 &NACOBS
 /
 &NACTAN
 /
 &NACTEX
 /
 &NACVEG
 /
 &NADOCK
 /
 &NAEAEM7
 /
 &NAEAER
 /
 &NAECOAPHY
 /
 &NAEPHLI
 /
 &NAEPHY
 /
 &NAERAD
   LRRTM=.TRUE.,
   LSRTM=.TRUE.,
   NMCICA=1,
   NRADFR=-1,
   NSW=6,
   RLWINHF=0.9,
   LUSEPRE2017RAD=.FALSE.,
   NHINCSOL=0,
   NOVLP=1,
   NRADIP=2,
   NRADLP=2,
   STBKG=0.045,
   TRBKG=0.03,
   CECRADARCH='CPU',
   NECRADLEN=1024,
   LECRADACC=.FALSE.,
 /
 &NAERCLI
 /
 &NAETLDIAG
 /
 &NAEVOL
 /
 &NAIMPO
 /
 &NALORI
 /
 &NAMACV
 /
 &NAMAERDET
 /
 &NAMAFN
   GFP_ST%CLNAME='SURFTEMPERATURE',
   GFP_ST%IANO=0,
   GFP_ST%IBITS=12,
   GFP_DST%IBITS=12,
   GFP_SD%IBITS=16,
   GFP_X10U%IBITS=12,
   GFP_X10U%IANO=0,
   GFP_X10V%IBITS=12,
   GFP_X10V%IANO=0,
   GFP_X2RH%IBITS=12,
   GFP_X2RH%IANO=0,
   GFP_X2T%IBITS=12,
   GFP_X2T%IANO=1,
   GFP_XUGST%IBITS=12,
   GFP_XUGST%IANO=0,
   GFP_XVGST%IBITS=12,
   GFP_XVGST%IANO=0,
   GFP_XCCC%IBITS=8,
   GFP_XCLPH%LLMON=.TRUE.,
   GFP_XHCC%IBITS=8,
   GFP_XLCC%IBITS=8,
   GFP_XMCC%IBITS=8,
   GFP_XTCC%IBITS=8,
   TFP_HU%IBITS=12,
   TFP_MSL%IBITS=12,
   TFP_T%IBITS=12,
   TFP_TH%IBITS=12,
   TFP_THPW%IBITS=12,
   TFP_TWV%IBITS=12,
   TFP_U%IBITS=12,
   TFP_V%IBITS=12,
   TFP_CAPE%CLNAME='SURFCAPE.POS.F00',
   TFP_CAPE%IBITS=16,
   TFP_I%LLGP=.TRUE.,
   TFP_L%LLGP=.TRUE.,
   TFP_HTB%IBITS=16,
   TFP_HTB%LLGP=.TRUE.,
   TFP_TKE%IBITS=16,
   TFP_EDR%IBITS=16,
   GFP_DST%IANO=0,
   GFP_SD%IANO=0,
   GFP_SSW%IANO=0,
   GFP_DSW%IANO=0,
   GFP_FSSW%IANO=0,
   GFP_FDSW%IANO=0,
   GFP_XUGST2%IBITS=12,
   GFP_XUGST2%IANO=0,
   GFP_XVGST2%IBITS=12,
   GFP_XVGST2%IANO=0,
   GFP_SFIS%IBITS=16,
   GFP_XPTYPE%IBITS=16,
   GFP_XPTYPESEV%IBITS=16,
   GFP_XPTYPE2%IBITS=16,
   GFP_XPTYPESEV2%IBITS=16,
 /
 &NAMARG
   CNMEXP='FCST',
   LECMWF=.FALSE.,
   NCONF=1,
   NSUPERSEDE=1,
 /
 &NAMARPHY
   CCOUPLING='I',
   LMSE=.FALSE.,
 /
 &NAMCA
 /
 &NAMCAPE
   GCAPEPSD=0.5,
   LADAE=.TRUE.,
   LMCAPEA=.TRUE.,
 /
 &NAMCFU
   LCUMFU=.TRUE.,
   LFDUTP=.TRUE.,
   LFPLC=.TRUE.,
   LFPLS=.TRUE.,
   LFR=.TRUE.,
   LFRRC=.TRUE.,
   LFSF=.TRUE.,
   LFSOIL=.TRUE.,
   LMOON=.TRUE.,
   LNEBPAR=.TRUE.,
   LRAYD=.TRUE.,
   LSTRD=.TRUE.,
   LSTRT=.TRUE.,
 /
 &NAMCHEM
 /
 &NAMCHET
 /
 &NAMCHK
 /
 &NAMCLA
 /
 &NAMCLDP
 /
 &NAMCLI
 /
 &NAMCLOP15
 /
 &NAMCLTC
 /
 &NAMCMEM_MW
 /
 &NAMCOK
 /
 &NAMCOM
 /
 &NAMCOMPO
 /
 &NAMCOSJO
 /
 &NAMCOUPLO4
 /
 &NAMCT0
   CFPNCF='ECHFP',
   LFBDAP=.TRUE.,
   LFDBOP=.FALSE.,
   LOLDPP=.FALSE.,
   NDHFDTS(0)=-78,
   NDHFDTS(1)=-1,
   NDHFDTS(2)=-2,
   NDHFDTS(3)=-3,
   NDHFDTS(4)=-4,
   NDHFDTS(5)=-5,
   NDHFDTS(6)=-6,
   NDHFDTS(7)=-7,
   NDHFDTS(8)=-8,
   NDHFDTS(9)=-9,
   NDHFDTS(10)=-10,
   NDHFDTS(11)=-11,
   NDHFDTS(12)=-12,
   NDHFDTS(13)=-13,
   NDHFDTS(14)=-14,
   NDHFDTS(15)=-15,
   NDHFDTS(16)=-16,
   NDHFDTS(17)=-17,
   NDHFDTS(18)=-18,
   NDHFDTS(19)=-19,
   NDHFDTS(20)=-20,
   NDHFDTS(21)=-21,
   NDHFDTS(22)=-22,
   NDHFDTS(23)=-23,
   NDHFDTS(24)=-24,
   NDHFDTS(25)=-25,
   NDHFDTS(26)=-26,
   NDHFDTS(27)=-27,
   NDHFDTS(28)=-28,
   NDHFDTS(29)=-29,
   NDHFDTS(30)=-30,
   NDHFDTS(31)=-31,
   NDHFDTS(32)=-32,
   NDHFDTS(33)=-33,
   NDHFDTS(34)=-34,
   NDHFDTS(35)=-35,
   NDHFDTS(36)=-36,
   NDHFDTS(37)=-37,
   NDHFDTS(38)=-38,
   NDHFDTS(39)=-39,
   NDHFDTS(40)=-40,
   NDHFDTS(41)=-41,
   NDHFDTS(42)=-42,
   NDHFDTS(43)=-43,
   NDHFDTS(44)=-44,
   NDHFDTS(45)=-45,
   NDHFDTS(46)=-46,
   NDHFDTS(47)=-47,
   NDHFDTS(48)=-48,
   NDHFDTS(49)=-49,
   NDHFDTS(50)=-50,
   NDHFDTS(51)=-51,
   NDHFDTS(52)=-52,
   NDHFDTS(53)=-53,
   NDHFDTS(54)=-54,
   NDHFDTS(55)=-55,
   NDHFDTS(56)=-56,
   NDHFDTS(57)=-57,
   NDHFDTS(58)=-58,
   NDHFDTS(59)=-59,
   NDHFDTS(60)=-60,
   NDHFDTS(61)=-61,
   NDHFDTS(62)=-62,
   NDHFDTS(63)=-63,
   NDHFDTS(64)=-64,
   NDHFDTS(65)=-65,
   NDHFDTS(66)=-66,
   NDHFDTS(67)=-67,
   NDHFDTS(68)=-68,
   NDHFDTS(69)=-69,
   NDHFDTS(70)=-70,
   NDHFDTS(71)=-71,
   NDHFDTS(72)=-72,
   NDHFDTS(73)=-73,
   NDHFDTS(74)=-74,
   NDHFDTS(75)=-75,
   NDHFDTS(76)=-76,
   NDHFDTS(77)=-77,
   NDHFDTS(78)=-78,
   NDHFZTS(0)=-35,
   NDHFZTS(1)=0,
   NDHFZTS(2)=-3,
   NDHFZTS(3)=-6,
   NDHFZTS(4)=-9,
   NDHFZTS(5)=-12,
   NDHFZTS(6)=-15,
   NDHFZTS(7)=-18,
   NDHFZTS(8)=-21,
   NDHFZTS(9)=-24,
   NFPOS=0,
   NFRDHFD=1,
   NFRDHFZ=1,
   NFRGDI=1,
   NFRHIS=1,
   NFRPOS=1,
   NFRSDI=1,
   NGDITS(0)=-1,
   NGDITS(1)=0,
   NHISTS(0)=-9,
   NHISTS(1)=0,
   NHISTS(2)=-6,
   NHISTS(3)=-12,
   NHISTS(4)=-18,
   NHISTS(5)=-24,
   NHISTS(6)=-30,
   NHISTS(7)=-36,
   NHISTS(8)=-42,
   NHISTS(9)=-48,
   NHISTS(10)=-9,
   NHISTS(11)=-10,
   NHISTS(12)=-11,
   NHISTS(13)=-12,
   NHISTS(14)=-13,
   NHISTS(15)=-14,
   NHISTS(16)=-15,
   NHISTS(17)=-16,
   NHISTS(18)=-17,
   NHISTS(19)=-18,
   NHISTS(20)=-19,
   NHISTS(21)=-20,
   NHISTS(22)=-21,
   NHISTS(23)=-22,
   NHISTS(24)=-23,
   NHISTS(25)=-24,
   NHISTS(26)=-25,
   NHISTS(27)=-26,
   NHISTS(28)=-27,
   NHISTS(29)=-28,
   NHISTS(30)=-29,
   NHISTS(31)=-30,
   NHISTS(32)=-31,
   NHISTS(33)=-32,
   NHISTS(34)=-33,
   NHISTS(35)=-34,
   NHISTS(36)=-35,
   NHISTS(37)=-36,
   NHISTS(38)=-37,
   NHISTS(39)=-38,
   NHISTS(40)=-39,
   NHISTS(41)=-40,
   NHISTS(42)=-41,
   NHISTS(43)=-42,
   NHISTS(44)=-43,
   NHISTS(45)=-44,
   NHISTS(46)=-45,
   NHISTS(47)=-46,
   NHISTS(48)=-47,
   NHISTS(49)=-48,
   NHISTS(50)=-49,
   NHISTS(51)=-50,
   NHISTS(52)=-51,
   NHISTS(53)=-52,
   NHISTS(54)=-53,
   NHISTS(55)=-54,
   NHISTS(56)=-55,
   NHISTS(57)=-56,
   NHISTS(58)=-57,
   NHISTS(59)=-58,
   NHISTS(60)=-59,
   NHISTS(61)=-60,
   NHISTS(62)=-61,
   NHISTS(63)=-62,
   NHISTS(64)=-63,
   NHISTS(65)=-64,
   NHISTS(66)=-65,
   NHISTS(67)=-66,
   NHISTS(68)=-67,
   NHISTS(69)=-68,
   NHISTS(70)=-69,
   NHISTS(71)=-70,
   NHISTS(72)=-71,
   NHISTS(73)=-72,
   NHISTS(74)=-73,
   NHISTS(75)=-74,
   NHISTS(76)=-75,
   NHISTS(77)=-76,
   NHISTS(78)=-77,
   NHISTS(79)=-78,
   NHISTS(80)=-79,
   NHISTS(81)=-80,
   NHISTS(82)=-81,
   NHISTS(83)=-82,
   NHISTS(84)=-83,
   NHISTS(85)=-84,
   NHISTS(86)=-85,
   NHISTS(87)=-86,
   NHISTS(88)=-87,
   NHISTS(89)=-88,
   NHISTS(90)=-89,
   NHISTS(91)=-90,
   NHISTS(92)=-91,
   NHISTS(93)=-92,
   NHISTS(94)=-93,
   NHISTS(95)=-94,
   NHISTS(96)=-95,
   NHISTS(97)=-96,
   NHISTS(98)=-97,
   NHISTS(99)=-98,
   NHISTS(100)=-99,
   NHISTS(101)=-100,
   NHISTS(102)=-101,
   NHISTS(103)=-102,
   NHISTS(104)=-108,
   NHISTS(105)=-114,
   NPOSTS(0)=-9,
   NPOSTS(1)=0,
   NPOSTS(2)=-6,
   NPOSTS(3)=-12,
   NPOSTS(4)=-18,
   NPOSTS(5)=-24,
   NPOSTS(6)=-30,
   NPOSTS(7)=-36,
   NPOSTS(8)=-42,
   NPOSTS(9)=-48,
   NPOSTS(10)=-9,
   NPOSTS(11)=-10,
   NPOSTS(12)=-11,
   NPOSTS(13)=-12,
   NPOSTS(14)=-13,
   NPOSTS(15)=-14,
   NPOSTS(16)=-15,
   NPOSTS(17)=-16,
   NPOSTS(18)=-17,
   NPOSTS(19)=-18,
   NPOSTS(20)=-19,
   NPOSTS(21)=-20,
   NPOSTS(22)=-21,
   NPOSTS(23)=-22,
   NPOSTS(24)=-23,
   NPOSTS(25)=-24,
   NPOSTS(26)=-25,
   NPOSTS(27)=-26,
   NPOSTS(28)=-27,
   NPOSTS(29)=-28,
   NPOSTS(30)=-29,
   NPOSTS(31)=-30,
   NPOSTS(32)=-31,
   NPOSTS(33)=-32,
   NPOSTS(34)=-33,
   NPOSTS(35)=-34,
   NPOSTS(36)=-35,
   NPOSTS(37)=-36,
   NPOSTS(38)=-37,
   NPOSTS(39)=-38,
   NPOSTS(40)=-39,
   NPOSTS(41)=-40,
   NPOSTS(42)=-41,
   NPOSTS(43)=-42,
   NPOSTS(44)=-43,
   NPOSTS(45)=-44,
   NPOSTS(46)=-45,
   NPOSTS(47)=-46,
   NPOSTS(48)=-47,
   NPOSTS(49)=-48,
   NPOSTS(50)=-49,
   NPOSTS(51)=-50,
   NPOSTS(52)=-51,
   NPOSTS(53)=-52,
   NPOSTS(54)=-53,
   NPOSTS(55)=-54,
   NPOSTS(56)=-55,
   NPOSTS(57)=-56,
   NPOSTS(58)=-57,
   NPOSTS(59)=-58,
   NPOSTS(60)=-59,
   NPOSTS(61)=-60,
   NPOSTS(62)=-61,
   NPOSTS(63)=-62,
   NPOSTS(64)=-63,
   NPOSTS(65)=-64,
   NPOSTS(66)=-65,
   NPOSTS(67)=-66,
   NPOSTS(68)=-67,
   NPOSTS(69)=-68,
   NPOSTS(70)=-69,
   NPOSTS(71)=-70,
   NPOSTS(72)=-71,
   NPOSTS(73)=-72,
   NPOSTS(74)=-73,
   NPOSTS(75)=-74,
   NPOSTS(76)=-75,
   NPOSTS(77)=-76,
   NPOSTS(78)=-77,
   NPOSTS(79)=-78,
   NPOSTS(80)=-79,
   NPOSTS(81)=-80,
   NPOSTS(82)=-81,
   NPOSTS(83)=-82,
   NPOSTS(84)=-83,
   NPOSTS(85)=-84,
   NPOSTS(86)=-85,
   NPOSTS(87)=-86,
   NPOSTS(88)=-87,
   NPOSTS(89)=-88,
   NPOSTS(90)=-89,
   NPOSTS(91)=-90,
   NPOSTS(92)=-91,
   NPOSTS(93)=-92,
   NPOSTS(94)=-93,
   NPOSTS(95)=-94,
   NPOSTS(96)=-95,
   NPOSTS(97)=-96,
   NPOSTS(98)=-97,
   NPOSTS(99)=-98,
   NPOSTS(100)=-99,
   NPOSTS(101)=-100,
   NPOSTS(102)=-101,
   NPOSTS(103)=-102,
   NPOSTS(104)=-103,
   NPOSTS(105)=-104,
   NPOSTS(106)=-105,
   NPOSTS(107)=-106,
   NPOSTS(108)=-107,
   NPOSTS(109)=-108,
   NPOSTS(110)=-109,
   NPOSTS(111)=-110,
   NPOSTS(112)=-111,
   NPOSTS(113)=-112,
   NPOSTS(114)=-113,
   NPOSTS(115)=-114,
   NSFXHISTS(0)=-3,
   NSFXHISTS(1)=0,
   NSFXHISTS(2)=-3,
   NSFXHISTS(3)=-6,
   NSFXHISTS(4)=-9,
   NSFXHISTS(5)=-12,
   NSFXHISTS(6)=-15,
   NSFXHISTS(7)=-18,
   NSFXHISTS(8)=-21,
   NSFXHISTS(9)=-24,
   NSFXHISTS(10)=-48,
   NSFXHISTS(11)=-72,
   NSFXHISTS(12)=-96,
   NSPPR=1,
   NSDITS(0)=50,
   NSDITS(1)= 0,
   NSDITS(2)= 1,
   NSDITS(3)= 2,
   NSDITS(4)= 3,
   NSDITS(5)= 4,
   NSDITS(6)= 5,
   NSDITS(7)= 6,
   NSDITS(8)= 7,
   NSDITS(9)= 8,
   NSDITS(10)= 9,
   NSDITS(11)=10,
   NSDITS(12)=11,
   NSDITS(13)=12,
   NSDITS(14)=13,
   NSDITS(15)=14,
   NSDITS(16)=15,
   NSDITS(17)=16,
   NSDITS(18)=17,
   NSDITS(19)=18,
   NSDITS(20)=19,
   NSDITS(21)=20,
   NSDITS(22)=21,
   NSDITS(23)=22,
   NSDITS(24)=23,
   NSDITS(25)=24,
   NSDITS(26)=25,
   NSDITS(27)=26,
   NSDITS(28)=27,
   NSDITS(29)=28,
   NSDITS(30)=29,
   NSDITS(31)=30,
   NSDITS(32)=31,
   NSDITS(33)=32,
   NSDITS(34)=33,
   NSDITS(35)=34,
   NSDITS(36)=35,
   NSDITS(37)=36,
   NSDITS(38)=37,
   NSDITS(39)=38,
   NSDITS(40)=39,
   NSDITS(41)=40,
   NSDITS(42)=41,
   NSDITS(43)=42,
   NSDITS(44)=43,
   NSDITS(45)=44,
   NSDITS(46)=45,
   NSDITS(47)=46,
   NSDITS(48)=47,
   NSDITS(49)=48,
   NSDITS(50)=49,
   NDHFZTS(10)=-27,
   NDHFZTS(11)=-30,
   NDHFZTS(12)=-33,
   NDHFZTS(13)=-36,
   NDHFZTS(14)=-39,
   NDHFZTS(15)=-42,
   NDHFZTS(16)=-45,
   NDHFZTS(17)=-48,
   NDHFZTS(18)=-51,
   NDHFZTS(19)=-54,
   NDHFZTS(20)=-57,
   NDHFZTS(21)=-60,
   NDHFZTS(22)=-63,
   NDHFZTS(23)=-66,
   NDHFZTS(24)=-69,
   NDHFZTS(25)=-72,
   NDHFZTS(26)=-75,
   NDHFZTS(27)=-78,
   NDHFZTS(28)=-81,
   NDHFZTS(29)=-84,
   NDHFZTS(30)=-87,
   NDHFZTS(31)=-90,
   NDHFZTS(32)=-93,
   NDHFZTS(33)=-96,
   NDHFZTS(34)=-99,
   NDHFZTS(35)=-102,
   LGRIB_API=.FALSE.,
 /
 &NAMCT1
   LRFILAF=.FALSE.,
   N1POS=1,
   N1RES=0,
   N1SFXHIS=1,
   N1SDI=1,
   N1HIS=0,
 /
 &NAMCUMF
   RMFDEPS=0.15,
   RPRCON=0.004,
 /
 &NAMCUMFS
 /
 &NAMCVER
   LVERTFE=.TRUE.,
   NVFE_TYPE=3,
   NDLNPR=0,
   LAPRXPK=.TRUE.,
   LREGETA=.FALSE.,
 /
 &NAMCVMNH
   LSMOOTH=.FALSE.,
   OTADJS=10800.,
   XATPERT=500.,
   XAW=1.,
   XBTPERT=0.5,
   XBW=0.5,
   XCDEPTH=1.,
   XCDEPTH_D=4000.,
   XDTPERT=0.3,
   XENTR=0.01,
 /
 &NAMDDH
   BDEDDH(1,1)=4.,
   BDEDDH(1,2)=4.,
   BDEDDH(1,3)=4.,
   BDEDDH(1,4)=4.,
   BDEDDH(1,5)=4.,
   BDEDDH(1,6)=4.,
   BDEDDH(1,7)=4.,
   BDEDDH(1,8)=4.,
   BDEDDH(1,9)=4.,
   BDEDDH(1,10)=4.,
   BDEDDH(1,11)=4.,
   BDEDDH(1,12)=4.,
   BDEDDH(1,13)=4.,
   BDEDDH(1,14)=4.,
   BDEDDH(1,15)=4.,
   BDEDDH(1,16)=4.,
   BDEDDH(1,17)=4.,
   BDEDDH(1,18)=4.,
   BDEDDH(1,19)=4.,
   BDEDDH(1,20)=4.,
   BDEDDH(1,21)=4.,
   BDEDDH(1,22)=4.,
   BDEDDH(1,23)=4.,
   BDEDDH(1,24)=4.,
   BDEDDH(1,25)=4.,
   BDEDDH(2,1)=1.,
   BDEDDH(2,2)=1.,
   BDEDDH(2,3)=1.,
   BDEDDH(2,4)=1.,
   BDEDDH(2,5)=1.,
   BDEDDH(2,6)=1.,
   BDEDDH(2,7)=1.,
   BDEDDH(2,8)=1.,
   BDEDDH(2,9)=1.,
   BDEDDH(2,10)=1.,
   BDEDDH(2,11)=1.,
   BDEDDH(2,12)=1.,
   BDEDDH(2,13)=1.,
   BDEDDH(2,14)=1.,
   BDEDDH(2,15)=1.,
   BDEDDH(2,16)=1.,
   BDEDDH(2,17)=1.,
   BDEDDH(2,18)=1.,
   BDEDDH(2,19)=1.,
   BDEDDH(2,20)=1.,
   BDEDDH(2,21)=1.,
   BDEDDH(2,22)=1.,
   BDEDDH(2,23)=1.,
   BDEDDH(2,24)=1.,
   BDEDDH(2,25)=1.,
   BDEDDH(3,1)=-85.94,
   BDEDDH(3,2)=-156.616,
   BDEDDH(3,3)=26.65,
   BDEDDH(3,4)=14.124,
   BDEDDH(3,5)=4.927,
   BDEDDH(3,6)=-1.437,
   BDEDDH(3,7)=2.208,
   BDEDDH(3,8)=-0.692,
   BDEDDH(3,9)=4.407,
   BDEDDH(3,10)=1.374,
   BDEDDH(3,11)=0.37,
   BDEDDH(3,12)=15.75,
   BDEDDH(3,13)=-97.5,
   BDEDDH(3,14)=2.176,
   BDEDDH(3,15)=166.916,
   BDEDDH(3,16)=147.425,
   BDEDDH(3,17)=130.891,
   BDEDDH(3,18)=-5.783,
   BDEDDH(3,19)=24.65,
   BDEDDH(3,20)=27.5,
   BDEDDH(3,21)=25.566,
   BDEDDH(3,22)=123.34,
   BDEDDH(3,23)=127.21,
   BDEDDH(3,24)=140.01,
   BDEDDH(3,25)=-26.65,
   BDEDDH(4,1)=79.99,
   BDEDDH(4,2)=71.322,
   BDEDDH(4,3)=67.37,
   BDEDDH(4,4)=52.167,
   BDEDDH(4,5)=51.971,
   BDEDDH(4,6)=51.145,
   BDEDDH(4,7)=48.713,
   BDEDDH(4,8)=44.832,
   BDEDDH(4,9)=43.858,
   BDEDDH(4,10)=43.575,
   BDEDDH(4,11)=43.128,
   BDEDDH(4,12)=40.59,
   BDEDDH(4,13)=36.617,
   BDEDDH(4,14)=13.477,
   BDEDDH(4,15)=-0.521,
   BDEDDH(4,16)=-2.006,
   BDEDDH(4,17)=-12.425,
   BDEDDH(4,18)=41.816,
   BDEDDH(4,19)=60.183,
   BDEDDH(4,20)=62.666,
   BDEDDH(4,21)=66.55,
   BDEDDH(4,22)=-75.08,
   BDEDDH(4,23)=34.76,
   BDEDDH(4,24)=-66.66,
   BDEDDH(4,25)=-75.58,
   LHDDOP=.FALSE.,
   LHDEFD=.FALSE.,
   LHDEFZ=.FALSE.,
   LHDHKS=.FALSE.,
   LHDZON=.FALSE.,
   NDHKD=30,
   LHDGLB=.FALSE.,
   LHDMCI=.FALSE.,
   LHDENT=.FALSE.,
   LHDEFG=.FALSE.,
   LHDPRG=.FALSE.,
   LHDPRZ=.FALSE.,
   LHDPRD=.FALSE.,
   LHDFIL=.FALSE.,
 /
 &NAMDFI
 /
 &NAMDIM
   NPROMA=-32,
 /
 &NAMDIMO
 /
 &NAMDIM_TRAJ
 /
 &NAMDPHY
 /
 &NAMDPRECIPS
 /
 &NAMDVISI
   HVISI=10.,
 /
 &NAMDWET
 /
 &NAMDYN
   LADVF=.TRUE.,
   NTLAG=3,
   NVLAG=3,
   NWLAG=3,
   RCMSLP0=1.,
   REPS1=0.,
   REPS2=0.,
   REPSM1=0.,
   REPSM2=0.,
   REPSP1=0.,
   RW2TLFF=1.,
   SIPR=100000.,
   SITR=350.,
   VESL=0.,
   XIDT=0.,
   RDAMPDIV=4.,
   RDAMPQ=0.,
   RDAMPT=0.,
   RDAMPVOR=50.,
   SLEVDH1=0.15,
   SLEVDH2=0.08,
   NITMP=4,
   RATIO_HDI_TOP=20.,
   CLAITRI_TYPE='VECTOR',
   CLAITRI_WENO_TYPE='VECTOR',
 /
 &NAMDYNA
   LSETTLS=.TRUE.,
   LSETTLST=.TRUE.,
   LSETTLSV=.TRUE.,
   LSLAG=.TRUE.,
   LTWOTL=.TRUE.,
   LSPRT=.TRUE.,
 /
 &NAMDYNA_STATIC
 /
 &NAMDYNCORE
 /
 &NAMEMIS_CONF
 /
 &NAMENKF
 /
 &NAMFA
   NBITCS=-1,
   NBITPG=-1,
   NSTRON=-1,
   LSUPPDATE=.FALSE.,
   YFAIRAD%NBITS=12,
   YFALRAD%NBITS=12,
   YFATKE%NBITS=16,
   YFACLF%NBITS=6,
   YFA_XUGST%CLNAME='CLSU.RAF60M.XFU',
   YFA_XVGST%CLNAME='CLSV.RAF60M.XFU',
   YFA_MXCLWC%CLNAME='CLD_WX_60M',
   YFA_XPTYPE%CLNAME='CLSPTYPE_60M',
   YFA_XPTYPESEV%CLNAME='CLSPTYPESEV_60M',
   YFA_VISICLD%CLNAME='CLSVISIN_60',
   YFA_VISIHYD%CLNAME='CLSVISIHYDN60',
   YFA_XUGST2%CLNAME='CLSU.RAF180M.XFU',
   YFA_XVGST2%CLNAME='CLSV.RAF180M.XFU',
   YFA_MXCLWC2%CLNAME='CLD_WX_180M',
   YFA_XPTYPE2%CLNAME='CLSPTYPE_180M',
   YFA_XPTYPESEV2%CLNAME='CLSPTYPESEV_180M',
   YFA_VISICLD2%CLNAME='CLSVISIN_180',
   YFA_VISIHYD2%CLNAME='CLSVISIHYDN180',
   CMODEL='arpege-4dvarfr-production-oper-fc',
   LEXTERN=.TRUE.,
   NVGRIB=123,
 /
 &NAMFAINIT
   JPXTRO=2000,
 /
 &NAMFPC
   CFPFMT='LALON',
   NFITI=1,
   NFITV=1,
   LFPMOIS=.TRUE.,
   NFPCLI=1,
   NFPGRIB=141,
   RFPVCAP=7000.,
   NFPCAPE=5,
   RENTRA=0.0001,
   LFPPACKING=.FALSE.,
   NITERPV=8,
   LCRITSNOWTEMP=.FALSE.,
   LFPCAPEX=.TRUE.,
   NFPINPHY=4,
   CFPDOM(1)='EURAT01',
   CFPDOM(2)='ATOURX01',
   CFPDOM(3)='GLOB025',
   CFPDOM(4)='GLOB01',
   CFPDOM(5)='EURAT1S20',
   CFP2DF(1)='SURFPRESSION',
   CFP2DF(2)='MSLPRESSURE',
   CFP2DF(3)='SURFTOT.WAT.VAPO',
   CFP2DF(4)='SURFISOTPW0.MALT',
   CFP2DF(5)='SURFCAPE.POS.F00',
   CFP3DF(1)='GEOPOTENTIEL',
   CFP3DF(2)='TEMPERATURE',
   CFP3DF(3)='VENT_ZONAL',
   CFP3DF(4)='VENT_MERIDIEN',
   CFP3DF(5)='HUMI_RELATIVE',
   CFP3DF(6)='THETA_PRIM_W',
   CFP3DF(7)='PRESSURE',
   CFP3DF(8)='ABS_VORTICITY',
   CFP3DF(9)='VITESSE_VERTICALE',
   CFP3DF(10)='DIVERGENCE',
   CFP3DF(11)='POT_VORTICIT',
   CFP3DF(12)='TEMPE_POTENT',
   CFP3DF(13)='RAD_LIQUID_WATER',
   CFP3DF(14)='RAD_SOLID_WATER',
   CFP3DF(15)='CLOUD_FRACTI',
   CFP3DF(16)='TKE',
   CFP3DF(17)='ISOT_ALTIT',
   CFP3DF(18)='EDR',
   CFPPHY(1)='SURFTEMPERATURE',
   CFPPHY(2)='PROFTEMPERATURE',
   CFPPHY(3)='SURFRESERV.EAU',
   CFPPHY(4)='PROFRESERV.EAU',
   CFPPHY(5)='SURFRESERV.GLACE',
   CFPPHY(6)='PROFRESERV.GLACE',
   CFPPHY(7)='SURFRESERV.NEIGE',
   CFPPHY(8)='INTSURFGEOPOTENT',
   CFPXFU(1)='SURFNEBUL.TOTALE',
   CFPXFU(2)='SURFNEBUL.CONVEC',
   CFPXFU(3)='SURFNEBUL.HAUTE',
   CFPXFU(4)='SURFNEBUL.MOYENN',
   CFPXFU(5)='SURFNEBUL.BASSE',
   CFPXFU(6)='SURFCAPE.MOD.XFU',
   CFPXFU(7)='CLPMOCON.MOD.XFU',
   CFPXFU(8)='CLPMHAUT.MOD.XFU',
   CFPXFU(9)='CLSU.RAF60M.XFU',
   CFPXFU(10)='CLSV.RAF60M.XFU',
   CFPXFU(11)='CLSTEMPERATURE',
   CFPXFU(12)='CLSHUMI.RELATIVE',
   CFPXFU(13)='CLSVENT.ZONAL',
   CFPXFU(14)='CLSVENT.MERIDIEN',
   CFPXFU(15)='CLSMAXI.TEMPERAT',
   CFPXFU(16)='CLSMINI.TEMPERAT',
   CFPXFU(17)='CLSU.RAF180M.XFU',
   CFPXFU(18)='CLSV.RAF180M.XFU',
   CFPXFU(19)='CLPTOPCONV.MOD.XFU',
   CFPXFU(20)='CLSVISIN_60',
   CFPXFU(21)='CLSVISIHYDN60',
   CFPXFU(22)='CLD_WX_60M',
   CFPXFU(23)='CLSVISIN_180',
   CFPXFU(24)='CLSVISIHYDN180',
   CFPXFU(25)='CLD_WX_180M',
   CFPCFU(1)='SURFTENS.TOTA.ZO',
   CFPCFU(2)='SURFTENS.TOTA.ME',
   CFPCFU(3)='SURFPREC.EAU.CON',
   CFPCFU(4)='SURFPREC.NEI.CON',
   CFPCFU(5)='SURFPREC.EAU.GEC',
   CFPCFU(6)='SURFPREC.NEI.GEC',
   CFPCFU(7)='SOMMFLU.RAY.SOLA',
   CFPCFU(8)='SURFFLU.RAY.SOLA',
   CFPCFU(9)='SOMMFLU.RAY.THER',
   CFPCFU(10)='SURFFLU.RAY.THER',
   CFPCFU(11)='SURFFLU.LAT.MTOT',
   CFPCFU(12)='SURFFLU.MTOTA.NE',
   CFPCFU(13)='SURFFLU.CHA.SENS',
   CFPCFU(14)='SURFRAYT.LUNE.DE',
   CFPCFU(15)='SURFRAYT SOL CL',
   CFPCFU(16)='SURFRAYT THER CL',
   CFPCFU(17)='SURFRAYT SOLA DE',
   CFPCFU(18)='SURFRAYT THER DE',
   CFPCFU(19)='SURFRAYT DIR SUR',
   RFP3H(1)=10.,
   RFP3H(2)=20.,
   RFP3H(3)=35.,
   RFP3H(4)=50.,
   RFP3H(5)=75.,
   RFP3H(6)=100.,
   RFP3H(7)=150.,
   RFP3H(8)=200.,
   RFP3H(9)=250.,
   RFP3H(10)=375.,
   RFP3H(11)=500.,
   RFP3H(12)=625.,
   RFP3H(13)=750.,
   RFP3H(14)=875.,
   RFP3H(15)=1000.,
   RFP3H(16)=1125.,
   RFP3H(17)=1250.,
   RFP3H(18)=1375.,
   RFP3H(19)=1500.,
   RFP3H(20)=1750.,
   RFP3H(21)=2000.,
   RFP3H(22)=2250.,
   RFP3H(23)=2500.,
   RFP3H(24)=2750.,
   RFP3H(25)=3000.,
   RFP3P(1)=100.,
   RFP3P(2)=200.,
   RFP3P(3)=300.,
   RFP3P(4)=500.,
   RFP3P(5)=700.,
   RFP3P(6)=1000.,
   RFP3P(7)=2000.,
   RFP3P(8)=3000.,
   RFP3P(9)=5000.,
   RFP3P(10)=7000.,
   RFP3P(11)=10000.,
   RFP3P(12)=12500.,
   RFP3P(13)=15000.,
   RFP3P(14)=17500.,
   RFP3P(15)=20000.,
   RFP3P(16)=22500.,
   RFP3P(17)=25000.,
   RFP3P(18)=27500.,
   RFP3P(19)=30000.,
   RFP3P(20)=35000.,
   RFP3P(21)=40000.,
   RFP3P(22)=45000.,
   RFP3P(23)=50000.,
   RFP3P(24)=55000.,
   RFP3P(25)=60000.,
   RFP3P(26)=65000.,
   RFP3P(27)=70000.,
   RFP3P(28)=75000.,
   RFP3P(29)=80000.,
   RFP3P(30)=85000.,
   RFP3P(31)=90000.,
   RFP3P(32)=92500.,
   RFP3P(33)=95000.,
   RFP3P(34)=100000.,
   RFP3PV(1)=0.0000015,
   RFP3PV(2)=0.000002,
   RFP3PV(3)=7.0D-7,
   RFP3I(1)=-273.15,
   RFP3I(2)=-263.15,
   RFP3I(3)=-261.15,
   RFP3I(4)=-253.15,
 /
 &NAMFPD
 /
 &NAMFPDY2
 /
 &NAMFPDYF
 /
 &NAMFPDYH
 /
 &NAMFPDYI
 /
 &NAMFPDYP
 /
 &NAMFPDYS
 /
 &NAMFPDYT
 /
 &NAMFPDYV
 /
 &NAMFPF
   LFPRDFIL=.FALSE.,
   NFMAX(1)=450,
   NFMAX(2)=450,
   NFMAX(3)=210,
   NFMAX(4)=350,
   NFMAX(5)=350,
   NFPCMAX=4049,
 /
 &NAMFPG
 /
 &NAMFPIOS
   NFPXFLD=128,
 /
 &NAMFPMOVE
 /
 &NAMFPPHY
 /
 &NAMFPSC2
   NFPROMA=-48,
 /
 &NAMFPSC2_DEP
   NFPROMA_DEP=-48,
 /
 &NAMGEM
 /
 &NAMGFL
   YA_NL%LGP=.TRUE.,
   YA_NL%LREQOUT=.TRUE.,
   YA_NL%NREQIN=0,
   YIRAD_NL%LGP=.TRUE.,
   YIRAD_NL%LREQOUT=.TRUE.,
   YIRAD_NL%NREQIN=0,
   YI_NL%LADV=.TRUE.,
   YI_NL%LGP=.TRUE.,
   YI_NL%LGPINGP=.TRUE.,
   YI_NL%LPHY=.FALSE.,
   YI_NL%LQM=.TRUE.,
   YI_NL%LREQOUT=.TRUE.,
   YI_NL%LT1=.TRUE.,
   YI_NL%NREQIN=0,
   YLRAD_NL%LGP=.TRUE.,
   YLRAD_NL%LREQOUT=.TRUE.,
   YLRAD_NL%NREQIN=0,
   YL_NL%LADV=.TRUE.,
   YL_NL%LGP=.TRUE.,
   YL_NL%LGPINGP=.TRUE.,
   YL_NL%LPHY=.FALSE.,
   YL_NL%LQM=.TRUE.,
   YL_NL%LREQOUT=.TRUE.,
   YL_NL%LT1=.TRUE.,
   YL_NL%NREQIN=0,
   YR_NL%LADV=.TRUE.,
   YR_NL%LGP=.TRUE.,
   YR_NL%LGPINGP=.TRUE.,
   YR_NL%LPHY=.FALSE.,
   YR_NL%LQM=.TRUE.,
   YR_NL%LREQOUT=.TRUE.,
   YR_NL%LT1=.TRUE.,
   YR_NL%NREQIN=0,
   YS_NL%LADV=.TRUE.,
   YS_NL%LGP=.TRUE.,
   YS_NL%LGPINGP=.TRUE.,
   YS_NL%LPHY=.FALSE.,
   YS_NL%LQM=.TRUE.,
   YS_NL%LREQOUT=.TRUE.,
   YS_NL%LT1=.TRUE.,
   YS_NL%NREQIN=0,
   YTKE_NL%LADV=.TRUE.,
   YTKE_NL%LGP=.TRUE.,
   YTKE_NL%LGPINGP=.TRUE.,
   YTKE_NL%LQM=.TRUE.,
   YTKE_NL%LREQOUT=.TRUE.,
   YTKE_NL%LT1=.TRUE.,
   YTKE_NL%NCOUPLING=0,
   YTKE_NL%NREQIN=0,
   YSCONV_NL%NREQIN=0,
   YLCONV_NL%NREQIN=0,
   YRCONV_NL%NREQIN=0,
   YICONV_NL%NREQIN=0,
   YUAL_NL%NREQIN=0,
   YUOM_NL%NREQIN=0,
   LTRCMFBC=.FALSE.,
 /
 &NAMGRIB
   NCYCLE=48,
 /
 &NAMGWD
 /
 &NAMGWDIAG
 /
 &NAMGWWMS
 /
 &NAMIAU
 /
 &NAMICE
 /
 &NAMINI
 /
 &NAMINTFLEX
 /
 &NAMIOMI
 /
 &NAMIOS
 /
 &NAMIO_SERV
   NPROC_IO=0,
   NIO_SERV_METHOD=2,
   NMSG_LEVEL_SERVER=1,
   NMSG_LEVEL_CLIENT=1,
   NIO_SERV_BUF_MAXSIZE=20,
   NPROCESS_LEVEL=5,
 /
 &NAMJBCODES
 /
 &NAMJG
 /
 &NAMLCZ
 /
 &NAMLIMA
 /
 &NAMLSFORC
 /
 &NAMMARS
 /
 &NAMMCC
 /
 &NAMMCUF
   LMCUF=.TRUE.,
   NCUFNR=2,
   RMCUFI(1)=10800.,
   RMCUFI(2)=21600.,
 /
 &NAMMETHOX
 /
 &NAMMKODB
 /
 &NAMMODERR
 /
 &NAMMTS
   LISP_HYBRID=.TRUE.,
   LUBIQUITAIRE=.FALSE.,
 /
 &NAMMWAVE
 /
 &NAMNORGWD
 /
 &NAMNPROF
 /
 &NAMNUD
 /
 &NAMNUDGLH
 /
 &NAMOBS
 /
 &NAMONEDVAR
 /
 &NAMOOPS
 /
 &NAMOPH
   CFNHWF='ECHIS',
   LINC=.TRUE.,
   NTIMEFMT=1,
 /
 &NAMOPTCMEM
 /
 &NAMPAR0
   MBX_SIZE=2048000000,
   MP_TYPE=2,
   NOUTPUT=1,
   NPROC=12,
   NSPECRESMIN=1199,
   NPRGPNS=4,
   NPRGPEW=3,
   NPRTRW=4,
   NPRTRV=3,
   NPRINTLEV=1,
 /
 &NAMPAR1
   LEQ_REGIONS=.TRUE.,
   LSLONDEM=.TRUE.,
   LSPLIT=.TRUE.,
   NCOMBFLEN=1638400,
   NSTRIN=12,
   NSTROUT=12,
 /
 &NAMPARAR
 /
 &NAMPERTPAR
 /
 &NAMPHMSE
   LPGDFWR=.FALSE.,
 /
 &NAMPHY
   CGMIXLEN='AY',
   LAERODES=.TRUE.,
   LAEROLAN=.TRUE.,
   LAEROSEA=.TRUE.,
   LAEROSOO=.TRUE.,
   LCONDWT=.TRUE.,
   LDIFCONS=.TRUE.,
   LFPCOR=.TRUE.,
   LNEWD=.TRUE.,
   LNOIAS=.TRUE.,
   LO3ABC=.TRUE.,
   LPROCLD=.TRUE.,
   LRAY=.FALSE.,
   LRAYFM=.TRUE.,
   LRAYLU=.TRUE.,
   LRNUMX=.TRUE.,
   LSSD=.TRUE.,
   LSTRA=.FALSE.,
   LVGSN=.FALSE.,
   LCVPPKF=.TRUE.,
   LECDEEP=.TRUE.,
   LECSHAL=.TRUE.,
   LECT=.TRUE.,
   LFLUSO=.TRUE.,
   LNEBECT=.FALSE.,
   LSMITH_CDEV=.TRUE.,
   LO3FL=.TRUE.,
   LECTFL=.TRUE.,
   LZ0HSREL=.TRUE.,
   LADJCLD=.TRUE.,
   NCALLRAD=2,
   LECTFL0=.TRUE.,
   LGLACIERS=.TRUE.,
   LDAYD=.TRUE.,
   LEDR=.TRUE.,
   LCVRA=.FALSE.,
   LEDMFI=.FALSE.,
   LGPCMT=.FALSE.,
   LNCVPGY=.FALSE.,
   LPTOPC=.TRUE.,
   LDPRECIPS=.TRUE.,
   LDPRECIPS2=.TRUE.,
   NDPRECPERIOD2=3600,
   LCVTDK=.TRUE.,
   LAPL_ARPEGE=.TRUE.,
   LSOLV=.TRUE.,
   LFGEL=.TRUE.,
   LGCHECKMV=.FALSE.,
 /
 &NAMPHY0
   EDD=1.,
   EDK=1.,
   GWDCD=5.4,
   GWDSE=0.005,
   GWDVALI=0.5,
   REVASX=2.0D-7,
   RICRLM=0.5,
   TDDGP=0.6,
   TUDGP=0.6,
   USURIC=0.175,
   USURICL=1.,
   USURID=0.1,
   VZ0CM=0.0001,
   XBLM=8.5,
   XMAXLM=5000.,
   XMINLM=10.,
   ALMAVX=1000.,
   RFACNSM=1.2,
   RFLCHCE=0.25,
   RKFBTAU=7200.,
   RPRTH=1.,
   RQICRT2=0.,
   RQICVMIN=0.00001,
   SXNBCO=1.,
   ALMAVE=0.,
   RQCRNS=0.,
   RQICRSN=1.,
   TFVI=0.08,
   TFVL=0.02,
   TFVS=1.5,
   ECTMAX=35.,
   AECLS4=3.,
   GCVNU=0.00005,
   GCVPSI=1.,
   GCVPSIE=1.,
   QSNEBC=-1.,
   QSSUSC=5.,
   RCVEVAP=0.25,
   GCVHMIN=30000.,
   GCVOMGE=1.,
   GDDEVA=0.2,
   GCVOMGQ=0.,
   REFLKUO=5000.,
   GCVOMDPS=2000.,
   GCVOMGSX=0.5,
   GCVOMCA=-1.918,
   GCVOMCC=1.35,
   GCVRHMIN=0.5,
   GCVRHMAX=1.,
   GCVOMGS=1.,
 /
 &NAMPHY1
   ALBMIN=0.65,
   ALCRIN=0.81,
   EMMGLA=0.98,
   EMMMER=0.99,
   ALRCN1=0.01,
 /
 &NAMPHY2
   FACRAF=4.,
   XMULAF=0.,
   LRAFTKE=.TRUE.,
   HTKERAF=20.,
   FACRAFCV=0.5,
 /
 &NAMPHY3
 /
 &NAMPHYDS
 /
 &NAMPPC
 /
 &NAMPPVI
 /
 &NAMPRE
 /
 &NAMRAD15
 /
 &NAMRADCMEM
 /
 &NAMRCF
 /
 &NAMRCOEF
 /
 &NAMRES
 /
 &NAMRGRI
 /
 &NAMRINC
 /
 &NAMRIP
   CSTOP='h6',
   TSTEP=600,
 /
 &NAMRIP0
 /
 &NAMRLX
 /
 &NAMSATS
   LPARTIAL_COEF_FILES=.TRUE.,
 /
 &NAMSATSIM
 /
 &NAMSCC
 /
 &NAMSCEN
 /
 &NAMSCM
 /
 &NAMSEKF
 /
 &NAMSENS
 /
 &NAMSFXCMP
   CFLDNAME(1)='????????????????',
   NBBITS(1)=24,
   NVGRIBSFX=123,
 /
 &NAMSIMPHL
 /
 &NAMSPNG
 /
 &NAMSPP
 /
 &NAMSPSDT
 /
 &NAMSTA
 /
 &NAMSTOPH
 /
 &NAMSWE
 /
 &NAMTESTVAR
 /
 &NAMTHLIM
 /
 &NAMTOPH
   ETCVIM=1000.,
   ETNEBU=1000.,
   ETPLUI=1000.,
   XDRMTK=2.0D-8,
   XDRMTP=800.,
   XDRMTX=4.0D-7,
   XDRMUK=1.0D-7,
   XDRMUP=800.,
   XDRMUX=0.000002,
 /
 &NAMTRAJ
 /
 &NAMTRAJP
 /
 &NAMTRANS
   LFFTW=.TRUE.,
 /
 &NAMTRANS0
 /
 &NAMTS
 /
 &NAMVAR
 /
 &NAMVARBC
 /
 &NAMVARBC_AIREP
 /
 &NAMVARBC_ALLSKY
 /
 &NAMVARBC_GBRAD
 /
 &NAMVARBC_MODES
 /
 &NAMVARBC_RAD
 /
 &NAMVARBC_RSONDE
 /
 &NAMVARBC_SFCOBS
 /
 &NAMVARBC_TCWV
 /
 &NAMVARBC_TO3
 /
 &NAMVAREPS
 /
 &NAMVDF
 /
 &NAMVDOZ
 /
 &NAMVOLCANO
 /
 &NAMVRTL
 /
 &NAMVV0
 /
 &NAMVV1
 /
 &NAMVWRK
 /
 &NAMWAVELETJB
 /
 &NAMXFU
   LXCLP=.TRUE.,
   LXCLS=.TRUE.,
   LXFU=.TRUE.,
   LXHHCLS=.TRUE.,
   LXICV=.TRUE.,
   LXNEBPA=.TRUE.,
   LXNEBTT=.TRUE.,
   LXQCLS=.TRUE.,
   LXSOIL=.TRUE.,
   LXTGST=.TRUE.,
   LXTTCLS=.TRUE.,
   LXXGST=.TRUE.,
   LXXGST2=.TRUE.,
   LXNUVCLS=.TRUE.,
   NXGSTPERIOD2=10800,
   LXCTOP=.TRUE.,
   LXVISI=.TRUE.,
   LXVISI2=.TRUE.,
   NVISIPERIOD2=10800,
   NRAZTS(1)=0,
   NRAZTS(2)=-3,
   NRAZTS(3)=-6,
   NRAZTS(4)=-9,
   NRAZTS(5)=-12,
   NRAZTS(6)=-15,
   NRAZTS(7)=-18,
   NRAZTS(8)=-21,
   NRAZTS(9)=-24,
   NRAZTS(10)=-27,
   NRAZTS(11)=-30,
   NRAZTS(12)=-33,
   NRAZTS(13)=-36,
   NRAZTS(14)=-39,
   NRAZTS(15)=-42,
   NRAZTS(16)=-45,
   NRAZTS(17)=-48,
   NRAZTS(18)=-51,
   NRAZTS(19)=-54,
   NRAZTS(20)=-57,
   NRAZTS(21)=-60,
   NRAZTS(22)=-63,
   NRAZTS(23)=-66,
   NRAZTS(24)=-69,
   NRAZTS(25)=-72,
   NRAZTS(26)=-75,
   NRAZTS(27)=-78,
   NRAZTS(28)=-81,
   NRAZTS(29)=-84,
   NRAZTS(30)=-87,
   NRAZTS(31)=-90,
   NRAZTS(32)=-93,
   NRAZTS(33)=-96,
   NRAZTS(34)=-99,
   NRAZTS(35)=-102,
 /
 &NAM_CANAPE
 /
 &NAM_DISTRIBUTED_VECTORS
 /
 &NAM_NEBN
 /
 &NAM_PARAM_ICEN
 /
 &NAM_TURBN
 /
 &NAPHLC
 /
 &NEMCT0
 /
 &NEMDIM
 /
 &NEMDYN
 /
 &NEMELBC0A
 /
 &NEMELBC0B
 /
 &NEMFPEZO
 /
 &NEMGEO
 /
 &NEMJK
 /
 &NEMVAR
 /
 &NEMWAVELET
 /
 &RADIATION
   CLOUD_FRACTION_THRESHOLD=0.000001,
   CLOUD_INHOM_DECORR_SCALING=0.5,
   CLOUD_MIXING_RATIO_THRESHOLD=1.00D-9,
   DIRECTORY_NAME='.',
   DO_CLEAR=.TRUE.,
   DO_FU_LW_ICE_OPTICS_BUG=.FALSE.,
   DO_LW_AEROSOL_SCATTERING=.FALSE.,
   DO_LW_CLOUD_SCATTERING=.FALSE.,
   DO_LW_DERIVATIVES=.TRUE.,
   DO_SAVE_GPOINT_FLUX=.FALSE.,
   DO_SAVE_RADIATIVE_PROPERTIES=.FALSE.,
   DO_SAVE_SPECTRAL_FLUX=.FALSE.,
   DO_SURFACE_SW_SPECTRAL_FLUX=.TRUE.,
   DO_SW_DELTA_SCALING_WITH_GASES=.TRUE.,
   GAS_MODEL_NAME='RRTMG-IFS',
   ICE_MODEL_NAME='Fu-IFS',
   IVERBOSE=1,
   IVERBOSESETUP=2,
   LIQUID_MODEL_NAME='SOCRATES',
   LW_SOLVER_NAME='McICA',
   OVERLAP_SCHEME_NAME='Exp-Ran',
   SW_SOLVER_NAME='McICA',
   USE_AEROSOLS=.TRUE.,
   USE_BETA_OVERLAP=.FALSE.,
   DO_SW=.TRUE.,
   DO_LW=.TRUE.,
   DO_SW_DIRECT=.TRUE.,
   USE_GENERAL_CLOUD_OPTICS=.FALSE.,
   USE_GENERAL_AEROSOL_OPTICS=.FALSE.,
   USE_VECTORIZABLE_GENERATOR=.FALSE.,
   DO_3D_EFFECTS=.FALSE.,
   SW_ENTRAPMENT_NAME='Explicit',
   DO_CANOPY_FLUXES_LW=.TRUE.,
   DO_CANOPY_FLUXES_SW=.TRUE.,
   DO_NEAREST_SPECTRAL_SW_ALBEDO=.FALSE.,
   SW_ALBEDO_WAVELENGTH_BOUND(1:5)=2.5D-7,4.4D-7,6.9D-7,0.00000119,0.00000238,
   I_SW_ALBEDO_INDEX(1:6)=1,2,3,4,5,6,
   DO_NEAREST_SPECTRAL_LW_EMISS=.TRUE.,
   LW_EMISS_WAVELENGTH_BOUND(1:2)=0.000008,0.000013,
   I_LW_EMISS_INDEX(1:3)=1,2,1,
   DO_WEIGHTED_SURFACE_MAPPING=.FALSE.,
   N_AEROSOL_TYPES=6,
 /
+ BIN=/home/gmap/mrpm/marguina/gpupack/pack/49t2_openacc-bench-notransfer.01.INTEL2302.2d/bin/MASTERODB
+ grib_api_setup /home/gmap/mrpm/marguina/gpupack/pack/49t2_openacc-bench-notransfer.01.INTEL2302.2d/bin/MASTERODB
+ bin=/home/gmap/mrpm/marguina/gpupack/pack/49t2_openacc-bench-notransfer.01.INTEL2302.2d/bin/MASTERODB
++ ldd /home/gmap/mrpm/marguina/gpupack/pack/49t2_openacc-bench-notransfer.01.INTEL2302.2d/bin/MASTERODB
++ perl -ne ' 
   next unless (m/libeccodes_f90/o); 
   my ($path) = (m/=>\s+(\S+)/o); 
   use File::Basename; 
   print &dirname (&dirname ($path)), "\n" '
+ grib_api_prefix=/home/gmap/mrpm/marguina/gpupack/install/INTEL2302
+ export GRIB_DEFINITION_PATH=/scratch/work/marguina/tmp/arp.65632733/openmp/extra_grib_defs:/home/gmap/mrpm/marguina/gpupack/install/INTEL2302/share/definitions:/home/gmap/mrpm/marguina/gpupack/install/INTEL2302/share/eccodes/definitions
+ GRIB_DEFINITION_PATH=/scratch/work/marguina/tmp/arp.65632733/openmp/extra_grib_defs:/home/gmap/mrpm/marguina/gpupack/install/INTEL2302/share/definitions:/home/gmap/mrpm/marguina/gpupack/install/INTEL2302/share/eccodes/definitions
+ export GRIB_SAMPLES_PATH=/home/gmap/mrpm/marguina/gpupack/install/INTEL2302/ifs_samples/grib1:/home/gmap/mrpm/marguina/gpupack/install/INTEL2302/share/eccodes/ifs_samples/grib1
+ GRIB_SAMPLES_PATH=/home/gmap/mrpm/marguina/gpupack/install/INTEL2302/ifs_samples/grib1:/home/gmap/mrpm/marguina/gpupack/install/INTEL2302/share/eccodes/ifs_samples/grib1
+ openacc-bind --nn 3 --nnp 4 --np 12
+ cat openacc_bind.txt
0
0
0
0
0
0
0
0
0
0
0
0
+ set +e
+ meteo_mpirun --verbose --wrap --wrap-stdeo --nnp 4 --nn 3 --openmp 32 -- /home/gmap/mrpm/marguina/gpupack/pack/49t2_openacc-bench-notransfer.01.INTEL2302.2d/bin/MASTERODB -- --nnp 8 --nn 0 --openmp 4 -- /home/gmap/mrpm/marguina/gpupack/pack/49t2_openacc-bench-notransfer.01.INTEL2302.2d/bin/MASTERODB
+ export MPIAUTOCONFIG=/home/gmap/mrpm/marguina/.mpiautorc/mpiauto.PGI.conf
+ MPIAUTOCONFIG=/home/gmap/mrpm/marguina/.mpiautorc/mpiauto.PGI.conf
+ /home/gmap/mrpm/marguina/SAVE/mpiauto/mpiauto --nouse-slurm-mpi --verbose --wrap --wrap-stdeo --nnp 4 --nn 3 --openmp 32 -- /home/gmap/mrpm/marguina/gpupack/pack/49t2_openacc-bench-notransfer.01.INTEL2302.2d/bin/MASTERODB -- --nnp 8 --nn 0 --openmp 4 -- /home/gmap/mrpm/marguina/gpupack/pack/49t2_openacc-bench-notransfer.01.INTEL2302.2d/bin/MASTERODB
Version         : d5a7ed8ff763eca2aff8abaf4ec5f53a1efa29bc
Arch            : ARCH::Linux
Scheduler       : Scheduler::SLURM
MPI             : MPI::IntelMPI
Binary          : /home/gmap/mrpm/marguina/gpupack/pack/49t2_openacc-bench-notransfer.01.INTEL2302.2d/bin/MASTERODB
Args            : 
Config          : 
      - /home/gmap/mrpm/marguina/SAVE/mpiauto/mpiauto.conf
      - /home/gmap/mrpm/marguina/SAVE/mpiauto/mpiauto.mf-bull4.conf
      - /home/gmap/mrpm/marguina/SAVE/mpiauto/mpiauto.mf-bull4.IntelMPI.conf
      - /home/gmap/mrpm/marguina/SAVE/mpiauto/mpiauto.mf-bull4.IntelMPI.2021.conf
      - /home/gmap/mrpm/marguina/.mpiautorc/mpiauto.PGI.conf
Options         : 
      --nn                           : 3
      --np                           : 12
      --nnp                          : 4
      --openmp                       : 32
      --distribution                 : block
      --proc                         : Rome-2x64
      --mpi-allow-odd-dist           : false
      --serial                       : false
      --serial-mpi                   : false
      --dryrun                       : false
      --help                         : false
      --verbose                      : true
      --prefix-command               : []
      --prefix-mpirun                : ['./fixpgienv.sh']
      --mpirun-name                  : {'IntelMPI' => 'mpirun'}
      --mpi-special-opts             : {'OpenMPI' => '--mca btl ^smcuda'}
      --mpi-special-env              : {'IntelMPI' => 'I_MPI_DEBUG=1,I_MPI_DYNAMIC_CONNECTION=1,I_MPI_EXTRA_FILESYSTEM=on,I_MPI_FABRICS=shm:ofi,I_MPI_HYDRA_BOOTSTRAP=slurm,I_MPI_HYDRA_IFACE=ib0,I_MPI_HYDRA_PMI_CONNECT=alltoall,I_MPI_LARGE_SCALE_THRESHOLD=8192,I_MPI_LIBRARY_KIND=release_mt,I_MPI_PLATFORM=uniform,I_MPI_SHM_SPIN_COUNT=300,I_MPI_OFFLOAD_DEVICES=disable,I_MPI_SHM_EAGER_THRESHOLD=65536,I_MPI_EXTRA_FILESYSTEM=lustre,I_MPI_SHM_SEND_SPIN_COUNT=300,I_MPI_SHM_RECV_SPIN_COUNT=300,I_MPI_EXTRA_FILESYSTEM_FORCE=lustre,I_MPI_EXTRA_FILESYSTEM=on,UCX_IB_PCI_RELAXED_ORDERING=off,PMI_TIME=10'}
      --use-mpi-machinefile          : true
      --mpi-stdin-null               : true
      --use-session                  : false
      --init-timeout                 : 90
      --init-timeout-restart         : 0
      --init-timeout-control         : false
      --mpi-alloc                    : 
      --debug                        : false
      --debugger-x11-proxy           : true
      --debug-try-gmkpack            : true
      --debugger-path                : /opt/softs/arm/20.0.2/forge/bin/ddt
      --debugger-break               : 0
      --debugger-options             : 
      --x11-display                  : 
      --x11-direct                   : false
      --x11-proxy                    : false
      --x11-f-proxy                  : []
      --x11-b-proxy                  : []
      --config                       : 
      --site                         : mf-bull4
      --wrap                         : true
      --wrap-stdeo                   : true
      --wrap-stdeo-pack              : false
      --wrap-stdeo-silent            : false
      --wrap-verbose                 : false
      --wrap-output-format           : $STDEO.$MPIRANK
      --wrap-directory               : .
      --wrap-env                     : {}
      --use-slurm-mpi                : false
      --fix-slurm-env                : true
      --fix-slurm-env-nodes          : true
      --setup-grib_api-env           : true
      --use-slurm-bind               : false
      --use-arch-bind                : true
      --arch-bind-verbose            : false
      --use-openmpi-bind             : false
      --use-intelmpi-bind            : false
      --umpi-mpi-label               : 
      --umpi-verbose                 : false
Remark          : MPI environment was modified
      I_MPI_DEBUG                    : '1'
      I_MPI_DYNAMIC_CONNECTION       : '1'
      I_MPI_EXTRA_FILESYSTEM         : 'on'
      I_MPI_EXTRA_FILESYSTEM_FORCE   : 'lustre'
      I_MPI_FABRICS                  : 'shm:ofi'
      I_MPI_HYDRA_BOOTSTRAP          : 'slurm'
      I_MPI_HYDRA_IFACE              : 'ib0'
      I_MPI_HYDRA_PMI_CONNECT        : 'alltoall'
      I_MPI_LARGE_SCALE_THRESHOLD    : '8192'
      I_MPI_LIBRARY_KIND             : 'release_mt'
      I_MPI_OFFLOAD_DEVICES          : 'disable'
      I_MPI_PLATFORM                 : 'uniform'
      I_MPI_SHM_EAGER_THRESHOLD      : '65536'
      I_MPI_SHM_RECV_SPIN_COUNT      : '300'
      I_MPI_SHM_SEND_SPIN_COUNT      : '300'
      I_MPI_SHM_SPIN_COUNT           : '300'
      PMI_TIME                       : '10'
      UCX_IB_PCI_RELAXED_ORDERING    : 'off'
MPI command     : ./fixpgienv.sh /opt/softs/intel/oneapi/2023.2/mpi/2021.10.0/lib/../bin/mpirun -machinefile ./.mpiauto.machinefile3xStn /home/gmap/mrpm/marguina/SAVE/mpiauto/mpiautowrap --stdeo -- /home/gmap/mrpm/marguina/gpupack/pack/49t2_openacc-bench-notransfer.01.INTEL2302.2d/bin/MASTERODB < /dev/null
Warning         : Slurm environment was modified
      SLURM_NTASKS          = undef                    -> 12                      

      SLURM_NPROCS          = undef                    -> 12                      

      SLURM_TASKS_PER_NODE  = 128(x3)                  -> 4(x3)                   

+ export SLURM_EXPORT_ENV=ALL
+ SLURM_EXPORT_ENV=ALL
+ exec /opt/softs/intel/oneapi/2023.2/mpi/2021.10.0/lib/../bin/mpirun -machinefile ./.mpiauto.machinefile3xStn /home/gmap/mrpm/marguina/SAVE/mpiauto/mpiautowrap --stdeo -- /home/gmap/mrpm/marguina/gpupack/pack/49t2_openacc-bench-notransfer.01.INTEL2302.2d/bin/MASTERODB
*------------------------------------------------------------------------------*
|                                                                              |
|                                   stdeo.0                                    |
|                                                                              |
*------------------------------------------------------------------------------*
MPIAUTOTIMEOUT is set to 90 seconds
[0] MPI startup(): Intel(R) MPI Library, Version 2021.10  Build 20230619 (id: c2e19c2f3e)
[0] MPI startup(): Copyright (C) 2003-2023 Intel Corporation.  All rights reserved.
[0] MPI startup(): library kind: release
[0] MPI startup(): libfabric version: 1.18.0-impi
[0] MPI startup(): libfabric provider: mlx
[0] MPI startup(): I_MPI_SHM_SPIN_COUNT environment variable is not supported.
[0] MPI startup(): Similar variables:
[0] 	 I_MPI_SHM_HEAP_OPT
[0] 	 I_MPI_SHM_SEND_SPIN_COUNT
[0] 	 I_MPI_SHM_RECV_SPIN_COUNT
[0] 	 I_MPI_SPIN_COUNT
[0] MPI startup(): To check the list of supported variables, use the impi_info utility or refer to https://software.intel.com/en-us/mpi-library/documentation/get-started.
MPI_Init took 1 seconds
 MAIN: IREQUIRED, MPI_THREAD_MULTIPLE, MPI_THREAD_SINGLE, IPROVIDED, LTHSAFEMPI, LLMPI1 = 3 3 0 3 T F
Reading namelist NAMPAR0 from fort.4
Reading namelist NAMPAR0 from fort.4
OMP: Warning #182: OMP_STACKSIZE: ignored because KMP_STACKSIZE has been defined
MPL_INIT : MPL_COMM=1140850688 (default) , MPL_NUMPROC=12
MPL_INIT : MPL_METHOD=JP_BLOCKING_BUFFERED , MPL_MBX_SIZE=1000000
MPL_INIT : MPL_NCPU_PER_NODE = 1 (CAUTION: could not be inferred from hostname!)
[EC_DRHOOK:hostname:myproc:omltid:pid:unixtid] [YYYYMMDD:HHMMSS:walltime] [function@file:lineno] -- Max OpenMP threads = 32
[EC_DRHOOK:taranis1200:1:1:72390:72390] [20240717:084447:0.001] [process_options@drhook.c:2209] fp = 0x2b1e24dce1c0
[EC_DRHOOK:taranis1200:1:1:72390:72390] [20240717:084447:0.001] [process_options@drhook.c:2231] DR_HOOK_ALLOW_COREDUMP=-1
[EC_DRHOOK:taranis1200:1:1:72390:72390] [20240717:084447:0.001] [process_options@drhook.c:2258] DR_HOOK_PROFILE_PROC=-1
[EC_DRHOOK:taranis1200:1:1:72390:72390] [20240717:084447:0.001] [process_options@drhook.c:2264] DR_HOOK_PROFILE_LIMIT=-10.000
[EC_DRHOOK:taranis1200:1:1:72390:72390] [20240717:084447:0.001] [process_options@drhook.c:2352] DR_HOOK_RANDOM_MEMSTAT=0  (RAND_MAX=2147483647)
[EC_DRHOOK:taranis1200:1:1:72390:72390] [20240717:084447:0.001] [process_options@drhook.c:2363] DR_HOOK_HASHBITS=16
[EC_DRHOOK:taranis1200:1:1:72390:72390] [20240717:084447:0.001] [process_options@drhook.c:2371] DR_HOOK_NCALLSTACK=0
[EC_DRHOOK:taranis1200:1:1:72390:72390] [20240717:084447:0.001] [process_options@drhook.c:2379] DR_HOOK_HARAKIRI_TIMEOUT=500
[EC_DRHOOK:taranis1200:1:1:72390:72390] [20240717:084447:0.001] [process_options@drhook.c:2386] DR_HOOK_USE_LOCKFILE=1
[EC_DRHOOK:taranis1200:1:1:72390:72390] [20240717:084447:0.001] [process_options@drhook.c:2393] DR_HOOK_TRAPFPE=1
[EC_DRHOOK:taranis1200:1:1:72390:72390] [20240717:084447:0.001] [process_options@drhook.c:2400] DR_HOOK_TRAPFPE_INVALID=1
[EC_DRHOOK:taranis1200:1:1:72390:72390] [20240717:084447:0.001] [process_options@drhook.c:2407] DR_HOOK_TRAPFPE_DIVBYZERO=1
[EC_DRHOOK:taranis1200:1:1:72390:72390] [20240717:084447:0.001] [process_options@drhook.c:2414] DR_HOOK_TRAPFPE_OVERFLOW=1
[EC_DRHOOK:taranis1200:1:1:72390:72390] [20240717:084447:0.001] [process_options@drhook.c:2495] DR_HOOK_OPT="WALLPROF"
[EC_DRHOOK:taranis1200:1:1:72390:72390] [20240717:084447:0.001] [ignore_signals@drhook.c:1365]  DR_HOOK_IGNORE_SIGNALS=-1
[EC_DRHOOK:taranis1200:1:1:72390:72390] [20240717:084447:0.001] [ignore_one_signal@drhook.c:1348]   DR_HOOK ignores signal#1 (Hangup)
[EC_DRHOOK:taranis1200:1:1:72390:72390] [20240717:084447:0.001] [ignore_one_signal@drhook.c:1348]   DR_HOOK ignores signal#2 (Interrupt)
[EC_DRHOOK:taranis1200:1:1:72390:72390] [20240717:084447:0.001] [ignore_one_signal@drhook.c:1348]   DR_HOOK ignores signal#3 (Quit)
[EC_DRHOOK:taranis1200:1:1:72390:72390] [20240717:084447:0.001] [ignore_one_signal@drhook.c:1348]   DR_HOOK ignores signal#4 (Illegal instruction)
[EC_DRHOOK:taranis1200:1:1:72390:72390] [20240717:084447:0.001] [ignore_one_signal@drhook.c:1348]   DR_HOOK ignores signal#5 (Trace/breakpoint trap)
[EC_DRHOOK:taranis1200:1:1:72390:72390] [20240717:084447:0.001] [ignore_one_signal@drhook.c:1348]   DR_HOOK ignores signal#6 (Aborted)
[EC_DRHOOK:taranis1200:1:1:72390:72390] [20240717:084447:0.001] [ignore_one_signal@drhook.c:1348]   DR_HOOK ignores signal#7 (Bus error)
[EC_DRHOOK:taranis1200:1:1:72390:72390] [20240717:084447:0.001] [ignore_one_signal@drhook.c:1348]   DR_HOOK ignores signal#8 (Floating point exception)
[EC_DRHOOK:taranis1200:1:1:72390:72390] [20240717:084447:0.001] [ignore_one_signal@drhook.c:1348]   DR_HOOK ignores signal#9 (Killed)
[EC_DRHOOK:taranis1200:1:1:72390:72390] [20240717:084447:0.001] [ignore_one_signal@drhook.c:1348]   DR_HOOK ignores signal#10 (User defined signal 1)
[EC_DRHOOK:taranis1200:1:1:72390:72390] [20240717:084447:0.001] [ignore_one_signal@drhook.c:1348]   DR_HOOK ignores signal#11 (Segmentation fault)
[EC_DRHOOK:taranis1200:1:1:72390:72390] [20240717:084447:0.001] [ignore_one_signal@drhook.c:1348]   DR_HOOK ignores signal#12 (User defined signal 2)
[EC_DRHOOK:taranis1200:1:1:72390:72390] [20240717:084447:0.001] [ignore_one_signal@drhook.c:1348]   DR_HOOK ignores signal#13 (Broken pipe)
[EC_DRHOOK:taranis1200:1:1:72390:72390] [20240717:084447:0.001] [ignore_one_signal@drhook.c:1348]   DR_HOOK ignores signal#14 (Alarm clock)
[EC_DRHOOK:taranis1200:1:1:72390:72390] [20240717:084447:0.001] [ignore_one_signal@drhook.c:1348]   DR_HOOK ignores signal#15 (Terminated)
[EC_DRHOOK:taranis1200:1:1:72390:72390] [20240717:084447:0.001] [ignore_one_signal@drhook.c:1348]   DR_HOOK ignores signal#16 (Stack fault)
[EC_DRHOOK:taranis1200:1:1:72390:72390] [20240717:084447:0.001] [ignore_one_signal@drhook.c:1348]   DR_HOOK ignores signal#17 (Child exited)
[EC_DRHOOK:taranis1200:1:1:72390:72390] [20240717:084447:0.001] [ignore_one_signal@drhook.c:1348]   DR_HOOK ignores signal#18 (Continued)
[EC_DRHOOK:taranis1200:1:1:72390:72390] [20240717:084447:0.001] [ignore_one_signal@drhook.c:1348]   DR_HOOK ignores signal#19 (Stopped (signal))
[EC_DRHOOK:taranis1200:1:1:72390:72390] [20240717:084447:0.001] [ignore_one_signal@drhook.c:1348]   DR_HOOK ignores signal#20 (Stopped)
[EC_DRHOOK:taranis1200:1:1:72390:72390] [20240717:084447:0.001] [ignore_one_signal@drhook.c:1348]   DR_HOOK ignores signal#21 (Stopped (tty input))
[EC_DRHOOK:taranis1200:1:1:72390:72390] [20240717:084447:0.001] [ignore_one_signal@drhook.c:1348]   DR_HOOK ignores signal#22 (Stopped (tty output))
[EC_DRHOOK:taranis1200:1:1:72390:72390] [20240717:084447:0.001] [ignore_one_signal@drhook.c:1348]   DR_HOOK ignores signal#23 (Urgent I/O condition)
[EC_DRHOOK:taranis1200:1:1:72390:72390] [20240717:084447:0.001] [ignore_one_signal@drhook.c:1348]   DR_HOOK ignores signal#24 (CPU time limit exceeded)
[EC_DRHOOK:taranis1200:1:1:72390:72390] [20240717:084447:0.001] [ignore_one_signal@drhook.c:1348]   DR_HOOK ignores signal#25 (File size limit exceeded)
[EC_DRHOOK:taranis1200:1:1:72390:72390] [20240717:084447:0.001] [ignore_one_signal@drhook.c:1348]   DR_HOOK ignores signal#26 (Virtual timer expired)
[EC_DRHOOK:taranis1200:1:1:72390:72390] [20240717:084447:0.001] [ignore_one_signal@drhook.c:1348]   DR_HOOK ignores signal#27 (Profiling timer expired)
[EC_DRHOOK:taranis1200:1:1:72390:72390] [20240717:084447:0.001] [ignore_one_signal@drhook.c:1348]   DR_HOOK ignores signal#28 (Window changed)
[EC_DRHOOK:taranis1200:1:1:72390:72390] [20240717:084447:0.001] [ignore_one_signal@drhook.c:1348]   DR_HOOK ignores signal#29 (I/O possible)
[EC_DRHOOK:taranis1200:1:1:72390:72390] [20240717:084447:0.001] [ignore_one_signal@drhook.c:1348]   DR_HOOK ignores signal#30 (Power failure)
[EC_DRHOOK:taranis1200:1:1:72390:72390] [20240717:084447:0.001] [ignore_one_signal@drhook.c:1348]   DR_HOOK ignores signal#31 (Bad system call)
[EC_DRHOOK:taranis1200:1:1:72390:72390] [20240717:084447:0.001] [ignore_one_signal@drhook.c:1348]   DR_HOOK ignores signal#32 (Unknown signal 32)
[EC_DRHOOK:taranis1200:1:1:72390:72390] [20240717:084447:0.001] [ignore_one_signal@drhook.c:1348]   DR_HOOK ignores signal#33 (Unknown signal 33)
[EC_DRHOOK:taranis1200:1:1:72390:72390] [20240717:084447:0.001] [ignore_one_signal@drhook.c:1348]   DR_HOOK ignores signal#34 (Real-time signal 0)
[EC_DRHOOK:taranis1200:1:1:72390:72390] [20240717:084447:0.001] [ignore_one_signal@drhook.c:1348]   DR_HOOK ignores signal#35 (Real-time signal 1)
[EC_DRHOOK:taranis1200:1:1:72390:72390] [20240717:084447:0.001] [ignore_one_signal@drhook.c:1348]   DR_HOOK ignores signal#36 (Real-time signal 2)
[EC_DRHOOK:taranis1200:1:1:72390:72390] [20240717:084447:0.001] [ignore_one_signal@drhook.c:1348]   DR_HOOK ignores signal#37 (Real-time signal 3)
[EC_DRHOOK:taranis1200:1:1:72390:72390] [20240717:084447:0.001] [ignore_one_signal@drhook.c:1348]   DR_HOOK ignores signal#38 (Real-time signal 4)
[EC_DRHOOK:taranis1200:1:1:72390:72390] [20240717:084447:0.001] [ignore_one_signal@drhook.c:1348]   DR_HOOK ignores signal#39 (Real-time signal 5)
[EC_DRHOOK:taranis1200:1:1:72390:72390] [20240717:084447:0.001] [ignore_one_signal@drhook.c:1348]   DR_HOOK ignores signal#40 (Real-time signal 6)
[EC_DRHOOK:taranis1200:1:1:72390:72390] [20240717:084447:0.001] [ignore_one_signal@drhook.c:1348]   DR_HOOK ignores signal#41 (Real-time signal 7)
[EC_DRHOOK:taranis1200:1:1:72390:72390] [20240717:084447:0.001] [ignore_one_signal@drhook.c:1348]   DR_HOOK ignores signal#42 (Real-time signal 8)
[EC_DRHOOK:taranis1200:1:1:72390:72390] [20240717:084447:0.001] [ignore_one_signal@drhook.c:1348]   DR_HOOK ignores signal#43 (Real-time signal 9)
[EC_DRHOOK:taranis1200:1:1:72390:72390] [20240717:084447:0.001] [ignore_one_signal@drhook.c:1348]   DR_HOOK ignores signal#44 (Real-time signal 10)
[EC_DRHOOK:taranis1200:1:1:72390:72390] [20240717:084447:0.001] [ignore_one_signal@drhook.c:1348]   DR_HOOK ignores signal#45 (Real-time signal 11)
[EC_DRHOOK:taranis1200:1:1:72390:72390] [20240717:084447:0.001] [ignore_one_signal@drhook.c:1348]   DR_HOOK ignores signal#46 (Real-time signal 12)
[EC_DRHOOK:taranis1200:1:1:72390:72390] [20240717:084447:0.001] [ignore_one_signal@drhook.c:1348]   DR_HOOK ignores signal#47 (Real-time signal 13)
[EC_DRHOOK:taranis1200:1:1:72390:72390] [20240717:084447:0.001] [ignore_one_signal@drhook.c:1348]   DR_HOOK ignores signal#48 (Real-time signal 14)
[EC_DRHOOK:taranis1200:1:1:72390:72390] [20240717:084447:0.001] [ignore_one_signal@drhook.c:1348]   DR_HOOK ignores signal#49 (Real-time signal 15)
[EC_DRHOOK:taranis1200:1:1:72390:72390] [20240717:084447:0.001] [ignore_one_signal@drhook.c:1348]   DR_HOOK ignores signal#50 (Real-time signal 16)
[EC_DRHOOK:taranis1200:1:1:72390:72390] [20240717:084447:0.001] [ignore_one_signal@drhook.c:1348]   DR_HOOK ignores signal#51 (Real-time signal 17)
[EC_DRHOOK:taranis1200:1:1:72390:72390] [20240717:084447:0.001] [ignore_one_signal@drhook.c:1348]   DR_HOOK ignores signal#52 (Real-time signal 18)
[EC_DRHOOK:taranis1200:1:1:72390:72390] [20240717:084447:0.001] [ignore_one_signal@drhook.c:1348]   DR_HOOK ignores signal#53 (Real-time signal 19)
[EC_DRHOOK:taranis1200:1:1:72390:72390] [20240717:084447:0.001] [ignore_one_signal@drhook.c:1348]   DR_HOOK ignores signal#54 (Real-time signal 20)
[EC_DRHOOK:taranis1200:1:1:72390:72390] [20240717:084447:0.001] [ignore_one_signal@drhook.c:1348]   DR_HOOK ignores signal#55 (Real-time signal 21)
[EC_DRHOOK:taranis1200:1:1:72390:72390] [20240717:084447:0.001] [ignore_one_signal@drhook.c:1348]   DR_HOOK ignores signal#56 (Real-time signal 22)
[EC_DRHOOK:taranis1200:1:1:72390:72390] [20240717:084447:0.001] [ignore_one_signal@drhook.c:1348]   DR_HOOK ignores signal#57 (Real-time signal 23)
[EC_DRHOOK:taranis1200:1:1:72390:72390] [20240717:084447:0.001] [ignore_one_signal@drhook.c:1348]   DR_HOOK ignores signal#58 (Real-time signal 24)
[EC_DRHOOK:taranis1200:1:1:72390:72390] [20240717:084447:0.001] [ignore_one_signal@drhook.c:1348]   DR_HOOK ignores signal#59 (Real-time signal 25)
[EC_DRHOOK:taranis1200:1:1:72390:72390] [20240717:084447:0.001] [ignore_one_signal@drhook.c:1348]   DR_HOOK ignores signal#60 (Real-time signal 26)
[EC_DRHOOK:taranis1200:1:1:72390:72390] [20240717:084447:0.001] [ignore_one_signal@drhook.c:1348]   DR_HOOK ignores signal#61 (Real-time signal 27)
[EC_DRHOOK:taranis1200:1:1:72390:72390] [20240717:084447:0.001] [ignore_one_signal@drhook.c:1348]   DR_HOOK ignores signal#62 (Real-time signal 28)
[EC_DRHOOK:taranis1200:1:1:72390:72390] [20240717:084447:0.001] [ignore_one_signal@drhook.c:1348]   DR_HOOK ignores signal#63 (Real-time signal 29)
[EC_DRHOOK:taranis1200:1:1:72390:72390] [20240717:084447:0.001] [ignore_one_signal@drhook.c:1348]   DR_HOOK ignores signal#64 (Real-time signal 30)
[EC_DRHOOK:taranis1200:1:1:72390:72390] [20240717:084447:0.001] [ignore_one_signal@drhook.c:1348]   DR_HOOK ignores signal#65 (Unknown signal 65)
[EC_DRHOOK:taranis1200:1:1:72390:72390] [20240717:084447:0.001] [restore_default_signals@drhook.c:1298] DR_HOOK_RESTORE_DEFAULT_SIGNALS=<undef>
[EC_DRHOOK:taranis1200:1:1:72390:72390] [20240717:084447:0.001] [catch_signals@drhook.c:1210] DR_HOOK_CATCH_SIGNALS=<undef>
 EC_MEMINFO@RNSORT: MINCID, MAXCID, NUMNODES =  0 127 3
## EC_MEMINFO 
## EC_MEMINFO Detailed memory information for program /home/gmap/mrpm/marguina/gpupack/pack/49t2_openacc-bench-notransfer.01.INTEL2302.2d/bin/MASTERODB -- wall-time :      0.006s
## EC_MEMINFO Running on 3 nodes (8-numa) with 12 compute + 0 I/O-tasks and 32+0 threads at 08:44:47.546 on 17-Jul-2024
## EC_MEMINFO The Job Name is arp and the Job ID is 65632733
## EC_MEMINFO 
## EC_MEMINFO                           | TC    | MEMORY USED(MB) | MEMORY FREE(MB)  -------------    -------------    -------------    -------------    -------------    -------------    -------------   INCLUDING CACHED|  %USED %HUGE  | Energy  Power Running
## EC_MEMINFO                           | Malloc| Inc Heap        | Numa region  0 | Numa region  1 | Numa region  2 | Numa region  3 | Numa region  4 | Numa region  5 | Numa region  6 | Numa region  7 |                |               |    (J)    (W)
## EC_MEMINFO Node Name                 | Heap  | RSS(sum)        | Small  Huge or | Small  Huge or | Small  Huge or | Small  Huge or | Small  Huge or | Small  Huge or | Small  Huge or | Small  Huge or | Total          |
## EC_MEMINFO                           | (sum) | Small    Huge   |  Only   Small  |  Only   Small  |  Only   Small  |  Only   Small  |  Only   Small  |  Only   Small  |  Only   Small  |  Only   Small  | Memfree+Cached |
## EC_MEMINFO    0 taranis1200             2432    2907       0     17884    9642    10750   20584     8280   22336     7982   23554     6152   24376     4074   25660     7436   23250     4715   26444    244721    2849      1.2   0.0         0      0     128  Sm/p:master:computation
## EC_MEMINFO    1 taranis1209             2432    2907       0     13597   14454     5650   25190     5885   24742     5391   26120     6726   23840     5843   25612     4624   26046     4667   26496    246491    1471      1.2   0.0         0      0     129  Sm/p:master:computation
## EC_MEMINFO    2 taranis1210             2432    2905       0     14187   13874     5340   26128     5117   25486     4910   26590     5088   25540     6073   24698     4141   26546     3377   27898    246595    1452      1.2   0.0         0      0     128  Sm/p:master:computation
Reading namelist NAM_DISTRIBUTED_VECTORS from file 
Reading namelist NAMPAR0 from fort.4
MPL_BUFFER_METHOD:  2  2048000000
## EC_MEMINFO 
## EC_MEMINFO Detailed memory information for program /home/gmap/mrpm/marguina/gpupack/pack/49t2_openacc-bench-notransfer.01.INTEL2302.2d/bin/MASTERODB -- wall-time :      0.020s
## EC_MEMINFO Running on 3 nodes (8-numa) with 12 compute + 0 I/O-tasks and 32+0 threads at 08:44:47.560 on 17-Jul-2024
## EC_MEMINFO The Job Name is arp and the Job ID is 65632733
## EC_MEMINFO 
## EC_MEMINFO                           | TC    | MEMORY USED(MB) | MEMORY FREE(MB)  -------------    -------------    -------------    -------------    -------------    -------------    -------------   INCLUDING CACHED|  %USED %HUGE  | Energy  Power Running
## EC_MEMINFO                           | Malloc| Inc Heap        | Numa region  0 | Numa region  1 | Numa region  2 | Numa region  3 | Numa region  4 | Numa region  5 | Numa region  6 | Numa region  7 |                |               |    (J)    (W)
## EC_MEMINFO Node Name                 | Heap  | RSS(sum)        | Small  Huge or | Small  Huge or | Small  Huge or | Small  Huge or | Small  Huge or | Small  Huge or | Small  Huge or | Small  Huge or | Total          |
## EC_MEMINFO                           | (sum) | Small    Huge   |  Only   Small  |  Only   Small  |  Only   Small  |  Only   Small  |  Only   Small  |  Only   Small  |  Only   Small  |  Only   Small  | Memfree+Cached |
## EC_MEMINFO    0 taranis1200            10668    2996       0     17872    9642    10750   20584     8269   22336     7982   23554     6141   24376     4074   25660     7424   23250     4715   26444    244675    2850      1.2   0.0         0      0     128  Sm/p:oops:ifs_init
## EC_MEMINFO    1 taranis1209            10667    2996       0     13586   14454     5650   25190     5874   24742     5391   26120     6715   23840     5843   25612     4613   26046     4667   26496    246444    1471      1.2   0.0         0      0     129  Sm/p:master:comput
## EC_MEMINFO    2 taranis1210            10668    2996       0     14176   13874     5340   26128     5105   25486     4910   26590     5077   25540     6073   24698     4129   26546     3377   27898    246550    1452      1.2   0.0         0      0     128  Sm/p:master:comput
 ODB Observation Store options : L_READ_FROM_OBS_STORE =  F
 ODB Observation Store options : L_WRITE_TO_OBS_STORE  =  F
 ODB Observation Store options : ODB_OBS_STORE_PATH    = 
 ODB Observation Store options : NPOOLS_COPEDB         =            0
 ------ lparallelmethod.txt ------
OPENMP                           ACCTND0_PARALLEL:PACC
OPENMP                           ACVPPKF_PARALLEL:PART0
OPENMP                           ACVPPKF_PARALLEL:PART1
OPENMP                           ACVPPKF_PARALLEL:PART2
OPENMP                           ACVPPKF_PARALLEL:PART3
OPENMP                           APL_ARPEGE_AEROSOLS_FOR_RADIATION_PARALLEL:RADAER
OPENMP                           APL_ARPEGE_ALBEDO_COMPUTATION_PARALLEL:0
OPENMP                           APL_ARPEGE_ATMOSPHERE_UPDATE_PARALLEL:CPTEND_NEW
OPENMP                           APL_ARPEGE_CLOUDINESS_PARALLEL:ACNEBCOND
OPENMP                           APL_ARPEGE_DEEP_CONVECTION_PARALLEL:ACUPTQ
OPENMP                           APL_ARPEGE_DEEP_CONVECTION_PARALLEL:COPY
OPENMP                           APL_ARPEGE_DEEP_CONVECTION_PARALLEL:CUCALLN_MF
OPENMP                           APL_ARPEGE_DEEP_CONVECTION_PARALLEL:CULIGHT
OPENMP                           APL_ARPEGE_DEEP_CONVECTION_PARALLEL:INIT
OPENMP                           APL_ARPEGE_DEEP_CONVECTION_PARALLEL:ZERO
OPENMP                           APL_ARPEGE_DPRECIPS_PARALLEL:0
OPENMP                           APL_ARPEGE_HYDRO_BUDGET_PARALLEL:ACDROV
OPENMP                           APL_ARPEGE_HYDRO_BUDGET_PARALLEL:LMSE
OPENMP                           APL_ARPEGE_INIT_PARALLEL:0
OPENMP                           APL_ARPEGE_INIT_PARALLEL:1
OPENMP                           APL_ARPEGE_INIT_PARALLEL:2
OPENMP                           APL_ARPEGE_INIT_PARALLEL:3
OPENMP                           APL_ARPEGE_INIT_PARALLEL:4
OPENMP                           APL_ARPEGE_INIT_PARALLEL:5
OPENMP                           APL_ARPEGE_INIT_PARALLEL:6
OPENMP                           APL_ARPEGE_INIT_SURFEX_PARALLEL:0
OPENMP                           APL_ARPEGE_INIT_SURFEX_PARALLEL:1
OPENMP                           APL_ARPEGE_INIT_SURFEX_PARALLEL:2
OPENMP                           APL_ARPEGE_MWAVE_PARALLEL:0
OPENMP                           APL_ARPEGE_OCEANIC_FLUXES_PARALLEL:1
OPENMP                           APL_ARPEGE_OCEANIC_FLUXES_PARALLEL:ACFLUSO
OPENMP                           APL_ARPEGE_PARALLEL:22
OPENMP                           APL_ARPEGE_PARALLEL:23
OPENMP                           APL_ARPEGE_PARALLEL:24
OPENMP                           APL_ARPEGE_PARALLEL:ACCLPH
OPENMP                           APL_ARPEGE_PARALLEL:ACDRAG
OPENMP                           APL_ARPEGE_PARALLEL:ACDRME
OPENMP                           APL_ARPEGE_PARALLEL:ACEVADCAPE
OPENMP                           APL_ARPEGE_PARALLEL:ACHMT
OPENMP                           APL_ARPEGE_PARALLEL:ACHMTLS
OPENMP                           APL_ARPEGE_PARALLEL:ACSOL
OPENMP                           APL_ARPEGE_PARALLEL:ACTQSAT
OPENMP                           APL_ARPEGE_PARALLEL:ACVISIH
OPENMP                           APL_ARPEGE_PARALLEL:APLPAR_INIT
OPENMP                           APL_ARPEGE_PARALLEL:BAYRAD
OPENMP                           APL_ARPEGE_PARALLEL:CHECKMV
OPENMP                           APL_ARPEGE_PARALLEL:CPPHINP
OPENMP                           APL_ARPEGE_PARALLEL:DIFTQ
OPENMP                           APL_ARPEGE_PARALLEL:EDR
OPENMP                           APL_ARPEGE_PARALLEL:FRSOPT
OPENMP                           APL_ARPEGE_PARALLEL:PLSM
OPENMP                           APL_ARPEGE_PARALLEL:PPWETPOINT
OPENMP                           APL_ARPEGE_PARALLEL:PRECIPS
OPENMP                           APL_ARPEGE_PARALLEL:QNGCOR
OPENMP                           APL_ARPEGE_PARALLEL:TURBULENCE_PART2
OPENMP                           APL_ARPEGE_PARALLEL:ZBAY_QRCONV
OPENMP                           APL_ARPEGE_PARALLEL:ZDE2MR
OPENMP                           APL_ARPEGE_PARALLEL:ZDPHIV
OPENMP                           APL_ARPEGE_PARALLEL:ZRDG_LCVQ
OPENMP                           APL_ARPEGE_PRECIPITATION_PARALLEL:ACUPTQ
OPENMP                           APL_ARPEGE_RADIATION_PARALLEL:ACDAYD
OPENMP                           APL_ARPEGE_RADIATION_PARALLEL:ACRANEB2
OPENMP                           APL_ARPEGE_RADIATION_PARALLEL:ACRSO
OPENMP                           APL_ARPEGE_RADIATION_PARALLEL:CALLRAD_F
OPENMP                           APL_ARPEGE_RADIATION_PARALLEL:DIRECT
OPENMP                           APL_ARPEGE_RADIATION_PARALLEL:LMSE_F
OPENMP                           APL_ARPEGE_RADIATION_PARALLEL:RADHEAT
OPENMP                           APL_ARPEGE_RADIATION_PARALLEL:SUNSHINE
OPENMP                           APL_ARPEGE_SHALLOW_CONVECTION_AND_TURBULENCE_PARALLEL:ACTKE
OPENMP                           APL_ARPEGE_SOIL_HYDRO_PARALLEL:ACVEG
OPENMP                           APL_ARPEGE_SURFACE_PARALLEL:1
OPENMP                           APL_ARPEGE_SURFACE_PARALLEL:ACDIFV1
OPENMP                           APL_ARPEGE_SURFACE_PARALLEL:ACDIFV2
OPENMP                           APL_ARPEGE_SURFACE_PARALLEL:CALLSFX_F
OPENMP                           APL_ARPEGE_SURFACE_PARALLEL:LEDKF
OPENMP                           APL_ARPEGE_SURFACE_PARALLEL:LMSE_F
OPENMP                           APL_ARPEGE_SURFACE_PARALLEL:LMSE_F2
OPENMP                           APL_ARPEGE_SURFACE_UPDATE_PARALLEL:LMSE_F
OPENMP                           APL_ARPEGE_SURFACE_UPDATE_PARALLEL:LMSE_T
OPENMP                           APL_WIND_GUST_PARALLEL:ACCLDIA
OPENMP                           ARP_SHALLOW_MF_PARALLEL:FINISH
OPENMP                           ARP_SHALLOW_MF_PARALLEL:INIT
OPENMP                           ARP_SHALLOW_MF_PARALLEL:SHALLOW_MF
OPENMP                           ARP_SHALLOW_MF_PARALLEL:ZERO
OPENMP                           CPCFU_PARALLEL:0
OPENMP                           CPCFU_PARALLEL:1
OPENMP                           CPCFU_PARALLEL:2
OPENMP                           CPCFU_PARALLEL:3
OPENMP                           CPCFU_PARALLEL:4
OPENMP                           CPCFU_PARALLEL:5
OPENMP                           CPGLAG_PARALLEL:0
OPENMP                           CPGLAG_PARALLEL:1
OPENMP                           CPGLAG_PARALLEL:STR
OPENMP                           CPG_DIA_FLU_PARALLEL:0
OPENMP                           CPG_DIA_FLU_PARALLEL:1
OPENMP                           CPG_DIA_FLU_PARALLEL:2
OPENMP                           CPG_DIA_FLU_PARALLEL:3
OPENMP                           CPG_DIA_FLU_PARALLEL:4
OPENMPMETHOD                     CPG_END_SFC_PARALLEL:GSP_CL_SET0TO1
OPENMPMETHOD                     CPG_END_SFC_PARALLEL:PHTFILT
OPENMPMETHOD                     CPG_END_SFC_PARALLEL:SET0TO1
OPENMP                           CPG_GP_HYD_PARALLEL:0
OPENMP                           CPG_GP_HYD_PARALLEL:1
OPENMP                           CPG_GP_HYD_PARALLEL:2
OPENMP                           CPG_GP_HYD_PARALLEL:3
OPENMP                           CPG_GP_PARALLEL:GPINISLB_PART1_EXPL
OPENMP                           CPG_GP_PARALLEL:GPINISLB_PART3_EXPL
OPENMP                           CPG_GP_PARALLEL:GPTF2_EXPL_2TL
OPENMP                           CPG_GP_PARALLEL:GP_SPV
OPENMP                           CPG_GP_PARALLEL:MAP_FACTOR
OPENMPMETHOD                     CPG_GP_PARALLEL:SET1TO0
OPENMPMETHOD                     CPG_GP_PARALLEL:SET1TO9
UPDATEVIEW                       CPG_GP_PARALLEL:SET9TO0
OPENMP                           CPG_GP_PARALLEL:SETZERO
OPENMP                           CPG_PARALLEL:ISETTLOFF
OPENMP                           CPG_PARALLEL:LSMTSOL
OPENMPMETHOD                     CPG_PARALLEL:SHUFFLESL1
OPENMPMETHOD                     CPG_PARALLEL:ZEROPB2
OPENMPMETHOD                     CPG_PARALLEL:ZEROSL1
OPENMP                           CPUTQY0_PARALLEL:PVAR
OPENMP                           CPUTQY_APLPAR_EXPL_PARALLEL:PFDIS
OPENMP                           CPUTQY_APLPAR_EXPL_PARALLEL:ZDEC
OPENMP                           CPUTQY_APLPAR_EXPL_PARALLEL:ZTDCP
OPENMP                           CPXFU_PARALLEL:0
OPENMP                           CPXFU_PARALLEL:1
OPENMP                           CPXFU_PARALLEL:2
OPENMP                           CPXFU_PARALLEL:3
OPENMP                           CPXFU_PARALLEL:4
OPENMP                           CTVTOT_EXPL_PARALLEL:0
OPENMP                           EXCHANGE_MS_MODNEW:MAIN
OPENMP                           GPINISLB_PART2_EXPL_PARALLEL:0
OPENMP                           GPINISLB_PART2_EXPL_PARALLEL:1
OPENMP                           GPINISLB_PART2_EXPL_PARALLEL:2
OPENMP                           GPINISLB_PART2_EXPL_PARALLEL:3
OPENMP                           GPINISLB_PART2_EXPL_PARALLEL:4
OPENMP                           GPINISLB_PART2_EXPL_PARALLEL:5
OPENMP                           GPMPFC_EXPL_PARALLEL:0
OPENMP                           GPMPFC_EXPL_PARALLEL:1
OPENMP                           GPMPFC_EXPL_PART2_PARALLEL:0
OPENMP                           GPRCP_EXPL_PARALLEL:0
OPENMP                           GPRCP_EXPL_PARALLEL:1
OPENMP                           GPRCP_EXPL_PARALLEL:2
OPENMP                           GPRCP_EXPL_PARALLEL:3
OPENMP                           GPRCP_EXPL_PARALLEL:4
OPENMP                           GPRCP_EXPL_PARALLEL:5
OPENMP                           GPTF1_YDVARS_PARALLEL:LGRADSP
OPENMP                           GPTF1_YDVARS_PARALLEL:LTWOTL
OPENMP                           GPTF1_YDVARS_PARALLEL:NOTLDTF1
OPENMP                           LACDYN_PARALLEL:LASURE
OPENMP                           LACDYN_PARALLEL:ZMIXNL
OPENMP                           LAPINEA_PARALLEL:LARCINA
OPENMP                           LAPINEB_PARALLEL:CVGQ
OPENMP                           LAPINEB_PARALLEL:DPDETA0
OPENMP                           LAPINEB_PARALLEL:LACONE
OPENMP                           LAPINEB_PARALLEL:LARCHE
OPENMP                           LAPINEB_PARALLEL:LRDBBC
OPENMP                           LAPINEB_PARALLEL:LRPLANE
OPENMP                           LAPINEB_PARALLEL:L_RDRY_VD
OPENMP                           LAPINEB_PARALLEL:NVLAG2
OPENMP                           LAPINEB_PARALLEL:NVLAG3
OPENMP                           LAPINEB_PARALLEL:ROTUV
OPENMP                           LAPINEB_PARALLEL:ROTUVGEO
OPENMP                           LAPINEB_PARALLEL:TEMP_EQ
OPENMP                           LAPINEB_PARALLEL:YCVGQ
OPENMP                           LAPINEB_PARALLEL:ZERO_GMV9
OPENMP                           LAPINEB_PARALLEL:ZERO_GMV9_SI
OPENMP                           LAPINEB_PARALLEL:ZERO_GMV9_SL
OPENMP                           LAPINEB_PARALLEL:ZERO_UV9
OPENMP                           LAPINEB_PARALLEL:ZVWEI
OPENMP                           LARCINB_PARALLEL:LAITRE_GFL
OPENMP                           LARCINB_PARALLEL:LAITRE_GMV
OPENMP                           LARCINB_PARALLEL:LAITVSPCQM
OPENMP                           LARCINB_PARALLEL:LCOMAD_SP
OPENMP                           LARCINB_PARALLEL:LDSLPHY
OPENMP                           LARCINB_PARALLEL:LIN
OPENMP                           LARCINB_PARALLEL:LLCOMAD
OPENMP                           LARCINB_PARALLEL:LLCOMAD_2
OPENMP                           LARCINB_PARALLEL:LRHS_CURV_F
OPENMP                           LARCINB_PARALLEL:LTDIABLIN
OPENMP                           LARCINB_PARALLEL:NQMGMV
OPENMP                           LARCINB_PARALLEL:NTLAG_3
OPENMP                           LARCINB_PARALLEL:NVLAG_2
OPENMP                           LARCINB_PARALLEL:NVLAG_3
OPENMP                           LARCINB_PARALLEL:RRINTOPT
OPENMP                           LARMES_PARALLEL:LARMES
OPENMP                           LASSIE_PARALLEL:GPRCP
OPENMP                           LASSIE_PARALLEL:SITNU
OPENMP                           LATTES_PARALLEL:0
OPENMP                           LATTEX_EXPL_2TL_PARALLEL:0
OPENMP                           LATTEX_EXPL_2TL_PARALLEL:1
OPENMP                           LATTEX_EXPL_2TL_PARALLEL:2
OPENMP                           LATTEX_EXPL_2TL_PARALLEL:3
OPENMP                           LATTEX_EXPL_2TL_PARALLEL:4
OPENMP                           LATTEX_EXPL_2TL_PARALLEL:5
OPENMP                           LATTEX_EXPL_2TL_PARALLEL:6
OPENMP                           LATTEX_EXPL_VSPLTRANS_PARALLEL:0
OPENMP                           LATTEX_EXPL_VSPLTRANS_PARALLEL:1
OPENMP                           LATTEX_PARALLEL:LRHS_CURV
OPENMP                           LATTEX_PARALLEL:LRSIDDH
OPENMP                           LATTEX_PARALLEL:MAIN
OPENMP                           LAVABO_EXPL_LAITVSPCQM_PART1_PARALLEL:0
OPENMP                           LAVABO_EXPL_LAITVSPCQM_PART2_PARALLEL:0
OPENMP                           LAVABO_PARALLEL:0
OPENMP                           LAVABO_PARALLEL:1
OPENMP                           LAVABO_PARALLEL:2
OPENMP                           LAVENT_PARALLEL:0
OPENMP                           MF_PHYS_FPL_PART1_PARALLEL:PART1
OPENMP                           MF_PHYS_FPL_PART2_PARALLEL:PART2
OPENMP                           MF_PHYS_INIT_PARALLEL:ZERO
OPENMP                           MF_PHYS_MOCON_PARALLEL:PPWETPOINT
OPENMP                           MF_PHYS_PREP_PARALLEL:PREP
OPENMP                           MF_PHYS_SAVE_PHSURF_PART1_PARALLEL:PART1
OPENMP                           MF_PHYS_SAVE_PHSURF_PART2_PARALLEL:PART2
OPENMP                           MF_PHYS_TRANSFER_PARALLEL:ALL
OPENMP                           RECMWF_PARALLEL:1
OPENMP                           RECMWF_PARALLEL:2
OPENMP                           RECMWF_PARALLEL:ECRAD_CPU
OPENMP                           RECMWF_PARALLEL:ECRAD_GPU
OPENMP                           RECMWF_PARALLEL:ECRAD_POST
OPENMP                           RECMWF_PARALLEL:FINISH
OPENMP                           RECMWF_PARALLEL:PREPARE
OPENMP                           RECMWF_PARALLEL:RRTM
OPENMP                           RECMWF_PARALLEL:SRTM
OPENMP                           SCAN2M_TS_PARALLEL:0
OPENMP                           SPCHORNEW_PARALLEL:MAIN
OPENMP                           SPCMNEW_PARALLEL:MAIN
OPENMP                           SPCSINEW_PARALLEL:MAIN
OPENMP                           STEPO:MAIN
OPENMP                           TRMTOSNEW:MAIN
OPENMP                           TRSTOMNEW:MAIN
 ------ lparallelmethod.txt ------
 ------ lsynchost.txt ------
 ------ lsynchost.txt ------
  08:47:33 STEP    0 H=   0:00 +CPU=295.330    
           STEP    0 :## EC_MEMINFO                           | TC    | MEMORY USED(MB) | MEMORY FREE(MB)  -------------    -------------    -------------    -------------    -------------    -------------    -------------   INCLUDING CACHED|  %USED %HUGE  | Energy  Power LoadAvg
           STEP    0 :## EC_MEMINFO                           | Malloc| Inc Heap        | Numa region  0 | Numa region  1 | Numa region  2 | Numa region  3 | Numa region  4 | Numa region  5 | Numa region  6 | Numa region  7 |                |               |    (J)    (W)
           STEP    0 :## EC_MEMINFO Node Name                 | Heap  | RSS(tsk)        | Small  Huge or | Small  Huge or | Small  Huge or | Small  Huge or | Small  Huge or | Small  Huge or | Small  Huge or | Small  Huge or | Total          |
           STEP    0 :## EC_MEMINFO                           | (sum) | Small    Huge   |  Only   Small  |  Only   Small  |  Only   Small  |  Only   Small  |  Only   Small  |  Only   Small  |  Only   Small  |  Only   Small  | Memfree+Cached |
           STEP    0 :## EC_MEMINFO    0 taranis1200            13976   24610       0     11201    9644     6814   20588     5566   17994     4956   22702     6491   17002     3428   22958     7305   16558     3828   23260    201898    2833     10.7   0.0         0      0   15.01  Sm/p
  08:47:46 STEP    1 H=   0:10 +CPU=189.665    
           STEP    1 :## EC_MEMINFO    0 taranis1200            13976   24610       0     11215    9644     6837   20588     5630   17924     5032   22612     6476   16996     3409   22948     7292   16552     3857   23218    201819    2833     10.7   0.0         0      0   22.23  Sm/p
  08:47:58 STEP    2 H=   0:20 +CPU=193.220    
           STEP    2 :## EC_MEMINFO    0 taranis1200            13976   24610       0     11216    9644     6834   20588     5598   17958     5026   22616     6480   16996     3409   22948     7298   16552     3891   23178    201847    2833     10.7   0.0         0      0   24.63  Sm/p
  08:48:11 STEP    3 H=   0:30 +CPU=193.384    
           STEP    3 :## EC_MEMINFO    0 taranis1200            13976   24610       0     11219    9644     6831   20588     5604   17956     5022   22616     6486   16994     3412   22944     7307   16552     3922   23138    201844    2833     10.7   0.0         0      0   20.21  Sm/p
  08:48:24 STEP    4 H=   0:40 +CPU=192.244    
           STEP    4 :## EC_MEMINFO    0 taranis1200            13976   24610       0     11239    9644     6799   20588     5623   17958     4992   22614     6525   16960     3433   22914     7313   16552     3933   23108    201786    2833     10.7   0.0         0      0   27.08  Sm/p
  08:48:37 STEP    5 H=   0:50 +CPU=196.146    
           STEP    5 :## EC_MEMINFO    0 taranis1200            13976   24610       0     11249    9644     6792   20590     5641   17964     5694   21878     6508   16990     3406   22912     7314   16550     3965   23072    201754    2833     10.7   0.0         0      0   34.94  Sm/p
  08:49:58 STEP    6 H=   1:00 +CPU=277.861    
           STEP    6 :## EC_MEMINFO    0 taranis1200            13976   24612       0     11336    9644     6707   20592     5769   17808     5718   21880     6559   16916     3437   22906     7491   16358     4053   23002    201748    2833     10.7   0.0         0      0   12.40  Sm/p
  08:50:11 STEP    7 H=   1:10 +CPU=189.893    
           STEP    7 :## EC_MEMINFO    0 taranis1200            13976   24612       0     11341    9644     6704   20592     5840   17738     5721   21880     6560   16916     3449   22898     7500   16352     4102   22956    201791    2833     10.7   0.0         0      0   21.26  Sm/p
  08:50:23 STEP    8 H=   1:20 +CPU=184.659    
           STEP    8 :## EC_MEMINFO    0 taranis1200            13976   24612       0     11345    9644     6706   20592     5836   17746     5724   21878     6560   16916     3454   22898     7502   16352     4101   22958    201816    2833     10.7   0.0         0      0   19.07  Sm/p
  08:50:36 STEP    9 H=   1:30 +CPU=192.743    
           STEP    9 :## EC_MEMINFO    0 taranis1200            13976   24612       0     11347    9644     6709   20592     5828   17758     5721   21880     6561   16916     3456   22900     7551   16350     4457   22546    201785    2833     10.7   0.0         0      0   25.87  Sm/p
  08:50:49 STEP   10 H=   1:40 +CPU=200.081    
           STEP   10 :## EC_MEMINFO    0 taranis1200            13976   24612       0     11349    9644     6710   20592     5812   17774     5724   21876     6559   16916     3462   22894     7604   16352     4403   22542    201784    2833     10.7   0.0         0      0   22.99  Sm/p
  08:51:02 STEP   11 H=   1:50 +CPU=207.554    
           STEP   11 :## EC_MEMINFO    0 taranis1200            13976   24612       0     11346    9644     6710   20592     5802   17790     5709   21878     6560   16916     3459   22896     7607   16352     4422   22524    201778    2833     10.7   0.0         0      0   31.76  Sm/p
  08:52:23 STEP   12 H=   2:00 +CPU=289.638    
           STEP   12 :## EC_MEMINFO    0 taranis1200            13976   24626       0     11346    9644     6704   20592     5830   17766     5699   21878     6565   16910     3463   22888     7707   16288     4384   22512    201750    2833     10.7   0.0         0      0   16.00  Sm/p
  08:52:37 STEP   13 H=   2:10 +CPU=210.296    
           STEP   13 :## EC_MEMINFO    0 taranis1200            13976   24626       0     11349    9644     6704   20592     6789   16838     5667   21876     7096   16410     3427   22886     7663   16288     4432   22516    201745    2833     10.7   0.0         0      0   24.28  Sm/p
  08:52:49 STEP   14 H=   2:20 +CPU=185.877    
           STEP   14 :## EC_MEMINFO    0 taranis1200            13976   24626       0     11351    9644     6703   20592     6688   16940     5667   21876     6908   16602     3428   22886     7668   16288     4435   22516    201795    2833     10.7   0.0         0      0   28.69  Sm/p
  08:53:02 STEP   15 H=   2:30 +CPU=192.375    
           STEP   15 :## EC_MEMINFO    0 taranis1200            13976   24626       0     11351    9644     6704   20592     6319   17312     5669   21874     6739   16774     3434   22880     7738   16214     4435   22512    201773    2833     10.7   0.0         0      0   31.70  Sm/p
  08:53:15 STEP   16 H=   2:40 +CPU=190.564    
           STEP   16 :## EC_MEMINFO    0 taranis1200            13976   24626       0     11350    9644     6705   20592     6154   17484     5659   21878     6684   16826     3444   22872     7691   16266     4434   22514    201791    2833     10.7   0.0         0      0   39.97  Sm/p
  08:53:28 STEP   17 H=   2:50 +CPU=193.014    
           STEP   17 :## EC_MEMINFO    0 taranis1200            13976   24626       0     11348    9644     6700   20594     6115   17524     5655   21878     6691   16822     3447   22862     7681   16276     4434   22514    201775    2833     10.7   0.0         0      0   35.24  Sm/p
  08:54:49 STEP   18 H=   3:00 +CPU=274.307    
           STEP   18 :## EC_MEMINFO    0 taranis1200            13976   24626       0     11354    9644     6692   20594     6573   17058     5656   21876     7004   16498     3468   22846     8897   14980     4759   22248    201715    2833     10.7   0.0         0      0   12.81  Sm/p
  08:55:03 STEP   19 H=   3:10 +CPU=196.341    
           STEP   19 :## EC_MEMINFO    0 taranis1200            13976   24626       0     11355    9644     6693   20594     6557   17080     5654   21876     7023   16484     3566   22750     8928   14974     4742   22248    201747    2833     10.7   0.0         0      0   30.76  Sm/p
  08:55:15 STEP   20 H=   3:20 +CPU=180.195    
           STEP   20 :## EC_MEMINFO    0 taranis1200            13976   24626       0     11352    9644     6697   20594     6516   17138     5638   21876     7005   16510     3562   22740     8934   14974     4746   22248    201765    2833     10.7   0.0         0      0   42.93  Sm/p
  08:55:28 STEP   21 H=   3:30 +CPU=185.982    
           STEP   21 :## EC_MEMINFO    0 taranis1200            13976   24626       0     11351    9644     6698   20594     6508   17178     5602   21874     7717   15944     4338   21814     8931   14974     4749   22248    201736    2833     10.7   0.0         0      0   37.02  Sm/p
  08:55:40 STEP   22 H=   3:40 +CPU=182.810    
           STEP   22 :## EC_MEMINFO    0 taranis1200            13976   24626       0     11351    9644     6698   20594     6505   17184     5597   21876     7793   15944     4306   21772     8933   14974     4747   22248    201760    2833     10.7   0.0         0      0   39.71  Sm/p
  08:55:53 STEP   23 H=   3:50 +CPU=191.944    
           STEP   23 :## EC_MEMINFO    0 taranis1200            13976   24626       0     11350    9644     6698   20594     6872   16812     5602   21872     7896   15840     4303   21774     8933   14974     4746   22248    201745    2833     10.7   0.0         0      0   34.46  Sm/p
  08:57:14 STEP   24 H=   4:00 +CPU=281.039    
           STEP   24 :## EC_MEMINFO    0 taranis1200            13976   24636       0     11326    9644     6719   20594     6835   16852     5600   21872     7806   15938     4280   21794     9281   14592     4772   22246    201716    2833     10.7   0.0         0      0   13.88  Sm/p
  08:57:28 STEP   25 H=   4:10 +CPU=204.967    
           STEP   25 :## EC_MEMINFO    0 taranis1200            13976   24636       0     11314    9644     6729   20594     7081   16604     5609   21860     7800   15944     4291   21780     9288   14592     4771   22246    201715    2833     10.7   0.0         0      0   30.88  Sm/p
  08:57:40 STEP   26 H=   4:20 +CPU=180.546    
           STEP   26 :## EC_MEMINFO    0 taranis1200            13976   24636       0     11323    9644     6723   20594     7029   16660     5612   21860     7803   15944     4280   21792     9284   14598     4771   22246    201753    2833     10.7   0.0         0      0   34.93  Sm/p
  08:57:53 STEP   27 H=   4:30 +CPU=176.359    
           STEP   27 :## EC_MEMINFO    0 taranis1200            13976   24636       0     11324    9644     6725   20594     6935   16758     5614   21858     7806   15944     4278   21794     9266   14618     4771   22246    201776    2833     10.7   0.0         0      0   30.49  Sm/p
  08:58:06 STEP   28 H=   4:40 +CPU=179.297    
           STEP   28 :## EC_MEMINFO    0 taranis1200            13976   24636       0     11328    9644     6725   20594     6801   16894     5617   21852     7806   15944     4278   21794     9266   14618     4771   22246    201767    2833     10.7   0.0         0      0   34.39  Sm/p
  08:58:18 STEP   29 H=   4:50 +CPU=183.382    
           STEP   29 :## EC_MEMINFO    0 taranis1200            13976   24636       0     11338    9644     6707   20594     6767   16930     5613   21854     7806   15944     4278   21794     9269   14618     4767   22246    201761    2833     10.7   0.0         0      0   29.96  Sm/p
  08:59:39 STEP   30 H=   5:00 +CPU=286.416    
           STEP   30 :## EC_MEMINFO    0 taranis1200            13976   24645       0     11345    9644     6698   20594     7623   16062     5611   21856     8873   14636     5272   21020     9271   14618     4764   22246    201699    2833     10.8   0.0         0      0   10.83  Sm/p
  08:59:53 STEP   31 H=   5:10 +CPU=196.432    
           STEP   31 :## EC_MEMINFO    0 taranis1200            13976   24645       0     11352    9644     6696   20594     7724   15964     5611   21856     8866   14632     5274   21034     9281   14618     4752   22246    201713    2833     10.8   0.0         0      0   26.23  Sm/p
  09:00:06 STEP   32 H=   5:20 +CPU=183.275    
           STEP   32 :## EC_MEMINFO    0 taranis1200            13976   24645       0     11357    9644     6689   20594     7702   15990     5616   21852     8865   14636     5280   21034     9283   14618     4753   22246    201739    2833     10.8   0.0         0      0   31.15  Sm/p
  09:00:18 STEP   33 H=   5:30 +CPU=180.505    
           STEP   33 :## EC_MEMINFO    0 taranis1200            13976   24645       0     11411    9644     6630   20594     7627   16068     5621   21848     8867   14638     5281   21034     9282   14620     4759   22240    201756    2833     10.8   0.0         0      0   27.22  Sm/p
  09:00:31 STEP   34 H=   5:40 +CPU=171.863    
           STEP   34 :## EC_MEMINFO    0 taranis1200            13976   24645       0     11488    9644     6551   20594     7558   16138     5619   21850     8868   14638     5281   21034     9284   14620     4763   22234    201756    2833     10.8   0.0         0      0   22.15  Sm/p
  09:00:44 STEP   35 H=   5:50 +CPU=182.629    
           STEP   35 :## EC_MEMINFO    0 taranis1200            13976   24645       0     11492    9644     6551   20594     7553   16142     5617   21854     8868   14638     5278   21036     9284   14620     4752   22244    201733    2833     10.8   0.0         0      0   26.65  Sm/p
  09:00:44 STEP   36 H=   6:00 +CPU=  2.804    
           STEP   36 :## EC_MEMINFO    0 taranis1200            13976   24645       0     11504    9644     6556   20594     8388   16148     6169   21854     9723   14638     5801   21036     9901   14780     5152   22244    205701    2833     10.6   0.0         0      0   26.65  Sm/p
## EC_MEMINFO                           | TC    | MEMORY USED(MB) | MEMORY FREE(MB)  -------------    -------------    -------------    -------------    -------------    -------------    -------------   INCLUDING CACHED|  %USED %HUGE  | Energy  Power LoadAvg
## EC_MEMINFO                           | Malloc| Inc Heap        | Numa region  0 | Numa region  1 | Numa region  2 | Numa region  3 | Numa region  4 | Numa region  5 | Numa region  6 | Numa region  7 |                |               |    (J)    (W)
## EC_MEMINFO Node Name                 | Heap  | RSS(sum)        | Small  Huge or | Small  Huge or | Small  Huge or | Small  Huge or | Small  Huge or | Small  Huge or | Small  Huge or | Small  Huge or | Total          |
## EC_MEMINFO                           | (sum) | Small    Huge   |  Only   Small  |  Only   Small  |  Only   Small  |  Only   Small  |  Only   Small  |  Only   Small  |  Only   Small  |  Only   Small  | Memfree+Cached |
## EC_MEMINFO    0 taranis1200            52260   99508       0     13114    9644     7509   20594     9216   16156     6418   21946    10646   14642     6115   21044    10567   15072     5596   22252    212108    2833     31.6   0.0         0      0   26.65  Sm/p:ec_mpi_finalize:mpl_end
## EC_MEMINFO    1 taranis1209            50455   99270       0     10507   12624     5111   22384     8947   16636     5069   23142    10303   15238     5168   23172     8112   17516     5843   22180    213546    1990     31.5   0.0         0      0   34.97  Sm/p:ec_mpi_finalize:mpl_end
## EC_MEMINFO    2 taranis1210            50804   99196       0     10909   12196     5470   22780     7998   17406     4874   23474     8774   16658     5233   22384     5740   20084     5353   22622    213561    1952     31.5   0.0         0      0   35.54  Sm/p:ec_mpi_finalize:mpl_end
## EC_MEMINFO 
## EC_MEMINFO 
## EC_MEMINFO  Total energy consumed :        0.000 kWh (0 J)
## EC_MEMINFO  Avg. power / node     : 0 W across 3 nodes
## EC_MEMINFO 
## EC_MEMINFO 
## EC_MEMINFO Detailed memory information for program /home/gmap/mrpm/marguina/gpupack/pack/49t2_openacc-bench-notransfer.01.INTEL2302.2d/bin/MASTERODB -- wall-time :    957.108s
## EC_MEMINFO Running on 3 nodes (8-numa) with 12 compute + 0 I/O-tasks and 32+0 threads at 09:00:44.648 on 17-Jul-2024
## EC_MEMINFO The Job Name is arp and the Job ID is 65632733
## EC_MEMINFO 
[EC_DRHOOK:taranis1200:1:1:72390:72390] [20240717:090044:957.466] [c_drhook_print_@drhook.c:4265] Writing profiling information of proc#1 into file 'drhook.prof.1'
Profiling information for program='/home/gmap/mrpm/marguina/gpupack/pack/49t2_openacc-bench-notransfer.01.INTEL2302.2d/bin/MASTERODB', proc#1:
	No. of instrumented routines called : 1748
	Instrumentation started : 20240717 084447
	Instrumentation   ended : 20240717 090044
	Instrumentation overhead: 0.59%
	Wall-time is 953.49 sec on proc#1 (12 procs, 32 threads)
	Thread#1:      951.55 sec (99.80%) -- Cycles: 2153466452048 (2154292455015)
	Thread#2:       41.73 sec (4.38%) -- Cycles: 94513771967 (2154292463182)
	Thread#3:       41.71 sec (4.37%) -- Cycles: 94481904758 (2154292452923)
	Thread#4:       41.73 sec (4.38%) -- Cycles: 94527128507 (2154292452383)
	Thread#5:       42.18 sec (4.42%) -- Cycles: 95544866638 (2154292473465)
	Thread#6:       42.00 sec (4.40%) -- Cycles: 95132685997 (2154292484243)
	Thread#7:       42.12 sec (4.42%) -- Cycles: 95417174815 (2154292475557)
	Thread#8:       41.81 sec (4.38%) -- Cycles: 94665639090 (2154292474522)
	Thread#9:       41.72 sec (4.38%) -- Cycles: 94535374927 (2154292476930)
	Thread#10:       41.77 sec (4.38%) -- Cycles: 94627173922 (2154292487393)
	Thread#11:       41.81 sec (4.38%) -- Cycles: 94715114202 (2154292477222)
	Thread#12:       41.84 sec (4.39%) -- Cycles: 94787895290 (2154292477898)
	Thread#13:       41.21 sec (4.32%) -- Cycles: 93377829521 (2154292466985)
	Thread#14:       41.11 sec (4.31%) -- Cycles: 93150592046 (2154292472677)
	Thread#15:       41.07 sec (4.31%) -- Cycles: 93005333781 (2154292468470)
	Thread#16:       40.99 sec (4.30%) -- Cycles: 92829696910 (2154292468358)
	Thread#17:       38.75 sec (4.06%) -- Cycles: 87867376113 (2154292476727)
	Thread#18:       38.78 sec (4.07%) -- Cycles: 87909416854 (2154292494525)
	Thread#19:       38.83 sec (4.07%) -- Cycles: 88016513190 (2154292479585)
	Thread#20:       38.85 sec (4.07%) -- Cycles: 88086077589 (2154292472633)
	Thread#21:       38.81 sec (4.07%) -- Cycles: 88001711769 (2154292519815)
	Thread#22:       38.84 sec (4.07%) -- Cycles: 88051729039 (2154292537253)
	Thread#23:       38.81 sec (4.07%) -- Cycles: 87949686576 (2154292521255)
	Thread#24:       38.82 sec (4.07%) -- Cycles: 87963649732 (2154292518600)
	Thread#25:       38.90 sec (4.08%) -- Cycles: 88206132691 (2154292497202)
	Thread#26:       38.73 sec (4.06%) -- Cycles: 87820045280 (2154292508025)
	Thread#27:       38.93 sec (4.08%) -- Cycles: 88217752728 (2154292499115)
	Thread#28:       38.91 sec (4.08%) -- Cycles: 88171196675 (2154292495470)
	Thread#29:       38.83 sec (4.07%) -- Cycles: 88014815512 (2154292494615)
	Thread#30:       38.63 sec (4.05%) -- Cycles: 87564796818 (2154292507305)
	Thread#31:       38.75 sec (4.06%) -- Cycles: 87883745720 (2154292494773)
	Thread#32:       38.68 sec (4.06%) -- Cycles: 87662226176 (2154292499227)
*------------------------------------------------------------------------------*
|                                                                              |
|                                   stdeo.1                                    |
|                                                                              |
*------------------------------------------------------------------------------*
MPIAUTOTIMEOUT is set to 90 seconds
MPI_Init took 1 seconds
Reading namelist NAMPAR0 from fort.4
Reading namelist NAMPAR0 from fort.4
OMP: Warning #182: OMP_STACKSIZE: ignored because KMP_STACKSIZE has been defined
Reading namelist NAM_DISTRIBUTED_VECTORS from file 
Reading namelist NAMPAR0 from fort.4
 FADGRA: Field `SURFET.GEOPOTENT' is not declared in `faFieldName.def' and has no encoded FMULTM and FMULTE
 FADGRA: Field `SURFPROP.ARGILE' is not declared in `faFieldName.def' and has no encoded FMULTM and FMULTE
 FADGRA: Field `SURFPROP.SABLE' is not declared in `faFieldName.def' and has no encoded FMULTM and FMULTE
 FADGRA: Field `SURFEPAIS.SOL' is not declared in `faFieldName.def' and has no encoded FMULTM and FMULTE
 FADGRA: Field `SURFIND.VEG.DOMI' is not declared in `faFieldName.def' and has no encoded FMULTM and FMULTE
 ------ lparallelmethod.txt ------
OPENMP                           ACCTND0_PARALLEL:PACC
OPENMP                           ACVPPKF_PARALLEL:PART0
OPENMP                           ACVPPKF_PARALLEL:PART1
OPENMP                           ACVPPKF_PARALLEL:PART2
OPENMP                           ACVPPKF_PARALLEL:PART3
OPENMP                           APL_ARPEGE_AEROSOLS_FOR_RADIATION_PARALLEL:RADAER
OPENMP                           APL_ARPEGE_ALBEDO_COMPUTATION_PARALLEL:0
OPENMP                           APL_ARPEGE_ATMOSPHERE_UPDATE_PARALLEL:CPTEND_NEW
OPENMP                           APL_ARPEGE_CLOUDINESS_PARALLEL:ACNEBCOND
OPENMP                           APL_ARPEGE_DEEP_CONVECTION_PARALLEL:ACUPTQ
OPENMP                           APL_ARPEGE_DEEP_CONVECTION_PARALLEL:COPY
OPENMP                           APL_ARPEGE_DEEP_CONVECTION_PARALLEL:CUCALLN_MF
OPENMP                           APL_ARPEGE_DEEP_CONVECTION_PARALLEL:CULIGHT
OPENMP                           APL_ARPEGE_DEEP_CONVECTION_PARALLEL:INIT
OPENMP                           APL_ARPEGE_DEEP_CONVECTION_PARALLEL:ZERO
OPENMP                           APL_ARPEGE_DPRECIPS_PARALLEL:0
OPENMP                           APL_ARPEGE_HYDRO_BUDGET_PARALLEL:ACDROV
OPENMP                           APL_ARPEGE_HYDRO_BUDGET_PARALLEL:LMSE
OPENMP                           APL_ARPEGE_INIT_PARALLEL:0
OPENMP                           APL_ARPEGE_INIT_PARALLEL:1
OPENMP                           APL_ARPEGE_INIT_PARALLEL:2
OPENMP                           APL_ARPEGE_INIT_PARALLEL:3
OPENMP                           APL_ARPEGE_INIT_PARALLEL:4
OPENMP                           APL_ARPEGE_INIT_PARALLEL:5
OPENMP                           APL_ARPEGE_INIT_PARALLEL:6
OPENMP                           APL_ARPEGE_INIT_SURFEX_PARALLEL:0
OPENMP                           APL_ARPEGE_INIT_SURFEX_PARALLEL:1
OPENMP                           APL_ARPEGE_INIT_SURFEX_PARALLEL:2
OPENMP                           APL_ARPEGE_MWAVE_PARALLEL:0
OPENMP                           APL_ARPEGE_OCEANIC_FLUXES_PARALLEL:1
OPENMP                           APL_ARPEGE_OCEANIC_FLUXES_PARALLEL:ACFLUSO
OPENMP                           APL_ARPEGE_PARALLEL:22
OPENMP                           APL_ARPEGE_PARALLEL:23
OPENMP                           APL_ARPEGE_PARALLEL:24
OPENMP                           APL_ARPEGE_PARALLEL:ACCLPH
OPENMP                           APL_ARPEGE_PARALLEL:ACDRAG
OPENMP                           APL_ARPEGE_PARALLEL:ACDRME
OPENMP                           APL_ARPEGE_PARALLEL:ACEVADCAPE
OPENMP                           APL_ARPEGE_PARALLEL:ACHMT
OPENMP                           APL_ARPEGE_PARALLEL:ACHMTLS
OPENMP                           APL_ARPEGE_PARALLEL:ACSOL
OPENMP                           APL_ARPEGE_PARALLEL:ACTQSAT
OPENMP                           APL_ARPEGE_PARALLEL:ACVISIH
OPENMP                           APL_ARPEGE_PARALLEL:APLPAR_INIT
OPENMP                           APL_ARPEGE_PARALLEL:BAYRAD
OPENMP                           APL_ARPEGE_PARALLEL:CHECKMV
OPENMP                           APL_ARPEGE_PARALLEL:CPPHINP
OPENMP                           APL_ARPEGE_PARALLEL:DIFTQ
OPENMP                           APL_ARPEGE_PARALLEL:EDR
OPENMP                           APL_ARPEGE_PARALLEL:FRSOPT
OPENMP                           APL_ARPEGE_PARALLEL:PLSM
OPENMP                           APL_ARPEGE_PARALLEL:PPWETPOINT
OPENMP                           APL_ARPEGE_PARALLEL:PRECIPS
OPENMP                           APL_ARPEGE_PARALLEL:QNGCOR
OPENMP                           APL_ARPEGE_PARALLEL:TURBULENCE_PART2
OPENMP                           APL_ARPEGE_PARALLEL:ZBAY_QRCONV
OPENMP                           APL_ARPEGE_PARALLEL:ZDE2MR
OPENMP                           APL_ARPEGE_PARALLEL:ZDPHIV
OPENMP                           APL_ARPEGE_PARALLEL:ZRDG_LCVQ
OPENMP                           APL_ARPEGE_PRECIPITATION_PARALLEL:ACUPTQ
OPENMP                           APL_ARPEGE_RADIATION_PARALLEL:ACDAYD
OPENMP                           APL_ARPEGE_RADIATION_PARALLEL:ACRANEB2
OPENMP                           APL_ARPEGE_RADIATION_PARALLEL:ACRSO
OPENMP                           APL_ARPEGE_RADIATION_PARALLEL:CALLRAD_F
OPENMP                           APL_ARPEGE_RADIATION_PARALLEL:DIRECT
OPENMP                           APL_ARPEGE_RADIATION_PARALLEL:LMSE_F
OPENMP                           APL_ARPEGE_RADIATION_PARALLEL:RADHEAT
OPENMP                           APL_ARPEGE_RADIATION_PARALLEL:SUNSHINE
OPENMP                           APL_ARPEGE_SHALLOW_CONVECTION_AND_TURBULENCE_PARALLEL:ACTKE
OPENMP                           APL_ARPEGE_SOIL_HYDRO_PARALLEL:ACVEG
OPENMP                           APL_ARPEGE_SURFACE_PARALLEL:1
OPENMP                           APL_ARPEGE_SURFACE_PARALLEL:ACDIFV1
OPENMP                           APL_ARPEGE_SURFACE_PARALLEL:ACDIFV2
OPENMP                           APL_ARPEGE_SURFACE_PARALLEL:CALLSFX_F
OPENMP                           APL_ARPEGE_SURFACE_PARALLEL:LEDKF
OPENMP                           APL_ARPEGE_SURFACE_PARALLEL:LMSE_F
OPENMP                           APL_ARPEGE_SURFACE_PARALLEL:LMSE_F2
OPENMP                           APL_ARPEGE_SURFACE_UPDATE_PARALLEL:LMSE_F
OPENMP                           APL_ARPEGE_SURFACE_UPDATE_PARALLEL:LMSE_T
OPENMP                           APL_WIND_GUST_PARALLEL:ACCLDIA
OPENMP                           ARP_SHALLOW_MF_PARALLEL:FINISH
OPENMP                           ARP_SHALLOW_MF_PARALLEL:INIT
OPENMP                           ARP_SHALLOW_MF_PARALLEL:SHALLOW_MF
OPENMP                           ARP_SHALLOW_MF_PARALLEL:ZERO
OPENMP                           CPCFU_PARALLEL:0
OPENMP                           CPCFU_PARALLEL:1
OPENMP                           CPCFU_PARALLEL:2
OPENMP                           CPCFU_PARALLEL:3
OPENMP                           CPCFU_PARALLEL:4
OPENMP                           CPCFU_PARALLEL:5
OPENMP                           CPGLAG_PARALLEL:0
OPENMP                           CPGLAG_PARALLEL:1
OPENMP                           CPGLAG_PARALLEL:STR
OPENMP                           CPG_DIA_FLU_PARALLEL:0
OPENMP                           CPG_DIA_FLU_PARALLEL:1
OPENMP                           CPG_DIA_FLU_PARALLEL:2
OPENMP                           CPG_DIA_FLU_PARALLEL:3
OPENMP                           CPG_DIA_FLU_PARALLEL:4
OPENMPMETHOD                     CPG_END_SFC_PARALLEL:GSP_CL_SET0TO1
OPENMPMETHOD                     CPG_END_SFC_PARALLEL:PHTFILT
OPENMPMETHOD                     CPG_END_SFC_PARALLEL:SET0TO1
OPENMP                           CPG_GP_HYD_PARALLEL:0
OPENMP                           CPG_GP_HYD_PARALLEL:1
OPENMP                           CPG_GP_HYD_PARALLEL:2
OPENMP                           CPG_GP_HYD_PARALLEL:3
OPENMP                           CPG_GP_PARALLEL:GPINISLB_PART1_EXPL
OPENMP                           CPG_GP_PARALLEL:GPINISLB_PART3_EXPL
OPENMP                           CPG_GP_PARALLEL:GPTF2_EXPL_2TL
OPENMP                           CPG_GP_PARALLEL:GP_SPV
OPENMP                           CPG_GP_PARALLEL:MAP_FACTOR
OPENMPMETHOD                     CPG_GP_PARALLEL:SET1TO0
OPENMPMETHOD                     CPG_GP_PARALLEL:SET1TO9
UPDATEVIEW                       CPG_GP_PARALLEL:SET9TO0
OPENMP                           CPG_GP_PARALLEL:SETZERO
OPENMP                           CPG_PARALLEL:ISETTLOFF
OPENMP                           CPG_PARALLEL:LSMTSOL
OPENMPMETHOD                     CPG_PARALLEL:SHUFFLESL1
OPENMPMETHOD                     CPG_PARALLEL:ZEROPB2
OPENMPMETHOD                     CPG_PARALLEL:ZEROSL1
OPENMP                           CPUTQY0_PARALLEL:PVAR
OPENMP                           CPUTQY_APLPAR_EXPL_PARALLEL:PFDIS
OPENMP                           CPUTQY_APLPAR_EXPL_PARALLEL:ZDEC
OPENMP                           CPUTQY_APLPAR_EXPL_PARALLEL:ZTDCP
OPENMP                           CPXFU_PARALLEL:0
OPENMP                           CPXFU_PARALLEL:1
OPENMP                           CPXFU_PARALLEL:2
OPENMP                           CPXFU_PARALLEL:3
OPENMP                           CPXFU_PARALLEL:4
OPENMP                           CTVTOT_EXPL_PARALLEL:0
OPENMP                           EXCHANGE_MS_MODNEW:MAIN
OPENMP                           GPINISLB_PART2_EXPL_PARALLEL:0
OPENMP                           GPINISLB_PART2_EXPL_PARALLEL:1
OPENMP                           GPINISLB_PART2_EXPL_PARALLEL:2
OPENMP                           GPINISLB_PART2_EXPL_PARALLEL:3
OPENMP                           GPINISLB_PART2_EXPL_PARALLEL:4
OPENMP                           GPINISLB_PART2_EXPL_PARALLEL:5
OPENMP                           GPMPFC_EXPL_PARALLEL:0
OPENMP                           GPMPFC_EXPL_PARALLEL:1
OPENMP                           GPMPFC_EXPL_PART2_PARALLEL:0
OPENMP                           GPRCP_EXPL_PARALLEL:0
OPENMP                           GPRCP_EXPL_PARALLEL:1
OPENMP                           GPRCP_EXPL_PARALLEL:2
OPENMP                           GPRCP_EXPL_PARALLEL:3
OPENMP                           GPRCP_EXPL_PARALLEL:4
OPENMP                           GPRCP_EXPL_PARALLEL:5
OPENMP                           GPTF1_YDVARS_PARALLEL:LGRADSP
OPENMP                           GPTF1_YDVARS_PARALLEL:LTWOTL
OPENMP                           GPTF1_YDVARS_PARALLEL:NOTLDTF1
OPENMP                           LACDYN_PARALLEL:LASURE
OPENMP                           LACDYN_PARALLEL:ZMIXNL
OPENMP                           LAPINEA_PARALLEL:LARCINA
OPENMP                           LAPINEB_PARALLEL:CVGQ
OPENMP                           LAPINEB_PARALLEL:DPDETA0
OPENMP                           LAPINEB_PARALLEL:LACONE
OPENMP                           LAPINEB_PARALLEL:LARCHE
OPENMP                           LAPINEB_PARALLEL:LRDBBC
OPENMP                           LAPINEB_PARALLEL:LRPLANE
OPENMP                           LAPINEB_PARALLEL:L_RDRY_VD
OPENMP                           LAPINEB_PARALLEL:NVLAG2
OPENMP                           LAPINEB_PARALLEL:NVLAG3
OPENMP                           LAPINEB_PARALLEL:ROTUV
OPENMP                           LAPINEB_PARALLEL:ROTUVGEO
OPENMP                           LAPINEB_PARALLEL:TEMP_EQ
OPENMP                           LAPINEB_PARALLEL:YCVGQ
OPENMP                           LAPINEB_PARALLEL:ZERO_GMV9
OPENMP                           LAPINEB_PARALLEL:ZERO_GMV9_SI
OPENMP                           LAPINEB_PARALLEL:ZERO_GMV9_SL
OPENMP                           LAPINEB_PARALLEL:ZERO_UV9
OPENMP                           LAPINEB_PARALLEL:ZVWEI
OPENMP                           LARCINB_PARALLEL:LAITRE_GFL
OPENMP                           LARCINB_PARALLEL:LAITRE_GMV
OPENMP                           LARCINB_PARALLEL:LAITVSPCQM
OPENMP                           LARCINB_PARALLEL:LCOMAD_SP
OPENMP                           LARCINB_PARALLEL:LDSLPHY
OPENMP                           LARCINB_PARALLEL:LIN
OPENMP                           LARCINB_PARALLEL:LLCOMAD
OPENMP                           LARCINB_PARALLEL:LLCOMAD_2
OPENMP                           LARCINB_PARALLEL:LRHS_CURV_F
OPENMP                           LARCINB_PARALLEL:LTDIABLIN
OPENMP                           LARCINB_PARALLEL:NQMGMV
OPENMP                           LARCINB_PARALLEL:NTLAG_3
OPENMP                           LARCINB_PARALLEL:NVLAG_2
OPENMP                           LARCINB_PARALLEL:NVLAG_3
OPENMP                           LARCINB_PARALLEL:RRINTOPT
OPENMP                           LARMES_PARALLEL:LARMES
OPENMP                           LASSIE_PARALLEL:GPRCP
OPENMP                           LASSIE_PARALLEL:SITNU
OPENMP                           LATTES_PARALLEL:0
OPENMP                           LATTEX_EXPL_2TL_PARALLEL:0
OPENMP                           LATTEX_EXPL_2TL_PARALLEL:1
OPENMP                           LATTEX_EXPL_2TL_PARALLEL:2
OPENMP                           LATTEX_EXPL_2TL_PARALLEL:3
OPENMP                           LATTEX_EXPL_2TL_PARALLEL:4
OPENMP                           LATTEX_EXPL_2TL_PARALLEL:5
OPENMP                           LATTEX_EXPL_2TL_PARALLEL:6
OPENMP                           LATTEX_EXPL_VSPLTRANS_PARALLEL:0
OPENMP                           LATTEX_EXPL_VSPLTRANS_PARALLEL:1
OPENMP                           LATTEX_PARALLEL:LRHS_CURV
OPENMP                           LATTEX_PARALLEL:LRSIDDH
OPENMP                           LATTEX_PARALLEL:MAIN
OPENMP                           LAVABO_EXPL_LAITVSPCQM_PART1_PARALLEL:0
OPENMP                           LAVABO_EXPL_LAITVSPCQM_PART2_PARALLEL:0
OPENMP                           LAVABO_PARALLEL:0
OPENMP                           LAVABO_PARALLEL:1
OPENMP                           LAVABO_PARALLEL:2
OPENMP                           LAVENT_PARALLEL:0
OPENMP                           MF_PHYS_FPL_PART1_PARALLEL:PART1
OPENMP                           MF_PHYS_FPL_PART2_PARALLEL:PART2
OPENMP                           MF_PHYS_INIT_PARALLEL:ZERO
OPENMP                           MF_PHYS_MOCON_PARALLEL:PPWETPOINT
OPENMP                           MF_PHYS_PREP_PARALLEL:PREP
OPENMP                           MF_PHYS_SAVE_PHSURF_PART1_PARALLEL:PART1
OPENMP                           MF_PHYS_SAVE_PHSURF_PART2_PARALLEL:PART2
OPENMP                           MF_PHYS_TRANSFER_PARALLEL:ALL
OPENMP                           RECMWF_PARALLEL:1
OPENMP                           RECMWF_PARALLEL:2
OPENMP                           RECMWF_PARALLEL:ECRAD_CPU
OPENMP                           RECMWF_PARALLEL:ECRAD_GPU
OPENMP                           RECMWF_PARALLEL:ECRAD_POST
OPENMP                           RECMWF_PARALLEL:FINISH
OPENMP                           RECMWF_PARALLEL:PREPARE
OPENMP                           RECMWF_PARALLEL:RRTM
OPENMP                           RECMWF_PARALLEL:SRTM
OPENMP                           SCAN2M_TS_PARALLEL:0
OPENMP                           SPCHORNEW_PARALLEL:MAIN
OPENMP                           SPCMNEW_PARALLEL:MAIN
OPENMP                           SPCSINEW_PARALLEL:MAIN
OPENMP                           STEPO:MAIN
OPENMP                           TRMTOSNEW:MAIN
OPENMP                           TRSTOMNEW:MAIN
 ------ lparallelmethod.txt ------
 ------ lsynchost.txt ------
 ------ lsynchost.txt ------
 SMILAG TRAJECTORY UNDERGROUND      1 TIMES.
  POINT=           23  MAX ETADOT VERTICAL VEL.=   1.264456125826265E-005
  LON  =    31.9200000000000       degrees
  LAT  =    66.6469546632196       degrees
 SMILAG TRAJECTORY UNDERGROUND      1 TIMES.
  POINT=           21  MAX ETADOT VERTICAL VEL.=   4.069102099281306E-007
  LON  =    32.4000000000000       degrees
  LAT  =    66.2885421167348       degrees
 SMILAG TRAJECTORY UNDERGROUND      1 TIMES.
  POINT=            1  MAX ETADOT VERTICAL VEL.=   5.652561069107378E-007
  LON  =    32.4000000000000       degrees
  LAT  =    66.3365368184525       degrees
*------------------------------------------------------------------------------*
|                                                                              |
|                                   stdeo.2                                    |
|                                                                              |
*------------------------------------------------------------------------------*
MPIAUTOTIMEOUT is set to 90 seconds
MPI_Init took 1 seconds
Reading namelist NAMPAR0 from fort.4
Reading namelist NAMPAR0 from fort.4
OMP: Warning #182: OMP_STACKSIZE: ignored because KMP_STACKSIZE has been defined
Reading namelist NAM_DISTRIBUTED_VECTORS from file 
Reading namelist NAMPAR0 from fort.4
 FADGRA: Field `SURFAEROS.SEA' is not declared in `faFieldName.def' and has no encoded FMULTM and FMULTE
 FADGRA: Field `SURFAEROS.LAND' is not declared in `faFieldName.def' and has no encoded FMULTM and FMULTE
 FADGRA: Field `SURFAEROS.SOOT' is not declared in `faFieldName.def' and has no encoded FMULTM and FMULTE
 FADGRA: Field `SURFAEROS.DESERT' is not declared in `faFieldName.def' and has no encoded FMULTM and FMULTE
 FADGRA: Field `SURFA.OF.OZONE' is not declared in `faFieldName.def' and has no encoded FMULTM and FMULTE
 FADGRA: Field `SURFB.OF.OZONE' is not declared in `faFieldName.def' and has no encoded FMULTM and FMULTE
 FADGRA: Field `SURFC.OF.OZONE' is not declared in `faFieldName.def' and has no encoded FMULTM and FMULTE
 ------ lparallelmethod.txt ------
OPENMP                           ACCTND0_PARALLEL:PACC
OPENMP                           ACVPPKF_PARALLEL:PART0
OPENMP                           ACVPPKF_PARALLEL:PART1
OPENMP                           ACVPPKF_PARALLEL:PART2
OPENMP                           ACVPPKF_PARALLEL:PART3
OPENMP                           APL_ARPEGE_AEROSOLS_FOR_RADIATION_PARALLEL:RADAER
OPENMP                           APL_ARPEGE_ALBEDO_COMPUTATION_PARALLEL:0
OPENMP                           APL_ARPEGE_ATMOSPHERE_UPDATE_PARALLEL:CPTEND_NEW
OPENMP                           APL_ARPEGE_CLOUDINESS_PARALLEL:ACNEBCOND
OPENMP                           APL_ARPEGE_DEEP_CONVECTION_PARALLEL:ACUPTQ
OPENMP                           APL_ARPEGE_DEEP_CONVECTION_PARALLEL:COPY
OPENMP                           APL_ARPEGE_DEEP_CONVECTION_PARALLEL:CUCALLN_MF
OPENMP                           APL_ARPEGE_DEEP_CONVECTION_PARALLEL:CULIGHT
OPENMP                           APL_ARPEGE_DEEP_CONVECTION_PARALLEL:INIT
OPENMP                           APL_ARPEGE_DEEP_CONVECTION_PARALLEL:ZERO
OPENMP                           APL_ARPEGE_DPRECIPS_PARALLEL:0
OPENMP                           APL_ARPEGE_HYDRO_BUDGET_PARALLEL:ACDROV
OPENMP                           APL_ARPEGE_HYDRO_BUDGET_PARALLEL:LMSE
OPENMP                           APL_ARPEGE_INIT_PARALLEL:0
OPENMP                           APL_ARPEGE_INIT_PARALLEL:1
OPENMP                           APL_ARPEGE_INIT_PARALLEL:2
OPENMP                           APL_ARPEGE_INIT_PARALLEL:3
OPENMP                           APL_ARPEGE_INIT_PARALLEL:4
OPENMP                           APL_ARPEGE_INIT_PARALLEL:5
OPENMP                           APL_ARPEGE_INIT_PARALLEL:6
OPENMP                           APL_ARPEGE_INIT_SURFEX_PARALLEL:0
OPENMP                           APL_ARPEGE_INIT_SURFEX_PARALLEL:1
OPENMP                           APL_ARPEGE_INIT_SURFEX_PARALLEL:2
OPENMP                           APL_ARPEGE_MWAVE_PARALLEL:0
OPENMP                           APL_ARPEGE_OCEANIC_FLUXES_PARALLEL:1
OPENMP                           APL_ARPEGE_OCEANIC_FLUXES_PARALLEL:ACFLUSO
OPENMP                           APL_ARPEGE_PARALLEL:22
OPENMP                           APL_ARPEGE_PARALLEL:23
OPENMP                           APL_ARPEGE_PARALLEL:24
OPENMP                           APL_ARPEGE_PARALLEL:ACCLPH
OPENMP                           APL_ARPEGE_PARALLEL:ACDRAG
OPENMP                           APL_ARPEGE_PARALLEL:ACDRME
OPENMP                           APL_ARPEGE_PARALLEL:ACEVADCAPE
OPENMP                           APL_ARPEGE_PARALLEL:ACHMT
OPENMP                           APL_ARPEGE_PARALLEL:ACHMTLS
OPENMP                           APL_ARPEGE_PARALLEL:ACSOL
OPENMP                           APL_ARPEGE_PARALLEL:ACTQSAT
OPENMP                           APL_ARPEGE_PARALLEL:ACVISIH
OPENMP                           APL_ARPEGE_PARALLEL:APLPAR_INIT
OPENMP                           APL_ARPEGE_PARALLEL:BAYRAD
OPENMP                           APL_ARPEGE_PARALLEL:CHECKMV
OPENMP                           APL_ARPEGE_PARALLEL:CPPHINP
OPENMP                           APL_ARPEGE_PARALLEL:DIFTQ
OPENMP                           APL_ARPEGE_PARALLEL:EDR
OPENMP                           APL_ARPEGE_PARALLEL:FRSOPT
OPENMP                           APL_ARPEGE_PARALLEL:PLSM
OPENMP                           APL_ARPEGE_PARALLEL:PPWETPOINT
OPENMP                           APL_ARPEGE_PARALLEL:PRECIPS
OPENMP                           APL_ARPEGE_PARALLEL:QNGCOR
OPENMP                           APL_ARPEGE_PARALLEL:TURBULENCE_PART2
OPENMP                           APL_ARPEGE_PARALLEL:ZBAY_QRCONV
OPENMP                           APL_ARPEGE_PARALLEL:ZDE2MR
OPENMP                           APL_ARPEGE_PARALLEL:ZDPHIV
OPENMP                           APL_ARPEGE_PARALLEL:ZRDG_LCVQ
OPENMP                           APL_ARPEGE_PRECIPITATION_PARALLEL:ACUPTQ
OPENMP                           APL_ARPEGE_RADIATION_PARALLEL:ACDAYD
OPENMP                           APL_ARPEGE_RADIATION_PARALLEL:ACRANEB2
OPENMP                           APL_ARPEGE_RADIATION_PARALLEL:ACRSO
OPENMP                           APL_ARPEGE_RADIATION_PARALLEL:CALLRAD_F
OPENMP                           APL_ARPEGE_RADIATION_PARALLEL:DIRECT
OPENMP                           APL_ARPEGE_RADIATION_PARALLEL:LMSE_F
OPENMP                           APL_ARPEGE_RADIATION_PARALLEL:RADHEAT
OPENMP                           APL_ARPEGE_RADIATION_PARALLEL:SUNSHINE
OPENMP                           APL_ARPEGE_SHALLOW_CONVECTION_AND_TURBULENCE_PARALLEL:ACTKE
OPENMP                           APL_ARPEGE_SOIL_HYDRO_PARALLEL:ACVEG
OPENMP                           APL_ARPEGE_SURFACE_PARALLEL:1
OPENMP                           APL_ARPEGE_SURFACE_PARALLEL:ACDIFV1
OPENMP                           APL_ARPEGE_SURFACE_PARALLEL:ACDIFV2
OPENMP                           APL_ARPEGE_SURFACE_PARALLEL:CALLSFX_F
OPENMP                           APL_ARPEGE_SURFACE_PARALLEL:LEDKF
OPENMP                           APL_ARPEGE_SURFACE_PARALLEL:LMSE_F
OPENMP                           APL_ARPEGE_SURFACE_PARALLEL:LMSE_F2
OPENMP                           APL_ARPEGE_SURFACE_UPDATE_PARALLEL:LMSE_F
OPENMP                           APL_ARPEGE_SURFACE_UPDATE_PARALLEL:LMSE_T
OPENMP                           APL_WIND_GUST_PARALLEL:ACCLDIA
OPENMP                           ARP_SHALLOW_MF_PARALLEL:FINISH
OPENMP                           ARP_SHALLOW_MF_PARALLEL:INIT
OPENMP                           ARP_SHALLOW_MF_PARALLEL:SHALLOW_MF
OPENMP                           ARP_SHALLOW_MF_PARALLEL:ZERO
OPENMP                           CPCFU_PARALLEL:0
OPENMP                           CPCFU_PARALLEL:1
OPENMP                           CPCFU_PARALLEL:2
OPENMP                           CPCFU_PARALLEL:3
OPENMP                           CPCFU_PARALLEL:4
OPENMP                           CPCFU_PARALLEL:5
OPENMP                           CPGLAG_PARALLEL:0
OPENMP                           CPGLAG_PARALLEL:1
OPENMP                           CPGLAG_PARALLEL:STR
OPENMP                           CPG_DIA_FLU_PARALLEL:0
OPENMP                           CPG_DIA_FLU_PARALLEL:1
OPENMP                           CPG_DIA_FLU_PARALLEL:2
OPENMP                           CPG_DIA_FLU_PARALLEL:3
OPENMP                           CPG_DIA_FLU_PARALLEL:4
OPENMPMETHOD                     CPG_END_SFC_PARALLEL:GSP_CL_SET0TO1
OPENMPMETHOD                     CPG_END_SFC_PARALLEL:PHTFILT
OPENMPMETHOD                     CPG_END_SFC_PARALLEL:SET0TO1
OPENMP                           CPG_GP_HYD_PARALLEL:0
OPENMP                           CPG_GP_HYD_PARALLEL:1
OPENMP                           CPG_GP_HYD_PARALLEL:2
OPENMP                           CPG_GP_HYD_PARALLEL:3
OPENMP                           CPG_GP_PARALLEL:GPINISLB_PART1_EXPL
OPENMP                           CPG_GP_PARALLEL:GPINISLB_PART3_EXPL
OPENMP                           CPG_GP_PARALLEL:GPTF2_EXPL_2TL
OPENMP                           CPG_GP_PARALLEL:GP_SPV
OPENMP                           CPG_GP_PARALLEL:MAP_FACTOR
OPENMPMETHOD                     CPG_GP_PARALLEL:SET1TO0
OPENMPMETHOD                     CPG_GP_PARALLEL:SET1TO9
UPDATEVIEW                       CPG_GP_PARALLEL:SET9TO0
OPENMP                           CPG_GP_PARALLEL:SETZERO
OPENMP                           CPG_PARALLEL:ISETTLOFF
OPENMP                           CPG_PARALLEL:LSMTSOL
OPENMPMETHOD                     CPG_PARALLEL:SHUFFLESL1
OPENMPMETHOD                     CPG_PARALLEL:ZEROPB2
OPENMPMETHOD                     CPG_PARALLEL:ZEROSL1
OPENMP                           CPUTQY0_PARALLEL:PVAR
OPENMP                           CPUTQY_APLPAR_EXPL_PARALLEL:PFDIS
OPENMP                           CPUTQY_APLPAR_EXPL_PARALLEL:ZDEC
OPENMP                           CPUTQY_APLPAR_EXPL_PARALLEL:ZTDCP
OPENMP                           CPXFU_PARALLEL:0
OPENMP                           CPXFU_PARALLEL:1
OPENMP                           CPXFU_PARALLEL:2
OPENMP                           CPXFU_PARALLEL:3
OPENMP                           CPXFU_PARALLEL:4
OPENMP                           CTVTOT_EXPL_PARALLEL:0
OPENMP                           EXCHANGE_MS_MODNEW:MAIN
OPENMP                           GPINISLB_PART2_EXPL_PARALLEL:0
OPENMP                           GPINISLB_PART2_EXPL_PARALLEL:1
OPENMP                           GPINISLB_PART2_EXPL_PARALLEL:2
OPENMP                           GPINISLB_PART2_EXPL_PARALLEL:3
OPENMP                           GPINISLB_PART2_EXPL_PARALLEL:4
OPENMP                           GPINISLB_PART2_EXPL_PARALLEL:5
OPENMP                           GPMPFC_EXPL_PARALLEL:0
OPENMP                           GPMPFC_EXPL_PARALLEL:1
OPENMP                           GPMPFC_EXPL_PART2_PARALLEL:0
OPENMP                           GPRCP_EXPL_PARALLEL:0
OPENMP                           GPRCP_EXPL_PARALLEL:1
OPENMP                           GPRCP_EXPL_PARALLEL:2
OPENMP                           GPRCP_EXPL_PARALLEL:3
OPENMP                           GPRCP_EXPL_PARALLEL:4
OPENMP                           GPRCP_EXPL_PARALLEL:5
OPENMP                           GPTF1_YDVARS_PARALLEL:LGRADSP
OPENMP                           GPTF1_YDVARS_PARALLEL:LTWOTL
OPENMP                           GPTF1_YDVARS_PARALLEL:NOTLDTF1
OPENMP                           LACDYN_PARALLEL:LASURE
OPENMP                           LACDYN_PARALLEL:ZMIXNL
OPENMP                           LAPINEA_PARALLEL:LARCINA
OPENMP                           LAPINEB_PARALLEL:CVGQ
OPENMP                           LAPINEB_PARALLEL:DPDETA0
OPENMP                           LAPINEB_PARALLEL:LACONE
OPENMP                           LAPINEB_PARALLEL:LARCHE
OPENMP                           LAPINEB_PARALLEL:LRDBBC
OPENMP                           LAPINEB_PARALLEL:LRPLANE
OPENMP                           LAPINEB_PARALLEL:L_RDRY_VD
OPENMP                           LAPINEB_PARALLEL:NVLAG2
OPENMP                           LAPINEB_PARALLEL:NVLAG3
OPENMP                           LAPINEB_PARALLEL:ROTUV
OPENMP                           LAPINEB_PARALLEL:ROTUVGEO
OPENMP                           LAPINEB_PARALLEL:TEMP_EQ
OPENMP                           LAPINEB_PARALLEL:YCVGQ
OPENMP                           LAPINEB_PARALLEL:ZERO_GMV9
OPENMP                           LAPINEB_PARALLEL:ZERO_GMV9_SI
OPENMP                           LAPINEB_PARALLEL:ZERO_GMV9_SL
OPENMP                           LAPINEB_PARALLEL:ZERO_UV9
OPENMP                           LAPINEB_PARALLEL:ZVWEI
OPENMP                           LARCINB_PARALLEL:LAITRE_GFL
OPENMP                           LARCINB_PARALLEL:LAITRE_GMV
OPENMP                           LARCINB_PARALLEL:LAITVSPCQM
OPENMP                           LARCINB_PARALLEL:LCOMAD_SP
OPENMP                           LARCINB_PARALLEL:LDSLPHY
OPENMP                           LARCINB_PARALLEL:LIN
OPENMP                           LARCINB_PARALLEL:LLCOMAD
OPENMP                           LARCINB_PARALLEL:LLCOMAD_2
OPENMP                           LARCINB_PARALLEL:LRHS_CURV_F
OPENMP                           LARCINB_PARALLEL:LTDIABLIN
OPENMP                           LARCINB_PARALLEL:NQMGMV
OPENMP                           LARCINB_PARALLEL:NTLAG_3
OPENMP                           LARCINB_PARALLEL:NVLAG_2
OPENMP                           LARCINB_PARALLEL:NVLAG_3
OPENMP                           LARCINB_PARALLEL:RRINTOPT
OPENMP                           LARMES_PARALLEL:LARMES
OPENMP                           LASSIE_PARALLEL:GPRCP
OPENMP                           LASSIE_PARALLEL:SITNU
OPENMP                           LATTES_PARALLEL:0
OPENMP                           LATTEX_EXPL_2TL_PARALLEL:0
OPENMP                           LATTEX_EXPL_2TL_PARALLEL:1
OPENMP                           LATTEX_EXPL_2TL_PARALLEL:2
OPENMP                           LATTEX_EXPL_2TL_PARALLEL:3
OPENMP                           LATTEX_EXPL_2TL_PARALLEL:4
OPENMP                           LATTEX_EXPL_2TL_PARALLEL:5
OPENMP                           LATTEX_EXPL_2TL_PARALLEL:6
OPENMP                           LATTEX_EXPL_VSPLTRANS_PARALLEL:0
OPENMP                           LATTEX_EXPL_VSPLTRANS_PARALLEL:1
OPENMP                           LATTEX_PARALLEL:LRHS_CURV
OPENMP                           LATTEX_PARALLEL:LRSIDDH
OPENMP                           LATTEX_PARALLEL:MAIN
OPENMP                           LAVABO_EXPL_LAITVSPCQM_PART1_PARALLEL:0
OPENMP                           LAVABO_EXPL_LAITVSPCQM_PART2_PARALLEL:0
OPENMP                           LAVABO_PARALLEL:0
OPENMP                           LAVABO_PARALLEL:1
OPENMP                           LAVABO_PARALLEL:2
OPENMP                           LAVENT_PARALLEL:0
OPENMP                           MF_PHYS_FPL_PART1_PARALLEL:PART1
OPENMP                           MF_PHYS_FPL_PART2_PARALLEL:PART2
OPENMP                           MF_PHYS_INIT_PARALLEL:ZERO
OPENMP                           MF_PHYS_MOCON_PARALLEL:PPWETPOINT
OPENMP                           MF_PHYS_PREP_PARALLEL:PREP
OPENMP                           MF_PHYS_SAVE_PHSURF_PART1_PARALLEL:PART1
OPENMP                           MF_PHYS_SAVE_PHSURF_PART2_PARALLEL:PART2
OPENMP                           MF_PHYS_TRANSFER_PARALLEL:ALL
OPENMP                           RECMWF_PARALLEL:1
OPENMP                           RECMWF_PARALLEL:2
OPENMP                           RECMWF_PARALLEL:ECRAD_CPU
OPENMP                           RECMWF_PARALLEL:ECRAD_GPU
OPENMP                           RECMWF_PARALLEL:ECRAD_POST
OPENMP                           RECMWF_PARALLEL:FINISH
OPENMP                           RECMWF_PARALLEL:PREPARE
OPENMP                           RECMWF_PARALLEL:RRTM
OPENMP                           RECMWF_PARALLEL:SRTM
OPENMP                           SCAN2M_TS_PARALLEL:0
OPENMP                           SPCHORNEW_PARALLEL:MAIN
OPENMP                           SPCMNEW_PARALLEL:MAIN
OPENMP                           SPCSINEW_PARALLEL:MAIN
OPENMP                           STEPO:MAIN
OPENMP                           TRMTOSNEW:MAIN
OPENMP                           TRSTOMNEW:MAIN
 ------ lparallelmethod.txt ------
 ------ lsynchost.txt ------
 ------ lsynchost.txt ------
*------------------------------------------------------------------------------*
|                                                                              |
|                                   stdeo.3                                    |
|                                                                              |
*------------------------------------------------------------------------------*
MPIAUTOTIMEOUT is set to 90 seconds
MPI_Init took 1 seconds
Reading namelist NAMPAR0 from fort.4
Reading namelist NAMPAR0 from fort.4
OMP: Warning #182: OMP_STACKSIZE: ignored because KMP_STACKSIZE has been defined
Reading namelist NAM_DISTRIBUTED_VECTORS from file 
Reading namelist NAMPAR0 from fort.4
 ------ lparallelmethod.txt ------
OPENMP                           ACCTND0_PARALLEL:PACC
OPENMP                           ACVPPKF_PARALLEL:PART0
OPENMP                           ACVPPKF_PARALLEL:PART1
OPENMP                           ACVPPKF_PARALLEL:PART2
OPENMP                           ACVPPKF_PARALLEL:PART3
OPENMP                           APL_ARPEGE_AEROSOLS_FOR_RADIATION_PARALLEL:RADAER
OPENMP                           APL_ARPEGE_ALBEDO_COMPUTATION_PARALLEL:0
OPENMP                           APL_ARPEGE_ATMOSPHERE_UPDATE_PARALLEL:CPTEND_NEW
OPENMP                           APL_ARPEGE_CLOUDINESS_PARALLEL:ACNEBCOND
OPENMP                           APL_ARPEGE_DEEP_CONVECTION_PARALLEL:ACUPTQ
OPENMP                           APL_ARPEGE_DEEP_CONVECTION_PARALLEL:COPY
OPENMP                           APL_ARPEGE_DEEP_CONVECTION_PARALLEL:CUCALLN_MF
OPENMP                           APL_ARPEGE_DEEP_CONVECTION_PARALLEL:CULIGHT
OPENMP                           APL_ARPEGE_DEEP_CONVECTION_PARALLEL:INIT
OPENMP                           APL_ARPEGE_DEEP_CONVECTION_PARALLEL:ZERO
OPENMP                           APL_ARPEGE_DPRECIPS_PARALLEL:0
OPENMP                           APL_ARPEGE_HYDRO_BUDGET_PARALLEL:ACDROV
OPENMP                           APL_ARPEGE_HYDRO_BUDGET_PARALLEL:LMSE
OPENMP                           APL_ARPEGE_INIT_PARALLEL:0
OPENMP                           APL_ARPEGE_INIT_PARALLEL:1
OPENMP                           APL_ARPEGE_INIT_PARALLEL:2
OPENMP                           APL_ARPEGE_INIT_PARALLEL:3
OPENMP                           APL_ARPEGE_INIT_PARALLEL:4
OPENMP                           APL_ARPEGE_INIT_PARALLEL:5
OPENMP                           APL_ARPEGE_INIT_PARALLEL:6
OPENMP                           APL_ARPEGE_INIT_SURFEX_PARALLEL:0
OPENMP                           APL_ARPEGE_INIT_SURFEX_PARALLEL:1
OPENMP                           APL_ARPEGE_INIT_SURFEX_PARALLEL:2
OPENMP                           APL_ARPEGE_MWAVE_PARALLEL:0
OPENMP                           APL_ARPEGE_OCEANIC_FLUXES_PARALLEL:1
OPENMP                           APL_ARPEGE_OCEANIC_FLUXES_PARALLEL:ACFLUSO
OPENMP                           APL_ARPEGE_PARALLEL:22
OPENMP                           APL_ARPEGE_PARALLEL:23
OPENMP                           APL_ARPEGE_PARALLEL:24
OPENMP                           APL_ARPEGE_PARALLEL:ACCLPH
OPENMP                           APL_ARPEGE_PARALLEL:ACDRAG
OPENMP                           APL_ARPEGE_PARALLEL:ACDRME
OPENMP                           APL_ARPEGE_PARALLEL:ACEVADCAPE
OPENMP                           APL_ARPEGE_PARALLEL:ACHMT
OPENMP                           APL_ARPEGE_PARALLEL:ACHMTLS
OPENMP                           APL_ARPEGE_PARALLEL:ACSOL
OPENMP                           APL_ARPEGE_PARALLEL:ACTQSAT
OPENMP                           APL_ARPEGE_PARALLEL:ACVISIH
OPENMP                           APL_ARPEGE_PARALLEL:APLPAR_INIT
OPENMP                           APL_ARPEGE_PARALLEL:BAYRAD
OPENMP                           APL_ARPEGE_PARALLEL:CHECKMV
OPENMP                           APL_ARPEGE_PARALLEL:CPPHINP
OPENMP                           APL_ARPEGE_PARALLEL:DIFTQ
OPENMP                           APL_ARPEGE_PARALLEL:EDR
OPENMP                           APL_ARPEGE_PARALLEL:FRSOPT
OPENMP                           APL_ARPEGE_PARALLEL:PLSM
OPENMP                           APL_ARPEGE_PARALLEL:PPWETPOINT
OPENMP                           APL_ARPEGE_PARALLEL:PRECIPS
OPENMP                           APL_ARPEGE_PARALLEL:QNGCOR
OPENMP                           APL_ARPEGE_PARALLEL:TURBULENCE_PART2
OPENMP                           APL_ARPEGE_PARALLEL:ZBAY_QRCONV
OPENMP                           APL_ARPEGE_PARALLEL:ZDE2MR
OPENMP                           APL_ARPEGE_PARALLEL:ZDPHIV
OPENMP                           APL_ARPEGE_PARALLEL:ZRDG_LCVQ
OPENMP                           APL_ARPEGE_PRECIPITATION_PARALLEL:ACUPTQ
OPENMP                           APL_ARPEGE_RADIATION_PARALLEL:ACDAYD
OPENMP                           APL_ARPEGE_RADIATION_PARALLEL:ACRANEB2
OPENMP                           APL_ARPEGE_RADIATION_PARALLEL:ACRSO
OPENMP                           APL_ARPEGE_RADIATION_PARALLEL:CALLRAD_F
OPENMP                           APL_ARPEGE_RADIATION_PARALLEL:DIRECT
OPENMP                           APL_ARPEGE_RADIATION_PARALLEL:LMSE_F
OPENMP                           APL_ARPEGE_RADIATION_PARALLEL:RADHEAT
OPENMP                           APL_ARPEGE_RADIATION_PARALLEL:SUNSHINE
OPENMP                           APL_ARPEGE_SHALLOW_CONVECTION_AND_TURBULENCE_PARALLEL:ACTKE
OPENMP                           APL_ARPEGE_SOIL_HYDRO_PARALLEL:ACVEG
OPENMP                           APL_ARPEGE_SURFACE_PARALLEL:1
OPENMP                           APL_ARPEGE_SURFACE_PARALLEL:ACDIFV1
OPENMP                           APL_ARPEGE_SURFACE_PARALLEL:ACDIFV2
OPENMP                           APL_ARPEGE_SURFACE_PARALLEL:CALLSFX_F
OPENMP                           APL_ARPEGE_SURFACE_PARALLEL:LEDKF
OPENMP                           APL_ARPEGE_SURFACE_PARALLEL:LMSE_F
OPENMP                           APL_ARPEGE_SURFACE_PARALLEL:LMSE_F2
OPENMP                           APL_ARPEGE_SURFACE_UPDATE_PARALLEL:LMSE_F
OPENMP                           APL_ARPEGE_SURFACE_UPDATE_PARALLEL:LMSE_T
OPENMP                           APL_WIND_GUST_PARALLEL:ACCLDIA
OPENMP                           ARP_SHALLOW_MF_PARALLEL:FINISH
OPENMP                           ARP_SHALLOW_MF_PARALLEL:INIT
OPENMP                           ARP_SHALLOW_MF_PARALLEL:SHALLOW_MF
OPENMP                           ARP_SHALLOW_MF_PARALLEL:ZERO
OPENMP                           CPCFU_PARALLEL:0
OPENMP                           CPCFU_PARALLEL:1
OPENMP                           CPCFU_PARALLEL:2
OPENMP                           CPCFU_PARALLEL:3
OPENMP                           CPCFU_PARALLEL:4
OPENMP                           CPCFU_PARALLEL:5
OPENMP                           CPGLAG_PARALLEL:0
OPENMP                           CPGLAG_PARALLEL:1
OPENMP                           CPGLAG_PARALLEL:STR
OPENMP                           CPG_DIA_FLU_PARALLEL:0
OPENMP                           CPG_DIA_FLU_PARALLEL:1
OPENMP                           CPG_DIA_FLU_PARALLEL:2
OPENMP                           CPG_DIA_FLU_PARALLEL:3
OPENMP                           CPG_DIA_FLU_PARALLEL:4
OPENMPMETHOD                     CPG_END_SFC_PARALLEL:GSP_CL_SET0TO1
OPENMPMETHOD                     CPG_END_SFC_PARALLEL:PHTFILT
OPENMPMETHOD                     CPG_END_SFC_PARALLEL:SET0TO1
OPENMP                           CPG_GP_HYD_PARALLEL:0
OPENMP                           CPG_GP_HYD_PARALLEL:1
OPENMP                           CPG_GP_HYD_PARALLEL:2
OPENMP                           CPG_GP_HYD_PARALLEL:3
OPENMP                           CPG_GP_PARALLEL:GPINISLB_PART1_EXPL
OPENMP                           CPG_GP_PARALLEL:GPINISLB_PART3_EXPL
OPENMP                           CPG_GP_PARALLEL:GPTF2_EXPL_2TL
OPENMP                           CPG_GP_PARALLEL:GP_SPV
OPENMP                           CPG_GP_PARALLEL:MAP_FACTOR
OPENMPMETHOD                     CPG_GP_PARALLEL:SET1TO0
OPENMPMETHOD                     CPG_GP_PARALLEL:SET1TO9
UPDATEVIEW                       CPG_GP_PARALLEL:SET9TO0
OPENMP                           CPG_GP_PARALLEL:SETZERO
OPENMP                           CPG_PARALLEL:ISETTLOFF
OPENMP                           CPG_PARALLEL:LSMTSOL
OPENMPMETHOD                     CPG_PARALLEL:SHUFFLESL1
OPENMPMETHOD                     CPG_PARALLEL:ZEROPB2
OPENMPMETHOD                     CPG_PARALLEL:ZEROSL1
OPENMP                           CPUTQY0_PARALLEL:PVAR
OPENMP                           CPUTQY_APLPAR_EXPL_PARALLEL:PFDIS
OPENMP                           CPUTQY_APLPAR_EXPL_PARALLEL:ZDEC
OPENMP                           CPUTQY_APLPAR_EXPL_PARALLEL:ZTDCP
OPENMP                           CPXFU_PARALLEL:0
OPENMP                           CPXFU_PARALLEL:1
OPENMP                           CPXFU_PARALLEL:2
OPENMP                           CPXFU_PARALLEL:3
OPENMP                           CPXFU_PARALLEL:4
OPENMP                           CTVTOT_EXPL_PARALLEL:0
OPENMP                           EXCHANGE_MS_MODNEW:MAIN
OPENMP                           GPINISLB_PART2_EXPL_PARALLEL:0
OPENMP                           GPINISLB_PART2_EXPL_PARALLEL:1
OPENMP                           GPINISLB_PART2_EXPL_PARALLEL:2
OPENMP                           GPINISLB_PART2_EXPL_PARALLEL:3
OPENMP                           GPINISLB_PART2_EXPL_PARALLEL:4
OPENMP                           GPINISLB_PART2_EXPL_PARALLEL:5
OPENMP                           GPMPFC_EXPL_PARALLEL:0
OPENMP                           GPMPFC_EXPL_PARALLEL:1
OPENMP                           GPMPFC_EXPL_PART2_PARALLEL:0
OPENMP                           GPRCP_EXPL_PARALLEL:0
OPENMP                           GPRCP_EXPL_PARALLEL:1
OPENMP                           GPRCP_EXPL_PARALLEL:2
OPENMP                           GPRCP_EXPL_PARALLEL:3
OPENMP                           GPRCP_EXPL_PARALLEL:4
OPENMP                           GPRCP_EXPL_PARALLEL:5
OPENMP                           GPTF1_YDVARS_PARALLEL:LGRADSP
OPENMP                           GPTF1_YDVARS_PARALLEL:LTWOTL
OPENMP                           GPTF1_YDVARS_PARALLEL:NOTLDTF1
OPENMP                           LACDYN_PARALLEL:LASURE
OPENMP                           LACDYN_PARALLEL:ZMIXNL
OPENMP                           LAPINEA_PARALLEL:LARCINA
OPENMP                           LAPINEB_PARALLEL:CVGQ
OPENMP                           LAPINEB_PARALLEL:DPDETA0
OPENMP                           LAPINEB_PARALLEL:LACONE
OPENMP                           LAPINEB_PARALLEL:LARCHE
OPENMP                           LAPINEB_PARALLEL:LRDBBC
OPENMP                           LAPINEB_PARALLEL:LRPLANE
OPENMP                           LAPINEB_PARALLEL:L_RDRY_VD
OPENMP                           LAPINEB_PARALLEL:NVLAG2
OPENMP                           LAPINEB_PARALLEL:NVLAG3
OPENMP                           LAPINEB_PARALLEL:ROTUV
OPENMP                           LAPINEB_PARALLEL:ROTUVGEO
OPENMP                           LAPINEB_PARALLEL:TEMP_EQ
OPENMP                           LAPINEB_PARALLEL:YCVGQ
OPENMP                           LAPINEB_PARALLEL:ZERO_GMV9
OPENMP                           LAPINEB_PARALLEL:ZERO_GMV9_SI
OPENMP                           LAPINEB_PARALLEL:ZERO_GMV9_SL
OPENMP                           LAPINEB_PARALLEL:ZERO_UV9
OPENMP                           LAPINEB_PARALLEL:ZVWEI
OPENMP                           LARCINB_PARALLEL:LAITRE_GFL
OPENMP                           LARCINB_PARALLEL:LAITRE_GMV
OPENMP                           LARCINB_PARALLEL:LAITVSPCQM
OPENMP                           LARCINB_PARALLEL:LCOMAD_SP
OPENMP                           LARCINB_PARALLEL:LDSLPHY
OPENMP                           LARCINB_PARALLEL:LIN
OPENMP                           LARCINB_PARALLEL:LLCOMAD
OPENMP                           LARCINB_PARALLEL:LLCOMAD_2
OPENMP                           LARCINB_PARALLEL:LRHS_CURV_F
OPENMP                           LARCINB_PARALLEL:LTDIABLIN
OPENMP                           LARCINB_PARALLEL:NQMGMV
OPENMP                           LARCINB_PARALLEL:NTLAG_3
OPENMP                           LARCINB_PARALLEL:NVLAG_2
OPENMP                           LARCINB_PARALLEL:NVLAG_3
OPENMP                           LARCINB_PARALLEL:RRINTOPT
OPENMP                           LARMES_PARALLEL:LARMES
OPENMP                           LASSIE_PARALLEL:GPRCP
OPENMP                           LASSIE_PARALLEL:SITNU
OPENMP                           LATTES_PARALLEL:0
OPENMP                           LATTEX_EXPL_2TL_PARALLEL:0
OPENMP                           LATTEX_EXPL_2TL_PARALLEL:1
OPENMP                           LATTEX_EXPL_2TL_PARALLEL:2
OPENMP                           LATTEX_EXPL_2TL_PARALLEL:3
OPENMP                           LATTEX_EXPL_2TL_PARALLEL:4
OPENMP                           LATTEX_EXPL_2TL_PARALLEL:5
OPENMP                           LATTEX_EXPL_2TL_PARALLEL:6
OPENMP                           LATTEX_EXPL_VSPLTRANS_PARALLEL:0
OPENMP                           LATTEX_EXPL_VSPLTRANS_PARALLEL:1
OPENMP                           LATTEX_PARALLEL:LRHS_CURV
OPENMP                           LATTEX_PARALLEL:LRSIDDH
OPENMP                           LATTEX_PARALLEL:MAIN
OPENMP                           LAVABO_EXPL_LAITVSPCQM_PART1_PARALLEL:0
OPENMP                           LAVABO_EXPL_LAITVSPCQM_PART2_PARALLEL:0
OPENMP                           LAVABO_PARALLEL:0
OPENMP                           LAVABO_PARALLEL:1
OPENMP                           LAVABO_PARALLEL:2
OPENMP                           LAVENT_PARALLEL:0
OPENMP                           MF_PHYS_FPL_PART1_PARALLEL:PART1
OPENMP                           MF_PHYS_FPL_PART2_PARALLEL:PART2
OPENMP                           MF_PHYS_INIT_PARALLEL:ZERO
OPENMP                           MF_PHYS_MOCON_PARALLEL:PPWETPOINT
OPENMP                           MF_PHYS_PREP_PARALLEL:PREP
OPENMP                           MF_PHYS_SAVE_PHSURF_PART1_PARALLEL:PART1
OPENMP                           MF_PHYS_SAVE_PHSURF_PART2_PARALLEL:PART2
OPENMP                           MF_PHYS_TRANSFER_PARALLEL:ALL
OPENMP                           RECMWF_PARALLEL:1
OPENMP                           RECMWF_PARALLEL:2
OPENMP                           RECMWF_PARALLEL:ECRAD_CPU
OPENMP                           RECMWF_PARALLEL:ECRAD_GPU
OPENMP                           RECMWF_PARALLEL:ECRAD_POST
OPENMP                           RECMWF_PARALLEL:FINISH
OPENMP                           RECMWF_PARALLEL:PREPARE
OPENMP                           RECMWF_PARALLEL:RRTM
OPENMP                           RECMWF_PARALLEL:SRTM
OPENMP                           SCAN2M_TS_PARALLEL:0
OPENMP                           SPCHORNEW_PARALLEL:MAIN
OPENMP                           SPCMNEW_PARALLEL:MAIN
OPENMP                           SPCSINEW_PARALLEL:MAIN
OPENMP                           STEPO:MAIN
OPENMP                           TRMTOSNEW:MAIN
OPENMP                           TRSTOMNEW:MAIN
 ------ lparallelmethod.txt ------
 ------ lsynchost.txt ------
 ------ lsynchost.txt ------
*------------------------------------------------------------------------------*
|                                                                              |
|                                   stdeo.4                                    |
|                                                                              |
*------------------------------------------------------------------------------*
MPIAUTOTIMEOUT is set to 90 seconds
MPI_Init took 1 seconds
Reading namelist NAMPAR0 from fort.4
Reading namelist NAMPAR0 from fort.4
OMP: Warning #182: OMP_STACKSIZE: ignored because KMP_STACKSIZE has been defined
Reading namelist NAM_DISTRIBUTED_VECTORS from file 
Reading namelist NAMPAR0 from fort.4
 ------ lparallelmethod.txt ------
OPENMP                           ACCTND0_PARALLEL:PACC
OPENMP                           ACVPPKF_PARALLEL:PART0
OPENMP                           ACVPPKF_PARALLEL:PART1
OPENMP                           ACVPPKF_PARALLEL:PART2
OPENMP                           ACVPPKF_PARALLEL:PART3
OPENMP                           APL_ARPEGE_AEROSOLS_FOR_RADIATION_PARALLEL:RADAER
OPENMP                           APL_ARPEGE_ALBEDO_COMPUTATION_PARALLEL:0
OPENMP                           APL_ARPEGE_ATMOSPHERE_UPDATE_PARALLEL:CPTEND_NEW
OPENMP                           APL_ARPEGE_CLOUDINESS_PARALLEL:ACNEBCOND
OPENMP                           APL_ARPEGE_DEEP_CONVECTION_PARALLEL:ACUPTQ
OPENMP                           APL_ARPEGE_DEEP_CONVECTION_PARALLEL:COPY
OPENMP                           APL_ARPEGE_DEEP_CONVECTION_PARALLEL:CUCALLN_MF
OPENMP                           APL_ARPEGE_DEEP_CONVECTION_PARALLEL:CULIGHT
OPENMP                           APL_ARPEGE_DEEP_CONVECTION_PARALLEL:INIT
OPENMP                           APL_ARPEGE_DEEP_CONVECTION_PARALLEL:ZERO
OPENMP                           APL_ARPEGE_DPRECIPS_PARALLEL:0
OPENMP                           APL_ARPEGE_HYDRO_BUDGET_PARALLEL:ACDROV
OPENMP                           APL_ARPEGE_HYDRO_BUDGET_PARALLEL:LMSE
OPENMP                           APL_ARPEGE_INIT_PARALLEL:0
OPENMP                           APL_ARPEGE_INIT_PARALLEL:1
OPENMP                           APL_ARPEGE_INIT_PARALLEL:2
OPENMP                           APL_ARPEGE_INIT_PARALLEL:3
OPENMP                           APL_ARPEGE_INIT_PARALLEL:4
OPENMP                           APL_ARPEGE_INIT_PARALLEL:5
OPENMP                           APL_ARPEGE_INIT_PARALLEL:6
OPENMP                           APL_ARPEGE_INIT_SURFEX_PARALLEL:0
OPENMP                           APL_ARPEGE_INIT_SURFEX_PARALLEL:1
OPENMP                           APL_ARPEGE_INIT_SURFEX_PARALLEL:2
OPENMP                           APL_ARPEGE_MWAVE_PARALLEL:0
OPENMP                           APL_ARPEGE_OCEANIC_FLUXES_PARALLEL:1
OPENMP                           APL_ARPEGE_OCEANIC_FLUXES_PARALLEL:ACFLUSO
OPENMP                           APL_ARPEGE_PARALLEL:22
OPENMP                           APL_ARPEGE_PARALLEL:23
OPENMP                           APL_ARPEGE_PARALLEL:24
OPENMP                           APL_ARPEGE_PARALLEL:ACCLPH
OPENMP                           APL_ARPEGE_PARALLEL:ACDRAG
OPENMP                           APL_ARPEGE_PARALLEL:ACDRME
OPENMP                           APL_ARPEGE_PARALLEL:ACEVADCAPE
OPENMP                           APL_ARPEGE_PARALLEL:ACHMT
OPENMP                           APL_ARPEGE_PARALLEL:ACHMTLS
OPENMP                           APL_ARPEGE_PARALLEL:ACSOL
OPENMP                           APL_ARPEGE_PARALLEL:ACTQSAT
OPENMP                           APL_ARPEGE_PARALLEL:ACVISIH
OPENMP                           APL_ARPEGE_PARALLEL:APLPAR_INIT
OPENMP                           APL_ARPEGE_PARALLEL:BAYRAD
OPENMP                           APL_ARPEGE_PARALLEL:CHECKMV
OPENMP                           APL_ARPEGE_PARALLEL:CPPHINP
OPENMP                           APL_ARPEGE_PARALLEL:DIFTQ
OPENMP                           APL_ARPEGE_PARALLEL:EDR
OPENMP                           APL_ARPEGE_PARALLEL:FRSOPT
OPENMP                           APL_ARPEGE_PARALLEL:PLSM
OPENMP                           APL_ARPEGE_PARALLEL:PPWETPOINT
OPENMP                           APL_ARPEGE_PARALLEL:PRECIPS
OPENMP                           APL_ARPEGE_PARALLEL:QNGCOR
OPENMP                           APL_ARPEGE_PARALLEL:TURBULENCE_PART2
OPENMP                           APL_ARPEGE_PARALLEL:ZBAY_QRCONV
OPENMP                           APL_ARPEGE_PARALLEL:ZDE2MR
OPENMP                           APL_ARPEGE_PARALLEL:ZDPHIV
OPENMP                           APL_ARPEGE_PARALLEL:ZRDG_LCVQ
OPENMP                           APL_ARPEGE_PRECIPITATION_PARALLEL:ACUPTQ
OPENMP                           APL_ARPEGE_RADIATION_PARALLEL:ACDAYD
OPENMP                           APL_ARPEGE_RADIATION_PARALLEL:ACRANEB2
OPENMP                           APL_ARPEGE_RADIATION_PARALLEL:ACRSO
OPENMP                           APL_ARPEGE_RADIATION_PARALLEL:CALLRAD_F
OPENMP                           APL_ARPEGE_RADIATION_PARALLEL:DIRECT
OPENMP                           APL_ARPEGE_RADIATION_PARALLEL:LMSE_F
OPENMP                           APL_ARPEGE_RADIATION_PARALLEL:RADHEAT
OPENMP                           APL_ARPEGE_RADIATION_PARALLEL:SUNSHINE
OPENMP                           APL_ARPEGE_SHALLOW_CONVECTION_AND_TURBULENCE_PARALLEL:ACTKE
OPENMP                           APL_ARPEGE_SOIL_HYDRO_PARALLEL:ACVEG
OPENMP                           APL_ARPEGE_SURFACE_PARALLEL:1
OPENMP                           APL_ARPEGE_SURFACE_PARALLEL:ACDIFV1
OPENMP                           APL_ARPEGE_SURFACE_PARALLEL:ACDIFV2
OPENMP                           APL_ARPEGE_SURFACE_PARALLEL:CALLSFX_F
OPENMP                           APL_ARPEGE_SURFACE_PARALLEL:LEDKF
OPENMP                           APL_ARPEGE_SURFACE_PARALLEL:LMSE_F
OPENMP                           APL_ARPEGE_SURFACE_PARALLEL:LMSE_F2
OPENMP                           APL_ARPEGE_SURFACE_UPDATE_PARALLEL:LMSE_F
OPENMP                           APL_ARPEGE_SURFACE_UPDATE_PARALLEL:LMSE_T
OPENMP                           APL_WIND_GUST_PARALLEL:ACCLDIA
OPENMP                           ARP_SHALLOW_MF_PARALLEL:FINISH
OPENMP                           ARP_SHALLOW_MF_PARALLEL:INIT
OPENMP                           ARP_SHALLOW_MF_PARALLEL:SHALLOW_MF
OPENMP                           ARP_SHALLOW_MF_PARALLEL:ZERO
OPENMP                           CPCFU_PARALLEL:0
OPENMP                           CPCFU_PARALLEL:1
OPENMP                           CPCFU_PARALLEL:2
OPENMP                           CPCFU_PARALLEL:3
OPENMP                           CPCFU_PARALLEL:4
OPENMP                           CPCFU_PARALLEL:5
OPENMP                           CPGLAG_PARALLEL:0
OPENMP                           CPGLAG_PARALLEL:1
OPENMP                           CPGLAG_PARALLEL:STR
OPENMP                           CPG_DIA_FLU_PARALLEL:0
OPENMP                           CPG_DIA_FLU_PARALLEL:1
OPENMP                           CPG_DIA_FLU_PARALLEL:2
OPENMP                           CPG_DIA_FLU_PARALLEL:3
OPENMP                           CPG_DIA_FLU_PARALLEL:4
OPENMPMETHOD                     CPG_END_SFC_PARALLEL:GSP_CL_SET0TO1
OPENMPMETHOD                     CPG_END_SFC_PARALLEL:PHTFILT
OPENMPMETHOD                     CPG_END_SFC_PARALLEL:SET0TO1
OPENMP                           CPG_GP_HYD_PARALLEL:0
OPENMP                           CPG_GP_HYD_PARALLEL:1
OPENMP                           CPG_GP_HYD_PARALLEL:2
OPENMP                           CPG_GP_HYD_PARALLEL:3
OPENMP                           CPG_GP_PARALLEL:GPINISLB_PART1_EXPL
OPENMP                           CPG_GP_PARALLEL:GPINISLB_PART3_EXPL
OPENMP                           CPG_GP_PARALLEL:GPTF2_EXPL_2TL
OPENMP                           CPG_GP_PARALLEL:GP_SPV
OPENMP                           CPG_GP_PARALLEL:MAP_FACTOR
OPENMPMETHOD                     CPG_GP_PARALLEL:SET1TO0
OPENMPMETHOD                     CPG_GP_PARALLEL:SET1TO9
UPDATEVIEW                       CPG_GP_PARALLEL:SET9TO0
OPENMP                           CPG_GP_PARALLEL:SETZERO
OPENMP                           CPG_PARALLEL:ISETTLOFF
OPENMP                           CPG_PARALLEL:LSMTSOL
OPENMPMETHOD                     CPG_PARALLEL:SHUFFLESL1
OPENMPMETHOD                     CPG_PARALLEL:ZEROPB2
OPENMPMETHOD                     CPG_PARALLEL:ZEROSL1
OPENMP                           CPUTQY0_PARALLEL:PVAR
OPENMP                           CPUTQY_APLPAR_EXPL_PARALLEL:PFDIS
OPENMP                           CPUTQY_APLPAR_EXPL_PARALLEL:ZDEC
OPENMP                           CPUTQY_APLPAR_EXPL_PARALLEL:ZTDCP
OPENMP                           CPXFU_PARALLEL:0
OPENMP                           CPXFU_PARALLEL:1
OPENMP                           CPXFU_PARALLEL:2
OPENMP                           CPXFU_PARALLEL:3
OPENMP                           CPXFU_PARALLEL:4
OPENMP                           CTVTOT_EXPL_PARALLEL:0
OPENMP                           EXCHANGE_MS_MODNEW:MAIN
OPENMP                           GPINISLB_PART2_EXPL_PARALLEL:0
OPENMP                           GPINISLB_PART2_EXPL_PARALLEL:1
OPENMP                           GPINISLB_PART2_EXPL_PARALLEL:2
OPENMP                           GPINISLB_PART2_EXPL_PARALLEL:3
OPENMP                           GPINISLB_PART2_EXPL_PARALLEL:4
OPENMP                           GPINISLB_PART2_EXPL_PARALLEL:5
OPENMP                           GPMPFC_EXPL_PARALLEL:0
OPENMP                           GPMPFC_EXPL_PARALLEL:1
OPENMP                           GPMPFC_EXPL_PART2_PARALLEL:0
OPENMP                           GPRCP_EXPL_PARALLEL:0
OPENMP                           GPRCP_EXPL_PARALLEL:1
OPENMP                           GPRCP_EXPL_PARALLEL:2
OPENMP                           GPRCP_EXPL_PARALLEL:3
OPENMP                           GPRCP_EXPL_PARALLEL:4
OPENMP                           GPRCP_EXPL_PARALLEL:5
OPENMP                           GPTF1_YDVARS_PARALLEL:LGRADSP
OPENMP                           GPTF1_YDVARS_PARALLEL:LTWOTL
OPENMP                           GPTF1_YDVARS_PARALLEL:NOTLDTF1
OPENMP                           LACDYN_PARALLEL:LASURE
OPENMP                           LACDYN_PARALLEL:ZMIXNL
OPENMP                           LAPINEA_PARALLEL:LARCINA
OPENMP                           LAPINEB_PARALLEL:CVGQ
OPENMP                           LAPINEB_PARALLEL:DPDETA0
OPENMP                           LAPINEB_PARALLEL:LACONE
OPENMP                           LAPINEB_PARALLEL:LARCHE
OPENMP                           LAPINEB_PARALLEL:LRDBBC
OPENMP                           LAPINEB_PARALLEL:LRPLANE
OPENMP                           LAPINEB_PARALLEL:L_RDRY_VD
OPENMP                           LAPINEB_PARALLEL:NVLAG2
OPENMP                           LAPINEB_PARALLEL:NVLAG3
OPENMP                           LAPINEB_PARALLEL:ROTUV
OPENMP                           LAPINEB_PARALLEL:ROTUVGEO
OPENMP                           LAPINEB_PARALLEL:TEMP_EQ
OPENMP                           LAPINEB_PARALLEL:YCVGQ
OPENMP                           LAPINEB_PARALLEL:ZERO_GMV9
OPENMP                           LAPINEB_PARALLEL:ZERO_GMV9_SI
OPENMP                           LAPINEB_PARALLEL:ZERO_GMV9_SL
OPENMP                           LAPINEB_PARALLEL:ZERO_UV9
OPENMP                           LAPINEB_PARALLEL:ZVWEI
OPENMP                           LARCINB_PARALLEL:LAITRE_GFL
OPENMP                           LARCINB_PARALLEL:LAITRE_GMV
OPENMP                           LARCINB_PARALLEL:LAITVSPCQM
OPENMP                           LARCINB_PARALLEL:LCOMAD_SP
OPENMP                           LARCINB_PARALLEL:LDSLPHY
OPENMP                           LARCINB_PARALLEL:LIN
OPENMP                           LARCINB_PARALLEL:LLCOMAD
OPENMP                           LARCINB_PARALLEL:LLCOMAD_2
OPENMP                           LARCINB_PARALLEL:LRHS_CURV_F
OPENMP                           LARCINB_PARALLEL:LTDIABLIN
OPENMP                           LARCINB_PARALLEL:NQMGMV
OPENMP                           LARCINB_PARALLEL:NTLAG_3
OPENMP                           LARCINB_PARALLEL:NVLAG_2
OPENMP                           LARCINB_PARALLEL:NVLAG_3
OPENMP                           LARCINB_PARALLEL:RRINTOPT
OPENMP                           LARMES_PARALLEL:LARMES
OPENMP                           LASSIE_PARALLEL:GPRCP
OPENMP                           LASSIE_PARALLEL:SITNU
OPENMP                           LATTES_PARALLEL:0
OPENMP                           LATTEX_EXPL_2TL_PARALLEL:0
OPENMP                           LATTEX_EXPL_2TL_PARALLEL:1
OPENMP                           LATTEX_EXPL_2TL_PARALLEL:2
OPENMP                           LATTEX_EXPL_2TL_PARALLEL:3
OPENMP                           LATTEX_EXPL_2TL_PARALLEL:4
OPENMP                           LATTEX_EXPL_2TL_PARALLEL:5
OPENMP                           LATTEX_EXPL_2TL_PARALLEL:6
OPENMP                           LATTEX_EXPL_VSPLTRANS_PARALLEL:0
OPENMP                           LATTEX_EXPL_VSPLTRANS_PARALLEL:1
OPENMP                           LATTEX_PARALLEL:LRHS_CURV
OPENMP                           LATTEX_PARALLEL:LRSIDDH
OPENMP                           LATTEX_PARALLEL:MAIN
OPENMP                           LAVABO_EXPL_LAITVSPCQM_PART1_PARALLEL:0
OPENMP                           LAVABO_EXPL_LAITVSPCQM_PART2_PARALLEL:0
OPENMP                           LAVABO_PARALLEL:0
OPENMP                           LAVABO_PARALLEL:1
OPENMP                           LAVABO_PARALLEL:2
OPENMP                           LAVENT_PARALLEL:0
OPENMP                           MF_PHYS_FPL_PART1_PARALLEL:PART1
OPENMP                           MF_PHYS_FPL_PART2_PARALLEL:PART2
OPENMP                           MF_PHYS_INIT_PARALLEL:ZERO
OPENMP                           MF_PHYS_MOCON_PARALLEL:PPWETPOINT
OPENMP                           MF_PHYS_PREP_PARALLEL:PREP
OPENMP                           MF_PHYS_SAVE_PHSURF_PART1_PARALLEL:PART1
OPENMP                           MF_PHYS_SAVE_PHSURF_PART2_PARALLEL:PART2
OPENMP                           MF_PHYS_TRANSFER_PARALLEL:ALL
OPENMP                           RECMWF_PARALLEL:1
OPENMP                           RECMWF_PARALLEL:2
OPENMP                           RECMWF_PARALLEL:ECRAD_CPU
OPENMP                           RECMWF_PARALLEL:ECRAD_GPU
OPENMP                           RECMWF_PARALLEL:ECRAD_POST
OPENMP                           RECMWF_PARALLEL:FINISH
OPENMP                           RECMWF_PARALLEL:PREPARE
OPENMP                           RECMWF_PARALLEL:RRTM
OPENMP                           RECMWF_PARALLEL:SRTM
OPENMP                           SCAN2M_TS_PARALLEL:0
OPENMP                           SPCHORNEW_PARALLEL:MAIN
OPENMP                           SPCMNEW_PARALLEL:MAIN
OPENMP                           SPCSINEW_PARALLEL:MAIN
OPENMP                           STEPO:MAIN
OPENMP                           TRMTOSNEW:MAIN
OPENMP                           TRSTOMNEW:MAIN
 ------ lparallelmethod.txt ------
 ------ lsynchost.txt ------
 ------ lsynchost.txt ------
 SMILAG TRAJECTORY UNDERGROUND      1 TIMES.
  POINT=           23  MAX ETADOT VERTICAL VEL.=   1.111937956269438E-005
  LON  =    87.3000000000000       degrees
  LAT  =    37.9907004927884       degrees
 SMILAG TRAJECTORY UNDERGROUND      1 TIMES.
  POINT=           23  MAX ETADOT VERTICAL VEL.=   9.854852882870374E-006
  LON  =    87.3000000000000       degrees
  LAT  =    37.9907004927884       degrees
*------------------------------------------------------------------------------*
|                                                                              |
|                                   stdeo.5                                    |
|                                                                              |
*------------------------------------------------------------------------------*
MPIAUTOTIMEOUT is set to 90 seconds
MPI_Init took 1 seconds
Reading namelist NAMPAR0 from fort.4
Reading namelist NAMPAR0 from fort.4
OMP: Warning #182: OMP_STACKSIZE: ignored because KMP_STACKSIZE has been defined
Reading namelist NAM_DISTRIBUTED_VECTORS from file 
Reading namelist NAMPAR0 from fort.4
 ------ lparallelmethod.txt ------
OPENMP                           ACCTND0_PARALLEL:PACC
OPENMP                           ACVPPKF_PARALLEL:PART0
OPENMP                           ACVPPKF_PARALLEL:PART1
OPENMP                           ACVPPKF_PARALLEL:PART2
OPENMP                           ACVPPKF_PARALLEL:PART3
OPENMP                           APL_ARPEGE_AEROSOLS_FOR_RADIATION_PARALLEL:RADAER
OPENMP                           APL_ARPEGE_ALBEDO_COMPUTATION_PARALLEL:0
OPENMP                           APL_ARPEGE_ATMOSPHERE_UPDATE_PARALLEL:CPTEND_NEW
OPENMP                           APL_ARPEGE_CLOUDINESS_PARALLEL:ACNEBCOND
OPENMP                           APL_ARPEGE_DEEP_CONVECTION_PARALLEL:ACUPTQ
OPENMP                           APL_ARPEGE_DEEP_CONVECTION_PARALLEL:COPY
OPENMP                           APL_ARPEGE_DEEP_CONVECTION_PARALLEL:CUCALLN_MF
OPENMP                           APL_ARPEGE_DEEP_CONVECTION_PARALLEL:CULIGHT
OPENMP                           APL_ARPEGE_DEEP_CONVECTION_PARALLEL:INIT
OPENMP                           APL_ARPEGE_DEEP_CONVECTION_PARALLEL:ZERO
OPENMP                           APL_ARPEGE_DPRECIPS_PARALLEL:0
OPENMP                           APL_ARPEGE_HYDRO_BUDGET_PARALLEL:ACDROV
OPENMP                           APL_ARPEGE_HYDRO_BUDGET_PARALLEL:LMSE
OPENMP                           APL_ARPEGE_INIT_PARALLEL:0
OPENMP                           APL_ARPEGE_INIT_PARALLEL:1
OPENMP                           APL_ARPEGE_INIT_PARALLEL:2
OPENMP                           APL_ARPEGE_INIT_PARALLEL:3
OPENMP                           APL_ARPEGE_INIT_PARALLEL:4
OPENMP                           APL_ARPEGE_INIT_PARALLEL:5
OPENMP                           APL_ARPEGE_INIT_PARALLEL:6
OPENMP                           APL_ARPEGE_INIT_SURFEX_PARALLEL:0
OPENMP                           APL_ARPEGE_INIT_SURFEX_PARALLEL:1
OPENMP                           APL_ARPEGE_INIT_SURFEX_PARALLEL:2
OPENMP                           APL_ARPEGE_MWAVE_PARALLEL:0
OPENMP                           APL_ARPEGE_OCEANIC_FLUXES_PARALLEL:1
OPENMP                           APL_ARPEGE_OCEANIC_FLUXES_PARALLEL:ACFLUSO
OPENMP                           APL_ARPEGE_PARALLEL:22
OPENMP                           APL_ARPEGE_PARALLEL:23
OPENMP                           APL_ARPEGE_PARALLEL:24
OPENMP                           APL_ARPEGE_PARALLEL:ACCLPH
OPENMP                           APL_ARPEGE_PARALLEL:ACDRAG
OPENMP                           APL_ARPEGE_PARALLEL:ACDRME
OPENMP                           APL_ARPEGE_PARALLEL:ACEVADCAPE
OPENMP                           APL_ARPEGE_PARALLEL:ACHMT
OPENMP                           APL_ARPEGE_PARALLEL:ACHMTLS
OPENMP                           APL_ARPEGE_PARALLEL:ACSOL
OPENMP                           APL_ARPEGE_PARALLEL:ACTQSAT
OPENMP                           APL_ARPEGE_PARALLEL:ACVISIH
OPENMP                           APL_ARPEGE_PARALLEL:APLPAR_INIT
OPENMP                           APL_ARPEGE_PARALLEL:BAYRAD
OPENMP                           APL_ARPEGE_PARALLEL:CHECKMV
OPENMP                           APL_ARPEGE_PARALLEL:CPPHINP
OPENMP                           APL_ARPEGE_PARALLEL:DIFTQ
OPENMP                           APL_ARPEGE_PARALLEL:EDR
OPENMP                           APL_ARPEGE_PARALLEL:FRSOPT
OPENMP                           APL_ARPEGE_PARALLEL:PLSM
OPENMP                           APL_ARPEGE_PARALLEL:PPWETPOINT
OPENMP                           APL_ARPEGE_PARALLEL:PRECIPS
OPENMP                           APL_ARPEGE_PARALLEL:QNGCOR
OPENMP                           APL_ARPEGE_PARALLEL:TURBULENCE_PART2
OPENMP                           APL_ARPEGE_PARALLEL:ZBAY_QRCONV
OPENMP                           APL_ARPEGE_PARALLEL:ZDE2MR
OPENMP                           APL_ARPEGE_PARALLEL:ZDPHIV
OPENMP                           APL_ARPEGE_PARALLEL:ZRDG_LCVQ
OPENMP                           APL_ARPEGE_PRECIPITATION_PARALLEL:ACUPTQ
OPENMP                           APL_ARPEGE_RADIATION_PARALLEL:ACDAYD
OPENMP                           APL_ARPEGE_RADIATION_PARALLEL:ACRANEB2
OPENMP                           APL_ARPEGE_RADIATION_PARALLEL:ACRSO
OPENMP                           APL_ARPEGE_RADIATION_PARALLEL:CALLRAD_F
OPENMP                           APL_ARPEGE_RADIATION_PARALLEL:DIRECT
OPENMP                           APL_ARPEGE_RADIATION_PARALLEL:LMSE_F
OPENMP                           APL_ARPEGE_RADIATION_PARALLEL:RADHEAT
OPENMP                           APL_ARPEGE_RADIATION_PARALLEL:SUNSHINE
OPENMP                           APL_ARPEGE_SHALLOW_CONVECTION_AND_TURBULENCE_PARALLEL:ACTKE
OPENMP                           APL_ARPEGE_SOIL_HYDRO_PARALLEL:ACVEG
OPENMP                           APL_ARPEGE_SURFACE_PARALLEL:1
OPENMP                           APL_ARPEGE_SURFACE_PARALLEL:ACDIFV1
OPENMP                           APL_ARPEGE_SURFACE_PARALLEL:ACDIFV2
OPENMP                           APL_ARPEGE_SURFACE_PARALLEL:CALLSFX_F
OPENMP                           APL_ARPEGE_SURFACE_PARALLEL:LEDKF
OPENMP                           APL_ARPEGE_SURFACE_PARALLEL:LMSE_F
OPENMP                           APL_ARPEGE_SURFACE_PARALLEL:LMSE_F2
OPENMP                           APL_ARPEGE_SURFACE_UPDATE_PARALLEL:LMSE_F
OPENMP                           APL_ARPEGE_SURFACE_UPDATE_PARALLEL:LMSE_T
OPENMP                           APL_WIND_GUST_PARALLEL:ACCLDIA
OPENMP                           ARP_SHALLOW_MF_PARALLEL:FINISH
OPENMP                           ARP_SHALLOW_MF_PARALLEL:INIT
OPENMP                           ARP_SHALLOW_MF_PARALLEL:SHALLOW_MF
OPENMP                           ARP_SHALLOW_MF_PARALLEL:ZERO
OPENMP                           CPCFU_PARALLEL:0
OPENMP                           CPCFU_PARALLEL:1
OPENMP                           CPCFU_PARALLEL:2
OPENMP                           CPCFU_PARALLEL:3
OPENMP                           CPCFU_PARALLEL:4
OPENMP                           CPCFU_PARALLEL:5
OPENMP                           CPGLAG_PARALLEL:0
OPENMP                           CPGLAG_PARALLEL:1
OPENMP                           CPGLAG_PARALLEL:STR
OPENMP                           CPG_DIA_FLU_PARALLEL:0
OPENMP                           CPG_DIA_FLU_PARALLEL:1
OPENMP                           CPG_DIA_FLU_PARALLEL:2
OPENMP                           CPG_DIA_FLU_PARALLEL:3
OPENMP                           CPG_DIA_FLU_PARALLEL:4
OPENMPMETHOD                     CPG_END_SFC_PARALLEL:GSP_CL_SET0TO1
OPENMPMETHOD                     CPG_END_SFC_PARALLEL:PHTFILT
OPENMPMETHOD                     CPG_END_SFC_PARALLEL:SET0TO1
OPENMP                           CPG_GP_HYD_PARALLEL:0
OPENMP                           CPG_GP_HYD_PARALLEL:1
OPENMP                           CPG_GP_HYD_PARALLEL:2
OPENMP                           CPG_GP_HYD_PARALLEL:3
OPENMP                           CPG_GP_PARALLEL:GPINISLB_PART1_EXPL
OPENMP                           CPG_GP_PARALLEL:GPINISLB_PART3_EXPL
OPENMP                           CPG_GP_PARALLEL:GPTF2_EXPL_2TL
OPENMP                           CPG_GP_PARALLEL:GP_SPV
OPENMP                           CPG_GP_PARALLEL:MAP_FACTOR
OPENMPMETHOD                     CPG_GP_PARALLEL:SET1TO0
OPENMPMETHOD                     CPG_GP_PARALLEL:SET1TO9
UPDATEVIEW                       CPG_GP_PARALLEL:SET9TO0
OPENMP                           CPG_GP_PARALLEL:SETZERO
OPENMP                           CPG_PARALLEL:ISETTLOFF
OPENMP                           CPG_PARALLEL:LSMTSOL
OPENMPMETHOD                     CPG_PARALLEL:SHUFFLESL1
OPENMPMETHOD                     CPG_PARALLEL:ZEROPB2
OPENMPMETHOD                     CPG_PARALLEL:ZEROSL1
OPENMP                           CPUTQY0_PARALLEL:PVAR
OPENMP                           CPUTQY_APLPAR_EXPL_PARALLEL:PFDIS
OPENMP                           CPUTQY_APLPAR_EXPL_PARALLEL:ZDEC
OPENMP                           CPUTQY_APLPAR_EXPL_PARALLEL:ZTDCP
OPENMP                           CPXFU_PARALLEL:0
OPENMP                           CPXFU_PARALLEL:1
OPENMP                           CPXFU_PARALLEL:2
OPENMP                           CPXFU_PARALLEL:3
OPENMP                           CPXFU_PARALLEL:4
OPENMP                           CTVTOT_EXPL_PARALLEL:0
OPENMP                           EXCHANGE_MS_MODNEW:MAIN
OPENMP                           GPINISLB_PART2_EXPL_PARALLEL:0
OPENMP                           GPINISLB_PART2_EXPL_PARALLEL:1
OPENMP                           GPINISLB_PART2_EXPL_PARALLEL:2
OPENMP                           GPINISLB_PART2_EXPL_PARALLEL:3
OPENMP                           GPINISLB_PART2_EXPL_PARALLEL:4
OPENMP                           GPINISLB_PART2_EXPL_PARALLEL:5
OPENMP                           GPMPFC_EXPL_PARALLEL:0
OPENMP                           GPMPFC_EXPL_PARALLEL:1
OPENMP                           GPMPFC_EXPL_PART2_PARALLEL:0
OPENMP                           GPRCP_EXPL_PARALLEL:0
OPENMP                           GPRCP_EXPL_PARALLEL:1
OPENMP                           GPRCP_EXPL_PARALLEL:2
OPENMP                           GPRCP_EXPL_PARALLEL:3
OPENMP                           GPRCP_EXPL_PARALLEL:4
OPENMP                           GPRCP_EXPL_PARALLEL:5
OPENMP                           GPTF1_YDVARS_PARALLEL:LGRADSP
OPENMP                           GPTF1_YDVARS_PARALLEL:LTWOTL
OPENMP                           GPTF1_YDVARS_PARALLEL:NOTLDTF1
OPENMP                           LACDYN_PARALLEL:LASURE
OPENMP                           LACDYN_PARALLEL:ZMIXNL
OPENMP                           LAPINEA_PARALLEL:LARCINA
OPENMP                           LAPINEB_PARALLEL:CVGQ
OPENMP                           LAPINEB_PARALLEL:DPDETA0
OPENMP                           LAPINEB_PARALLEL:LACONE
OPENMP                           LAPINEB_PARALLEL:LARCHE
OPENMP                           LAPINEB_PARALLEL:LRDBBC
OPENMP                           LAPINEB_PARALLEL:LRPLANE
OPENMP                           LAPINEB_PARALLEL:L_RDRY_VD
OPENMP                           LAPINEB_PARALLEL:NVLAG2
OPENMP                           LAPINEB_PARALLEL:NVLAG3
OPENMP                           LAPINEB_PARALLEL:ROTUV
OPENMP                           LAPINEB_PARALLEL:ROTUVGEO
OPENMP                           LAPINEB_PARALLEL:TEMP_EQ
OPENMP                           LAPINEB_PARALLEL:YCVGQ
OPENMP                           LAPINEB_PARALLEL:ZERO_GMV9
OPENMP                           LAPINEB_PARALLEL:ZERO_GMV9_SI
OPENMP                           LAPINEB_PARALLEL:ZERO_GMV9_SL
OPENMP                           LAPINEB_PARALLEL:ZERO_UV9
OPENMP                           LAPINEB_PARALLEL:ZVWEI
OPENMP                           LARCINB_PARALLEL:LAITRE_GFL
OPENMP                           LARCINB_PARALLEL:LAITRE_GMV
OPENMP                           LARCINB_PARALLEL:LAITVSPCQM
OPENMP                           LARCINB_PARALLEL:LCOMAD_SP
OPENMP                           LARCINB_PARALLEL:LDSLPHY
OPENMP                           LARCINB_PARALLEL:LIN
OPENMP                           LARCINB_PARALLEL:LLCOMAD
OPENMP                           LARCINB_PARALLEL:LLCOMAD_2
OPENMP                           LARCINB_PARALLEL:LRHS_CURV_F
OPENMP                           LARCINB_PARALLEL:LTDIABLIN
OPENMP                           LARCINB_PARALLEL:NQMGMV
OPENMP                           LARCINB_PARALLEL:NTLAG_3
OPENMP                           LARCINB_PARALLEL:NVLAG_2
OPENMP                           LARCINB_PARALLEL:NVLAG_3
OPENMP                           LARCINB_PARALLEL:RRINTOPT
OPENMP                           LARMES_PARALLEL:LARMES
OPENMP                           LASSIE_PARALLEL:GPRCP
OPENMP                           LASSIE_PARALLEL:SITNU
OPENMP                           LATTES_PARALLEL:0
OPENMP                           LATTEX_EXPL_2TL_PARALLEL:0
OPENMP                           LATTEX_EXPL_2TL_PARALLEL:1
OPENMP                           LATTEX_EXPL_2TL_PARALLEL:2
OPENMP                           LATTEX_EXPL_2TL_PARALLEL:3
OPENMP                           LATTEX_EXPL_2TL_PARALLEL:4
OPENMP                           LATTEX_EXPL_2TL_PARALLEL:5
OPENMP                           LATTEX_EXPL_2TL_PARALLEL:6
OPENMP                           LATTEX_EXPL_VSPLTRANS_PARALLEL:0
OPENMP                           LATTEX_EXPL_VSPLTRANS_PARALLEL:1
OPENMP                           LATTEX_PARALLEL:LRHS_CURV
OPENMP                           LATTEX_PARALLEL:LRSIDDH
OPENMP                           LATTEX_PARALLEL:MAIN
OPENMP                           LAVABO_EXPL_LAITVSPCQM_PART1_PARALLEL:0
OPENMP                           LAVABO_EXPL_LAITVSPCQM_PART2_PARALLEL:0
OPENMP                           LAVABO_PARALLEL:0
OPENMP                           LAVABO_PARALLEL:1
OPENMP                           LAVABO_PARALLEL:2
OPENMP                           LAVENT_PARALLEL:0
OPENMP                           MF_PHYS_FPL_PART1_PARALLEL:PART1
OPENMP                           MF_PHYS_FPL_PART2_PARALLEL:PART2
OPENMP                           MF_PHYS_INIT_PARALLEL:ZERO
OPENMP                           MF_PHYS_MOCON_PARALLEL:PPWETPOINT
OPENMP                           MF_PHYS_PREP_PARALLEL:PREP
OPENMP                           MF_PHYS_SAVE_PHSURF_PART1_PARALLEL:PART1
OPENMP                           MF_PHYS_SAVE_PHSURF_PART2_PARALLEL:PART2
OPENMP                           MF_PHYS_TRANSFER_PARALLEL:ALL
OPENMP                           RECMWF_PARALLEL:1
OPENMP                           RECMWF_PARALLEL:2
OPENMP                           RECMWF_PARALLEL:ECRAD_CPU
OPENMP                           RECMWF_PARALLEL:ECRAD_GPU
OPENMP                           RECMWF_PARALLEL:ECRAD_POST
OPENMP                           RECMWF_PARALLEL:FINISH
OPENMP                           RECMWF_PARALLEL:PREPARE
OPENMP                           RECMWF_PARALLEL:RRTM
OPENMP                           RECMWF_PARALLEL:SRTM
OPENMP                           SCAN2M_TS_PARALLEL:0
OPENMP                           SPCHORNEW_PARALLEL:MAIN
OPENMP                           SPCMNEW_PARALLEL:MAIN
OPENMP                           SPCSINEW_PARALLEL:MAIN
OPENMP                           STEPO:MAIN
OPENMP                           TRMTOSNEW:MAIN
OPENMP                           TRSTOMNEW:MAIN
 ------ lparallelmethod.txt ------
 ------ lsynchost.txt ------
 ------ lsynchost.txt ------
*------------------------------------------------------------------------------*
|                                                                              |
|                                   stdeo.6                                    |
|                                                                              |
*------------------------------------------------------------------------------*
MPIAUTOTIMEOUT is set to 90 seconds
MPI_Init took 1 seconds
Reading namelist NAMPAR0 from fort.4
Reading namelist NAMPAR0 from fort.4
OMP: Warning #182: OMP_STACKSIZE: ignored because KMP_STACKSIZE has been defined
Reading namelist NAM_DISTRIBUTED_VECTORS from file 
Reading namelist NAMPAR0 from fort.4
 ------ lparallelmethod.txt ------
OPENMP                           ACCTND0_PARALLEL:PACC
OPENMP                           ACVPPKF_PARALLEL:PART0
OPENMP                           ACVPPKF_PARALLEL:PART1
OPENMP                           ACVPPKF_PARALLEL:PART2
OPENMP                           ACVPPKF_PARALLEL:PART3
OPENMP                           APL_ARPEGE_AEROSOLS_FOR_RADIATION_PARALLEL:RADAER
OPENMP                           APL_ARPEGE_ALBEDO_COMPUTATION_PARALLEL:0
OPENMP                           APL_ARPEGE_ATMOSPHERE_UPDATE_PARALLEL:CPTEND_NEW
OPENMP                           APL_ARPEGE_CLOUDINESS_PARALLEL:ACNEBCOND
OPENMP                           APL_ARPEGE_DEEP_CONVECTION_PARALLEL:ACUPTQ
OPENMP                           APL_ARPEGE_DEEP_CONVECTION_PARALLEL:COPY
OPENMP                           APL_ARPEGE_DEEP_CONVECTION_PARALLEL:CUCALLN_MF
OPENMP                           APL_ARPEGE_DEEP_CONVECTION_PARALLEL:CULIGHT
OPENMP                           APL_ARPEGE_DEEP_CONVECTION_PARALLEL:INIT
OPENMP                           APL_ARPEGE_DEEP_CONVECTION_PARALLEL:ZERO
OPENMP                           APL_ARPEGE_DPRECIPS_PARALLEL:0
OPENMP                           APL_ARPEGE_HYDRO_BUDGET_PARALLEL:ACDROV
OPENMP                           APL_ARPEGE_HYDRO_BUDGET_PARALLEL:LMSE
OPENMP                           APL_ARPEGE_INIT_PARALLEL:0
OPENMP                           APL_ARPEGE_INIT_PARALLEL:1
OPENMP                           APL_ARPEGE_INIT_PARALLEL:2
OPENMP                           APL_ARPEGE_INIT_PARALLEL:3
OPENMP                           APL_ARPEGE_INIT_PARALLEL:4
OPENMP                           APL_ARPEGE_INIT_PARALLEL:5
OPENMP                           APL_ARPEGE_INIT_PARALLEL:6
OPENMP                           APL_ARPEGE_INIT_SURFEX_PARALLEL:0
OPENMP                           APL_ARPEGE_INIT_SURFEX_PARALLEL:1
OPENMP                           APL_ARPEGE_INIT_SURFEX_PARALLEL:2
OPENMP                           APL_ARPEGE_MWAVE_PARALLEL:0
OPENMP                           APL_ARPEGE_OCEANIC_FLUXES_PARALLEL:1
OPENMP                           APL_ARPEGE_OCEANIC_FLUXES_PARALLEL:ACFLUSO
OPENMP                           APL_ARPEGE_PARALLEL:22
OPENMP                           APL_ARPEGE_PARALLEL:23
OPENMP                           APL_ARPEGE_PARALLEL:24
OPENMP                           APL_ARPEGE_PARALLEL:ACCLPH
OPENMP                           APL_ARPEGE_PARALLEL:ACDRAG
OPENMP                           APL_ARPEGE_PARALLEL:ACDRME
OPENMP                           APL_ARPEGE_PARALLEL:ACEVADCAPE
OPENMP                           APL_ARPEGE_PARALLEL:ACHMT
OPENMP                           APL_ARPEGE_PARALLEL:ACHMTLS
OPENMP                           APL_ARPEGE_PARALLEL:ACSOL
OPENMP                           APL_ARPEGE_PARALLEL:ACTQSAT
OPENMP                           APL_ARPEGE_PARALLEL:ACVISIH
OPENMP                           APL_ARPEGE_PARALLEL:APLPAR_INIT
OPENMP                           APL_ARPEGE_PARALLEL:BAYRAD
OPENMP                           APL_ARPEGE_PARALLEL:CHECKMV
OPENMP                           APL_ARPEGE_PARALLEL:CPPHINP
OPENMP                           APL_ARPEGE_PARALLEL:DIFTQ
OPENMP                           APL_ARPEGE_PARALLEL:EDR
OPENMP                           APL_ARPEGE_PARALLEL:FRSOPT
OPENMP                           APL_ARPEGE_PARALLEL:PLSM
OPENMP                           APL_ARPEGE_PARALLEL:PPWETPOINT
OPENMP                           APL_ARPEGE_PARALLEL:PRECIPS
OPENMP                           APL_ARPEGE_PARALLEL:QNGCOR
OPENMP                           APL_ARPEGE_PARALLEL:TURBULENCE_PART2
OPENMP                           APL_ARPEGE_PARALLEL:ZBAY_QRCONV
OPENMP                           APL_ARPEGE_PARALLEL:ZDE2MR
OPENMP                           APL_ARPEGE_PARALLEL:ZDPHIV
OPENMP                           APL_ARPEGE_PARALLEL:ZRDG_LCVQ
OPENMP                           APL_ARPEGE_PRECIPITATION_PARALLEL:ACUPTQ
OPENMP                           APL_ARPEGE_RADIATION_PARALLEL:ACDAYD
OPENMP                           APL_ARPEGE_RADIATION_PARALLEL:ACRANEB2
OPENMP                           APL_ARPEGE_RADIATION_PARALLEL:ACRSO
OPENMP                           APL_ARPEGE_RADIATION_PARALLEL:CALLRAD_F
OPENMP                           APL_ARPEGE_RADIATION_PARALLEL:DIRECT
OPENMP                           APL_ARPEGE_RADIATION_PARALLEL:LMSE_F
OPENMP                           APL_ARPEGE_RADIATION_PARALLEL:RADHEAT
OPENMP                           APL_ARPEGE_RADIATION_PARALLEL:SUNSHINE
OPENMP                           APL_ARPEGE_SHALLOW_CONVECTION_AND_TURBULENCE_PARALLEL:ACTKE
OPENMP                           APL_ARPEGE_SOIL_HYDRO_PARALLEL:ACVEG
OPENMP                           APL_ARPEGE_SURFACE_PARALLEL:1
OPENMP                           APL_ARPEGE_SURFACE_PARALLEL:ACDIFV1
OPENMP                           APL_ARPEGE_SURFACE_PARALLEL:ACDIFV2
OPENMP                           APL_ARPEGE_SURFACE_PARALLEL:CALLSFX_F
OPENMP                           APL_ARPEGE_SURFACE_PARALLEL:LEDKF
OPENMP                           APL_ARPEGE_SURFACE_PARALLEL:LMSE_F
OPENMP                           APL_ARPEGE_SURFACE_PARALLEL:LMSE_F2
OPENMP                           APL_ARPEGE_SURFACE_UPDATE_PARALLEL:LMSE_F
OPENMP                           APL_ARPEGE_SURFACE_UPDATE_PARALLEL:LMSE_T
OPENMP                           APL_WIND_GUST_PARALLEL:ACCLDIA
OPENMP                           ARP_SHALLOW_MF_PARALLEL:FINISH
OPENMP                           ARP_SHALLOW_MF_PARALLEL:INIT
OPENMP                           ARP_SHALLOW_MF_PARALLEL:SHALLOW_MF
OPENMP                           ARP_SHALLOW_MF_PARALLEL:ZERO
OPENMP                           CPCFU_PARALLEL:0
OPENMP                           CPCFU_PARALLEL:1
OPENMP                           CPCFU_PARALLEL:2
OPENMP                           CPCFU_PARALLEL:3
OPENMP                           CPCFU_PARALLEL:4
OPENMP                           CPCFU_PARALLEL:5
OPENMP                           CPGLAG_PARALLEL:0
OPENMP                           CPGLAG_PARALLEL:1
OPENMP                           CPGLAG_PARALLEL:STR
OPENMP                           CPG_DIA_FLU_PARALLEL:0
OPENMP                           CPG_DIA_FLU_PARALLEL:1
OPENMP                           CPG_DIA_FLU_PARALLEL:2
OPENMP                           CPG_DIA_FLU_PARALLEL:3
OPENMP                           CPG_DIA_FLU_PARALLEL:4
OPENMPMETHOD                     CPG_END_SFC_PARALLEL:GSP_CL_SET0TO1
OPENMPMETHOD                     CPG_END_SFC_PARALLEL:PHTFILT
OPENMPMETHOD                     CPG_END_SFC_PARALLEL:SET0TO1
OPENMP                           CPG_GP_HYD_PARALLEL:0
OPENMP                           CPG_GP_HYD_PARALLEL:1
OPENMP                           CPG_GP_HYD_PARALLEL:2
OPENMP                           CPG_GP_HYD_PARALLEL:3
OPENMP                           CPG_GP_PARALLEL:GPINISLB_PART1_EXPL
OPENMP                           CPG_GP_PARALLEL:GPINISLB_PART3_EXPL
OPENMP                           CPG_GP_PARALLEL:GPTF2_EXPL_2TL
OPENMP                           CPG_GP_PARALLEL:GP_SPV
OPENMP                           CPG_GP_PARALLEL:MAP_FACTOR
OPENMPMETHOD                     CPG_GP_PARALLEL:SET1TO0
OPENMPMETHOD                     CPG_GP_PARALLEL:SET1TO9
UPDATEVIEW                       CPG_GP_PARALLEL:SET9TO0
OPENMP                           CPG_GP_PARALLEL:SETZERO
OPENMP                           CPG_PARALLEL:ISETTLOFF
OPENMP                           CPG_PARALLEL:LSMTSOL
OPENMPMETHOD                     CPG_PARALLEL:SHUFFLESL1
OPENMPMETHOD                     CPG_PARALLEL:ZEROPB2
OPENMPMETHOD                     CPG_PARALLEL:ZEROSL1
OPENMP                           CPUTQY0_PARALLEL:PVAR
OPENMP                           CPUTQY_APLPAR_EXPL_PARALLEL:PFDIS
OPENMP                           CPUTQY_APLPAR_EXPL_PARALLEL:ZDEC
OPENMP                           CPUTQY_APLPAR_EXPL_PARALLEL:ZTDCP
OPENMP                           CPXFU_PARALLEL:0
OPENMP                           CPXFU_PARALLEL:1
OPENMP                           CPXFU_PARALLEL:2
OPENMP                           CPXFU_PARALLEL:3
OPENMP                           CPXFU_PARALLEL:4
OPENMP                           CTVTOT_EXPL_PARALLEL:0
OPENMP                           EXCHANGE_MS_MODNEW:MAIN
OPENMP                           GPINISLB_PART2_EXPL_PARALLEL:0
OPENMP                           GPINISLB_PART2_EXPL_PARALLEL:1
OPENMP                           GPINISLB_PART2_EXPL_PARALLEL:2
OPENMP                           GPINISLB_PART2_EXPL_PARALLEL:3
OPENMP                           GPINISLB_PART2_EXPL_PARALLEL:4
OPENMP                           GPINISLB_PART2_EXPL_PARALLEL:5
OPENMP                           GPMPFC_EXPL_PARALLEL:0
OPENMP                           GPMPFC_EXPL_PARALLEL:1
OPENMP                           GPMPFC_EXPL_PART2_PARALLEL:0
OPENMP                           GPRCP_EXPL_PARALLEL:0
OPENMP                           GPRCP_EXPL_PARALLEL:1
OPENMP                           GPRCP_EXPL_PARALLEL:2
OPENMP                           GPRCP_EXPL_PARALLEL:3
OPENMP                           GPRCP_EXPL_PARALLEL:4
OPENMP                           GPRCP_EXPL_PARALLEL:5
OPENMP                           GPTF1_YDVARS_PARALLEL:LGRADSP
OPENMP                           GPTF1_YDVARS_PARALLEL:LTWOTL
OPENMP                           GPTF1_YDVARS_PARALLEL:NOTLDTF1
OPENMP                           LACDYN_PARALLEL:LASURE
OPENMP                           LACDYN_PARALLEL:ZMIXNL
OPENMP                           LAPINEA_PARALLEL:LARCINA
OPENMP                           LAPINEB_PARALLEL:CVGQ
OPENMP                           LAPINEB_PARALLEL:DPDETA0
OPENMP                           LAPINEB_PARALLEL:LACONE
OPENMP                           LAPINEB_PARALLEL:LARCHE
OPENMP                           LAPINEB_PARALLEL:LRDBBC
OPENMP                           LAPINEB_PARALLEL:LRPLANE
OPENMP                           LAPINEB_PARALLEL:L_RDRY_VD
OPENMP                           LAPINEB_PARALLEL:NVLAG2
OPENMP                           LAPINEB_PARALLEL:NVLAG3
OPENMP                           LAPINEB_PARALLEL:ROTUV
OPENMP                           LAPINEB_PARALLEL:ROTUVGEO
OPENMP                           LAPINEB_PARALLEL:TEMP_EQ
OPENMP                           LAPINEB_PARALLEL:YCVGQ
OPENMP                           LAPINEB_PARALLEL:ZERO_GMV9
OPENMP                           LAPINEB_PARALLEL:ZERO_GMV9_SI
OPENMP                           LAPINEB_PARALLEL:ZERO_GMV9_SL
OPENMP                           LAPINEB_PARALLEL:ZERO_UV9
OPENMP                           LAPINEB_PARALLEL:ZVWEI
OPENMP                           LARCINB_PARALLEL:LAITRE_GFL
OPENMP                           LARCINB_PARALLEL:LAITRE_GMV
OPENMP                           LARCINB_PARALLEL:LAITVSPCQM
OPENMP                           LARCINB_PARALLEL:LCOMAD_SP
OPENMP                           LARCINB_PARALLEL:LDSLPHY
OPENMP                           LARCINB_PARALLEL:LIN
OPENMP                           LARCINB_PARALLEL:LLCOMAD
OPENMP                           LARCINB_PARALLEL:LLCOMAD_2
OPENMP                           LARCINB_PARALLEL:LRHS_CURV_F
OPENMP                           LARCINB_PARALLEL:LTDIABLIN
OPENMP                           LARCINB_PARALLEL:NQMGMV
OPENMP                           LARCINB_PARALLEL:NTLAG_3
OPENMP                           LARCINB_PARALLEL:NVLAG_2
OPENMP                           LARCINB_PARALLEL:NVLAG_3
OPENMP                           LARCINB_PARALLEL:RRINTOPT
OPENMP                           LARMES_PARALLEL:LARMES
OPENMP                           LASSIE_PARALLEL:GPRCP
OPENMP                           LASSIE_PARALLEL:SITNU
OPENMP                           LATTES_PARALLEL:0
OPENMP                           LATTEX_EXPL_2TL_PARALLEL:0
OPENMP                           LATTEX_EXPL_2TL_PARALLEL:1
OPENMP                           LATTEX_EXPL_2TL_PARALLEL:2
OPENMP                           LATTEX_EXPL_2TL_PARALLEL:3
OPENMP                           LATTEX_EXPL_2TL_PARALLEL:4
OPENMP                           LATTEX_EXPL_2TL_PARALLEL:5
OPENMP                           LATTEX_EXPL_2TL_PARALLEL:6
OPENMP                           LATTEX_EXPL_VSPLTRANS_PARALLEL:0
OPENMP                           LATTEX_EXPL_VSPLTRANS_PARALLEL:1
OPENMP                           LATTEX_PARALLEL:LRHS_CURV
OPENMP                           LATTEX_PARALLEL:LRSIDDH
OPENMP                           LATTEX_PARALLEL:MAIN
OPENMP                           LAVABO_EXPL_LAITVSPCQM_PART1_PARALLEL:0
OPENMP                           LAVABO_EXPL_LAITVSPCQM_PART2_PARALLEL:0
OPENMP                           LAVABO_PARALLEL:0
OPENMP                           LAVABO_PARALLEL:1
OPENMP                           LAVABO_PARALLEL:2
OPENMP                           LAVENT_PARALLEL:0
OPENMP                           MF_PHYS_FPL_PART1_PARALLEL:PART1
OPENMP                           MF_PHYS_FPL_PART2_PARALLEL:PART2
OPENMP                           MF_PHYS_INIT_PARALLEL:ZERO
OPENMP                           MF_PHYS_MOCON_PARALLEL:PPWETPOINT
OPENMP                           MF_PHYS_PREP_PARALLEL:PREP
OPENMP                           MF_PHYS_SAVE_PHSURF_PART1_PARALLEL:PART1
OPENMP                           MF_PHYS_SAVE_PHSURF_PART2_PARALLEL:PART2
OPENMP                           MF_PHYS_TRANSFER_PARALLEL:ALL
OPENMP                           RECMWF_PARALLEL:1
OPENMP                           RECMWF_PARALLEL:2
OPENMP                           RECMWF_PARALLEL:ECRAD_CPU
OPENMP                           RECMWF_PARALLEL:ECRAD_GPU
OPENMP                           RECMWF_PARALLEL:ECRAD_POST
OPENMP                           RECMWF_PARALLEL:FINISH
OPENMP                           RECMWF_PARALLEL:PREPARE
OPENMP                           RECMWF_PARALLEL:RRTM
OPENMP                           RECMWF_PARALLEL:SRTM
OPENMP                           SCAN2M_TS_PARALLEL:0
OPENMP                           SPCHORNEW_PARALLEL:MAIN
OPENMP                           SPCMNEW_PARALLEL:MAIN
OPENMP                           SPCSINEW_PARALLEL:MAIN
OPENMP                           STEPO:MAIN
OPENMP                           TRMTOSNEW:MAIN
OPENMP                           TRSTOMNEW:MAIN
 ------ lparallelmethod.txt ------
 ------ lsynchost.txt ------
 ------ lsynchost.txt ------
*------------------------------------------------------------------------------*
|                                                                              |
|                                   stdeo.7                                    |
|                                                                              |
*------------------------------------------------------------------------------*
MPIAUTOTIMEOUT is set to 90 seconds
MPI_Init took 1 seconds
Reading namelist NAMPAR0 from fort.4
Reading namelist NAMPAR0 from fort.4
OMP: Warning #182: OMP_STACKSIZE: ignored because KMP_STACKSIZE has been defined
Reading namelist NAM_DISTRIBUTED_VECTORS from file 
Reading namelist NAMPAR0 from fort.4
 ------ lparallelmethod.txt ------
OPENMP                           ACCTND0_PARALLEL:PACC
OPENMP                           ACVPPKF_PARALLEL:PART0
OPENMP                           ACVPPKF_PARALLEL:PART1
OPENMP                           ACVPPKF_PARALLEL:PART2
OPENMP                           ACVPPKF_PARALLEL:PART3
OPENMP                           APL_ARPEGE_AEROSOLS_FOR_RADIATION_PARALLEL:RADAER
OPENMP                           APL_ARPEGE_ALBEDO_COMPUTATION_PARALLEL:0
OPENMP                           APL_ARPEGE_ATMOSPHERE_UPDATE_PARALLEL:CPTEND_NEW
OPENMP                           APL_ARPEGE_CLOUDINESS_PARALLEL:ACNEBCOND
OPENMP                           APL_ARPEGE_DEEP_CONVECTION_PARALLEL:ACUPTQ
OPENMP                           APL_ARPEGE_DEEP_CONVECTION_PARALLEL:COPY
OPENMP                           APL_ARPEGE_DEEP_CONVECTION_PARALLEL:CUCALLN_MF
OPENMP                           APL_ARPEGE_DEEP_CONVECTION_PARALLEL:CULIGHT
OPENMP                           APL_ARPEGE_DEEP_CONVECTION_PARALLEL:INIT
OPENMP                           APL_ARPEGE_DEEP_CONVECTION_PARALLEL:ZERO
OPENMP                           APL_ARPEGE_DPRECIPS_PARALLEL:0
OPENMP                           APL_ARPEGE_HYDRO_BUDGET_PARALLEL:ACDROV
OPENMP                           APL_ARPEGE_HYDRO_BUDGET_PARALLEL:LMSE
OPENMP                           APL_ARPEGE_INIT_PARALLEL:0
OPENMP                           APL_ARPEGE_INIT_PARALLEL:1
OPENMP                           APL_ARPEGE_INIT_PARALLEL:2
OPENMP                           APL_ARPEGE_INIT_PARALLEL:3
OPENMP                           APL_ARPEGE_INIT_PARALLEL:4
OPENMP                           APL_ARPEGE_INIT_PARALLEL:5
OPENMP                           APL_ARPEGE_INIT_PARALLEL:6
OPENMP                           APL_ARPEGE_INIT_SURFEX_PARALLEL:0
OPENMP                           APL_ARPEGE_INIT_SURFEX_PARALLEL:1
OPENMP                           APL_ARPEGE_INIT_SURFEX_PARALLEL:2
OPENMP                           APL_ARPEGE_MWAVE_PARALLEL:0
OPENMP                           APL_ARPEGE_OCEANIC_FLUXES_PARALLEL:1
OPENMP                           APL_ARPEGE_OCEANIC_FLUXES_PARALLEL:ACFLUSO
OPENMP                           APL_ARPEGE_PARALLEL:22
OPENMP                           APL_ARPEGE_PARALLEL:23
OPENMP                           APL_ARPEGE_PARALLEL:24
OPENMP                           APL_ARPEGE_PARALLEL:ACCLPH
OPENMP                           APL_ARPEGE_PARALLEL:ACDRAG
OPENMP                           APL_ARPEGE_PARALLEL:ACDRME
OPENMP                           APL_ARPEGE_PARALLEL:ACEVADCAPE
OPENMP                           APL_ARPEGE_PARALLEL:ACHMT
OPENMP                           APL_ARPEGE_PARALLEL:ACHMTLS
OPENMP                           APL_ARPEGE_PARALLEL:ACSOL
OPENMP                           APL_ARPEGE_PARALLEL:ACTQSAT
OPENMP                           APL_ARPEGE_PARALLEL:ACVISIH
OPENMP                           APL_ARPEGE_PARALLEL:APLPAR_INIT
OPENMP                           APL_ARPEGE_PARALLEL:BAYRAD
OPENMP                           APL_ARPEGE_PARALLEL:CHECKMV
OPENMP                           APL_ARPEGE_PARALLEL:CPPHINP
OPENMP                           APL_ARPEGE_PARALLEL:DIFTQ
OPENMP                           APL_ARPEGE_PARALLEL:EDR
OPENMP                           APL_ARPEGE_PARALLEL:FRSOPT
OPENMP                           APL_ARPEGE_PARALLEL:PLSM
OPENMP                           APL_ARPEGE_PARALLEL:PPWETPOINT
OPENMP                           APL_ARPEGE_PARALLEL:PRECIPS
OPENMP                           APL_ARPEGE_PARALLEL:QNGCOR
OPENMP                           APL_ARPEGE_PARALLEL:TURBULENCE_PART2
OPENMP                           APL_ARPEGE_PARALLEL:ZBAY_QRCONV
OPENMP                           APL_ARPEGE_PARALLEL:ZDE2MR
OPENMP                           APL_ARPEGE_PARALLEL:ZDPHIV
OPENMP                           APL_ARPEGE_PARALLEL:ZRDG_LCVQ
OPENMP                           APL_ARPEGE_PRECIPITATION_PARALLEL:ACUPTQ
OPENMP                           APL_ARPEGE_RADIATION_PARALLEL:ACDAYD
OPENMP                           APL_ARPEGE_RADIATION_PARALLEL:ACRANEB2
OPENMP                           APL_ARPEGE_RADIATION_PARALLEL:ACRSO
OPENMP                           APL_ARPEGE_RADIATION_PARALLEL:CALLRAD_F
OPENMP                           APL_ARPEGE_RADIATION_PARALLEL:DIRECT
OPENMP                           APL_ARPEGE_RADIATION_PARALLEL:LMSE_F
OPENMP                           APL_ARPEGE_RADIATION_PARALLEL:RADHEAT
OPENMP                           APL_ARPEGE_RADIATION_PARALLEL:SUNSHINE
OPENMP                           APL_ARPEGE_SHALLOW_CONVECTION_AND_TURBULENCE_PARALLEL:ACTKE
OPENMP                           APL_ARPEGE_SOIL_HYDRO_PARALLEL:ACVEG
OPENMP                           APL_ARPEGE_SURFACE_PARALLEL:1
OPENMP                           APL_ARPEGE_SURFACE_PARALLEL:ACDIFV1
OPENMP                           APL_ARPEGE_SURFACE_PARALLEL:ACDIFV2
OPENMP                           APL_ARPEGE_SURFACE_PARALLEL:CALLSFX_F
OPENMP                           APL_ARPEGE_SURFACE_PARALLEL:LEDKF
OPENMP                           APL_ARPEGE_SURFACE_PARALLEL:LMSE_F
OPENMP                           APL_ARPEGE_SURFACE_PARALLEL:LMSE_F2
OPENMP                           APL_ARPEGE_SURFACE_UPDATE_PARALLEL:LMSE_F
OPENMP                           APL_ARPEGE_SURFACE_UPDATE_PARALLEL:LMSE_T
OPENMP                           APL_WIND_GUST_PARALLEL:ACCLDIA
OPENMP                           ARP_SHALLOW_MF_PARALLEL:FINISH
OPENMP                           ARP_SHALLOW_MF_PARALLEL:INIT
OPENMP                           ARP_SHALLOW_MF_PARALLEL:SHALLOW_MF
OPENMP                           ARP_SHALLOW_MF_PARALLEL:ZERO
OPENMP                           CPCFU_PARALLEL:0
OPENMP                           CPCFU_PARALLEL:1
OPENMP                           CPCFU_PARALLEL:2
OPENMP                           CPCFU_PARALLEL:3
OPENMP                           CPCFU_PARALLEL:4
OPENMP                           CPCFU_PARALLEL:5
OPENMP                           CPGLAG_PARALLEL:0
OPENMP                           CPGLAG_PARALLEL:1
OPENMP                           CPGLAG_PARALLEL:STR
OPENMP                           CPG_DIA_FLU_PARALLEL:0
OPENMP                           CPG_DIA_FLU_PARALLEL:1
OPENMP                           CPG_DIA_FLU_PARALLEL:2
OPENMP                           CPG_DIA_FLU_PARALLEL:3
OPENMP                           CPG_DIA_FLU_PARALLEL:4
OPENMPMETHOD                     CPG_END_SFC_PARALLEL:GSP_CL_SET0TO1
OPENMPMETHOD                     CPG_END_SFC_PARALLEL:PHTFILT
OPENMPMETHOD                     CPG_END_SFC_PARALLEL:SET0TO1
OPENMP                           CPG_GP_HYD_PARALLEL:0
OPENMP                           CPG_GP_HYD_PARALLEL:1
OPENMP                           CPG_GP_HYD_PARALLEL:2
OPENMP                           CPG_GP_HYD_PARALLEL:3
OPENMP                           CPG_GP_PARALLEL:GPINISLB_PART1_EXPL
OPENMP                           CPG_GP_PARALLEL:GPINISLB_PART3_EXPL
OPENMP                           CPG_GP_PARALLEL:GPTF2_EXPL_2TL
OPENMP                           CPG_GP_PARALLEL:GP_SPV
OPENMP                           CPG_GP_PARALLEL:MAP_FACTOR
OPENMPMETHOD                     CPG_GP_PARALLEL:SET1TO0
OPENMPMETHOD                     CPG_GP_PARALLEL:SET1TO9
UPDATEVIEW                       CPG_GP_PARALLEL:SET9TO0
OPENMP                           CPG_GP_PARALLEL:SETZERO
OPENMP                           CPG_PARALLEL:ISETTLOFF
OPENMP                           CPG_PARALLEL:LSMTSOL
OPENMPMETHOD                     CPG_PARALLEL:SHUFFLESL1
OPENMPMETHOD                     CPG_PARALLEL:ZEROPB2
OPENMPMETHOD                     CPG_PARALLEL:ZEROSL1
OPENMP                           CPUTQY0_PARALLEL:PVAR
OPENMP                           CPUTQY_APLPAR_EXPL_PARALLEL:PFDIS
OPENMP                           CPUTQY_APLPAR_EXPL_PARALLEL:ZDEC
OPENMP                           CPUTQY_APLPAR_EXPL_PARALLEL:ZTDCP
OPENMP                           CPXFU_PARALLEL:0
OPENMP                           CPXFU_PARALLEL:1
OPENMP                           CPXFU_PARALLEL:2
OPENMP                           CPXFU_PARALLEL:3
OPENMP                           CPXFU_PARALLEL:4
OPENMP                           CTVTOT_EXPL_PARALLEL:0
OPENMP                           EXCHANGE_MS_MODNEW:MAIN
OPENMP                           GPINISLB_PART2_EXPL_PARALLEL:0
OPENMP                           GPINISLB_PART2_EXPL_PARALLEL:1
OPENMP                           GPINISLB_PART2_EXPL_PARALLEL:2
OPENMP                           GPINISLB_PART2_EXPL_PARALLEL:3
OPENMP                           GPINISLB_PART2_EXPL_PARALLEL:4
OPENMP                           GPINISLB_PART2_EXPL_PARALLEL:5
OPENMP                           GPMPFC_EXPL_PARALLEL:0
OPENMP                           GPMPFC_EXPL_PARALLEL:1
OPENMP                           GPMPFC_EXPL_PART2_PARALLEL:0
OPENMP                           GPRCP_EXPL_PARALLEL:0
OPENMP                           GPRCP_EXPL_PARALLEL:1
OPENMP                           GPRCP_EXPL_PARALLEL:2
OPENMP                           GPRCP_EXPL_PARALLEL:3
OPENMP                           GPRCP_EXPL_PARALLEL:4
OPENMP                           GPRCP_EXPL_PARALLEL:5
OPENMP                           GPTF1_YDVARS_PARALLEL:LGRADSP
OPENMP                           GPTF1_YDVARS_PARALLEL:LTWOTL
OPENMP                           GPTF1_YDVARS_PARALLEL:NOTLDTF1
OPENMP                           LACDYN_PARALLEL:LASURE
OPENMP                           LACDYN_PARALLEL:ZMIXNL
OPENMP                           LAPINEA_PARALLEL:LARCINA
OPENMP                           LAPINEB_PARALLEL:CVGQ
OPENMP                           LAPINEB_PARALLEL:DPDETA0
OPENMP                           LAPINEB_PARALLEL:LACONE
OPENMP                           LAPINEB_PARALLEL:LARCHE
OPENMP                           LAPINEB_PARALLEL:LRDBBC
OPENMP                           LAPINEB_PARALLEL:LRPLANE
OPENMP                           LAPINEB_PARALLEL:L_RDRY_VD
OPENMP                           LAPINEB_PARALLEL:NVLAG2
OPENMP                           LAPINEB_PARALLEL:NVLAG3
OPENMP                           LAPINEB_PARALLEL:ROTUV
OPENMP                           LAPINEB_PARALLEL:ROTUVGEO
OPENMP                           LAPINEB_PARALLEL:TEMP_EQ
OPENMP                           LAPINEB_PARALLEL:YCVGQ
OPENMP                           LAPINEB_PARALLEL:ZERO_GMV9
OPENMP                           LAPINEB_PARALLEL:ZERO_GMV9_SI
OPENMP                           LAPINEB_PARALLEL:ZERO_GMV9_SL
OPENMP                           LAPINEB_PARALLEL:ZERO_UV9
OPENMP                           LAPINEB_PARALLEL:ZVWEI
OPENMP                           LARCINB_PARALLEL:LAITRE_GFL
OPENMP                           LARCINB_PARALLEL:LAITRE_GMV
OPENMP                           LARCINB_PARALLEL:LAITVSPCQM
OPENMP                           LARCINB_PARALLEL:LCOMAD_SP
OPENMP                           LARCINB_PARALLEL:LDSLPHY
OPENMP                           LARCINB_PARALLEL:LIN
OPENMP                           LARCINB_PARALLEL:LLCOMAD
OPENMP                           LARCINB_PARALLEL:LLCOMAD_2
OPENMP                           LARCINB_PARALLEL:LRHS_CURV_F
OPENMP                           LARCINB_PARALLEL:LTDIABLIN
OPENMP                           LARCINB_PARALLEL:NQMGMV
OPENMP                           LARCINB_PARALLEL:NTLAG_3
OPENMP                           LARCINB_PARALLEL:NVLAG_2
OPENMP                           LARCINB_PARALLEL:NVLAG_3
OPENMP                           LARCINB_PARALLEL:RRINTOPT
OPENMP                           LARMES_PARALLEL:LARMES
OPENMP                           LASSIE_PARALLEL:GPRCP
OPENMP                           LASSIE_PARALLEL:SITNU
OPENMP                           LATTES_PARALLEL:0
OPENMP                           LATTEX_EXPL_2TL_PARALLEL:0
OPENMP                           LATTEX_EXPL_2TL_PARALLEL:1
OPENMP                           LATTEX_EXPL_2TL_PARALLEL:2
OPENMP                           LATTEX_EXPL_2TL_PARALLEL:3
OPENMP                           LATTEX_EXPL_2TL_PARALLEL:4
OPENMP                           LATTEX_EXPL_2TL_PARALLEL:5
OPENMP                           LATTEX_EXPL_2TL_PARALLEL:6
OPENMP                           LATTEX_EXPL_VSPLTRANS_PARALLEL:0
OPENMP                           LATTEX_EXPL_VSPLTRANS_PARALLEL:1
OPENMP                           LATTEX_PARALLEL:LRHS_CURV
OPENMP                           LATTEX_PARALLEL:LRSIDDH
OPENMP                           LATTEX_PARALLEL:MAIN
OPENMP                           LAVABO_EXPL_LAITVSPCQM_PART1_PARALLEL:0
OPENMP                           LAVABO_EXPL_LAITVSPCQM_PART2_PARALLEL:0
OPENMP                           LAVABO_PARALLEL:0
OPENMP                           LAVABO_PARALLEL:1
OPENMP                           LAVABO_PARALLEL:2
OPENMP                           LAVENT_PARALLEL:0
OPENMP                           MF_PHYS_FPL_PART1_PARALLEL:PART1
OPENMP                           MF_PHYS_FPL_PART2_PARALLEL:PART2
OPENMP                           MF_PHYS_INIT_PARALLEL:ZERO
OPENMP                           MF_PHYS_MOCON_PARALLEL:PPWETPOINT
OPENMP                           MF_PHYS_PREP_PARALLEL:PREP
OPENMP                           MF_PHYS_SAVE_PHSURF_PART1_PARALLEL:PART1
OPENMP                           MF_PHYS_SAVE_PHSURF_PART2_PARALLEL:PART2
OPENMP                           MF_PHYS_TRANSFER_PARALLEL:ALL
OPENMP                           RECMWF_PARALLEL:1
OPENMP                           RECMWF_PARALLEL:2
OPENMP                           RECMWF_PARALLEL:ECRAD_CPU
OPENMP                           RECMWF_PARALLEL:ECRAD_GPU
OPENMP                           RECMWF_PARALLEL:ECRAD_POST
OPENMP                           RECMWF_PARALLEL:FINISH
OPENMP                           RECMWF_PARALLEL:PREPARE
OPENMP                           RECMWF_PARALLEL:RRTM
OPENMP                           RECMWF_PARALLEL:SRTM
OPENMP                           SCAN2M_TS_PARALLEL:0
OPENMP                           SPCHORNEW_PARALLEL:MAIN
OPENMP                           SPCMNEW_PARALLEL:MAIN
OPENMP                           SPCSINEW_PARALLEL:MAIN
OPENMP                           STEPO:MAIN
OPENMP                           TRMTOSNEW:MAIN
OPENMP                           TRSTOMNEW:MAIN
 ------ lparallelmethod.txt ------
 ------ lsynchost.txt ------
 ------ lsynchost.txt ------
*------------------------------------------------------------------------------*
|                                                                              |
|                                   stdeo.8                                    |
|                                                                              |
*------------------------------------------------------------------------------*
MPIAUTOTIMEOUT is set to 90 seconds
MPI_Init took 1 seconds
Reading namelist NAMPAR0 from fort.4
Reading namelist NAMPAR0 from fort.4
OMP: Warning #182: OMP_STACKSIZE: ignored because KMP_STACKSIZE has been defined
Reading namelist NAM_DISTRIBUTED_VECTORS from file 
Reading namelist NAMPAR0 from fort.4
 ------ lparallelmethod.txt ------
OPENMP                           ACCTND0_PARALLEL:PACC
OPENMP                           ACVPPKF_PARALLEL:PART0
OPENMP                           ACVPPKF_PARALLEL:PART1
OPENMP                           ACVPPKF_PARALLEL:PART2
OPENMP                           ACVPPKF_PARALLEL:PART3
OPENMP                           APL_ARPEGE_AEROSOLS_FOR_RADIATION_PARALLEL:RADAER
OPENMP                           APL_ARPEGE_ALBEDO_COMPUTATION_PARALLEL:0
OPENMP                           APL_ARPEGE_ATMOSPHERE_UPDATE_PARALLEL:CPTEND_NEW
OPENMP                           APL_ARPEGE_CLOUDINESS_PARALLEL:ACNEBCOND
OPENMP                           APL_ARPEGE_DEEP_CONVECTION_PARALLEL:ACUPTQ
OPENMP                           APL_ARPEGE_DEEP_CONVECTION_PARALLEL:COPY
OPENMP                           APL_ARPEGE_DEEP_CONVECTION_PARALLEL:CUCALLN_MF
OPENMP                           APL_ARPEGE_DEEP_CONVECTION_PARALLEL:CULIGHT
OPENMP                           APL_ARPEGE_DEEP_CONVECTION_PARALLEL:INIT
OPENMP                           APL_ARPEGE_DEEP_CONVECTION_PARALLEL:ZERO
OPENMP                           APL_ARPEGE_DPRECIPS_PARALLEL:0
OPENMP                           APL_ARPEGE_HYDRO_BUDGET_PARALLEL:ACDROV
OPENMP                           APL_ARPEGE_HYDRO_BUDGET_PARALLEL:LMSE
OPENMP                           APL_ARPEGE_INIT_PARALLEL:0
OPENMP                           APL_ARPEGE_INIT_PARALLEL:1
OPENMP                           APL_ARPEGE_INIT_PARALLEL:2
OPENMP                           APL_ARPEGE_INIT_PARALLEL:3
OPENMP                           APL_ARPEGE_INIT_PARALLEL:4
OPENMP                           APL_ARPEGE_INIT_PARALLEL:5
OPENMP                           APL_ARPEGE_INIT_PARALLEL:6
OPENMP                           APL_ARPEGE_INIT_SURFEX_PARALLEL:0
OPENMP                           APL_ARPEGE_INIT_SURFEX_PARALLEL:1
OPENMP                           APL_ARPEGE_INIT_SURFEX_PARALLEL:2
OPENMP                           APL_ARPEGE_MWAVE_PARALLEL:0
OPENMP                           APL_ARPEGE_OCEANIC_FLUXES_PARALLEL:1
OPENMP                           APL_ARPEGE_OCEANIC_FLUXES_PARALLEL:ACFLUSO
OPENMP                           APL_ARPEGE_PARALLEL:22
OPENMP                           APL_ARPEGE_PARALLEL:23
OPENMP                           APL_ARPEGE_PARALLEL:24
OPENMP                           APL_ARPEGE_PARALLEL:ACCLPH
OPENMP                           APL_ARPEGE_PARALLEL:ACDRAG
OPENMP                           APL_ARPEGE_PARALLEL:ACDRME
OPENMP                           APL_ARPEGE_PARALLEL:ACEVADCAPE
OPENMP                           APL_ARPEGE_PARALLEL:ACHMT
OPENMP                           APL_ARPEGE_PARALLEL:ACHMTLS
OPENMP                           APL_ARPEGE_PARALLEL:ACSOL
OPENMP                           APL_ARPEGE_PARALLEL:ACTQSAT
OPENMP                           APL_ARPEGE_PARALLEL:ACVISIH
OPENMP                           APL_ARPEGE_PARALLEL:APLPAR_INIT
OPENMP                           APL_ARPEGE_PARALLEL:BAYRAD
OPENMP                           APL_ARPEGE_PARALLEL:CHECKMV
OPENMP                           APL_ARPEGE_PARALLEL:CPPHINP
OPENMP                           APL_ARPEGE_PARALLEL:DIFTQ
OPENMP                           APL_ARPEGE_PARALLEL:EDR
OPENMP                           APL_ARPEGE_PARALLEL:FRSOPT
OPENMP                           APL_ARPEGE_PARALLEL:PLSM
OPENMP                           APL_ARPEGE_PARALLEL:PPWETPOINT
OPENMP                           APL_ARPEGE_PARALLEL:PRECIPS
OPENMP                           APL_ARPEGE_PARALLEL:QNGCOR
OPENMP                           APL_ARPEGE_PARALLEL:TURBULENCE_PART2
OPENMP                           APL_ARPEGE_PARALLEL:ZBAY_QRCONV
OPENMP                           APL_ARPEGE_PARALLEL:ZDE2MR
OPENMP                           APL_ARPEGE_PARALLEL:ZDPHIV
OPENMP                           APL_ARPEGE_PARALLEL:ZRDG_LCVQ
OPENMP                           APL_ARPEGE_PRECIPITATION_PARALLEL:ACUPTQ
OPENMP                           APL_ARPEGE_RADIATION_PARALLEL:ACDAYD
OPENMP                           APL_ARPEGE_RADIATION_PARALLEL:ACRANEB2
OPENMP                           APL_ARPEGE_RADIATION_PARALLEL:ACRSO
OPENMP                           APL_ARPEGE_RADIATION_PARALLEL:CALLRAD_F
OPENMP                           APL_ARPEGE_RADIATION_PARALLEL:DIRECT
OPENMP                           APL_ARPEGE_RADIATION_PARALLEL:LMSE_F
OPENMP                           APL_ARPEGE_RADIATION_PARALLEL:RADHEAT
OPENMP                           APL_ARPEGE_RADIATION_PARALLEL:SUNSHINE
OPENMP                           APL_ARPEGE_SHALLOW_CONVECTION_AND_TURBULENCE_PARALLEL:ACTKE
OPENMP                           APL_ARPEGE_SOIL_HYDRO_PARALLEL:ACVEG
OPENMP                           APL_ARPEGE_SURFACE_PARALLEL:1
OPENMP                           APL_ARPEGE_SURFACE_PARALLEL:ACDIFV1
OPENMP                           APL_ARPEGE_SURFACE_PARALLEL:ACDIFV2
OPENMP                           APL_ARPEGE_SURFACE_PARALLEL:CALLSFX_F
OPENMP                           APL_ARPEGE_SURFACE_PARALLEL:LEDKF
OPENMP                           APL_ARPEGE_SURFACE_PARALLEL:LMSE_F
OPENMP                           APL_ARPEGE_SURFACE_PARALLEL:LMSE_F2
OPENMP                           APL_ARPEGE_SURFACE_UPDATE_PARALLEL:LMSE_F
OPENMP                           APL_ARPEGE_SURFACE_UPDATE_PARALLEL:LMSE_T
OPENMP                           APL_WIND_GUST_PARALLEL:ACCLDIA
OPENMP                           ARP_SHALLOW_MF_PARALLEL:FINISH
OPENMP                           ARP_SHALLOW_MF_PARALLEL:INIT
OPENMP                           ARP_SHALLOW_MF_PARALLEL:SHALLOW_MF
OPENMP                           ARP_SHALLOW_MF_PARALLEL:ZERO
OPENMP                           CPCFU_PARALLEL:0
OPENMP                           CPCFU_PARALLEL:1
OPENMP                           CPCFU_PARALLEL:2
OPENMP                           CPCFU_PARALLEL:3
OPENMP                           CPCFU_PARALLEL:4
OPENMP                           CPCFU_PARALLEL:5
OPENMP                           CPGLAG_PARALLEL:0
OPENMP                           CPGLAG_PARALLEL:1
OPENMP                           CPGLAG_PARALLEL:STR
OPENMP                           CPG_DIA_FLU_PARALLEL:0
OPENMP                           CPG_DIA_FLU_PARALLEL:1
OPENMP                           CPG_DIA_FLU_PARALLEL:2
OPENMP                           CPG_DIA_FLU_PARALLEL:3
OPENMP                           CPG_DIA_FLU_PARALLEL:4
OPENMPMETHOD                     CPG_END_SFC_PARALLEL:GSP_CL_SET0TO1
OPENMPMETHOD                     CPG_END_SFC_PARALLEL:PHTFILT
OPENMPMETHOD                     CPG_END_SFC_PARALLEL:SET0TO1
OPENMP                           CPG_GP_HYD_PARALLEL:0
OPENMP                           CPG_GP_HYD_PARALLEL:1
OPENMP                           CPG_GP_HYD_PARALLEL:2
OPENMP                           CPG_GP_HYD_PARALLEL:3
OPENMP                           CPG_GP_PARALLEL:GPINISLB_PART1_EXPL
OPENMP                           CPG_GP_PARALLEL:GPINISLB_PART3_EXPL
OPENMP                           CPG_GP_PARALLEL:GPTF2_EXPL_2TL
OPENMP                           CPG_GP_PARALLEL:GP_SPV
OPENMP                           CPG_GP_PARALLEL:MAP_FACTOR
OPENMPMETHOD                     CPG_GP_PARALLEL:SET1TO0
OPENMPMETHOD                     CPG_GP_PARALLEL:SET1TO9
UPDATEVIEW                       CPG_GP_PARALLEL:SET9TO0
OPENMP                           CPG_GP_PARALLEL:SETZERO
OPENMP                           CPG_PARALLEL:ISETTLOFF
OPENMP                           CPG_PARALLEL:LSMTSOL
OPENMPMETHOD                     CPG_PARALLEL:SHUFFLESL1
OPENMPMETHOD                     CPG_PARALLEL:ZEROPB2
OPENMPMETHOD                     CPG_PARALLEL:ZEROSL1
OPENMP                           CPUTQY0_PARALLEL:PVAR
OPENMP                           CPUTQY_APLPAR_EXPL_PARALLEL:PFDIS
OPENMP                           CPUTQY_APLPAR_EXPL_PARALLEL:ZDEC
OPENMP                           CPUTQY_APLPAR_EXPL_PARALLEL:ZTDCP
OPENMP                           CPXFU_PARALLEL:0
OPENMP                           CPXFU_PARALLEL:1
OPENMP                           CPXFU_PARALLEL:2
OPENMP                           CPXFU_PARALLEL:3
OPENMP                           CPXFU_PARALLEL:4
OPENMP                           CTVTOT_EXPL_PARALLEL:0
OPENMP                           EXCHANGE_MS_MODNEW:MAIN
OPENMP                           GPINISLB_PART2_EXPL_PARALLEL:0
OPENMP                           GPINISLB_PART2_EXPL_PARALLEL:1
OPENMP                           GPINISLB_PART2_EXPL_PARALLEL:2
OPENMP                           GPINISLB_PART2_EXPL_PARALLEL:3
OPENMP                           GPINISLB_PART2_EXPL_PARALLEL:4
OPENMP                           GPINISLB_PART2_EXPL_PARALLEL:5
OPENMP                           GPMPFC_EXPL_PARALLEL:0
OPENMP                           GPMPFC_EXPL_PARALLEL:1
OPENMP                           GPMPFC_EXPL_PART2_PARALLEL:0
OPENMP                           GPRCP_EXPL_PARALLEL:0
OPENMP                           GPRCP_EXPL_PARALLEL:1
OPENMP                           GPRCP_EXPL_PARALLEL:2
OPENMP                           GPRCP_EXPL_PARALLEL:3
OPENMP                           GPRCP_EXPL_PARALLEL:4
OPENMP                           GPRCP_EXPL_PARALLEL:5
OPENMP                           GPTF1_YDVARS_PARALLEL:LGRADSP
OPENMP                           GPTF1_YDVARS_PARALLEL:LTWOTL
OPENMP                           GPTF1_YDVARS_PARALLEL:NOTLDTF1
OPENMP                           LACDYN_PARALLEL:LASURE
OPENMP                           LACDYN_PARALLEL:ZMIXNL
OPENMP                           LAPINEA_PARALLEL:LARCINA
OPENMP                           LAPINEB_PARALLEL:CVGQ
OPENMP                           LAPINEB_PARALLEL:DPDETA0
OPENMP                           LAPINEB_PARALLEL:LACONE
OPENMP                           LAPINEB_PARALLEL:LARCHE
OPENMP                           LAPINEB_PARALLEL:LRDBBC
OPENMP                           LAPINEB_PARALLEL:LRPLANE
OPENMP                           LAPINEB_PARALLEL:L_RDRY_VD
OPENMP                           LAPINEB_PARALLEL:NVLAG2
OPENMP                           LAPINEB_PARALLEL:NVLAG3
OPENMP                           LAPINEB_PARALLEL:ROTUV
OPENMP                           LAPINEB_PARALLEL:ROTUVGEO
OPENMP                           LAPINEB_PARALLEL:TEMP_EQ
OPENMP                           LAPINEB_PARALLEL:YCVGQ
OPENMP                           LAPINEB_PARALLEL:ZERO_GMV9
OPENMP                           LAPINEB_PARALLEL:ZERO_GMV9_SI
OPENMP                           LAPINEB_PARALLEL:ZERO_GMV9_SL
OPENMP                           LAPINEB_PARALLEL:ZERO_UV9
OPENMP                           LAPINEB_PARALLEL:ZVWEI
OPENMP                           LARCINB_PARALLEL:LAITRE_GFL
OPENMP                           LARCINB_PARALLEL:LAITRE_GMV
OPENMP                           LARCINB_PARALLEL:LAITVSPCQM
OPENMP                           LARCINB_PARALLEL:LCOMAD_SP
OPENMP                           LARCINB_PARALLEL:LDSLPHY
OPENMP                           LARCINB_PARALLEL:LIN
OPENMP                           LARCINB_PARALLEL:LLCOMAD
OPENMP                           LARCINB_PARALLEL:LLCOMAD_2
OPENMP                           LARCINB_PARALLEL:LRHS_CURV_F
OPENMP                           LARCINB_PARALLEL:LTDIABLIN
OPENMP                           LARCINB_PARALLEL:NQMGMV
OPENMP                           LARCINB_PARALLEL:NTLAG_3
OPENMP                           LARCINB_PARALLEL:NVLAG_2
OPENMP                           LARCINB_PARALLEL:NVLAG_3
OPENMP                           LARCINB_PARALLEL:RRINTOPT
OPENMP                           LARMES_PARALLEL:LARMES
OPENMP                           LASSIE_PARALLEL:GPRCP
OPENMP                           LASSIE_PARALLEL:SITNU
OPENMP                           LATTES_PARALLEL:0
OPENMP                           LATTEX_EXPL_2TL_PARALLEL:0
OPENMP                           LATTEX_EXPL_2TL_PARALLEL:1
OPENMP                           LATTEX_EXPL_2TL_PARALLEL:2
OPENMP                           LATTEX_EXPL_2TL_PARALLEL:3
OPENMP                           LATTEX_EXPL_2TL_PARALLEL:4
OPENMP                           LATTEX_EXPL_2TL_PARALLEL:5
OPENMP                           LATTEX_EXPL_2TL_PARALLEL:6
OPENMP                           LATTEX_EXPL_VSPLTRANS_PARALLEL:0
OPENMP                           LATTEX_EXPL_VSPLTRANS_PARALLEL:1
OPENMP                           LATTEX_PARALLEL:LRHS_CURV
OPENMP                           LATTEX_PARALLEL:LRSIDDH
OPENMP                           LATTEX_PARALLEL:MAIN
OPENMP                           LAVABO_EXPL_LAITVSPCQM_PART1_PARALLEL:0
OPENMP                           LAVABO_EXPL_LAITVSPCQM_PART2_PARALLEL:0
OPENMP                           LAVABO_PARALLEL:0
OPENMP                           LAVABO_PARALLEL:1
OPENMP                           LAVABO_PARALLEL:2
OPENMP                           LAVENT_PARALLEL:0
OPENMP                           MF_PHYS_FPL_PART1_PARALLEL:PART1
OPENMP                           MF_PHYS_FPL_PART2_PARALLEL:PART2
OPENMP                           MF_PHYS_INIT_PARALLEL:ZERO
OPENMP                           MF_PHYS_MOCON_PARALLEL:PPWETPOINT
OPENMP                           MF_PHYS_PREP_PARALLEL:PREP
OPENMP                           MF_PHYS_SAVE_PHSURF_PART1_PARALLEL:PART1
OPENMP                           MF_PHYS_SAVE_PHSURF_PART2_PARALLEL:PART2
OPENMP                           MF_PHYS_TRANSFER_PARALLEL:ALL
OPENMP                           RECMWF_PARALLEL:1
OPENMP                           RECMWF_PARALLEL:2
OPENMP                           RECMWF_PARALLEL:ECRAD_CPU
OPENMP                           RECMWF_PARALLEL:ECRAD_GPU
OPENMP                           RECMWF_PARALLEL:ECRAD_POST
OPENMP                           RECMWF_PARALLEL:FINISH
OPENMP                           RECMWF_PARALLEL:PREPARE
OPENMP                           RECMWF_PARALLEL:RRTM
OPENMP                           RECMWF_PARALLEL:SRTM
OPENMP                           SCAN2M_TS_PARALLEL:0
OPENMP                           SPCHORNEW_PARALLEL:MAIN
OPENMP                           SPCMNEW_PARALLEL:MAIN
OPENMP                           SPCSINEW_PARALLEL:MAIN
OPENMP                           STEPO:MAIN
OPENMP                           TRMTOSNEW:MAIN
OPENMP                           TRSTOMNEW:MAIN
 ------ lparallelmethod.txt ------
 ------ lsynchost.txt ------
 ------ lsynchost.txt ------
*------------------------------------------------------------------------------*
|                                                                              |
|                                   stdeo.9                                    |
|                                                                              |
*------------------------------------------------------------------------------*
MPIAUTOTIMEOUT is set to 90 seconds
MPI_Init took 1 seconds
Reading namelist NAMPAR0 from fort.4
Reading namelist NAMPAR0 from fort.4
OMP: Warning #182: OMP_STACKSIZE: ignored because KMP_STACKSIZE has been defined
Reading namelist NAM_DISTRIBUTED_VECTORS from file 
Reading namelist NAMPAR0 from fort.4
 ------ lparallelmethod.txt ------
OPENMP                           ACCTND0_PARALLEL:PACC
OPENMP                           ACVPPKF_PARALLEL:PART0
OPENMP                           ACVPPKF_PARALLEL:PART1
OPENMP                           ACVPPKF_PARALLEL:PART2
OPENMP                           ACVPPKF_PARALLEL:PART3
OPENMP                           APL_ARPEGE_AEROSOLS_FOR_RADIATION_PARALLEL:RADAER
OPENMP                           APL_ARPEGE_ALBEDO_COMPUTATION_PARALLEL:0
OPENMP                           APL_ARPEGE_ATMOSPHERE_UPDATE_PARALLEL:CPTEND_NEW
OPENMP                           APL_ARPEGE_CLOUDINESS_PARALLEL:ACNEBCOND
OPENMP                           APL_ARPEGE_DEEP_CONVECTION_PARALLEL:ACUPTQ
OPENMP                           APL_ARPEGE_DEEP_CONVECTION_PARALLEL:COPY
OPENMP                           APL_ARPEGE_DEEP_CONVECTION_PARALLEL:CUCALLN_MF
OPENMP                           APL_ARPEGE_DEEP_CONVECTION_PARALLEL:CULIGHT
OPENMP                           APL_ARPEGE_DEEP_CONVECTION_PARALLEL:INIT
OPENMP                           APL_ARPEGE_DEEP_CONVECTION_PARALLEL:ZERO
OPENMP                           APL_ARPEGE_DPRECIPS_PARALLEL:0
OPENMP                           APL_ARPEGE_HYDRO_BUDGET_PARALLEL:ACDROV
OPENMP                           APL_ARPEGE_HYDRO_BUDGET_PARALLEL:LMSE
OPENMP                           APL_ARPEGE_INIT_PARALLEL:0
OPENMP                           APL_ARPEGE_INIT_PARALLEL:1
OPENMP                           APL_ARPEGE_INIT_PARALLEL:2
OPENMP                           APL_ARPEGE_INIT_PARALLEL:3
OPENMP                           APL_ARPEGE_INIT_PARALLEL:4
OPENMP                           APL_ARPEGE_INIT_PARALLEL:5
OPENMP                           APL_ARPEGE_INIT_PARALLEL:6
OPENMP                           APL_ARPEGE_INIT_SURFEX_PARALLEL:0
OPENMP                           APL_ARPEGE_INIT_SURFEX_PARALLEL:1
OPENMP                           APL_ARPEGE_INIT_SURFEX_PARALLEL:2
OPENMP                           APL_ARPEGE_MWAVE_PARALLEL:0
OPENMP                           APL_ARPEGE_OCEANIC_FLUXES_PARALLEL:1
OPENMP                           APL_ARPEGE_OCEANIC_FLUXES_PARALLEL:ACFLUSO
OPENMP                           APL_ARPEGE_PARALLEL:22
OPENMP                           APL_ARPEGE_PARALLEL:23
OPENMP                           APL_ARPEGE_PARALLEL:24
OPENMP                           APL_ARPEGE_PARALLEL:ACCLPH
OPENMP                           APL_ARPEGE_PARALLEL:ACDRAG
OPENMP                           APL_ARPEGE_PARALLEL:ACDRME
OPENMP                           APL_ARPEGE_PARALLEL:ACEVADCAPE
OPENMP                           APL_ARPEGE_PARALLEL:ACHMT
OPENMP                           APL_ARPEGE_PARALLEL:ACHMTLS
OPENMP                           APL_ARPEGE_PARALLEL:ACSOL
OPENMP                           APL_ARPEGE_PARALLEL:ACTQSAT
OPENMP                           APL_ARPEGE_PARALLEL:ACVISIH
OPENMP                           APL_ARPEGE_PARALLEL:APLPAR_INIT
OPENMP                           APL_ARPEGE_PARALLEL:BAYRAD
OPENMP                           APL_ARPEGE_PARALLEL:CHECKMV
OPENMP                           APL_ARPEGE_PARALLEL:CPPHINP
OPENMP                           APL_ARPEGE_PARALLEL:DIFTQ
OPENMP                           APL_ARPEGE_PARALLEL:EDR
OPENMP                           APL_ARPEGE_PARALLEL:FRSOPT
OPENMP                           APL_ARPEGE_PARALLEL:PLSM
OPENMP                           APL_ARPEGE_PARALLEL:PPWETPOINT
OPENMP                           APL_ARPEGE_PARALLEL:PRECIPS
OPENMP                           APL_ARPEGE_PARALLEL:QNGCOR
OPENMP                           APL_ARPEGE_PARALLEL:TURBULENCE_PART2
OPENMP                           APL_ARPEGE_PARALLEL:ZBAY_QRCONV
OPENMP                           APL_ARPEGE_PARALLEL:ZDE2MR
OPENMP                           APL_ARPEGE_PARALLEL:ZDPHIV
OPENMP                           APL_ARPEGE_PARALLEL:ZRDG_LCVQ
OPENMP                           APL_ARPEGE_PRECIPITATION_PARALLEL:ACUPTQ
OPENMP                           APL_ARPEGE_RADIATION_PARALLEL:ACDAYD
OPENMP                           APL_ARPEGE_RADIATION_PARALLEL:ACRANEB2
OPENMP                           APL_ARPEGE_RADIATION_PARALLEL:ACRSO
OPENMP                           APL_ARPEGE_RADIATION_PARALLEL:CALLRAD_F
OPENMP                           APL_ARPEGE_RADIATION_PARALLEL:DIRECT
OPENMP                           APL_ARPEGE_RADIATION_PARALLEL:LMSE_F
OPENMP                           APL_ARPEGE_RADIATION_PARALLEL:RADHEAT
OPENMP                           APL_ARPEGE_RADIATION_PARALLEL:SUNSHINE
OPENMP                           APL_ARPEGE_SHALLOW_CONVECTION_AND_TURBULENCE_PARALLEL:ACTKE
OPENMP                           APL_ARPEGE_SOIL_HYDRO_PARALLEL:ACVEG
OPENMP                           APL_ARPEGE_SURFACE_PARALLEL:1
OPENMP                           APL_ARPEGE_SURFACE_PARALLEL:ACDIFV1
OPENMP                           APL_ARPEGE_SURFACE_PARALLEL:ACDIFV2
OPENMP                           APL_ARPEGE_SURFACE_PARALLEL:CALLSFX_F
OPENMP                           APL_ARPEGE_SURFACE_PARALLEL:LEDKF
OPENMP                           APL_ARPEGE_SURFACE_PARALLEL:LMSE_F
OPENMP                           APL_ARPEGE_SURFACE_PARALLEL:LMSE_F2
OPENMP                           APL_ARPEGE_SURFACE_UPDATE_PARALLEL:LMSE_F
OPENMP                           APL_ARPEGE_SURFACE_UPDATE_PARALLEL:LMSE_T
OPENMP                           APL_WIND_GUST_PARALLEL:ACCLDIA
OPENMP                           ARP_SHALLOW_MF_PARALLEL:FINISH
OPENMP                           ARP_SHALLOW_MF_PARALLEL:INIT
OPENMP                           ARP_SHALLOW_MF_PARALLEL:SHALLOW_MF
OPENMP                           ARP_SHALLOW_MF_PARALLEL:ZERO
OPENMP                           CPCFU_PARALLEL:0
OPENMP                           CPCFU_PARALLEL:1
OPENMP                           CPCFU_PARALLEL:2
OPENMP                           CPCFU_PARALLEL:3
OPENMP                           CPCFU_PARALLEL:4
OPENMP                           CPCFU_PARALLEL:5
OPENMP                           CPGLAG_PARALLEL:0
OPENMP                           CPGLAG_PARALLEL:1
OPENMP                           CPGLAG_PARALLEL:STR
OPENMP                           CPG_DIA_FLU_PARALLEL:0
OPENMP                           CPG_DIA_FLU_PARALLEL:1
OPENMP                           CPG_DIA_FLU_PARALLEL:2
OPENMP                           CPG_DIA_FLU_PARALLEL:3
OPENMP                           CPG_DIA_FLU_PARALLEL:4
OPENMPMETHOD                     CPG_END_SFC_PARALLEL:GSP_CL_SET0TO1
OPENMPMETHOD                     CPG_END_SFC_PARALLEL:PHTFILT
OPENMPMETHOD                     CPG_END_SFC_PARALLEL:SET0TO1
OPENMP                           CPG_GP_HYD_PARALLEL:0
OPENMP                           CPG_GP_HYD_PARALLEL:1
OPENMP                           CPG_GP_HYD_PARALLEL:2
OPENMP                           CPG_GP_HYD_PARALLEL:3
OPENMP                           CPG_GP_PARALLEL:GPINISLB_PART1_EXPL
OPENMP                           CPG_GP_PARALLEL:GPINISLB_PART3_EXPL
OPENMP                           CPG_GP_PARALLEL:GPTF2_EXPL_2TL
OPENMP                           CPG_GP_PARALLEL:GP_SPV
OPENMP                           CPG_GP_PARALLEL:MAP_FACTOR
OPENMPMETHOD                     CPG_GP_PARALLEL:SET1TO0
OPENMPMETHOD                     CPG_GP_PARALLEL:SET1TO9
UPDATEVIEW                       CPG_GP_PARALLEL:SET9TO0
OPENMP                           CPG_GP_PARALLEL:SETZERO
OPENMP                           CPG_PARALLEL:ISETTLOFF
OPENMP                           CPG_PARALLEL:LSMTSOL
OPENMPMETHOD                     CPG_PARALLEL:SHUFFLESL1
OPENMPMETHOD                     CPG_PARALLEL:ZEROPB2
OPENMPMETHOD                     CPG_PARALLEL:ZEROSL1
OPENMP                           CPUTQY0_PARALLEL:PVAR
OPENMP                           CPUTQY_APLPAR_EXPL_PARALLEL:PFDIS
OPENMP                           CPUTQY_APLPAR_EXPL_PARALLEL:ZDEC
OPENMP                           CPUTQY_APLPAR_EXPL_PARALLEL:ZTDCP
OPENMP                           CPXFU_PARALLEL:0
OPENMP                           CPXFU_PARALLEL:1
OPENMP                           CPXFU_PARALLEL:2
OPENMP                           CPXFU_PARALLEL:3
OPENMP                           CPXFU_PARALLEL:4
OPENMP                           CTVTOT_EXPL_PARALLEL:0
OPENMP                           EXCHANGE_MS_MODNEW:MAIN
OPENMP                           GPINISLB_PART2_EXPL_PARALLEL:0
OPENMP                           GPINISLB_PART2_EXPL_PARALLEL:1
OPENMP                           GPINISLB_PART2_EXPL_PARALLEL:2
OPENMP                           GPINISLB_PART2_EXPL_PARALLEL:3
OPENMP                           GPINISLB_PART2_EXPL_PARALLEL:4
OPENMP                           GPINISLB_PART2_EXPL_PARALLEL:5
OPENMP                           GPMPFC_EXPL_PARALLEL:0
OPENMP                           GPMPFC_EXPL_PARALLEL:1
OPENMP                           GPMPFC_EXPL_PART2_PARALLEL:0
OPENMP                           GPRCP_EXPL_PARALLEL:0
OPENMP                           GPRCP_EXPL_PARALLEL:1
OPENMP                           GPRCP_EXPL_PARALLEL:2
OPENMP                           GPRCP_EXPL_PARALLEL:3
OPENMP                           GPRCP_EXPL_PARALLEL:4
OPENMP                           GPRCP_EXPL_PARALLEL:5
OPENMP                           GPTF1_YDVARS_PARALLEL:LGRADSP
OPENMP                           GPTF1_YDVARS_PARALLEL:LTWOTL
OPENMP                           GPTF1_YDVARS_PARALLEL:NOTLDTF1
OPENMP                           LACDYN_PARALLEL:LASURE
OPENMP                           LACDYN_PARALLEL:ZMIXNL
OPENMP                           LAPINEA_PARALLEL:LARCINA
OPENMP                           LAPINEB_PARALLEL:CVGQ
OPENMP                           LAPINEB_PARALLEL:DPDETA0
OPENMP                           LAPINEB_PARALLEL:LACONE
OPENMP                           LAPINEB_PARALLEL:LARCHE
OPENMP                           LAPINEB_PARALLEL:LRDBBC
OPENMP                           LAPINEB_PARALLEL:LRPLANE
OPENMP                           LAPINEB_PARALLEL:L_RDRY_VD
OPENMP                           LAPINEB_PARALLEL:NVLAG2
OPENMP                           LAPINEB_PARALLEL:NVLAG3
OPENMP                           LAPINEB_PARALLEL:ROTUV
OPENMP                           LAPINEB_PARALLEL:ROTUVGEO
OPENMP                           LAPINEB_PARALLEL:TEMP_EQ
OPENMP                           LAPINEB_PARALLEL:YCVGQ
OPENMP                           LAPINEB_PARALLEL:ZERO_GMV9
OPENMP                           LAPINEB_PARALLEL:ZERO_GMV9_SI
OPENMP                           LAPINEB_PARALLEL:ZERO_GMV9_SL
OPENMP                           LAPINEB_PARALLEL:ZERO_UV9
OPENMP                           LAPINEB_PARALLEL:ZVWEI
OPENMP                           LARCINB_PARALLEL:LAITRE_GFL
OPENMP                           LARCINB_PARALLEL:LAITRE_GMV
OPENMP                           LARCINB_PARALLEL:LAITVSPCQM
OPENMP                           LARCINB_PARALLEL:LCOMAD_SP
OPENMP                           LARCINB_PARALLEL:LDSLPHY
OPENMP                           LARCINB_PARALLEL:LIN
OPENMP                           LARCINB_PARALLEL:LLCOMAD
OPENMP                           LARCINB_PARALLEL:LLCOMAD_2
OPENMP                           LARCINB_PARALLEL:LRHS_CURV_F
OPENMP                           LARCINB_PARALLEL:LTDIABLIN
OPENMP                           LARCINB_PARALLEL:NQMGMV
OPENMP                           LARCINB_PARALLEL:NTLAG_3
OPENMP                           LARCINB_PARALLEL:NVLAG_2
OPENMP                           LARCINB_PARALLEL:NVLAG_3
OPENMP                           LARCINB_PARALLEL:RRINTOPT
OPENMP                           LARMES_PARALLEL:LARMES
OPENMP                           LASSIE_PARALLEL:GPRCP
OPENMP                           LASSIE_PARALLEL:SITNU
OPENMP                           LATTES_PARALLEL:0
OPENMP                           LATTEX_EXPL_2TL_PARALLEL:0
OPENMP                           LATTEX_EXPL_2TL_PARALLEL:1
OPENMP                           LATTEX_EXPL_2TL_PARALLEL:2
OPENMP                           LATTEX_EXPL_2TL_PARALLEL:3
OPENMP                           LATTEX_EXPL_2TL_PARALLEL:4
OPENMP                           LATTEX_EXPL_2TL_PARALLEL:5
OPENMP                           LATTEX_EXPL_2TL_PARALLEL:6
OPENMP                           LATTEX_EXPL_VSPLTRANS_PARALLEL:0
OPENMP                           LATTEX_EXPL_VSPLTRANS_PARALLEL:1
OPENMP                           LATTEX_PARALLEL:LRHS_CURV
OPENMP                           LATTEX_PARALLEL:LRSIDDH
OPENMP                           LATTEX_PARALLEL:MAIN
OPENMP                           LAVABO_EXPL_LAITVSPCQM_PART1_PARALLEL:0
OPENMP                           LAVABO_EXPL_LAITVSPCQM_PART2_PARALLEL:0
OPENMP                           LAVABO_PARALLEL:0
OPENMP                           LAVABO_PARALLEL:1
OPENMP                           LAVABO_PARALLEL:2
OPENMP                           LAVENT_PARALLEL:0
OPENMP                           MF_PHYS_FPL_PART1_PARALLEL:PART1
OPENMP                           MF_PHYS_FPL_PART2_PARALLEL:PART2
OPENMP                           MF_PHYS_INIT_PARALLEL:ZERO
OPENMP                           MF_PHYS_MOCON_PARALLEL:PPWETPOINT
OPENMP                           MF_PHYS_PREP_PARALLEL:PREP
OPENMP                           MF_PHYS_SAVE_PHSURF_PART1_PARALLEL:PART1
OPENMP                           MF_PHYS_SAVE_PHSURF_PART2_PARALLEL:PART2
OPENMP                           MF_PHYS_TRANSFER_PARALLEL:ALL
OPENMP                           RECMWF_PARALLEL:1
OPENMP                           RECMWF_PARALLEL:2
OPENMP                           RECMWF_PARALLEL:ECRAD_CPU
OPENMP                           RECMWF_PARALLEL:ECRAD_GPU
OPENMP                           RECMWF_PARALLEL:ECRAD_POST
OPENMP                           RECMWF_PARALLEL:FINISH
OPENMP                           RECMWF_PARALLEL:PREPARE
OPENMP                           RECMWF_PARALLEL:RRTM
OPENMP                           RECMWF_PARALLEL:SRTM
OPENMP                           SCAN2M_TS_PARALLEL:0
OPENMP                           SPCHORNEW_PARALLEL:MAIN
OPENMP                           SPCMNEW_PARALLEL:MAIN
OPENMP                           SPCSINEW_PARALLEL:MAIN
OPENMP                           STEPO:MAIN
OPENMP                           TRMTOSNEW:MAIN
OPENMP                           TRSTOMNEW:MAIN
 ------ lparallelmethod.txt ------
 ------ lsynchost.txt ------
 ------ lsynchost.txt ------
*------------------------------------------------------------------------------*
|                                                                              |
|                                   stdeo.10                                   |
|                                                                              |
*------------------------------------------------------------------------------*
MPIAUTOTIMEOUT is set to 90 seconds
MPI_Init took 1 seconds
Reading namelist NAMPAR0 from fort.4
Reading namelist NAMPAR0 from fort.4
OMP: Warning #182: OMP_STACKSIZE: ignored because KMP_STACKSIZE has been defined
Reading namelist NAM_DISTRIBUTED_VECTORS from file 
Reading namelist NAMPAR0 from fort.4
 ------ lparallelmethod.txt ------
OPENMP                           ACCTND0_PARALLEL:PACC
OPENMP                           ACVPPKF_PARALLEL:PART0
OPENMP                           ACVPPKF_PARALLEL:PART1
OPENMP                           ACVPPKF_PARALLEL:PART2
OPENMP                           ACVPPKF_PARALLEL:PART3
OPENMP                           APL_ARPEGE_AEROSOLS_FOR_RADIATION_PARALLEL:RADAER
OPENMP                           APL_ARPEGE_ALBEDO_COMPUTATION_PARALLEL:0
OPENMP                           APL_ARPEGE_ATMOSPHERE_UPDATE_PARALLEL:CPTEND_NEW
OPENMP                           APL_ARPEGE_CLOUDINESS_PARALLEL:ACNEBCOND
OPENMP                           APL_ARPEGE_DEEP_CONVECTION_PARALLEL:ACUPTQ
OPENMP                           APL_ARPEGE_DEEP_CONVECTION_PARALLEL:COPY
OPENMP                           APL_ARPEGE_DEEP_CONVECTION_PARALLEL:CUCALLN_MF
OPENMP                           APL_ARPEGE_DEEP_CONVECTION_PARALLEL:CULIGHT
OPENMP                           APL_ARPEGE_DEEP_CONVECTION_PARALLEL:INIT
OPENMP                           APL_ARPEGE_DEEP_CONVECTION_PARALLEL:ZERO
OPENMP                           APL_ARPEGE_DPRECIPS_PARALLEL:0
OPENMP                           APL_ARPEGE_HYDRO_BUDGET_PARALLEL:ACDROV
OPENMP                           APL_ARPEGE_HYDRO_BUDGET_PARALLEL:LMSE
OPENMP                           APL_ARPEGE_INIT_PARALLEL:0
OPENMP                           APL_ARPEGE_INIT_PARALLEL:1
OPENMP                           APL_ARPEGE_INIT_PARALLEL:2
OPENMP                           APL_ARPEGE_INIT_PARALLEL:3
OPENMP                           APL_ARPEGE_INIT_PARALLEL:4
OPENMP                           APL_ARPEGE_INIT_PARALLEL:5
OPENMP                           APL_ARPEGE_INIT_PARALLEL:6
OPENMP                           APL_ARPEGE_INIT_SURFEX_PARALLEL:0
OPENMP                           APL_ARPEGE_INIT_SURFEX_PARALLEL:1
OPENMP                           APL_ARPEGE_INIT_SURFEX_PARALLEL:2
OPENMP                           APL_ARPEGE_MWAVE_PARALLEL:0
OPENMP                           APL_ARPEGE_OCEANIC_FLUXES_PARALLEL:1
OPENMP                           APL_ARPEGE_OCEANIC_FLUXES_PARALLEL:ACFLUSO
OPENMP                           APL_ARPEGE_PARALLEL:22
OPENMP                           APL_ARPEGE_PARALLEL:23
OPENMP                           APL_ARPEGE_PARALLEL:24
OPENMP                           APL_ARPEGE_PARALLEL:ACCLPH
OPENMP                           APL_ARPEGE_PARALLEL:ACDRAG
OPENMP                           APL_ARPEGE_PARALLEL:ACDRME
OPENMP                           APL_ARPEGE_PARALLEL:ACEVADCAPE
OPENMP                           APL_ARPEGE_PARALLEL:ACHMT
OPENMP                           APL_ARPEGE_PARALLEL:ACHMTLS
OPENMP                           APL_ARPEGE_PARALLEL:ACSOL
OPENMP                           APL_ARPEGE_PARALLEL:ACTQSAT
OPENMP                           APL_ARPEGE_PARALLEL:ACVISIH
OPENMP                           APL_ARPEGE_PARALLEL:APLPAR_INIT
OPENMP                           APL_ARPEGE_PARALLEL:BAYRAD
OPENMP                           APL_ARPEGE_PARALLEL:CHECKMV
OPENMP                           APL_ARPEGE_PARALLEL:CPPHINP
OPENMP                           APL_ARPEGE_PARALLEL:DIFTQ
OPENMP                           APL_ARPEGE_PARALLEL:EDR
OPENMP                           APL_ARPEGE_PARALLEL:FRSOPT
OPENMP                           APL_ARPEGE_PARALLEL:PLSM
OPENMP                           APL_ARPEGE_PARALLEL:PPWETPOINT
OPENMP                           APL_ARPEGE_PARALLEL:PRECIPS
OPENMP                           APL_ARPEGE_PARALLEL:QNGCOR
OPENMP                           APL_ARPEGE_PARALLEL:TURBULENCE_PART2
OPENMP                           APL_ARPEGE_PARALLEL:ZBAY_QRCONV
OPENMP                           APL_ARPEGE_PARALLEL:ZDE2MR
OPENMP                           APL_ARPEGE_PARALLEL:ZDPHIV
OPENMP                           APL_ARPEGE_PARALLEL:ZRDG_LCVQ
OPENMP                           APL_ARPEGE_PRECIPITATION_PARALLEL:ACUPTQ
OPENMP                           APL_ARPEGE_RADIATION_PARALLEL:ACDAYD
OPENMP                           APL_ARPEGE_RADIATION_PARALLEL:ACRANEB2
OPENMP                           APL_ARPEGE_RADIATION_PARALLEL:ACRSO
OPENMP                           APL_ARPEGE_RADIATION_PARALLEL:CALLRAD_F
OPENMP                           APL_ARPEGE_RADIATION_PARALLEL:DIRECT
OPENMP                           APL_ARPEGE_RADIATION_PARALLEL:LMSE_F
OPENMP                           APL_ARPEGE_RADIATION_PARALLEL:RADHEAT
OPENMP                           APL_ARPEGE_RADIATION_PARALLEL:SUNSHINE
OPENMP                           APL_ARPEGE_SHALLOW_CONVECTION_AND_TURBULENCE_PARALLEL:ACTKE
OPENMP                           APL_ARPEGE_SOIL_HYDRO_PARALLEL:ACVEG
OPENMP                           APL_ARPEGE_SURFACE_PARALLEL:1
OPENMP                           APL_ARPEGE_SURFACE_PARALLEL:ACDIFV1
OPENMP                           APL_ARPEGE_SURFACE_PARALLEL:ACDIFV2
OPENMP                           APL_ARPEGE_SURFACE_PARALLEL:CALLSFX_F
OPENMP                           APL_ARPEGE_SURFACE_PARALLEL:LEDKF
OPENMP                           APL_ARPEGE_SURFACE_PARALLEL:LMSE_F
OPENMP                           APL_ARPEGE_SURFACE_PARALLEL:LMSE_F2
OPENMP                           APL_ARPEGE_SURFACE_UPDATE_PARALLEL:LMSE_F
OPENMP                           APL_ARPEGE_SURFACE_UPDATE_PARALLEL:LMSE_T
OPENMP                           APL_WIND_GUST_PARALLEL:ACCLDIA
OPENMP                           ARP_SHALLOW_MF_PARALLEL:FINISH
OPENMP                           ARP_SHALLOW_MF_PARALLEL:INIT
OPENMP                           ARP_SHALLOW_MF_PARALLEL:SHALLOW_MF
OPENMP                           ARP_SHALLOW_MF_PARALLEL:ZERO
OPENMP                           CPCFU_PARALLEL:0
OPENMP                           CPCFU_PARALLEL:1
OPENMP                           CPCFU_PARALLEL:2
OPENMP                           CPCFU_PARALLEL:3
OPENMP                           CPCFU_PARALLEL:4
OPENMP                           CPCFU_PARALLEL:5
OPENMP                           CPGLAG_PARALLEL:0
OPENMP                           CPGLAG_PARALLEL:1
OPENMP                           CPGLAG_PARALLEL:STR
OPENMP                           CPG_DIA_FLU_PARALLEL:0
OPENMP                           CPG_DIA_FLU_PARALLEL:1
OPENMP                           CPG_DIA_FLU_PARALLEL:2
OPENMP                           CPG_DIA_FLU_PARALLEL:3
OPENMP                           CPG_DIA_FLU_PARALLEL:4
OPENMPMETHOD                     CPG_END_SFC_PARALLEL:GSP_CL_SET0TO1
OPENMPMETHOD                     CPG_END_SFC_PARALLEL:PHTFILT
OPENMPMETHOD                     CPG_END_SFC_PARALLEL:SET0TO1
OPENMP                           CPG_GP_HYD_PARALLEL:0
OPENMP                           CPG_GP_HYD_PARALLEL:1
OPENMP                           CPG_GP_HYD_PARALLEL:2
OPENMP                           CPG_GP_HYD_PARALLEL:3
OPENMP                           CPG_GP_PARALLEL:GPINISLB_PART1_EXPL
OPENMP                           CPG_GP_PARALLEL:GPINISLB_PART3_EXPL
OPENMP                           CPG_GP_PARALLEL:GPTF2_EXPL_2TL
OPENMP                           CPG_GP_PARALLEL:GP_SPV
OPENMP                           CPG_GP_PARALLEL:MAP_FACTOR
OPENMPMETHOD                     CPG_GP_PARALLEL:SET1TO0
OPENMPMETHOD                     CPG_GP_PARALLEL:SET1TO9
UPDATEVIEW                       CPG_GP_PARALLEL:SET9TO0
OPENMP                           CPG_GP_PARALLEL:SETZERO
OPENMP                           CPG_PARALLEL:ISETTLOFF
OPENMP                           CPG_PARALLEL:LSMTSOL
OPENMPMETHOD                     CPG_PARALLEL:SHUFFLESL1
OPENMPMETHOD                     CPG_PARALLEL:ZEROPB2
OPENMPMETHOD                     CPG_PARALLEL:ZEROSL1
OPENMP                           CPUTQY0_PARALLEL:PVAR
OPENMP                           CPUTQY_APLPAR_EXPL_PARALLEL:PFDIS
OPENMP                           CPUTQY_APLPAR_EXPL_PARALLEL:ZDEC
OPENMP                           CPUTQY_APLPAR_EXPL_PARALLEL:ZTDCP
OPENMP                           CPXFU_PARALLEL:0
OPENMP                           CPXFU_PARALLEL:1
OPENMP                           CPXFU_PARALLEL:2
OPENMP                           CPXFU_PARALLEL:3
OPENMP                           CPXFU_PARALLEL:4
OPENMP                           CTVTOT_EXPL_PARALLEL:0
OPENMP                           EXCHANGE_MS_MODNEW:MAIN
OPENMP                           GPINISLB_PART2_EXPL_PARALLEL:0
OPENMP                           GPINISLB_PART2_EXPL_PARALLEL:1
OPENMP                           GPINISLB_PART2_EXPL_PARALLEL:2
OPENMP                           GPINISLB_PART2_EXPL_PARALLEL:3
OPENMP                           GPINISLB_PART2_EXPL_PARALLEL:4
OPENMP                           GPINISLB_PART2_EXPL_PARALLEL:5
OPENMP                           GPMPFC_EXPL_PARALLEL:0
OPENMP                           GPMPFC_EXPL_PARALLEL:1
OPENMP                           GPMPFC_EXPL_PART2_PARALLEL:0
OPENMP                           GPRCP_EXPL_PARALLEL:0
OPENMP                           GPRCP_EXPL_PARALLEL:1
OPENMP                           GPRCP_EXPL_PARALLEL:2
OPENMP                           GPRCP_EXPL_PARALLEL:3
OPENMP                           GPRCP_EXPL_PARALLEL:4
OPENMP                           GPRCP_EXPL_PARALLEL:5
OPENMP                           GPTF1_YDVARS_PARALLEL:LGRADSP
OPENMP                           GPTF1_YDVARS_PARALLEL:LTWOTL
OPENMP                           GPTF1_YDVARS_PARALLEL:NOTLDTF1
OPENMP                           LACDYN_PARALLEL:LASURE
OPENMP                           LACDYN_PARALLEL:ZMIXNL
OPENMP                           LAPINEA_PARALLEL:LARCINA
OPENMP                           LAPINEB_PARALLEL:CVGQ
OPENMP                           LAPINEB_PARALLEL:DPDETA0
OPENMP                           LAPINEB_PARALLEL:LACONE
OPENMP                           LAPINEB_PARALLEL:LARCHE
OPENMP                           LAPINEB_PARALLEL:LRDBBC
OPENMP                           LAPINEB_PARALLEL:LRPLANE
OPENMP                           LAPINEB_PARALLEL:L_RDRY_VD
OPENMP                           LAPINEB_PARALLEL:NVLAG2
OPENMP                           LAPINEB_PARALLEL:NVLAG3
OPENMP                           LAPINEB_PARALLEL:ROTUV
OPENMP                           LAPINEB_PARALLEL:ROTUVGEO
OPENMP                           LAPINEB_PARALLEL:TEMP_EQ
OPENMP                           LAPINEB_PARALLEL:YCVGQ
OPENMP                           LAPINEB_PARALLEL:ZERO_GMV9
OPENMP                           LAPINEB_PARALLEL:ZERO_GMV9_SI
OPENMP                           LAPINEB_PARALLEL:ZERO_GMV9_SL
OPENMP                           LAPINEB_PARALLEL:ZERO_UV9
OPENMP                           LAPINEB_PARALLEL:ZVWEI
OPENMP                           LARCINB_PARALLEL:LAITRE_GFL
OPENMP                           LARCINB_PARALLEL:LAITRE_GMV
OPENMP                           LARCINB_PARALLEL:LAITVSPCQM
OPENMP                           LARCINB_PARALLEL:LCOMAD_SP
OPENMP                           LARCINB_PARALLEL:LDSLPHY
OPENMP                           LARCINB_PARALLEL:LIN
OPENMP                           LARCINB_PARALLEL:LLCOMAD
OPENMP                           LARCINB_PARALLEL:LLCOMAD_2
OPENMP                           LARCINB_PARALLEL:LRHS_CURV_F
OPENMP                           LARCINB_PARALLEL:LTDIABLIN
OPENMP                           LARCINB_PARALLEL:NQMGMV
OPENMP                           LARCINB_PARALLEL:NTLAG_3
OPENMP                           LARCINB_PARALLEL:NVLAG_2
OPENMP                           LARCINB_PARALLEL:NVLAG_3
OPENMP                           LARCINB_PARALLEL:RRINTOPT
OPENMP                           LARMES_PARALLEL:LARMES
OPENMP                           LASSIE_PARALLEL:GPRCP
OPENMP                           LASSIE_PARALLEL:SITNU
OPENMP                           LATTES_PARALLEL:0
OPENMP                           LATTEX_EXPL_2TL_PARALLEL:0
OPENMP                           LATTEX_EXPL_2TL_PARALLEL:1
OPENMP                           LATTEX_EXPL_2TL_PARALLEL:2
OPENMP                           LATTEX_EXPL_2TL_PARALLEL:3
OPENMP                           LATTEX_EXPL_2TL_PARALLEL:4
OPENMP                           LATTEX_EXPL_2TL_PARALLEL:5
OPENMP                           LATTEX_EXPL_2TL_PARALLEL:6
OPENMP                           LATTEX_EXPL_VSPLTRANS_PARALLEL:0
OPENMP                           LATTEX_EXPL_VSPLTRANS_PARALLEL:1
OPENMP                           LATTEX_PARALLEL:LRHS_CURV
OPENMP                           LATTEX_PARALLEL:LRSIDDH
OPENMP                           LATTEX_PARALLEL:MAIN
OPENMP                           LAVABO_EXPL_LAITVSPCQM_PART1_PARALLEL:0
OPENMP                           LAVABO_EXPL_LAITVSPCQM_PART2_PARALLEL:0
OPENMP                           LAVABO_PARALLEL:0
OPENMP                           LAVABO_PARALLEL:1
OPENMP                           LAVABO_PARALLEL:2
OPENMP                           LAVENT_PARALLEL:0
OPENMP                           MF_PHYS_FPL_PART1_PARALLEL:PART1
OPENMP                           MF_PHYS_FPL_PART2_PARALLEL:PART2
OPENMP                           MF_PHYS_INIT_PARALLEL:ZERO
OPENMP                           MF_PHYS_MOCON_PARALLEL:PPWETPOINT
OPENMP                           MF_PHYS_PREP_PARALLEL:PREP
OPENMP                           MF_PHYS_SAVE_PHSURF_PART1_PARALLEL:PART1
OPENMP                           MF_PHYS_SAVE_PHSURF_PART2_PARALLEL:PART2
OPENMP                           MF_PHYS_TRANSFER_PARALLEL:ALL
OPENMP                           RECMWF_PARALLEL:1
OPENMP                           RECMWF_PARALLEL:2
OPENMP                           RECMWF_PARALLEL:ECRAD_CPU
OPENMP                           RECMWF_PARALLEL:ECRAD_GPU
OPENMP                           RECMWF_PARALLEL:ECRAD_POST
OPENMP                           RECMWF_PARALLEL:FINISH
OPENMP                           RECMWF_PARALLEL:PREPARE
OPENMP                           RECMWF_PARALLEL:RRTM
OPENMP                           RECMWF_PARALLEL:SRTM
OPENMP                           SCAN2M_TS_PARALLEL:0
OPENMP                           SPCHORNEW_PARALLEL:MAIN
OPENMP                           SPCMNEW_PARALLEL:MAIN
OPENMP                           SPCSINEW_PARALLEL:MAIN
OPENMP                           STEPO:MAIN
OPENMP                           TRMTOSNEW:MAIN
OPENMP                           TRSTOMNEW:MAIN
 ------ lparallelmethod.txt ------
 ------ lsynchost.txt ------
 ------ lsynchost.txt ------
*------------------------------------------------------------------------------*
|                                                                              |
|                                   stdeo.11                                   |
|                                                                              |
*------------------------------------------------------------------------------*
MPIAUTOTIMEOUT is set to 90 seconds
MPI_Init took 1 seconds
Reading namelist NAMPAR0 from fort.4
Reading namelist NAMPAR0 from fort.4
OMP: Warning #182: OMP_STACKSIZE: ignored because KMP_STACKSIZE has been defined
Reading namelist NAM_DISTRIBUTED_VECTORS from file 
Reading namelist NAMPAR0 from fort.4
 ------ lparallelmethod.txt ------
OPENMP                           ACCTND0_PARALLEL:PACC
OPENMP                           ACVPPKF_PARALLEL:PART0
OPENMP                           ACVPPKF_PARALLEL:PART1
OPENMP                           ACVPPKF_PARALLEL:PART2
OPENMP                           ACVPPKF_PARALLEL:PART3
OPENMP                           APL_ARPEGE_AEROSOLS_FOR_RADIATION_PARALLEL:RADAER
OPENMP                           APL_ARPEGE_ALBEDO_COMPUTATION_PARALLEL:0
OPENMP                           APL_ARPEGE_ATMOSPHERE_UPDATE_PARALLEL:CPTEND_NEW
OPENMP                           APL_ARPEGE_CLOUDINESS_PARALLEL:ACNEBCOND
OPENMP                           APL_ARPEGE_DEEP_CONVECTION_PARALLEL:ACUPTQ
OPENMP                           APL_ARPEGE_DEEP_CONVECTION_PARALLEL:COPY
OPENMP                           APL_ARPEGE_DEEP_CONVECTION_PARALLEL:CUCALLN_MF
OPENMP                           APL_ARPEGE_DEEP_CONVECTION_PARALLEL:CULIGHT
OPENMP                           APL_ARPEGE_DEEP_CONVECTION_PARALLEL:INIT
OPENMP                           APL_ARPEGE_DEEP_CONVECTION_PARALLEL:ZERO
OPENMP                           APL_ARPEGE_DPRECIPS_PARALLEL:0
OPENMP                           APL_ARPEGE_HYDRO_BUDGET_PARALLEL:ACDROV
OPENMP                           APL_ARPEGE_HYDRO_BUDGET_PARALLEL:LMSE
OPENMP                           APL_ARPEGE_INIT_PARALLEL:0
OPENMP                           APL_ARPEGE_INIT_PARALLEL:1
OPENMP                           APL_ARPEGE_INIT_PARALLEL:2
OPENMP                           APL_ARPEGE_INIT_PARALLEL:3
OPENMP                           APL_ARPEGE_INIT_PARALLEL:4
OPENMP                           APL_ARPEGE_INIT_PARALLEL:5
OPENMP                           APL_ARPEGE_INIT_PARALLEL:6
OPENMP                           APL_ARPEGE_INIT_SURFEX_PARALLEL:0
OPENMP                           APL_ARPEGE_INIT_SURFEX_PARALLEL:1
OPENMP                           APL_ARPEGE_INIT_SURFEX_PARALLEL:2
OPENMP                           APL_ARPEGE_MWAVE_PARALLEL:0
OPENMP                           APL_ARPEGE_OCEANIC_FLUXES_PARALLEL:1
OPENMP                           APL_ARPEGE_OCEANIC_FLUXES_PARALLEL:ACFLUSO
OPENMP                           APL_ARPEGE_PARALLEL:22
OPENMP                           APL_ARPEGE_PARALLEL:23
OPENMP                           APL_ARPEGE_PARALLEL:24
OPENMP                           APL_ARPEGE_PARALLEL:ACCLPH
OPENMP                           APL_ARPEGE_PARALLEL:ACDRAG
OPENMP                           APL_ARPEGE_PARALLEL:ACDRME
OPENMP                           APL_ARPEGE_PARALLEL:ACEVADCAPE
OPENMP                           APL_ARPEGE_PARALLEL:ACHMT
OPENMP                           APL_ARPEGE_PARALLEL:ACHMTLS
OPENMP                           APL_ARPEGE_PARALLEL:ACSOL
OPENMP                           APL_ARPEGE_PARALLEL:ACTQSAT
OPENMP                           APL_ARPEGE_PARALLEL:ACVISIH
OPENMP                           APL_ARPEGE_PARALLEL:APLPAR_INIT
OPENMP                           APL_ARPEGE_PARALLEL:BAYRAD
OPENMP                           APL_ARPEGE_PARALLEL:CHECKMV
OPENMP                           APL_ARPEGE_PARALLEL:CPPHINP
OPENMP                           APL_ARPEGE_PARALLEL:DIFTQ
OPENMP                           APL_ARPEGE_PARALLEL:EDR
OPENMP                           APL_ARPEGE_PARALLEL:FRSOPT
OPENMP                           APL_ARPEGE_PARALLEL:PLSM
OPENMP                           APL_ARPEGE_PARALLEL:PPWETPOINT
OPENMP                           APL_ARPEGE_PARALLEL:PRECIPS
OPENMP                           APL_ARPEGE_PARALLEL:QNGCOR
OPENMP                           APL_ARPEGE_PARALLEL:TURBULENCE_PART2
OPENMP                           APL_ARPEGE_PARALLEL:ZBAY_QRCONV
OPENMP                           APL_ARPEGE_PARALLEL:ZDE2MR
OPENMP                           APL_ARPEGE_PARALLEL:ZDPHIV
OPENMP                           APL_ARPEGE_PARALLEL:ZRDG_LCVQ
OPENMP                           APL_ARPEGE_PRECIPITATION_PARALLEL:ACUPTQ
OPENMP                           APL_ARPEGE_RADIATION_PARALLEL:ACDAYD
OPENMP                           APL_ARPEGE_RADIATION_PARALLEL:ACRANEB2
OPENMP                           APL_ARPEGE_RADIATION_PARALLEL:ACRSO
OPENMP                           APL_ARPEGE_RADIATION_PARALLEL:CALLRAD_F
OPENMP                           APL_ARPEGE_RADIATION_PARALLEL:DIRECT
OPENMP                           APL_ARPEGE_RADIATION_PARALLEL:LMSE_F
OPENMP                           APL_ARPEGE_RADIATION_PARALLEL:RADHEAT
OPENMP                           APL_ARPEGE_RADIATION_PARALLEL:SUNSHINE
OPENMP                           APL_ARPEGE_SHALLOW_CONVECTION_AND_TURBULENCE_PARALLEL:ACTKE
OPENMP                           APL_ARPEGE_SOIL_HYDRO_PARALLEL:ACVEG
OPENMP                           APL_ARPEGE_SURFACE_PARALLEL:1
OPENMP                           APL_ARPEGE_SURFACE_PARALLEL:ACDIFV1
OPENMP                           APL_ARPEGE_SURFACE_PARALLEL:ACDIFV2
OPENMP                           APL_ARPEGE_SURFACE_PARALLEL:CALLSFX_F
OPENMP                           APL_ARPEGE_SURFACE_PARALLEL:LEDKF
OPENMP                           APL_ARPEGE_SURFACE_PARALLEL:LMSE_F
OPENMP                           APL_ARPEGE_SURFACE_PARALLEL:LMSE_F2
OPENMP                           APL_ARPEGE_SURFACE_UPDATE_PARALLEL:LMSE_F
OPENMP                           APL_ARPEGE_SURFACE_UPDATE_PARALLEL:LMSE_T
OPENMP                           APL_WIND_GUST_PARALLEL:ACCLDIA
OPENMP                           ARP_SHALLOW_MF_PARALLEL:FINISH
OPENMP                           ARP_SHALLOW_MF_PARALLEL:INIT
OPENMP                           ARP_SHALLOW_MF_PARALLEL:SHALLOW_MF
OPENMP                           ARP_SHALLOW_MF_PARALLEL:ZERO
OPENMP                           CPCFU_PARALLEL:0
OPENMP                           CPCFU_PARALLEL:1
OPENMP                           CPCFU_PARALLEL:2
OPENMP                           CPCFU_PARALLEL:3
OPENMP                           CPCFU_PARALLEL:4
OPENMP                           CPCFU_PARALLEL:5
OPENMP                           CPGLAG_PARALLEL:0
OPENMP                           CPGLAG_PARALLEL:1
OPENMP                           CPGLAG_PARALLEL:STR
OPENMP                           CPG_DIA_FLU_PARALLEL:0
OPENMP                           CPG_DIA_FLU_PARALLEL:1
OPENMP                           CPG_DIA_FLU_PARALLEL:2
OPENMP                           CPG_DIA_FLU_PARALLEL:3
OPENMP                           CPG_DIA_FLU_PARALLEL:4
OPENMPMETHOD                     CPG_END_SFC_PARALLEL:GSP_CL_SET0TO1
OPENMPMETHOD                     CPG_END_SFC_PARALLEL:PHTFILT
OPENMPMETHOD                     CPG_END_SFC_PARALLEL:SET0TO1
OPENMP                           CPG_GP_HYD_PARALLEL:0
OPENMP                           CPG_GP_HYD_PARALLEL:1
OPENMP                           CPG_GP_HYD_PARALLEL:2
OPENMP                           CPG_GP_HYD_PARALLEL:3
OPENMP                           CPG_GP_PARALLEL:GPINISLB_PART1_EXPL
OPENMP                           CPG_GP_PARALLEL:GPINISLB_PART3_EXPL
OPENMP                           CPG_GP_PARALLEL:GPTF2_EXPL_2TL
OPENMP                           CPG_GP_PARALLEL:GP_SPV
OPENMP                           CPG_GP_PARALLEL:MAP_FACTOR
OPENMPMETHOD                     CPG_GP_PARALLEL:SET1TO0
OPENMPMETHOD                     CPG_GP_PARALLEL:SET1TO9
UPDATEVIEW                       CPG_GP_PARALLEL:SET9TO0
OPENMP                           CPG_GP_PARALLEL:SETZERO
OPENMP                           CPG_PARALLEL:ISETTLOFF
OPENMP                           CPG_PARALLEL:LSMTSOL
OPENMPMETHOD                     CPG_PARALLEL:SHUFFLESL1
OPENMPMETHOD                     CPG_PARALLEL:ZEROPB2
OPENMPMETHOD                     CPG_PARALLEL:ZEROSL1
OPENMP                           CPUTQY0_PARALLEL:PVAR
OPENMP                           CPUTQY_APLPAR_EXPL_PARALLEL:PFDIS
OPENMP                           CPUTQY_APLPAR_EXPL_PARALLEL:ZDEC
OPENMP                           CPUTQY_APLPAR_EXPL_PARALLEL:ZTDCP
OPENMP                           CPXFU_PARALLEL:0
OPENMP                           CPXFU_PARALLEL:1
OPENMP                           CPXFU_PARALLEL:2
OPENMP                           CPXFU_PARALLEL:3
OPENMP                           CPXFU_PARALLEL:4
OPENMP                           CTVTOT_EXPL_PARALLEL:0
OPENMP                           EXCHANGE_MS_MODNEW:MAIN
OPENMP                           GPINISLB_PART2_EXPL_PARALLEL:0
OPENMP                           GPINISLB_PART2_EXPL_PARALLEL:1
OPENMP                           GPINISLB_PART2_EXPL_PARALLEL:2
OPENMP                           GPINISLB_PART2_EXPL_PARALLEL:3
OPENMP                           GPINISLB_PART2_EXPL_PARALLEL:4
OPENMP                           GPINISLB_PART2_EXPL_PARALLEL:5
OPENMP                           GPMPFC_EXPL_PARALLEL:0
OPENMP                           GPMPFC_EXPL_PARALLEL:1
OPENMP                           GPMPFC_EXPL_PART2_PARALLEL:0
OPENMP                           GPRCP_EXPL_PARALLEL:0
OPENMP                           GPRCP_EXPL_PARALLEL:1
OPENMP                           GPRCP_EXPL_PARALLEL:2
OPENMP                           GPRCP_EXPL_PARALLEL:3
OPENMP                           GPRCP_EXPL_PARALLEL:4
OPENMP                           GPRCP_EXPL_PARALLEL:5
OPENMP                           GPTF1_YDVARS_PARALLEL:LGRADSP
OPENMP                           GPTF1_YDVARS_PARALLEL:LTWOTL
OPENMP                           GPTF1_YDVARS_PARALLEL:NOTLDTF1
OPENMP                           LACDYN_PARALLEL:LASURE
OPENMP                           LACDYN_PARALLEL:ZMIXNL
OPENMP                           LAPINEA_PARALLEL:LARCINA
OPENMP                           LAPINEB_PARALLEL:CVGQ
OPENMP                           LAPINEB_PARALLEL:DPDETA0
OPENMP                           LAPINEB_PARALLEL:LACONE
OPENMP                           LAPINEB_PARALLEL:LARCHE
OPENMP                           LAPINEB_PARALLEL:LRDBBC
OPENMP                           LAPINEB_PARALLEL:LRPLANE
OPENMP                           LAPINEB_PARALLEL:L_RDRY_VD
OPENMP                           LAPINEB_PARALLEL:NVLAG2
OPENMP                           LAPINEB_PARALLEL:NVLAG3
OPENMP                           LAPINEB_PARALLEL:ROTUV
OPENMP                           LAPINEB_PARALLEL:ROTUVGEO
OPENMP                           LAPINEB_PARALLEL:TEMP_EQ
OPENMP                           LAPINEB_PARALLEL:YCVGQ
OPENMP                           LAPINEB_PARALLEL:ZERO_GMV9
OPENMP                           LAPINEB_PARALLEL:ZERO_GMV9_SI
OPENMP                           LAPINEB_PARALLEL:ZERO_GMV9_SL
OPENMP                           LAPINEB_PARALLEL:ZERO_UV9
OPENMP                           LAPINEB_PARALLEL:ZVWEI
OPENMP                           LARCINB_PARALLEL:LAITRE_GFL
OPENMP                           LARCINB_PARALLEL:LAITRE_GMV
OPENMP                           LARCINB_PARALLEL:LAITVSPCQM
OPENMP                           LARCINB_PARALLEL:LCOMAD_SP
OPENMP                           LARCINB_PARALLEL:LDSLPHY
OPENMP                           LARCINB_PARALLEL:LIN
OPENMP                           LARCINB_PARALLEL:LLCOMAD
OPENMP                           LARCINB_PARALLEL:LLCOMAD_2
OPENMP                           LARCINB_PARALLEL:LRHS_CURV_F
OPENMP                           LARCINB_PARALLEL:LTDIABLIN
OPENMP                           LARCINB_PARALLEL:NQMGMV
OPENMP                           LARCINB_PARALLEL:NTLAG_3
OPENMP                           LARCINB_PARALLEL:NVLAG_2
OPENMP                           LARCINB_PARALLEL:NVLAG_3
OPENMP                           LARCINB_PARALLEL:RRINTOPT
OPENMP                           LARMES_PARALLEL:LARMES
OPENMP                           LASSIE_PARALLEL:GPRCP
OPENMP                           LASSIE_PARALLEL:SITNU
OPENMP                           LATTES_PARALLEL:0
OPENMP                           LATTEX_EXPL_2TL_PARALLEL:0
OPENMP                           LATTEX_EXPL_2TL_PARALLEL:1
OPENMP                           LATTEX_EXPL_2TL_PARALLEL:2
OPENMP                           LATTEX_EXPL_2TL_PARALLEL:3
OPENMP                           LATTEX_EXPL_2TL_PARALLEL:4
OPENMP                           LATTEX_EXPL_2TL_PARALLEL:5
OPENMP                           LATTEX_EXPL_2TL_PARALLEL:6
OPENMP                           LATTEX_EXPL_VSPLTRANS_PARALLEL:0
OPENMP                           LATTEX_EXPL_VSPLTRANS_PARALLEL:1
OPENMP                           LATTEX_PARALLEL:LRHS_CURV
OPENMP                           LATTEX_PARALLEL:LRSIDDH
OPENMP                           LATTEX_PARALLEL:MAIN
OPENMP                           LAVABO_EXPL_LAITVSPCQM_PART1_PARALLEL:0
OPENMP                           LAVABO_EXPL_LAITVSPCQM_PART2_PARALLEL:0
OPENMP                           LAVABO_PARALLEL:0
OPENMP                           LAVABO_PARALLEL:1
OPENMP                           LAVABO_PARALLEL:2
OPENMP                           LAVENT_PARALLEL:0
OPENMP                           MF_PHYS_FPL_PART1_PARALLEL:PART1
OPENMP                           MF_PHYS_FPL_PART2_PARALLEL:PART2
OPENMP                           MF_PHYS_INIT_PARALLEL:ZERO
OPENMP                           MF_PHYS_MOCON_PARALLEL:PPWETPOINT
OPENMP                           MF_PHYS_PREP_PARALLEL:PREP
OPENMP                           MF_PHYS_SAVE_PHSURF_PART1_PARALLEL:PART1
OPENMP                           MF_PHYS_SAVE_PHSURF_PART2_PARALLEL:PART2
OPENMP                           MF_PHYS_TRANSFER_PARALLEL:ALL
OPENMP                           RECMWF_PARALLEL:1
OPENMP                           RECMWF_PARALLEL:2
OPENMP                           RECMWF_PARALLEL:ECRAD_CPU
OPENMP                           RECMWF_PARALLEL:ECRAD_GPU
OPENMP                           RECMWF_PARALLEL:ECRAD_POST
OPENMP                           RECMWF_PARALLEL:FINISH
OPENMP                           RECMWF_PARALLEL:PREPARE
OPENMP                           RECMWF_PARALLEL:RRTM
OPENMP                           RECMWF_PARALLEL:SRTM
OPENMP                           SCAN2M_TS_PARALLEL:0
OPENMP                           SPCHORNEW_PARALLEL:MAIN
OPENMP                           SPCMNEW_PARALLEL:MAIN
OPENMP                           SPCSINEW_PARALLEL:MAIN
OPENMP                           STEPO:MAIN
OPENMP                           TRMTOSNEW:MAIN
OPENMP                           TRSTOMNEW:MAIN
 ------ lparallelmethod.txt ------
 ------ lsynchost.txt ------
 ------ lsynchost.txt ------
+ set -e
+ '[' xmeteo = x ']'
+ ls -lrt
total 800822
lrwxrwxrwx 1 marguina mrpm        74 Jul 17 08:44 total_solar_irradiance_CMIP6_47r1.nc -> /home/gmap/mrpm/marguina/gpupack/cy49/total_solar_irradiance_CMIP6_47r1.nc
lrwxrwxrwx 1 marguina mrpm        73 Jul 17 08:44 socrates_droplet_scattering_rrtm.nc -> /home/gmap/mrpm/marguina/gpupack/cy49/socrates_droplet_scattering_rrtm.nc
lrwxrwxrwx 1 marguina mrpm        71 Jul 17 08:44 slingo_droplet_scattering_rrtm.nc -> /home/gmap/mrpm/marguina/gpupack/cy49/slingo_droplet_scattering_rrtm.nc
lrwxrwxrwx 1 marguina mrpm        45 Jul 17 08:44 RADSRTM -> /home/gmap/mrpm/marguina/gpupack/cy49/RADSRTM
lrwxrwxrwx 1 marguina mrpm        45 Jul 17 08:44 RADRRTM -> /home/gmap/mrpm/marguina/gpupack/cy49/RADRRTM
-rw-r--r-- 1 marguina mrpm        24 Jul 17 08:44 openacc_bind.txt
lrwxrwxrwx 1 marguina mrpm        56 Jul 17 08:44 mcica_lognormal.nc -> /home/gmap/mrpm/marguina/gpupack/cy49/mcica_lognormal.nc
lrwxrwxrwx 1 marguina mrpm        52 Jul 17 08:44 mcica_gamma.nc -> /home/gmap/mrpm/marguina/gpupack/cy49/mcica_gamma.nc
lrwxrwxrwx 1 marguina mrpm        43 Jul 17 08:44 MCICA -> /home/gmap/mrpm/marguina/gpupack/cy49/MCICA
-rw-r--r-- 1 marguina mrpm     15817 Jul 17 08:44 lparallelmethod.txt
-rw-r--r-- 1 marguina mrpm 603955200 Jul 17 08:44 ICMSHFCSTINIT
lrwxrwxrwx 1 marguina mrpm        95 Jul 17 08:44 greenhouse_gas_timeseries_CMIP6_SSP370_CFC11equiv_47r1.nc -> /home/gmap/mrpm/marguina/gpupack/cy49/greenhouse_gas_timeseries_CMIP6_SSP370_CFC11equiv_47r1.nc
lrwxrwxrwx 1 marguina mrpm        72 Jul 17 08:44 greenhouse_gas_climatology_48r1.nc -> /home/gmap/mrpm/marguina/gpupack/cy49/greenhouse_gas_climatology_48r1.nc
lrwxrwxrwx 1 marguina mrpm        72 Jul 17 08:44 greenhouse_gas_climatology_46r1.nc -> /home/gmap/mrpm/marguina/gpupack/cy49/greenhouse_gas_climatology_46r1.nc
lrwxrwxrwx 1 marguina mrpm        63 Jul 17 08:44 fu_ice_scattering_rrtm.nc -> /home/gmap/mrpm/marguina/gpupack/cy49/fu_ice_scattering_rrtm.nc
-rw-r--r-- 1 marguina mrpm     27223 Jul 17 08:44 fort.4
lrwxrwxrwx 1 marguina mrpm        67 Jul 17 08:44 es_droplet_scattering_rrtm.nc -> /home/gmap/mrpm/marguina/gpupack/cy49/es_droplet_scattering_rrtm.nc
lrwxrwxrwx 1 marguina mrpm        43 Jul 17 08:44 ECOZC -> /home/gmap/mrpm/marguina/gpupack/cy49/ECOZC
lrwxrwxrwx 1 marguina mrpm        69 Jul 17 08:44 ecoclimapII_eu_covers_param.bin -> /home/gmap/mrpm/marguina/gpupack/cy49/ecoclimapII_eu_covers_param.bin
lrwxrwxrwx 1 marguina mrpm        69 Jul 17 08:44 ecoclimapII_af_covers_param.bin -> /home/gmap/mrpm/marguina/gpupack/cy49/ecoclimapII_af_covers_param.bin
lrwxrwxrwx 1 marguina mrpm        65 Jul 17 08:44 ecoclimapI_covers_param.bin -> /home/gmap/mrpm/marguina/gpupack/cy49/ecoclimapI_covers_param.bin
lrwxrwxrwx 1 marguina mrpm        66 Jul 17 08:44 baran_ice_scattering_rrtm.nc -> /home/gmap/mrpm/marguina/gpupack/cy49/baran_ice_scattering_rrtm.nc
lrwxrwxrwx 1 marguina mrpm        41 Jul 17 08:44 arp -> /home/gmap/mrpm/marguina/gpupack/cy49/arp
lrwxrwxrwx 1 marguina mrpm        63 Jul 17 08:44 aerosol_ifs_rrtm_tegen.nc -> /home/gmap/mrpm/marguina/gpupack/cy49/aerosol_ifs_rrtm_tegen.nc
lrwxrwxrwx 1 marguina mrpm        57 Jul 17 08:44 aerosol_ifs_rrtm.nc -> /home/gmap/mrpm/marguina/gpupack/cy49/aerosol_ifs_rrtm.nc
lrwxrwxrwx 1 marguina mrpm        60 Jul 17 08:44 aerosol_ifs_rrtm_AB.nc -> /home/gmap/mrpm/marguina/gpupack/cy49/aerosol_ifs_rrtm_AB.nc
lrwxrwxrwx 1 marguina mrpm        73 Jul 17 08:44 aerosol_ifs_rrtm_46R1_with_NI_AM.nc -> /home/gmap/mrpm/marguina/gpupack/cy49/aerosol_ifs_rrtm_46R1_with_NI_AM.nc
lrwxrwxrwx 1 marguina mrpm        71 Jul 17 08:44 aerosol_cams_climatology_43R3a.nc -> /home/gmap/mrpm/marguina/gpupack/cy49/aerosol_cams_climatology_43R3a.nc
-rw-r--r-- 1 marguina mrpm     49536 Jul 17 08:44 linux_bind.txt
-rwxr-xr-x 1 marguina mrpm       448 Jul 17 08:44 fixpgienv.sh
-rw-r--r-- 1 marguina mrpm  17864627 Jul 17 08:44 YDMODEL.CNT4.012.txt
-rw-r--r-- 1 marguina mrpm  17864627 Jul 17 08:44 YDMODEL.CNT4.011.txt
-rw-r--r-- 1 marguina mrpm  17864627 Jul 17 08:44 YDMODEL.CNT4.010.txt
-rw-r--r-- 1 marguina mrpm  17864627 Jul 17 08:44 YDMODEL.CNT4.009.txt
-rw-r--r-- 1 marguina mrpm  17864627 Jul 17 08:44 YDMODEL.CNT4.008.txt
-rw-r--r-- 1 marguina mrpm  17864627 Jul 17 08:44 YDMODEL.CNT4.007.txt
-rw-r--r-- 1 marguina mrpm  17864627 Jul 17 08:44 YDMODEL.CNT4.006.txt
-rw-r--r-- 1 marguina mrpm  17864627 Jul 17 08:44 YDMODEL.CNT4.005.txt
-rw-r--r-- 1 marguina mrpm  17864627 Jul 17 08:44 YDMODEL.CNT4.004.txt
-rw-r--r-- 1 marguina mrpm  17864627 Jul 17 08:44 YDMODEL.CNT4.003.txt
-rw-r--r-- 1 marguina mrpm  17864627 Jul 17 08:44 YDMODEL.CNT4.002.txt
-rw-r--r-- 1 marguina mrpm  17864627 Jul 17 08:44 YDMODEL.CNT4.001.txt
-rw-r--r-- 1 marguina mrpm     14409 Jul 17 08:44 stdeo.9
-rw-r--r-- 1 marguina mrpm     14409 Jul 17 08:44 stdeo.8
-rw-r--r-- 1 marguina mrpm     14409 Jul 17 08:44 stdeo.7
-rw-r--r-- 1 marguina mrpm     14409 Jul 17 08:44 stdeo.6
-rw-r--r-- 1 marguina mrpm     14409 Jul 17 08:44 stdeo.5
-rw-r--r-- 1 marguina mrpm     14409 Jul 17 08:44 stdeo.3
-rw-r--r-- 1 marguina mrpm     15152 Jul 17 08:44 stdeo.2
-rw-r--r-- 1 marguina mrpm     14409 Jul 17 08:44 stdeo.11
-rw-r--r-- 1 marguina mrpm     14409 Jul 17 08:44 stdeo.10
-rw-r--r-- 1 marguina mrpm         0 Jul 17 08:44 lsynchost.txt
-rw-r--r-- 1 marguina mrpm     15558 Jul 17 08:48 stdeo.1
-rw-r--r-- 1 marguina mrpm     14819 Jul 17 08:57 stdeo.4
-rw-r--r-- 1 marguina mrpm     50549 Jul 17 09:00 stdeo.0
-rw-r--r-- 1 marguina mrpm   1262452 Jul 17 09:00 NODE.001_01
-rw-r--r-- 1 marguina mrpm     10335 Jul 17 09:00 meminfo.txt
-rw-r--r-- 1 marguina mrpm    576928 Jul 17 09:00 drhook.prof.9
-rw-r--r-- 1 marguina mrpm    577146 Jul 17 09:00 drhook.prof.8
-rw-r--r-- 1 marguina mrpm    576928 Jul 17 09:00 drhook.prof.7
-rw-r--r-- 1 marguina mrpm    576928 Jul 17 09:00 drhook.prof.6
-rw-r--r-- 1 marguina mrpm    576928 Jul 17 09:00 drhook.prof.5
-rw-r--r-- 1 marguina mrpm    576928 Jul 17 09:00 drhook.prof.4
-rw-r--r-- 1 marguina mrpm    577140 Jul 17 09:00 drhook.prof.3
-rw-r--r-- 1 marguina mrpm    577032 Jul 17 09:00 drhook.prof.2
-rw-r--r-- 1 marguina mrpm    576930 Jul 17 09:00 drhook.prof.12
-rw-r--r-- 1 marguina mrpm    576930 Jul 17 09:00 drhook.prof.11
-rw-r--r-- 1 marguina mrpm    576930 Jul 17 09:00 drhook.prof.10
-rw-r--r-- 1 marguina mrpm    577479 Jul 17 09:00 drhook.prof.1
++ basename /home/gmap/mrpm/marguina/gpupack/pack/49t2_openacc-bench-notransfer.01.INTEL2302.2d
+ pack=49t2_openacc-bench-notransfer.01.INTEL2302.2d
+ ref=/home/gmap/mrpm/marguina/gpupack/cy49/arp/t0798/ref/49t2_openacc-bench-notransfer.01.INTEL2302.2d/openmp/NODE.001_01
+ '[' '!' -f /home/gmap/mrpm/marguina/gpupack/cy49/arp/t0798/ref/49t2_openacc-bench-notransfer.01.INTEL2302.2d/openmp/NODE.001_01 ']'
++ dirname /home/gmap/mrpm/marguina/gpupack/cy49/arp/t0798/ref/49t2_openacc-bench-notransfer.01.INTEL2302.2d/openmp/NODE.001_01
+ dir=/home/gmap/mrpm/marguina/gpupack/cy49/arp/t0798/ref/49t2_openacc-bench-notransfer.01.INTEL2302.2d/openmp
+ mkdir -p /home/gmap/mrpm/marguina/gpupack/cy49/arp/t0798/ref/49t2_openacc-bench-notransfer.01.INTEL2302.2d/openmp
+ cp drhook.prof.1 /home/gmap/mrpm/marguina/gpupack/cy49/arp/t0798/ref/49t2_openacc-bench-notransfer.01.INTEL2302.2d/openmp/drhook.prof.1
+ cp NODE.001_01 /home/gmap/mrpm/marguina/gpupack/cy49/arp/t0798/ref/49t2_openacc-bench-notransfer.01.INTEL2302.2d/openmp/NODE.001_01
+ cd ..
+ for method in nominal openmp openmpsinglecolumn openaccsinglecolumn
+ mkdir -p openmpsinglecolumn
+ cd openmpsinglecolumn
+ for f in '$DATADIR/*'
++ basename /home/gmap/mrpm/marguina/gpupack/cy49/aerosol_cams_climatology_43R3a.nc
+ rm -f aerosol_cams_climatology_43R3a.nc
+ ln -s /home/gmap/mrpm/marguina/gpupack/cy49/aerosol_cams_climatology_43R3a.nc .
+ for f in '$DATADIR/*'
++ basename /home/gmap/mrpm/marguina/gpupack/cy49/aerosol_ifs_rrtm_46R1_with_NI_AM.nc
+ rm -f aerosol_ifs_rrtm_46R1_with_NI_AM.nc
+ ln -s /home/gmap/mrpm/marguina/gpupack/cy49/aerosol_ifs_rrtm_46R1_with_NI_AM.nc .
+ for f in '$DATADIR/*'
++ basename /home/gmap/mrpm/marguina/gpupack/cy49/aerosol_ifs_rrtm_AB.nc
+ rm -f aerosol_ifs_rrtm_AB.nc
+ ln -s /home/gmap/mrpm/marguina/gpupack/cy49/aerosol_ifs_rrtm_AB.nc .
+ for f in '$DATADIR/*'
++ basename /home/gmap/mrpm/marguina/gpupack/cy49/aerosol_ifs_rrtm.nc
+ rm -f aerosol_ifs_rrtm.nc
+ ln -s /home/gmap/mrpm/marguina/gpupack/cy49/aerosol_ifs_rrtm.nc .
+ for f in '$DATADIR/*'
++ basename /home/gmap/mrpm/marguina/gpupack/cy49/aerosol_ifs_rrtm_tegen.nc
+ rm -f aerosol_ifs_rrtm_tegen.nc
+ ln -s /home/gmap/mrpm/marguina/gpupack/cy49/aerosol_ifs_rrtm_tegen.nc .
+ for f in '$DATADIR/*'
++ basename /home/gmap/mrpm/marguina/gpupack/cy49/arp
+ rm -f arp
+ ln -s /home/gmap/mrpm/marguina/gpupack/cy49/arp .
+ for f in '$DATADIR/*'
++ basename /home/gmap/mrpm/marguina/gpupack/cy49/baran_ice_scattering_rrtm.nc
+ rm -f baran_ice_scattering_rrtm.nc
+ ln -s /home/gmap/mrpm/marguina/gpupack/cy49/baran_ice_scattering_rrtm.nc .
+ for f in '$DATADIR/*'
++ basename /home/gmap/mrpm/marguina/gpupack/cy49/ecoclimapI_covers_param.bin
+ rm -f ecoclimapI_covers_param.bin
+ ln -s /home/gmap/mrpm/marguina/gpupack/cy49/ecoclimapI_covers_param.bin .
+ for f in '$DATADIR/*'
++ basename /home/gmap/mrpm/marguina/gpupack/cy49/ecoclimapII_af_covers_param.bin
+ rm -f ecoclimapII_af_covers_param.bin
+ ln -s /home/gmap/mrpm/marguina/gpupack/cy49/ecoclimapII_af_covers_param.bin .
+ for f in '$DATADIR/*'
++ basename /home/gmap/mrpm/marguina/gpupack/cy49/ecoclimapII_eu_covers_param.bin
+ rm -f ecoclimapII_eu_covers_param.bin
+ ln -s /home/gmap/mrpm/marguina/gpupack/cy49/ecoclimapII_eu_covers_param.bin .
+ for f in '$DATADIR/*'
++ basename /home/gmap/mrpm/marguina/gpupack/cy49/ECOZC
+ rm -f ECOZC
+ ln -s /home/gmap/mrpm/marguina/gpupack/cy49/ECOZC .
+ for f in '$DATADIR/*'
++ basename /home/gmap/mrpm/marguina/gpupack/cy49/es_droplet_scattering_rrtm.nc
+ rm -f es_droplet_scattering_rrtm.nc
+ ln -s /home/gmap/mrpm/marguina/gpupack/cy49/es_droplet_scattering_rrtm.nc .
+ for f in '$DATADIR/*'
++ basename /home/gmap/mrpm/marguina/gpupack/cy49/fu_ice_scattering_rrtm.nc
+ rm -f fu_ice_scattering_rrtm.nc
+ ln -s /home/gmap/mrpm/marguina/gpupack/cy49/fu_ice_scattering_rrtm.nc .
+ for f in '$DATADIR/*'
++ basename /home/gmap/mrpm/marguina/gpupack/cy49/greenhouse_gas_climatology_46r1.nc
+ rm -f greenhouse_gas_climatology_46r1.nc
+ ln -s /home/gmap/mrpm/marguina/gpupack/cy49/greenhouse_gas_climatology_46r1.nc .
+ for f in '$DATADIR/*'
++ basename /home/gmap/mrpm/marguina/gpupack/cy49/greenhouse_gas_climatology_48r1.nc
+ rm -f greenhouse_gas_climatology_48r1.nc
+ ln -s /home/gmap/mrpm/marguina/gpupack/cy49/greenhouse_gas_climatology_48r1.nc .
+ for f in '$DATADIR/*'
++ basename /home/gmap/mrpm/marguina/gpupack/cy49/greenhouse_gas_timeseries_CMIP6_SSP370_CFC11equiv_47r1.nc
+ rm -f greenhouse_gas_timeseries_CMIP6_SSP370_CFC11equiv_47r1.nc
+ ln -s /home/gmap/mrpm/marguina/gpupack/cy49/greenhouse_gas_timeseries_CMIP6_SSP370_CFC11equiv_47r1.nc .
+ for f in '$DATADIR/*'
++ basename /home/gmap/mrpm/marguina/gpupack/cy49/MCICA
+ rm -f MCICA
+ ln -s /home/gmap/mrpm/marguina/gpupack/cy49/MCICA .
+ for f in '$DATADIR/*'
++ basename /home/gmap/mrpm/marguina/gpupack/cy49/mcica_gamma.nc
+ rm -f mcica_gamma.nc
+ ln -s /home/gmap/mrpm/marguina/gpupack/cy49/mcica_gamma.nc .
+ for f in '$DATADIR/*'
++ basename /home/gmap/mrpm/marguina/gpupack/cy49/mcica_lognormal.nc
+ rm -f mcica_lognormal.nc
+ ln -s /home/gmap/mrpm/marguina/gpupack/cy49/mcica_lognormal.nc .
+ for f in '$DATADIR/*'
++ basename /home/gmap/mrpm/marguina/gpupack/cy49/RADRRTM
+ rm -f RADRRTM
+ ln -s /home/gmap/mrpm/marguina/gpupack/cy49/RADRRTM .
+ for f in '$DATADIR/*'
++ basename /home/gmap/mrpm/marguina/gpupack/cy49/RADSRTM
+ rm -f RADSRTM
+ ln -s /home/gmap/mrpm/marguina/gpupack/cy49/RADSRTM .
+ for f in '$DATADIR/*'
++ basename /home/gmap/mrpm/marguina/gpupack/cy49/slingo_droplet_scattering_rrtm.nc
+ rm -f slingo_droplet_scattering_rrtm.nc
+ ln -s /home/gmap/mrpm/marguina/gpupack/cy49/slingo_droplet_scattering_rrtm.nc .
+ for f in '$DATADIR/*'
++ basename /home/gmap/mrpm/marguina/gpupack/cy49/socrates_droplet_scattering_rrtm.nc
+ rm -f socrates_droplet_scattering_rrtm.nc
+ ln -s /home/gmap/mrpm/marguina/gpupack/cy49/socrates_droplet_scattering_rrtm.nc .
+ for f in '$DATADIR/*'
++ basename /home/gmap/mrpm/marguina/gpupack/cy49/total_solar_irradiance_CMIP6_47r1.nc
+ rm -f total_solar_irradiance_CMIP6_47r1.nc
+ ln -s /home/gmap/mrpm/marguina/gpupack/cy49/total_solar_irradiance_CMIP6_47r1.nc .
+ cat arp/t0798/ICMSHFCSTINIT.000 arp/t0798/ICMSHFCSTINIT.001 arp/t0798/ICMSHFCSTINIT.002 arp/t0798/ICMSHFCSTINIT.003 arp/t0798/ICMSHFCSTINIT.004 arp/t0798/ICMSHFCSTINIT.005 arp/t0798/ICMSHFCSTINIT.006 arp/t0798/ICMSHFCSTINIT.007 arp/t0798/ICMSHFCSTINIT.008 arp/t0798/ICMSHFCSTINIT.009 arp/t0798/ICMSHFCSTINIT.010 arp/t0798/ICMSHFCSTINIT.011 arp/t0798/ICMSHFCSTINIT.012 arp/t0798/ICMSHFCSTINIT.013 arp/t0798/ICMSHFCSTINIT.014 arp/t0798/ICMSHFCSTINIT.015 arp/t0798/ICMSHFCSTINIT.016 arp/t0798/ICMSHFCSTINIT.017 arp/t0798/ICMSHFCSTINIT.018 arp/t0798/ICMSHFCSTINIT.019
+ cp arp/fort.4 .
+ chmod 644 fort.4
+ NNODE_FC=3
+ NTASK_FC=4
+ NOPMP_FC=32
+ NNODE_IO=0
+ NTASK_IO=8
+ NOPMP_IO=4
+ set +e
+ let 'NPROC_FC=3*4'
+ let 'NPROC_IO=0*8'
+ set -e
+ STOP=6
+ openmpsinglecolumn_setup /home/gmap/mrpm/marguina/gpupack/pack/49t2_openacc-bench-notransfer.01.INTEL2302.2d
+ pack=/home/gmap/mrpm/marguina/gpupack/pack/49t2_openacc-bench-notransfer.01.INTEL2302.2d
+ rm -f lparallelmethod.txt lsynchost.txt
+ export INPART=1
+ INPART=1
+ export PERSISTENT=1
+ PERSISTENT=1
+ export PARALLEL=1
+ PARALLEL=1
+ unset LPARALLELMETHOD_VERBOSE
+ export SLCOMMACC=0
+ SLCOMMACC=0
+ export SLEXTPOLACC=0
+ SLEXTPOLACC=0
+ export CLLEGACY_SCAN2M=0
+ CLLEGACY_SCAN2M=0
+ export CNT4_COPY=0
+ CNT4_COPY=0
+ setup_stack /home/gmap/mrpm/marguina/gpupack/pack/49t2_openacc-bench-notransfer.01.INTEL2302.2d
+ clean_stack
+ unset CLSTACKSIZE
+ unset CLSTACKSIZE4
+ unset CLSTACKSIZE8
++ perl -e ' print substr ($ARGV[0], -1, 1) ' /home/gmap/mrpm/marguina/gpupack/pack/49t2_openacc-bench-notransfer.01.INTEL2302.2d
+ PREC=d
+ '[' d = s ']'
+ export CLSTACKSIZE=0
+ CLSTACKSIZE=0
+ export CLSTACKSIZE4=10
+ CLSTACKSIZE4=10
+ export CLSTACKSIZE8=70
+ CLSTACKSIZE8=70
+ export LLSIMPLE_DGEMM=1
+ LLSIMPLE_DGEMM=1
+ cp /home/gmap/mrpm/marguina/gpupack/pack/49t2_openacc-bench-notransfer.01.INTEL2302.2d/lparallelmethod.txt.OPENMPSINGLECOLUMN lparallelmethod.txt
+ LECRADACC=.FALSE.
+ ECRADSOLVER='McICA ACC'
+ ECRADARCH=GPU
+ xpnam '--delta=
  &NAMRIP
    CSTOP='\''h6'\'',
  /
  ' --inplace fort.4
++ square 12
+ xpnam '--delta=
  &NAMIO_SERV
    NPROC_IO=0,
  /
  &NAMPAR0
    NPROC=12,
    
NPRGPNS=4,
NPRGPEW=3,
NPRTRW=4,
NPRTRV=3,
  /
  &NAMPAR1
    NSTRIN=12,
  /
  ' --inplace fort.4
+ xpnam '--delta=
  &NAMDIM
    NPROMA=-32,
  /
  ' --inplace fort.4
+ xpnam '--delta=
  &NAMCT1
    N1HIS=0,
  /
  ' --inplace fort.4
+ NECRADLEN=1024
+ xpnam '--delta=
  &NAERAD
    CECRADARCH='\''GPU'\'',
    NECRADLEN=1024,
    LECRADACC=.FALSE.,
  /
  &RADIATION
    SW_SOLVER_NAME='\''McICA ACC'\'',
    LW_SOLVER_NAME='\''McICA ACC'\'',
  /
  ' --inplace fort.4
+ ls -lrt
total 573521
lrwxrwxrwx 1 marguina mrpm        74 Jul 17 09:00 total_solar_irradiance_CMIP6_47r1.nc -> /home/gmap/mrpm/marguina/gpupack/cy49/total_solar_irradiance_CMIP6_47r1.nc
lrwxrwxrwx 1 marguina mrpm        73 Jul 17 09:00 socrates_droplet_scattering_rrtm.nc -> /home/gmap/mrpm/marguina/gpupack/cy49/socrates_droplet_scattering_rrtm.nc
lrwxrwxrwx 1 marguina mrpm        71 Jul 17 09:00 slingo_droplet_scattering_rrtm.nc -> /home/gmap/mrpm/marguina/gpupack/cy49/slingo_droplet_scattering_rrtm.nc
lrwxrwxrwx 1 marguina mrpm        45 Jul 17 09:00 RADSRTM -> /home/gmap/mrpm/marguina/gpupack/cy49/RADSRTM
lrwxrwxrwx 1 marguina mrpm        45 Jul 17 09:00 RADRRTM -> /home/gmap/mrpm/marguina/gpupack/cy49/RADRRTM
lrwxrwxrwx 1 marguina mrpm        56 Jul 17 09:00 mcica_lognormal.nc -> /home/gmap/mrpm/marguina/gpupack/cy49/mcica_lognormal.nc
lrwxrwxrwx 1 marguina mrpm        52 Jul 17 09:00 mcica_gamma.nc -> /home/gmap/mrpm/marguina/gpupack/cy49/mcica_gamma.nc
lrwxrwxrwx 1 marguina mrpm        43 Jul 17 09:00 MCICA -> /home/gmap/mrpm/marguina/gpupack/cy49/MCICA
lrwxrwxrwx 1 marguina mrpm        95 Jul 17 09:00 greenhouse_gas_timeseries_CMIP6_SSP370_CFC11equiv_47r1.nc -> /home/gmap/mrpm/marguina/gpupack/cy49/greenhouse_gas_timeseries_CMIP6_SSP370_CFC11equiv_47r1.nc
lrwxrwxrwx 1 marguina mrpm        72 Jul 17 09:00 greenhouse_gas_climatology_48r1.nc -> /home/gmap/mrpm/marguina/gpupack/cy49/greenhouse_gas_climatology_48r1.nc
lrwxrwxrwx 1 marguina mrpm        72 Jul 17 09:00 greenhouse_gas_climatology_46r1.nc -> /home/gmap/mrpm/marguina/gpupack/cy49/greenhouse_gas_climatology_46r1.nc
lrwxrwxrwx 1 marguina mrpm        63 Jul 17 09:00 fu_ice_scattering_rrtm.nc -> /home/gmap/mrpm/marguina/gpupack/cy49/fu_ice_scattering_rrtm.nc
lrwxrwxrwx 1 marguina mrpm        67 Jul 17 09:00 es_droplet_scattering_rrtm.nc -> /home/gmap/mrpm/marguina/gpupack/cy49/es_droplet_scattering_rrtm.nc
lrwxrwxrwx 1 marguina mrpm        43 Jul 17 09:00 ECOZC -> /home/gmap/mrpm/marguina/gpupack/cy49/ECOZC
lrwxrwxrwx 1 marguina mrpm        69 Jul 17 09:00 ecoclimapII_eu_covers_param.bin -> /home/gmap/mrpm/marguina/gpupack/cy49/ecoclimapII_eu_covers_param.bin
lrwxrwxrwx 1 marguina mrpm        69 Jul 17 09:00 ecoclimapII_af_covers_param.bin -> /home/gmap/mrpm/marguina/gpupack/cy49/ecoclimapII_af_covers_param.bin
lrwxrwxrwx 1 marguina mrpm        65 Jul 17 09:00 ecoclimapI_covers_param.bin -> /home/gmap/mrpm/marguina/gpupack/cy49/ecoclimapI_covers_param.bin
lrwxrwxrwx 1 marguina mrpm        66 Jul 17 09:00 baran_ice_scattering_rrtm.nc -> /home/gmap/mrpm/marguina/gpupack/cy49/baran_ice_scattering_rrtm.nc
lrwxrwxrwx 1 marguina mrpm        41 Jul 17 09:00 arp -> /home/gmap/mrpm/marguina/gpupack/cy49/arp
lrwxrwxrwx 1 marguina mrpm        63 Jul 17 09:00 aerosol_ifs_rrtm_tegen.nc -> /home/gmap/mrpm/marguina/gpupack/cy49/aerosol_ifs_rrtm_tegen.nc
lrwxrwxrwx 1 marguina mrpm        57 Jul 17 09:00 aerosol_ifs_rrtm.nc -> /home/gmap/mrpm/marguina/gpupack/cy49/aerosol_ifs_rrtm.nc
lrwxrwxrwx 1 marguina mrpm        60 Jul 17 09:00 aerosol_ifs_rrtm_AB.nc -> /home/gmap/mrpm/marguina/gpupack/cy49/aerosol_ifs_rrtm_AB.nc
lrwxrwxrwx 1 marguina mrpm        73 Jul 17 09:00 aerosol_ifs_rrtm_46R1_with_NI_AM.nc -> /home/gmap/mrpm/marguina/gpupack/cy49/aerosol_ifs_rrtm_46R1_with_NI_AM.nc
lrwxrwxrwx 1 marguina mrpm        71 Jul 17 09:00 aerosol_cams_climatology_43R3a.nc -> /home/gmap/mrpm/marguina/gpupack/cy49/aerosol_cams_climatology_43R3a.nc
-rw-r--r-- 1 marguina mrpm     15817 Jul 17 09:00 lparallelmethod.txt
-rw-r--r-- 1 marguina mrpm 603955200 Jul 17 09:00 ICMSHFCSTINIT
-rw-r--r-- 1 marguina mrpm     27231 Jul 17 09:00 fort.4
+ cat fort.4
 &NACIETEO
 /
 &NACOBS
 /
 &NACTAN
 /
 &NACTEX
 /
 &NACVEG
 /
 &NADOCK
 /
 &NAEAEM7
 /
 &NAEAER
 /
 &NAECOAPHY
 /
 &NAEPHLI
 /
 &NAEPHY
 /
 &NAERAD
   LRRTM=.TRUE.,
   LSRTM=.TRUE.,
   NMCICA=1,
   NRADFR=-1,
   NSW=6,
   RLWINHF=0.9,
   LUSEPRE2017RAD=.FALSE.,
   NHINCSOL=0,
   NOVLP=1,
   NRADIP=2,
   NRADLP=2,
   STBKG=0.045,
   TRBKG=0.03,
   CECRADARCH='GPU',
   NECRADLEN=1024,
   LECRADACC=.FALSE.,
 /
 &NAERCLI
 /
 &NAETLDIAG
 /
 &NAEVOL
 /
 &NAIMPO
 /
 &NALORI
 /
 &NAMACV
 /
 &NAMAERDET
 /
 &NAMAFN
   GFP_ST%CLNAME='SURFTEMPERATURE',
   GFP_ST%IANO=0,
   GFP_ST%IBITS=12,
   GFP_DST%IBITS=12,
   GFP_SD%IBITS=16,
   GFP_X10U%IBITS=12,
   GFP_X10U%IANO=0,
   GFP_X10V%IBITS=12,
   GFP_X10V%IANO=0,
   GFP_X2RH%IBITS=12,
   GFP_X2RH%IANO=0,
   GFP_X2T%IBITS=12,
   GFP_X2T%IANO=1,
   GFP_XUGST%IBITS=12,
   GFP_XUGST%IANO=0,
   GFP_XVGST%IBITS=12,
   GFP_XVGST%IANO=0,
   GFP_XCCC%IBITS=8,
   GFP_XCLPH%LLMON=.TRUE.,
   GFP_XHCC%IBITS=8,
   GFP_XLCC%IBITS=8,
   GFP_XMCC%IBITS=8,
   GFP_XTCC%IBITS=8,
   TFP_HU%IBITS=12,
   TFP_MSL%IBITS=12,
   TFP_T%IBITS=12,
   TFP_TH%IBITS=12,
   TFP_THPW%IBITS=12,
   TFP_TWV%IBITS=12,
   TFP_U%IBITS=12,
   TFP_V%IBITS=12,
   TFP_CAPE%CLNAME='SURFCAPE.POS.F00',
   TFP_CAPE%IBITS=16,
   TFP_I%LLGP=.TRUE.,
   TFP_L%LLGP=.TRUE.,
   TFP_HTB%IBITS=16,
   TFP_HTB%LLGP=.TRUE.,
   TFP_TKE%IBITS=16,
   TFP_EDR%IBITS=16,
   GFP_DST%IANO=0,
   GFP_SD%IANO=0,
   GFP_SSW%IANO=0,
   GFP_DSW%IANO=0,
   GFP_FSSW%IANO=0,
   GFP_FDSW%IANO=0,
   GFP_XUGST2%IBITS=12,
   GFP_XUGST2%IANO=0,
   GFP_XVGST2%IBITS=12,
   GFP_XVGST2%IANO=0,
   GFP_SFIS%IBITS=16,
   GFP_XPTYPE%IBITS=16,
   GFP_XPTYPESEV%IBITS=16,
   GFP_XPTYPE2%IBITS=16,
   GFP_XPTYPESEV2%IBITS=16,
 /
 &NAMARG
   CNMEXP='FCST',
   LECMWF=.FALSE.,
   NCONF=1,
   NSUPERSEDE=1,
 /
 &NAMARPHY
   CCOUPLING='I',
   LMSE=.FALSE.,
 /
 &NAMCA
 /
 &NAMCAPE
   GCAPEPSD=0.5,
   LADAE=.TRUE.,
   LMCAPEA=.TRUE.,
 /
 &NAMCFU
   LCUMFU=.TRUE.,
   LFDUTP=.TRUE.,
   LFPLC=.TRUE.,
   LFPLS=.TRUE.,
   LFR=.TRUE.,
   LFRRC=.TRUE.,
   LFSF=.TRUE.,
   LFSOIL=.TRUE.,
   LMOON=.TRUE.,
   LNEBPAR=.TRUE.,
   LRAYD=.TRUE.,
   LSTRD=.TRUE.,
   LSTRT=.TRUE.,
 /
 &NAMCHEM
 /
 &NAMCHET
 /
 &NAMCHK
 /
 &NAMCLA
 /
 &NAMCLDP
 /
 &NAMCLI
 /
 &NAMCLOP15
 /
 &NAMCLTC
 /
 &NAMCMEM_MW
 /
 &NAMCOK
 /
 &NAMCOM
 /
 &NAMCOMPO
 /
 &NAMCOSJO
 /
 &NAMCOUPLO4
 /
 &NAMCT0
   CFPNCF='ECHFP',
   LFBDAP=.TRUE.,
   LFDBOP=.FALSE.,
   LOLDPP=.FALSE.,
   NDHFDTS(0)=-78,
   NDHFDTS(1)=-1,
   NDHFDTS(2)=-2,
   NDHFDTS(3)=-3,
   NDHFDTS(4)=-4,
   NDHFDTS(5)=-5,
   NDHFDTS(6)=-6,
   NDHFDTS(7)=-7,
   NDHFDTS(8)=-8,
   NDHFDTS(9)=-9,
   NDHFDTS(10)=-10,
   NDHFDTS(11)=-11,
   NDHFDTS(12)=-12,
   NDHFDTS(13)=-13,
   NDHFDTS(14)=-14,
   NDHFDTS(15)=-15,
   NDHFDTS(16)=-16,
   NDHFDTS(17)=-17,
   NDHFDTS(18)=-18,
   NDHFDTS(19)=-19,
   NDHFDTS(20)=-20,
   NDHFDTS(21)=-21,
   NDHFDTS(22)=-22,
   NDHFDTS(23)=-23,
   NDHFDTS(24)=-24,
   NDHFDTS(25)=-25,
   NDHFDTS(26)=-26,
   NDHFDTS(27)=-27,
   NDHFDTS(28)=-28,
   NDHFDTS(29)=-29,
   NDHFDTS(30)=-30,
   NDHFDTS(31)=-31,
   NDHFDTS(32)=-32,
   NDHFDTS(33)=-33,
   NDHFDTS(34)=-34,
   NDHFDTS(35)=-35,
   NDHFDTS(36)=-36,
   NDHFDTS(37)=-37,
   NDHFDTS(38)=-38,
   NDHFDTS(39)=-39,
   NDHFDTS(40)=-40,
   NDHFDTS(41)=-41,
   NDHFDTS(42)=-42,
   NDHFDTS(43)=-43,
   NDHFDTS(44)=-44,
   NDHFDTS(45)=-45,
   NDHFDTS(46)=-46,
   NDHFDTS(47)=-47,
   NDHFDTS(48)=-48,
   NDHFDTS(49)=-49,
   NDHFDTS(50)=-50,
   NDHFDTS(51)=-51,
   NDHFDTS(52)=-52,
   NDHFDTS(53)=-53,
   NDHFDTS(54)=-54,
   NDHFDTS(55)=-55,
   NDHFDTS(56)=-56,
   NDHFDTS(57)=-57,
   NDHFDTS(58)=-58,
   NDHFDTS(59)=-59,
   NDHFDTS(60)=-60,
   NDHFDTS(61)=-61,
   NDHFDTS(62)=-62,
   NDHFDTS(63)=-63,
   NDHFDTS(64)=-64,
   NDHFDTS(65)=-65,
   NDHFDTS(66)=-66,
   NDHFDTS(67)=-67,
   NDHFDTS(68)=-68,
   NDHFDTS(69)=-69,
   NDHFDTS(70)=-70,
   NDHFDTS(71)=-71,
   NDHFDTS(72)=-72,
   NDHFDTS(73)=-73,
   NDHFDTS(74)=-74,
   NDHFDTS(75)=-75,
   NDHFDTS(76)=-76,
   NDHFDTS(77)=-77,
   NDHFDTS(78)=-78,
   NDHFZTS(0)=-35,
   NDHFZTS(1)=0,
   NDHFZTS(2)=-3,
   NDHFZTS(3)=-6,
   NDHFZTS(4)=-9,
   NDHFZTS(5)=-12,
   NDHFZTS(6)=-15,
   NDHFZTS(7)=-18,
   NDHFZTS(8)=-21,
   NDHFZTS(9)=-24,
   NFPOS=0,
   NFRDHFD=1,
   NFRDHFZ=1,
   NFRGDI=1,
   NFRHIS=1,
   NFRPOS=1,
   NFRSDI=1,
   NGDITS(0)=-1,
   NGDITS(1)=0,
   NHISTS(0)=-9,
   NHISTS(1)=0,
   NHISTS(2)=-6,
   NHISTS(3)=-12,
   NHISTS(4)=-18,
   NHISTS(5)=-24,
   NHISTS(6)=-30,
   NHISTS(7)=-36,
   NHISTS(8)=-42,
   NHISTS(9)=-48,
   NHISTS(10)=-9,
   NHISTS(11)=-10,
   NHISTS(12)=-11,
   NHISTS(13)=-12,
   NHISTS(14)=-13,
   NHISTS(15)=-14,
   NHISTS(16)=-15,
   NHISTS(17)=-16,
   NHISTS(18)=-17,
   NHISTS(19)=-18,
   NHISTS(20)=-19,
   NHISTS(21)=-20,
   NHISTS(22)=-21,
   NHISTS(23)=-22,
   NHISTS(24)=-23,
   NHISTS(25)=-24,
   NHISTS(26)=-25,
   NHISTS(27)=-26,
   NHISTS(28)=-27,
   NHISTS(29)=-28,
   NHISTS(30)=-29,
   NHISTS(31)=-30,
   NHISTS(32)=-31,
   NHISTS(33)=-32,
   NHISTS(34)=-33,
   NHISTS(35)=-34,
   NHISTS(36)=-35,
   NHISTS(37)=-36,
   NHISTS(38)=-37,
   NHISTS(39)=-38,
   NHISTS(40)=-39,
   NHISTS(41)=-40,
   NHISTS(42)=-41,
   NHISTS(43)=-42,
   NHISTS(44)=-43,
   NHISTS(45)=-44,
   NHISTS(46)=-45,
   NHISTS(47)=-46,
   NHISTS(48)=-47,
   NHISTS(49)=-48,
   NHISTS(50)=-49,
   NHISTS(51)=-50,
   NHISTS(52)=-51,
   NHISTS(53)=-52,
   NHISTS(54)=-53,
   NHISTS(55)=-54,
   NHISTS(56)=-55,
   NHISTS(57)=-56,
   NHISTS(58)=-57,
   NHISTS(59)=-58,
   NHISTS(60)=-59,
   NHISTS(61)=-60,
   NHISTS(62)=-61,
   NHISTS(63)=-62,
   NHISTS(64)=-63,
   NHISTS(65)=-64,
   NHISTS(66)=-65,
   NHISTS(67)=-66,
   NHISTS(68)=-67,
   NHISTS(69)=-68,
   NHISTS(70)=-69,
   NHISTS(71)=-70,
   NHISTS(72)=-71,
   NHISTS(73)=-72,
   NHISTS(74)=-73,
   NHISTS(75)=-74,
   NHISTS(76)=-75,
   NHISTS(77)=-76,
   NHISTS(78)=-77,
   NHISTS(79)=-78,
   NHISTS(80)=-79,
   NHISTS(81)=-80,
   NHISTS(82)=-81,
   NHISTS(83)=-82,
   NHISTS(84)=-83,
   NHISTS(85)=-84,
   NHISTS(86)=-85,
   NHISTS(87)=-86,
   NHISTS(88)=-87,
   NHISTS(89)=-88,
   NHISTS(90)=-89,
   NHISTS(91)=-90,
   NHISTS(92)=-91,
   NHISTS(93)=-92,
   NHISTS(94)=-93,
   NHISTS(95)=-94,
   NHISTS(96)=-95,
   NHISTS(97)=-96,
   NHISTS(98)=-97,
   NHISTS(99)=-98,
   NHISTS(100)=-99,
   NHISTS(101)=-100,
   NHISTS(102)=-101,
   NHISTS(103)=-102,
   NHISTS(104)=-108,
   NHISTS(105)=-114,
   NPOSTS(0)=-9,
   NPOSTS(1)=0,
   NPOSTS(2)=-6,
   NPOSTS(3)=-12,
   NPOSTS(4)=-18,
   NPOSTS(5)=-24,
   NPOSTS(6)=-30,
   NPOSTS(7)=-36,
   NPOSTS(8)=-42,
   NPOSTS(9)=-48,
   NPOSTS(10)=-9,
   NPOSTS(11)=-10,
   NPOSTS(12)=-11,
   NPOSTS(13)=-12,
   NPOSTS(14)=-13,
   NPOSTS(15)=-14,
   NPOSTS(16)=-15,
   NPOSTS(17)=-16,
   NPOSTS(18)=-17,
   NPOSTS(19)=-18,
   NPOSTS(20)=-19,
   NPOSTS(21)=-20,
   NPOSTS(22)=-21,
   NPOSTS(23)=-22,
   NPOSTS(24)=-23,
   NPOSTS(25)=-24,
   NPOSTS(26)=-25,
   NPOSTS(27)=-26,
   NPOSTS(28)=-27,
   NPOSTS(29)=-28,
   NPOSTS(30)=-29,
   NPOSTS(31)=-30,
   NPOSTS(32)=-31,
   NPOSTS(33)=-32,
   NPOSTS(34)=-33,
   NPOSTS(35)=-34,
   NPOSTS(36)=-35,
   NPOSTS(37)=-36,
   NPOSTS(38)=-37,
   NPOSTS(39)=-38,
   NPOSTS(40)=-39,
   NPOSTS(41)=-40,
   NPOSTS(42)=-41,
   NPOSTS(43)=-42,
   NPOSTS(44)=-43,
   NPOSTS(45)=-44,
   NPOSTS(46)=-45,
   NPOSTS(47)=-46,
   NPOSTS(48)=-47,
   NPOSTS(49)=-48,
   NPOSTS(50)=-49,
   NPOSTS(51)=-50,
   NPOSTS(52)=-51,
   NPOSTS(53)=-52,
   NPOSTS(54)=-53,
   NPOSTS(55)=-54,
   NPOSTS(56)=-55,
   NPOSTS(57)=-56,
   NPOSTS(58)=-57,
   NPOSTS(59)=-58,
   NPOSTS(60)=-59,
   NPOSTS(61)=-60,
   NPOSTS(62)=-61,
   NPOSTS(63)=-62,
   NPOSTS(64)=-63,
   NPOSTS(65)=-64,
   NPOSTS(66)=-65,
   NPOSTS(67)=-66,
   NPOSTS(68)=-67,
   NPOSTS(69)=-68,
   NPOSTS(70)=-69,
   NPOSTS(71)=-70,
   NPOSTS(72)=-71,
   NPOSTS(73)=-72,
   NPOSTS(74)=-73,
   NPOSTS(75)=-74,
   NPOSTS(76)=-75,
   NPOSTS(77)=-76,
   NPOSTS(78)=-77,
   NPOSTS(79)=-78,
   NPOSTS(80)=-79,
   NPOSTS(81)=-80,
   NPOSTS(82)=-81,
   NPOSTS(83)=-82,
   NPOSTS(84)=-83,
   NPOSTS(85)=-84,
   NPOSTS(86)=-85,
   NPOSTS(87)=-86,
   NPOSTS(88)=-87,
   NPOSTS(89)=-88,
   NPOSTS(90)=-89,
   NPOSTS(91)=-90,
   NPOSTS(92)=-91,
   NPOSTS(93)=-92,
   NPOSTS(94)=-93,
   NPOSTS(95)=-94,
   NPOSTS(96)=-95,
   NPOSTS(97)=-96,
   NPOSTS(98)=-97,
   NPOSTS(99)=-98,
   NPOSTS(100)=-99,
   NPOSTS(101)=-100,
   NPOSTS(102)=-101,
   NPOSTS(103)=-102,
   NPOSTS(104)=-103,
   NPOSTS(105)=-104,
   NPOSTS(106)=-105,
   NPOSTS(107)=-106,
   NPOSTS(108)=-107,
   NPOSTS(109)=-108,
   NPOSTS(110)=-109,
   NPOSTS(111)=-110,
   NPOSTS(112)=-111,
   NPOSTS(113)=-112,
   NPOSTS(114)=-113,
   NPOSTS(115)=-114,
   NSFXHISTS(0)=-3,
   NSFXHISTS(1)=0,
   NSFXHISTS(2)=-3,
   NSFXHISTS(3)=-6,
   NSFXHISTS(4)=-9,
   NSFXHISTS(5)=-12,
   NSFXHISTS(6)=-15,
   NSFXHISTS(7)=-18,
   NSFXHISTS(8)=-21,
   NSFXHISTS(9)=-24,
   NSFXHISTS(10)=-48,
   NSFXHISTS(11)=-72,
   NSFXHISTS(12)=-96,
   NSPPR=1,
   NSDITS(0)=50,
   NSDITS(1)= 0,
   NSDITS(2)= 1,
   NSDITS(3)= 2,
   NSDITS(4)= 3,
   NSDITS(5)= 4,
   NSDITS(6)= 5,
   NSDITS(7)= 6,
   NSDITS(8)= 7,
   NSDITS(9)= 8,
   NSDITS(10)= 9,
   NSDITS(11)=10,
   NSDITS(12)=11,
   NSDITS(13)=12,
   NSDITS(14)=13,
   NSDITS(15)=14,
   NSDITS(16)=15,
   NSDITS(17)=16,
   NSDITS(18)=17,
   NSDITS(19)=18,
   NSDITS(20)=19,
   NSDITS(21)=20,
   NSDITS(22)=21,
   NSDITS(23)=22,
   NSDITS(24)=23,
   NSDITS(25)=24,
   NSDITS(26)=25,
   NSDITS(27)=26,
   NSDITS(28)=27,
   NSDITS(29)=28,
   NSDITS(30)=29,
   NSDITS(31)=30,
   NSDITS(32)=31,
   NSDITS(33)=32,
   NSDITS(34)=33,
   NSDITS(35)=34,
   NSDITS(36)=35,
   NSDITS(37)=36,
   NSDITS(38)=37,
   NSDITS(39)=38,
   NSDITS(40)=39,
   NSDITS(41)=40,
   NSDITS(42)=41,
   NSDITS(43)=42,
   NSDITS(44)=43,
   NSDITS(45)=44,
   NSDITS(46)=45,
   NSDITS(47)=46,
   NSDITS(48)=47,
   NSDITS(49)=48,
   NSDITS(50)=49,
   NDHFZTS(10)=-27,
   NDHFZTS(11)=-30,
   NDHFZTS(12)=-33,
   NDHFZTS(13)=-36,
   NDHFZTS(14)=-39,
   NDHFZTS(15)=-42,
   NDHFZTS(16)=-45,
   NDHFZTS(17)=-48,
   NDHFZTS(18)=-51,
   NDHFZTS(19)=-54,
   NDHFZTS(20)=-57,
   NDHFZTS(21)=-60,
   NDHFZTS(22)=-63,
   NDHFZTS(23)=-66,
   NDHFZTS(24)=-69,
   NDHFZTS(25)=-72,
   NDHFZTS(26)=-75,
   NDHFZTS(27)=-78,
   NDHFZTS(28)=-81,
   NDHFZTS(29)=-84,
   NDHFZTS(30)=-87,
   NDHFZTS(31)=-90,
   NDHFZTS(32)=-93,
   NDHFZTS(33)=-96,
   NDHFZTS(34)=-99,
   NDHFZTS(35)=-102,
   LGRIB_API=.FALSE.,
 /
 &NAMCT1
   LRFILAF=.FALSE.,
   N1POS=1,
   N1RES=0,
   N1SFXHIS=1,
   N1SDI=1,
   N1HIS=0,
 /
 &NAMCUMF
   RMFDEPS=0.15,
   RPRCON=0.004,
 /
 &NAMCUMFS
 /
 &NAMCVER
   LVERTFE=.TRUE.,
   NVFE_TYPE=3,
   NDLNPR=0,
   LAPRXPK=.TRUE.,
   LREGETA=.FALSE.,
 /
 &NAMCVMNH
   LSMOOTH=.FALSE.,
   OTADJS=10800.,
   XATPERT=500.,
   XAW=1.,
   XBTPERT=0.5,
   XBW=0.5,
   XCDEPTH=1.,
   XCDEPTH_D=4000.,
   XDTPERT=0.3,
   XENTR=0.01,
 /
 &NAMDDH
   BDEDDH(1,1)=4.,
   BDEDDH(1,2)=4.,
   BDEDDH(1,3)=4.,
   BDEDDH(1,4)=4.,
   BDEDDH(1,5)=4.,
   BDEDDH(1,6)=4.,
   BDEDDH(1,7)=4.,
   BDEDDH(1,8)=4.,
   BDEDDH(1,9)=4.,
   BDEDDH(1,10)=4.,
   BDEDDH(1,11)=4.,
   BDEDDH(1,12)=4.,
   BDEDDH(1,13)=4.,
   BDEDDH(1,14)=4.,
   BDEDDH(1,15)=4.,
   BDEDDH(1,16)=4.,
   BDEDDH(1,17)=4.,
   BDEDDH(1,18)=4.,
   BDEDDH(1,19)=4.,
   BDEDDH(1,20)=4.,
   BDEDDH(1,21)=4.,
   BDEDDH(1,22)=4.,
   BDEDDH(1,23)=4.,
   BDEDDH(1,24)=4.,
   BDEDDH(1,25)=4.,
   BDEDDH(2,1)=1.,
   BDEDDH(2,2)=1.,
   BDEDDH(2,3)=1.,
   BDEDDH(2,4)=1.,
   BDEDDH(2,5)=1.,
   BDEDDH(2,6)=1.,
   BDEDDH(2,7)=1.,
   BDEDDH(2,8)=1.,
   BDEDDH(2,9)=1.,
   BDEDDH(2,10)=1.,
   BDEDDH(2,11)=1.,
   BDEDDH(2,12)=1.,
   BDEDDH(2,13)=1.,
   BDEDDH(2,14)=1.,
   BDEDDH(2,15)=1.,
   BDEDDH(2,16)=1.,
   BDEDDH(2,17)=1.,
   BDEDDH(2,18)=1.,
   BDEDDH(2,19)=1.,
   BDEDDH(2,20)=1.,
   BDEDDH(2,21)=1.,
   BDEDDH(2,22)=1.,
   BDEDDH(2,23)=1.,
   BDEDDH(2,24)=1.,
   BDEDDH(2,25)=1.,
   BDEDDH(3,1)=-85.94,
   BDEDDH(3,2)=-156.616,
   BDEDDH(3,3)=26.65,
   BDEDDH(3,4)=14.124,
   BDEDDH(3,5)=4.927,
   BDEDDH(3,6)=-1.437,
   BDEDDH(3,7)=2.208,
   BDEDDH(3,8)=-0.692,
   BDEDDH(3,9)=4.407,
   BDEDDH(3,10)=1.374,
   BDEDDH(3,11)=0.37,
   BDEDDH(3,12)=15.75,
   BDEDDH(3,13)=-97.5,
   BDEDDH(3,14)=2.176,
   BDEDDH(3,15)=166.916,
   BDEDDH(3,16)=147.425,
   BDEDDH(3,17)=130.891,
   BDEDDH(3,18)=-5.783,
   BDEDDH(3,19)=24.65,
   BDEDDH(3,20)=27.5,
   BDEDDH(3,21)=25.566,
   BDEDDH(3,22)=123.34,
   BDEDDH(3,23)=127.21,
   BDEDDH(3,24)=140.01,
   BDEDDH(3,25)=-26.65,
   BDEDDH(4,1)=79.99,
   BDEDDH(4,2)=71.322,
   BDEDDH(4,3)=67.37,
   BDEDDH(4,4)=52.167,
   BDEDDH(4,5)=51.971,
   BDEDDH(4,6)=51.145,
   BDEDDH(4,7)=48.713,
   BDEDDH(4,8)=44.832,
   BDEDDH(4,9)=43.858,
   BDEDDH(4,10)=43.575,
   BDEDDH(4,11)=43.128,
   BDEDDH(4,12)=40.59,
   BDEDDH(4,13)=36.617,
   BDEDDH(4,14)=13.477,
   BDEDDH(4,15)=-0.521,
   BDEDDH(4,16)=-2.006,
   BDEDDH(4,17)=-12.425,
   BDEDDH(4,18)=41.816,
   BDEDDH(4,19)=60.183,
   BDEDDH(4,20)=62.666,
   BDEDDH(4,21)=66.55,
   BDEDDH(4,22)=-75.08,
   BDEDDH(4,23)=34.76,
   BDEDDH(4,24)=-66.66,
   BDEDDH(4,25)=-75.58,
   LHDDOP=.FALSE.,
   LHDEFD=.FALSE.,
   LHDEFZ=.FALSE.,
   LHDHKS=.FALSE.,
   LHDZON=.FALSE.,
   NDHKD=30,
   LHDGLB=.FALSE.,
   LHDMCI=.FALSE.,
   LHDENT=.FALSE.,
   LHDEFG=.FALSE.,
   LHDPRG=.FALSE.,
   LHDPRZ=.FALSE.,
   LHDPRD=.FALSE.,
   LHDFIL=.FALSE.,
 /
 &NAMDFI
 /
 &NAMDIM
   NPROMA=-32,
 /
 &NAMDIMO
 /
 &NAMDIM_TRAJ
 /
 &NAMDPHY
 /
 &NAMDPRECIPS
 /
 &NAMDVISI
   HVISI=10.,
 /
 &NAMDWET
 /
 &NAMDYN
   LADVF=.TRUE.,
   NTLAG=3,
   NVLAG=3,
   NWLAG=3,
   RCMSLP0=1.,
   REPS1=0.,
   REPS2=0.,
   REPSM1=0.,
   REPSM2=0.,
   REPSP1=0.,
   RW2TLFF=1.,
   SIPR=100000.,
   SITR=350.,
   VESL=0.,
   XIDT=0.,
   RDAMPDIV=4.,
   RDAMPQ=0.,
   RDAMPT=0.,
   RDAMPVOR=50.,
   SLEVDH1=0.15,
   SLEVDH2=0.08,
   NITMP=4,
   RATIO_HDI_TOP=20.,
   CLAITRI_TYPE='VECTOR',
   CLAITRI_WENO_TYPE='VECTOR',
 /
 &NAMDYNA
   LSETTLS=.TRUE.,
   LSETTLST=.TRUE.,
   LSETTLSV=.TRUE.,
   LSLAG=.TRUE.,
   LTWOTL=.TRUE.,
   LSPRT=.TRUE.,
 /
 &NAMDYNA_STATIC
 /
 &NAMDYNCORE
 /
 &NAMEMIS_CONF
 /
 &NAMENKF
 /
 &NAMFA
   NBITCS=-1,
   NBITPG=-1,
   NSTRON=-1,
   LSUPPDATE=.FALSE.,
   YFAIRAD%NBITS=12,
   YFALRAD%NBITS=12,
   YFATKE%NBITS=16,
   YFACLF%NBITS=6,
   YFA_XUGST%CLNAME='CLSU.RAF60M.XFU',
   YFA_XVGST%CLNAME='CLSV.RAF60M.XFU',
   YFA_MXCLWC%CLNAME='CLD_WX_60M',
   YFA_XPTYPE%CLNAME='CLSPTYPE_60M',
   YFA_XPTYPESEV%CLNAME='CLSPTYPESEV_60M',
   YFA_VISICLD%CLNAME='CLSVISIN_60',
   YFA_VISIHYD%CLNAME='CLSVISIHYDN60',
   YFA_XUGST2%CLNAME='CLSU.RAF180M.XFU',
   YFA_XVGST2%CLNAME='CLSV.RAF180M.XFU',
   YFA_MXCLWC2%CLNAME='CLD_WX_180M',
   YFA_XPTYPE2%CLNAME='CLSPTYPE_180M',
   YFA_XPTYPESEV2%CLNAME='CLSPTYPESEV_180M',
   YFA_VISICLD2%CLNAME='CLSVISIN_180',
   YFA_VISIHYD2%CLNAME='CLSVISIHYDN180',
   CMODEL='arpege-4dvarfr-production-oper-fc',
   LEXTERN=.TRUE.,
   NVGRIB=123,
 /
 &NAMFAINIT
   JPXTRO=2000,
 /
 &NAMFPC
   CFPFMT='LALON',
   NFITI=1,
   NFITV=1,
   LFPMOIS=.TRUE.,
   NFPCLI=1,
   NFPGRIB=141,
   RFPVCAP=7000.,
   NFPCAPE=5,
   RENTRA=0.0001,
   LFPPACKING=.FALSE.,
   NITERPV=8,
   LCRITSNOWTEMP=.FALSE.,
   LFPCAPEX=.TRUE.,
   NFPINPHY=4,
   CFPDOM(1)='EURAT01',
   CFPDOM(2)='ATOURX01',
   CFPDOM(3)='GLOB025',
   CFPDOM(4)='GLOB01',
   CFPDOM(5)='EURAT1S20',
   CFP2DF(1)='SURFPRESSION',
   CFP2DF(2)='MSLPRESSURE',
   CFP2DF(3)='SURFTOT.WAT.VAPO',
   CFP2DF(4)='SURFISOTPW0.MALT',
   CFP2DF(5)='SURFCAPE.POS.F00',
   CFP3DF(1)='GEOPOTENTIEL',
   CFP3DF(2)='TEMPERATURE',
   CFP3DF(3)='VENT_ZONAL',
   CFP3DF(4)='VENT_MERIDIEN',
   CFP3DF(5)='HUMI_RELATIVE',
   CFP3DF(6)='THETA_PRIM_W',
   CFP3DF(7)='PRESSURE',
   CFP3DF(8)='ABS_VORTICITY',
   CFP3DF(9)='VITESSE_VERTICALE',
   CFP3DF(10)='DIVERGENCE',
   CFP3DF(11)='POT_VORTICIT',
   CFP3DF(12)='TEMPE_POTENT',
   CFP3DF(13)='RAD_LIQUID_WATER',
   CFP3DF(14)='RAD_SOLID_WATER',
   CFP3DF(15)='CLOUD_FRACTI',
   CFP3DF(16)='TKE',
   CFP3DF(17)='ISOT_ALTIT',
   CFP3DF(18)='EDR',
   CFPPHY(1)='SURFTEMPERATURE',
   CFPPHY(2)='PROFTEMPERATURE',
   CFPPHY(3)='SURFRESERV.EAU',
   CFPPHY(4)='PROFRESERV.EAU',
   CFPPHY(5)='SURFRESERV.GLACE',
   CFPPHY(6)='PROFRESERV.GLACE',
   CFPPHY(7)='SURFRESERV.NEIGE',
   CFPPHY(8)='INTSURFGEOPOTENT',
   CFPXFU(1)='SURFNEBUL.TOTALE',
   CFPXFU(2)='SURFNEBUL.CONVEC',
   CFPXFU(3)='SURFNEBUL.HAUTE',
   CFPXFU(4)='SURFNEBUL.MOYENN',
   CFPXFU(5)='SURFNEBUL.BASSE',
   CFPXFU(6)='SURFCAPE.MOD.XFU',
   CFPXFU(7)='CLPMOCON.MOD.XFU',
   CFPXFU(8)='CLPMHAUT.MOD.XFU',
   CFPXFU(9)='CLSU.RAF60M.XFU',
   CFPXFU(10)='CLSV.RAF60M.XFU',
   CFPXFU(11)='CLSTEMPERATURE',
   CFPXFU(12)='CLSHUMI.RELATIVE',
   CFPXFU(13)='CLSVENT.ZONAL',
   CFPXFU(14)='CLSVENT.MERIDIEN',
   CFPXFU(15)='CLSMAXI.TEMPERAT',
   CFPXFU(16)='CLSMINI.TEMPERAT',
   CFPXFU(17)='CLSU.RAF180M.XFU',
   CFPXFU(18)='CLSV.RAF180M.XFU',
   CFPXFU(19)='CLPTOPCONV.MOD.XFU',
   CFPXFU(20)='CLSVISIN_60',
   CFPXFU(21)='CLSVISIHYDN60',
   CFPXFU(22)='CLD_WX_60M',
   CFPXFU(23)='CLSVISIN_180',
   CFPXFU(24)='CLSVISIHYDN180',
   CFPXFU(25)='CLD_WX_180M',
   CFPCFU(1)='SURFTENS.TOTA.ZO',
   CFPCFU(2)='SURFTENS.TOTA.ME',
   CFPCFU(3)='SURFPREC.EAU.CON',
   CFPCFU(4)='SURFPREC.NEI.CON',
   CFPCFU(5)='SURFPREC.EAU.GEC',
   CFPCFU(6)='SURFPREC.NEI.GEC',
   CFPCFU(7)='SOMMFLU.RAY.SOLA',
   CFPCFU(8)='SURFFLU.RAY.SOLA',
   CFPCFU(9)='SOMMFLU.RAY.THER',
   CFPCFU(10)='SURFFLU.RAY.THER',
   CFPCFU(11)='SURFFLU.LAT.MTOT',
   CFPCFU(12)='SURFFLU.MTOTA.NE',
   CFPCFU(13)='SURFFLU.CHA.SENS',
   CFPCFU(14)='SURFRAYT.LUNE.DE',
   CFPCFU(15)='SURFRAYT SOL CL',
   CFPCFU(16)='SURFRAYT THER CL',
   CFPCFU(17)='SURFRAYT SOLA DE',
   CFPCFU(18)='SURFRAYT THER DE',
   CFPCFU(19)='SURFRAYT DIR SUR',
   RFP3H(1)=10.,
   RFP3H(2)=20.,
   RFP3H(3)=35.,
   RFP3H(4)=50.,
   RFP3H(5)=75.,
   RFP3H(6)=100.,
   RFP3H(7)=150.,
   RFP3H(8)=200.,
   RFP3H(9)=250.,
   RFP3H(10)=375.,
   RFP3H(11)=500.,
   RFP3H(12)=625.,
   RFP3H(13)=750.,
   RFP3H(14)=875.,
   RFP3H(15)=1000.,
   RFP3H(16)=1125.,
   RFP3H(17)=1250.,
   RFP3H(18)=1375.,
   RFP3H(19)=1500.,
   RFP3H(20)=1750.,
   RFP3H(21)=2000.,
   RFP3H(22)=2250.,
   RFP3H(23)=2500.,
   RFP3H(24)=2750.,
   RFP3H(25)=3000.,
   RFP3P(1)=100.,
   RFP3P(2)=200.,
   RFP3P(3)=300.,
   RFP3P(4)=500.,
   RFP3P(5)=700.,
   RFP3P(6)=1000.,
   RFP3P(7)=2000.,
   RFP3P(8)=3000.,
   RFP3P(9)=5000.,
   RFP3P(10)=7000.,
   RFP3P(11)=10000.,
   RFP3P(12)=12500.,
   RFP3P(13)=15000.,
   RFP3P(14)=17500.,
   RFP3P(15)=20000.,
   RFP3P(16)=22500.,
   RFP3P(17)=25000.,
   RFP3P(18)=27500.,
   RFP3P(19)=30000.,
   RFP3P(20)=35000.,
   RFP3P(21)=40000.,
   RFP3P(22)=45000.,
   RFP3P(23)=50000.,
   RFP3P(24)=55000.,
   RFP3P(25)=60000.,
   RFP3P(26)=65000.,
   RFP3P(27)=70000.,
   RFP3P(28)=75000.,
   RFP3P(29)=80000.,
   RFP3P(30)=85000.,
   RFP3P(31)=90000.,
   RFP3P(32)=92500.,
   RFP3P(33)=95000.,
   RFP3P(34)=100000.,
   RFP3PV(1)=0.0000015,
   RFP3PV(2)=0.000002,
   RFP3PV(3)=7.0D-7,
   RFP3I(1)=-273.15,
   RFP3I(2)=-263.15,
   RFP3I(3)=-261.15,
   RFP3I(4)=-253.15,
 /
 &NAMFPD
 /
 &NAMFPDY2
 /
 &NAMFPDYF
 /
 &NAMFPDYH
 /
 &NAMFPDYI
 /
 &NAMFPDYP
 /
 &NAMFPDYS
 /
 &NAMFPDYT
 /
 &NAMFPDYV
 /
 &NAMFPF
   LFPRDFIL=.FALSE.,
   NFMAX(1)=450,
   NFMAX(2)=450,
   NFMAX(3)=210,
   NFMAX(4)=350,
   NFMAX(5)=350,
   NFPCMAX=4049,
 /
 &NAMFPG
 /
 &NAMFPIOS
   NFPXFLD=128,
 /
 &NAMFPMOVE
 /
 &NAMFPPHY
 /
 &NAMFPSC2
   NFPROMA=-48,
 /
 &NAMFPSC2_DEP
   NFPROMA_DEP=-48,
 /
 &NAMGEM
 /
 &NAMGFL
   YA_NL%LGP=.TRUE.,
   YA_NL%LREQOUT=.TRUE.,
   YA_NL%NREQIN=0,
   YIRAD_NL%LGP=.TRUE.,
   YIRAD_NL%LREQOUT=.TRUE.,
   YIRAD_NL%NREQIN=0,
   YI_NL%LADV=.TRUE.,
   YI_NL%LGP=.TRUE.,
   YI_NL%LGPINGP=.TRUE.,
   YI_NL%LPHY=.FALSE.,
   YI_NL%LQM=.TRUE.,
   YI_NL%LREQOUT=.TRUE.,
   YI_NL%LT1=.TRUE.,
   YI_NL%NREQIN=0,
   YLRAD_NL%LGP=.TRUE.,
   YLRAD_NL%LREQOUT=.TRUE.,
   YLRAD_NL%NREQIN=0,
   YL_NL%LADV=.TRUE.,
   YL_NL%LGP=.TRUE.,
   YL_NL%LGPINGP=.TRUE.,
   YL_NL%LPHY=.FALSE.,
   YL_NL%LQM=.TRUE.,
   YL_NL%LREQOUT=.TRUE.,
   YL_NL%LT1=.TRUE.,
   YL_NL%NREQIN=0,
   YR_NL%LADV=.TRUE.,
   YR_NL%LGP=.TRUE.,
   YR_NL%LGPINGP=.TRUE.,
   YR_NL%LPHY=.FALSE.,
   YR_NL%LQM=.TRUE.,
   YR_NL%LREQOUT=.TRUE.,
   YR_NL%LT1=.TRUE.,
   YR_NL%NREQIN=0,
   YS_NL%LADV=.TRUE.,
   YS_NL%LGP=.TRUE.,
   YS_NL%LGPINGP=.TRUE.,
   YS_NL%LPHY=.FALSE.,
   YS_NL%LQM=.TRUE.,
   YS_NL%LREQOUT=.TRUE.,
   YS_NL%LT1=.TRUE.,
   YS_NL%NREQIN=0,
   YTKE_NL%LADV=.TRUE.,
   YTKE_NL%LGP=.TRUE.,
   YTKE_NL%LGPINGP=.TRUE.,
   YTKE_NL%LQM=.TRUE.,
   YTKE_NL%LREQOUT=.TRUE.,
   YTKE_NL%LT1=.TRUE.,
   YTKE_NL%NCOUPLING=0,
   YTKE_NL%NREQIN=0,
   YSCONV_NL%NREQIN=0,
   YLCONV_NL%NREQIN=0,
   YRCONV_NL%NREQIN=0,
   YICONV_NL%NREQIN=0,
   YUAL_NL%NREQIN=0,
   YUOM_NL%NREQIN=0,
   LTRCMFBC=.FALSE.,
 /
 &NAMGRIB
   NCYCLE=48,
 /
 &NAMGWD
 /
 &NAMGWDIAG
 /
 &NAMGWWMS
 /
 &NAMIAU
 /
 &NAMICE
 /
 &NAMINI
 /
 &NAMINTFLEX
 /
 &NAMIOMI
 /
 &NAMIOS
 /
 &NAMIO_SERV
   NPROC_IO=0,
   NIO_SERV_METHOD=2,
   NMSG_LEVEL_SERVER=1,
   NMSG_LEVEL_CLIENT=1,
   NIO_SERV_BUF_MAXSIZE=20,
   NPROCESS_LEVEL=5,
 /
 &NAMJBCODES
 /
 &NAMJG
 /
 &NAMLCZ
 /
 &NAMLIMA
 /
 &NAMLSFORC
 /
 &NAMMARS
 /
 &NAMMCC
 /
 &NAMMCUF
   LMCUF=.TRUE.,
   NCUFNR=2,
   RMCUFI(1)=10800.,
   RMCUFI(2)=21600.,
 /
 &NAMMETHOX
 /
 &NAMMKODB
 /
 &NAMMODERR
 /
 &NAMMTS
   LISP_HYBRID=.TRUE.,
   LUBIQUITAIRE=.FALSE.,
 /
 &NAMMWAVE
 /
 &NAMNORGWD
 /
 &NAMNPROF
 /
 &NAMNUD
 /
 &NAMNUDGLH
 /
 &NAMOBS
 /
 &NAMONEDVAR
 /
 &NAMOOPS
 /
 &NAMOPH
   CFNHWF='ECHIS',
   LINC=.TRUE.,
   NTIMEFMT=1,
 /
 &NAMOPTCMEM
 /
 &NAMPAR0
   MBX_SIZE=2048000000,
   MP_TYPE=2,
   NOUTPUT=1,
   NPROC=12,
   NSPECRESMIN=1199,
   NPRGPNS=4,
   NPRGPEW=3,
   NPRTRW=4,
   NPRTRV=3,
   NPRINTLEV=1,
 /
 &NAMPAR1
   LEQ_REGIONS=.TRUE.,
   LSLONDEM=.TRUE.,
   LSPLIT=.TRUE.,
   NCOMBFLEN=1638400,
   NSTRIN=12,
   NSTROUT=12,
 /
 &NAMPARAR
 /
 &NAMPERTPAR
 /
 &NAMPHMSE
   LPGDFWR=.FALSE.,
 /
 &NAMPHY
   CGMIXLEN='AY',
   LAERODES=.TRUE.,
   LAEROLAN=.TRUE.,
   LAEROSEA=.TRUE.,
   LAEROSOO=.TRUE.,
   LCONDWT=.TRUE.,
   LDIFCONS=.TRUE.,
   LFPCOR=.TRUE.,
   LNEWD=.TRUE.,
   LNOIAS=.TRUE.,
   LO3ABC=.TRUE.,
   LPROCLD=.TRUE.,
   LRAY=.FALSE.,
   LRAYFM=.TRUE.,
   LRAYLU=.TRUE.,
   LRNUMX=.TRUE.,
   LSSD=.TRUE.,
   LSTRA=.FALSE.,
   LVGSN=.FALSE.,
   LCVPPKF=.TRUE.,
   LECDEEP=.TRUE.,
   LECSHAL=.TRUE.,
   LECT=.TRUE.,
   LFLUSO=.TRUE.,
   LNEBECT=.FALSE.,
   LSMITH_CDEV=.TRUE.,
   LO3FL=.TRUE.,
   LECTFL=.TRUE.,
   LZ0HSREL=.TRUE.,
   LADJCLD=.TRUE.,
   NCALLRAD=2,
   LECTFL0=.TRUE.,
   LGLACIERS=.TRUE.,
   LDAYD=.TRUE.,
   LEDR=.TRUE.,
   LCVRA=.FALSE.,
   LEDMFI=.FALSE.,
   LGPCMT=.FALSE.,
   LNCVPGY=.FALSE.,
   LPTOPC=.TRUE.,
   LDPRECIPS=.TRUE.,
   LDPRECIPS2=.TRUE.,
   NDPRECPERIOD2=3600,
   LCVTDK=.TRUE.,
   LAPL_ARPEGE=.TRUE.,
   LSOLV=.TRUE.,
   LFGEL=.TRUE.,
   LGCHECKMV=.FALSE.,
 /
 &NAMPHY0
   EDD=1.,
   EDK=1.,
   GWDCD=5.4,
   GWDSE=0.005,
   GWDVALI=0.5,
   REVASX=2.0D-7,
   RICRLM=0.5,
   TDDGP=0.6,
   TUDGP=0.6,
   USURIC=0.175,
   USURICL=1.,
   USURID=0.1,
   VZ0CM=0.0001,
   XBLM=8.5,
   XMAXLM=5000.,
   XMINLM=10.,
   ALMAVX=1000.,
   RFACNSM=1.2,
   RFLCHCE=0.25,
   RKFBTAU=7200.,
   RPRTH=1.,
   RQICRT2=0.,
   RQICVMIN=0.00001,
   SXNBCO=1.,
   ALMAVE=0.,
   RQCRNS=0.,
   RQICRSN=1.,
   TFVI=0.08,
   TFVL=0.02,
   TFVS=1.5,
   ECTMAX=35.,
   AECLS4=3.,
   GCVNU=0.00005,
   GCVPSI=1.,
   GCVPSIE=1.,
   QSNEBC=-1.,
   QSSUSC=5.,
   RCVEVAP=0.25,
   GCVHMIN=30000.,
   GCVOMGE=1.,
   GDDEVA=0.2,
   GCVOMGQ=0.,
   REFLKUO=5000.,
   GCVOMDPS=2000.,
   GCVOMGSX=0.5,
   GCVOMCA=-1.918,
   GCVOMCC=1.35,
   GCVRHMIN=0.5,
   GCVRHMAX=1.,
   GCVOMGS=1.,
 /
 &NAMPHY1
   ALBMIN=0.65,
   ALCRIN=0.81,
   EMMGLA=0.98,
   EMMMER=0.99,
   ALRCN1=0.01,
 /
 &NAMPHY2
   FACRAF=4.,
   XMULAF=0.,
   LRAFTKE=.TRUE.,
   HTKERAF=20.,
   FACRAFCV=0.5,
 /
 &NAMPHY3
 /
 &NAMPHYDS
 /
 &NAMPPC
 /
 &NAMPPVI
 /
 &NAMPRE
 /
 &NAMRAD15
 /
 &NAMRADCMEM
 /
 &NAMRCF
 /
 &NAMRCOEF
 /
 &NAMRES
 /
 &NAMRGRI
 /
 &NAMRINC
 /
 &NAMRIP
   CSTOP='h6',
   TSTEP=600,
 /
 &NAMRIP0
 /
 &NAMRLX
 /
 &NAMSATS
   LPARTIAL_COEF_FILES=.TRUE.,
 /
 &NAMSATSIM
 /
 &NAMSCC
 /
 &NAMSCEN
 /
 &NAMSCM
 /
 &NAMSEKF
 /
 &NAMSENS
 /
 &NAMSFXCMP
   CFLDNAME(1)='????????????????',
   NBBITS(1)=24,
   NVGRIBSFX=123,
 /
 &NAMSIMPHL
 /
 &NAMSPNG
 /
 &NAMSPP
 /
 &NAMSPSDT
 /
 &NAMSTA
 /
 &NAMSTOPH
 /
 &NAMSWE
 /
 &NAMTESTVAR
 /
 &NAMTHLIM
 /
 &NAMTOPH
   ETCVIM=1000.,
   ETNEBU=1000.,
   ETPLUI=1000.,
   XDRMTK=2.0D-8,
   XDRMTP=800.,
   XDRMTX=4.0D-7,
   XDRMUK=1.0D-7,
   XDRMUP=800.,
   XDRMUX=0.000002,
 /
 &NAMTRAJ
 /
 &NAMTRAJP
 /
 &NAMTRANS
   LFFTW=.TRUE.,
 /
 &NAMTRANS0
 /
 &NAMTS
 /
 &NAMVAR
 /
 &NAMVARBC
 /
 &NAMVARBC_AIREP
 /
 &NAMVARBC_ALLSKY
 /
 &NAMVARBC_GBRAD
 /
 &NAMVARBC_MODES
 /
 &NAMVARBC_RAD
 /
 &NAMVARBC_RSONDE
 /
 &NAMVARBC_SFCOBS
 /
 &NAMVARBC_TCWV
 /
 &NAMVARBC_TO3
 /
 &NAMVAREPS
 /
 &NAMVDF
 /
 &NAMVDOZ
 /
 &NAMVOLCANO
 /
 &NAMVRTL
 /
 &NAMVV0
 /
 &NAMVV1
 /
 &NAMVWRK
 /
 &NAMWAVELETJB
 /
 &NAMXFU
   LXCLP=.TRUE.,
   LXCLS=.TRUE.,
   LXFU=.TRUE.,
   LXHHCLS=.TRUE.,
   LXICV=.TRUE.,
   LXNEBPA=.TRUE.,
   LXNEBTT=.TRUE.,
   LXQCLS=.TRUE.,
   LXSOIL=.TRUE.,
   LXTGST=.TRUE.,
   LXTTCLS=.TRUE.,
   LXXGST=.TRUE.,
   LXXGST2=.TRUE.,
   LXNUVCLS=.TRUE.,
   NXGSTPERIOD2=10800,
   LXCTOP=.TRUE.,
   LXVISI=.TRUE.,
   LXVISI2=.TRUE.,
   NVISIPERIOD2=10800,
   NRAZTS(1)=0,
   NRAZTS(2)=-3,
   NRAZTS(3)=-6,
   NRAZTS(4)=-9,
   NRAZTS(5)=-12,
   NRAZTS(6)=-15,
   NRAZTS(7)=-18,
   NRAZTS(8)=-21,
   NRAZTS(9)=-24,
   NRAZTS(10)=-27,
   NRAZTS(11)=-30,
   NRAZTS(12)=-33,
   NRAZTS(13)=-36,
   NRAZTS(14)=-39,
   NRAZTS(15)=-42,
   NRAZTS(16)=-45,
   NRAZTS(17)=-48,
   NRAZTS(18)=-51,
   NRAZTS(19)=-54,
   NRAZTS(20)=-57,
   NRAZTS(21)=-60,
   NRAZTS(22)=-63,
   NRAZTS(23)=-66,
   NRAZTS(24)=-69,
   NRAZTS(25)=-72,
   NRAZTS(26)=-75,
   NRAZTS(27)=-78,
   NRAZTS(28)=-81,
   NRAZTS(29)=-84,
   NRAZTS(30)=-87,
   NRAZTS(31)=-90,
   NRAZTS(32)=-93,
   NRAZTS(33)=-96,
   NRAZTS(34)=-99,
   NRAZTS(35)=-102,
 /
 &NAM_CANAPE
 /
 &NAM_DISTRIBUTED_VECTORS
 /
 &NAM_NEBN
 /
 &NAM_PARAM_ICEN
 /
 &NAM_TURBN
 /
 &NAPHLC
 /
 &NEMCT0
 /
 &NEMDIM
 /
 &NEMDYN
 /
 &NEMELBC0A
 /
 &NEMELBC0B
 /
 &NEMFPEZO
 /
 &NEMGEO
 /
 &NEMJK
 /
 &NEMVAR
 /
 &NEMWAVELET
 /
 &RADIATION
   CLOUD_FRACTION_THRESHOLD=0.000001,
   CLOUD_INHOM_DECORR_SCALING=0.5,
   CLOUD_MIXING_RATIO_THRESHOLD=1.00D-9,
   DIRECTORY_NAME='.',
   DO_CLEAR=.TRUE.,
   DO_FU_LW_ICE_OPTICS_BUG=.FALSE.,
   DO_LW_AEROSOL_SCATTERING=.FALSE.,
   DO_LW_CLOUD_SCATTERING=.FALSE.,
   DO_LW_DERIVATIVES=.TRUE.,
   DO_SAVE_GPOINT_FLUX=.FALSE.,
   DO_SAVE_RADIATIVE_PROPERTIES=.FALSE.,
   DO_SAVE_SPECTRAL_FLUX=.FALSE.,
   DO_SURFACE_SW_SPECTRAL_FLUX=.TRUE.,
   DO_SW_DELTA_SCALING_WITH_GASES=.TRUE.,
   GAS_MODEL_NAME='RRTMG-IFS',
   ICE_MODEL_NAME='Fu-IFS',
   IVERBOSE=1,
   IVERBOSESETUP=2,
   LIQUID_MODEL_NAME='SOCRATES',
   LW_SOLVER_NAME='McICA ACC',
   OVERLAP_SCHEME_NAME='Exp-Ran',
   SW_SOLVER_NAME='McICA ACC',
   USE_AEROSOLS=.TRUE.,
   USE_BETA_OVERLAP=.FALSE.,
   DO_SW=.TRUE.,
   DO_LW=.TRUE.,
   DO_SW_DIRECT=.TRUE.,
   USE_GENERAL_CLOUD_OPTICS=.FALSE.,
   USE_GENERAL_AEROSOL_OPTICS=.FALSE.,
   USE_VECTORIZABLE_GENERATOR=.FALSE.,
   DO_3D_EFFECTS=.FALSE.,
   SW_ENTRAPMENT_NAME='Explicit',
   DO_CANOPY_FLUXES_LW=.TRUE.,
   DO_CANOPY_FLUXES_SW=.TRUE.,
   DO_NEAREST_SPECTRAL_SW_ALBEDO=.FALSE.,
   SW_ALBEDO_WAVELENGTH_BOUND(1:5)=2.5D-7,4.4D-7,6.9D-7,0.00000119,0.00000238,
   I_SW_ALBEDO_INDEX(1:6)=1,2,3,4,5,6,
   DO_NEAREST_SPECTRAL_LW_EMISS=.TRUE.,
   LW_EMISS_WAVELENGTH_BOUND(1:2)=0.000008,0.000013,
   I_LW_EMISS_INDEX(1:3)=1,2,1,
   DO_WEIGHTED_SURFACE_MAPPING=.FALSE.,
   N_AEROSOL_TYPES=6,
 /
+ BIN=/home/gmap/mrpm/marguina/gpupack/pack/49t2_openacc-bench-notransfer.01.INTEL2302.2d/bin/MASTERODB
+ grib_api_setup /home/gmap/mrpm/marguina/gpupack/pack/49t2_openacc-bench-notransfer.01.INTEL2302.2d/bin/MASTERODB
+ bin=/home/gmap/mrpm/marguina/gpupack/pack/49t2_openacc-bench-notransfer.01.INTEL2302.2d/bin/MASTERODB
++ ldd /home/gmap/mrpm/marguina/gpupack/pack/49t2_openacc-bench-notransfer.01.INTEL2302.2d/bin/MASTERODB
++ perl -ne ' 
   next unless (m/libeccodes_f90/o); 
   my ($path) = (m/=>\s+(\S+)/o); 
   use File::Basename; 
   print &dirname (&dirname ($path)), "\n" '
+ grib_api_prefix=/home/gmap/mrpm/marguina/gpupack/install/INTEL2302
+ export GRIB_DEFINITION_PATH=/scratch/work/marguina/tmp/arp.65632733/openmpsinglecolumn/extra_grib_defs:/home/gmap/mrpm/marguina/gpupack/install/INTEL2302/share/definitions:/home/gmap/mrpm/marguina/gpupack/install/INTEL2302/share/eccodes/definitions
+ GRIB_DEFINITION_PATH=/scratch/work/marguina/tmp/arp.65632733/openmpsinglecolumn/extra_grib_defs:/home/gmap/mrpm/marguina/gpupack/install/INTEL2302/share/definitions:/home/gmap/mrpm/marguina/gpupack/install/INTEL2302/share/eccodes/definitions
+ export GRIB_SAMPLES_PATH=/home/gmap/mrpm/marguina/gpupack/install/INTEL2302/ifs_samples/grib1:/home/gmap/mrpm/marguina/gpupack/install/INTEL2302/share/eccodes/ifs_samples/grib1
+ GRIB_SAMPLES_PATH=/home/gmap/mrpm/marguina/gpupack/install/INTEL2302/ifs_samples/grib1:/home/gmap/mrpm/marguina/gpupack/install/INTEL2302/share/eccodes/ifs_samples/grib1
+ openacc-bind --nn 3 --nnp 4 --np 12
+ cat openacc_bind.txt
0
0
0
0
0
0
0
0
0
0
0
0
+ set +e
+ meteo_mpirun --verbose --wrap --wrap-stdeo --nnp 4 --nn 3 --openmp 32 -- /home/gmap/mrpm/marguina/gpupack/pack/49t2_openacc-bench-notransfer.01.INTEL2302.2d/bin/MASTERODB -- --nnp 8 --nn 0 --openmp 4 -- /home/gmap/mrpm/marguina/gpupack/pack/49t2_openacc-bench-notransfer.01.INTEL2302.2d/bin/MASTERODB
+ export MPIAUTOCONFIG=/home/gmap/mrpm/marguina/.mpiautorc/mpiauto.PGI.conf
+ MPIAUTOCONFIG=/home/gmap/mrpm/marguina/.mpiautorc/mpiauto.PGI.conf
+ /home/gmap/mrpm/marguina/SAVE/mpiauto/mpiauto --nouse-slurm-mpi --verbose --wrap --wrap-stdeo --nnp 4 --nn 3 --openmp 32 -- /home/gmap/mrpm/marguina/gpupack/pack/49t2_openacc-bench-notransfer.01.INTEL2302.2d/bin/MASTERODB -- --nnp 8 --nn 0 --openmp 4 -- /home/gmap/mrpm/marguina/gpupack/pack/49t2_openacc-bench-notransfer.01.INTEL2302.2d/bin/MASTERODB
Version         : d5a7ed8ff763eca2aff8abaf4ec5f53a1efa29bc
Arch            : ARCH::Linux
Scheduler       : Scheduler::SLURM
MPI             : MPI::IntelMPI
Binary          : /home/gmap/mrpm/marguina/gpupack/pack/49t2_openacc-bench-notransfer.01.INTEL2302.2d/bin/MASTERODB
Args            : 
Config          : 
      - /home/gmap/mrpm/marguina/SAVE/mpiauto/mpiauto.conf
      - /home/gmap/mrpm/marguina/SAVE/mpiauto/mpiauto.mf-bull4.conf
      - /home/gmap/mrpm/marguina/SAVE/mpiauto/mpiauto.mf-bull4.IntelMPI.conf
      - /home/gmap/mrpm/marguina/SAVE/mpiauto/mpiauto.mf-bull4.IntelMPI.2021.conf
      - /home/gmap/mrpm/marguina/.mpiautorc/mpiauto.PGI.conf
Options         : 
      --nn                           : 3
      --np                           : 12
      --nnp                          : 4
      --openmp                       : 32
      --distribution                 : block
      --proc                         : Rome-2x64
      --mpi-allow-odd-dist           : false
      --serial                       : false
      --serial-mpi                   : false
      --dryrun                       : false
      --help                         : false
      --verbose                      : true
      --prefix-command               : []
      --prefix-mpirun                : ['./fixpgienv.sh']
      --mpirun-name                  : {'IntelMPI' => 'mpirun'}
      --mpi-special-opts             : {'OpenMPI' => '--mca btl ^smcuda'}
      --mpi-special-env              : {'IntelMPI' => 'I_MPI_DEBUG=1,I_MPI_DYNAMIC_CONNECTION=1,I_MPI_EXTRA_FILESYSTEM=on,I_MPI_FABRICS=shm:ofi,I_MPI_HYDRA_BOOTSTRAP=slurm,I_MPI_HYDRA_IFACE=ib0,I_MPI_HYDRA_PMI_CONNECT=alltoall,I_MPI_LARGE_SCALE_THRESHOLD=8192,I_MPI_LIBRARY_KIND=release_mt,I_MPI_PLATFORM=uniform,I_MPI_SHM_SPIN_COUNT=300,I_MPI_OFFLOAD_DEVICES=disable,I_MPI_SHM_EAGER_THRESHOLD=65536,I_MPI_EXTRA_FILESYSTEM=lustre,I_MPI_SHM_SEND_SPIN_COUNT=300,I_MPI_SHM_RECV_SPIN_COUNT=300,I_MPI_EXTRA_FILESYSTEM_FORCE=lustre,I_MPI_EXTRA_FILESYSTEM=on,UCX_IB_PCI_RELAXED_ORDERING=off,PMI_TIME=10'}
      --use-mpi-machinefile          : true
      --mpi-stdin-null               : true
      --use-session                  : false
      --init-timeout                 : 90
      --init-timeout-restart         : 0
      --init-timeout-control         : false
      --mpi-alloc                    : 
      --debug                        : false
      --debugger-x11-proxy           : true
      --debug-try-gmkpack            : true
      --debugger-path                : /opt/softs/arm/20.0.2/forge/bin/ddt
      --debugger-break               : 0
      --debugger-options             : 
      --x11-display                  : 
      --x11-direct                   : false
      --x11-proxy                    : false
      --x11-f-proxy                  : []
      --x11-b-proxy                  : []
      --config                       : 
      --site                         : mf-bull4
      --wrap                         : true
      --wrap-stdeo                   : true
      --wrap-stdeo-pack              : false
      --wrap-stdeo-silent            : false
      --wrap-verbose                 : false
      --wrap-output-format           : $STDEO.$MPIRANK
      --wrap-directory               : .
      --wrap-env                     : {}
      --use-slurm-mpi                : false
      --fix-slurm-env                : true
      --fix-slurm-env-nodes          : true
      --setup-grib_api-env           : true
      --use-slurm-bind               : false
      --use-arch-bind                : true
      --arch-bind-verbose            : false
      --use-openmpi-bind             : false
      --use-intelmpi-bind            : false
      --umpi-mpi-label               : 
      --umpi-verbose                 : false
Remark          : MPI environment was modified
      I_MPI_DEBUG                    : '1'
      I_MPI_DYNAMIC_CONNECTION       : '1'
      I_MPI_EXTRA_FILESYSTEM         : 'on'
      I_MPI_EXTRA_FILESYSTEM_FORCE   : 'lustre'
      I_MPI_FABRICS                  : 'shm:ofi'
      I_MPI_HYDRA_BOOTSTRAP          : 'slurm'
      I_MPI_HYDRA_IFACE              : 'ib0'
      I_MPI_HYDRA_PMI_CONNECT        : 'alltoall'
      I_MPI_LARGE_SCALE_THRESHOLD    : '8192'
      I_MPI_LIBRARY_KIND             : 'release_mt'
      I_MPI_OFFLOAD_DEVICES          : 'disable'
      I_MPI_PLATFORM                 : 'uniform'
      I_MPI_SHM_EAGER_THRESHOLD      : '65536'
      I_MPI_SHM_RECV_SPIN_COUNT      : '300'
      I_MPI_SHM_SEND_SPIN_COUNT      : '300'
      I_MPI_SHM_SPIN_COUNT           : '300'
      PMI_TIME                       : '10'
      UCX_IB_PCI_RELAXED_ORDERING    : 'off'
MPI command     : ./fixpgienv.sh /opt/softs/intel/oneapi/2023.2/mpi/2021.10.0/lib/../bin/mpirun -machinefile ./.mpiauto.machinefilejY0AY /home/gmap/mrpm/marguina/SAVE/mpiauto/mpiautowrap --stdeo -- /home/gmap/mrpm/marguina/gpupack/pack/49t2_openacc-bench-notransfer.01.INTEL2302.2d/bin/MASTERODB < /dev/null
Warning         : Slurm environment was modified
      SLURM_NTASKS          = undef                    -> 12                      

      SLURM_NPROCS          = undef                    -> 12                      

      SLURM_TASKS_PER_NODE  = 128(x3)                  -> 4(x3)                   

+ export SLURM_EXPORT_ENV=ALL
+ SLURM_EXPORT_ENV=ALL
+ exec /opt/softs/intel/oneapi/2023.2/mpi/2021.10.0/lib/../bin/mpirun -machinefile ./.mpiauto.machinefilejY0AY /home/gmap/mrpm/marguina/SAVE/mpiauto/mpiautowrap --stdeo -- /home/gmap/mrpm/marguina/gpupack/pack/49t2_openacc-bench-notransfer.01.INTEL2302.2d/bin/MASTERODB
*------------------------------------------------------------------------------*
|                                                                              |
|                                   stdeo.0                                    |
|                                                                              |
*------------------------------------------------------------------------------*
MPIAUTOTIMEOUT is set to 90 seconds
[0] MPI startup(): Intel(R) MPI Library, Version 2021.10  Build 20230619 (id: c2e19c2f3e)
[0] MPI startup(): Copyright (C) 2003-2023 Intel Corporation.  All rights reserved.
[0] MPI startup(): library kind: release
[0] MPI startup(): libfabric version: 1.18.0-impi
[0] MPI startup(): libfabric provider: mlx
[0] MPI startup(): I_MPI_SHM_SPIN_COUNT environment variable is not supported.
[0] MPI startup(): Similar variables:
[0] 	 I_MPI_SHM_HEAP_OPT
[0] 	 I_MPI_SHM_SEND_SPIN_COUNT
[0] 	 I_MPI_SHM_RECV_SPIN_COUNT
[0] 	 I_MPI_SPIN_COUNT
[0] MPI startup(): To check the list of supported variables, use the impi_info utility or refer to https://software.intel.com/en-us/mpi-library/documentation/get-started.
MPI_Init took 1 seconds
 MAIN: IREQUIRED, MPI_THREAD_MULTIPLE, MPI_THREAD_SINGLE, IPROVIDED, LTHSAFEMPI, LLMPI1 = 3 3 0 3 T F
Reading namelist NAMPAR0 from fort.4
Reading namelist NAMPAR0 from fort.4
OMP: Warning #182: OMP_STACKSIZE: ignored because KMP_STACKSIZE has been defined
MPL_INIT : MPL_COMM=1140850688 (default) , MPL_NUMPROC=12
MPL_INIT : MPL_METHOD=JP_BLOCKING_BUFFERED , MPL_MBX_SIZE=1000000
MPL_INIT : MPL_NCPU_PER_NODE = 1 (CAUTION: could not be inferred from hostname!)
[EC_DRHOOK:hostname:myproc:omltid:pid:unixtid] [YYYYMMDD:HHMMSS:walltime] [function@file:lineno] -- Max OpenMP threads = 32
[EC_DRHOOK:taranis1200:1:1:76092:76092] [20240717:090048:0.000] [process_options@drhook.c:2209] fp = 0x2b1ff03731c0
[EC_DRHOOK:taranis1200:1:1:76092:76092] [20240717:090048:0.000] [process_options@drhook.c:2231] DR_HOOK_ALLOW_COREDUMP=-1
[EC_DRHOOK:taranis1200:1:1:76092:76092] [20240717:090048:0.001] [process_options@drhook.c:2258] DR_HOOK_PROFILE_PROC=-1
[EC_DRHOOK:taranis1200:1:1:76092:76092] [20240717:090048:0.001] [process_options@drhook.c:2264] DR_HOOK_PROFILE_LIMIT=-10.000
[EC_DRHOOK:taranis1200:1:1:76092:76092] [20240717:090048:0.001] [process_options@drhook.c:2352] DR_HOOK_RANDOM_MEMSTAT=0  (RAND_MAX=2147483647)
[EC_DRHOOK:taranis1200:1:1:76092:76092] [20240717:090048:0.001] [process_options@drhook.c:2363] DR_HOOK_HASHBITS=16
[EC_DRHOOK:taranis1200:1:1:76092:76092] [20240717:090048:0.001] [process_options@drhook.c:2371] DR_HOOK_NCALLSTACK=0
[EC_DRHOOK:taranis1200:1:1:76092:76092] [20240717:090048:0.001] [process_options@drhook.c:2379] DR_HOOK_HARAKIRI_TIMEOUT=500
[EC_DRHOOK:taranis1200:1:1:76092:76092] [20240717:090048:0.001] [process_options@drhook.c:2386] DR_HOOK_USE_LOCKFILE=1
[EC_DRHOOK:taranis1200:1:1:76092:76092] [20240717:090048:0.001] [process_options@drhook.c:2393] DR_HOOK_TRAPFPE=1
[EC_DRHOOK:taranis1200:1:1:76092:76092] [20240717:090048:0.001] [process_options@drhook.c:2400] DR_HOOK_TRAPFPE_INVALID=1
[EC_DRHOOK:taranis1200:1:1:76092:76092] [20240717:090048:0.001] [process_options@drhook.c:2407] DR_HOOK_TRAPFPE_DIVBYZERO=1
[EC_DRHOOK:taranis1200:1:1:76092:76092] [20240717:090048:0.001] [process_options@drhook.c:2414] DR_HOOK_TRAPFPE_OVERFLOW=1
[EC_DRHOOK:taranis1200:1:1:76092:76092] [20240717:090048:0.001] [process_options@drhook.c:2495] DR_HOOK_OPT="WALLPROF"
[EC_DRHOOK:taranis1200:1:1:76092:76092] [20240717:090048:0.001] [ignore_signals@drhook.c:1365]  DR_HOOK_IGNORE_SIGNALS=-1
[EC_DRHOOK:taranis1200:1:1:76092:76092] [20240717:090048:0.001] [ignore_one_signal@drhook.c:1348]   DR_HOOK ignores signal#1 (Hangup)
[EC_DRHOOK:taranis1200:1:1:76092:76092] [20240717:090048:0.001] [ignore_one_signal@drhook.c:1348]   DR_HOOK ignores signal#2 (Interrupt)
[EC_DRHOOK:taranis1200:1:1:76092:76092] [20240717:090048:0.001] [ignore_one_signal@drhook.c:1348]   DR_HOOK ignores signal#3 (Quit)
[EC_DRHOOK:taranis1200:1:1:76092:76092] [20240717:090048:0.001] [ignore_one_signal@drhook.c:1348]   DR_HOOK ignores signal#4 (Illegal instruction)
[EC_DRHOOK:taranis1200:1:1:76092:76092] [20240717:090048:0.001] [ignore_one_signal@drhook.c:1348]   DR_HOOK ignores signal#5 (Trace/breakpoint trap)
[EC_DRHOOK:taranis1200:1:1:76092:76092] [20240717:090048:0.001] [ignore_one_signal@drhook.c:1348]   DR_HOOK ignores signal#6 (Aborted)
[EC_DRHOOK:taranis1200:1:1:76092:76092] [20240717:090048:0.001] [ignore_one_signal@drhook.c:1348]   DR_HOOK ignores signal#7 (Bus error)
[EC_DRHOOK:taranis1200:1:1:76092:76092] [20240717:090048:0.001] [ignore_one_signal@drhook.c:1348]   DR_HOOK ignores signal#8 (Floating point exception)
[EC_DRHOOK:taranis1200:1:1:76092:76092] [20240717:090048:0.001] [ignore_one_signal@drhook.c:1348]   DR_HOOK ignores signal#9 (Killed)
[EC_DRHOOK:taranis1200:1:1:76092:76092] [20240717:090048:0.001] [ignore_one_signal@drhook.c:1348]   DR_HOOK ignores signal#10 (User defined signal 1)
[EC_DRHOOK:taranis1200:1:1:76092:76092] [20240717:090048:0.001] [ignore_one_signal@drhook.c:1348]   DR_HOOK ignores signal#11 (Segmentation fault)
[EC_DRHOOK:taranis1200:1:1:76092:76092] [20240717:090048:0.001] [ignore_one_signal@drhook.c:1348]   DR_HOOK ignores signal#12 (User defined signal 2)
[EC_DRHOOK:taranis1200:1:1:76092:76092] [20240717:090048:0.001] [ignore_one_signal@drhook.c:1348]   DR_HOOK ignores signal#13 (Broken pipe)
[EC_DRHOOK:taranis1200:1:1:76092:76092] [20240717:090048:0.001] [ignore_one_signal@drhook.c:1348]   DR_HOOK ignores signal#14 (Alarm clock)
[EC_DRHOOK:taranis1200:1:1:76092:76092] [20240717:090048:0.001] [ignore_one_signal@drhook.c:1348]   DR_HOOK ignores signal#15 (Terminated)
[EC_DRHOOK:taranis1200:1:1:76092:76092] [20240717:090048:0.001] [ignore_one_signal@drhook.c:1348]   DR_HOOK ignores signal#16 (Stack fault)
[EC_DRHOOK:taranis1200:1:1:76092:76092] [20240717:090048:0.001] [ignore_one_signal@drhook.c:1348]   DR_HOOK ignores signal#17 (Child exited)
[EC_DRHOOK:taranis1200:1:1:76092:76092] [20240717:090048:0.001] [ignore_one_signal@drhook.c:1348]   DR_HOOK ignores signal#18 (Continued)
[EC_DRHOOK:taranis1200:1:1:76092:76092] [20240717:090048:0.001] [ignore_one_signal@drhook.c:1348]   DR_HOOK ignores signal#19 (Stopped (signal))
[EC_DRHOOK:taranis1200:1:1:76092:76092] [20240717:090048:0.001] [ignore_one_signal@drhook.c:1348]   DR_HOOK ignores signal#20 (Stopped)
[EC_DRHOOK:taranis1200:1:1:76092:76092] [20240717:090048:0.001] [ignore_one_signal@drhook.c:1348]   DR_HOOK ignores signal#21 (Stopped (tty input))
[EC_DRHOOK:taranis1200:1:1:76092:76092] [20240717:090048:0.001] [ignore_one_signal@drhook.c:1348]   DR_HOOK ignores signal#22 (Stopped (tty output))
[EC_DRHOOK:taranis1200:1:1:76092:76092] [20240717:090048:0.001] [ignore_one_signal@drhook.c:1348]   DR_HOOK ignores signal#23 (Urgent I/O condition)
[EC_DRHOOK:taranis1200:1:1:76092:76092] [20240717:090048:0.001] [ignore_one_signal@drhook.c:1348]   DR_HOOK ignores signal#24 (CPU time limit exceeded)
[EC_DRHOOK:taranis1200:1:1:76092:76092] [20240717:090048:0.001] [ignore_one_signal@drhook.c:1348]   DR_HOOK ignores signal#25 (File size limit exceeded)
[EC_DRHOOK:taranis1200:1:1:76092:76092] [20240717:090048:0.001] [ignore_one_signal@drhook.c:1348]   DR_HOOK ignores signal#26 (Virtual timer expired)
[EC_DRHOOK:taranis1200:1:1:76092:76092] [20240717:090048:0.001] [ignore_one_signal@drhook.c:1348]   DR_HOOK ignores signal#27 (Profiling timer expired)
[EC_DRHOOK:taranis1200:1:1:76092:76092] [20240717:090048:0.001] [ignore_one_signal@drhook.c:1348]   DR_HOOK ignores signal#28 (Window changed)
[EC_DRHOOK:taranis1200:1:1:76092:76092] [20240717:090048:0.001] [ignore_one_signal@drhook.c:1348]   DR_HOOK ignores signal#29 (I/O possible)
[EC_DRHOOK:taranis1200:1:1:76092:76092] [20240717:090048:0.001] [ignore_one_signal@drhook.c:1348]   DR_HOOK ignores signal#30 (Power failure)
[EC_DRHOOK:taranis1200:1:1:76092:76092] [20240717:090048:0.001] [ignore_one_signal@drhook.c:1348]   DR_HOOK ignores signal#31 (Bad system call)
[EC_DRHOOK:taranis1200:1:1:76092:76092] [20240717:090048:0.001] [ignore_one_signal@drhook.c:1348]   DR_HOOK ignores signal#32 (Unknown signal 32)
[EC_DRHOOK:taranis1200:1:1:76092:76092] [20240717:090048:0.001] [ignore_one_signal@drhook.c:1348]   DR_HOOK ignores signal#33 (Unknown signal 33)
[EC_DRHOOK:taranis1200:1:1:76092:76092] [20240717:090048:0.001] [ignore_one_signal@drhook.c:1348]   DR_HOOK ignores signal#34 (Real-time signal 0)
[EC_DRHOOK:taranis1200:1:1:76092:76092] [20240717:090048:0.001] [ignore_one_signal@drhook.c:1348]   DR_HOOK ignores signal#35 (Real-time signal 1)
[EC_DRHOOK:taranis1200:1:1:76092:76092] [20240717:090048:0.001] [ignore_one_signal@drhook.c:1348]   DR_HOOK ignores signal#36 (Real-time signal 2)
[EC_DRHOOK:taranis1200:1:1:76092:76092] [20240717:090048:0.001] [ignore_one_signal@drhook.c:1348]   DR_HOOK ignores signal#37 (Real-time signal 3)
[EC_DRHOOK:taranis1200:1:1:76092:76092] [20240717:090048:0.001] [ignore_one_signal@drhook.c:1348]   DR_HOOK ignores signal#38 (Real-time signal 4)
[EC_DRHOOK:taranis1200:1:1:76092:76092] [20240717:090048:0.001] [ignore_one_signal@drhook.c:1348]   DR_HOOK ignores signal#39 (Real-time signal 5)
[EC_DRHOOK:taranis1200:1:1:76092:76092] [20240717:090048:0.001] [ignore_one_signal@drhook.c:1348]   DR_HOOK ignores signal#40 (Real-time signal 6)
[EC_DRHOOK:taranis1200:1:1:76092:76092] [20240717:090048:0.001] [ignore_one_signal@drhook.c:1348]   DR_HOOK ignores signal#41 (Real-time signal 7)
[EC_DRHOOK:taranis1200:1:1:76092:76092] [20240717:090048:0.001] [ignore_one_signal@drhook.c:1348]   DR_HOOK ignores signal#42 (Real-time signal 8)
[EC_DRHOOK:taranis1200:1:1:76092:76092] [20240717:090048:0.001] [ignore_one_signal@drhook.c:1348]   DR_HOOK ignores signal#43 (Real-time signal 9)
[EC_DRHOOK:taranis1200:1:1:76092:76092] [20240717:090048:0.001] [ignore_one_signal@drhook.c:1348]   DR_HOOK ignores signal#44 (Real-time signal 10)
[EC_DRHOOK:taranis1200:1:1:76092:76092] [20240717:090048:0.001] [ignore_one_signal@drhook.c:1348]   DR_HOOK ignores signal#45 (Real-time signal 11)
[EC_DRHOOK:taranis1200:1:1:76092:76092] [20240717:090048:0.001] [ignore_one_signal@drhook.c:1348]   DR_HOOK ignores signal#46 (Real-time signal 12)
[EC_DRHOOK:taranis1200:1:1:76092:76092] [20240717:090048:0.001] [ignore_one_signal@drhook.c:1348]   DR_HOOK ignores signal#47 (Real-time signal 13)
[EC_DRHOOK:taranis1200:1:1:76092:76092] [20240717:090048:0.001] [ignore_one_signal@drhook.c:1348]   DR_HOOK ignores signal#48 (Real-time signal 14)
[EC_DRHOOK:taranis1200:1:1:76092:76092] [20240717:090048:0.001] [ignore_one_signal@drhook.c:1348]   DR_HOOK ignores signal#49 (Real-time signal 15)
[EC_DRHOOK:taranis1200:1:1:76092:76092] [20240717:090048:0.001] [ignore_one_signal@drhook.c:1348]   DR_HOOK ignores signal#50 (Real-time signal 16)
[EC_DRHOOK:taranis1200:1:1:76092:76092] [20240717:090048:0.001] [ignore_one_signal@drhook.c:1348]   DR_HOOK ignores signal#51 (Real-time signal 17)
[EC_DRHOOK:taranis1200:1:1:76092:76092] [20240717:090048:0.001] [ignore_one_signal@drhook.c:1348]   DR_HOOK ignores signal#52 (Real-time signal 18)
[EC_DRHOOK:taranis1200:1:1:76092:76092] [20240717:090048:0.001] [ignore_one_signal@drhook.c:1348]   DR_HOOK ignores signal#53 (Real-time signal 19)
[EC_DRHOOK:taranis1200:1:1:76092:76092] [20240717:090048:0.001] [ignore_one_signal@drhook.c:1348]   DR_HOOK ignores signal#54 (Real-time signal 20)
[EC_DRHOOK:taranis1200:1:1:76092:76092] [20240717:090048:0.001] [ignore_one_signal@drhook.c:1348]   DR_HOOK ignores signal#55 (Real-time signal 21)
[EC_DRHOOK:taranis1200:1:1:76092:76092] [20240717:090048:0.001] [ignore_one_signal@drhook.c:1348]   DR_HOOK ignores signal#56 (Real-time signal 22)
[EC_DRHOOK:taranis1200:1:1:76092:76092] [20240717:090048:0.001] [ignore_one_signal@drhook.c:1348]   DR_HOOK ignores signal#57 (Real-time signal 23)
[EC_DRHOOK:taranis1200:1:1:76092:76092] [20240717:090048:0.001] [ignore_one_signal@drhook.c:1348]   DR_HOOK ignores signal#58 (Real-time signal 24)
[EC_DRHOOK:taranis1200:1:1:76092:76092] [20240717:090048:0.001] [ignore_one_signal@drhook.c:1348]   DR_HOOK ignores signal#59 (Real-time signal 25)
[EC_DRHOOK:taranis1200:1:1:76092:76092] [20240717:090048:0.001] [ignore_one_signal@drhook.c:1348]   DR_HOOK ignores signal#60 (Real-time signal 26)
[EC_DRHOOK:taranis1200:1:1:76092:76092] [20240717:090048:0.001] [ignore_one_signal@drhook.c:1348]   DR_HOOK ignores signal#61 (Real-time signal 27)
[EC_DRHOOK:taranis1200:1:1:76092:76092] [20240717:090048:0.001] [ignore_one_signal@drhook.c:1348]   DR_HOOK ignores signal#62 (Real-time signal 28)
[EC_DRHOOK:taranis1200:1:1:76092:76092] [20240717:090048:0.001] [ignore_one_signal@drhook.c:1348]   DR_HOOK ignores signal#63 (Real-time signal 29)
[EC_DRHOOK:taranis1200:1:1:76092:76092] [20240717:090048:0.001] [ignore_one_signal@drhook.c:1348]   DR_HOOK ignores signal#64 (Real-time signal 30)
[EC_DRHOOK:taranis1200:1:1:76092:76092] [20240717:090048:0.001] [ignore_one_signal@drhook.c:1348]   DR_HOOK ignores signal#65 (Unknown signal 65)
[EC_DRHOOK:taranis1200:1:1:76092:76092] [20240717:090048:0.001] [restore_default_signals@drhook.c:1298] DR_HOOK_RESTORE_DEFAULT_SIGNALS=<undef>
[EC_DRHOOK:taranis1200:1:1:76092:76092] [20240717:090048:0.001] [catch_signals@drhook.c:1210] DR_HOOK_CATCH_SIGNALS=<undef>
 EC_MEMINFO@RNSORT: MINCID, MAXCID, NUMNODES =  0 127 3
## EC_MEMINFO 
## EC_MEMINFO Detailed memory information for program /home/gmap/mrpm/marguina/gpupack/pack/49t2_openacc-bench-notransfer.01.INTEL2302.2d/bin/MASTERODB -- wall-time :      0.008s
## EC_MEMINFO Running on 3 nodes (8-numa) with 12 compute + 0 I/O-tasks and 32+0 threads at 09:00:48.286 on 17-Jul-2024
## EC_MEMINFO The Job Name is arp and the Job ID is 65632733
## EC_MEMINFO 
## EC_MEMINFO                           | TC    | MEMORY USED(MB) | MEMORY FREE(MB)  -------------    -------------    -------------    -------------    -------------    -------------    -------------   INCLUDING CACHED|  %USED %HUGE  | Energy  Power Running
## EC_MEMINFO                           | Malloc| Inc Heap        | Numa region  0 | Numa region  1 | Numa region  2 | Numa region  3 | Numa region  4 | Numa region  5 | Numa region  6 | Numa region  7 |                |               |    (J)    (W)
## EC_MEMINFO Node Name                 | Heap  | RSS(sum)        | Small  Huge or | Small  Huge or | Small  Huge or | Small  Huge or | Small  Huge or | Small  Huge or | Small  Huge or | Small  Huge or | Total          |
## EC_MEMINFO                           | (sum) | Small    Huge   |  Only   Small  |  Only   Small  |  Only   Small  |  Only   Small  |  Only   Small  |  Only   Small  |  Only   Small  |  Only   Small  | Memfree+Cached |
## EC_MEMINFO    0 taranis1200             2432    2907       0     17775    9650    10745   20576     8136   22342     7969   23570     5866   24356     4234   25600     8567   21994     5035   26120    244137    3399      1.2   0.0         0      0     128  Sm/p:master:computation
## EC_MEMINFO    1 taranis1209             2432    2907       0     14204   13770     5787   25066     5775   24744     5368   26130     6752   23700     5810   25650     4506   26044     4714   26452    246077    1914      1.2   0.0         0      0     128  Sm/p:master:computation
## EC_MEMINFO    2 taranis1210             2432    2905       0     14140   13878     5338   26138     6651   23792     5765   25734     5164   25354     6071   24714     4084   26510     3783   27496    246218    1869      1.2   0.0         0      0     128  Sm/p:master:computation
Reading namelist NAM_DISTRIBUTED_VECTORS from file 
Reading namelist NAMPAR0 from fort.4
MPL_BUFFER_METHOD:  2  2048000000
## EC_MEMINFO 
## EC_MEMINFO Detailed memory information for program /home/gmap/mrpm/marguina/gpupack/pack/49t2_openacc-bench-notransfer.01.INTEL2302.2d/bin/MASTERODB -- wall-time :      0.020s
## EC_MEMINFO Running on 3 nodes (8-numa) with 12 compute + 0 I/O-tasks and 32+0 threads at 09:00:48.299 on 17-Jul-2024
## EC_MEMINFO The Job Name is arp and the Job ID is 65632733
## EC_MEMINFO 
## EC_MEMINFO                           | TC    | MEMORY USED(MB) | MEMORY FREE(MB)  -------------    -------------    -------------    -------------    -------------    -------------    -------------   INCLUDING CACHED|  %USED %HUGE  | Energy  Power Running
## EC_MEMINFO                           | Malloc| Inc Heap        | Numa region  0 | Numa region  1 | Numa region  2 | Numa region  3 | Numa region  4 | Numa region  5 | Numa region  6 | Numa region  7 |                |               |    (J)    (W)
## EC_MEMINFO Node Name                 | Heap  | RSS(sum)        | Small  Huge or | Small  Huge or | Small  Huge or | Small  Huge or | Small  Huge or | Small  Huge or | Small  Huge or | Small  Huge or | Total          |
## EC_MEMINFO                           | (sum) | Small    Huge   |  Only   Small  |  Only   Small  |  Only   Small  |  Only   Small  |  Only   Small  |  Only   Small  |  Only   Small  |  Only   Small  | Memfree+Cached |
## EC_MEMINFO    0 taranis1200            10667    2997       0     17764    9650    10745   20576     8125   22342     7969   23570     5854   24356     4234   25600     8556   21994     5035   26120    244092    3399      1.2   0.0         0      0     128  Sm/p:oops:ifs_init
## EC_MEMINFO    1 taranis1209            10667    2995       0     14193   13770     5787   25066     5764   24744     5368   26130     6741   23700     5810   25650     4494   26044     4714   26452    246031    1914      1.2   0.0         0      0     128  Sm/p:master:comput
## EC_MEMINFO    2 taranis1210            10668    2996       0     14128   13878     5338   26138     6640   23792     5765   25734     5153   25354     6071   24714     4072   26510     3783   27496    246173    1869      1.2   0.0         0      0     128  Sm/p:master:comput
 ODB Observation Store options : L_READ_FROM_OBS_STORE =  F
 ODB Observation Store options : L_WRITE_TO_OBS_STORE  =  F
 ODB Observation Store options : ODB_OBS_STORE_PATH    = 
 ODB Observation Store options : NPOOLS_COPEDB         =            0
 DEV_ALLOC_SIZE = 68719476736
 ------ lparallelmethod.txt ------
OPENMPSINGLECOLUMN               ACCTND0_PARALLEL:PACC
OPENMPSINGLECOLUMN               ACVPPKF_PARALLEL:PART0
OPENMPSINGLECOLUMN               ACVPPKF_PARALLEL:PART1
OPENMPSINGLECOLUMN               ACVPPKF_PARALLEL:PART2
OPENMPSINGLECOLUMN               ACVPPKF_PARALLEL:PART3
OPENMPSINGLECOLUMN               APL_ARPEGE_AEROSOLS_FOR_RADIATION_PARALLEL:RADAER
OPENMPSINGLECOLUMN               APL_ARPEGE_ALBEDO_COMPUTATION_PARALLEL:0
OPENMPSINGLECOLUMN               APL_ARPEGE_ATMOSPHERE_UPDATE_PARALLEL:CPTEND_NEW
OPENMPSINGLECOLUMN               APL_ARPEGE_CLOUDINESS_PARALLEL:ACNEBCOND
OPENMPSINGLECOLUMN               APL_ARPEGE_DEEP_CONVECTION_PARALLEL:ACUPTQ
OPENMPSINGLECOLUMN               APL_ARPEGE_DEEP_CONVECTION_PARALLEL:COPY
OPENMPSINGLECOLUMN               APL_ARPEGE_DEEP_CONVECTION_PARALLEL:CUCALLN_MF
OPENMPSINGLECOLUMN               APL_ARPEGE_DEEP_CONVECTION_PARALLEL:CULIGHT
OPENMPSINGLECOLUMN               APL_ARPEGE_DEEP_CONVECTION_PARALLEL:INIT
OPENMPSINGLECOLUMN               APL_ARPEGE_DEEP_CONVECTION_PARALLEL:ZERO
OPENMPSINGLECOLUMN               APL_ARPEGE_DPRECIPS_PARALLEL:0
OPENMPSINGLECOLUMN               APL_ARPEGE_HYDRO_BUDGET_PARALLEL:ACDROV
OPENMPSINGLECOLUMN               APL_ARPEGE_HYDRO_BUDGET_PARALLEL:LMSE
OPENMPSINGLECOLUMN               APL_ARPEGE_INIT_PARALLEL:0
OPENMPSINGLECOLUMN               APL_ARPEGE_INIT_PARALLEL:1
OPENMPSINGLECOLUMN               APL_ARPEGE_INIT_PARALLEL:2
OPENMPSINGLECOLUMN               APL_ARPEGE_INIT_PARALLEL:3
OPENMPSINGLECOLUMN               APL_ARPEGE_INIT_PARALLEL:4
OPENMPSINGLECOLUMN               APL_ARPEGE_INIT_PARALLEL:5
OPENMPSINGLECOLUMN               APL_ARPEGE_INIT_PARALLEL:6
OPENMP                           APL_ARPEGE_INIT_SURFEX_PARALLEL:0
OPENMP                           APL_ARPEGE_INIT_SURFEX_PARALLEL:1
OPENMP                           APL_ARPEGE_INIT_SURFEX_PARALLEL:2
OPENMPSINGLECOLUMN               APL_ARPEGE_MWAVE_PARALLEL:0
OPENMP                           APL_ARPEGE_OCEANIC_FLUXES_PARALLEL:1
OPENMPSINGLECOLUMN               APL_ARPEGE_OCEANIC_FLUXES_PARALLEL:ACFLUSO
OPENMP                           APL_ARPEGE_PARALLEL:22
OPENMP                           APL_ARPEGE_PARALLEL:23
OPENMP                           APL_ARPEGE_PARALLEL:24
OPENMPSINGLECOLUMN               APL_ARPEGE_PARALLEL:ACCLPH
OPENMPSINGLECOLUMN               APL_ARPEGE_PARALLEL:ACDRAG
OPENMPSINGLECOLUMN               APL_ARPEGE_PARALLEL:ACDRME
OPENMPSINGLECOLUMN               APL_ARPEGE_PARALLEL:ACEVADCAPE
OPENMPSINGLECOLUMN               APL_ARPEGE_PARALLEL:ACHMT
OPENMPSINGLECOLUMN               APL_ARPEGE_PARALLEL:ACHMTLS
OPENMPSINGLECOLUMN               APL_ARPEGE_PARALLEL:ACSOL
OPENMPSINGLECOLUMN               APL_ARPEGE_PARALLEL:ACTQSAT
OPENMPSINGLECOLUMN               APL_ARPEGE_PARALLEL:ACVISIH
OPENMPSINGLECOLUMN               APL_ARPEGE_PARALLEL:APLPAR_INIT
OPENMPSINGLECOLUMN               APL_ARPEGE_PARALLEL:BAYRAD
OPENMP                           APL_ARPEGE_PARALLEL:CHECKMV
OPENMPSINGLECOLUMN               APL_ARPEGE_PARALLEL:CPPHINP
OPENMPSINGLECOLUMN               APL_ARPEGE_PARALLEL:DIFTQ
OPENMPSINGLECOLUMN               APL_ARPEGE_PARALLEL:EDR
OPENMPSINGLECOLUMN               APL_ARPEGE_PARALLEL:FRSOPT
OPENMPSINGLECOLUMN               APL_ARPEGE_PARALLEL:PLSM
OPENMPSINGLECOLUMN               APL_ARPEGE_PARALLEL:PPWETPOINT
OPENMPSINGLECOLUMN               APL_ARPEGE_PARALLEL:PRECIPS
OPENMPSINGLECOLUMN               APL_ARPEGE_PARALLEL:QNGCOR
OPENMPSINGLECOLUMN               APL_ARPEGE_PARALLEL:TURBULENCE_PART2
OPENMPSINGLECOLUMN               APL_ARPEGE_PARALLEL:ZBAY_QRCONV
OPENMPSINGLECOLUMN               APL_ARPEGE_PARALLEL:ZDE2MR
OPENMPSINGLECOLUMN               APL_ARPEGE_PARALLEL:ZDPHIV
OPENMPSINGLECOLUMN               APL_ARPEGE_PARALLEL:ZRDG_LCVQ
OPENMPSINGLECOLUMN               APL_ARPEGE_PRECIPITATION_PARALLEL:ACUPTQ
OPENMPSINGLECOLUMN               APL_ARPEGE_RADIATION_PARALLEL:ACDAYD
OPENMPSINGLECOLUMN               APL_ARPEGE_RADIATION_PARALLEL:ACRANEB2
OPENMPSINGLECOLUMN               APL_ARPEGE_RADIATION_PARALLEL:ACRSO
OPENMPSINGLECOLUMN               APL_ARPEGE_RADIATION_PARALLEL:CALLRAD_F
OPENMPSINGLECOLUMN               APL_ARPEGE_RADIATION_PARALLEL:DIRECT
OPENMPSINGLECOLUMN               APL_ARPEGE_RADIATION_PARALLEL:LMSE_F
OPENMPSINGLECOLUMN               APL_ARPEGE_RADIATION_PARALLEL:RADHEAT
OPENMPSINGLECOLUMN               APL_ARPEGE_RADIATION_PARALLEL:SUNSHINE
OPENMPSINGLECOLUMN               APL_ARPEGE_SHALLOW_CONVECTION_AND_TURBULENCE_PARALLEL:ACTKE
OPENMPSINGLECOLUMN               APL_ARPEGE_SOIL_HYDRO_PARALLEL:ACVEG
OPENMP                           APL_ARPEGE_SURFACE_PARALLEL:1
OPENMPSINGLECOLUMN               APL_ARPEGE_SURFACE_PARALLEL:ACDIFV1
OPENMPSINGLECOLUMN               APL_ARPEGE_SURFACE_PARALLEL:ACDIFV2
OPENMPSINGLECOLUMN               APL_ARPEGE_SURFACE_PARALLEL:CALLSFX_F
OPENMPSINGLECOLUMN               APL_ARPEGE_SURFACE_PARALLEL:LEDKF
OPENMPSINGLECOLUMN               APL_ARPEGE_SURFACE_PARALLEL:LMSE_F
OPENMPSINGLECOLUMN               APL_ARPEGE_SURFACE_PARALLEL:LMSE_F2
OPENMPSINGLECOLUMN               APL_ARPEGE_SURFACE_UPDATE_PARALLEL:LMSE_F
OPENMPSINGLECOLUMN               APL_ARPEGE_SURFACE_UPDATE_PARALLEL:LMSE_T
OPENMPSINGLECOLUMN               APL_WIND_GUST_PARALLEL:ACCLDIA
OPENMPSINGLECOLUMN               ARP_SHALLOW_MF_PARALLEL:FINISH
OPENMPSINGLECOLUMN               ARP_SHALLOW_MF_PARALLEL:INIT
OPENMPSINGLECOLUMN               ARP_SHALLOW_MF_PARALLEL:SHALLOW_MF
OPENMPSINGLECOLUMN               ARP_SHALLOW_MF_PARALLEL:ZERO
OPENMPSINGLECOLUMN               CPCFU_PARALLEL:0
OPENMPSINGLECOLUMN               CPCFU_PARALLEL:1
OPENMPSINGLECOLUMN               CPCFU_PARALLEL:2
OPENMPSINGLECOLUMN               CPCFU_PARALLEL:3
OPENMPSINGLECOLUMN               CPCFU_PARALLEL:4
OPENMPSINGLECOLUMN               CPCFU_PARALLEL:5
OPENMPSINGLECOLUMN               CPGLAG_PARALLEL:0
OPENMPSINGLECOLUMN               CPGLAG_PARALLEL:1
OPENMPSINGLECOLUMN               CPGLAG_PARALLEL:STR
OPENMPSINGLECOLUMN               CPG_DIA_FLU_PARALLEL:0
OPENMPSINGLECOLUMN               CPG_DIA_FLU_PARALLEL:1
OPENMPSINGLECOLUMN               CPG_DIA_FLU_PARALLEL:2
OPENMPSINGLECOLUMN               CPG_DIA_FLU_PARALLEL:3
OPENMPSINGLECOLUMN               CPG_DIA_FLU_PARALLEL:4
OPENMPMETHOD                     CPG_END_SFC_PARALLEL:GSP_CL_SET0TO1
OPENMPMETHOD                     CPG_END_SFC_PARALLEL:PHTFILT
OPENMPMETHOD                     CPG_END_SFC_PARALLEL:SET0TO1
OPENMPSINGLECOLUMN               CPG_GP_HYD_PARALLEL:0
OPENMPSINGLECOLUMN               CPG_GP_HYD_PARALLEL:1
OPENMPSINGLECOLUMN               CPG_GP_HYD_PARALLEL:2
OPENMPSINGLECOLUMN               CPG_GP_HYD_PARALLEL:3
OPENMPSINGLECOLUMN               CPG_GP_PARALLEL:GPINISLB_PART1_EXPL
OPENMPSINGLECOLUMN               CPG_GP_PARALLEL:GPINISLB_PART3_EXPL
OPENMPSINGLECOLUMN               CPG_GP_PARALLEL:GPTF2_EXPL_2TL
OPENMPSINGLECOLUMN               CPG_GP_PARALLEL:GP_SPV
OPENMPSINGLECOLUMN               CPG_GP_PARALLEL:MAP_FACTOR
OPENMPMETHOD                     CPG_GP_PARALLEL:SET1TO0
OPENMPMETHOD                     CPG_GP_PARALLEL:SET1TO9
UPDATEVIEW                       CPG_GP_PARALLEL:SET9TO0
OPENMPSINGLECOLUMN               CPG_GP_PARALLEL:SETZERO
OPENMPSINGLECOLUMN               CPG_PARALLEL:ISETTLOFF
OPENMPSINGLECOLUMN               CPG_PARALLEL:LSMTSOL
OPENMPMETHOD                     CPG_PARALLEL:SHUFFLESL1
OPENMPMETHOD                     CPG_PARALLEL:ZEROPB2
OPENMPMETHOD                     CPG_PARALLEL:ZEROSL1
OPENMPSINGLECOLUMN               CPUTQY0_PARALLEL:PVAR
OPENMPSINGLECOLUMN               CPUTQY_APLPAR_EXPL_PARALLEL:PFDIS
OPENMPSINGLECOLUMN               CPUTQY_APLPAR_EXPL_PARALLEL:ZDEC
OPENMPSINGLECOLUMN               CPUTQY_APLPAR_EXPL_PARALLEL:ZTDCP
OPENMPSINGLECOLUMN               CPXFU_PARALLEL:0
OPENMPSINGLECOLUMN               CPXFU_PARALLEL:1
OPENMPSINGLECOLUMN               CPXFU_PARALLEL:2
OPENMPSINGLECOLUMN               CPXFU_PARALLEL:3
OPENMPSINGLECOLUMN               CPXFU_PARALLEL:4
OPENMPSINGLECOLUMN               CTVTOT_EXPL_PARALLEL:0
OPENMPSINGLECOLUMN               EXCHANGE_MS_MODNEW:MAIN
OPENMPSINGLECOLUMN               GPINISLB_PART2_EXPL_PARALLEL:0
OPENMPSINGLECOLUMN               GPINISLB_PART2_EXPL_PARALLEL:1
OPENMPSINGLECOLUMN               GPINISLB_PART2_EXPL_PARALLEL:2
OPENMPSINGLECOLUMN               GPINISLB_PART2_EXPL_PARALLEL:3
OPENMPSINGLECOLUMN               GPINISLB_PART2_EXPL_PARALLEL:4
OPENMPSINGLECOLUMN               GPINISLB_PART2_EXPL_PARALLEL:5
OPENMPSINGLECOLUMN               GPMPFC_EXPL_PARALLEL:0
OPENMPSINGLECOLUMN               GPMPFC_EXPL_PARALLEL:1
OPENMPSINGLECOLUMN               GPMPFC_EXPL_PART2_PARALLEL:0
OPENMPSINGLECOLUMN               GPRCP_EXPL_PARALLEL:0
OPENMPSINGLECOLUMN               GPRCP_EXPL_PARALLEL:1
OPENMPSINGLECOLUMN               GPRCP_EXPL_PARALLEL:2
OPENMPSINGLECOLUMN               GPRCP_EXPL_PARALLEL:3
OPENMPSINGLECOLUMN               GPRCP_EXPL_PARALLEL:4
OPENMPSINGLECOLUMN               GPRCP_EXPL_PARALLEL:5
OPENMPSINGLECOLUMN               GPTF1_YDVARS_PARALLEL:LGRADSP
OPENMPSINGLECOLUMN               GPTF1_YDVARS_PARALLEL:LTWOTL
OPENMPSINGLECOLUMN               GPTF1_YDVARS_PARALLEL:NOTLDTF1
OPENMPSINGLECOLUMN               LACDYN_PARALLEL:LASURE
OPENMPSINGLECOLUMN               LACDYN_PARALLEL:ZMIXNL
OPENMPSINGLECOLUMN               LAPINEA_PARALLEL:LARCINA
OPENMPSINGLECOLUMN               LAPINEB_PARALLEL:CVGQ
OPENMPSINGLECOLUMN               LAPINEB_PARALLEL:DPDETA0
OPENMPSINGLECOLUMN               LAPINEB_PARALLEL:LACONE
OPENMPSINGLECOLUMN               LAPINEB_PARALLEL:LARCHE
OPENMPSINGLECOLUMN               LAPINEB_PARALLEL:LRDBBC
OPENMPSINGLECOLUMN               LAPINEB_PARALLEL:LRPLANE
OPENMPSINGLECOLUMN               LAPINEB_PARALLEL:L_RDRY_VD
OPENMPSINGLECOLUMN               LAPINEB_PARALLEL:NVLAG2
OPENMPSINGLECOLUMN               LAPINEB_PARALLEL:NVLAG3
OPENMPSINGLECOLUMN               LAPINEB_PARALLEL:ROTUV
OPENMPSINGLECOLUMN               LAPINEB_PARALLEL:ROTUVGEO
OPENMPSINGLECOLUMN               LAPINEB_PARALLEL:TEMP_EQ
OPENMPSINGLECOLUMN               LAPINEB_PARALLEL:YCVGQ
OPENMPSINGLECOLUMN               LAPINEB_PARALLEL:ZERO_GMV9
OPENMPSINGLECOLUMN               LAPINEB_PARALLEL:ZERO_GMV9_SI
OPENMPSINGLECOLUMN               LAPINEB_PARALLEL:ZERO_GMV9_SL
OPENMPSINGLECOLUMN               LAPINEB_PARALLEL:ZERO_UV9
OPENMPSINGLECOLUMN               LAPINEB_PARALLEL:ZVWEI
OPENMPSINGLECOLUMN               LARCINB_PARALLEL:LAITRE_GFL
OPENMPSINGLECOLUMN               LARCINB_PARALLEL:LAITRE_GMV
OPENMPSINGLECOLUMN               LARCINB_PARALLEL:LAITVSPCQM
OPENMPSINGLECOLUMN               LARCINB_PARALLEL:LCOMAD_SP
OPENMPSINGLECOLUMN               LARCINB_PARALLEL:LDSLPHY
OPENMPSINGLECOLUMN               LARCINB_PARALLEL:LIN
OPENMPSINGLECOLUMN               LARCINB_PARALLEL:LLCOMAD
OPENMPSINGLECOLUMN               LARCINB_PARALLEL:LLCOMAD_2
OPENMPSINGLECOLUMN               LARCINB_PARALLEL:LRHS_CURV_F
OPENMPSINGLECOLUMN               LARCINB_PARALLEL:LTDIABLIN
OPENMPSINGLECOLUMN               LARCINB_PARALLEL:NQMGMV
OPENMPSINGLECOLUMN               LARCINB_PARALLEL:NTLAG_3
OPENMPSINGLECOLUMN               LARCINB_PARALLEL:NVLAG_2
OPENMPSINGLECOLUMN               LARCINB_PARALLEL:NVLAG_3
OPENMPSINGLECOLUMN               LARCINB_PARALLEL:RRINTOPT
OPENMPSINGLECOLUMN               LARMES_PARALLEL:LARMES
OPENMPSINGLECOLUMN               LASSIE_PARALLEL:GPRCP
OPENMPSINGLECOLUMN               LASSIE_PARALLEL:SITNU
OPENMPSINGLECOLUMN               LATTES_PARALLEL:0
OPENMPSINGLECOLUMN               LATTEX_EXPL_2TL_PARALLEL:0
OPENMPSINGLECOLUMN               LATTEX_EXPL_2TL_PARALLEL:1
OPENMPSINGLECOLUMN               LATTEX_EXPL_2TL_PARALLEL:2
OPENMPSINGLECOLUMN               LATTEX_EXPL_2TL_PARALLEL:3
OPENMPSINGLECOLUMN               LATTEX_EXPL_2TL_PARALLEL:4
OPENMPSINGLECOLUMN               LATTEX_EXPL_2TL_PARALLEL:5
OPENMPSINGLECOLUMN               LATTEX_EXPL_2TL_PARALLEL:6
OPENMP                           LATTEX_EXPL_VSPLTRANS_PARALLEL:0
OPENMP                           LATTEX_EXPL_VSPLTRANS_PARALLEL:1
OPENMPSINGLECOLUMN               LATTEX_PARALLEL:LRHS_CURV
OPENMPSINGLECOLUMN               LATTEX_PARALLEL:LRSIDDH
OPENMPSINGLECOLUMN               LATTEX_PARALLEL:MAIN
OPENMPSINGLECOLUMN               LAVABO_EXPL_LAITVSPCQM_PART1_PARALLEL:0
OPENMPSINGLECOLUMN               LAVABO_EXPL_LAITVSPCQM_PART2_PARALLEL:0
OPENMPSINGLECOLUMN               LAVABO_PARALLEL:0
OPENMPSINGLECOLUMN               LAVABO_PARALLEL:1
OPENMPSINGLECOLUMN               LAVABO_PARALLEL:2
OPENMPSINGLECOLUMN               LAVENT_PARALLEL:0
OPENMPSINGLECOLUMN               MF_PHYS_FPL_PART1_PARALLEL:PART1
OPENMPSINGLECOLUMN               MF_PHYS_FPL_PART2_PARALLEL:PART2
OPENMPSINGLECOLUMN               MF_PHYS_INIT_PARALLEL:ZERO
OPENMPSINGLECOLUMN               MF_PHYS_MOCON_PARALLEL:PPWETPOINT
OPENMPSINGLECOLUMN               MF_PHYS_PREP_PARALLEL:PREP
OPENMPSINGLECOLUMN               MF_PHYS_SAVE_PHSURF_PART1_PARALLEL:PART1
OPENMPSINGLECOLUMN               MF_PHYS_SAVE_PHSURF_PART2_PARALLEL:PART2
OPENMPSINGLECOLUMN               MF_PHYS_TRANSFER_PARALLEL:ALL
OPENMPSINGLECOLUMN               RECMWF_PARALLEL:1
OPENMPSINGLECOLUMN               RECMWF_PARALLEL:2
OPENMP                           RECMWF_PARALLEL:ECRAD_CPU
OPENMP                           RECMWF_PARALLEL:ECRAD_GPU
OPENMPSINGLECOLUMN               RECMWF_PARALLEL:ECRAD_POST
OPENMPSINGLECOLUMN               RECMWF_PARALLEL:FINISH
OPENMPSINGLECOLUMN               RECMWF_PARALLEL:PREPARE
OPENMP                           RECMWF_PARALLEL:RRTM
OPENMP                           RECMWF_PARALLEL:SRTM
OPENMPSINGLECOLUMN               SCAN2M_TS_PARALLEL:0
OPENMPSINGLECOLUMN               SPCHORNEW_PARALLEL:MAIN
OPENMPSINGLECOLUMN               SPCMNEW_PARALLEL:MAIN
OPENMPSINGLECOLUMN               SPCSINEW_PARALLEL:MAIN
OPENMPSINGLECOLUMN               STEPO:MAIN
OPENMPSINGLECOLUMN               TRMTOSNEW:MAIN
OPENMPSINGLECOLUMN               TRSTOMNEW:MAIN
 ------ lparallelmethod.txt ------
 ------ lsynchost.txt ------
 ------ lsynchost.txt ------
  09:03:57 STEP    0 H=   0:00 +CPU=312.063    
           STEP    0 :## EC_MEMINFO                           | TC    | MEMORY USED(MB) | MEMORY FREE(MB)  -------------    -------------    -------------    -------------    -------------    -------------    -------------   INCLUDING CACHED|  %USED %HUGE  | Energy  Power LoadAvg
           STEP    0 :## EC_MEMINFO                           | Malloc| Inc Heap        | Numa region  0 | Numa region  1 | Numa region  2 | Numa region  3 | Numa region  4 | Numa region  5 | Numa region  6 | Numa region  7 |                |               |    (J)    (W)
           STEP    0 :## EC_MEMINFO Node Name                 | Heap  | RSS(tsk)        | Small  Huge or | Small  Huge or | Small  Huge or | Small  Huge or | Small  Huge or | Small  Huge or | Small  Huge or | Small  Huge or | Total          |
           STEP    0 :## EC_MEMINFO                           | (sum) | Small    Huge   |  Only   Small  |  Only   Small  |  Only   Small  |  Only   Small  |  Only   Small  |  Only   Small  |  Only   Small  |  Only   Small  | Memfree+Cached |
           STEP    0 :## EC_MEMINFO    0 taranis1200            80014   28022       0      9372    8862     6227   20216     6614   14264     4961   21784     6007   14652     3973   21516     3708   17566     3330   22826    187467    3396     12.8   0.0         0      0    9.58  Sm/p
  09:04:17 STEP    1 H=   0:10 +CPU=232.375    
           STEP    1 :## EC_MEMINFO    0 taranis1200            80014   28022       0      9384    8848     6247   20216     6567   14196     4935   21746     6168   14398     3933   21492     3708   17544     3281   22806    187066    3396     12.8   0.0         0      0    9.47  Sm/p
  09:04:38 STEP    2 H=   0:20 +CPU=225.386    
           STEP    2 :## EC_MEMINFO    0 taranis1200            80014   28050       0      9400    8810     6225   20216     6642   14192     4946   21728     6259   14298     3959   21460     3755   17512     3292   22788    187067    3396     12.8   0.0         0      0   10.13  Sm/p
  09:04:59 STEP    3 H=   0:30 +CPU=221.080    
           STEP    3 :## EC_MEMINFO    0 taranis1200            80014   28096       0      9416    8758     6213   20216     6688   14084     5368   21276     6323   14150     4348   21036     3775   17498     3305   22766    186815    3396     12.9   0.0         0      0    8.83  Sm/p
  09:05:20 STEP    4 H=   0:40 +CPU=222.681    
           STEP    4 :## EC_MEMINFO    0 taranis1200            80014   28144       0      9479    8716     6144   20216     6689   13984     5370   21230     6342   14050     4356   20988     3687   17468     3261   22706    186270    3396     12.9   0.0         0      0   20.09  Sm/p
  09:05:40 STEP    5 H=   0:50 +CPU=226.926    
           STEP    5 :## EC_MEMINFO    0 taranis1200            80014   28169       0      9448    8716     6143   20216     6709   13906     5413   21224     6384   13934     4379   20986     3769   17460     3439   22662    186370    3396     12.9   0.0         0      0   32.04  Sm/p
  09:07:12 STEP    6 H=   1:00 +CPU=289.923    
           STEP    6 :## EC_MEMINFO    0 taranis1200            80014   28269       0      9481    8672     6118   20216     6809   13846     5363   21214     6515   13816     4400   20974     3963   17368     3545   22444    186313    3396     13.0   0.0         0      0   14.23  Sm/p
  09:07:33 STEP    7 H=   1:10 +CPU=217.548    
           STEP    7 :## EC_MEMINFO    0 taranis1200            80014   28269       0      9480    8672     6119   20216     7147   13738     5316   20964     6834   13760     4309   20676     4310   17404     3839   21764    186135    3396     13.0   0.0         0      0   12.39  Sm/p
  09:07:53 STEP    8 H=   1:20 +CPU=228.195    
           STEP    8 :## EC_MEMINFO    0 taranis1200            80014   28269       0      9474    8672     6117   20216     7015   13684     5485   20958     6898   13714     4296   20670     3906   17402     4020   21750    185870    3396     13.0   0.0         0      0   14.40  Sm/p
  09:08:14 STEP    9 H=   1:30 +CPU=220.933    
           STEP    9 :## EC_MEMINFO    0 taranis1200            80014   28274       0      9438    8672     6115   20216     6992   13632     5450   20956     6876   13674     4259   20668     4047   17388     4139   21738    185848    3396     13.0   0.0         0      0   13.73  Sm/p
  09:08:35 STEP   10 H=   1:40 +CPU=231.309    
           STEP   10 :## EC_MEMINFO    0 taranis1200            80014   28274       0      9416    8672     6132   20216     7327   13306     5513   20948     7055   13522     4323   20660     4584   16842     4164   21714    185977    3396     13.0   0.0         0      0   29.51  Sm/p
  09:08:56 STEP   11 H=   1:50 +CPU=223.313    
           STEP   11 :## EC_MEMINFO    0 taranis1200            80014   28276       0      9420    8672     6131   20218     7139   13464     5514   20946     7043   13492     4305   20660     4488   16934     4177   21702    185894    3396     13.0   0.0         0      0   27.22  Sm/p
  09:10:28 STEP   12 H=   2:00 +CPU=297.108    
           STEP   12 :## EC_MEMINFO    0 taranis1200            80014   28368       0      9487    8632     6058   20220     7118   13424     5536   20940     7047   13448     4363   20648     4127   17236     4192   21688    185743    3396     13.0   0.0         0      0    9.89  Sm/p
  09:10:49 STEP   13 H=   2:10 +CPU=232.432    
           STEP   13 :## EC_MEMINFO    0 taranis1200            80014   28368       0      9631    8632     5870   20220     7083   13402     5502   20938     7026   13424     4333   20646     4078   17286     4190   21684    185537    3396     13.1   0.0         0      0    9.02  Sm/p
  09:11:09 STEP   14 H=   2:20 +CPU=214.397    
           STEP   14 :## EC_MEMINFO    0 taranis1200            80014   28410       0      9721    8632     5745   20220     7113   13384     5514   20934     8057   12362     4336   20642     4169   17272     4144   21678    185509    3396     13.1   0.0         0      0   21.07  Sm/p
  09:11:30 STEP   15 H=   2:30 +CPU=213.977    
           STEP   15 :## EC_MEMINFO    0 taranis1200            80014   28410       0      9691    8632     5746   20218     7114   13412     5409   20932     7980   12478     4377   20638     5551   15748     4153   21670    185340    3396     13.1   0.0         0      0   33.93  Sm/p
  09:11:51 STEP   16 H=   2:40 +CPU=219.326    
           STEP   16 :## EC_MEMINFO    0 taranis1200            80014   28433       0      9664    8632     5742   20222     7156   13388     5439   20930     7872   12522     4311   20636     5625   15734     4228   21666    185350    3396     13.1   0.0         0      0   45.12  Sm/p
  09:12:11 STEP   17 H=   2:50 +CPU=214.769    
           STEP   17 :## EC_MEMINFO    0 taranis1200            80014   28468       0      9626    8632     5746   20222     7257   13350     5840   20488     7951   12478     4539   20474     6709   14702     4935   20782    185328    3396     13.1   0.0         0      0   35.65  Sm/p
  09:13:44 STEP   18 H=   3:00 +CPU=312.009    
           STEP   18 :## EC_MEMINFO    0 taranis1200            80014   28560       0      9608    8632     5726   20224     7362   13376     5723   20454     8019   12450     5352   19612     6865   14568     4949   20778    185290    3396     13.1   0.0         0      0   11.65  Sm/p
  09:14:05 STEP   19 H=   3:10 +CPU=220.395    
           STEP   19 :## EC_MEMINFO    0 taranis1200            80014   28560       0      9587    8632     5723   20222     7361   13374     5719   20454     7899   12600     5238   19612     7326   14136     4997   20772    185237    3396     13.1   0.0         0      0   27.60  Sm/p
  09:14:25 STEP   20 H=   3:20 +CPU=216.268    
           STEP   20 :## EC_MEMINFO    0 taranis1200            80014   28560       0      9569    8632     5719   20224     7336   13356     5856   20272     7969   12590     5182   19612     7303   14164     5002   20770    185153    3396     13.2   0.0         0      0   41.10  Sm/p
  09:14:46 STEP   21 H=   3:30 +CPU=223.390    
           STEP   21 :## EC_MEMINFO    0 taranis1200            80014   28572       0      9547    8632     5714   20224     7392   13342     5877   20266     8654   11858     5288   19612     7691   13748     5020   20770    185224    3396     13.2   0.0         0      0   37.47  Sm/p
  09:15:07 STEP   22 H=   3:40 +CPU=215.540    
           STEP   22 :## EC_MEMINFO    0 taranis1200            80014   28593       0      9492    8632     5751   20224     7401   13328     5879   20266     8663   11856     5295   19612     7679   13734     5008   20770    185188    3396     13.2   0.0         0      0   32.13  Sm/p
  09:15:28 STEP   23 H=   3:50 +CPU=225.688    
           STEP   23 :## EC_MEMINFO    0 taranis1200            80014   28618       0      9453    8606     5820   20224     7821   12886     5862   20266     8657   11846     5280   19612     7604   13826     5023   20770    185150    3396     13.2   0.0         0      0   26.49  Sm/p
  09:17:01 STEP   24 H=   4:00 +CPU=306.383    
           STEP   24 :## EC_MEMINFO    0 taranis1200            80014   28688       0      9454    8586     5820   20224     7689   12966     5917   20216     8709   11716     5256   19614     7508   13952     4979   20770    184959    3396     13.2   0.0         0      0   14.90  Sm/p
  09:17:22 STEP   25 H=   4:10 +CPU=217.501    
           STEP   25 :## EC_MEMINFO    0 taranis1200            80014   28688       0      9444    8584     5820   20224     7694   12974     5936   20216     8717   11716     5275   19614     7575   13932     4929   20770    185009    3396     13.2   0.0         0      0   20.86  Sm/p
  09:17:42 STEP   26 H=   4:20 +CPU=211.122    
           STEP   26 :## EC_MEMINFO    0 taranis1200            80014   28688       0      9445    8572     5819   20224     7690   12980     5937   20216     8724   11706     5277   19614     7379   14236     5137   20452    184999    3396     13.2   0.0         0      0   18.47  Sm/p
  09:18:03 STEP   27 H=   4:30 +CPU=221.558    
           STEP   27 :## EC_MEMINFO    0 taranis1200            80014   28688       0      9454    8556     5801   20224     7711   12968     5960   20216     8768   11698     5313   19614     7544   14066     5136   20452    185067    3396     13.2   0.0         0      0   17.23  Sm/p
  09:18:24 STEP   28 H=   4:40 +CPU=223.735    
           STEP   28 :## EC_MEMINFO    0 taranis1200            80014   28695       0      9471    8556     5770   20224     7715   12966     5961   20216     8749   11692     5286   19614     7409   14208     5135   20452    185010    3396     13.2   0.0         0      0   19.64  Sm/p
  09:18:44 STEP   29 H=   4:50 +CPU=212.120    
           STEP   29 :## EC_MEMINFO    0 taranis1200            80014   28711       0      9536    8556     5686   20224     7707   12936     5966   20216     9017   11342     5411   19614     7301   14190     5019   20452    184764    3396     13.2   0.0         0      0   22.85  Sm/p
  09:20:18 STEP   30 H=   5:00 +CPU=305.763    
           STEP   30 :## EC_MEMINFO    0 taranis1200            80014   28773       0      9525    8558     5686   20224     7789   12834     5960   20218     8984   11314     5390   19614     8017   13588     5161   20416    184871    3396     13.3   0.0         0      0   11.44  Sm/p
  09:20:39 STEP   31 H=   5:10 +CPU=206.959    
           STEP   31 :## EC_MEMINFO    0 taranis1200            80014   28773       0      9520    8558     5686   20224     7806   12850     5977   20218     9005   11308     5402   19614     8029   13562     5162   20416    184931    3396     13.3   0.0         0      0   11.71  Sm/p
  09:20:59 STEP   32 H=   5:20 +CPU=212.370    
           STEP   32 :## EC_MEMINFO    0 taranis1200            80014   28773       0      9514    8558     5686   20224     7722   12908     5930   20218     9004   11302     5395   19614     8006   13604     5125   20416    184819    3396     13.3   0.0         0      0    9.52  Sm/p
  09:21:20 STEP   33 H=   5:30 +CPU=212.835    
           STEP   33 :## EC_MEMINFO    0 taranis1200            80014   28773       0      9509    8558     5682   20224     7733   12976     5920   20214     9038   11298     5422   19614     7989   13604     5131   20416    184923    3396     13.3   0.0         0      0   17.95  Sm/p
  09:21:41 STEP   34 H=   5:40 +CPU=222.300    
           STEP   34 :## EC_MEMINFO    0 taranis1200            80014   28773       0      9505    8558     5678   20224     7711   12980     5903   20214     9062   11290     5286   19614     7953   13658     5101   20416    184749    3396     13.3   0.0         0      0   28.83  Sm/p
  09:22:01 STEP   35 H=   5:50 +CPU=200.948    
           STEP   35 :## EC_MEMINFO    0 taranis1200            80014   28773       0      9504    8546     5678   20224     7730   12978     5922   20212     9120   11296     5279   19614     7975   13664     5101   20416    184853    3396     13.3   0.0         0      0   30.83  Sm/p
  09:22:01 STEP   36 H=   6:00 +CPU=  0.532    
           STEP   36 :## EC_MEMINFO    0 taranis1200            80014   28773       0      9515    8546     5683   20224     7953   12978     5922   20212     9239   11296     5305   19614     8265   13664     5101   20416    185531    3396     13.2   0.0         0      0   30.83  Sm/p
## EC_MEMINFO                           | TC    | MEMORY USED(MB) | MEMORY FREE(MB)  -------------    -------------    -------------    -------------    -------------    -------------    -------------   INCLUDING CACHED|  %USED %HUGE  | Energy  Power LoadAvg
## EC_MEMINFO                           | Malloc| Inc Heap        | Numa region  0 | Numa region  1 | Numa region  2 | Numa region  3 | Numa region  4 | Numa region  5 | Numa region  6 | Numa region  7 |                |               |    (J)    (W)
## EC_MEMINFO Node Name                 | Heap  | RSS(sum)        | Small  Huge or | Small  Huge or | Small  Huge or | Small  Huge or | Small  Huge or | Small  Huge or | Small  Huge or | Small  Huge or | Total          |
## EC_MEMINFO                           | (sum) | Small    Huge   |  Only   Small  |  Only   Small  |  Only   Small  |  Only   Small  |  Only   Small  |  Only   Small  |  Only   Small  |  Only   Small  | Memfree+Cached |
## EC_MEMINFO    0 taranis1200           316605  115531       0     11194    8548     6568   20224     9383   12998     6807   20224    10809   11296     6264   19618     8706   14594     6003   20416    195240    3396     36.8   0.0         0      0   30.83  Sm/p:ec_mpi_finalize:mpl_end
## EC_MEMINFO    1 taranis1209           314746  115403       0     10409   10192     6206   19968    10240   12354     6273   20550     5512   17148     5487   21476     6413   16258     5989   20708    196809    2382     36.7   0.0         0      0   28.18  Sm/p:ec_mpi_finalize:mpl_end
## EC_MEMINFO    2 taranis1210           314897  115765       0     10484    9736     6030   20884     5908   16624     6244   20702     6642   15946     5824   20430    10281   12560     6497   20240    196646    2339     36.8   0.0         0      0   25.07  Sm/p:ec_mpi_finalize:mpl_end
## EC_MEMINFO 
## EC_MEMINFO 
## EC_MEMINFO  Total energy consumed :        0.000 kWh (0 J)
## EC_MEMINFO  Avg. power / node     : 0 W across 3 nodes
## EC_MEMINFO 
## EC_MEMINFO 
## EC_MEMINFO Detailed memory information for program /home/gmap/mrpm/marguina/gpupack/pack/49t2_openacc-bench-notransfer.01.INTEL2302.2d/bin/MASTERODB -- wall-time :   1273.863s
## EC_MEMINFO Running on 3 nodes (8-numa) with 12 compute + 0 I/O-tasks and 32+0 threads at 09:22:02.142 on 17-Jul-2024
## EC_MEMINFO The Job Name is arp and the Job ID is 65632733
## EC_MEMINFO 
[EC_DRHOOK:taranis1200:1:1:76092:76092] [20240717:092202:1274.224] [c_drhook_print_@drhook.c:4265] Writing profiling information of proc#1 into file 'drhook.prof.1'
Profiling information for program='/home/gmap/mrpm/marguina/gpupack/pack/49t2_openacc-bench-notransfer.01.INTEL2302.2d/bin/MASTERODB', proc#1:
	No. of instrumented routines called : 1621
	Instrumentation started : 20240717 090048
	Instrumentation   ended : 20240717 092202
	Instrumentation overhead: 0.05%
	Wall-time is 1274.11 sec on proc#1 (12 procs, 32 threads)
	Thread#1:     1273.26 sec (99.93%) -- Cycles: 2866164048181 (2866990724932)
	Thread#2:        9.17 sec (0.72%) -- Cycles: 20639722009 (2866990738343)
	Thread#3:        9.15 sec (0.72%) -- Cycles: 20592100593 (2866990726935)
	Thread#4:        9.08 sec (0.71%) -- Cycles: 20441473054 (2866990724347)
	Thread#5:        9.23 sec (0.72%) -- Cycles: 20781721714 (2866990741627)
	Thread#6:        9.10 sec (0.71%) -- Cycles: 20482115076 (2866990749075)
	Thread#7:        9.02 sec (0.71%) -- Cycles: 20308734042 (2866990743562)
	Thread#8:        9.04 sec (0.71%) -- Cycles: 20352349251 (2866990740930)
	Thread#9:        8.89 sec (0.70%) -- Cycles: 20005162176 (2866990734225)
	Thread#10:        8.96 sec (0.70%) -- Cycles: 20169896433 (2866990741875)
	Thread#11:        8.89 sec (0.70%) -- Cycles: 20016649069 (2866990738702)
	Thread#12:        8.95 sec (0.70%) -- Cycles: 20150770885 (2866990734225)
	Thread#13:        8.70 sec (0.68%) -- Cycles: 19576711879 (2866990722502)
	Thread#14:        8.66 sec (0.68%) -- Cycles: 19502750531 (2866990734472)
	Thread#15:        8.63 sec (0.68%) -- Cycles: 19437771446 (2866990727610)
	Thread#16:        8.66 sec (0.68%) -- Cycles: 19500393945 (2866990721490)
	Thread#17:        8.79 sec (0.69%) -- Cycles: 19787230466 (2866990772250)
	Thread#18:        8.70 sec (0.68%) -- Cycles: 19584699309 (2866990790092)
	Thread#19:        8.83 sec (0.69%) -- Cycles: 19866980291 (2866990773825)
	Thread#20:        8.87 sec (0.70%) -- Cycles: 19957248249 (2866990767165)
	Thread#21:        8.78 sec (0.69%) -- Cycles: 19753836966 (2866990800780)
	Thread#22:        8.72 sec (0.68%) -- Cycles: 19637852403 (2866990809443)
	Thread#23:        8.91 sec (0.70%) -- Cycles: 20052235585 (2866990810658)
	Thread#24:        8.87 sec (0.70%) -- Cycles: 19964778261 (2866990795672)
	Thread#25:        8.85 sec (0.69%) -- Cycles: 19928047608 (2866990779630)
	Thread#26:        8.79 sec (0.69%) -- Cycles: 19797192694 (2866990791308)
	Thread#27:        8.76 sec (0.69%) -- Cycles: 19728993591 (2866990781317)
	Thread#28:        8.79 sec (0.69%) -- Cycles: 19778951988 (2866990779630)
	Thread#29:        8.99 sec (0.71%) -- Cycles: 20232096976 (2866990768808)
	Thread#30:        8.91 sec (0.70%) -- Cycles: 20065816650 (2866990777380)
	Thread#31:        8.86 sec (0.70%) -- Cycles: 19948749827 (2866990771012)
	Thread#32:        8.88 sec (0.70%) -- Cycles: 19979900252 (2866990767008)
*------------------------------------------------------------------------------*
|                                                                              |
|                                   stdeo.1                                    |
|                                                                              |
*------------------------------------------------------------------------------*
MPIAUTOTIMEOUT is set to 90 seconds
MPI_Init took 1 seconds
Reading namelist NAMPAR0 from fort.4
Reading namelist NAMPAR0 from fort.4
OMP: Warning #182: OMP_STACKSIZE: ignored because KMP_STACKSIZE has been defined
Reading namelist NAM_DISTRIBUTED_VECTORS from file 
Reading namelist NAMPAR0 from fort.4
 FADGRA: Field `SURFET.GEOPOTENT' is not declared in `faFieldName.def' and has no encoded FMULTM and FMULTE
 FADGRA: Field `SURFPROP.ARGILE' is not declared in `faFieldName.def' and has no encoded FMULTM and FMULTE
 FADGRA: Field `SURFPROP.SABLE' is not declared in `faFieldName.def' and has no encoded FMULTM and FMULTE
 FADGRA: Field `SURFEPAIS.SOL' is not declared in `faFieldName.def' and has no encoded FMULTM and FMULTE
 FADGRA: Field `SURFIND.VEG.DOMI' is not declared in `faFieldName.def' and has no encoded FMULTM and FMULTE
 DEV_ALLOC_SIZE = 68719476736
 ------ lparallelmethod.txt ------
OPENMPSINGLECOLUMN               ACCTND0_PARALLEL:PACC
OPENMPSINGLECOLUMN               ACVPPKF_PARALLEL:PART0
OPENMPSINGLECOLUMN               ACVPPKF_PARALLEL:PART1
OPENMPSINGLECOLUMN               ACVPPKF_PARALLEL:PART2
OPENMPSINGLECOLUMN               ACVPPKF_PARALLEL:PART3
OPENMPSINGLECOLUMN               APL_ARPEGE_AEROSOLS_FOR_RADIATION_PARALLEL:RADAER
OPENMPSINGLECOLUMN               APL_ARPEGE_ALBEDO_COMPUTATION_PARALLEL:0
OPENMPSINGLECOLUMN               APL_ARPEGE_ATMOSPHERE_UPDATE_PARALLEL:CPTEND_NEW
OPENMPSINGLECOLUMN               APL_ARPEGE_CLOUDINESS_PARALLEL:ACNEBCOND
OPENMPSINGLECOLUMN               APL_ARPEGE_DEEP_CONVECTION_PARALLEL:ACUPTQ
OPENMPSINGLECOLUMN               APL_ARPEGE_DEEP_CONVECTION_PARALLEL:COPY
OPENMPSINGLECOLUMN               APL_ARPEGE_DEEP_CONVECTION_PARALLEL:CUCALLN_MF
OPENMPSINGLECOLUMN               APL_ARPEGE_DEEP_CONVECTION_PARALLEL:CULIGHT
OPENMPSINGLECOLUMN               APL_ARPEGE_DEEP_CONVECTION_PARALLEL:INIT
OPENMPSINGLECOLUMN               APL_ARPEGE_DEEP_CONVECTION_PARALLEL:ZERO
OPENMPSINGLECOLUMN               APL_ARPEGE_DPRECIPS_PARALLEL:0
OPENMPSINGLECOLUMN               APL_ARPEGE_HYDRO_BUDGET_PARALLEL:ACDROV
OPENMPSINGLECOLUMN               APL_ARPEGE_HYDRO_BUDGET_PARALLEL:LMSE
OPENMPSINGLECOLUMN               APL_ARPEGE_INIT_PARALLEL:0
OPENMPSINGLECOLUMN               APL_ARPEGE_INIT_PARALLEL:1
OPENMPSINGLECOLUMN               APL_ARPEGE_INIT_PARALLEL:2
OPENMPSINGLECOLUMN               APL_ARPEGE_INIT_PARALLEL:3
OPENMPSINGLECOLUMN               APL_ARPEGE_INIT_PARALLEL:4
OPENMPSINGLECOLUMN               APL_ARPEGE_INIT_PARALLEL:5
OPENMPSINGLECOLUMN               APL_ARPEGE_INIT_PARALLEL:6
OPENMP                           APL_ARPEGE_INIT_SURFEX_PARALLEL:0
OPENMP                           APL_ARPEGE_INIT_SURFEX_PARALLEL:1
OPENMP                           APL_ARPEGE_INIT_SURFEX_PARALLEL:2
OPENMPSINGLECOLUMN               APL_ARPEGE_MWAVE_PARALLEL:0
OPENMP                           APL_ARPEGE_OCEANIC_FLUXES_PARALLEL:1
OPENMPSINGLECOLUMN               APL_ARPEGE_OCEANIC_FLUXES_PARALLEL:ACFLUSO
OPENMP                           APL_ARPEGE_PARALLEL:22
OPENMP                           APL_ARPEGE_PARALLEL:23
OPENMP                           APL_ARPEGE_PARALLEL:24
OPENMPSINGLECOLUMN               APL_ARPEGE_PARALLEL:ACCLPH
OPENMPSINGLECOLUMN               APL_ARPEGE_PARALLEL:ACDRAG
OPENMPSINGLECOLUMN               APL_ARPEGE_PARALLEL:ACDRME
OPENMPSINGLECOLUMN               APL_ARPEGE_PARALLEL:ACEVADCAPE
OPENMPSINGLECOLUMN               APL_ARPEGE_PARALLEL:ACHMT
OPENMPSINGLECOLUMN               APL_ARPEGE_PARALLEL:ACHMTLS
OPENMPSINGLECOLUMN               APL_ARPEGE_PARALLEL:ACSOL
OPENMPSINGLECOLUMN               APL_ARPEGE_PARALLEL:ACTQSAT
OPENMPSINGLECOLUMN               APL_ARPEGE_PARALLEL:ACVISIH
OPENMPSINGLECOLUMN               APL_ARPEGE_PARALLEL:APLPAR_INIT
OPENMPSINGLECOLUMN               APL_ARPEGE_PARALLEL:BAYRAD
OPENMP                           APL_ARPEGE_PARALLEL:CHECKMV
OPENMPSINGLECOLUMN               APL_ARPEGE_PARALLEL:CPPHINP
OPENMPSINGLECOLUMN               APL_ARPEGE_PARALLEL:DIFTQ
OPENMPSINGLECOLUMN               APL_ARPEGE_PARALLEL:EDR
OPENMPSINGLECOLUMN               APL_ARPEGE_PARALLEL:FRSOPT
OPENMPSINGLECOLUMN               APL_ARPEGE_PARALLEL:PLSM
OPENMPSINGLECOLUMN               APL_ARPEGE_PARALLEL:PPWETPOINT
OPENMPSINGLECOLUMN               APL_ARPEGE_PARALLEL:PRECIPS
OPENMPSINGLECOLUMN               APL_ARPEGE_PARALLEL:QNGCOR
OPENMPSINGLECOLUMN               APL_ARPEGE_PARALLEL:TURBULENCE_PART2
OPENMPSINGLECOLUMN               APL_ARPEGE_PARALLEL:ZBAY_QRCONV
OPENMPSINGLECOLUMN               APL_ARPEGE_PARALLEL:ZDE2MR
OPENMPSINGLECOLUMN               APL_ARPEGE_PARALLEL:ZDPHIV
OPENMPSINGLECOLUMN               APL_ARPEGE_PARALLEL:ZRDG_LCVQ
OPENMPSINGLECOLUMN               APL_ARPEGE_PRECIPITATION_PARALLEL:ACUPTQ
OPENMPSINGLECOLUMN               APL_ARPEGE_RADIATION_PARALLEL:ACDAYD
OPENMPSINGLECOLUMN               APL_ARPEGE_RADIATION_PARALLEL:ACRANEB2
OPENMPSINGLECOLUMN               APL_ARPEGE_RADIATION_PARALLEL:ACRSO
OPENMPSINGLECOLUMN               APL_ARPEGE_RADIATION_PARALLEL:CALLRAD_F
OPENMPSINGLECOLUMN               APL_ARPEGE_RADIATION_PARALLEL:DIRECT
OPENMPSINGLECOLUMN               APL_ARPEGE_RADIATION_PARALLEL:LMSE_F
OPENMPSINGLECOLUMN               APL_ARPEGE_RADIATION_PARALLEL:RADHEAT
OPENMPSINGLECOLUMN               APL_ARPEGE_RADIATION_PARALLEL:SUNSHINE
OPENMPSINGLECOLUMN               APL_ARPEGE_SHALLOW_CONVECTION_AND_TURBULENCE_PARALLEL:ACTKE
OPENMPSINGLECOLUMN               APL_ARPEGE_SOIL_HYDRO_PARALLEL:ACVEG
OPENMP                           APL_ARPEGE_SURFACE_PARALLEL:1
OPENMPSINGLECOLUMN               APL_ARPEGE_SURFACE_PARALLEL:ACDIFV1
OPENMPSINGLECOLUMN               APL_ARPEGE_SURFACE_PARALLEL:ACDIFV2
OPENMPSINGLECOLUMN               APL_ARPEGE_SURFACE_PARALLEL:CALLSFX_F
OPENMPSINGLECOLUMN               APL_ARPEGE_SURFACE_PARALLEL:LEDKF
OPENMPSINGLECOLUMN               APL_ARPEGE_SURFACE_PARALLEL:LMSE_F
OPENMPSINGLECOLUMN               APL_ARPEGE_SURFACE_PARALLEL:LMSE_F2
OPENMPSINGLECOLUMN               APL_ARPEGE_SURFACE_UPDATE_PARALLEL:LMSE_F
OPENMPSINGLECOLUMN               APL_ARPEGE_SURFACE_UPDATE_PARALLEL:LMSE_T
OPENMPSINGLECOLUMN               APL_WIND_GUST_PARALLEL:ACCLDIA
OPENMPSINGLECOLUMN               ARP_SHALLOW_MF_PARALLEL:FINISH
OPENMPSINGLECOLUMN               ARP_SHALLOW_MF_PARALLEL:INIT
OPENMPSINGLECOLUMN               ARP_SHALLOW_MF_PARALLEL:SHALLOW_MF
OPENMPSINGLECOLUMN               ARP_SHALLOW_MF_PARALLEL:ZERO
OPENMPSINGLECOLUMN               CPCFU_PARALLEL:0
OPENMPSINGLECOLUMN               CPCFU_PARALLEL:1
OPENMPSINGLECOLUMN               CPCFU_PARALLEL:2
OPENMPSINGLECOLUMN               CPCFU_PARALLEL:3
OPENMPSINGLECOLUMN               CPCFU_PARALLEL:4
OPENMPSINGLECOLUMN               CPCFU_PARALLEL:5
OPENMPSINGLECOLUMN               CPGLAG_PARALLEL:0
OPENMPSINGLECOLUMN               CPGLAG_PARALLEL:1
OPENMPSINGLECOLUMN               CPGLAG_PARALLEL:STR
OPENMPSINGLECOLUMN               CPG_DIA_FLU_PARALLEL:0
OPENMPSINGLECOLUMN               CPG_DIA_FLU_PARALLEL:1
OPENMPSINGLECOLUMN               CPG_DIA_FLU_PARALLEL:2
OPENMPSINGLECOLUMN               CPG_DIA_FLU_PARALLEL:3
OPENMPSINGLECOLUMN               CPG_DIA_FLU_PARALLEL:4
OPENMPMETHOD                     CPG_END_SFC_PARALLEL:GSP_CL_SET0TO1
OPENMPMETHOD                     CPG_END_SFC_PARALLEL:PHTFILT
OPENMPMETHOD                     CPG_END_SFC_PARALLEL:SET0TO1
OPENMPSINGLECOLUMN               CPG_GP_HYD_PARALLEL:0
OPENMPSINGLECOLUMN               CPG_GP_HYD_PARALLEL:1
OPENMPSINGLECOLUMN               CPG_GP_HYD_PARALLEL:2
OPENMPSINGLECOLUMN               CPG_GP_HYD_PARALLEL:3
OPENMPSINGLECOLUMN               CPG_GP_PARALLEL:GPINISLB_PART1_EXPL
OPENMPSINGLECOLUMN               CPG_GP_PARALLEL:GPINISLB_PART3_EXPL
OPENMPSINGLECOLUMN               CPG_GP_PARALLEL:GPTF2_EXPL_2TL
OPENMPSINGLECOLUMN               CPG_GP_PARALLEL:GP_SPV
OPENMPSINGLECOLUMN               CPG_GP_PARALLEL:MAP_FACTOR
OPENMPMETHOD                     CPG_GP_PARALLEL:SET1TO0
OPENMPMETHOD                     CPG_GP_PARALLEL:SET1TO9
UPDATEVIEW                       CPG_GP_PARALLEL:SET9TO0
OPENMPSINGLECOLUMN               CPG_GP_PARALLEL:SETZERO
OPENMPSINGLECOLUMN               CPG_PARALLEL:ISETTLOFF
OPENMPSINGLECOLUMN               CPG_PARALLEL:LSMTSOL
OPENMPMETHOD                     CPG_PARALLEL:SHUFFLESL1
OPENMPMETHOD                     CPG_PARALLEL:ZEROPB2
OPENMPMETHOD                     CPG_PARALLEL:ZEROSL1
OPENMPSINGLECOLUMN               CPUTQY0_PARALLEL:PVAR
OPENMPSINGLECOLUMN               CPUTQY_APLPAR_EXPL_PARALLEL:PFDIS
OPENMPSINGLECOLUMN               CPUTQY_APLPAR_EXPL_PARALLEL:ZDEC
OPENMPSINGLECOLUMN               CPUTQY_APLPAR_EXPL_PARALLEL:ZTDCP
OPENMPSINGLECOLUMN               CPXFU_PARALLEL:0
OPENMPSINGLECOLUMN               CPXFU_PARALLEL:1
OPENMPSINGLECOLUMN               CPXFU_PARALLEL:2
OPENMPSINGLECOLUMN               CPXFU_PARALLEL:3
OPENMPSINGLECOLUMN               CPXFU_PARALLEL:4
OPENMPSINGLECOLUMN               CTVTOT_EXPL_PARALLEL:0
OPENMPSINGLECOLUMN               EXCHANGE_MS_MODNEW:MAIN
OPENMPSINGLECOLUMN               GPINISLB_PART2_EXPL_PARALLEL:0
OPENMPSINGLECOLUMN               GPINISLB_PART2_EXPL_PARALLEL:1
OPENMPSINGLECOLUMN               GPINISLB_PART2_EXPL_PARALLEL:2
OPENMPSINGLECOLUMN               GPINISLB_PART2_EXPL_PARALLEL:3
OPENMPSINGLECOLUMN               GPINISLB_PART2_EXPL_PARALLEL:4
OPENMPSINGLECOLUMN               GPINISLB_PART2_EXPL_PARALLEL:5
OPENMPSINGLECOLUMN               GPMPFC_EXPL_PARALLEL:0
OPENMPSINGLECOLUMN               GPMPFC_EXPL_PARALLEL:1
OPENMPSINGLECOLUMN               GPMPFC_EXPL_PART2_PARALLEL:0
OPENMPSINGLECOLUMN               GPRCP_EXPL_PARALLEL:0
OPENMPSINGLECOLUMN               GPRCP_EXPL_PARALLEL:1
OPENMPSINGLECOLUMN               GPRCP_EXPL_PARALLEL:2
OPENMPSINGLECOLUMN               GPRCP_EXPL_PARALLEL:3
OPENMPSINGLECOLUMN               GPRCP_EXPL_PARALLEL:4
OPENMPSINGLECOLUMN               GPRCP_EXPL_PARALLEL:5
OPENMPSINGLECOLUMN               GPTF1_YDVARS_PARALLEL:LGRADSP
OPENMPSINGLECOLUMN               GPTF1_YDVARS_PARALLEL:LTWOTL
OPENMPSINGLECOLUMN               GPTF1_YDVARS_PARALLEL:NOTLDTF1
OPENMPSINGLECOLUMN               LACDYN_PARALLEL:LASURE
OPENMPSINGLECOLUMN               LACDYN_PARALLEL:ZMIXNL
OPENMPSINGLECOLUMN               LAPINEA_PARALLEL:LARCINA
OPENMPSINGLECOLUMN               LAPINEB_PARALLEL:CVGQ
OPENMPSINGLECOLUMN               LAPINEB_PARALLEL:DPDETA0
OPENMPSINGLECOLUMN               LAPINEB_PARALLEL:LACONE
OPENMPSINGLECOLUMN               LAPINEB_PARALLEL:LARCHE
OPENMPSINGLECOLUMN               LAPINEB_PARALLEL:LRDBBC
OPENMPSINGLECOLUMN               LAPINEB_PARALLEL:LRPLANE
OPENMPSINGLECOLUMN               LAPINEB_PARALLEL:L_RDRY_VD
OPENMPSINGLECOLUMN               LAPINEB_PARALLEL:NVLAG2
OPENMPSINGLECOLUMN               LAPINEB_PARALLEL:NVLAG3
OPENMPSINGLECOLUMN               LAPINEB_PARALLEL:ROTUV
OPENMPSINGLECOLUMN               LAPINEB_PARALLEL:ROTUVGEO
OPENMPSINGLECOLUMN               LAPINEB_PARALLEL:TEMP_EQ
OPENMPSINGLECOLUMN               LAPINEB_PARALLEL:YCVGQ
OPENMPSINGLECOLUMN               LAPINEB_PARALLEL:ZERO_GMV9
OPENMPSINGLECOLUMN               LAPINEB_PARALLEL:ZERO_GMV9_SI
OPENMPSINGLECOLUMN               LAPINEB_PARALLEL:ZERO_GMV9_SL
OPENMPSINGLECOLUMN               LAPINEB_PARALLEL:ZERO_UV9
OPENMPSINGLECOLUMN               LAPINEB_PARALLEL:ZVWEI
OPENMPSINGLECOLUMN               LARCINB_PARALLEL:LAITRE_GFL
OPENMPSINGLECOLUMN               LARCINB_PARALLEL:LAITRE_GMV
OPENMPSINGLECOLUMN               LARCINB_PARALLEL:LAITVSPCQM
OPENMPSINGLECOLUMN               LARCINB_PARALLEL:LCOMAD_SP
OPENMPSINGLECOLUMN               LARCINB_PARALLEL:LDSLPHY
OPENMPSINGLECOLUMN               LARCINB_PARALLEL:LIN
OPENMPSINGLECOLUMN               LARCINB_PARALLEL:LLCOMAD
OPENMPSINGLECOLUMN               LARCINB_PARALLEL:LLCOMAD_2
OPENMPSINGLECOLUMN               LARCINB_PARALLEL:LRHS_CURV_F
OPENMPSINGLECOLUMN               LARCINB_PARALLEL:LTDIABLIN
OPENMPSINGLECOLUMN               LARCINB_PARALLEL:NQMGMV
OPENMPSINGLECOLUMN               LARCINB_PARALLEL:NTLAG_3
OPENMPSINGLECOLUMN               LARCINB_PARALLEL:NVLAG_2
OPENMPSINGLECOLUMN               LARCINB_PARALLEL:NVLAG_3
OPENMPSINGLECOLUMN               LARCINB_PARALLEL:RRINTOPT
OPENMPSINGLECOLUMN               LARMES_PARALLEL:LARMES
OPENMPSINGLECOLUMN               LASSIE_PARALLEL:GPRCP
OPENMPSINGLECOLUMN               LASSIE_PARALLEL:SITNU
OPENMPSINGLECOLUMN               LATTES_PARALLEL:0
OPENMPSINGLECOLUMN               LATTEX_EXPL_2TL_PARALLEL:0
OPENMPSINGLECOLUMN               LATTEX_EXPL_2TL_PARALLEL:1
OPENMPSINGLECOLUMN               LATTEX_EXPL_2TL_PARALLEL:2
OPENMPSINGLECOLUMN               LATTEX_EXPL_2TL_PARALLEL:3
OPENMPSINGLECOLUMN               LATTEX_EXPL_2TL_PARALLEL:4
OPENMPSINGLECOLUMN               LATTEX_EXPL_2TL_PARALLEL:5
OPENMPSINGLECOLUMN               LATTEX_EXPL_2TL_PARALLEL:6
OPENMP                           LATTEX_EXPL_VSPLTRANS_PARALLEL:0
OPENMP                           LATTEX_EXPL_VSPLTRANS_PARALLEL:1
OPENMPSINGLECOLUMN               LATTEX_PARALLEL:LRHS_CURV
OPENMPSINGLECOLUMN               LATTEX_PARALLEL:LRSIDDH
OPENMPSINGLECOLUMN               LATTEX_PARALLEL:MAIN
OPENMPSINGLECOLUMN               LAVABO_EXPL_LAITVSPCQM_PART1_PARALLEL:0
OPENMPSINGLECOLUMN               LAVABO_EXPL_LAITVSPCQM_PART2_PARALLEL:0
OPENMPSINGLECOLUMN               LAVABO_PARALLEL:0
OPENMPSINGLECOLUMN               LAVABO_PARALLEL:1
OPENMPSINGLECOLUMN               LAVABO_PARALLEL:2
OPENMPSINGLECOLUMN               LAVENT_PARALLEL:0
OPENMPSINGLECOLUMN               MF_PHYS_FPL_PART1_PARALLEL:PART1
OPENMPSINGLECOLUMN               MF_PHYS_FPL_PART2_PARALLEL:PART2
OPENMPSINGLECOLUMN               MF_PHYS_INIT_PARALLEL:ZERO
OPENMPSINGLECOLUMN               MF_PHYS_MOCON_PARALLEL:PPWETPOINT
OPENMPSINGLECOLUMN               MF_PHYS_PREP_PARALLEL:PREP
OPENMPSINGLECOLUMN               MF_PHYS_SAVE_PHSURF_PART1_PARALLEL:PART1
OPENMPSINGLECOLUMN               MF_PHYS_SAVE_PHSURF_PART2_PARALLEL:PART2
OPENMPSINGLECOLUMN               MF_PHYS_TRANSFER_PARALLEL:ALL
OPENMPSINGLECOLUMN               RECMWF_PARALLEL:1
OPENMPSINGLECOLUMN               RECMWF_PARALLEL:2
OPENMP                           RECMWF_PARALLEL:ECRAD_CPU
OPENMP                           RECMWF_PARALLEL:ECRAD_GPU
OPENMPSINGLECOLUMN               RECMWF_PARALLEL:ECRAD_POST
OPENMPSINGLECOLUMN               RECMWF_PARALLEL:FINISH
OPENMPSINGLECOLUMN               RECMWF_PARALLEL:PREPARE
OPENMP                           RECMWF_PARALLEL:RRTM
OPENMP                           RECMWF_PARALLEL:SRTM
OPENMPSINGLECOLUMN               SCAN2M_TS_PARALLEL:0
OPENMPSINGLECOLUMN               SPCHORNEW_PARALLEL:MAIN
OPENMPSINGLECOLUMN               SPCMNEW_PARALLEL:MAIN
OPENMPSINGLECOLUMN               SPCSINEW_PARALLEL:MAIN
OPENMPSINGLECOLUMN               STEPO:MAIN
OPENMPSINGLECOLUMN               TRMTOSNEW:MAIN
OPENMPSINGLECOLUMN               TRSTOMNEW:MAIN
 ------ lparallelmethod.txt ------
 ------ lsynchost.txt ------
 ------ lsynchost.txt ------
 SMILAGTRAJECTORYUNDERGROUND           1 TIMES.
 POINT=          23 MAXETADOTVERTICALVEL.=  1.259773247638208E-005
 LON=   31.9200000000000      DEGREES
 LAT=   66.6469546632196      DEGREES
 SMILAGTRAJECTORYUNDERGROUND           1 TIMES.
 POINT=          21 MAXETADOTVERTICALVEL.=  4.115635738526487E-007
 LON=   32.4000000000000      DEGREES
 LAT=   66.2885421167348      DEGREES
 SMILAGTRAJECTORYUNDERGROUND           1 TIMES.
 POINT=           1 MAXETADOTVERTICALVEL.=  5.768281765264642E-007
 LON=   32.4000000000000      DEGREES
 LAT=   66.3365368184525      DEGREES
*------------------------------------------------------------------------------*
|                                                                              |
|                                   stdeo.2                                    |
|                                                                              |
*------------------------------------------------------------------------------*
MPIAUTOTIMEOUT is set to 90 seconds
MPI_Init took 1 seconds
Reading namelist NAMPAR0 from fort.4
Reading namelist NAMPAR0 from fort.4
OMP: Warning #182: OMP_STACKSIZE: ignored because KMP_STACKSIZE has been defined
Reading namelist NAM_DISTRIBUTED_VECTORS from file 
Reading namelist NAMPAR0 from fort.4
 FADGRA: Field `SURFAEROS.SEA' is not declared in `faFieldName.def' and has no encoded FMULTM and FMULTE
 FADGRA: Field `SURFAEROS.LAND' is not declared in `faFieldName.def' and has no encoded FMULTM and FMULTE
 FADGRA: Field `SURFAEROS.SOOT' is not declared in `faFieldName.def' and has no encoded FMULTM and FMULTE
 FADGRA: Field `SURFAEROS.DESERT' is not declared in `faFieldName.def' and has no encoded FMULTM and FMULTE
 FADGRA: Field `SURFA.OF.OZONE' is not declared in `faFieldName.def' and has no encoded FMULTM and FMULTE
 FADGRA: Field `SURFB.OF.OZONE' is not declared in `faFieldName.def' and has no encoded FMULTM and FMULTE
 FADGRA: Field `SURFC.OF.OZONE' is not declared in `faFieldName.def' and has no encoded FMULTM and FMULTE
 DEV_ALLOC_SIZE = 68719476736
 ------ lparallelmethod.txt ------
OPENMPSINGLECOLUMN               ACCTND0_PARALLEL:PACC
OPENMPSINGLECOLUMN               ACVPPKF_PARALLEL:PART0
OPENMPSINGLECOLUMN               ACVPPKF_PARALLEL:PART1
OPENMPSINGLECOLUMN               ACVPPKF_PARALLEL:PART2
OPENMPSINGLECOLUMN               ACVPPKF_PARALLEL:PART3
OPENMPSINGLECOLUMN               APL_ARPEGE_AEROSOLS_FOR_RADIATION_PARALLEL:RADAER
OPENMPSINGLECOLUMN               APL_ARPEGE_ALBEDO_COMPUTATION_PARALLEL:0
OPENMPSINGLECOLUMN               APL_ARPEGE_ATMOSPHERE_UPDATE_PARALLEL:CPTEND_NEW
OPENMPSINGLECOLUMN               APL_ARPEGE_CLOUDINESS_PARALLEL:ACNEBCOND
OPENMPSINGLECOLUMN               APL_ARPEGE_DEEP_CONVECTION_PARALLEL:ACUPTQ
OPENMPSINGLECOLUMN               APL_ARPEGE_DEEP_CONVECTION_PARALLEL:COPY
OPENMPSINGLECOLUMN               APL_ARPEGE_DEEP_CONVECTION_PARALLEL:CUCALLN_MF
OPENMPSINGLECOLUMN               APL_ARPEGE_DEEP_CONVECTION_PARALLEL:CULIGHT
OPENMPSINGLECOLUMN               APL_ARPEGE_DEEP_CONVECTION_PARALLEL:INIT
OPENMPSINGLECOLUMN               APL_ARPEGE_DEEP_CONVECTION_PARALLEL:ZERO
OPENMPSINGLECOLUMN               APL_ARPEGE_DPRECIPS_PARALLEL:0
OPENMPSINGLECOLUMN               APL_ARPEGE_HYDRO_BUDGET_PARALLEL:ACDROV
OPENMPSINGLECOLUMN               APL_ARPEGE_HYDRO_BUDGET_PARALLEL:LMSE
OPENMPSINGLECOLUMN               APL_ARPEGE_INIT_PARALLEL:0
OPENMPSINGLECOLUMN               APL_ARPEGE_INIT_PARALLEL:1
OPENMPSINGLECOLUMN               APL_ARPEGE_INIT_PARALLEL:2
OPENMPSINGLECOLUMN               APL_ARPEGE_INIT_PARALLEL:3
OPENMPSINGLECOLUMN               APL_ARPEGE_INIT_PARALLEL:4
OPENMPSINGLECOLUMN               APL_ARPEGE_INIT_PARALLEL:5
OPENMPSINGLECOLUMN               APL_ARPEGE_INIT_PARALLEL:6
OPENMP                           APL_ARPEGE_INIT_SURFEX_PARALLEL:0
OPENMP                           APL_ARPEGE_INIT_SURFEX_PARALLEL:1
OPENMP                           APL_ARPEGE_INIT_SURFEX_PARALLEL:2
OPENMPSINGLECOLUMN               APL_ARPEGE_MWAVE_PARALLEL:0
OPENMP                           APL_ARPEGE_OCEANIC_FLUXES_PARALLEL:1
OPENMPSINGLECOLUMN               APL_ARPEGE_OCEANIC_FLUXES_PARALLEL:ACFLUSO
OPENMP                           APL_ARPEGE_PARALLEL:22
OPENMP                           APL_ARPEGE_PARALLEL:23
OPENMP                           APL_ARPEGE_PARALLEL:24
OPENMPSINGLECOLUMN               APL_ARPEGE_PARALLEL:ACCLPH
OPENMPSINGLECOLUMN               APL_ARPEGE_PARALLEL:ACDRAG
OPENMPSINGLECOLUMN               APL_ARPEGE_PARALLEL:ACDRME
OPENMPSINGLECOLUMN               APL_ARPEGE_PARALLEL:ACEVADCAPE
OPENMPSINGLECOLUMN               APL_ARPEGE_PARALLEL:ACHMT
OPENMPSINGLECOLUMN               APL_ARPEGE_PARALLEL:ACHMTLS
OPENMPSINGLECOLUMN               APL_ARPEGE_PARALLEL:ACSOL
OPENMPSINGLECOLUMN               APL_ARPEGE_PARALLEL:ACTQSAT
OPENMPSINGLECOLUMN               APL_ARPEGE_PARALLEL:ACVISIH
OPENMPSINGLECOLUMN               APL_ARPEGE_PARALLEL:APLPAR_INIT
OPENMPSINGLECOLUMN               APL_ARPEGE_PARALLEL:BAYRAD
OPENMP                           APL_ARPEGE_PARALLEL:CHECKMV
OPENMPSINGLECOLUMN               APL_ARPEGE_PARALLEL:CPPHINP
OPENMPSINGLECOLUMN               APL_ARPEGE_PARALLEL:DIFTQ
OPENMPSINGLECOLUMN               APL_ARPEGE_PARALLEL:EDR
OPENMPSINGLECOLUMN               APL_ARPEGE_PARALLEL:FRSOPT
OPENMPSINGLECOLUMN               APL_ARPEGE_PARALLEL:PLSM
OPENMPSINGLECOLUMN               APL_ARPEGE_PARALLEL:PPWETPOINT
OPENMPSINGLECOLUMN               APL_ARPEGE_PARALLEL:PRECIPS
OPENMPSINGLECOLUMN               APL_ARPEGE_PARALLEL:QNGCOR
OPENMPSINGLECOLUMN               APL_ARPEGE_PARALLEL:TURBULENCE_PART2
OPENMPSINGLECOLUMN               APL_ARPEGE_PARALLEL:ZBAY_QRCONV
OPENMPSINGLECOLUMN               APL_ARPEGE_PARALLEL:ZDE2MR
OPENMPSINGLECOLUMN               APL_ARPEGE_PARALLEL:ZDPHIV
OPENMPSINGLECOLUMN               APL_ARPEGE_PARALLEL:ZRDG_LCVQ
OPENMPSINGLECOLUMN               APL_ARPEGE_PRECIPITATION_PARALLEL:ACUPTQ
OPENMPSINGLECOLUMN               APL_ARPEGE_RADIATION_PARALLEL:ACDAYD
OPENMPSINGLECOLUMN               APL_ARPEGE_RADIATION_PARALLEL:ACRANEB2
OPENMPSINGLECOLUMN               APL_ARPEGE_RADIATION_PARALLEL:ACRSO
OPENMPSINGLECOLUMN               APL_ARPEGE_RADIATION_PARALLEL:CALLRAD_F
OPENMPSINGLECOLUMN               APL_ARPEGE_RADIATION_PARALLEL:DIRECT
OPENMPSINGLECOLUMN               APL_ARPEGE_RADIATION_PARALLEL:LMSE_F
OPENMPSINGLECOLUMN               APL_ARPEGE_RADIATION_PARALLEL:RADHEAT
OPENMPSINGLECOLUMN               APL_ARPEGE_RADIATION_PARALLEL:SUNSHINE
OPENMPSINGLECOLUMN               APL_ARPEGE_SHALLOW_CONVECTION_AND_TURBULENCE_PARALLEL:ACTKE
OPENMPSINGLECOLUMN               APL_ARPEGE_SOIL_HYDRO_PARALLEL:ACVEG
OPENMP                           APL_ARPEGE_SURFACE_PARALLEL:1
OPENMPSINGLECOLUMN               APL_ARPEGE_SURFACE_PARALLEL:ACDIFV1
OPENMPSINGLECOLUMN               APL_ARPEGE_SURFACE_PARALLEL:ACDIFV2
OPENMPSINGLECOLUMN               APL_ARPEGE_SURFACE_PARALLEL:CALLSFX_F
OPENMPSINGLECOLUMN               APL_ARPEGE_SURFACE_PARALLEL:LEDKF
OPENMPSINGLECOLUMN               APL_ARPEGE_SURFACE_PARALLEL:LMSE_F
OPENMPSINGLECOLUMN               APL_ARPEGE_SURFACE_PARALLEL:LMSE_F2
OPENMPSINGLECOLUMN               APL_ARPEGE_SURFACE_UPDATE_PARALLEL:LMSE_F
OPENMPSINGLECOLUMN               APL_ARPEGE_SURFACE_UPDATE_PARALLEL:LMSE_T
OPENMPSINGLECOLUMN               APL_WIND_GUST_PARALLEL:ACCLDIA
OPENMPSINGLECOLUMN               ARP_SHALLOW_MF_PARALLEL:FINISH
OPENMPSINGLECOLUMN               ARP_SHALLOW_MF_PARALLEL:INIT
OPENMPSINGLECOLUMN               ARP_SHALLOW_MF_PARALLEL:SHALLOW_MF
OPENMPSINGLECOLUMN               ARP_SHALLOW_MF_PARALLEL:ZERO
OPENMPSINGLECOLUMN               CPCFU_PARALLEL:0
OPENMPSINGLECOLUMN               CPCFU_PARALLEL:1
OPENMPSINGLECOLUMN               CPCFU_PARALLEL:2
OPENMPSINGLECOLUMN               CPCFU_PARALLEL:3
OPENMPSINGLECOLUMN               CPCFU_PARALLEL:4
OPENMPSINGLECOLUMN               CPCFU_PARALLEL:5
OPENMPSINGLECOLUMN               CPGLAG_PARALLEL:0
OPENMPSINGLECOLUMN               CPGLAG_PARALLEL:1
OPENMPSINGLECOLUMN               CPGLAG_PARALLEL:STR
OPENMPSINGLECOLUMN               CPG_DIA_FLU_PARALLEL:0
OPENMPSINGLECOLUMN               CPG_DIA_FLU_PARALLEL:1
OPENMPSINGLECOLUMN               CPG_DIA_FLU_PARALLEL:2
OPENMPSINGLECOLUMN               CPG_DIA_FLU_PARALLEL:3
OPENMPSINGLECOLUMN               CPG_DIA_FLU_PARALLEL:4
OPENMPMETHOD                     CPG_END_SFC_PARALLEL:GSP_CL_SET0TO1
OPENMPMETHOD                     CPG_END_SFC_PARALLEL:PHTFILT
OPENMPMETHOD                     CPG_END_SFC_PARALLEL:SET0TO1
OPENMPSINGLECOLUMN               CPG_GP_HYD_PARALLEL:0
OPENMPSINGLECOLUMN               CPG_GP_HYD_PARALLEL:1
OPENMPSINGLECOLUMN               CPG_GP_HYD_PARALLEL:2
OPENMPSINGLECOLUMN               CPG_GP_HYD_PARALLEL:3
OPENMPSINGLECOLUMN               CPG_GP_PARALLEL:GPINISLB_PART1_EXPL
OPENMPSINGLECOLUMN               CPG_GP_PARALLEL:GPINISLB_PART3_EXPL
OPENMPSINGLECOLUMN               CPG_GP_PARALLEL:GPTF2_EXPL_2TL
OPENMPSINGLECOLUMN               CPG_GP_PARALLEL:GP_SPV
OPENMPSINGLECOLUMN               CPG_GP_PARALLEL:MAP_FACTOR
OPENMPMETHOD                     CPG_GP_PARALLEL:SET1TO0
OPENMPMETHOD                     CPG_GP_PARALLEL:SET1TO9
UPDATEVIEW                       CPG_GP_PARALLEL:SET9TO0
OPENMPSINGLECOLUMN               CPG_GP_PARALLEL:SETZERO
OPENMPSINGLECOLUMN               CPG_PARALLEL:ISETTLOFF
OPENMPSINGLECOLUMN               CPG_PARALLEL:LSMTSOL
OPENMPMETHOD                     CPG_PARALLEL:SHUFFLESL1
OPENMPMETHOD                     CPG_PARALLEL:ZEROPB2
OPENMPMETHOD                     CPG_PARALLEL:ZEROSL1
OPENMPSINGLECOLUMN               CPUTQY0_PARALLEL:PVAR
OPENMPSINGLECOLUMN               CPUTQY_APLPAR_EXPL_PARALLEL:PFDIS
OPENMPSINGLECOLUMN               CPUTQY_APLPAR_EXPL_PARALLEL:ZDEC
OPENMPSINGLECOLUMN               CPUTQY_APLPAR_EXPL_PARALLEL:ZTDCP
OPENMPSINGLECOLUMN               CPXFU_PARALLEL:0
OPENMPSINGLECOLUMN               CPXFU_PARALLEL:1
OPENMPSINGLECOLUMN               CPXFU_PARALLEL:2
OPENMPSINGLECOLUMN               CPXFU_PARALLEL:3
OPENMPSINGLECOLUMN               CPXFU_PARALLEL:4
OPENMPSINGLECOLUMN               CTVTOT_EXPL_PARALLEL:0
OPENMPSINGLECOLUMN               EXCHANGE_MS_MODNEW:MAIN
OPENMPSINGLECOLUMN               GPINISLB_PART2_EXPL_PARALLEL:0
OPENMPSINGLECOLUMN               GPINISLB_PART2_EXPL_PARALLEL:1
OPENMPSINGLECOLUMN               GPINISLB_PART2_EXPL_PARALLEL:2
OPENMPSINGLECOLUMN               GPINISLB_PART2_EXPL_PARALLEL:3
OPENMPSINGLECOLUMN               GPINISLB_PART2_EXPL_PARALLEL:4
OPENMPSINGLECOLUMN               GPINISLB_PART2_EXPL_PARALLEL:5
OPENMPSINGLECOLUMN               GPMPFC_EXPL_PARALLEL:0
OPENMPSINGLECOLUMN               GPMPFC_EXPL_PARALLEL:1
OPENMPSINGLECOLUMN               GPMPFC_EXPL_PART2_PARALLEL:0
OPENMPSINGLECOLUMN               GPRCP_EXPL_PARALLEL:0
OPENMPSINGLECOLUMN               GPRCP_EXPL_PARALLEL:1
OPENMPSINGLECOLUMN               GPRCP_EXPL_PARALLEL:2
OPENMPSINGLECOLUMN               GPRCP_EXPL_PARALLEL:3
OPENMPSINGLECOLUMN               GPRCP_EXPL_PARALLEL:4
OPENMPSINGLECOLUMN               GPRCP_EXPL_PARALLEL:5
OPENMPSINGLECOLUMN               GPTF1_YDVARS_PARALLEL:LGRADSP
OPENMPSINGLECOLUMN               GPTF1_YDVARS_PARALLEL:LTWOTL
OPENMPSINGLECOLUMN               GPTF1_YDVARS_PARALLEL:NOTLDTF1
OPENMPSINGLECOLUMN               LACDYN_PARALLEL:LASURE
OPENMPSINGLECOLUMN               LACDYN_PARALLEL:ZMIXNL
OPENMPSINGLECOLUMN               LAPINEA_PARALLEL:LARCINA
OPENMPSINGLECOLUMN               LAPINEB_PARALLEL:CVGQ
OPENMPSINGLECOLUMN               LAPINEB_PARALLEL:DPDETA0
OPENMPSINGLECOLUMN               LAPINEB_PARALLEL:LACONE
OPENMPSINGLECOLUMN               LAPINEB_PARALLEL:LARCHE
OPENMPSINGLECOLUMN               LAPINEB_PARALLEL:LRDBBC
OPENMPSINGLECOLUMN               LAPINEB_PARALLEL:LRPLANE
OPENMPSINGLECOLUMN               LAPINEB_PARALLEL:L_RDRY_VD
OPENMPSINGLECOLUMN               LAPINEB_PARALLEL:NVLAG2
OPENMPSINGLECOLUMN               LAPINEB_PARALLEL:NVLAG3
OPENMPSINGLECOLUMN               LAPINEB_PARALLEL:ROTUV
OPENMPSINGLECOLUMN               LAPINEB_PARALLEL:ROTUVGEO
OPENMPSINGLECOLUMN               LAPINEB_PARALLEL:TEMP_EQ
OPENMPSINGLECOLUMN               LAPINEB_PARALLEL:YCVGQ
OPENMPSINGLECOLUMN               LAPINEB_PARALLEL:ZERO_GMV9
OPENMPSINGLECOLUMN               LAPINEB_PARALLEL:ZERO_GMV9_SI
OPENMPSINGLECOLUMN               LAPINEB_PARALLEL:ZERO_GMV9_SL
OPENMPSINGLECOLUMN               LAPINEB_PARALLEL:ZERO_UV9
OPENMPSINGLECOLUMN               LAPINEB_PARALLEL:ZVWEI
OPENMPSINGLECOLUMN               LARCINB_PARALLEL:LAITRE_GFL
OPENMPSINGLECOLUMN               LARCINB_PARALLEL:LAITRE_GMV
OPENMPSINGLECOLUMN               LARCINB_PARALLEL:LAITVSPCQM
OPENMPSINGLECOLUMN               LARCINB_PARALLEL:LCOMAD_SP
OPENMPSINGLECOLUMN               LARCINB_PARALLEL:LDSLPHY
OPENMPSINGLECOLUMN               LARCINB_PARALLEL:LIN
OPENMPSINGLECOLUMN               LARCINB_PARALLEL:LLCOMAD
OPENMPSINGLECOLUMN               LARCINB_PARALLEL:LLCOMAD_2
OPENMPSINGLECOLUMN               LARCINB_PARALLEL:LRHS_CURV_F
OPENMPSINGLECOLUMN               LARCINB_PARALLEL:LTDIABLIN
OPENMPSINGLECOLUMN               LARCINB_PARALLEL:NQMGMV
OPENMPSINGLECOLUMN               LARCINB_PARALLEL:NTLAG_3
OPENMPSINGLECOLUMN               LARCINB_PARALLEL:NVLAG_2
OPENMPSINGLECOLUMN               LARCINB_PARALLEL:NVLAG_3
OPENMPSINGLECOLUMN               LARCINB_PARALLEL:RRINTOPT
OPENMPSINGLECOLUMN               LARMES_PARALLEL:LARMES
OPENMPSINGLECOLUMN               LASSIE_PARALLEL:GPRCP
OPENMPSINGLECOLUMN               LASSIE_PARALLEL:SITNU
OPENMPSINGLECOLUMN               LATTES_PARALLEL:0
OPENMPSINGLECOLUMN               LATTEX_EXPL_2TL_PARALLEL:0
OPENMPSINGLECOLUMN               LATTEX_EXPL_2TL_PARALLEL:1
OPENMPSINGLECOLUMN               LATTEX_EXPL_2TL_PARALLEL:2
OPENMPSINGLECOLUMN               LATTEX_EXPL_2TL_PARALLEL:3
OPENMPSINGLECOLUMN               LATTEX_EXPL_2TL_PARALLEL:4
OPENMPSINGLECOLUMN               LATTEX_EXPL_2TL_PARALLEL:5
OPENMPSINGLECOLUMN               LATTEX_EXPL_2TL_PARALLEL:6
OPENMP                           LATTEX_EXPL_VSPLTRANS_PARALLEL:0
OPENMP                           LATTEX_EXPL_VSPLTRANS_PARALLEL:1
OPENMPSINGLECOLUMN               LATTEX_PARALLEL:LRHS_CURV
OPENMPSINGLECOLUMN               LATTEX_PARALLEL:LRSIDDH
OPENMPSINGLECOLUMN               LATTEX_PARALLEL:MAIN
OPENMPSINGLECOLUMN               LAVABO_EXPL_LAITVSPCQM_PART1_PARALLEL:0
OPENMPSINGLECOLUMN               LAVABO_EXPL_LAITVSPCQM_PART2_PARALLEL:0
OPENMPSINGLECOLUMN               LAVABO_PARALLEL:0
OPENMPSINGLECOLUMN               LAVABO_PARALLEL:1
OPENMPSINGLECOLUMN               LAVABO_PARALLEL:2
OPENMPSINGLECOLUMN               LAVENT_PARALLEL:0
OPENMPSINGLECOLUMN               MF_PHYS_FPL_PART1_PARALLEL:PART1
OPENMPSINGLECOLUMN               MF_PHYS_FPL_PART2_PARALLEL:PART2
OPENMPSINGLECOLUMN               MF_PHYS_INIT_PARALLEL:ZERO
OPENMPSINGLECOLUMN               MF_PHYS_MOCON_PARALLEL:PPWETPOINT
OPENMPSINGLECOLUMN               MF_PHYS_PREP_PARALLEL:PREP
OPENMPSINGLECOLUMN               MF_PHYS_SAVE_PHSURF_PART1_PARALLEL:PART1
OPENMPSINGLECOLUMN               MF_PHYS_SAVE_PHSURF_PART2_PARALLEL:PART2
OPENMPSINGLECOLUMN               MF_PHYS_TRANSFER_PARALLEL:ALL
OPENMPSINGLECOLUMN               RECMWF_PARALLEL:1
OPENMPSINGLECOLUMN               RECMWF_PARALLEL:2
OPENMP                           RECMWF_PARALLEL:ECRAD_CPU
OPENMP                           RECMWF_PARALLEL:ECRAD_GPU
OPENMPSINGLECOLUMN               RECMWF_PARALLEL:ECRAD_POST
OPENMPSINGLECOLUMN               RECMWF_PARALLEL:FINISH
OPENMPSINGLECOLUMN               RECMWF_PARALLEL:PREPARE
OPENMP                           RECMWF_PARALLEL:RRTM
OPENMP                           RECMWF_PARALLEL:SRTM
OPENMPSINGLECOLUMN               SCAN2M_TS_PARALLEL:0
OPENMPSINGLECOLUMN               SPCHORNEW_PARALLEL:MAIN
OPENMPSINGLECOLUMN               SPCMNEW_PARALLEL:MAIN
OPENMPSINGLECOLUMN               SPCSINEW_PARALLEL:MAIN
OPENMPSINGLECOLUMN               STEPO:MAIN
OPENMPSINGLECOLUMN               TRMTOSNEW:MAIN
OPENMPSINGLECOLUMN               TRSTOMNEW:MAIN
 ------ lparallelmethod.txt ------
 ------ lsynchost.txt ------
 ------ lsynchost.txt ------
*------------------------------------------------------------------------------*
|                                                                              |
|                                   stdeo.3                                    |
|                                                                              |
*------------------------------------------------------------------------------*
MPIAUTOTIMEOUT is set to 90 seconds
MPI_Init took 1 seconds
Reading namelist NAMPAR0 from fort.4
Reading namelist NAMPAR0 from fort.4
OMP: Warning #182: OMP_STACKSIZE: ignored because KMP_STACKSIZE has been defined
Reading namelist NAM_DISTRIBUTED_VECTORS from file 
Reading namelist NAMPAR0 from fort.4
 DEV_ALLOC_SIZE = 68719476736
 ------ lparallelmethod.txt ------
OPENMPSINGLECOLUMN               ACCTND0_PARALLEL:PACC
OPENMPSINGLECOLUMN               ACVPPKF_PARALLEL:PART0
OPENMPSINGLECOLUMN               ACVPPKF_PARALLEL:PART1
OPENMPSINGLECOLUMN               ACVPPKF_PARALLEL:PART2
OPENMPSINGLECOLUMN               ACVPPKF_PARALLEL:PART3
OPENMPSINGLECOLUMN               APL_ARPEGE_AEROSOLS_FOR_RADIATION_PARALLEL:RADAER
OPENMPSINGLECOLUMN               APL_ARPEGE_ALBEDO_COMPUTATION_PARALLEL:0
OPENMPSINGLECOLUMN               APL_ARPEGE_ATMOSPHERE_UPDATE_PARALLEL:CPTEND_NEW
OPENMPSINGLECOLUMN               APL_ARPEGE_CLOUDINESS_PARALLEL:ACNEBCOND
OPENMPSINGLECOLUMN               APL_ARPEGE_DEEP_CONVECTION_PARALLEL:ACUPTQ
OPENMPSINGLECOLUMN               APL_ARPEGE_DEEP_CONVECTION_PARALLEL:COPY
OPENMPSINGLECOLUMN               APL_ARPEGE_DEEP_CONVECTION_PARALLEL:CUCALLN_MF
OPENMPSINGLECOLUMN               APL_ARPEGE_DEEP_CONVECTION_PARALLEL:CULIGHT
OPENMPSINGLECOLUMN               APL_ARPEGE_DEEP_CONVECTION_PARALLEL:INIT
OPENMPSINGLECOLUMN               APL_ARPEGE_DEEP_CONVECTION_PARALLEL:ZERO
OPENMPSINGLECOLUMN               APL_ARPEGE_DPRECIPS_PARALLEL:0
OPENMPSINGLECOLUMN               APL_ARPEGE_HYDRO_BUDGET_PARALLEL:ACDROV
OPENMPSINGLECOLUMN               APL_ARPEGE_HYDRO_BUDGET_PARALLEL:LMSE
OPENMPSINGLECOLUMN               APL_ARPEGE_INIT_PARALLEL:0
OPENMPSINGLECOLUMN               APL_ARPEGE_INIT_PARALLEL:1
OPENMPSINGLECOLUMN               APL_ARPEGE_INIT_PARALLEL:2
OPENMPSINGLECOLUMN               APL_ARPEGE_INIT_PARALLEL:3
OPENMPSINGLECOLUMN               APL_ARPEGE_INIT_PARALLEL:4
OPENMPSINGLECOLUMN               APL_ARPEGE_INIT_PARALLEL:5
OPENMPSINGLECOLUMN               APL_ARPEGE_INIT_PARALLEL:6
OPENMP                           APL_ARPEGE_INIT_SURFEX_PARALLEL:0
OPENMP                           APL_ARPEGE_INIT_SURFEX_PARALLEL:1
OPENMP                           APL_ARPEGE_INIT_SURFEX_PARALLEL:2
OPENMPSINGLECOLUMN               APL_ARPEGE_MWAVE_PARALLEL:0
OPENMP                           APL_ARPEGE_OCEANIC_FLUXES_PARALLEL:1
OPENMPSINGLECOLUMN               APL_ARPEGE_OCEANIC_FLUXES_PARALLEL:ACFLUSO
OPENMP                           APL_ARPEGE_PARALLEL:22
OPENMP                           APL_ARPEGE_PARALLEL:23
OPENMP                           APL_ARPEGE_PARALLEL:24
OPENMPSINGLECOLUMN               APL_ARPEGE_PARALLEL:ACCLPH
OPENMPSINGLECOLUMN               APL_ARPEGE_PARALLEL:ACDRAG
OPENMPSINGLECOLUMN               APL_ARPEGE_PARALLEL:ACDRME
OPENMPSINGLECOLUMN               APL_ARPEGE_PARALLEL:ACEVADCAPE
OPENMPSINGLECOLUMN               APL_ARPEGE_PARALLEL:ACHMT
OPENMPSINGLECOLUMN               APL_ARPEGE_PARALLEL:ACHMTLS
OPENMPSINGLECOLUMN               APL_ARPEGE_PARALLEL:ACSOL
OPENMPSINGLECOLUMN               APL_ARPEGE_PARALLEL:ACTQSAT
OPENMPSINGLECOLUMN               APL_ARPEGE_PARALLEL:ACVISIH
OPENMPSINGLECOLUMN               APL_ARPEGE_PARALLEL:APLPAR_INIT
OPENMPSINGLECOLUMN               APL_ARPEGE_PARALLEL:BAYRAD
OPENMP                           APL_ARPEGE_PARALLEL:CHECKMV
OPENMPSINGLECOLUMN               APL_ARPEGE_PARALLEL:CPPHINP
OPENMPSINGLECOLUMN               APL_ARPEGE_PARALLEL:DIFTQ
OPENMPSINGLECOLUMN               APL_ARPEGE_PARALLEL:EDR
OPENMPSINGLECOLUMN               APL_ARPEGE_PARALLEL:FRSOPT
OPENMPSINGLECOLUMN               APL_ARPEGE_PARALLEL:PLSM
OPENMPSINGLECOLUMN               APL_ARPEGE_PARALLEL:PPWETPOINT
OPENMPSINGLECOLUMN               APL_ARPEGE_PARALLEL:PRECIPS
OPENMPSINGLECOLUMN               APL_ARPEGE_PARALLEL:QNGCOR
OPENMPSINGLECOLUMN               APL_ARPEGE_PARALLEL:TURBULENCE_PART2
OPENMPSINGLECOLUMN               APL_ARPEGE_PARALLEL:ZBAY_QRCONV
OPENMPSINGLECOLUMN               APL_ARPEGE_PARALLEL:ZDE2MR
OPENMPSINGLECOLUMN               APL_ARPEGE_PARALLEL:ZDPHIV
OPENMPSINGLECOLUMN               APL_ARPEGE_PARALLEL:ZRDG_LCVQ
OPENMPSINGLECOLUMN               APL_ARPEGE_PRECIPITATION_PARALLEL:ACUPTQ
OPENMPSINGLECOLUMN               APL_ARPEGE_RADIATION_PARALLEL:ACDAYD
OPENMPSINGLECOLUMN               APL_ARPEGE_RADIATION_PARALLEL:ACRANEB2
OPENMPSINGLECOLUMN               APL_ARPEGE_RADIATION_PARALLEL:ACRSO
OPENMPSINGLECOLUMN               APL_ARPEGE_RADIATION_PARALLEL:CALLRAD_F
OPENMPSINGLECOLUMN               APL_ARPEGE_RADIATION_PARALLEL:DIRECT
OPENMPSINGLECOLUMN               APL_ARPEGE_RADIATION_PARALLEL:LMSE_F
OPENMPSINGLECOLUMN               APL_ARPEGE_RADIATION_PARALLEL:RADHEAT
OPENMPSINGLECOLUMN               APL_ARPEGE_RADIATION_PARALLEL:SUNSHINE
OPENMPSINGLECOLUMN               APL_ARPEGE_SHALLOW_CONVECTION_AND_TURBULENCE_PARALLEL:ACTKE
OPENMPSINGLECOLUMN               APL_ARPEGE_SOIL_HYDRO_PARALLEL:ACVEG
OPENMP                           APL_ARPEGE_SURFACE_PARALLEL:1
OPENMPSINGLECOLUMN               APL_ARPEGE_SURFACE_PARALLEL:ACDIFV1
OPENMPSINGLECOLUMN               APL_ARPEGE_SURFACE_PARALLEL:ACDIFV2
OPENMPSINGLECOLUMN               APL_ARPEGE_SURFACE_PARALLEL:CALLSFX_F
OPENMPSINGLECOLUMN               APL_ARPEGE_SURFACE_PARALLEL:LEDKF
OPENMPSINGLECOLUMN               APL_ARPEGE_SURFACE_PARALLEL:LMSE_F
OPENMPSINGLECOLUMN               APL_ARPEGE_SURFACE_PARALLEL:LMSE_F2
OPENMPSINGLECOLUMN               APL_ARPEGE_SURFACE_UPDATE_PARALLEL:LMSE_F
OPENMPSINGLECOLUMN               APL_ARPEGE_SURFACE_UPDATE_PARALLEL:LMSE_T
OPENMPSINGLECOLUMN               APL_WIND_GUST_PARALLEL:ACCLDIA
OPENMPSINGLECOLUMN               ARP_SHALLOW_MF_PARALLEL:FINISH
OPENMPSINGLECOLUMN               ARP_SHALLOW_MF_PARALLEL:INIT
OPENMPSINGLECOLUMN               ARP_SHALLOW_MF_PARALLEL:SHALLOW_MF
OPENMPSINGLECOLUMN               ARP_SHALLOW_MF_PARALLEL:ZERO
OPENMPSINGLECOLUMN               CPCFU_PARALLEL:0
OPENMPSINGLECOLUMN               CPCFU_PARALLEL:1
OPENMPSINGLECOLUMN               CPCFU_PARALLEL:2
OPENMPSINGLECOLUMN               CPCFU_PARALLEL:3
OPENMPSINGLECOLUMN               CPCFU_PARALLEL:4
OPENMPSINGLECOLUMN               CPCFU_PARALLEL:5
OPENMPSINGLECOLUMN               CPGLAG_PARALLEL:0
OPENMPSINGLECOLUMN               CPGLAG_PARALLEL:1
OPENMPSINGLECOLUMN               CPGLAG_PARALLEL:STR
OPENMPSINGLECOLUMN               CPG_DIA_FLU_PARALLEL:0
OPENMPSINGLECOLUMN               CPG_DIA_FLU_PARALLEL:1
OPENMPSINGLECOLUMN               CPG_DIA_FLU_PARALLEL:2
OPENMPSINGLECOLUMN               CPG_DIA_FLU_PARALLEL:3
OPENMPSINGLECOLUMN               CPG_DIA_FLU_PARALLEL:4
OPENMPMETHOD                     CPG_END_SFC_PARALLEL:GSP_CL_SET0TO1
OPENMPMETHOD                     CPG_END_SFC_PARALLEL:PHTFILT
OPENMPMETHOD                     CPG_END_SFC_PARALLEL:SET0TO1
OPENMPSINGLECOLUMN               CPG_GP_HYD_PARALLEL:0
OPENMPSINGLECOLUMN               CPG_GP_HYD_PARALLEL:1
OPENMPSINGLECOLUMN               CPG_GP_HYD_PARALLEL:2
OPENMPSINGLECOLUMN               CPG_GP_HYD_PARALLEL:3
OPENMPSINGLECOLUMN               CPG_GP_PARALLEL:GPINISLB_PART1_EXPL
OPENMPSINGLECOLUMN               CPG_GP_PARALLEL:GPINISLB_PART3_EXPL
OPENMPSINGLECOLUMN               CPG_GP_PARALLEL:GPTF2_EXPL_2TL
OPENMPSINGLECOLUMN               CPG_GP_PARALLEL:GP_SPV
OPENMPSINGLECOLUMN               CPG_GP_PARALLEL:MAP_FACTOR
OPENMPMETHOD                     CPG_GP_PARALLEL:SET1TO0
OPENMPMETHOD                     CPG_GP_PARALLEL:SET1TO9
UPDATEVIEW                       CPG_GP_PARALLEL:SET9TO0
OPENMPSINGLECOLUMN               CPG_GP_PARALLEL:SETZERO
OPENMPSINGLECOLUMN               CPG_PARALLEL:ISETTLOFF
OPENMPSINGLECOLUMN               CPG_PARALLEL:LSMTSOL
OPENMPMETHOD                     CPG_PARALLEL:SHUFFLESL1
OPENMPMETHOD                     CPG_PARALLEL:ZEROPB2
OPENMPMETHOD                     CPG_PARALLEL:ZEROSL1
OPENMPSINGLECOLUMN               CPUTQY0_PARALLEL:PVAR
OPENMPSINGLECOLUMN               CPUTQY_APLPAR_EXPL_PARALLEL:PFDIS
OPENMPSINGLECOLUMN               CPUTQY_APLPAR_EXPL_PARALLEL:ZDEC
OPENMPSINGLECOLUMN               CPUTQY_APLPAR_EXPL_PARALLEL:ZTDCP
OPENMPSINGLECOLUMN               CPXFU_PARALLEL:0
OPENMPSINGLECOLUMN               CPXFU_PARALLEL:1
OPENMPSINGLECOLUMN               CPXFU_PARALLEL:2
OPENMPSINGLECOLUMN               CPXFU_PARALLEL:3
OPENMPSINGLECOLUMN               CPXFU_PARALLEL:4
OPENMPSINGLECOLUMN               CTVTOT_EXPL_PARALLEL:0
OPENMPSINGLECOLUMN               EXCHANGE_MS_MODNEW:MAIN
OPENMPSINGLECOLUMN               GPINISLB_PART2_EXPL_PARALLEL:0
OPENMPSINGLECOLUMN               GPINISLB_PART2_EXPL_PARALLEL:1
OPENMPSINGLECOLUMN               GPINISLB_PART2_EXPL_PARALLEL:2
OPENMPSINGLECOLUMN               GPINISLB_PART2_EXPL_PARALLEL:3
OPENMPSINGLECOLUMN               GPINISLB_PART2_EXPL_PARALLEL:4
OPENMPSINGLECOLUMN               GPINISLB_PART2_EXPL_PARALLEL:5
OPENMPSINGLECOLUMN               GPMPFC_EXPL_PARALLEL:0
OPENMPSINGLECOLUMN               GPMPFC_EXPL_PARALLEL:1
OPENMPSINGLECOLUMN               GPMPFC_EXPL_PART2_PARALLEL:0
OPENMPSINGLECOLUMN               GPRCP_EXPL_PARALLEL:0
OPENMPSINGLECOLUMN               GPRCP_EXPL_PARALLEL:1
OPENMPSINGLECOLUMN               GPRCP_EXPL_PARALLEL:2
OPENMPSINGLECOLUMN               GPRCP_EXPL_PARALLEL:3
OPENMPSINGLECOLUMN               GPRCP_EXPL_PARALLEL:4
OPENMPSINGLECOLUMN               GPRCP_EXPL_PARALLEL:5
OPENMPSINGLECOLUMN               GPTF1_YDVARS_PARALLEL:LGRADSP
OPENMPSINGLECOLUMN               GPTF1_YDVARS_PARALLEL:LTWOTL
OPENMPSINGLECOLUMN               GPTF1_YDVARS_PARALLEL:NOTLDTF1
OPENMPSINGLECOLUMN               LACDYN_PARALLEL:LASURE
OPENMPSINGLECOLUMN               LACDYN_PARALLEL:ZMIXNL
OPENMPSINGLECOLUMN               LAPINEA_PARALLEL:LARCINA
OPENMPSINGLECOLUMN               LAPINEB_PARALLEL:CVGQ
OPENMPSINGLECOLUMN               LAPINEB_PARALLEL:DPDETA0
OPENMPSINGLECOLUMN               LAPINEB_PARALLEL:LACONE
OPENMPSINGLECOLUMN               LAPINEB_PARALLEL:LARCHE
OPENMPSINGLECOLUMN               LAPINEB_PARALLEL:LRDBBC
OPENMPSINGLECOLUMN               LAPINEB_PARALLEL:LRPLANE
OPENMPSINGLECOLUMN               LAPINEB_PARALLEL:L_RDRY_VD
OPENMPSINGLECOLUMN               LAPINEB_PARALLEL:NVLAG2
OPENMPSINGLECOLUMN               LAPINEB_PARALLEL:NVLAG3
OPENMPSINGLECOLUMN               LAPINEB_PARALLEL:ROTUV
OPENMPSINGLECOLUMN               LAPINEB_PARALLEL:ROTUVGEO
OPENMPSINGLECOLUMN               LAPINEB_PARALLEL:TEMP_EQ
OPENMPSINGLECOLUMN               LAPINEB_PARALLEL:YCVGQ
OPENMPSINGLECOLUMN               LAPINEB_PARALLEL:ZERO_GMV9
OPENMPSINGLECOLUMN               LAPINEB_PARALLEL:ZERO_GMV9_SI
OPENMPSINGLECOLUMN               LAPINEB_PARALLEL:ZERO_GMV9_SL
OPENMPSINGLECOLUMN               LAPINEB_PARALLEL:ZERO_UV9
OPENMPSINGLECOLUMN               LAPINEB_PARALLEL:ZVWEI
OPENMPSINGLECOLUMN               LARCINB_PARALLEL:LAITRE_GFL
OPENMPSINGLECOLUMN               LARCINB_PARALLEL:LAITRE_GMV
OPENMPSINGLECOLUMN               LARCINB_PARALLEL:LAITVSPCQM
OPENMPSINGLECOLUMN               LARCINB_PARALLEL:LCOMAD_SP
OPENMPSINGLECOLUMN               LARCINB_PARALLEL:LDSLPHY
OPENMPSINGLECOLUMN               LARCINB_PARALLEL:LIN
OPENMPSINGLECOLUMN               LARCINB_PARALLEL:LLCOMAD
OPENMPSINGLECOLUMN               LARCINB_PARALLEL:LLCOMAD_2
OPENMPSINGLECOLUMN               LARCINB_PARALLEL:LRHS_CURV_F
OPENMPSINGLECOLUMN               LARCINB_PARALLEL:LTDIABLIN
OPENMPSINGLECOLUMN               LARCINB_PARALLEL:NQMGMV
OPENMPSINGLECOLUMN               LARCINB_PARALLEL:NTLAG_3
OPENMPSINGLECOLUMN               LARCINB_PARALLEL:NVLAG_2
OPENMPSINGLECOLUMN               LARCINB_PARALLEL:NVLAG_3
OPENMPSINGLECOLUMN               LARCINB_PARALLEL:RRINTOPT
OPENMPSINGLECOLUMN               LARMES_PARALLEL:LARMES
OPENMPSINGLECOLUMN               LASSIE_PARALLEL:GPRCP
OPENMPSINGLECOLUMN               LASSIE_PARALLEL:SITNU
OPENMPSINGLECOLUMN               LATTES_PARALLEL:0
OPENMPSINGLECOLUMN               LATTEX_EXPL_2TL_PARALLEL:0
OPENMPSINGLECOLUMN               LATTEX_EXPL_2TL_PARALLEL:1
OPENMPSINGLECOLUMN               LATTEX_EXPL_2TL_PARALLEL:2
OPENMPSINGLECOLUMN               LATTEX_EXPL_2TL_PARALLEL:3
OPENMPSINGLECOLUMN               LATTEX_EXPL_2TL_PARALLEL:4
OPENMPSINGLECOLUMN               LATTEX_EXPL_2TL_PARALLEL:5
OPENMPSINGLECOLUMN               LATTEX_EXPL_2TL_PARALLEL:6
OPENMP                           LATTEX_EXPL_VSPLTRANS_PARALLEL:0
OPENMP                           LATTEX_EXPL_VSPLTRANS_PARALLEL:1
OPENMPSINGLECOLUMN               LATTEX_PARALLEL:LRHS_CURV
OPENMPSINGLECOLUMN               LATTEX_PARALLEL:LRSIDDH
OPENMPSINGLECOLUMN               LATTEX_PARALLEL:MAIN
OPENMPSINGLECOLUMN               LAVABO_EXPL_LAITVSPCQM_PART1_PARALLEL:0
OPENMPSINGLECOLUMN               LAVABO_EXPL_LAITVSPCQM_PART2_PARALLEL:0
OPENMPSINGLECOLUMN               LAVABO_PARALLEL:0
OPENMPSINGLECOLUMN               LAVABO_PARALLEL:1
OPENMPSINGLECOLUMN               LAVABO_PARALLEL:2
OPENMPSINGLECOLUMN               LAVENT_PARALLEL:0
OPENMPSINGLECOLUMN               MF_PHYS_FPL_PART1_PARALLEL:PART1
OPENMPSINGLECOLUMN               MF_PHYS_FPL_PART2_PARALLEL:PART2
OPENMPSINGLECOLUMN               MF_PHYS_INIT_PARALLEL:ZERO
OPENMPSINGLECOLUMN               MF_PHYS_MOCON_PARALLEL:PPWETPOINT
OPENMPSINGLECOLUMN               MF_PHYS_PREP_PARALLEL:PREP
OPENMPSINGLECOLUMN               MF_PHYS_SAVE_PHSURF_PART1_PARALLEL:PART1
OPENMPSINGLECOLUMN               MF_PHYS_SAVE_PHSURF_PART2_PARALLEL:PART2
OPENMPSINGLECOLUMN               MF_PHYS_TRANSFER_PARALLEL:ALL
OPENMPSINGLECOLUMN               RECMWF_PARALLEL:1
OPENMPSINGLECOLUMN               RECMWF_PARALLEL:2
OPENMP                           RECMWF_PARALLEL:ECRAD_CPU
OPENMP                           RECMWF_PARALLEL:ECRAD_GPU
OPENMPSINGLECOLUMN               RECMWF_PARALLEL:ECRAD_POST
OPENMPSINGLECOLUMN               RECMWF_PARALLEL:FINISH
OPENMPSINGLECOLUMN               RECMWF_PARALLEL:PREPARE
OPENMP                           RECMWF_PARALLEL:RRTM
OPENMP                           RECMWF_PARALLEL:SRTM
OPENMPSINGLECOLUMN               SCAN2M_TS_PARALLEL:0
OPENMPSINGLECOLUMN               SPCHORNEW_PARALLEL:MAIN
OPENMPSINGLECOLUMN               SPCMNEW_PARALLEL:MAIN
OPENMPSINGLECOLUMN               SPCSINEW_PARALLEL:MAIN
OPENMPSINGLECOLUMN               STEPO:MAIN
OPENMPSINGLECOLUMN               TRMTOSNEW:MAIN
OPENMPSINGLECOLUMN               TRSTOMNEW:MAIN
 ------ lparallelmethod.txt ------
 ------ lsynchost.txt ------
 ------ lsynchost.txt ------
*------------------------------------------------------------------------------*
|                                                                              |
|                                   stdeo.4                                    |
|                                                                              |
*------------------------------------------------------------------------------*
MPIAUTOTIMEOUT is set to 90 seconds
MPI_Init took 1 seconds
Reading namelist NAMPAR0 from fort.4
Reading namelist NAMPAR0 from fort.4
OMP: Warning #182: OMP_STACKSIZE: ignored because KMP_STACKSIZE has been defined
Reading namelist NAM_DISTRIBUTED_VECTORS from file 
Reading namelist NAMPAR0 from fort.4
 DEV_ALLOC_SIZE = 68719476736
 ------ lparallelmethod.txt ------
OPENMPSINGLECOLUMN               ACCTND0_PARALLEL:PACC
OPENMPSINGLECOLUMN               ACVPPKF_PARALLEL:PART0
OPENMPSINGLECOLUMN               ACVPPKF_PARALLEL:PART1
OPENMPSINGLECOLUMN               ACVPPKF_PARALLEL:PART2
OPENMPSINGLECOLUMN               ACVPPKF_PARALLEL:PART3
OPENMPSINGLECOLUMN               APL_ARPEGE_AEROSOLS_FOR_RADIATION_PARALLEL:RADAER
OPENMPSINGLECOLUMN               APL_ARPEGE_ALBEDO_COMPUTATION_PARALLEL:0
OPENMPSINGLECOLUMN               APL_ARPEGE_ATMOSPHERE_UPDATE_PARALLEL:CPTEND_NEW
OPENMPSINGLECOLUMN               APL_ARPEGE_CLOUDINESS_PARALLEL:ACNEBCOND
OPENMPSINGLECOLUMN               APL_ARPEGE_DEEP_CONVECTION_PARALLEL:ACUPTQ
OPENMPSINGLECOLUMN               APL_ARPEGE_DEEP_CONVECTION_PARALLEL:COPY
OPENMPSINGLECOLUMN               APL_ARPEGE_DEEP_CONVECTION_PARALLEL:CUCALLN_MF
OPENMPSINGLECOLUMN               APL_ARPEGE_DEEP_CONVECTION_PARALLEL:CULIGHT
OPENMPSINGLECOLUMN               APL_ARPEGE_DEEP_CONVECTION_PARALLEL:INIT
OPENMPSINGLECOLUMN               APL_ARPEGE_DEEP_CONVECTION_PARALLEL:ZERO
OPENMPSINGLECOLUMN               APL_ARPEGE_DPRECIPS_PARALLEL:0
OPENMPSINGLECOLUMN               APL_ARPEGE_HYDRO_BUDGET_PARALLEL:ACDROV
OPENMPSINGLECOLUMN               APL_ARPEGE_HYDRO_BUDGET_PARALLEL:LMSE
OPENMPSINGLECOLUMN               APL_ARPEGE_INIT_PARALLEL:0
OPENMPSINGLECOLUMN               APL_ARPEGE_INIT_PARALLEL:1
OPENMPSINGLECOLUMN               APL_ARPEGE_INIT_PARALLEL:2
OPENMPSINGLECOLUMN               APL_ARPEGE_INIT_PARALLEL:3
OPENMPSINGLECOLUMN               APL_ARPEGE_INIT_PARALLEL:4
OPENMPSINGLECOLUMN               APL_ARPEGE_INIT_PARALLEL:5
OPENMPSINGLECOLUMN               APL_ARPEGE_INIT_PARALLEL:6
OPENMP                           APL_ARPEGE_INIT_SURFEX_PARALLEL:0
OPENMP                           APL_ARPEGE_INIT_SURFEX_PARALLEL:1
OPENMP                           APL_ARPEGE_INIT_SURFEX_PARALLEL:2
OPENMPSINGLECOLUMN               APL_ARPEGE_MWAVE_PARALLEL:0
OPENMP                           APL_ARPEGE_OCEANIC_FLUXES_PARALLEL:1
OPENMPSINGLECOLUMN               APL_ARPEGE_OCEANIC_FLUXES_PARALLEL:ACFLUSO
OPENMP                           APL_ARPEGE_PARALLEL:22
OPENMP                           APL_ARPEGE_PARALLEL:23
OPENMP                           APL_ARPEGE_PARALLEL:24
OPENMPSINGLECOLUMN               APL_ARPEGE_PARALLEL:ACCLPH
OPENMPSINGLECOLUMN               APL_ARPEGE_PARALLEL:ACDRAG
OPENMPSINGLECOLUMN               APL_ARPEGE_PARALLEL:ACDRME
OPENMPSINGLECOLUMN               APL_ARPEGE_PARALLEL:ACEVADCAPE
OPENMPSINGLECOLUMN               APL_ARPEGE_PARALLEL:ACHMT
OPENMPSINGLECOLUMN               APL_ARPEGE_PARALLEL:ACHMTLS
OPENMPSINGLECOLUMN               APL_ARPEGE_PARALLEL:ACSOL
OPENMPSINGLECOLUMN               APL_ARPEGE_PARALLEL:ACTQSAT
OPENMPSINGLECOLUMN               APL_ARPEGE_PARALLEL:ACVISIH
OPENMPSINGLECOLUMN               APL_ARPEGE_PARALLEL:APLPAR_INIT
OPENMPSINGLECOLUMN               APL_ARPEGE_PARALLEL:BAYRAD
OPENMP                           APL_ARPEGE_PARALLEL:CHECKMV
OPENMPSINGLECOLUMN               APL_ARPEGE_PARALLEL:CPPHINP
OPENMPSINGLECOLUMN               APL_ARPEGE_PARALLEL:DIFTQ
OPENMPSINGLECOLUMN               APL_ARPEGE_PARALLEL:EDR
OPENMPSINGLECOLUMN               APL_ARPEGE_PARALLEL:FRSOPT
OPENMPSINGLECOLUMN               APL_ARPEGE_PARALLEL:PLSM
OPENMPSINGLECOLUMN               APL_ARPEGE_PARALLEL:PPWETPOINT
OPENMPSINGLECOLUMN               APL_ARPEGE_PARALLEL:PRECIPS
OPENMPSINGLECOLUMN               APL_ARPEGE_PARALLEL:QNGCOR
OPENMPSINGLECOLUMN               APL_ARPEGE_PARALLEL:TURBULENCE_PART2
OPENMPSINGLECOLUMN               APL_ARPEGE_PARALLEL:ZBAY_QRCONV
OPENMPSINGLECOLUMN               APL_ARPEGE_PARALLEL:ZDE2MR
OPENMPSINGLECOLUMN               APL_ARPEGE_PARALLEL:ZDPHIV
OPENMPSINGLECOLUMN               APL_ARPEGE_PARALLEL:ZRDG_LCVQ
OPENMPSINGLECOLUMN               APL_ARPEGE_PRECIPITATION_PARALLEL:ACUPTQ
OPENMPSINGLECOLUMN               APL_ARPEGE_RADIATION_PARALLEL:ACDAYD
OPENMPSINGLECOLUMN               APL_ARPEGE_RADIATION_PARALLEL:ACRANEB2
OPENMPSINGLECOLUMN               APL_ARPEGE_RADIATION_PARALLEL:ACRSO
OPENMPSINGLECOLUMN               APL_ARPEGE_RADIATION_PARALLEL:CALLRAD_F
OPENMPSINGLECOLUMN               APL_ARPEGE_RADIATION_PARALLEL:DIRECT
OPENMPSINGLECOLUMN               APL_ARPEGE_RADIATION_PARALLEL:LMSE_F
OPENMPSINGLECOLUMN               APL_ARPEGE_RADIATION_PARALLEL:RADHEAT
OPENMPSINGLECOLUMN               APL_ARPEGE_RADIATION_PARALLEL:SUNSHINE
OPENMPSINGLECOLUMN               APL_ARPEGE_SHALLOW_CONVECTION_AND_TURBULENCE_PARALLEL:ACTKE
OPENMPSINGLECOLUMN               APL_ARPEGE_SOIL_HYDRO_PARALLEL:ACVEG
OPENMP                           APL_ARPEGE_SURFACE_PARALLEL:1
OPENMPSINGLECOLUMN               APL_ARPEGE_SURFACE_PARALLEL:ACDIFV1
OPENMPSINGLECOLUMN               APL_ARPEGE_SURFACE_PARALLEL:ACDIFV2
OPENMPSINGLECOLUMN               APL_ARPEGE_SURFACE_PARALLEL:CALLSFX_F
OPENMPSINGLECOLUMN               APL_ARPEGE_SURFACE_PARALLEL:LEDKF
OPENMPSINGLECOLUMN               APL_ARPEGE_SURFACE_PARALLEL:LMSE_F
OPENMPSINGLECOLUMN               APL_ARPEGE_SURFACE_PARALLEL:LMSE_F2
OPENMPSINGLECOLUMN               APL_ARPEGE_SURFACE_UPDATE_PARALLEL:LMSE_F
OPENMPSINGLECOLUMN               APL_ARPEGE_SURFACE_UPDATE_PARALLEL:LMSE_T
OPENMPSINGLECOLUMN               APL_WIND_GUST_PARALLEL:ACCLDIA
OPENMPSINGLECOLUMN               ARP_SHALLOW_MF_PARALLEL:FINISH
OPENMPSINGLECOLUMN               ARP_SHALLOW_MF_PARALLEL:INIT
OPENMPSINGLECOLUMN               ARP_SHALLOW_MF_PARALLEL:SHALLOW_MF
OPENMPSINGLECOLUMN               ARP_SHALLOW_MF_PARALLEL:ZERO
OPENMPSINGLECOLUMN               CPCFU_PARALLEL:0
OPENMPSINGLECOLUMN               CPCFU_PARALLEL:1
OPENMPSINGLECOLUMN               CPCFU_PARALLEL:2
OPENMPSINGLECOLUMN               CPCFU_PARALLEL:3
OPENMPSINGLECOLUMN               CPCFU_PARALLEL:4
OPENMPSINGLECOLUMN               CPCFU_PARALLEL:5
OPENMPSINGLECOLUMN               CPGLAG_PARALLEL:0
OPENMPSINGLECOLUMN               CPGLAG_PARALLEL:1
OPENMPSINGLECOLUMN               CPGLAG_PARALLEL:STR
OPENMPSINGLECOLUMN               CPG_DIA_FLU_PARALLEL:0
OPENMPSINGLECOLUMN               CPG_DIA_FLU_PARALLEL:1
OPENMPSINGLECOLUMN               CPG_DIA_FLU_PARALLEL:2
OPENMPSINGLECOLUMN               CPG_DIA_FLU_PARALLEL:3
OPENMPSINGLECOLUMN               CPG_DIA_FLU_PARALLEL:4
OPENMPMETHOD                     CPG_END_SFC_PARALLEL:GSP_CL_SET0TO1
OPENMPMETHOD                     CPG_END_SFC_PARALLEL:PHTFILT
OPENMPMETHOD                     CPG_END_SFC_PARALLEL:SET0TO1
OPENMPSINGLECOLUMN               CPG_GP_HYD_PARALLEL:0
OPENMPSINGLECOLUMN               CPG_GP_HYD_PARALLEL:1
OPENMPSINGLECOLUMN               CPG_GP_HYD_PARALLEL:2
OPENMPSINGLECOLUMN               CPG_GP_HYD_PARALLEL:3
OPENMPSINGLECOLUMN               CPG_GP_PARALLEL:GPINISLB_PART1_EXPL
OPENMPSINGLECOLUMN               CPG_GP_PARALLEL:GPINISLB_PART3_EXPL
OPENMPSINGLECOLUMN               CPG_GP_PARALLEL:GPTF2_EXPL_2TL
OPENMPSINGLECOLUMN               CPG_GP_PARALLEL:GP_SPV
OPENMPSINGLECOLUMN               CPG_GP_PARALLEL:MAP_FACTOR
OPENMPMETHOD                     CPG_GP_PARALLEL:SET1TO0
OPENMPMETHOD                     CPG_GP_PARALLEL:SET1TO9
UPDATEVIEW                       CPG_GP_PARALLEL:SET9TO0
OPENMPSINGLECOLUMN               CPG_GP_PARALLEL:SETZERO
OPENMPSINGLECOLUMN               CPG_PARALLEL:ISETTLOFF
OPENMPSINGLECOLUMN               CPG_PARALLEL:LSMTSOL
OPENMPMETHOD                     CPG_PARALLEL:SHUFFLESL1
OPENMPMETHOD                     CPG_PARALLEL:ZEROPB2
OPENMPMETHOD                     CPG_PARALLEL:ZEROSL1
OPENMPSINGLECOLUMN               CPUTQY0_PARALLEL:PVAR
OPENMPSINGLECOLUMN               CPUTQY_APLPAR_EXPL_PARALLEL:PFDIS
OPENMPSINGLECOLUMN               CPUTQY_APLPAR_EXPL_PARALLEL:ZDEC
OPENMPSINGLECOLUMN               CPUTQY_APLPAR_EXPL_PARALLEL:ZTDCP
OPENMPSINGLECOLUMN               CPXFU_PARALLEL:0
OPENMPSINGLECOLUMN               CPXFU_PARALLEL:1
OPENMPSINGLECOLUMN               CPXFU_PARALLEL:2
OPENMPSINGLECOLUMN               CPXFU_PARALLEL:3
OPENMPSINGLECOLUMN               CPXFU_PARALLEL:4
OPENMPSINGLECOLUMN               CTVTOT_EXPL_PARALLEL:0
OPENMPSINGLECOLUMN               EXCHANGE_MS_MODNEW:MAIN
OPENMPSINGLECOLUMN               GPINISLB_PART2_EXPL_PARALLEL:0
OPENMPSINGLECOLUMN               GPINISLB_PART2_EXPL_PARALLEL:1
OPENMPSINGLECOLUMN               GPINISLB_PART2_EXPL_PARALLEL:2
OPENMPSINGLECOLUMN               GPINISLB_PART2_EXPL_PARALLEL:3
OPENMPSINGLECOLUMN               GPINISLB_PART2_EXPL_PARALLEL:4
OPENMPSINGLECOLUMN               GPINISLB_PART2_EXPL_PARALLEL:5
OPENMPSINGLECOLUMN               GPMPFC_EXPL_PARALLEL:0
OPENMPSINGLECOLUMN               GPMPFC_EXPL_PARALLEL:1
OPENMPSINGLECOLUMN               GPMPFC_EXPL_PART2_PARALLEL:0
OPENMPSINGLECOLUMN               GPRCP_EXPL_PARALLEL:0
OPENMPSINGLECOLUMN               GPRCP_EXPL_PARALLEL:1
OPENMPSINGLECOLUMN               GPRCP_EXPL_PARALLEL:2
OPENMPSINGLECOLUMN               GPRCP_EXPL_PARALLEL:3
OPENMPSINGLECOLUMN               GPRCP_EXPL_PARALLEL:4
OPENMPSINGLECOLUMN               GPRCP_EXPL_PARALLEL:5
OPENMPSINGLECOLUMN               GPTF1_YDVARS_PARALLEL:LGRADSP
OPENMPSINGLECOLUMN               GPTF1_YDVARS_PARALLEL:LTWOTL
OPENMPSINGLECOLUMN               GPTF1_YDVARS_PARALLEL:NOTLDTF1
OPENMPSINGLECOLUMN               LACDYN_PARALLEL:LASURE
OPENMPSINGLECOLUMN               LACDYN_PARALLEL:ZMIXNL
OPENMPSINGLECOLUMN               LAPINEA_PARALLEL:LARCINA
OPENMPSINGLECOLUMN               LAPINEB_PARALLEL:CVGQ
OPENMPSINGLECOLUMN               LAPINEB_PARALLEL:DPDETA0
OPENMPSINGLECOLUMN               LAPINEB_PARALLEL:LACONE
OPENMPSINGLECOLUMN               LAPINEB_PARALLEL:LARCHE
OPENMPSINGLECOLUMN               LAPINEB_PARALLEL:LRDBBC
OPENMPSINGLECOLUMN               LAPINEB_PARALLEL:LRPLANE
OPENMPSINGLECOLUMN               LAPINEB_PARALLEL:L_RDRY_VD
OPENMPSINGLECOLUMN               LAPINEB_PARALLEL:NVLAG2
OPENMPSINGLECOLUMN               LAPINEB_PARALLEL:NVLAG3
OPENMPSINGLECOLUMN               LAPINEB_PARALLEL:ROTUV
OPENMPSINGLECOLUMN               LAPINEB_PARALLEL:ROTUVGEO
OPENMPSINGLECOLUMN               LAPINEB_PARALLEL:TEMP_EQ
OPENMPSINGLECOLUMN               LAPINEB_PARALLEL:YCVGQ
OPENMPSINGLECOLUMN               LAPINEB_PARALLEL:ZERO_GMV9
OPENMPSINGLECOLUMN               LAPINEB_PARALLEL:ZERO_GMV9_SI
OPENMPSINGLECOLUMN               LAPINEB_PARALLEL:ZERO_GMV9_SL
OPENMPSINGLECOLUMN               LAPINEB_PARALLEL:ZERO_UV9
OPENMPSINGLECOLUMN               LAPINEB_PARALLEL:ZVWEI
OPENMPSINGLECOLUMN               LARCINB_PARALLEL:LAITRE_GFL
OPENMPSINGLECOLUMN               LARCINB_PARALLEL:LAITRE_GMV
OPENMPSINGLECOLUMN               LARCINB_PARALLEL:LAITVSPCQM
OPENMPSINGLECOLUMN               LARCINB_PARALLEL:LCOMAD_SP
OPENMPSINGLECOLUMN               LARCINB_PARALLEL:LDSLPHY
OPENMPSINGLECOLUMN               LARCINB_PARALLEL:LIN
OPENMPSINGLECOLUMN               LARCINB_PARALLEL:LLCOMAD
OPENMPSINGLECOLUMN               LARCINB_PARALLEL:LLCOMAD_2
OPENMPSINGLECOLUMN               LARCINB_PARALLEL:LRHS_CURV_F
OPENMPSINGLECOLUMN               LARCINB_PARALLEL:LTDIABLIN
OPENMPSINGLECOLUMN               LARCINB_PARALLEL:NQMGMV
OPENMPSINGLECOLUMN               LARCINB_PARALLEL:NTLAG_3
OPENMPSINGLECOLUMN               LARCINB_PARALLEL:NVLAG_2
OPENMPSINGLECOLUMN               LARCINB_PARALLEL:NVLAG_3
OPENMPSINGLECOLUMN               LARCINB_PARALLEL:RRINTOPT
OPENMPSINGLECOLUMN               LARMES_PARALLEL:LARMES
OPENMPSINGLECOLUMN               LASSIE_PARALLEL:GPRCP
OPENMPSINGLECOLUMN               LASSIE_PARALLEL:SITNU
OPENMPSINGLECOLUMN               LATTES_PARALLEL:0
OPENMPSINGLECOLUMN               LATTEX_EXPL_2TL_PARALLEL:0
OPENMPSINGLECOLUMN               LATTEX_EXPL_2TL_PARALLEL:1
OPENMPSINGLECOLUMN               LATTEX_EXPL_2TL_PARALLEL:2
OPENMPSINGLECOLUMN               LATTEX_EXPL_2TL_PARALLEL:3
OPENMPSINGLECOLUMN               LATTEX_EXPL_2TL_PARALLEL:4
OPENMPSINGLECOLUMN               LATTEX_EXPL_2TL_PARALLEL:5
OPENMPSINGLECOLUMN               LATTEX_EXPL_2TL_PARALLEL:6
OPENMP                           LATTEX_EXPL_VSPLTRANS_PARALLEL:0
OPENMP                           LATTEX_EXPL_VSPLTRANS_PARALLEL:1
OPENMPSINGLECOLUMN               LATTEX_PARALLEL:LRHS_CURV
OPENMPSINGLECOLUMN               LATTEX_PARALLEL:LRSIDDH
OPENMPSINGLECOLUMN               LATTEX_PARALLEL:MAIN
OPENMPSINGLECOLUMN               LAVABO_EXPL_LAITVSPCQM_PART1_PARALLEL:0
OPENMPSINGLECOLUMN               LAVABO_EXPL_LAITVSPCQM_PART2_PARALLEL:0
OPENMPSINGLECOLUMN               LAVABO_PARALLEL:0
OPENMPSINGLECOLUMN               LAVABO_PARALLEL:1
OPENMPSINGLECOLUMN               LAVABO_PARALLEL:2
OPENMPSINGLECOLUMN               LAVENT_PARALLEL:0
OPENMPSINGLECOLUMN               MF_PHYS_FPL_PART1_PARALLEL:PART1
OPENMPSINGLECOLUMN               MF_PHYS_FPL_PART2_PARALLEL:PART2
OPENMPSINGLECOLUMN               MF_PHYS_INIT_PARALLEL:ZERO
OPENMPSINGLECOLUMN               MF_PHYS_MOCON_PARALLEL:PPWETPOINT
OPENMPSINGLECOLUMN               MF_PHYS_PREP_PARALLEL:PREP
OPENMPSINGLECOLUMN               MF_PHYS_SAVE_PHSURF_PART1_PARALLEL:PART1
OPENMPSINGLECOLUMN               MF_PHYS_SAVE_PHSURF_PART2_PARALLEL:PART2
OPENMPSINGLECOLUMN               MF_PHYS_TRANSFER_PARALLEL:ALL
OPENMPSINGLECOLUMN               RECMWF_PARALLEL:1
OPENMPSINGLECOLUMN               RECMWF_PARALLEL:2
OPENMP                           RECMWF_PARALLEL:ECRAD_CPU
OPENMP                           RECMWF_PARALLEL:ECRAD_GPU
OPENMPSINGLECOLUMN               RECMWF_PARALLEL:ECRAD_POST
OPENMPSINGLECOLUMN               RECMWF_PARALLEL:FINISH
OPENMPSINGLECOLUMN               RECMWF_PARALLEL:PREPARE
OPENMP                           RECMWF_PARALLEL:RRTM
OPENMP                           RECMWF_PARALLEL:SRTM
OPENMPSINGLECOLUMN               SCAN2M_TS_PARALLEL:0
OPENMPSINGLECOLUMN               SPCHORNEW_PARALLEL:MAIN
OPENMPSINGLECOLUMN               SPCMNEW_PARALLEL:MAIN
OPENMPSINGLECOLUMN               SPCSINEW_PARALLEL:MAIN
OPENMPSINGLECOLUMN               STEPO:MAIN
OPENMPSINGLECOLUMN               TRMTOSNEW:MAIN
OPENMPSINGLECOLUMN               TRSTOMNEW:MAIN
 ------ lparallelmethod.txt ------
 ------ lsynchost.txt ------
 ------ lsynchost.txt ------
 SMILAGTRAJECTORYUNDERGROUND           1 TIMES.
 POINT=          23 MAXETADOTVERTICALVEL.=  1.126143256511976E-005
 LON=   87.3000000000000      DEGREES
 LAT=   37.9907004927884      DEGREES
 SMILAGTRAJECTORYUNDERGROUND           1 TIMES.
 POINT=          23 MAXETADOTVERTICALVEL.=  1.027097397859459E-005
 LON=   87.3000000000000      DEGREES
 LAT=   37.9907004927884      DEGREES
*------------------------------------------------------------------------------*
|                                                                              |
|                                   stdeo.5                                    |
|                                                                              |
*------------------------------------------------------------------------------*
MPIAUTOTIMEOUT is set to 90 seconds
MPI_Init took 1 seconds
Reading namelist NAMPAR0 from fort.4
Reading namelist NAMPAR0 from fort.4
OMP: Warning #182: OMP_STACKSIZE: ignored because KMP_STACKSIZE has been defined
Reading namelist NAM_DISTRIBUTED_VECTORS from file 
Reading namelist NAMPAR0 from fort.4
 DEV_ALLOC_SIZE = 68719476736
 ------ lparallelmethod.txt ------
OPENMPSINGLECOLUMN               ACCTND0_PARALLEL:PACC
OPENMPSINGLECOLUMN               ACVPPKF_PARALLEL:PART0
OPENMPSINGLECOLUMN               ACVPPKF_PARALLEL:PART1
OPENMPSINGLECOLUMN               ACVPPKF_PARALLEL:PART2
OPENMPSINGLECOLUMN               ACVPPKF_PARALLEL:PART3
OPENMPSINGLECOLUMN               APL_ARPEGE_AEROSOLS_FOR_RADIATION_PARALLEL:RADAER
OPENMPSINGLECOLUMN               APL_ARPEGE_ALBEDO_COMPUTATION_PARALLEL:0
OPENMPSINGLECOLUMN               APL_ARPEGE_ATMOSPHERE_UPDATE_PARALLEL:CPTEND_NEW
OPENMPSINGLECOLUMN               APL_ARPEGE_CLOUDINESS_PARALLEL:ACNEBCOND
OPENMPSINGLECOLUMN               APL_ARPEGE_DEEP_CONVECTION_PARALLEL:ACUPTQ
OPENMPSINGLECOLUMN               APL_ARPEGE_DEEP_CONVECTION_PARALLEL:COPY
OPENMPSINGLECOLUMN               APL_ARPEGE_DEEP_CONVECTION_PARALLEL:CUCALLN_MF
OPENMPSINGLECOLUMN               APL_ARPEGE_DEEP_CONVECTION_PARALLEL:CULIGHT
OPENMPSINGLECOLUMN               APL_ARPEGE_DEEP_CONVECTION_PARALLEL:INIT
OPENMPSINGLECOLUMN               APL_ARPEGE_DEEP_CONVECTION_PARALLEL:ZERO
OPENMPSINGLECOLUMN               APL_ARPEGE_DPRECIPS_PARALLEL:0
OPENMPSINGLECOLUMN               APL_ARPEGE_HYDRO_BUDGET_PARALLEL:ACDROV
OPENMPSINGLECOLUMN               APL_ARPEGE_HYDRO_BUDGET_PARALLEL:LMSE
OPENMPSINGLECOLUMN               APL_ARPEGE_INIT_PARALLEL:0
OPENMPSINGLECOLUMN               APL_ARPEGE_INIT_PARALLEL:1
OPENMPSINGLECOLUMN               APL_ARPEGE_INIT_PARALLEL:2
OPENMPSINGLECOLUMN               APL_ARPEGE_INIT_PARALLEL:3
OPENMPSINGLECOLUMN               APL_ARPEGE_INIT_PARALLEL:4
OPENMPSINGLECOLUMN               APL_ARPEGE_INIT_PARALLEL:5
OPENMPSINGLECOLUMN               APL_ARPEGE_INIT_PARALLEL:6
OPENMP                           APL_ARPEGE_INIT_SURFEX_PARALLEL:0
OPENMP                           APL_ARPEGE_INIT_SURFEX_PARALLEL:1
OPENMP                           APL_ARPEGE_INIT_SURFEX_PARALLEL:2
OPENMPSINGLECOLUMN               APL_ARPEGE_MWAVE_PARALLEL:0
OPENMP                           APL_ARPEGE_OCEANIC_FLUXES_PARALLEL:1
OPENMPSINGLECOLUMN               APL_ARPEGE_OCEANIC_FLUXES_PARALLEL:ACFLUSO
OPENMP                           APL_ARPEGE_PARALLEL:22
OPENMP                           APL_ARPEGE_PARALLEL:23
OPENMP                           APL_ARPEGE_PARALLEL:24
OPENMPSINGLECOLUMN               APL_ARPEGE_PARALLEL:ACCLPH
OPENMPSINGLECOLUMN               APL_ARPEGE_PARALLEL:ACDRAG
OPENMPSINGLECOLUMN               APL_ARPEGE_PARALLEL:ACDRME
OPENMPSINGLECOLUMN               APL_ARPEGE_PARALLEL:ACEVADCAPE
OPENMPSINGLECOLUMN               APL_ARPEGE_PARALLEL:ACHMT
OPENMPSINGLECOLUMN               APL_ARPEGE_PARALLEL:ACHMTLS
OPENMPSINGLECOLUMN               APL_ARPEGE_PARALLEL:ACSOL
OPENMPSINGLECOLUMN               APL_ARPEGE_PARALLEL:ACTQSAT
OPENMPSINGLECOLUMN               APL_ARPEGE_PARALLEL:ACVISIH
OPENMPSINGLECOLUMN               APL_ARPEGE_PARALLEL:APLPAR_INIT
OPENMPSINGLECOLUMN               APL_ARPEGE_PARALLEL:BAYRAD
OPENMP                           APL_ARPEGE_PARALLEL:CHECKMV
OPENMPSINGLECOLUMN               APL_ARPEGE_PARALLEL:CPPHINP
OPENMPSINGLECOLUMN               APL_ARPEGE_PARALLEL:DIFTQ
OPENMPSINGLECOLUMN               APL_ARPEGE_PARALLEL:EDR
OPENMPSINGLECOLUMN               APL_ARPEGE_PARALLEL:FRSOPT
OPENMPSINGLECOLUMN               APL_ARPEGE_PARALLEL:PLSM
OPENMPSINGLECOLUMN               APL_ARPEGE_PARALLEL:PPWETPOINT
OPENMPSINGLECOLUMN               APL_ARPEGE_PARALLEL:PRECIPS
OPENMPSINGLECOLUMN               APL_ARPEGE_PARALLEL:QNGCOR
OPENMPSINGLECOLUMN               APL_ARPEGE_PARALLEL:TURBULENCE_PART2
OPENMPSINGLECOLUMN               APL_ARPEGE_PARALLEL:ZBAY_QRCONV
OPENMPSINGLECOLUMN               APL_ARPEGE_PARALLEL:ZDE2MR
OPENMPSINGLECOLUMN               APL_ARPEGE_PARALLEL:ZDPHIV
OPENMPSINGLECOLUMN               APL_ARPEGE_PARALLEL:ZRDG_LCVQ
OPENMPSINGLECOLUMN               APL_ARPEGE_PRECIPITATION_PARALLEL:ACUPTQ
OPENMPSINGLECOLUMN               APL_ARPEGE_RADIATION_PARALLEL:ACDAYD
OPENMPSINGLECOLUMN               APL_ARPEGE_RADIATION_PARALLEL:ACRANEB2
OPENMPSINGLECOLUMN               APL_ARPEGE_RADIATION_PARALLEL:ACRSO
OPENMPSINGLECOLUMN               APL_ARPEGE_RADIATION_PARALLEL:CALLRAD_F
OPENMPSINGLECOLUMN               APL_ARPEGE_RADIATION_PARALLEL:DIRECT
OPENMPSINGLECOLUMN               APL_ARPEGE_RADIATION_PARALLEL:LMSE_F
OPENMPSINGLECOLUMN               APL_ARPEGE_RADIATION_PARALLEL:RADHEAT
OPENMPSINGLECOLUMN               APL_ARPEGE_RADIATION_PARALLEL:SUNSHINE
OPENMPSINGLECOLUMN               APL_ARPEGE_SHALLOW_CONVECTION_AND_TURBULENCE_PARALLEL:ACTKE
OPENMPSINGLECOLUMN               APL_ARPEGE_SOIL_HYDRO_PARALLEL:ACVEG
OPENMP                           APL_ARPEGE_SURFACE_PARALLEL:1
OPENMPSINGLECOLUMN               APL_ARPEGE_SURFACE_PARALLEL:ACDIFV1
OPENMPSINGLECOLUMN               APL_ARPEGE_SURFACE_PARALLEL:ACDIFV2
OPENMPSINGLECOLUMN               APL_ARPEGE_SURFACE_PARALLEL:CALLSFX_F
OPENMPSINGLECOLUMN               APL_ARPEGE_SURFACE_PARALLEL:LEDKF
OPENMPSINGLECOLUMN               APL_ARPEGE_SURFACE_PARALLEL:LMSE_F
OPENMPSINGLECOLUMN               APL_ARPEGE_SURFACE_PARALLEL:LMSE_F2
OPENMPSINGLECOLUMN               APL_ARPEGE_SURFACE_UPDATE_PARALLEL:LMSE_F
OPENMPSINGLECOLUMN               APL_ARPEGE_SURFACE_UPDATE_PARALLEL:LMSE_T
OPENMPSINGLECOLUMN               APL_WIND_GUST_PARALLEL:ACCLDIA
OPENMPSINGLECOLUMN               ARP_SHALLOW_MF_PARALLEL:FINISH
OPENMPSINGLECOLUMN               ARP_SHALLOW_MF_PARALLEL:INIT
OPENMPSINGLECOLUMN               ARP_SHALLOW_MF_PARALLEL:SHALLOW_MF
OPENMPSINGLECOLUMN               ARP_SHALLOW_MF_PARALLEL:ZERO
OPENMPSINGLECOLUMN               CPCFU_PARALLEL:0
OPENMPSINGLECOLUMN               CPCFU_PARALLEL:1
OPENMPSINGLECOLUMN               CPCFU_PARALLEL:2
OPENMPSINGLECOLUMN               CPCFU_PARALLEL:3
OPENMPSINGLECOLUMN               CPCFU_PARALLEL:4
OPENMPSINGLECOLUMN               CPCFU_PARALLEL:5
OPENMPSINGLECOLUMN               CPGLAG_PARALLEL:0
OPENMPSINGLECOLUMN               CPGLAG_PARALLEL:1
OPENMPSINGLECOLUMN               CPGLAG_PARALLEL:STR
OPENMPSINGLECOLUMN               CPG_DIA_FLU_PARALLEL:0
OPENMPSINGLECOLUMN               CPG_DIA_FLU_PARALLEL:1
OPENMPSINGLECOLUMN               CPG_DIA_FLU_PARALLEL:2
OPENMPSINGLECOLUMN               CPG_DIA_FLU_PARALLEL:3
OPENMPSINGLECOLUMN               CPG_DIA_FLU_PARALLEL:4
OPENMPMETHOD                     CPG_END_SFC_PARALLEL:GSP_CL_SET0TO1
OPENMPMETHOD                     CPG_END_SFC_PARALLEL:PHTFILT
OPENMPMETHOD                     CPG_END_SFC_PARALLEL:SET0TO1
OPENMPSINGLECOLUMN               CPG_GP_HYD_PARALLEL:0
OPENMPSINGLECOLUMN               CPG_GP_HYD_PARALLEL:1
OPENMPSINGLECOLUMN               CPG_GP_HYD_PARALLEL:2
OPENMPSINGLECOLUMN               CPG_GP_HYD_PARALLEL:3
OPENMPSINGLECOLUMN               CPG_GP_PARALLEL:GPINISLB_PART1_EXPL
OPENMPSINGLECOLUMN               CPG_GP_PARALLEL:GPINISLB_PART3_EXPL
OPENMPSINGLECOLUMN               CPG_GP_PARALLEL:GPTF2_EXPL_2TL
OPENMPSINGLECOLUMN               CPG_GP_PARALLEL:GP_SPV
OPENMPSINGLECOLUMN               CPG_GP_PARALLEL:MAP_FACTOR
OPENMPMETHOD                     CPG_GP_PARALLEL:SET1TO0
OPENMPMETHOD                     CPG_GP_PARALLEL:SET1TO9
UPDATEVIEW                       CPG_GP_PARALLEL:SET9TO0
OPENMPSINGLECOLUMN               CPG_GP_PARALLEL:SETZERO
OPENMPSINGLECOLUMN               CPG_PARALLEL:ISETTLOFF
OPENMPSINGLECOLUMN               CPG_PARALLEL:LSMTSOL
OPENMPMETHOD                     CPG_PARALLEL:SHUFFLESL1
OPENMPMETHOD                     CPG_PARALLEL:ZEROPB2
OPENMPMETHOD                     CPG_PARALLEL:ZEROSL1
OPENMPSINGLECOLUMN               CPUTQY0_PARALLEL:PVAR
OPENMPSINGLECOLUMN               CPUTQY_APLPAR_EXPL_PARALLEL:PFDIS
OPENMPSINGLECOLUMN               CPUTQY_APLPAR_EXPL_PARALLEL:ZDEC
OPENMPSINGLECOLUMN               CPUTQY_APLPAR_EXPL_PARALLEL:ZTDCP
OPENMPSINGLECOLUMN               CPXFU_PARALLEL:0
OPENMPSINGLECOLUMN               CPXFU_PARALLEL:1
OPENMPSINGLECOLUMN               CPXFU_PARALLEL:2
OPENMPSINGLECOLUMN               CPXFU_PARALLEL:3
OPENMPSINGLECOLUMN               CPXFU_PARALLEL:4
OPENMPSINGLECOLUMN               CTVTOT_EXPL_PARALLEL:0
OPENMPSINGLECOLUMN               EXCHANGE_MS_MODNEW:MAIN
OPENMPSINGLECOLUMN               GPINISLB_PART2_EXPL_PARALLEL:0
OPENMPSINGLECOLUMN               GPINISLB_PART2_EXPL_PARALLEL:1
OPENMPSINGLECOLUMN               GPINISLB_PART2_EXPL_PARALLEL:2
OPENMPSINGLECOLUMN               GPINISLB_PART2_EXPL_PARALLEL:3
OPENMPSINGLECOLUMN               GPINISLB_PART2_EXPL_PARALLEL:4
OPENMPSINGLECOLUMN               GPINISLB_PART2_EXPL_PARALLEL:5
OPENMPSINGLECOLUMN               GPMPFC_EXPL_PARALLEL:0
OPENMPSINGLECOLUMN               GPMPFC_EXPL_PARALLEL:1
OPENMPSINGLECOLUMN               GPMPFC_EXPL_PART2_PARALLEL:0
OPENMPSINGLECOLUMN               GPRCP_EXPL_PARALLEL:0
OPENMPSINGLECOLUMN               GPRCP_EXPL_PARALLEL:1
OPENMPSINGLECOLUMN               GPRCP_EXPL_PARALLEL:2
OPENMPSINGLECOLUMN               GPRCP_EXPL_PARALLEL:3
OPENMPSINGLECOLUMN               GPRCP_EXPL_PARALLEL:4
OPENMPSINGLECOLUMN               GPRCP_EXPL_PARALLEL:5
OPENMPSINGLECOLUMN               GPTF1_YDVARS_PARALLEL:LGRADSP
OPENMPSINGLECOLUMN               GPTF1_YDVARS_PARALLEL:LTWOTL
OPENMPSINGLECOLUMN               GPTF1_YDVARS_PARALLEL:NOTLDTF1
OPENMPSINGLECOLUMN               LACDYN_PARALLEL:LASURE
OPENMPSINGLECOLUMN               LACDYN_PARALLEL:ZMIXNL
OPENMPSINGLECOLUMN               LAPINEA_PARALLEL:LARCINA
OPENMPSINGLECOLUMN               LAPINEB_PARALLEL:CVGQ
OPENMPSINGLECOLUMN               LAPINEB_PARALLEL:DPDETA0
OPENMPSINGLECOLUMN               LAPINEB_PARALLEL:LACONE
OPENMPSINGLECOLUMN               LAPINEB_PARALLEL:LARCHE
OPENMPSINGLECOLUMN               LAPINEB_PARALLEL:LRDBBC
OPENMPSINGLECOLUMN               LAPINEB_PARALLEL:LRPLANE
OPENMPSINGLECOLUMN               LAPINEB_PARALLEL:L_RDRY_VD
OPENMPSINGLECOLUMN               LAPINEB_PARALLEL:NVLAG2
OPENMPSINGLECOLUMN               LAPINEB_PARALLEL:NVLAG3
OPENMPSINGLECOLUMN               LAPINEB_PARALLEL:ROTUV
OPENMPSINGLECOLUMN               LAPINEB_PARALLEL:ROTUVGEO
OPENMPSINGLECOLUMN               LAPINEB_PARALLEL:TEMP_EQ
OPENMPSINGLECOLUMN               LAPINEB_PARALLEL:YCVGQ
OPENMPSINGLECOLUMN               LAPINEB_PARALLEL:ZERO_GMV9
OPENMPSINGLECOLUMN               LAPINEB_PARALLEL:ZERO_GMV9_SI
OPENMPSINGLECOLUMN               LAPINEB_PARALLEL:ZERO_GMV9_SL
OPENMPSINGLECOLUMN               LAPINEB_PARALLEL:ZERO_UV9
OPENMPSINGLECOLUMN               LAPINEB_PARALLEL:ZVWEI
OPENMPSINGLECOLUMN               LARCINB_PARALLEL:LAITRE_GFL
OPENMPSINGLECOLUMN               LARCINB_PARALLEL:LAITRE_GMV
OPENMPSINGLECOLUMN               LARCINB_PARALLEL:LAITVSPCQM
OPENMPSINGLECOLUMN               LARCINB_PARALLEL:LCOMAD_SP
OPENMPSINGLECOLUMN               LARCINB_PARALLEL:LDSLPHY
OPENMPSINGLECOLUMN               LARCINB_PARALLEL:LIN
OPENMPSINGLECOLUMN               LARCINB_PARALLEL:LLCOMAD
OPENMPSINGLECOLUMN               LARCINB_PARALLEL:LLCOMAD_2
OPENMPSINGLECOLUMN               LARCINB_PARALLEL:LRHS_CURV_F
OPENMPSINGLECOLUMN               LARCINB_PARALLEL:LTDIABLIN
OPENMPSINGLECOLUMN               LARCINB_PARALLEL:NQMGMV
OPENMPSINGLECOLUMN               LARCINB_PARALLEL:NTLAG_3
OPENMPSINGLECOLUMN               LARCINB_PARALLEL:NVLAG_2
OPENMPSINGLECOLUMN               LARCINB_PARALLEL:NVLAG_3
OPENMPSINGLECOLUMN               LARCINB_PARALLEL:RRINTOPT
OPENMPSINGLECOLUMN               LARMES_PARALLEL:LARMES
OPENMPSINGLECOLUMN               LASSIE_PARALLEL:GPRCP
OPENMPSINGLECOLUMN               LASSIE_PARALLEL:SITNU
OPENMPSINGLECOLUMN               LATTES_PARALLEL:0
OPENMPSINGLECOLUMN               LATTEX_EXPL_2TL_PARALLEL:0
OPENMPSINGLECOLUMN               LATTEX_EXPL_2TL_PARALLEL:1
OPENMPSINGLECOLUMN               LATTEX_EXPL_2TL_PARALLEL:2
OPENMPSINGLECOLUMN               LATTEX_EXPL_2TL_PARALLEL:3
OPENMPSINGLECOLUMN               LATTEX_EXPL_2TL_PARALLEL:4
OPENMPSINGLECOLUMN               LATTEX_EXPL_2TL_PARALLEL:5
OPENMPSINGLECOLUMN               LATTEX_EXPL_2TL_PARALLEL:6
OPENMP                           LATTEX_EXPL_VSPLTRANS_PARALLEL:0
OPENMP                           LATTEX_EXPL_VSPLTRANS_PARALLEL:1
OPENMPSINGLECOLUMN               LATTEX_PARALLEL:LRHS_CURV
OPENMPSINGLECOLUMN               LATTEX_PARALLEL:LRSIDDH
OPENMPSINGLECOLUMN               LATTEX_PARALLEL:MAIN
OPENMPSINGLECOLUMN               LAVABO_EXPL_LAITVSPCQM_PART1_PARALLEL:0
OPENMPSINGLECOLUMN               LAVABO_EXPL_LAITVSPCQM_PART2_PARALLEL:0
OPENMPSINGLECOLUMN               LAVABO_PARALLEL:0
OPENMPSINGLECOLUMN               LAVABO_PARALLEL:1
OPENMPSINGLECOLUMN               LAVABO_PARALLEL:2
OPENMPSINGLECOLUMN               LAVENT_PARALLEL:0
OPENMPSINGLECOLUMN               MF_PHYS_FPL_PART1_PARALLEL:PART1
OPENMPSINGLECOLUMN               MF_PHYS_FPL_PART2_PARALLEL:PART2
OPENMPSINGLECOLUMN               MF_PHYS_INIT_PARALLEL:ZERO
OPENMPSINGLECOLUMN               MF_PHYS_MOCON_PARALLEL:PPWETPOINT
OPENMPSINGLECOLUMN               MF_PHYS_PREP_PARALLEL:PREP
OPENMPSINGLECOLUMN               MF_PHYS_SAVE_PHSURF_PART1_PARALLEL:PART1
OPENMPSINGLECOLUMN               MF_PHYS_SAVE_PHSURF_PART2_PARALLEL:PART2
OPENMPSINGLECOLUMN               MF_PHYS_TRANSFER_PARALLEL:ALL
OPENMPSINGLECOLUMN               RECMWF_PARALLEL:1
OPENMPSINGLECOLUMN               RECMWF_PARALLEL:2
OPENMP                           RECMWF_PARALLEL:ECRAD_CPU
OPENMP                           RECMWF_PARALLEL:ECRAD_GPU
OPENMPSINGLECOLUMN               RECMWF_PARALLEL:ECRAD_POST
OPENMPSINGLECOLUMN               RECMWF_PARALLEL:FINISH
OPENMPSINGLECOLUMN               RECMWF_PARALLEL:PREPARE
OPENMP                           RECMWF_PARALLEL:RRTM
OPENMP                           RECMWF_PARALLEL:SRTM
OPENMPSINGLECOLUMN               SCAN2M_TS_PARALLEL:0
OPENMPSINGLECOLUMN               SPCHORNEW_PARALLEL:MAIN
OPENMPSINGLECOLUMN               SPCMNEW_PARALLEL:MAIN
OPENMPSINGLECOLUMN               SPCSINEW_PARALLEL:MAIN
OPENMPSINGLECOLUMN               STEPO:MAIN
OPENMPSINGLECOLUMN               TRMTOSNEW:MAIN
OPENMPSINGLECOLUMN               TRSTOMNEW:MAIN
 ------ lparallelmethod.txt ------
 ------ lsynchost.txt ------
 ------ lsynchost.txt ------
*------------------------------------------------------------------------------*
|                                                                              |
|                                   stdeo.6                                    |
|                                                                              |
*------------------------------------------------------------------------------*
MPIAUTOTIMEOUT is set to 90 seconds
MPI_Init took 1 seconds
Reading namelist NAMPAR0 from fort.4
Reading namelist NAMPAR0 from fort.4
OMP: Warning #182: OMP_STACKSIZE: ignored because KMP_STACKSIZE has been defined
Reading namelist NAM_DISTRIBUTED_VECTORS from file 
Reading namelist NAMPAR0 from fort.4
 DEV_ALLOC_SIZE = 68719476736
 ------ lparallelmethod.txt ------
OPENMPSINGLECOLUMN               ACCTND0_PARALLEL:PACC
OPENMPSINGLECOLUMN               ACVPPKF_PARALLEL:PART0
OPENMPSINGLECOLUMN               ACVPPKF_PARALLEL:PART1
OPENMPSINGLECOLUMN               ACVPPKF_PARALLEL:PART2
OPENMPSINGLECOLUMN               ACVPPKF_PARALLEL:PART3
OPENMPSINGLECOLUMN               APL_ARPEGE_AEROSOLS_FOR_RADIATION_PARALLEL:RADAER
OPENMPSINGLECOLUMN               APL_ARPEGE_ALBEDO_COMPUTATION_PARALLEL:0
OPENMPSINGLECOLUMN               APL_ARPEGE_ATMOSPHERE_UPDATE_PARALLEL:CPTEND_NEW
OPENMPSINGLECOLUMN               APL_ARPEGE_CLOUDINESS_PARALLEL:ACNEBCOND
OPENMPSINGLECOLUMN               APL_ARPEGE_DEEP_CONVECTION_PARALLEL:ACUPTQ
OPENMPSINGLECOLUMN               APL_ARPEGE_DEEP_CONVECTION_PARALLEL:COPY
OPENMPSINGLECOLUMN               APL_ARPEGE_DEEP_CONVECTION_PARALLEL:CUCALLN_MF
OPENMPSINGLECOLUMN               APL_ARPEGE_DEEP_CONVECTION_PARALLEL:CULIGHT
OPENMPSINGLECOLUMN               APL_ARPEGE_DEEP_CONVECTION_PARALLEL:INIT
OPENMPSINGLECOLUMN               APL_ARPEGE_DEEP_CONVECTION_PARALLEL:ZERO
OPENMPSINGLECOLUMN               APL_ARPEGE_DPRECIPS_PARALLEL:0
OPENMPSINGLECOLUMN               APL_ARPEGE_HYDRO_BUDGET_PARALLEL:ACDROV
OPENMPSINGLECOLUMN               APL_ARPEGE_HYDRO_BUDGET_PARALLEL:LMSE
OPENMPSINGLECOLUMN               APL_ARPEGE_INIT_PARALLEL:0
OPENMPSINGLECOLUMN               APL_ARPEGE_INIT_PARALLEL:1
OPENMPSINGLECOLUMN               APL_ARPEGE_INIT_PARALLEL:2
OPENMPSINGLECOLUMN               APL_ARPEGE_INIT_PARALLEL:3
OPENMPSINGLECOLUMN               APL_ARPEGE_INIT_PARALLEL:4
OPENMPSINGLECOLUMN               APL_ARPEGE_INIT_PARALLEL:5
OPENMPSINGLECOLUMN               APL_ARPEGE_INIT_PARALLEL:6
OPENMP                           APL_ARPEGE_INIT_SURFEX_PARALLEL:0
OPENMP                           APL_ARPEGE_INIT_SURFEX_PARALLEL:1
OPENMP                           APL_ARPEGE_INIT_SURFEX_PARALLEL:2
OPENMPSINGLECOLUMN               APL_ARPEGE_MWAVE_PARALLEL:0
OPENMP                           APL_ARPEGE_OCEANIC_FLUXES_PARALLEL:1
OPENMPSINGLECOLUMN               APL_ARPEGE_OCEANIC_FLUXES_PARALLEL:ACFLUSO
OPENMP                           APL_ARPEGE_PARALLEL:22
OPENMP                           APL_ARPEGE_PARALLEL:23
OPENMP                           APL_ARPEGE_PARALLEL:24
OPENMPSINGLECOLUMN               APL_ARPEGE_PARALLEL:ACCLPH
OPENMPSINGLECOLUMN               APL_ARPEGE_PARALLEL:ACDRAG
OPENMPSINGLECOLUMN               APL_ARPEGE_PARALLEL:ACDRME
OPENMPSINGLECOLUMN               APL_ARPEGE_PARALLEL:ACEVADCAPE
OPENMPSINGLECOLUMN               APL_ARPEGE_PARALLEL:ACHMT
OPENMPSINGLECOLUMN               APL_ARPEGE_PARALLEL:ACHMTLS
OPENMPSINGLECOLUMN               APL_ARPEGE_PARALLEL:ACSOL
OPENMPSINGLECOLUMN               APL_ARPEGE_PARALLEL:ACTQSAT
OPENMPSINGLECOLUMN               APL_ARPEGE_PARALLEL:ACVISIH
OPENMPSINGLECOLUMN               APL_ARPEGE_PARALLEL:APLPAR_INIT
OPENMPSINGLECOLUMN               APL_ARPEGE_PARALLEL:BAYRAD
OPENMP                           APL_ARPEGE_PARALLEL:CHECKMV
OPENMPSINGLECOLUMN               APL_ARPEGE_PARALLEL:CPPHINP
OPENMPSINGLECOLUMN               APL_ARPEGE_PARALLEL:DIFTQ
OPENMPSINGLECOLUMN               APL_ARPEGE_PARALLEL:EDR
OPENMPSINGLECOLUMN               APL_ARPEGE_PARALLEL:FRSOPT
OPENMPSINGLECOLUMN               APL_ARPEGE_PARALLEL:PLSM
OPENMPSINGLECOLUMN               APL_ARPEGE_PARALLEL:PPWETPOINT
OPENMPSINGLECOLUMN               APL_ARPEGE_PARALLEL:PRECIPS
OPENMPSINGLECOLUMN               APL_ARPEGE_PARALLEL:QNGCOR
OPENMPSINGLECOLUMN               APL_ARPEGE_PARALLEL:TURBULENCE_PART2
OPENMPSINGLECOLUMN               APL_ARPEGE_PARALLEL:ZBAY_QRCONV
OPENMPSINGLECOLUMN               APL_ARPEGE_PARALLEL:ZDE2MR
OPENMPSINGLECOLUMN               APL_ARPEGE_PARALLEL:ZDPHIV
OPENMPSINGLECOLUMN               APL_ARPEGE_PARALLEL:ZRDG_LCVQ
OPENMPSINGLECOLUMN               APL_ARPEGE_PRECIPITATION_PARALLEL:ACUPTQ
OPENMPSINGLECOLUMN               APL_ARPEGE_RADIATION_PARALLEL:ACDAYD
OPENMPSINGLECOLUMN               APL_ARPEGE_RADIATION_PARALLEL:ACRANEB2
OPENMPSINGLECOLUMN               APL_ARPEGE_RADIATION_PARALLEL:ACRSO
OPENMPSINGLECOLUMN               APL_ARPEGE_RADIATION_PARALLEL:CALLRAD_F
OPENMPSINGLECOLUMN               APL_ARPEGE_RADIATION_PARALLEL:DIRECT
OPENMPSINGLECOLUMN               APL_ARPEGE_RADIATION_PARALLEL:LMSE_F
OPENMPSINGLECOLUMN               APL_ARPEGE_RADIATION_PARALLEL:RADHEAT
OPENMPSINGLECOLUMN               APL_ARPEGE_RADIATION_PARALLEL:SUNSHINE
OPENMPSINGLECOLUMN               APL_ARPEGE_SHALLOW_CONVECTION_AND_TURBULENCE_PARALLEL:ACTKE
OPENMPSINGLECOLUMN               APL_ARPEGE_SOIL_HYDRO_PARALLEL:ACVEG
OPENMP                           APL_ARPEGE_SURFACE_PARALLEL:1
OPENMPSINGLECOLUMN               APL_ARPEGE_SURFACE_PARALLEL:ACDIFV1
OPENMPSINGLECOLUMN               APL_ARPEGE_SURFACE_PARALLEL:ACDIFV2
OPENMPSINGLECOLUMN               APL_ARPEGE_SURFACE_PARALLEL:CALLSFX_F
OPENMPSINGLECOLUMN               APL_ARPEGE_SURFACE_PARALLEL:LEDKF
OPENMPSINGLECOLUMN               APL_ARPEGE_SURFACE_PARALLEL:LMSE_F
OPENMPSINGLECOLUMN               APL_ARPEGE_SURFACE_PARALLEL:LMSE_F2
OPENMPSINGLECOLUMN               APL_ARPEGE_SURFACE_UPDATE_PARALLEL:LMSE_F
OPENMPSINGLECOLUMN               APL_ARPEGE_SURFACE_UPDATE_PARALLEL:LMSE_T
OPENMPSINGLECOLUMN               APL_WIND_GUST_PARALLEL:ACCLDIA
OPENMPSINGLECOLUMN               ARP_SHALLOW_MF_PARALLEL:FINISH
OPENMPSINGLECOLUMN               ARP_SHALLOW_MF_PARALLEL:INIT
OPENMPSINGLECOLUMN               ARP_SHALLOW_MF_PARALLEL:SHALLOW_MF
OPENMPSINGLECOLUMN               ARP_SHALLOW_MF_PARALLEL:ZERO
OPENMPSINGLECOLUMN               CPCFU_PARALLEL:0
OPENMPSINGLECOLUMN               CPCFU_PARALLEL:1
OPENMPSINGLECOLUMN               CPCFU_PARALLEL:2
OPENMPSINGLECOLUMN               CPCFU_PARALLEL:3
OPENMPSINGLECOLUMN               CPCFU_PARALLEL:4
OPENMPSINGLECOLUMN               CPCFU_PARALLEL:5
OPENMPSINGLECOLUMN               CPGLAG_PARALLEL:0
OPENMPSINGLECOLUMN               CPGLAG_PARALLEL:1
OPENMPSINGLECOLUMN               CPGLAG_PARALLEL:STR
OPENMPSINGLECOLUMN               CPG_DIA_FLU_PARALLEL:0
OPENMPSINGLECOLUMN               CPG_DIA_FLU_PARALLEL:1
OPENMPSINGLECOLUMN               CPG_DIA_FLU_PARALLEL:2
OPENMPSINGLECOLUMN               CPG_DIA_FLU_PARALLEL:3
OPENMPSINGLECOLUMN               CPG_DIA_FLU_PARALLEL:4
OPENMPMETHOD                     CPG_END_SFC_PARALLEL:GSP_CL_SET0TO1
OPENMPMETHOD                     CPG_END_SFC_PARALLEL:PHTFILT
OPENMPMETHOD                     CPG_END_SFC_PARALLEL:SET0TO1
OPENMPSINGLECOLUMN               CPG_GP_HYD_PARALLEL:0
OPENMPSINGLECOLUMN               CPG_GP_HYD_PARALLEL:1
OPENMPSINGLECOLUMN               CPG_GP_HYD_PARALLEL:2
OPENMPSINGLECOLUMN               CPG_GP_HYD_PARALLEL:3
OPENMPSINGLECOLUMN               CPG_GP_PARALLEL:GPINISLB_PART1_EXPL
OPENMPSINGLECOLUMN               CPG_GP_PARALLEL:GPINISLB_PART3_EXPL
OPENMPSINGLECOLUMN               CPG_GP_PARALLEL:GPTF2_EXPL_2TL
OPENMPSINGLECOLUMN               CPG_GP_PARALLEL:GP_SPV
OPENMPSINGLECOLUMN               CPG_GP_PARALLEL:MAP_FACTOR
OPENMPMETHOD                     CPG_GP_PARALLEL:SET1TO0
OPENMPMETHOD                     CPG_GP_PARALLEL:SET1TO9
UPDATEVIEW                       CPG_GP_PARALLEL:SET9TO0
OPENMPSINGLECOLUMN               CPG_GP_PARALLEL:SETZERO
OPENMPSINGLECOLUMN               CPG_PARALLEL:ISETTLOFF
OPENMPSINGLECOLUMN               CPG_PARALLEL:LSMTSOL
OPENMPMETHOD                     CPG_PARALLEL:SHUFFLESL1
OPENMPMETHOD                     CPG_PARALLEL:ZEROPB2
OPENMPMETHOD                     CPG_PARALLEL:ZEROSL1
OPENMPSINGLECOLUMN               CPUTQY0_PARALLEL:PVAR
OPENMPSINGLECOLUMN               CPUTQY_APLPAR_EXPL_PARALLEL:PFDIS
OPENMPSINGLECOLUMN               CPUTQY_APLPAR_EXPL_PARALLEL:ZDEC
OPENMPSINGLECOLUMN               CPUTQY_APLPAR_EXPL_PARALLEL:ZTDCP
OPENMPSINGLECOLUMN               CPXFU_PARALLEL:0
OPENMPSINGLECOLUMN               CPXFU_PARALLEL:1
OPENMPSINGLECOLUMN               CPXFU_PARALLEL:2
OPENMPSINGLECOLUMN               CPXFU_PARALLEL:3
OPENMPSINGLECOLUMN               CPXFU_PARALLEL:4
OPENMPSINGLECOLUMN               CTVTOT_EXPL_PARALLEL:0
OPENMPSINGLECOLUMN               EXCHANGE_MS_MODNEW:MAIN
OPENMPSINGLECOLUMN               GPINISLB_PART2_EXPL_PARALLEL:0
OPENMPSINGLECOLUMN               GPINISLB_PART2_EXPL_PARALLEL:1
OPENMPSINGLECOLUMN               GPINISLB_PART2_EXPL_PARALLEL:2
OPENMPSINGLECOLUMN               GPINISLB_PART2_EXPL_PARALLEL:3
OPENMPSINGLECOLUMN               GPINISLB_PART2_EXPL_PARALLEL:4
OPENMPSINGLECOLUMN               GPINISLB_PART2_EXPL_PARALLEL:5
OPENMPSINGLECOLUMN               GPMPFC_EXPL_PARALLEL:0
OPENMPSINGLECOLUMN               GPMPFC_EXPL_PARALLEL:1
OPENMPSINGLECOLUMN               GPMPFC_EXPL_PART2_PARALLEL:0
OPENMPSINGLECOLUMN               GPRCP_EXPL_PARALLEL:0
OPENMPSINGLECOLUMN               GPRCP_EXPL_PARALLEL:1
OPENMPSINGLECOLUMN               GPRCP_EXPL_PARALLEL:2
OPENMPSINGLECOLUMN               GPRCP_EXPL_PARALLEL:3
OPENMPSINGLECOLUMN               GPRCP_EXPL_PARALLEL:4
OPENMPSINGLECOLUMN               GPRCP_EXPL_PARALLEL:5
OPENMPSINGLECOLUMN               GPTF1_YDVARS_PARALLEL:LGRADSP
OPENMPSINGLECOLUMN               GPTF1_YDVARS_PARALLEL:LTWOTL
OPENMPSINGLECOLUMN               GPTF1_YDVARS_PARALLEL:NOTLDTF1
OPENMPSINGLECOLUMN               LACDYN_PARALLEL:LASURE
OPENMPSINGLECOLUMN               LACDYN_PARALLEL:ZMIXNL
OPENMPSINGLECOLUMN               LAPINEA_PARALLEL:LARCINA
OPENMPSINGLECOLUMN               LAPINEB_PARALLEL:CVGQ
OPENMPSINGLECOLUMN               LAPINEB_PARALLEL:DPDETA0
OPENMPSINGLECOLUMN               LAPINEB_PARALLEL:LACONE
OPENMPSINGLECOLUMN               LAPINEB_PARALLEL:LARCHE
OPENMPSINGLECOLUMN               LAPINEB_PARALLEL:LRDBBC
OPENMPSINGLECOLUMN               LAPINEB_PARALLEL:LRPLANE
OPENMPSINGLECOLUMN               LAPINEB_PARALLEL:L_RDRY_VD
OPENMPSINGLECOLUMN               LAPINEB_PARALLEL:NVLAG2
OPENMPSINGLECOLUMN               LAPINEB_PARALLEL:NVLAG3
OPENMPSINGLECOLUMN               LAPINEB_PARALLEL:ROTUV
OPENMPSINGLECOLUMN               LAPINEB_PARALLEL:ROTUVGEO
OPENMPSINGLECOLUMN               LAPINEB_PARALLEL:TEMP_EQ
OPENMPSINGLECOLUMN               LAPINEB_PARALLEL:YCVGQ
OPENMPSINGLECOLUMN               LAPINEB_PARALLEL:ZERO_GMV9
OPENMPSINGLECOLUMN               LAPINEB_PARALLEL:ZERO_GMV9_SI
OPENMPSINGLECOLUMN               LAPINEB_PARALLEL:ZERO_GMV9_SL
OPENMPSINGLECOLUMN               LAPINEB_PARALLEL:ZERO_UV9
OPENMPSINGLECOLUMN               LAPINEB_PARALLEL:ZVWEI
OPENMPSINGLECOLUMN               LARCINB_PARALLEL:LAITRE_GFL
OPENMPSINGLECOLUMN               LARCINB_PARALLEL:LAITRE_GMV
OPENMPSINGLECOLUMN               LARCINB_PARALLEL:LAITVSPCQM
OPENMPSINGLECOLUMN               LARCINB_PARALLEL:LCOMAD_SP
OPENMPSINGLECOLUMN               LARCINB_PARALLEL:LDSLPHY
OPENMPSINGLECOLUMN               LARCINB_PARALLEL:LIN
OPENMPSINGLECOLUMN               LARCINB_PARALLEL:LLCOMAD
OPENMPSINGLECOLUMN               LARCINB_PARALLEL:LLCOMAD_2
OPENMPSINGLECOLUMN               LARCINB_PARALLEL:LRHS_CURV_F
OPENMPSINGLECOLUMN               LARCINB_PARALLEL:LTDIABLIN
OPENMPSINGLECOLUMN               LARCINB_PARALLEL:NQMGMV
OPENMPSINGLECOLUMN               LARCINB_PARALLEL:NTLAG_3
OPENMPSINGLECOLUMN               LARCINB_PARALLEL:NVLAG_2
OPENMPSINGLECOLUMN               LARCINB_PARALLEL:NVLAG_3
OPENMPSINGLECOLUMN               LARCINB_PARALLEL:RRINTOPT
OPENMPSINGLECOLUMN               LARMES_PARALLEL:LARMES
OPENMPSINGLECOLUMN               LASSIE_PARALLEL:GPRCP
OPENMPSINGLECOLUMN               LASSIE_PARALLEL:SITNU
OPENMPSINGLECOLUMN               LATTES_PARALLEL:0
OPENMPSINGLECOLUMN               LATTEX_EXPL_2TL_PARALLEL:0
OPENMPSINGLECOLUMN               LATTEX_EXPL_2TL_PARALLEL:1
OPENMPSINGLECOLUMN               LATTEX_EXPL_2TL_PARALLEL:2
OPENMPSINGLECOLUMN               LATTEX_EXPL_2TL_PARALLEL:3
OPENMPSINGLECOLUMN               LATTEX_EXPL_2TL_PARALLEL:4
OPENMPSINGLECOLUMN               LATTEX_EXPL_2TL_PARALLEL:5
OPENMPSINGLECOLUMN               LATTEX_EXPL_2TL_PARALLEL:6
OPENMP                           LATTEX_EXPL_VSPLTRANS_PARALLEL:0
OPENMP                           LATTEX_EXPL_VSPLTRANS_PARALLEL:1
OPENMPSINGLECOLUMN               LATTEX_PARALLEL:LRHS_CURV
OPENMPSINGLECOLUMN               LATTEX_PARALLEL:LRSIDDH
OPENMPSINGLECOLUMN               LATTEX_PARALLEL:MAIN
OPENMPSINGLECOLUMN               LAVABO_EXPL_LAITVSPCQM_PART1_PARALLEL:0
OPENMPSINGLECOLUMN               LAVABO_EXPL_LAITVSPCQM_PART2_PARALLEL:0
OPENMPSINGLECOLUMN               LAVABO_PARALLEL:0
OPENMPSINGLECOLUMN               LAVABO_PARALLEL:1
OPENMPSINGLECOLUMN               LAVABO_PARALLEL:2
OPENMPSINGLECOLUMN               LAVENT_PARALLEL:0
OPENMPSINGLECOLUMN               MF_PHYS_FPL_PART1_PARALLEL:PART1
OPENMPSINGLECOLUMN               MF_PHYS_FPL_PART2_PARALLEL:PART2
OPENMPSINGLECOLUMN               MF_PHYS_INIT_PARALLEL:ZERO
OPENMPSINGLECOLUMN               MF_PHYS_MOCON_PARALLEL:PPWETPOINT
OPENMPSINGLECOLUMN               MF_PHYS_PREP_PARALLEL:PREP
OPENMPSINGLECOLUMN               MF_PHYS_SAVE_PHSURF_PART1_PARALLEL:PART1
OPENMPSINGLECOLUMN               MF_PHYS_SAVE_PHSURF_PART2_PARALLEL:PART2
OPENMPSINGLECOLUMN               MF_PHYS_TRANSFER_PARALLEL:ALL
OPENMPSINGLECOLUMN               RECMWF_PARALLEL:1
OPENMPSINGLECOLUMN               RECMWF_PARALLEL:2
OPENMP                           RECMWF_PARALLEL:ECRAD_CPU
OPENMP                           RECMWF_PARALLEL:ECRAD_GPU
OPENMPSINGLECOLUMN               RECMWF_PARALLEL:ECRAD_POST
OPENMPSINGLECOLUMN               RECMWF_PARALLEL:FINISH
OPENMPSINGLECOLUMN               RECMWF_PARALLEL:PREPARE
OPENMP                           RECMWF_PARALLEL:RRTM
OPENMP                           RECMWF_PARALLEL:SRTM
OPENMPSINGLECOLUMN               SCAN2M_TS_PARALLEL:0
OPENMPSINGLECOLUMN               SPCHORNEW_PARALLEL:MAIN
OPENMPSINGLECOLUMN               SPCMNEW_PARALLEL:MAIN
OPENMPSINGLECOLUMN               SPCSINEW_PARALLEL:MAIN
OPENMPSINGLECOLUMN               STEPO:MAIN
OPENMPSINGLECOLUMN               TRMTOSNEW:MAIN
OPENMPSINGLECOLUMN               TRSTOMNEW:MAIN
 ------ lparallelmethod.txt ------
 ------ lsynchost.txt ------
 ------ lsynchost.txt ------
*------------------------------------------------------------------------------*
|                                                                              |
|                                   stdeo.7                                    |
|                                                                              |
*------------------------------------------------------------------------------*
MPIAUTOTIMEOUT is set to 90 seconds
MPI_Init took 1 seconds
Reading namelist NAMPAR0 from fort.4
Reading namelist NAMPAR0 from fort.4
OMP: Warning #182: OMP_STACKSIZE: ignored because KMP_STACKSIZE has been defined
Reading namelist NAM_DISTRIBUTED_VECTORS from file 
Reading namelist NAMPAR0 from fort.4
 DEV_ALLOC_SIZE = 68719476736
 ------ lparallelmethod.txt ------
OPENMPSINGLECOLUMN               ACCTND0_PARALLEL:PACC
OPENMPSINGLECOLUMN               ACVPPKF_PARALLEL:PART0
OPENMPSINGLECOLUMN               ACVPPKF_PARALLEL:PART1
OPENMPSINGLECOLUMN               ACVPPKF_PARALLEL:PART2
OPENMPSINGLECOLUMN               ACVPPKF_PARALLEL:PART3
OPENMPSINGLECOLUMN               APL_ARPEGE_AEROSOLS_FOR_RADIATION_PARALLEL:RADAER
OPENMPSINGLECOLUMN               APL_ARPEGE_ALBEDO_COMPUTATION_PARALLEL:0
OPENMPSINGLECOLUMN               APL_ARPEGE_ATMOSPHERE_UPDATE_PARALLEL:CPTEND_NEW
OPENMPSINGLECOLUMN               APL_ARPEGE_CLOUDINESS_PARALLEL:ACNEBCOND
OPENMPSINGLECOLUMN               APL_ARPEGE_DEEP_CONVECTION_PARALLEL:ACUPTQ
OPENMPSINGLECOLUMN               APL_ARPEGE_DEEP_CONVECTION_PARALLEL:COPY
OPENMPSINGLECOLUMN               APL_ARPEGE_DEEP_CONVECTION_PARALLEL:CUCALLN_MF
OPENMPSINGLECOLUMN               APL_ARPEGE_DEEP_CONVECTION_PARALLEL:CULIGHT
OPENMPSINGLECOLUMN               APL_ARPEGE_DEEP_CONVECTION_PARALLEL:INIT
OPENMPSINGLECOLUMN               APL_ARPEGE_DEEP_CONVECTION_PARALLEL:ZERO
OPENMPSINGLECOLUMN               APL_ARPEGE_DPRECIPS_PARALLEL:0
OPENMPSINGLECOLUMN               APL_ARPEGE_HYDRO_BUDGET_PARALLEL:ACDROV
OPENMPSINGLECOLUMN               APL_ARPEGE_HYDRO_BUDGET_PARALLEL:LMSE
OPENMPSINGLECOLUMN               APL_ARPEGE_INIT_PARALLEL:0
OPENMPSINGLECOLUMN               APL_ARPEGE_INIT_PARALLEL:1
OPENMPSINGLECOLUMN               APL_ARPEGE_INIT_PARALLEL:2
OPENMPSINGLECOLUMN               APL_ARPEGE_INIT_PARALLEL:3
OPENMPSINGLECOLUMN               APL_ARPEGE_INIT_PARALLEL:4
OPENMPSINGLECOLUMN               APL_ARPEGE_INIT_PARALLEL:5
OPENMPSINGLECOLUMN               APL_ARPEGE_INIT_PARALLEL:6
OPENMP                           APL_ARPEGE_INIT_SURFEX_PARALLEL:0
OPENMP                           APL_ARPEGE_INIT_SURFEX_PARALLEL:1
OPENMP                           APL_ARPEGE_INIT_SURFEX_PARALLEL:2
OPENMPSINGLECOLUMN               APL_ARPEGE_MWAVE_PARALLEL:0
OPENMP                           APL_ARPEGE_OCEANIC_FLUXES_PARALLEL:1
OPENMPSINGLECOLUMN               APL_ARPEGE_OCEANIC_FLUXES_PARALLEL:ACFLUSO
OPENMP                           APL_ARPEGE_PARALLEL:22
OPENMP                           APL_ARPEGE_PARALLEL:23
OPENMP                           APL_ARPEGE_PARALLEL:24
OPENMPSINGLECOLUMN               APL_ARPEGE_PARALLEL:ACCLPH
OPENMPSINGLECOLUMN               APL_ARPEGE_PARALLEL:ACDRAG
OPENMPSINGLECOLUMN               APL_ARPEGE_PARALLEL:ACDRME
OPENMPSINGLECOLUMN               APL_ARPEGE_PARALLEL:ACEVADCAPE
OPENMPSINGLECOLUMN               APL_ARPEGE_PARALLEL:ACHMT
OPENMPSINGLECOLUMN               APL_ARPEGE_PARALLEL:ACHMTLS
OPENMPSINGLECOLUMN               APL_ARPEGE_PARALLEL:ACSOL
OPENMPSINGLECOLUMN               APL_ARPEGE_PARALLEL:ACTQSAT
OPENMPSINGLECOLUMN               APL_ARPEGE_PARALLEL:ACVISIH
OPENMPSINGLECOLUMN               APL_ARPEGE_PARALLEL:APLPAR_INIT
OPENMPSINGLECOLUMN               APL_ARPEGE_PARALLEL:BAYRAD
OPENMP                           APL_ARPEGE_PARALLEL:CHECKMV
OPENMPSINGLECOLUMN               APL_ARPEGE_PARALLEL:CPPHINP
OPENMPSINGLECOLUMN               APL_ARPEGE_PARALLEL:DIFTQ
OPENMPSINGLECOLUMN               APL_ARPEGE_PARALLEL:EDR
OPENMPSINGLECOLUMN               APL_ARPEGE_PARALLEL:FRSOPT
OPENMPSINGLECOLUMN               APL_ARPEGE_PARALLEL:PLSM
OPENMPSINGLECOLUMN               APL_ARPEGE_PARALLEL:PPWETPOINT
OPENMPSINGLECOLUMN               APL_ARPEGE_PARALLEL:PRECIPS
OPENMPSINGLECOLUMN               APL_ARPEGE_PARALLEL:QNGCOR
OPENMPSINGLECOLUMN               APL_ARPEGE_PARALLEL:TURBULENCE_PART2
OPENMPSINGLECOLUMN               APL_ARPEGE_PARALLEL:ZBAY_QRCONV
OPENMPSINGLECOLUMN               APL_ARPEGE_PARALLEL:ZDE2MR
OPENMPSINGLECOLUMN               APL_ARPEGE_PARALLEL:ZDPHIV
OPENMPSINGLECOLUMN               APL_ARPEGE_PARALLEL:ZRDG_LCVQ
OPENMPSINGLECOLUMN               APL_ARPEGE_PRECIPITATION_PARALLEL:ACUPTQ
OPENMPSINGLECOLUMN               APL_ARPEGE_RADIATION_PARALLEL:ACDAYD
OPENMPSINGLECOLUMN               APL_ARPEGE_RADIATION_PARALLEL:ACRANEB2
OPENMPSINGLECOLUMN               APL_ARPEGE_RADIATION_PARALLEL:ACRSO
OPENMPSINGLECOLUMN               APL_ARPEGE_RADIATION_PARALLEL:CALLRAD_F
OPENMPSINGLECOLUMN               APL_ARPEGE_RADIATION_PARALLEL:DIRECT
OPENMPSINGLECOLUMN               APL_ARPEGE_RADIATION_PARALLEL:LMSE_F
OPENMPSINGLECOLUMN               APL_ARPEGE_RADIATION_PARALLEL:RADHEAT
OPENMPSINGLECOLUMN               APL_ARPEGE_RADIATION_PARALLEL:SUNSHINE
OPENMPSINGLECOLUMN               APL_ARPEGE_SHALLOW_CONVECTION_AND_TURBULENCE_PARALLEL:ACTKE
OPENMPSINGLECOLUMN               APL_ARPEGE_SOIL_HYDRO_PARALLEL:ACVEG
OPENMP                           APL_ARPEGE_SURFACE_PARALLEL:1
OPENMPSINGLECOLUMN               APL_ARPEGE_SURFACE_PARALLEL:ACDIFV1
OPENMPSINGLECOLUMN               APL_ARPEGE_SURFACE_PARALLEL:ACDIFV2
OPENMPSINGLECOLUMN               APL_ARPEGE_SURFACE_PARALLEL:CALLSFX_F
OPENMPSINGLECOLUMN               APL_ARPEGE_SURFACE_PARALLEL:LEDKF
OPENMPSINGLECOLUMN               APL_ARPEGE_SURFACE_PARALLEL:LMSE_F
OPENMPSINGLECOLUMN               APL_ARPEGE_SURFACE_PARALLEL:LMSE_F2
OPENMPSINGLECOLUMN               APL_ARPEGE_SURFACE_UPDATE_PARALLEL:LMSE_F
OPENMPSINGLECOLUMN               APL_ARPEGE_SURFACE_UPDATE_PARALLEL:LMSE_T
OPENMPSINGLECOLUMN               APL_WIND_GUST_PARALLEL:ACCLDIA
OPENMPSINGLECOLUMN               ARP_SHALLOW_MF_PARALLEL:FINISH
OPENMPSINGLECOLUMN               ARP_SHALLOW_MF_PARALLEL:INIT
OPENMPSINGLECOLUMN               ARP_SHALLOW_MF_PARALLEL:SHALLOW_MF
OPENMPSINGLECOLUMN               ARP_SHALLOW_MF_PARALLEL:ZERO
OPENMPSINGLECOLUMN               CPCFU_PARALLEL:0
OPENMPSINGLECOLUMN               CPCFU_PARALLEL:1
OPENMPSINGLECOLUMN               CPCFU_PARALLEL:2
OPENMPSINGLECOLUMN               CPCFU_PARALLEL:3
OPENMPSINGLECOLUMN               CPCFU_PARALLEL:4
OPENMPSINGLECOLUMN               CPCFU_PARALLEL:5
OPENMPSINGLECOLUMN               CPGLAG_PARALLEL:0
OPENMPSINGLECOLUMN               CPGLAG_PARALLEL:1
OPENMPSINGLECOLUMN               CPGLAG_PARALLEL:STR
OPENMPSINGLECOLUMN               CPG_DIA_FLU_PARALLEL:0
OPENMPSINGLECOLUMN               CPG_DIA_FLU_PARALLEL:1
OPENMPSINGLECOLUMN               CPG_DIA_FLU_PARALLEL:2
OPENMPSINGLECOLUMN               CPG_DIA_FLU_PARALLEL:3
OPENMPSINGLECOLUMN               CPG_DIA_FLU_PARALLEL:4
OPENMPMETHOD                     CPG_END_SFC_PARALLEL:GSP_CL_SET0TO1
OPENMPMETHOD                     CPG_END_SFC_PARALLEL:PHTFILT
OPENMPMETHOD                     CPG_END_SFC_PARALLEL:SET0TO1
OPENMPSINGLECOLUMN               CPG_GP_HYD_PARALLEL:0
OPENMPSINGLECOLUMN               CPG_GP_HYD_PARALLEL:1
OPENMPSINGLECOLUMN               CPG_GP_HYD_PARALLEL:2
OPENMPSINGLECOLUMN               CPG_GP_HYD_PARALLEL:3
OPENMPSINGLECOLUMN               CPG_GP_PARALLEL:GPINISLB_PART1_EXPL
OPENMPSINGLECOLUMN               CPG_GP_PARALLEL:GPINISLB_PART3_EXPL
OPENMPSINGLECOLUMN               CPG_GP_PARALLEL:GPTF2_EXPL_2TL
OPENMPSINGLECOLUMN               CPG_GP_PARALLEL:GP_SPV
OPENMPSINGLECOLUMN               CPG_GP_PARALLEL:MAP_FACTOR
OPENMPMETHOD                     CPG_GP_PARALLEL:SET1TO0
OPENMPMETHOD                     CPG_GP_PARALLEL:SET1TO9
UPDATEVIEW                       CPG_GP_PARALLEL:SET9TO0
OPENMPSINGLECOLUMN               CPG_GP_PARALLEL:SETZERO
OPENMPSINGLECOLUMN               CPG_PARALLEL:ISETTLOFF
OPENMPSINGLECOLUMN               CPG_PARALLEL:LSMTSOL
OPENMPMETHOD                     CPG_PARALLEL:SHUFFLESL1
OPENMPMETHOD                     CPG_PARALLEL:ZEROPB2
OPENMPMETHOD                     CPG_PARALLEL:ZEROSL1
OPENMPSINGLECOLUMN               CPUTQY0_PARALLEL:PVAR
OPENMPSINGLECOLUMN               CPUTQY_APLPAR_EXPL_PARALLEL:PFDIS
OPENMPSINGLECOLUMN               CPUTQY_APLPAR_EXPL_PARALLEL:ZDEC
OPENMPSINGLECOLUMN               CPUTQY_APLPAR_EXPL_PARALLEL:ZTDCP
OPENMPSINGLECOLUMN               CPXFU_PARALLEL:0
OPENMPSINGLECOLUMN               CPXFU_PARALLEL:1
OPENMPSINGLECOLUMN               CPXFU_PARALLEL:2
OPENMPSINGLECOLUMN               CPXFU_PARALLEL:3
OPENMPSINGLECOLUMN               CPXFU_PARALLEL:4
OPENMPSINGLECOLUMN               CTVTOT_EXPL_PARALLEL:0
OPENMPSINGLECOLUMN               EXCHANGE_MS_MODNEW:MAIN
OPENMPSINGLECOLUMN               GPINISLB_PART2_EXPL_PARALLEL:0
OPENMPSINGLECOLUMN               GPINISLB_PART2_EXPL_PARALLEL:1
OPENMPSINGLECOLUMN               GPINISLB_PART2_EXPL_PARALLEL:2
OPENMPSINGLECOLUMN               GPINISLB_PART2_EXPL_PARALLEL:3
OPENMPSINGLECOLUMN               GPINISLB_PART2_EXPL_PARALLEL:4
OPENMPSINGLECOLUMN               GPINISLB_PART2_EXPL_PARALLEL:5
OPENMPSINGLECOLUMN               GPMPFC_EXPL_PARALLEL:0
OPENMPSINGLECOLUMN               GPMPFC_EXPL_PARALLEL:1
OPENMPSINGLECOLUMN               GPMPFC_EXPL_PART2_PARALLEL:0
OPENMPSINGLECOLUMN               GPRCP_EXPL_PARALLEL:0
OPENMPSINGLECOLUMN               GPRCP_EXPL_PARALLEL:1
OPENMPSINGLECOLUMN               GPRCP_EXPL_PARALLEL:2
OPENMPSINGLECOLUMN               GPRCP_EXPL_PARALLEL:3
OPENMPSINGLECOLUMN               GPRCP_EXPL_PARALLEL:4
OPENMPSINGLECOLUMN               GPRCP_EXPL_PARALLEL:5
OPENMPSINGLECOLUMN               GPTF1_YDVARS_PARALLEL:LGRADSP
OPENMPSINGLECOLUMN               GPTF1_YDVARS_PARALLEL:LTWOTL
OPENMPSINGLECOLUMN               GPTF1_YDVARS_PARALLEL:NOTLDTF1
OPENMPSINGLECOLUMN               LACDYN_PARALLEL:LASURE
OPENMPSINGLECOLUMN               LACDYN_PARALLEL:ZMIXNL
OPENMPSINGLECOLUMN               LAPINEA_PARALLEL:LARCINA
OPENMPSINGLECOLUMN               LAPINEB_PARALLEL:CVGQ
OPENMPSINGLECOLUMN               LAPINEB_PARALLEL:DPDETA0
OPENMPSINGLECOLUMN               LAPINEB_PARALLEL:LACONE
OPENMPSINGLECOLUMN               LAPINEB_PARALLEL:LARCHE
OPENMPSINGLECOLUMN               LAPINEB_PARALLEL:LRDBBC
OPENMPSINGLECOLUMN               LAPINEB_PARALLEL:LRPLANE
OPENMPSINGLECOLUMN               LAPINEB_PARALLEL:L_RDRY_VD
OPENMPSINGLECOLUMN               LAPINEB_PARALLEL:NVLAG2
OPENMPSINGLECOLUMN               LAPINEB_PARALLEL:NVLAG3
OPENMPSINGLECOLUMN               LAPINEB_PARALLEL:ROTUV
OPENMPSINGLECOLUMN               LAPINEB_PARALLEL:ROTUVGEO
OPENMPSINGLECOLUMN               LAPINEB_PARALLEL:TEMP_EQ
OPENMPSINGLECOLUMN               LAPINEB_PARALLEL:YCVGQ
OPENMPSINGLECOLUMN               LAPINEB_PARALLEL:ZERO_GMV9
OPENMPSINGLECOLUMN               LAPINEB_PARALLEL:ZERO_GMV9_SI
OPENMPSINGLECOLUMN               LAPINEB_PARALLEL:ZERO_GMV9_SL
OPENMPSINGLECOLUMN               LAPINEB_PARALLEL:ZERO_UV9
OPENMPSINGLECOLUMN               LAPINEB_PARALLEL:ZVWEI
OPENMPSINGLECOLUMN               LARCINB_PARALLEL:LAITRE_GFL
OPENMPSINGLECOLUMN               LARCINB_PARALLEL:LAITRE_GMV
OPENMPSINGLECOLUMN               LARCINB_PARALLEL:LAITVSPCQM
OPENMPSINGLECOLUMN               LARCINB_PARALLEL:LCOMAD_SP
OPENMPSINGLECOLUMN               LARCINB_PARALLEL:LDSLPHY
OPENMPSINGLECOLUMN               LARCINB_PARALLEL:LIN
OPENMPSINGLECOLUMN               LARCINB_PARALLEL:LLCOMAD
OPENMPSINGLECOLUMN               LARCINB_PARALLEL:LLCOMAD_2
OPENMPSINGLECOLUMN               LARCINB_PARALLEL:LRHS_CURV_F
OPENMPSINGLECOLUMN               LARCINB_PARALLEL:LTDIABLIN
OPENMPSINGLECOLUMN               LARCINB_PARALLEL:NQMGMV
OPENMPSINGLECOLUMN               LARCINB_PARALLEL:NTLAG_3
OPENMPSINGLECOLUMN               LARCINB_PARALLEL:NVLAG_2
OPENMPSINGLECOLUMN               LARCINB_PARALLEL:NVLAG_3
OPENMPSINGLECOLUMN               LARCINB_PARALLEL:RRINTOPT
OPENMPSINGLECOLUMN               LARMES_PARALLEL:LARMES
OPENMPSINGLECOLUMN               LASSIE_PARALLEL:GPRCP
OPENMPSINGLECOLUMN               LASSIE_PARALLEL:SITNU
OPENMPSINGLECOLUMN               LATTES_PARALLEL:0
OPENMPSINGLECOLUMN               LATTEX_EXPL_2TL_PARALLEL:0
OPENMPSINGLECOLUMN               LATTEX_EXPL_2TL_PARALLEL:1
OPENMPSINGLECOLUMN               LATTEX_EXPL_2TL_PARALLEL:2
OPENMPSINGLECOLUMN               LATTEX_EXPL_2TL_PARALLEL:3
OPENMPSINGLECOLUMN               LATTEX_EXPL_2TL_PARALLEL:4
OPENMPSINGLECOLUMN               LATTEX_EXPL_2TL_PARALLEL:5
OPENMPSINGLECOLUMN               LATTEX_EXPL_2TL_PARALLEL:6
OPENMP                           LATTEX_EXPL_VSPLTRANS_PARALLEL:0
OPENMP                           LATTEX_EXPL_VSPLTRANS_PARALLEL:1
OPENMPSINGLECOLUMN               LATTEX_PARALLEL:LRHS_CURV
OPENMPSINGLECOLUMN               LATTEX_PARALLEL:LRSIDDH
OPENMPSINGLECOLUMN               LATTEX_PARALLEL:MAIN
OPENMPSINGLECOLUMN               LAVABO_EXPL_LAITVSPCQM_PART1_PARALLEL:0
OPENMPSINGLECOLUMN               LAVABO_EXPL_LAITVSPCQM_PART2_PARALLEL:0
OPENMPSINGLECOLUMN               LAVABO_PARALLEL:0
OPENMPSINGLECOLUMN               LAVABO_PARALLEL:1
OPENMPSINGLECOLUMN               LAVABO_PARALLEL:2
OPENMPSINGLECOLUMN               LAVENT_PARALLEL:0
OPENMPSINGLECOLUMN               MF_PHYS_FPL_PART1_PARALLEL:PART1
OPENMPSINGLECOLUMN               MF_PHYS_FPL_PART2_PARALLEL:PART2
OPENMPSINGLECOLUMN               MF_PHYS_INIT_PARALLEL:ZERO
OPENMPSINGLECOLUMN               MF_PHYS_MOCON_PARALLEL:PPWETPOINT
OPENMPSINGLECOLUMN               MF_PHYS_PREP_PARALLEL:PREP
OPENMPSINGLECOLUMN               MF_PHYS_SAVE_PHSURF_PART1_PARALLEL:PART1
OPENMPSINGLECOLUMN               MF_PHYS_SAVE_PHSURF_PART2_PARALLEL:PART2
OPENMPSINGLECOLUMN               MF_PHYS_TRANSFER_PARALLEL:ALL
OPENMPSINGLECOLUMN               RECMWF_PARALLEL:1
OPENMPSINGLECOLUMN               RECMWF_PARALLEL:2
OPENMP                           RECMWF_PARALLEL:ECRAD_CPU
OPENMP                           RECMWF_PARALLEL:ECRAD_GPU
OPENMPSINGLECOLUMN               RECMWF_PARALLEL:ECRAD_POST
OPENMPSINGLECOLUMN               RECMWF_PARALLEL:FINISH
OPENMPSINGLECOLUMN               RECMWF_PARALLEL:PREPARE
OPENMP                           RECMWF_PARALLEL:RRTM
OPENMP                           RECMWF_PARALLEL:SRTM
OPENMPSINGLECOLUMN               SCAN2M_TS_PARALLEL:0
OPENMPSINGLECOLUMN               SPCHORNEW_PARALLEL:MAIN
OPENMPSINGLECOLUMN               SPCMNEW_PARALLEL:MAIN
OPENMPSINGLECOLUMN               SPCSINEW_PARALLEL:MAIN
OPENMPSINGLECOLUMN               STEPO:MAIN
OPENMPSINGLECOLUMN               TRMTOSNEW:MAIN
OPENMPSINGLECOLUMN               TRSTOMNEW:MAIN
 ------ lparallelmethod.txt ------
 ------ lsynchost.txt ------
 ------ lsynchost.txt ------
*------------------------------------------------------------------------------*
|                                                                              |
|                                   stdeo.8                                    |
|                                                                              |
*------------------------------------------------------------------------------*
MPIAUTOTIMEOUT is set to 90 seconds
MPI_Init took 1 seconds
Reading namelist NAMPAR0 from fort.4
Reading namelist NAMPAR0 from fort.4
OMP: Warning #182: OMP_STACKSIZE: ignored because KMP_STACKSIZE has been defined
Reading namelist NAM_DISTRIBUTED_VECTORS from file 
Reading namelist NAMPAR0 from fort.4
 DEV_ALLOC_SIZE = 68719476736
 ------ lparallelmethod.txt ------
OPENMPSINGLECOLUMN               ACCTND0_PARALLEL:PACC
OPENMPSINGLECOLUMN               ACVPPKF_PARALLEL:PART0
OPENMPSINGLECOLUMN               ACVPPKF_PARALLEL:PART1
OPENMPSINGLECOLUMN               ACVPPKF_PARALLEL:PART2
OPENMPSINGLECOLUMN               ACVPPKF_PARALLEL:PART3
OPENMPSINGLECOLUMN               APL_ARPEGE_AEROSOLS_FOR_RADIATION_PARALLEL:RADAER
OPENMPSINGLECOLUMN               APL_ARPEGE_ALBEDO_COMPUTATION_PARALLEL:0
OPENMPSINGLECOLUMN               APL_ARPEGE_ATMOSPHERE_UPDATE_PARALLEL:CPTEND_NEW
OPENMPSINGLECOLUMN               APL_ARPEGE_CLOUDINESS_PARALLEL:ACNEBCOND
OPENMPSINGLECOLUMN               APL_ARPEGE_DEEP_CONVECTION_PARALLEL:ACUPTQ
OPENMPSINGLECOLUMN               APL_ARPEGE_DEEP_CONVECTION_PARALLEL:COPY
OPENMPSINGLECOLUMN               APL_ARPEGE_DEEP_CONVECTION_PARALLEL:CUCALLN_MF
OPENMPSINGLECOLUMN               APL_ARPEGE_DEEP_CONVECTION_PARALLEL:CULIGHT
OPENMPSINGLECOLUMN               APL_ARPEGE_DEEP_CONVECTION_PARALLEL:INIT
OPENMPSINGLECOLUMN               APL_ARPEGE_DEEP_CONVECTION_PARALLEL:ZERO
OPENMPSINGLECOLUMN               APL_ARPEGE_DPRECIPS_PARALLEL:0
OPENMPSINGLECOLUMN               APL_ARPEGE_HYDRO_BUDGET_PARALLEL:ACDROV
OPENMPSINGLECOLUMN               APL_ARPEGE_HYDRO_BUDGET_PARALLEL:LMSE
OPENMPSINGLECOLUMN               APL_ARPEGE_INIT_PARALLEL:0
OPENMPSINGLECOLUMN               APL_ARPEGE_INIT_PARALLEL:1
OPENMPSINGLECOLUMN               APL_ARPEGE_INIT_PARALLEL:2
OPENMPSINGLECOLUMN               APL_ARPEGE_INIT_PARALLEL:3
OPENMPSINGLECOLUMN               APL_ARPEGE_INIT_PARALLEL:4
OPENMPSINGLECOLUMN               APL_ARPEGE_INIT_PARALLEL:5
OPENMPSINGLECOLUMN               APL_ARPEGE_INIT_PARALLEL:6
OPENMP                           APL_ARPEGE_INIT_SURFEX_PARALLEL:0
OPENMP                           APL_ARPEGE_INIT_SURFEX_PARALLEL:1
OPENMP                           APL_ARPEGE_INIT_SURFEX_PARALLEL:2
OPENMPSINGLECOLUMN               APL_ARPEGE_MWAVE_PARALLEL:0
OPENMP                           APL_ARPEGE_OCEANIC_FLUXES_PARALLEL:1
OPENMPSINGLECOLUMN               APL_ARPEGE_OCEANIC_FLUXES_PARALLEL:ACFLUSO
OPENMP                           APL_ARPEGE_PARALLEL:22
OPENMP                           APL_ARPEGE_PARALLEL:23
OPENMP                           APL_ARPEGE_PARALLEL:24
OPENMPSINGLECOLUMN               APL_ARPEGE_PARALLEL:ACCLPH
OPENMPSINGLECOLUMN               APL_ARPEGE_PARALLEL:ACDRAG
OPENMPSINGLECOLUMN               APL_ARPEGE_PARALLEL:ACDRME
OPENMPSINGLECOLUMN               APL_ARPEGE_PARALLEL:ACEVADCAPE
OPENMPSINGLECOLUMN               APL_ARPEGE_PARALLEL:ACHMT
OPENMPSINGLECOLUMN               APL_ARPEGE_PARALLEL:ACHMTLS
OPENMPSINGLECOLUMN               APL_ARPEGE_PARALLEL:ACSOL
OPENMPSINGLECOLUMN               APL_ARPEGE_PARALLEL:ACTQSAT
OPENMPSINGLECOLUMN               APL_ARPEGE_PARALLEL:ACVISIH
OPENMPSINGLECOLUMN               APL_ARPEGE_PARALLEL:APLPAR_INIT
OPENMPSINGLECOLUMN               APL_ARPEGE_PARALLEL:BAYRAD
OPENMP                           APL_ARPEGE_PARALLEL:CHECKMV
OPENMPSINGLECOLUMN               APL_ARPEGE_PARALLEL:CPPHINP
OPENMPSINGLECOLUMN               APL_ARPEGE_PARALLEL:DIFTQ
OPENMPSINGLECOLUMN               APL_ARPEGE_PARALLEL:EDR
OPENMPSINGLECOLUMN               APL_ARPEGE_PARALLEL:FRSOPT
OPENMPSINGLECOLUMN               APL_ARPEGE_PARALLEL:PLSM
OPENMPSINGLECOLUMN               APL_ARPEGE_PARALLEL:PPWETPOINT
OPENMPSINGLECOLUMN               APL_ARPEGE_PARALLEL:PRECIPS
OPENMPSINGLECOLUMN               APL_ARPEGE_PARALLEL:QNGCOR
OPENMPSINGLECOLUMN               APL_ARPEGE_PARALLEL:TURBULENCE_PART2
OPENMPSINGLECOLUMN               APL_ARPEGE_PARALLEL:ZBAY_QRCONV
OPENMPSINGLECOLUMN               APL_ARPEGE_PARALLEL:ZDE2MR
OPENMPSINGLECOLUMN               APL_ARPEGE_PARALLEL:ZDPHIV
OPENMPSINGLECOLUMN               APL_ARPEGE_PARALLEL:ZRDG_LCVQ
OPENMPSINGLECOLUMN               APL_ARPEGE_PRECIPITATION_PARALLEL:ACUPTQ
OPENMPSINGLECOLUMN               APL_ARPEGE_RADIATION_PARALLEL:ACDAYD
OPENMPSINGLECOLUMN               APL_ARPEGE_RADIATION_PARALLEL:ACRANEB2
OPENMPSINGLECOLUMN               APL_ARPEGE_RADIATION_PARALLEL:ACRSO
OPENMPSINGLECOLUMN               APL_ARPEGE_RADIATION_PARALLEL:CALLRAD_F
OPENMPSINGLECOLUMN               APL_ARPEGE_RADIATION_PARALLEL:DIRECT
OPENMPSINGLECOLUMN               APL_ARPEGE_RADIATION_PARALLEL:LMSE_F
OPENMPSINGLECOLUMN               APL_ARPEGE_RADIATION_PARALLEL:RADHEAT
OPENMPSINGLECOLUMN               APL_ARPEGE_RADIATION_PARALLEL:SUNSHINE
OPENMPSINGLECOLUMN               APL_ARPEGE_SHALLOW_CONVECTION_AND_TURBULENCE_PARALLEL:ACTKE
OPENMPSINGLECOLUMN               APL_ARPEGE_SOIL_HYDRO_PARALLEL:ACVEG
OPENMP                           APL_ARPEGE_SURFACE_PARALLEL:1
OPENMPSINGLECOLUMN               APL_ARPEGE_SURFACE_PARALLEL:ACDIFV1
OPENMPSINGLECOLUMN               APL_ARPEGE_SURFACE_PARALLEL:ACDIFV2
OPENMPSINGLECOLUMN               APL_ARPEGE_SURFACE_PARALLEL:CALLSFX_F
OPENMPSINGLECOLUMN               APL_ARPEGE_SURFACE_PARALLEL:LEDKF
OPENMPSINGLECOLUMN               APL_ARPEGE_SURFACE_PARALLEL:LMSE_F
OPENMPSINGLECOLUMN               APL_ARPEGE_SURFACE_PARALLEL:LMSE_F2
OPENMPSINGLECOLUMN               APL_ARPEGE_SURFACE_UPDATE_PARALLEL:LMSE_F
OPENMPSINGLECOLUMN               APL_ARPEGE_SURFACE_UPDATE_PARALLEL:LMSE_T
OPENMPSINGLECOLUMN               APL_WIND_GUST_PARALLEL:ACCLDIA
OPENMPSINGLECOLUMN               ARP_SHALLOW_MF_PARALLEL:FINISH
OPENMPSINGLECOLUMN               ARP_SHALLOW_MF_PARALLEL:INIT
OPENMPSINGLECOLUMN               ARP_SHALLOW_MF_PARALLEL:SHALLOW_MF
OPENMPSINGLECOLUMN               ARP_SHALLOW_MF_PARALLEL:ZERO
OPENMPSINGLECOLUMN               CPCFU_PARALLEL:0
OPENMPSINGLECOLUMN               CPCFU_PARALLEL:1
OPENMPSINGLECOLUMN               CPCFU_PARALLEL:2
OPENMPSINGLECOLUMN               CPCFU_PARALLEL:3
OPENMPSINGLECOLUMN               CPCFU_PARALLEL:4
OPENMPSINGLECOLUMN               CPCFU_PARALLEL:5
OPENMPSINGLECOLUMN               CPGLAG_PARALLEL:0
OPENMPSINGLECOLUMN               CPGLAG_PARALLEL:1
OPENMPSINGLECOLUMN               CPGLAG_PARALLEL:STR
OPENMPSINGLECOLUMN               CPG_DIA_FLU_PARALLEL:0
OPENMPSINGLECOLUMN               CPG_DIA_FLU_PARALLEL:1
OPENMPSINGLECOLUMN               CPG_DIA_FLU_PARALLEL:2
OPENMPSINGLECOLUMN               CPG_DIA_FLU_PARALLEL:3
OPENMPSINGLECOLUMN               CPG_DIA_FLU_PARALLEL:4
OPENMPMETHOD                     CPG_END_SFC_PARALLEL:GSP_CL_SET0TO1
OPENMPMETHOD                     CPG_END_SFC_PARALLEL:PHTFILT
OPENMPMETHOD                     CPG_END_SFC_PARALLEL:SET0TO1
OPENMPSINGLECOLUMN               CPG_GP_HYD_PARALLEL:0
OPENMPSINGLECOLUMN               CPG_GP_HYD_PARALLEL:1
OPENMPSINGLECOLUMN               CPG_GP_HYD_PARALLEL:2
OPENMPSINGLECOLUMN               CPG_GP_HYD_PARALLEL:3
OPENMPSINGLECOLUMN               CPG_GP_PARALLEL:GPINISLB_PART1_EXPL
OPENMPSINGLECOLUMN               CPG_GP_PARALLEL:GPINISLB_PART3_EXPL
OPENMPSINGLECOLUMN               CPG_GP_PARALLEL:GPTF2_EXPL_2TL
OPENMPSINGLECOLUMN               CPG_GP_PARALLEL:GP_SPV
OPENMPSINGLECOLUMN               CPG_GP_PARALLEL:MAP_FACTOR
OPENMPMETHOD                     CPG_GP_PARALLEL:SET1TO0
OPENMPMETHOD                     CPG_GP_PARALLEL:SET1TO9
UPDATEVIEW                       CPG_GP_PARALLEL:SET9TO0
OPENMPSINGLECOLUMN               CPG_GP_PARALLEL:SETZERO
OPENMPSINGLECOLUMN               CPG_PARALLEL:ISETTLOFF
OPENMPSINGLECOLUMN               CPG_PARALLEL:LSMTSOL
OPENMPMETHOD                     CPG_PARALLEL:SHUFFLESL1
OPENMPMETHOD                     CPG_PARALLEL:ZEROPB2
OPENMPMETHOD                     CPG_PARALLEL:ZEROSL1
OPENMPSINGLECOLUMN               CPUTQY0_PARALLEL:PVAR
OPENMPSINGLECOLUMN               CPUTQY_APLPAR_EXPL_PARALLEL:PFDIS
OPENMPSINGLECOLUMN               CPUTQY_APLPAR_EXPL_PARALLEL:ZDEC
OPENMPSINGLECOLUMN               CPUTQY_APLPAR_EXPL_PARALLEL:ZTDCP
OPENMPSINGLECOLUMN               CPXFU_PARALLEL:0
OPENMPSINGLECOLUMN               CPXFU_PARALLEL:1
OPENMPSINGLECOLUMN               CPXFU_PARALLEL:2
OPENMPSINGLECOLUMN               CPXFU_PARALLEL:3
OPENMPSINGLECOLUMN               CPXFU_PARALLEL:4
OPENMPSINGLECOLUMN               CTVTOT_EXPL_PARALLEL:0
OPENMPSINGLECOLUMN               EXCHANGE_MS_MODNEW:MAIN
OPENMPSINGLECOLUMN               GPINISLB_PART2_EXPL_PARALLEL:0
OPENMPSINGLECOLUMN               GPINISLB_PART2_EXPL_PARALLEL:1
OPENMPSINGLECOLUMN               GPINISLB_PART2_EXPL_PARALLEL:2
OPENMPSINGLECOLUMN               GPINISLB_PART2_EXPL_PARALLEL:3
OPENMPSINGLECOLUMN               GPINISLB_PART2_EXPL_PARALLEL:4
OPENMPSINGLECOLUMN               GPINISLB_PART2_EXPL_PARALLEL:5
OPENMPSINGLECOLUMN               GPMPFC_EXPL_PARALLEL:0
OPENMPSINGLECOLUMN               GPMPFC_EXPL_PARALLEL:1
OPENMPSINGLECOLUMN               GPMPFC_EXPL_PART2_PARALLEL:0
OPENMPSINGLECOLUMN               GPRCP_EXPL_PARALLEL:0
OPENMPSINGLECOLUMN               GPRCP_EXPL_PARALLEL:1
OPENMPSINGLECOLUMN               GPRCP_EXPL_PARALLEL:2
OPENMPSINGLECOLUMN               GPRCP_EXPL_PARALLEL:3
OPENMPSINGLECOLUMN               GPRCP_EXPL_PARALLEL:4
OPENMPSINGLECOLUMN               GPRCP_EXPL_PARALLEL:5
OPENMPSINGLECOLUMN               GPTF1_YDVARS_PARALLEL:LGRADSP
OPENMPSINGLECOLUMN               GPTF1_YDVARS_PARALLEL:LTWOTL
OPENMPSINGLECOLUMN               GPTF1_YDVARS_PARALLEL:NOTLDTF1
OPENMPSINGLECOLUMN               LACDYN_PARALLEL:LASURE
OPENMPSINGLECOLUMN               LACDYN_PARALLEL:ZMIXNL
OPENMPSINGLECOLUMN               LAPINEA_PARALLEL:LARCINA
OPENMPSINGLECOLUMN               LAPINEB_PARALLEL:CVGQ
OPENMPSINGLECOLUMN               LAPINEB_PARALLEL:DPDETA0
OPENMPSINGLECOLUMN               LAPINEB_PARALLEL:LACONE
OPENMPSINGLECOLUMN               LAPINEB_PARALLEL:LARCHE
OPENMPSINGLECOLUMN               LAPINEB_PARALLEL:LRDBBC
OPENMPSINGLECOLUMN               LAPINEB_PARALLEL:LRPLANE
OPENMPSINGLECOLUMN               LAPINEB_PARALLEL:L_RDRY_VD
OPENMPSINGLECOLUMN               LAPINEB_PARALLEL:NVLAG2
OPENMPSINGLECOLUMN               LAPINEB_PARALLEL:NVLAG3
OPENMPSINGLECOLUMN               LAPINEB_PARALLEL:ROTUV
OPENMPSINGLECOLUMN               LAPINEB_PARALLEL:ROTUVGEO
OPENMPSINGLECOLUMN               LAPINEB_PARALLEL:TEMP_EQ
OPENMPSINGLECOLUMN               LAPINEB_PARALLEL:YCVGQ
OPENMPSINGLECOLUMN               LAPINEB_PARALLEL:ZERO_GMV9
OPENMPSINGLECOLUMN               LAPINEB_PARALLEL:ZERO_GMV9_SI
OPENMPSINGLECOLUMN               LAPINEB_PARALLEL:ZERO_GMV9_SL
OPENMPSINGLECOLUMN               LAPINEB_PARALLEL:ZERO_UV9
OPENMPSINGLECOLUMN               LAPINEB_PARALLEL:ZVWEI
OPENMPSINGLECOLUMN               LARCINB_PARALLEL:LAITRE_GFL
OPENMPSINGLECOLUMN               LARCINB_PARALLEL:LAITRE_GMV
OPENMPSINGLECOLUMN               LARCINB_PARALLEL:LAITVSPCQM
OPENMPSINGLECOLUMN               LARCINB_PARALLEL:LCOMAD_SP
OPENMPSINGLECOLUMN               LARCINB_PARALLEL:LDSLPHY
OPENMPSINGLECOLUMN               LARCINB_PARALLEL:LIN
OPENMPSINGLECOLUMN               LARCINB_PARALLEL:LLCOMAD
OPENMPSINGLECOLUMN               LARCINB_PARALLEL:LLCOMAD_2
OPENMPSINGLECOLUMN               LARCINB_PARALLEL:LRHS_CURV_F
OPENMPSINGLECOLUMN               LARCINB_PARALLEL:LTDIABLIN
OPENMPSINGLECOLUMN               LARCINB_PARALLEL:NQMGMV
OPENMPSINGLECOLUMN               LARCINB_PARALLEL:NTLAG_3
OPENMPSINGLECOLUMN               LARCINB_PARALLEL:NVLAG_2
OPENMPSINGLECOLUMN               LARCINB_PARALLEL:NVLAG_3
OPENMPSINGLECOLUMN               LARCINB_PARALLEL:RRINTOPT
OPENMPSINGLECOLUMN               LARMES_PARALLEL:LARMES
OPENMPSINGLECOLUMN               LASSIE_PARALLEL:GPRCP
OPENMPSINGLECOLUMN               LASSIE_PARALLEL:SITNU
OPENMPSINGLECOLUMN               LATTES_PARALLEL:0
OPENMPSINGLECOLUMN               LATTEX_EXPL_2TL_PARALLEL:0
OPENMPSINGLECOLUMN               LATTEX_EXPL_2TL_PARALLEL:1
OPENMPSINGLECOLUMN               LATTEX_EXPL_2TL_PARALLEL:2
OPENMPSINGLECOLUMN               LATTEX_EXPL_2TL_PARALLEL:3
OPENMPSINGLECOLUMN               LATTEX_EXPL_2TL_PARALLEL:4
OPENMPSINGLECOLUMN               LATTEX_EXPL_2TL_PARALLEL:5
OPENMPSINGLECOLUMN               LATTEX_EXPL_2TL_PARALLEL:6
OPENMP                           LATTEX_EXPL_VSPLTRANS_PARALLEL:0
OPENMP                           LATTEX_EXPL_VSPLTRANS_PARALLEL:1
OPENMPSINGLECOLUMN               LATTEX_PARALLEL:LRHS_CURV
OPENMPSINGLECOLUMN               LATTEX_PARALLEL:LRSIDDH
OPENMPSINGLECOLUMN               LATTEX_PARALLEL:MAIN
OPENMPSINGLECOLUMN               LAVABO_EXPL_LAITVSPCQM_PART1_PARALLEL:0
OPENMPSINGLECOLUMN               LAVABO_EXPL_LAITVSPCQM_PART2_PARALLEL:0
OPENMPSINGLECOLUMN               LAVABO_PARALLEL:0
OPENMPSINGLECOLUMN               LAVABO_PARALLEL:1
OPENMPSINGLECOLUMN               LAVABO_PARALLEL:2
OPENMPSINGLECOLUMN               LAVENT_PARALLEL:0
OPENMPSINGLECOLUMN               MF_PHYS_FPL_PART1_PARALLEL:PART1
OPENMPSINGLECOLUMN               MF_PHYS_FPL_PART2_PARALLEL:PART2
OPENMPSINGLECOLUMN               MF_PHYS_INIT_PARALLEL:ZERO
OPENMPSINGLECOLUMN               MF_PHYS_MOCON_PARALLEL:PPWETPOINT
OPENMPSINGLECOLUMN               MF_PHYS_PREP_PARALLEL:PREP
OPENMPSINGLECOLUMN               MF_PHYS_SAVE_PHSURF_PART1_PARALLEL:PART1
OPENMPSINGLECOLUMN               MF_PHYS_SAVE_PHSURF_PART2_PARALLEL:PART2
OPENMPSINGLECOLUMN               MF_PHYS_TRANSFER_PARALLEL:ALL
OPENMPSINGLECOLUMN               RECMWF_PARALLEL:1
OPENMPSINGLECOLUMN               RECMWF_PARALLEL:2
OPENMP                           RECMWF_PARALLEL:ECRAD_CPU
OPENMP                           RECMWF_PARALLEL:ECRAD_GPU
OPENMPSINGLECOLUMN               RECMWF_PARALLEL:ECRAD_POST
OPENMPSINGLECOLUMN               RECMWF_PARALLEL:FINISH
OPENMPSINGLECOLUMN               RECMWF_PARALLEL:PREPARE
OPENMP                           RECMWF_PARALLEL:RRTM
OPENMP                           RECMWF_PARALLEL:SRTM
OPENMPSINGLECOLUMN               SCAN2M_TS_PARALLEL:0
OPENMPSINGLECOLUMN               SPCHORNEW_PARALLEL:MAIN
OPENMPSINGLECOLUMN               SPCMNEW_PARALLEL:MAIN
OPENMPSINGLECOLUMN               SPCSINEW_PARALLEL:MAIN
OPENMPSINGLECOLUMN               STEPO:MAIN
OPENMPSINGLECOLUMN               TRMTOSNEW:MAIN
OPENMPSINGLECOLUMN               TRSTOMNEW:MAIN
 ------ lparallelmethod.txt ------
 ------ lsynchost.txt ------
 ------ lsynchost.txt ------
*------------------------------------------------------------------------------*
|                                                                              |
|                                   stdeo.9                                    |
|                                                                              |
*------------------------------------------------------------------------------*
MPIAUTOTIMEOUT is set to 90 seconds
MPI_Init took 1 seconds
Reading namelist NAMPAR0 from fort.4
Reading namelist NAMPAR0 from fort.4
OMP: Warning #182: OMP_STACKSIZE: ignored because KMP_STACKSIZE has been defined
Reading namelist NAM_DISTRIBUTED_VECTORS from file 
Reading namelist NAMPAR0 from fort.4
 DEV_ALLOC_SIZE = 68719476736
 ------ lparallelmethod.txt ------
OPENMPSINGLECOLUMN               ACCTND0_PARALLEL:PACC
OPENMPSINGLECOLUMN               ACVPPKF_PARALLEL:PART0
OPENMPSINGLECOLUMN               ACVPPKF_PARALLEL:PART1
OPENMPSINGLECOLUMN               ACVPPKF_PARALLEL:PART2
OPENMPSINGLECOLUMN               ACVPPKF_PARALLEL:PART3
OPENMPSINGLECOLUMN               APL_ARPEGE_AEROSOLS_FOR_RADIATION_PARALLEL:RADAER
OPENMPSINGLECOLUMN               APL_ARPEGE_ALBEDO_COMPUTATION_PARALLEL:0
OPENMPSINGLECOLUMN               APL_ARPEGE_ATMOSPHERE_UPDATE_PARALLEL:CPTEND_NEW
OPENMPSINGLECOLUMN               APL_ARPEGE_CLOUDINESS_PARALLEL:ACNEBCOND
OPENMPSINGLECOLUMN               APL_ARPEGE_DEEP_CONVECTION_PARALLEL:ACUPTQ
OPENMPSINGLECOLUMN               APL_ARPEGE_DEEP_CONVECTION_PARALLEL:COPY
OPENMPSINGLECOLUMN               APL_ARPEGE_DEEP_CONVECTION_PARALLEL:CUCALLN_MF
OPENMPSINGLECOLUMN               APL_ARPEGE_DEEP_CONVECTION_PARALLEL:CULIGHT
OPENMPSINGLECOLUMN               APL_ARPEGE_DEEP_CONVECTION_PARALLEL:INIT
OPENMPSINGLECOLUMN               APL_ARPEGE_DEEP_CONVECTION_PARALLEL:ZERO
OPENMPSINGLECOLUMN               APL_ARPEGE_DPRECIPS_PARALLEL:0
OPENMPSINGLECOLUMN               APL_ARPEGE_HYDRO_BUDGET_PARALLEL:ACDROV
OPENMPSINGLECOLUMN               APL_ARPEGE_HYDRO_BUDGET_PARALLEL:LMSE
OPENMPSINGLECOLUMN               APL_ARPEGE_INIT_PARALLEL:0
OPENMPSINGLECOLUMN               APL_ARPEGE_INIT_PARALLEL:1
OPENMPSINGLECOLUMN               APL_ARPEGE_INIT_PARALLEL:2
OPENMPSINGLECOLUMN               APL_ARPEGE_INIT_PARALLEL:3
OPENMPSINGLECOLUMN               APL_ARPEGE_INIT_PARALLEL:4
OPENMPSINGLECOLUMN               APL_ARPEGE_INIT_PARALLEL:5
OPENMPSINGLECOLUMN               APL_ARPEGE_INIT_PARALLEL:6
OPENMP                           APL_ARPEGE_INIT_SURFEX_PARALLEL:0
OPENMP                           APL_ARPEGE_INIT_SURFEX_PARALLEL:1
OPENMP                           APL_ARPEGE_INIT_SURFEX_PARALLEL:2
OPENMPSINGLECOLUMN               APL_ARPEGE_MWAVE_PARALLEL:0
OPENMP                           APL_ARPEGE_OCEANIC_FLUXES_PARALLEL:1
OPENMPSINGLECOLUMN               APL_ARPEGE_OCEANIC_FLUXES_PARALLEL:ACFLUSO
OPENMP                           APL_ARPEGE_PARALLEL:22
OPENMP                           APL_ARPEGE_PARALLEL:23
OPENMP                           APL_ARPEGE_PARALLEL:24
OPENMPSINGLECOLUMN               APL_ARPEGE_PARALLEL:ACCLPH
OPENMPSINGLECOLUMN               APL_ARPEGE_PARALLEL:ACDRAG
OPENMPSINGLECOLUMN               APL_ARPEGE_PARALLEL:ACDRME
OPENMPSINGLECOLUMN               APL_ARPEGE_PARALLEL:ACEVADCAPE
OPENMPSINGLECOLUMN               APL_ARPEGE_PARALLEL:ACHMT
OPENMPSINGLECOLUMN               APL_ARPEGE_PARALLEL:ACHMTLS
OPENMPSINGLECOLUMN               APL_ARPEGE_PARALLEL:ACSOL
OPENMPSINGLECOLUMN               APL_ARPEGE_PARALLEL:ACTQSAT
OPENMPSINGLECOLUMN               APL_ARPEGE_PARALLEL:ACVISIH
OPENMPSINGLECOLUMN               APL_ARPEGE_PARALLEL:APLPAR_INIT
OPENMPSINGLECOLUMN               APL_ARPEGE_PARALLEL:BAYRAD
OPENMP                           APL_ARPEGE_PARALLEL:CHECKMV
OPENMPSINGLECOLUMN               APL_ARPEGE_PARALLEL:CPPHINP
OPENMPSINGLECOLUMN               APL_ARPEGE_PARALLEL:DIFTQ
OPENMPSINGLECOLUMN               APL_ARPEGE_PARALLEL:EDR
OPENMPSINGLECOLUMN               APL_ARPEGE_PARALLEL:FRSOPT
OPENMPSINGLECOLUMN               APL_ARPEGE_PARALLEL:PLSM
OPENMPSINGLECOLUMN               APL_ARPEGE_PARALLEL:PPWETPOINT
OPENMPSINGLECOLUMN               APL_ARPEGE_PARALLEL:PRECIPS
OPENMPSINGLECOLUMN               APL_ARPEGE_PARALLEL:QNGCOR
OPENMPSINGLECOLUMN               APL_ARPEGE_PARALLEL:TURBULENCE_PART2
OPENMPSINGLECOLUMN               APL_ARPEGE_PARALLEL:ZBAY_QRCONV
OPENMPSINGLECOLUMN               APL_ARPEGE_PARALLEL:ZDE2MR
OPENMPSINGLECOLUMN               APL_ARPEGE_PARALLEL:ZDPHIV
OPENMPSINGLECOLUMN               APL_ARPEGE_PARALLEL:ZRDG_LCVQ
OPENMPSINGLECOLUMN               APL_ARPEGE_PRECIPITATION_PARALLEL:ACUPTQ
OPENMPSINGLECOLUMN               APL_ARPEGE_RADIATION_PARALLEL:ACDAYD
OPENMPSINGLECOLUMN               APL_ARPEGE_RADIATION_PARALLEL:ACRANEB2
OPENMPSINGLECOLUMN               APL_ARPEGE_RADIATION_PARALLEL:ACRSO
OPENMPSINGLECOLUMN               APL_ARPEGE_RADIATION_PARALLEL:CALLRAD_F
OPENMPSINGLECOLUMN               APL_ARPEGE_RADIATION_PARALLEL:DIRECT
OPENMPSINGLECOLUMN               APL_ARPEGE_RADIATION_PARALLEL:LMSE_F
OPENMPSINGLECOLUMN               APL_ARPEGE_RADIATION_PARALLEL:RADHEAT
OPENMPSINGLECOLUMN               APL_ARPEGE_RADIATION_PARALLEL:SUNSHINE
OPENMPSINGLECOLUMN               APL_ARPEGE_SHALLOW_CONVECTION_AND_TURBULENCE_PARALLEL:ACTKE
OPENMPSINGLECOLUMN               APL_ARPEGE_SOIL_HYDRO_PARALLEL:ACVEG
OPENMP                           APL_ARPEGE_SURFACE_PARALLEL:1
OPENMPSINGLECOLUMN               APL_ARPEGE_SURFACE_PARALLEL:ACDIFV1
OPENMPSINGLECOLUMN               APL_ARPEGE_SURFACE_PARALLEL:ACDIFV2
OPENMPSINGLECOLUMN               APL_ARPEGE_SURFACE_PARALLEL:CALLSFX_F
OPENMPSINGLECOLUMN               APL_ARPEGE_SURFACE_PARALLEL:LEDKF
OPENMPSINGLECOLUMN               APL_ARPEGE_SURFACE_PARALLEL:LMSE_F
OPENMPSINGLECOLUMN               APL_ARPEGE_SURFACE_PARALLEL:LMSE_F2
OPENMPSINGLECOLUMN               APL_ARPEGE_SURFACE_UPDATE_PARALLEL:LMSE_F
OPENMPSINGLECOLUMN               APL_ARPEGE_SURFACE_UPDATE_PARALLEL:LMSE_T
OPENMPSINGLECOLUMN               APL_WIND_GUST_PARALLEL:ACCLDIA
OPENMPSINGLECOLUMN               ARP_SHALLOW_MF_PARALLEL:FINISH
OPENMPSINGLECOLUMN               ARP_SHALLOW_MF_PARALLEL:INIT
OPENMPSINGLECOLUMN               ARP_SHALLOW_MF_PARALLEL:SHALLOW_MF
OPENMPSINGLECOLUMN               ARP_SHALLOW_MF_PARALLEL:ZERO
OPENMPSINGLECOLUMN               CPCFU_PARALLEL:0
OPENMPSINGLECOLUMN               CPCFU_PARALLEL:1
OPENMPSINGLECOLUMN               CPCFU_PARALLEL:2
OPENMPSINGLECOLUMN               CPCFU_PARALLEL:3
OPENMPSINGLECOLUMN               CPCFU_PARALLEL:4
OPENMPSINGLECOLUMN               CPCFU_PARALLEL:5
OPENMPSINGLECOLUMN               CPGLAG_PARALLEL:0
OPENMPSINGLECOLUMN               CPGLAG_PARALLEL:1
OPENMPSINGLECOLUMN               CPGLAG_PARALLEL:STR
OPENMPSINGLECOLUMN               CPG_DIA_FLU_PARALLEL:0
OPENMPSINGLECOLUMN               CPG_DIA_FLU_PARALLEL:1
OPENMPSINGLECOLUMN               CPG_DIA_FLU_PARALLEL:2
OPENMPSINGLECOLUMN               CPG_DIA_FLU_PARALLEL:3
OPENMPSINGLECOLUMN               CPG_DIA_FLU_PARALLEL:4
OPENMPMETHOD                     CPG_END_SFC_PARALLEL:GSP_CL_SET0TO1
OPENMPMETHOD                     CPG_END_SFC_PARALLEL:PHTFILT
OPENMPMETHOD                     CPG_END_SFC_PARALLEL:SET0TO1
OPENMPSINGLECOLUMN               CPG_GP_HYD_PARALLEL:0
OPENMPSINGLECOLUMN               CPG_GP_HYD_PARALLEL:1
OPENMPSINGLECOLUMN               CPG_GP_HYD_PARALLEL:2
OPENMPSINGLECOLUMN               CPG_GP_HYD_PARALLEL:3
OPENMPSINGLECOLUMN               CPG_GP_PARALLEL:GPINISLB_PART1_EXPL
OPENMPSINGLECOLUMN               CPG_GP_PARALLEL:GPINISLB_PART3_EXPL
OPENMPSINGLECOLUMN               CPG_GP_PARALLEL:GPTF2_EXPL_2TL
OPENMPSINGLECOLUMN               CPG_GP_PARALLEL:GP_SPV
OPENMPSINGLECOLUMN               CPG_GP_PARALLEL:MAP_FACTOR
OPENMPMETHOD                     CPG_GP_PARALLEL:SET1TO0
OPENMPMETHOD                     CPG_GP_PARALLEL:SET1TO9
UPDATEVIEW                       CPG_GP_PARALLEL:SET9TO0
OPENMPSINGLECOLUMN               CPG_GP_PARALLEL:SETZERO
OPENMPSINGLECOLUMN               CPG_PARALLEL:ISETTLOFF
OPENMPSINGLECOLUMN               CPG_PARALLEL:LSMTSOL
OPENMPMETHOD                     CPG_PARALLEL:SHUFFLESL1
OPENMPMETHOD                     CPG_PARALLEL:ZEROPB2
OPENMPMETHOD                     CPG_PARALLEL:ZEROSL1
OPENMPSINGLECOLUMN               CPUTQY0_PARALLEL:PVAR
OPENMPSINGLECOLUMN               CPUTQY_APLPAR_EXPL_PARALLEL:PFDIS
OPENMPSINGLECOLUMN               CPUTQY_APLPAR_EXPL_PARALLEL:ZDEC
OPENMPSINGLECOLUMN               CPUTQY_APLPAR_EXPL_PARALLEL:ZTDCP
OPENMPSINGLECOLUMN               CPXFU_PARALLEL:0
OPENMPSINGLECOLUMN               CPXFU_PARALLEL:1
OPENMPSINGLECOLUMN               CPXFU_PARALLEL:2
OPENMPSINGLECOLUMN               CPXFU_PARALLEL:3
OPENMPSINGLECOLUMN               CPXFU_PARALLEL:4
OPENMPSINGLECOLUMN               CTVTOT_EXPL_PARALLEL:0
OPENMPSINGLECOLUMN               EXCHANGE_MS_MODNEW:MAIN
OPENMPSINGLECOLUMN               GPINISLB_PART2_EXPL_PARALLEL:0
OPENMPSINGLECOLUMN               GPINISLB_PART2_EXPL_PARALLEL:1
OPENMPSINGLECOLUMN               GPINISLB_PART2_EXPL_PARALLEL:2
OPENMPSINGLECOLUMN               GPINISLB_PART2_EXPL_PARALLEL:3
OPENMPSINGLECOLUMN               GPINISLB_PART2_EXPL_PARALLEL:4
OPENMPSINGLECOLUMN               GPINISLB_PART2_EXPL_PARALLEL:5
OPENMPSINGLECOLUMN               GPMPFC_EXPL_PARALLEL:0
OPENMPSINGLECOLUMN               GPMPFC_EXPL_PARALLEL:1
OPENMPSINGLECOLUMN               GPMPFC_EXPL_PART2_PARALLEL:0
OPENMPSINGLECOLUMN               GPRCP_EXPL_PARALLEL:0
OPENMPSINGLECOLUMN               GPRCP_EXPL_PARALLEL:1
OPENMPSINGLECOLUMN               GPRCP_EXPL_PARALLEL:2
OPENMPSINGLECOLUMN               GPRCP_EXPL_PARALLEL:3
OPENMPSINGLECOLUMN               GPRCP_EXPL_PARALLEL:4
OPENMPSINGLECOLUMN               GPRCP_EXPL_PARALLEL:5
OPENMPSINGLECOLUMN               GPTF1_YDVARS_PARALLEL:LGRADSP
OPENMPSINGLECOLUMN               GPTF1_YDVARS_PARALLEL:LTWOTL
OPENMPSINGLECOLUMN               GPTF1_YDVARS_PARALLEL:NOTLDTF1
OPENMPSINGLECOLUMN               LACDYN_PARALLEL:LASURE
OPENMPSINGLECOLUMN               LACDYN_PARALLEL:ZMIXNL
OPENMPSINGLECOLUMN               LAPINEA_PARALLEL:LARCINA
OPENMPSINGLECOLUMN               LAPINEB_PARALLEL:CVGQ
OPENMPSINGLECOLUMN               LAPINEB_PARALLEL:DPDETA0
OPENMPSINGLECOLUMN               LAPINEB_PARALLEL:LACONE
OPENMPSINGLECOLUMN               LAPINEB_PARALLEL:LARCHE
OPENMPSINGLECOLUMN               LAPINEB_PARALLEL:LRDBBC
OPENMPSINGLECOLUMN               LAPINEB_PARALLEL:LRPLANE
OPENMPSINGLECOLUMN               LAPINEB_PARALLEL:L_RDRY_VD
OPENMPSINGLECOLUMN               LAPINEB_PARALLEL:NVLAG2
OPENMPSINGLECOLUMN               LAPINEB_PARALLEL:NVLAG3
OPENMPSINGLECOLUMN               LAPINEB_PARALLEL:ROTUV
OPENMPSINGLECOLUMN               LAPINEB_PARALLEL:ROTUVGEO
OPENMPSINGLECOLUMN               LAPINEB_PARALLEL:TEMP_EQ
OPENMPSINGLECOLUMN               LAPINEB_PARALLEL:YCVGQ
OPENMPSINGLECOLUMN               LAPINEB_PARALLEL:ZERO_GMV9
OPENMPSINGLECOLUMN               LAPINEB_PARALLEL:ZERO_GMV9_SI
OPENMPSINGLECOLUMN               LAPINEB_PARALLEL:ZERO_GMV9_SL
OPENMPSINGLECOLUMN               LAPINEB_PARALLEL:ZERO_UV9
OPENMPSINGLECOLUMN               LAPINEB_PARALLEL:ZVWEI
OPENMPSINGLECOLUMN               LARCINB_PARALLEL:LAITRE_GFL
OPENMPSINGLECOLUMN               LARCINB_PARALLEL:LAITRE_GMV
OPENMPSINGLECOLUMN               LARCINB_PARALLEL:LAITVSPCQM
OPENMPSINGLECOLUMN               LARCINB_PARALLEL:LCOMAD_SP
OPENMPSINGLECOLUMN               LARCINB_PARALLEL:LDSLPHY
OPENMPSINGLECOLUMN               LARCINB_PARALLEL:LIN
OPENMPSINGLECOLUMN               LARCINB_PARALLEL:LLCOMAD
OPENMPSINGLECOLUMN               LARCINB_PARALLEL:LLCOMAD_2
OPENMPSINGLECOLUMN               LARCINB_PARALLEL:LRHS_CURV_F
OPENMPSINGLECOLUMN               LARCINB_PARALLEL:LTDIABLIN
OPENMPSINGLECOLUMN               LARCINB_PARALLEL:NQMGMV
OPENMPSINGLECOLUMN               LARCINB_PARALLEL:NTLAG_3
OPENMPSINGLECOLUMN               LARCINB_PARALLEL:NVLAG_2
OPENMPSINGLECOLUMN               LARCINB_PARALLEL:NVLAG_3
OPENMPSINGLECOLUMN               LARCINB_PARALLEL:RRINTOPT
OPENMPSINGLECOLUMN               LARMES_PARALLEL:LARMES
OPENMPSINGLECOLUMN               LASSIE_PARALLEL:GPRCP
OPENMPSINGLECOLUMN               LASSIE_PARALLEL:SITNU
OPENMPSINGLECOLUMN               LATTES_PARALLEL:0
OPENMPSINGLECOLUMN               LATTEX_EXPL_2TL_PARALLEL:0
OPENMPSINGLECOLUMN               LATTEX_EXPL_2TL_PARALLEL:1
OPENMPSINGLECOLUMN               LATTEX_EXPL_2TL_PARALLEL:2
OPENMPSINGLECOLUMN               LATTEX_EXPL_2TL_PARALLEL:3
OPENMPSINGLECOLUMN               LATTEX_EXPL_2TL_PARALLEL:4
OPENMPSINGLECOLUMN               LATTEX_EXPL_2TL_PARALLEL:5
OPENMPSINGLECOLUMN               LATTEX_EXPL_2TL_PARALLEL:6
OPENMP                           LATTEX_EXPL_VSPLTRANS_PARALLEL:0
OPENMP                           LATTEX_EXPL_VSPLTRANS_PARALLEL:1
OPENMPSINGLECOLUMN               LATTEX_PARALLEL:LRHS_CURV
OPENMPSINGLECOLUMN               LATTEX_PARALLEL:LRSIDDH
OPENMPSINGLECOLUMN               LATTEX_PARALLEL:MAIN
OPENMPSINGLECOLUMN               LAVABO_EXPL_LAITVSPCQM_PART1_PARALLEL:0
OPENMPSINGLECOLUMN               LAVABO_EXPL_LAITVSPCQM_PART2_PARALLEL:0
OPENMPSINGLECOLUMN               LAVABO_PARALLEL:0
OPENMPSINGLECOLUMN               LAVABO_PARALLEL:1
OPENMPSINGLECOLUMN               LAVABO_PARALLEL:2
OPENMPSINGLECOLUMN               LAVENT_PARALLEL:0
OPENMPSINGLECOLUMN               MF_PHYS_FPL_PART1_PARALLEL:PART1
OPENMPSINGLECOLUMN               MF_PHYS_FPL_PART2_PARALLEL:PART2
OPENMPSINGLECOLUMN               MF_PHYS_INIT_PARALLEL:ZERO
OPENMPSINGLECOLUMN               MF_PHYS_MOCON_PARALLEL:PPWETPOINT
OPENMPSINGLECOLUMN               MF_PHYS_PREP_PARALLEL:PREP
OPENMPSINGLECOLUMN               MF_PHYS_SAVE_PHSURF_PART1_PARALLEL:PART1
OPENMPSINGLECOLUMN               MF_PHYS_SAVE_PHSURF_PART2_PARALLEL:PART2
OPENMPSINGLECOLUMN               MF_PHYS_TRANSFER_PARALLEL:ALL
OPENMPSINGLECOLUMN               RECMWF_PARALLEL:1
OPENMPSINGLECOLUMN               RECMWF_PARALLEL:2
OPENMP                           RECMWF_PARALLEL:ECRAD_CPU
OPENMP                           RECMWF_PARALLEL:ECRAD_GPU
OPENMPSINGLECOLUMN               RECMWF_PARALLEL:ECRAD_POST
OPENMPSINGLECOLUMN               RECMWF_PARALLEL:FINISH
OPENMPSINGLECOLUMN               RECMWF_PARALLEL:PREPARE
OPENMP                           RECMWF_PARALLEL:RRTM
OPENMP                           RECMWF_PARALLEL:SRTM
OPENMPSINGLECOLUMN               SCAN2M_TS_PARALLEL:0
OPENMPSINGLECOLUMN               SPCHORNEW_PARALLEL:MAIN
OPENMPSINGLECOLUMN               SPCMNEW_PARALLEL:MAIN
OPENMPSINGLECOLUMN               SPCSINEW_PARALLEL:MAIN
OPENMPSINGLECOLUMN               STEPO:MAIN
OPENMPSINGLECOLUMN               TRMTOSNEW:MAIN
OPENMPSINGLECOLUMN               TRSTOMNEW:MAIN
 ------ lparallelmethod.txt ------
 ------ lsynchost.txt ------
 ------ lsynchost.txt ------
*------------------------------------------------------------------------------*
|                                                                              |
|                                   stdeo.10                                   |
|                                                                              |
*------------------------------------------------------------------------------*
MPIAUTOTIMEOUT is set to 90 seconds
MPI_Init took 1 seconds
Reading namelist NAMPAR0 from fort.4
Reading namelist NAMPAR0 from fort.4
OMP: Warning #182: OMP_STACKSIZE: ignored because KMP_STACKSIZE has been defined
Reading namelist NAM_DISTRIBUTED_VECTORS from file 
Reading namelist NAMPAR0 from fort.4
 DEV_ALLOC_SIZE = 68719476736
 ------ lparallelmethod.txt ------
OPENMPSINGLECOLUMN               ACCTND0_PARALLEL:PACC
OPENMPSINGLECOLUMN               ACVPPKF_PARALLEL:PART0
OPENMPSINGLECOLUMN               ACVPPKF_PARALLEL:PART1
OPENMPSINGLECOLUMN               ACVPPKF_PARALLEL:PART2
OPENMPSINGLECOLUMN               ACVPPKF_PARALLEL:PART3
OPENMPSINGLECOLUMN               APL_ARPEGE_AEROSOLS_FOR_RADIATION_PARALLEL:RADAER
OPENMPSINGLECOLUMN               APL_ARPEGE_ALBEDO_COMPUTATION_PARALLEL:0
OPENMPSINGLECOLUMN               APL_ARPEGE_ATMOSPHERE_UPDATE_PARALLEL:CPTEND_NEW
OPENMPSINGLECOLUMN               APL_ARPEGE_CLOUDINESS_PARALLEL:ACNEBCOND
OPENMPSINGLECOLUMN               APL_ARPEGE_DEEP_CONVECTION_PARALLEL:ACUPTQ
OPENMPSINGLECOLUMN               APL_ARPEGE_DEEP_CONVECTION_PARALLEL:COPY
OPENMPSINGLECOLUMN               APL_ARPEGE_DEEP_CONVECTION_PARALLEL:CUCALLN_MF
OPENMPSINGLECOLUMN               APL_ARPEGE_DEEP_CONVECTION_PARALLEL:CULIGHT
OPENMPSINGLECOLUMN               APL_ARPEGE_DEEP_CONVECTION_PARALLEL:INIT
OPENMPSINGLECOLUMN               APL_ARPEGE_DEEP_CONVECTION_PARALLEL:ZERO
OPENMPSINGLECOLUMN               APL_ARPEGE_DPRECIPS_PARALLEL:0
OPENMPSINGLECOLUMN               APL_ARPEGE_HYDRO_BUDGET_PARALLEL:ACDROV
OPENMPSINGLECOLUMN               APL_ARPEGE_HYDRO_BUDGET_PARALLEL:LMSE
OPENMPSINGLECOLUMN               APL_ARPEGE_INIT_PARALLEL:0
OPENMPSINGLECOLUMN               APL_ARPEGE_INIT_PARALLEL:1
OPENMPSINGLECOLUMN               APL_ARPEGE_INIT_PARALLEL:2
OPENMPSINGLECOLUMN               APL_ARPEGE_INIT_PARALLEL:3
OPENMPSINGLECOLUMN               APL_ARPEGE_INIT_PARALLEL:4
OPENMPSINGLECOLUMN               APL_ARPEGE_INIT_PARALLEL:5
OPENMPSINGLECOLUMN               APL_ARPEGE_INIT_PARALLEL:6
OPENMP                           APL_ARPEGE_INIT_SURFEX_PARALLEL:0
OPENMP                           APL_ARPEGE_INIT_SURFEX_PARALLEL:1
OPENMP                           APL_ARPEGE_INIT_SURFEX_PARALLEL:2
OPENMPSINGLECOLUMN               APL_ARPEGE_MWAVE_PARALLEL:0
OPENMP                           APL_ARPEGE_OCEANIC_FLUXES_PARALLEL:1
OPENMPSINGLECOLUMN               APL_ARPEGE_OCEANIC_FLUXES_PARALLEL:ACFLUSO
OPENMP                           APL_ARPEGE_PARALLEL:22
OPENMP                           APL_ARPEGE_PARALLEL:23
OPENMP                           APL_ARPEGE_PARALLEL:24
OPENMPSINGLECOLUMN               APL_ARPEGE_PARALLEL:ACCLPH
OPENMPSINGLECOLUMN               APL_ARPEGE_PARALLEL:ACDRAG
OPENMPSINGLECOLUMN               APL_ARPEGE_PARALLEL:ACDRME
OPENMPSINGLECOLUMN               APL_ARPEGE_PARALLEL:ACEVADCAPE
OPENMPSINGLECOLUMN               APL_ARPEGE_PARALLEL:ACHMT
OPENMPSINGLECOLUMN               APL_ARPEGE_PARALLEL:ACHMTLS
OPENMPSINGLECOLUMN               APL_ARPEGE_PARALLEL:ACSOL
OPENMPSINGLECOLUMN               APL_ARPEGE_PARALLEL:ACTQSAT
OPENMPSINGLECOLUMN               APL_ARPEGE_PARALLEL:ACVISIH
OPENMPSINGLECOLUMN               APL_ARPEGE_PARALLEL:APLPAR_INIT
OPENMPSINGLECOLUMN               APL_ARPEGE_PARALLEL:BAYRAD
OPENMP                           APL_ARPEGE_PARALLEL:CHECKMV
OPENMPSINGLECOLUMN               APL_ARPEGE_PARALLEL:CPPHINP
OPENMPSINGLECOLUMN               APL_ARPEGE_PARALLEL:DIFTQ
OPENMPSINGLECOLUMN               APL_ARPEGE_PARALLEL:EDR
OPENMPSINGLECOLUMN               APL_ARPEGE_PARALLEL:FRSOPT
OPENMPSINGLECOLUMN               APL_ARPEGE_PARALLEL:PLSM
OPENMPSINGLECOLUMN               APL_ARPEGE_PARALLEL:PPWETPOINT
OPENMPSINGLECOLUMN               APL_ARPEGE_PARALLEL:PRECIPS
OPENMPSINGLECOLUMN               APL_ARPEGE_PARALLEL:QNGCOR
OPENMPSINGLECOLUMN               APL_ARPEGE_PARALLEL:TURBULENCE_PART2
OPENMPSINGLECOLUMN               APL_ARPEGE_PARALLEL:ZBAY_QRCONV
OPENMPSINGLECOLUMN               APL_ARPEGE_PARALLEL:ZDE2MR
OPENMPSINGLECOLUMN               APL_ARPEGE_PARALLEL:ZDPHIV
OPENMPSINGLECOLUMN               APL_ARPEGE_PARALLEL:ZRDG_LCVQ
OPENMPSINGLECOLUMN               APL_ARPEGE_PRECIPITATION_PARALLEL:ACUPTQ
OPENMPSINGLECOLUMN               APL_ARPEGE_RADIATION_PARALLEL:ACDAYD
OPENMPSINGLECOLUMN               APL_ARPEGE_RADIATION_PARALLEL:ACRANEB2
OPENMPSINGLECOLUMN               APL_ARPEGE_RADIATION_PARALLEL:ACRSO
OPENMPSINGLECOLUMN               APL_ARPEGE_RADIATION_PARALLEL:CALLRAD_F
OPENMPSINGLECOLUMN               APL_ARPEGE_RADIATION_PARALLEL:DIRECT
OPENMPSINGLECOLUMN               APL_ARPEGE_RADIATION_PARALLEL:LMSE_F
OPENMPSINGLECOLUMN               APL_ARPEGE_RADIATION_PARALLEL:RADHEAT
OPENMPSINGLECOLUMN               APL_ARPEGE_RADIATION_PARALLEL:SUNSHINE
OPENMPSINGLECOLUMN               APL_ARPEGE_SHALLOW_CONVECTION_AND_TURBULENCE_PARALLEL:ACTKE
OPENMPSINGLECOLUMN               APL_ARPEGE_SOIL_HYDRO_PARALLEL:ACVEG
OPENMP                           APL_ARPEGE_SURFACE_PARALLEL:1
OPENMPSINGLECOLUMN               APL_ARPEGE_SURFACE_PARALLEL:ACDIFV1
OPENMPSINGLECOLUMN               APL_ARPEGE_SURFACE_PARALLEL:ACDIFV2
OPENMPSINGLECOLUMN               APL_ARPEGE_SURFACE_PARALLEL:CALLSFX_F
OPENMPSINGLECOLUMN               APL_ARPEGE_SURFACE_PARALLEL:LEDKF
OPENMPSINGLECOLUMN               APL_ARPEGE_SURFACE_PARALLEL:LMSE_F
OPENMPSINGLECOLUMN               APL_ARPEGE_SURFACE_PARALLEL:LMSE_F2
OPENMPSINGLECOLUMN               APL_ARPEGE_SURFACE_UPDATE_PARALLEL:LMSE_F
OPENMPSINGLECOLUMN               APL_ARPEGE_SURFACE_UPDATE_PARALLEL:LMSE_T
OPENMPSINGLECOLUMN               APL_WIND_GUST_PARALLEL:ACCLDIA
OPENMPSINGLECOLUMN               ARP_SHALLOW_MF_PARALLEL:FINISH
OPENMPSINGLECOLUMN               ARP_SHALLOW_MF_PARALLEL:INIT
OPENMPSINGLECOLUMN               ARP_SHALLOW_MF_PARALLEL:SHALLOW_MF
OPENMPSINGLECOLUMN               ARP_SHALLOW_MF_PARALLEL:ZERO
OPENMPSINGLECOLUMN               CPCFU_PARALLEL:0
OPENMPSINGLECOLUMN               CPCFU_PARALLEL:1
OPENMPSINGLECOLUMN               CPCFU_PARALLEL:2
OPENMPSINGLECOLUMN               CPCFU_PARALLEL:3
OPENMPSINGLECOLUMN               CPCFU_PARALLEL:4
OPENMPSINGLECOLUMN               CPCFU_PARALLEL:5
OPENMPSINGLECOLUMN               CPGLAG_PARALLEL:0
OPENMPSINGLECOLUMN               CPGLAG_PARALLEL:1
OPENMPSINGLECOLUMN               CPGLAG_PARALLEL:STR
OPENMPSINGLECOLUMN               CPG_DIA_FLU_PARALLEL:0
OPENMPSINGLECOLUMN               CPG_DIA_FLU_PARALLEL:1
OPENMPSINGLECOLUMN               CPG_DIA_FLU_PARALLEL:2
OPENMPSINGLECOLUMN               CPG_DIA_FLU_PARALLEL:3
OPENMPSINGLECOLUMN               CPG_DIA_FLU_PARALLEL:4
OPENMPMETHOD                     CPG_END_SFC_PARALLEL:GSP_CL_SET0TO1
OPENMPMETHOD                     CPG_END_SFC_PARALLEL:PHTFILT
OPENMPMETHOD                     CPG_END_SFC_PARALLEL:SET0TO1
OPENMPSINGLECOLUMN               CPG_GP_HYD_PARALLEL:0
OPENMPSINGLECOLUMN               CPG_GP_HYD_PARALLEL:1
OPENMPSINGLECOLUMN               CPG_GP_HYD_PARALLEL:2
OPENMPSINGLECOLUMN               CPG_GP_HYD_PARALLEL:3
OPENMPSINGLECOLUMN               CPG_GP_PARALLEL:GPINISLB_PART1_EXPL
OPENMPSINGLECOLUMN               CPG_GP_PARALLEL:GPINISLB_PART3_EXPL
OPENMPSINGLECOLUMN               CPG_GP_PARALLEL:GPTF2_EXPL_2TL
OPENMPSINGLECOLUMN               CPG_GP_PARALLEL:GP_SPV
OPENMPSINGLECOLUMN               CPG_GP_PARALLEL:MAP_FACTOR
OPENMPMETHOD                     CPG_GP_PARALLEL:SET1TO0
OPENMPMETHOD                     CPG_GP_PARALLEL:SET1TO9
UPDATEVIEW                       CPG_GP_PARALLEL:SET9TO0
OPENMPSINGLECOLUMN               CPG_GP_PARALLEL:SETZERO
OPENMPSINGLECOLUMN               CPG_PARALLEL:ISETTLOFF
OPENMPSINGLECOLUMN               CPG_PARALLEL:LSMTSOL
OPENMPMETHOD                     CPG_PARALLEL:SHUFFLESL1
OPENMPMETHOD                     CPG_PARALLEL:ZEROPB2
OPENMPMETHOD                     CPG_PARALLEL:ZEROSL1
OPENMPSINGLECOLUMN               CPUTQY0_PARALLEL:PVAR
OPENMPSINGLECOLUMN               CPUTQY_APLPAR_EXPL_PARALLEL:PFDIS
OPENMPSINGLECOLUMN               CPUTQY_APLPAR_EXPL_PARALLEL:ZDEC
OPENMPSINGLECOLUMN               CPUTQY_APLPAR_EXPL_PARALLEL:ZTDCP
OPENMPSINGLECOLUMN               CPXFU_PARALLEL:0
OPENMPSINGLECOLUMN               CPXFU_PARALLEL:1
OPENMPSINGLECOLUMN               CPXFU_PARALLEL:2
OPENMPSINGLECOLUMN               CPXFU_PARALLEL:3
OPENMPSINGLECOLUMN               CPXFU_PARALLEL:4
OPENMPSINGLECOLUMN               CTVTOT_EXPL_PARALLEL:0
OPENMPSINGLECOLUMN               EXCHANGE_MS_MODNEW:MAIN
OPENMPSINGLECOLUMN               GPINISLB_PART2_EXPL_PARALLEL:0
OPENMPSINGLECOLUMN               GPINISLB_PART2_EXPL_PARALLEL:1
OPENMPSINGLECOLUMN               GPINISLB_PART2_EXPL_PARALLEL:2
OPENMPSINGLECOLUMN               GPINISLB_PART2_EXPL_PARALLEL:3
OPENMPSINGLECOLUMN               GPINISLB_PART2_EXPL_PARALLEL:4
OPENMPSINGLECOLUMN               GPINISLB_PART2_EXPL_PARALLEL:5
OPENMPSINGLECOLUMN               GPMPFC_EXPL_PARALLEL:0
OPENMPSINGLECOLUMN               GPMPFC_EXPL_PARALLEL:1
OPENMPSINGLECOLUMN               GPMPFC_EXPL_PART2_PARALLEL:0
OPENMPSINGLECOLUMN               GPRCP_EXPL_PARALLEL:0
OPENMPSINGLECOLUMN               GPRCP_EXPL_PARALLEL:1
OPENMPSINGLECOLUMN               GPRCP_EXPL_PARALLEL:2
OPENMPSINGLECOLUMN               GPRCP_EXPL_PARALLEL:3
OPENMPSINGLECOLUMN               GPRCP_EXPL_PARALLEL:4
OPENMPSINGLECOLUMN               GPRCP_EXPL_PARALLEL:5
OPENMPSINGLECOLUMN               GPTF1_YDVARS_PARALLEL:LGRADSP
OPENMPSINGLECOLUMN               GPTF1_YDVARS_PARALLEL:LTWOTL
OPENMPSINGLECOLUMN               GPTF1_YDVARS_PARALLEL:NOTLDTF1
OPENMPSINGLECOLUMN               LACDYN_PARALLEL:LASURE
OPENMPSINGLECOLUMN               LACDYN_PARALLEL:ZMIXNL
OPENMPSINGLECOLUMN               LAPINEA_PARALLEL:LARCINA
OPENMPSINGLECOLUMN               LAPINEB_PARALLEL:CVGQ
OPENMPSINGLECOLUMN               LAPINEB_PARALLEL:DPDETA0
OPENMPSINGLECOLUMN               LAPINEB_PARALLEL:LACONE
OPENMPSINGLECOLUMN               LAPINEB_PARALLEL:LARCHE
OPENMPSINGLECOLUMN               LAPINEB_PARALLEL:LRDBBC
OPENMPSINGLECOLUMN               LAPINEB_PARALLEL:LRPLANE
OPENMPSINGLECOLUMN               LAPINEB_PARALLEL:L_RDRY_VD
OPENMPSINGLECOLUMN               LAPINEB_PARALLEL:NVLAG2
OPENMPSINGLECOLUMN               LAPINEB_PARALLEL:NVLAG3
OPENMPSINGLECOLUMN               LAPINEB_PARALLEL:ROTUV
OPENMPSINGLECOLUMN               LAPINEB_PARALLEL:ROTUVGEO
OPENMPSINGLECOLUMN               LAPINEB_PARALLEL:TEMP_EQ
OPENMPSINGLECOLUMN               LAPINEB_PARALLEL:YCVGQ
OPENMPSINGLECOLUMN               LAPINEB_PARALLEL:ZERO_GMV9
OPENMPSINGLECOLUMN               LAPINEB_PARALLEL:ZERO_GMV9_SI
OPENMPSINGLECOLUMN               LAPINEB_PARALLEL:ZERO_GMV9_SL
OPENMPSINGLECOLUMN               LAPINEB_PARALLEL:ZERO_UV9
OPENMPSINGLECOLUMN               LAPINEB_PARALLEL:ZVWEI
OPENMPSINGLECOLUMN               LARCINB_PARALLEL:LAITRE_GFL
OPENMPSINGLECOLUMN               LARCINB_PARALLEL:LAITRE_GMV
OPENMPSINGLECOLUMN               LARCINB_PARALLEL:LAITVSPCQM
OPENMPSINGLECOLUMN               LARCINB_PARALLEL:LCOMAD_SP
OPENMPSINGLECOLUMN               LARCINB_PARALLEL:LDSLPHY
OPENMPSINGLECOLUMN               LARCINB_PARALLEL:LIN
OPENMPSINGLECOLUMN               LARCINB_PARALLEL:LLCOMAD
OPENMPSINGLECOLUMN               LARCINB_PARALLEL:LLCOMAD_2
OPENMPSINGLECOLUMN               LARCINB_PARALLEL:LRHS_CURV_F
OPENMPSINGLECOLUMN               LARCINB_PARALLEL:LTDIABLIN
OPENMPSINGLECOLUMN               LARCINB_PARALLEL:NQMGMV
OPENMPSINGLECOLUMN               LARCINB_PARALLEL:NTLAG_3
OPENMPSINGLECOLUMN               LARCINB_PARALLEL:NVLAG_2
OPENMPSINGLECOLUMN               LARCINB_PARALLEL:NVLAG_3
OPENMPSINGLECOLUMN               LARCINB_PARALLEL:RRINTOPT
OPENMPSINGLECOLUMN               LARMES_PARALLEL:LARMES
OPENMPSINGLECOLUMN               LASSIE_PARALLEL:GPRCP
OPENMPSINGLECOLUMN               LASSIE_PARALLEL:SITNU
OPENMPSINGLECOLUMN               LATTES_PARALLEL:0
OPENMPSINGLECOLUMN               LATTEX_EXPL_2TL_PARALLEL:0
OPENMPSINGLECOLUMN               LATTEX_EXPL_2TL_PARALLEL:1
OPENMPSINGLECOLUMN               LATTEX_EXPL_2TL_PARALLEL:2
OPENMPSINGLECOLUMN               LATTEX_EXPL_2TL_PARALLEL:3
OPENMPSINGLECOLUMN               LATTEX_EXPL_2TL_PARALLEL:4
OPENMPSINGLECOLUMN               LATTEX_EXPL_2TL_PARALLEL:5
OPENMPSINGLECOLUMN               LATTEX_EXPL_2TL_PARALLEL:6
OPENMP                           LATTEX_EXPL_VSPLTRANS_PARALLEL:0
OPENMP                           LATTEX_EXPL_VSPLTRANS_PARALLEL:1
OPENMPSINGLECOLUMN               LATTEX_PARALLEL:LRHS_CURV
OPENMPSINGLECOLUMN               LATTEX_PARALLEL:LRSIDDH
OPENMPSINGLECOLUMN               LATTEX_PARALLEL:MAIN
OPENMPSINGLECOLUMN               LAVABO_EXPL_LAITVSPCQM_PART1_PARALLEL:0
OPENMPSINGLECOLUMN               LAVABO_EXPL_LAITVSPCQM_PART2_PARALLEL:0
OPENMPSINGLECOLUMN               LAVABO_PARALLEL:0
OPENMPSINGLECOLUMN               LAVABO_PARALLEL:1
OPENMPSINGLECOLUMN               LAVABO_PARALLEL:2
OPENMPSINGLECOLUMN               LAVENT_PARALLEL:0
OPENMPSINGLECOLUMN               MF_PHYS_FPL_PART1_PARALLEL:PART1
OPENMPSINGLECOLUMN               MF_PHYS_FPL_PART2_PARALLEL:PART2
OPENMPSINGLECOLUMN               MF_PHYS_INIT_PARALLEL:ZERO
OPENMPSINGLECOLUMN               MF_PHYS_MOCON_PARALLEL:PPWETPOINT
OPENMPSINGLECOLUMN               MF_PHYS_PREP_PARALLEL:PREP
OPENMPSINGLECOLUMN               MF_PHYS_SAVE_PHSURF_PART1_PARALLEL:PART1
OPENMPSINGLECOLUMN               MF_PHYS_SAVE_PHSURF_PART2_PARALLEL:PART2
OPENMPSINGLECOLUMN               MF_PHYS_TRANSFER_PARALLEL:ALL
OPENMPSINGLECOLUMN               RECMWF_PARALLEL:1
OPENMPSINGLECOLUMN               RECMWF_PARALLEL:2
OPENMP                           RECMWF_PARALLEL:ECRAD_CPU
OPENMP                           RECMWF_PARALLEL:ECRAD_GPU
OPENMPSINGLECOLUMN               RECMWF_PARALLEL:ECRAD_POST
OPENMPSINGLECOLUMN               RECMWF_PARALLEL:FINISH
OPENMPSINGLECOLUMN               RECMWF_PARALLEL:PREPARE
OPENMP                           RECMWF_PARALLEL:RRTM
OPENMP                           RECMWF_PARALLEL:SRTM
OPENMPSINGLECOLUMN               SCAN2M_TS_PARALLEL:0
OPENMPSINGLECOLUMN               SPCHORNEW_PARALLEL:MAIN
OPENMPSINGLECOLUMN               SPCMNEW_PARALLEL:MAIN
OPENMPSINGLECOLUMN               SPCSINEW_PARALLEL:MAIN
OPENMPSINGLECOLUMN               STEPO:MAIN
OPENMPSINGLECOLUMN               TRMTOSNEW:MAIN
OPENMPSINGLECOLUMN               TRSTOMNEW:MAIN
 ------ lparallelmethod.txt ------
 ------ lsynchost.txt ------
 ------ lsynchost.txt ------
*------------------------------------------------------------------------------*
|                                                                              |
|                                   stdeo.11                                   |
|                                                                              |
*------------------------------------------------------------------------------*
MPIAUTOTIMEOUT is set to 90 seconds
MPI_Init took 1 seconds
Reading namelist NAMPAR0 from fort.4
Reading namelist NAMPAR0 from fort.4
OMP: Warning #182: OMP_STACKSIZE: ignored because KMP_STACKSIZE has been defined
Reading namelist NAM_DISTRIBUTED_VECTORS from file 
Reading namelist NAMPAR0 from fort.4
 DEV_ALLOC_SIZE = 68719476736
 ------ lparallelmethod.txt ------
OPENMPSINGLECOLUMN               ACCTND0_PARALLEL:PACC
OPENMPSINGLECOLUMN               ACVPPKF_PARALLEL:PART0
OPENMPSINGLECOLUMN               ACVPPKF_PARALLEL:PART1
OPENMPSINGLECOLUMN               ACVPPKF_PARALLEL:PART2
OPENMPSINGLECOLUMN               ACVPPKF_PARALLEL:PART3
OPENMPSINGLECOLUMN               APL_ARPEGE_AEROSOLS_FOR_RADIATION_PARALLEL:RADAER
OPENMPSINGLECOLUMN               APL_ARPEGE_ALBEDO_COMPUTATION_PARALLEL:0
OPENMPSINGLECOLUMN               APL_ARPEGE_ATMOSPHERE_UPDATE_PARALLEL:CPTEND_NEW
OPENMPSINGLECOLUMN               APL_ARPEGE_CLOUDINESS_PARALLEL:ACNEBCOND
OPENMPSINGLECOLUMN               APL_ARPEGE_DEEP_CONVECTION_PARALLEL:ACUPTQ
OPENMPSINGLECOLUMN               APL_ARPEGE_DEEP_CONVECTION_PARALLEL:COPY
OPENMPSINGLECOLUMN               APL_ARPEGE_DEEP_CONVECTION_PARALLEL:CUCALLN_MF
OPENMPSINGLECOLUMN               APL_ARPEGE_DEEP_CONVECTION_PARALLEL:CULIGHT
OPENMPSINGLECOLUMN               APL_ARPEGE_DEEP_CONVECTION_PARALLEL:INIT
OPENMPSINGLECOLUMN               APL_ARPEGE_DEEP_CONVECTION_PARALLEL:ZERO
OPENMPSINGLECOLUMN               APL_ARPEGE_DPRECIPS_PARALLEL:0
OPENMPSINGLECOLUMN               APL_ARPEGE_HYDRO_BUDGET_PARALLEL:ACDROV
OPENMPSINGLECOLUMN               APL_ARPEGE_HYDRO_BUDGET_PARALLEL:LMSE
OPENMPSINGLECOLUMN               APL_ARPEGE_INIT_PARALLEL:0
OPENMPSINGLECOLUMN               APL_ARPEGE_INIT_PARALLEL:1
OPENMPSINGLECOLUMN               APL_ARPEGE_INIT_PARALLEL:2
OPENMPSINGLECOLUMN               APL_ARPEGE_INIT_PARALLEL:3
OPENMPSINGLECOLUMN               APL_ARPEGE_INIT_PARALLEL:4
OPENMPSINGLECOLUMN               APL_ARPEGE_INIT_PARALLEL:5
OPENMPSINGLECOLUMN               APL_ARPEGE_INIT_PARALLEL:6
OPENMP                           APL_ARPEGE_INIT_SURFEX_PARALLEL:0
OPENMP                           APL_ARPEGE_INIT_SURFEX_PARALLEL:1
OPENMP                           APL_ARPEGE_INIT_SURFEX_PARALLEL:2
OPENMPSINGLECOLUMN               APL_ARPEGE_MWAVE_PARALLEL:0
OPENMP                           APL_ARPEGE_OCEANIC_FLUXES_PARALLEL:1
OPENMPSINGLECOLUMN               APL_ARPEGE_OCEANIC_FLUXES_PARALLEL:ACFLUSO
OPENMP                           APL_ARPEGE_PARALLEL:22
OPENMP                           APL_ARPEGE_PARALLEL:23
OPENMP                           APL_ARPEGE_PARALLEL:24
OPENMPSINGLECOLUMN               APL_ARPEGE_PARALLEL:ACCLPH
OPENMPSINGLECOLUMN               APL_ARPEGE_PARALLEL:ACDRAG
OPENMPSINGLECOLUMN               APL_ARPEGE_PARALLEL:ACDRME
OPENMPSINGLECOLUMN               APL_ARPEGE_PARALLEL:ACEVADCAPE
OPENMPSINGLECOLUMN               APL_ARPEGE_PARALLEL:ACHMT
OPENMPSINGLECOLUMN               APL_ARPEGE_PARALLEL:ACHMTLS
OPENMPSINGLECOLUMN               APL_ARPEGE_PARALLEL:ACSOL
OPENMPSINGLECOLUMN               APL_ARPEGE_PARALLEL:ACTQSAT
OPENMPSINGLECOLUMN               APL_ARPEGE_PARALLEL:ACVISIH
OPENMPSINGLECOLUMN               APL_ARPEGE_PARALLEL:APLPAR_INIT
OPENMPSINGLECOLUMN               APL_ARPEGE_PARALLEL:BAYRAD
OPENMP                           APL_ARPEGE_PARALLEL:CHECKMV
OPENMPSINGLECOLUMN               APL_ARPEGE_PARALLEL:CPPHINP
OPENMPSINGLECOLUMN               APL_ARPEGE_PARALLEL:DIFTQ
OPENMPSINGLECOLUMN               APL_ARPEGE_PARALLEL:EDR
OPENMPSINGLECOLUMN               APL_ARPEGE_PARALLEL:FRSOPT
OPENMPSINGLECOLUMN               APL_ARPEGE_PARALLEL:PLSM
OPENMPSINGLECOLUMN               APL_ARPEGE_PARALLEL:PPWETPOINT
OPENMPSINGLECOLUMN               APL_ARPEGE_PARALLEL:PRECIPS
OPENMPSINGLECOLUMN               APL_ARPEGE_PARALLEL:QNGCOR
OPENMPSINGLECOLUMN               APL_ARPEGE_PARALLEL:TURBULENCE_PART2
OPENMPSINGLECOLUMN               APL_ARPEGE_PARALLEL:ZBAY_QRCONV
OPENMPSINGLECOLUMN               APL_ARPEGE_PARALLEL:ZDE2MR
OPENMPSINGLECOLUMN               APL_ARPEGE_PARALLEL:ZDPHIV
OPENMPSINGLECOLUMN               APL_ARPEGE_PARALLEL:ZRDG_LCVQ
OPENMPSINGLECOLUMN               APL_ARPEGE_PRECIPITATION_PARALLEL:ACUPTQ
OPENMPSINGLECOLUMN               APL_ARPEGE_RADIATION_PARALLEL:ACDAYD
OPENMPSINGLECOLUMN               APL_ARPEGE_RADIATION_PARALLEL:ACRANEB2
OPENMPSINGLECOLUMN               APL_ARPEGE_RADIATION_PARALLEL:ACRSO
OPENMPSINGLECOLUMN               APL_ARPEGE_RADIATION_PARALLEL:CALLRAD_F
OPENMPSINGLECOLUMN               APL_ARPEGE_RADIATION_PARALLEL:DIRECT
OPENMPSINGLECOLUMN               APL_ARPEGE_RADIATION_PARALLEL:LMSE_F
OPENMPSINGLECOLUMN               APL_ARPEGE_RADIATION_PARALLEL:RADHEAT
OPENMPSINGLECOLUMN               APL_ARPEGE_RADIATION_PARALLEL:SUNSHINE
OPENMPSINGLECOLUMN               APL_ARPEGE_SHALLOW_CONVECTION_AND_TURBULENCE_PARALLEL:ACTKE
OPENMPSINGLECOLUMN               APL_ARPEGE_SOIL_HYDRO_PARALLEL:ACVEG
OPENMP                           APL_ARPEGE_SURFACE_PARALLEL:1
OPENMPSINGLECOLUMN               APL_ARPEGE_SURFACE_PARALLEL:ACDIFV1
OPENMPSINGLECOLUMN               APL_ARPEGE_SURFACE_PARALLEL:ACDIFV2
OPENMPSINGLECOLUMN               APL_ARPEGE_SURFACE_PARALLEL:CALLSFX_F
OPENMPSINGLECOLUMN               APL_ARPEGE_SURFACE_PARALLEL:LEDKF
OPENMPSINGLECOLUMN               APL_ARPEGE_SURFACE_PARALLEL:LMSE_F
OPENMPSINGLECOLUMN               APL_ARPEGE_SURFACE_PARALLEL:LMSE_F2
OPENMPSINGLECOLUMN               APL_ARPEGE_SURFACE_UPDATE_PARALLEL:LMSE_F
OPENMPSINGLECOLUMN               APL_ARPEGE_SURFACE_UPDATE_PARALLEL:LMSE_T
OPENMPSINGLECOLUMN               APL_WIND_GUST_PARALLEL:ACCLDIA
OPENMPSINGLECOLUMN               ARP_SHALLOW_MF_PARALLEL:FINISH
OPENMPSINGLECOLUMN               ARP_SHALLOW_MF_PARALLEL:INIT
OPENMPSINGLECOLUMN               ARP_SHALLOW_MF_PARALLEL:SHALLOW_MF
OPENMPSINGLECOLUMN               ARP_SHALLOW_MF_PARALLEL:ZERO
OPENMPSINGLECOLUMN               CPCFU_PARALLEL:0
OPENMPSINGLECOLUMN               CPCFU_PARALLEL:1
OPENMPSINGLECOLUMN               CPCFU_PARALLEL:2
OPENMPSINGLECOLUMN               CPCFU_PARALLEL:3
OPENMPSINGLECOLUMN               CPCFU_PARALLEL:4
OPENMPSINGLECOLUMN               CPCFU_PARALLEL:5
OPENMPSINGLECOLUMN               CPGLAG_PARALLEL:0
OPENMPSINGLECOLUMN               CPGLAG_PARALLEL:1
OPENMPSINGLECOLUMN               CPGLAG_PARALLEL:STR
OPENMPSINGLECOLUMN               CPG_DIA_FLU_PARALLEL:0
OPENMPSINGLECOLUMN               CPG_DIA_FLU_PARALLEL:1
OPENMPSINGLECOLUMN               CPG_DIA_FLU_PARALLEL:2
OPENMPSINGLECOLUMN               CPG_DIA_FLU_PARALLEL:3
OPENMPSINGLECOLUMN               CPG_DIA_FLU_PARALLEL:4
OPENMPMETHOD                     CPG_END_SFC_PARALLEL:GSP_CL_SET0TO1
OPENMPMETHOD                     CPG_END_SFC_PARALLEL:PHTFILT
OPENMPMETHOD                     CPG_END_SFC_PARALLEL:SET0TO1
OPENMPSINGLECOLUMN               CPG_GP_HYD_PARALLEL:0
OPENMPSINGLECOLUMN               CPG_GP_HYD_PARALLEL:1
OPENMPSINGLECOLUMN               CPG_GP_HYD_PARALLEL:2
OPENMPSINGLECOLUMN               CPG_GP_HYD_PARALLEL:3
OPENMPSINGLECOLUMN               CPG_GP_PARALLEL:GPINISLB_PART1_EXPL
OPENMPSINGLECOLUMN               CPG_GP_PARALLEL:GPINISLB_PART3_EXPL
OPENMPSINGLECOLUMN               CPG_GP_PARALLEL:GPTF2_EXPL_2TL
OPENMPSINGLECOLUMN               CPG_GP_PARALLEL:GP_SPV
OPENMPSINGLECOLUMN               CPG_GP_PARALLEL:MAP_FACTOR
OPENMPMETHOD                     CPG_GP_PARALLEL:SET1TO0
OPENMPMETHOD                     CPG_GP_PARALLEL:SET1TO9
UPDATEVIEW                       CPG_GP_PARALLEL:SET9TO0
OPENMPSINGLECOLUMN               CPG_GP_PARALLEL:SETZERO
OPENMPSINGLECOLUMN               CPG_PARALLEL:ISETTLOFF
OPENMPSINGLECOLUMN               CPG_PARALLEL:LSMTSOL
OPENMPMETHOD                     CPG_PARALLEL:SHUFFLESL1
OPENMPMETHOD                     CPG_PARALLEL:ZEROPB2
OPENMPMETHOD                     CPG_PARALLEL:ZEROSL1
OPENMPSINGLECOLUMN               CPUTQY0_PARALLEL:PVAR
OPENMPSINGLECOLUMN               CPUTQY_APLPAR_EXPL_PARALLEL:PFDIS
OPENMPSINGLECOLUMN               CPUTQY_APLPAR_EXPL_PARALLEL:ZDEC
OPENMPSINGLECOLUMN               CPUTQY_APLPAR_EXPL_PARALLEL:ZTDCP
OPENMPSINGLECOLUMN               CPXFU_PARALLEL:0
OPENMPSINGLECOLUMN               CPXFU_PARALLEL:1
OPENMPSINGLECOLUMN               CPXFU_PARALLEL:2
OPENMPSINGLECOLUMN               CPXFU_PARALLEL:3
OPENMPSINGLECOLUMN               CPXFU_PARALLEL:4
OPENMPSINGLECOLUMN               CTVTOT_EXPL_PARALLEL:0
OPENMPSINGLECOLUMN               EXCHANGE_MS_MODNEW:MAIN
OPENMPSINGLECOLUMN               GPINISLB_PART2_EXPL_PARALLEL:0
OPENMPSINGLECOLUMN               GPINISLB_PART2_EXPL_PARALLEL:1
OPENMPSINGLECOLUMN               GPINISLB_PART2_EXPL_PARALLEL:2
OPENMPSINGLECOLUMN               GPINISLB_PART2_EXPL_PARALLEL:3
OPENMPSINGLECOLUMN               GPINISLB_PART2_EXPL_PARALLEL:4
OPENMPSINGLECOLUMN               GPINISLB_PART2_EXPL_PARALLEL:5
OPENMPSINGLECOLUMN               GPMPFC_EXPL_PARALLEL:0
OPENMPSINGLECOLUMN               GPMPFC_EXPL_PARALLEL:1
OPENMPSINGLECOLUMN               GPMPFC_EXPL_PART2_PARALLEL:0
OPENMPSINGLECOLUMN               GPRCP_EXPL_PARALLEL:0
OPENMPSINGLECOLUMN               GPRCP_EXPL_PARALLEL:1
OPENMPSINGLECOLUMN               GPRCP_EXPL_PARALLEL:2
OPENMPSINGLECOLUMN               GPRCP_EXPL_PARALLEL:3
OPENMPSINGLECOLUMN               GPRCP_EXPL_PARALLEL:4
OPENMPSINGLECOLUMN               GPRCP_EXPL_PARALLEL:5
OPENMPSINGLECOLUMN               GPTF1_YDVARS_PARALLEL:LGRADSP
OPENMPSINGLECOLUMN               GPTF1_YDVARS_PARALLEL:LTWOTL
OPENMPSINGLECOLUMN               GPTF1_YDVARS_PARALLEL:NOTLDTF1
OPENMPSINGLECOLUMN               LACDYN_PARALLEL:LASURE
OPENMPSINGLECOLUMN               LACDYN_PARALLEL:ZMIXNL
OPENMPSINGLECOLUMN               LAPINEA_PARALLEL:LARCINA
OPENMPSINGLECOLUMN               LAPINEB_PARALLEL:CVGQ
OPENMPSINGLECOLUMN               LAPINEB_PARALLEL:DPDETA0
OPENMPSINGLECOLUMN               LAPINEB_PARALLEL:LACONE
OPENMPSINGLECOLUMN               LAPINEB_PARALLEL:LARCHE
OPENMPSINGLECOLUMN               LAPINEB_PARALLEL:LRDBBC
OPENMPSINGLECOLUMN               LAPINEB_PARALLEL:LRPLANE
OPENMPSINGLECOLUMN               LAPINEB_PARALLEL:L_RDRY_VD
OPENMPSINGLECOLUMN               LAPINEB_PARALLEL:NVLAG2
OPENMPSINGLECOLUMN               LAPINEB_PARALLEL:NVLAG3
OPENMPSINGLECOLUMN               LAPINEB_PARALLEL:ROTUV
OPENMPSINGLECOLUMN               LAPINEB_PARALLEL:ROTUVGEO
OPENMPSINGLECOLUMN               LAPINEB_PARALLEL:TEMP_EQ
OPENMPSINGLECOLUMN               LAPINEB_PARALLEL:YCVGQ
OPENMPSINGLECOLUMN               LAPINEB_PARALLEL:ZERO_GMV9
OPENMPSINGLECOLUMN               LAPINEB_PARALLEL:ZERO_GMV9_SI
OPENMPSINGLECOLUMN               LAPINEB_PARALLEL:ZERO_GMV9_SL
OPENMPSINGLECOLUMN               LAPINEB_PARALLEL:ZERO_UV9
OPENMPSINGLECOLUMN               LAPINEB_PARALLEL:ZVWEI
OPENMPSINGLECOLUMN               LARCINB_PARALLEL:LAITRE_GFL
OPENMPSINGLECOLUMN               LARCINB_PARALLEL:LAITRE_GMV
OPENMPSINGLECOLUMN               LARCINB_PARALLEL:LAITVSPCQM
OPENMPSINGLECOLUMN               LARCINB_PARALLEL:LCOMAD_SP
OPENMPSINGLECOLUMN               LARCINB_PARALLEL:LDSLPHY
OPENMPSINGLECOLUMN               LARCINB_PARALLEL:LIN
OPENMPSINGLECOLUMN               LARCINB_PARALLEL:LLCOMAD
OPENMPSINGLECOLUMN               LARCINB_PARALLEL:LLCOMAD_2
OPENMPSINGLECOLUMN               LARCINB_PARALLEL:LRHS_CURV_F
OPENMPSINGLECOLUMN               LARCINB_PARALLEL:LTDIABLIN
OPENMPSINGLECOLUMN               LARCINB_PARALLEL:NQMGMV
OPENMPSINGLECOLUMN               LARCINB_PARALLEL:NTLAG_3
OPENMPSINGLECOLUMN               LARCINB_PARALLEL:NVLAG_2
OPENMPSINGLECOLUMN               LARCINB_PARALLEL:NVLAG_3
OPENMPSINGLECOLUMN               LARCINB_PARALLEL:RRINTOPT
OPENMPSINGLECOLUMN               LARMES_PARALLEL:LARMES
OPENMPSINGLECOLUMN               LASSIE_PARALLEL:GPRCP
OPENMPSINGLECOLUMN               LASSIE_PARALLEL:SITNU
OPENMPSINGLECOLUMN               LATTES_PARALLEL:0
OPENMPSINGLECOLUMN               LATTEX_EXPL_2TL_PARALLEL:0
OPENMPSINGLECOLUMN               LATTEX_EXPL_2TL_PARALLEL:1
OPENMPSINGLECOLUMN               LATTEX_EXPL_2TL_PARALLEL:2
OPENMPSINGLECOLUMN               LATTEX_EXPL_2TL_PARALLEL:3
OPENMPSINGLECOLUMN               LATTEX_EXPL_2TL_PARALLEL:4
OPENMPSINGLECOLUMN               LATTEX_EXPL_2TL_PARALLEL:5
OPENMPSINGLECOLUMN               LATTEX_EXPL_2TL_PARALLEL:6
OPENMP                           LATTEX_EXPL_VSPLTRANS_PARALLEL:0
OPENMP                           LATTEX_EXPL_VSPLTRANS_PARALLEL:1
OPENMPSINGLECOLUMN               LATTEX_PARALLEL:LRHS_CURV
OPENMPSINGLECOLUMN               LATTEX_PARALLEL:LRSIDDH
OPENMPSINGLECOLUMN               LATTEX_PARALLEL:MAIN
OPENMPSINGLECOLUMN               LAVABO_EXPL_LAITVSPCQM_PART1_PARALLEL:0
OPENMPSINGLECOLUMN               LAVABO_EXPL_LAITVSPCQM_PART2_PARALLEL:0
OPENMPSINGLECOLUMN               LAVABO_PARALLEL:0
OPENMPSINGLECOLUMN               LAVABO_PARALLEL:1
OPENMPSINGLECOLUMN               LAVABO_PARALLEL:2
OPENMPSINGLECOLUMN               LAVENT_PARALLEL:0
OPENMPSINGLECOLUMN               MF_PHYS_FPL_PART1_PARALLEL:PART1
OPENMPSINGLECOLUMN               MF_PHYS_FPL_PART2_PARALLEL:PART2
OPENMPSINGLECOLUMN               MF_PHYS_INIT_PARALLEL:ZERO
OPENMPSINGLECOLUMN               MF_PHYS_MOCON_PARALLEL:PPWETPOINT
OPENMPSINGLECOLUMN               MF_PHYS_PREP_PARALLEL:PREP
OPENMPSINGLECOLUMN               MF_PHYS_SAVE_PHSURF_PART1_PARALLEL:PART1
OPENMPSINGLECOLUMN               MF_PHYS_SAVE_PHSURF_PART2_PARALLEL:PART2
OPENMPSINGLECOLUMN               MF_PHYS_TRANSFER_PARALLEL:ALL
OPENMPSINGLECOLUMN               RECMWF_PARALLEL:1
OPENMPSINGLECOLUMN               RECMWF_PARALLEL:2
OPENMP                           RECMWF_PARALLEL:ECRAD_CPU
OPENMP                           RECMWF_PARALLEL:ECRAD_GPU
OPENMPSINGLECOLUMN               RECMWF_PARALLEL:ECRAD_POST
OPENMPSINGLECOLUMN               RECMWF_PARALLEL:FINISH
OPENMPSINGLECOLUMN               RECMWF_PARALLEL:PREPARE
OPENMP                           RECMWF_PARALLEL:RRTM
OPENMP                           RECMWF_PARALLEL:SRTM
OPENMPSINGLECOLUMN               SCAN2M_TS_PARALLEL:0
OPENMPSINGLECOLUMN               SPCHORNEW_PARALLEL:MAIN
OPENMPSINGLECOLUMN               SPCMNEW_PARALLEL:MAIN
OPENMPSINGLECOLUMN               SPCSINEW_PARALLEL:MAIN
OPENMPSINGLECOLUMN               STEPO:MAIN
OPENMPSINGLECOLUMN               TRMTOSNEW:MAIN
OPENMPSINGLECOLUMN               TRSTOMNEW:MAIN
 ------ lparallelmethod.txt ------
 ------ lsynchost.txt ------
 ------ lsynchost.txt ------
+ set -e
+ '[' xmeteo = x ']'
+ ls -lrt
total 800838
lrwxrwxrwx 1 marguina mrpm        74 Jul 17 09:00 total_solar_irradiance_CMIP6_47r1.nc -> /home/gmap/mrpm/marguina/gpupack/cy49/total_solar_irradiance_CMIP6_47r1.nc
lrwxrwxrwx 1 marguina mrpm        73 Jul 17 09:00 socrates_droplet_scattering_rrtm.nc -> /home/gmap/mrpm/marguina/gpupack/cy49/socrates_droplet_scattering_rrtm.nc
lrwxrwxrwx 1 marguina mrpm        71 Jul 17 09:00 slingo_droplet_scattering_rrtm.nc -> /home/gmap/mrpm/marguina/gpupack/cy49/slingo_droplet_scattering_rrtm.nc
lrwxrwxrwx 1 marguina mrpm        45 Jul 17 09:00 RADSRTM -> /home/gmap/mrpm/marguina/gpupack/cy49/RADSRTM
lrwxrwxrwx 1 marguina mrpm        45 Jul 17 09:00 RADRRTM -> /home/gmap/mrpm/marguina/gpupack/cy49/RADRRTM
lrwxrwxrwx 1 marguina mrpm        56 Jul 17 09:00 mcica_lognormal.nc -> /home/gmap/mrpm/marguina/gpupack/cy49/mcica_lognormal.nc
lrwxrwxrwx 1 marguina mrpm        52 Jul 17 09:00 mcica_gamma.nc -> /home/gmap/mrpm/marguina/gpupack/cy49/mcica_gamma.nc
lrwxrwxrwx 1 marguina mrpm        43 Jul 17 09:00 MCICA -> /home/gmap/mrpm/marguina/gpupack/cy49/MCICA
lrwxrwxrwx 1 marguina mrpm        95 Jul 17 09:00 greenhouse_gas_timeseries_CMIP6_SSP370_CFC11equiv_47r1.nc -> /home/gmap/mrpm/marguina/gpupack/cy49/greenhouse_gas_timeseries_CMIP6_SSP370_CFC11equiv_47r1.nc
lrwxrwxrwx 1 marguina mrpm        72 Jul 17 09:00 greenhouse_gas_climatology_48r1.nc -> /home/gmap/mrpm/marguina/gpupack/cy49/greenhouse_gas_climatology_48r1.nc
lrwxrwxrwx 1 marguina mrpm        72 Jul 17 09:00 greenhouse_gas_climatology_46r1.nc -> /home/gmap/mrpm/marguina/gpupack/cy49/greenhouse_gas_climatology_46r1.nc
lrwxrwxrwx 1 marguina mrpm        63 Jul 17 09:00 fu_ice_scattering_rrtm.nc -> /home/gmap/mrpm/marguina/gpupack/cy49/fu_ice_scattering_rrtm.nc
lrwxrwxrwx 1 marguina mrpm        67 Jul 17 09:00 es_droplet_scattering_rrtm.nc -> /home/gmap/mrpm/marguina/gpupack/cy49/es_droplet_scattering_rrtm.nc
lrwxrwxrwx 1 marguina mrpm        43 Jul 17 09:00 ECOZC -> /home/gmap/mrpm/marguina/gpupack/cy49/ECOZC
lrwxrwxrwx 1 marguina mrpm        69 Jul 17 09:00 ecoclimapII_eu_covers_param.bin -> /home/gmap/mrpm/marguina/gpupack/cy49/ecoclimapII_eu_covers_param.bin
lrwxrwxrwx 1 marguina mrpm        69 Jul 17 09:00 ecoclimapII_af_covers_param.bin -> /home/gmap/mrpm/marguina/gpupack/cy49/ecoclimapII_af_covers_param.bin
lrwxrwxrwx 1 marguina mrpm        65 Jul 17 09:00 ecoclimapI_covers_param.bin -> /home/gmap/mrpm/marguina/gpupack/cy49/ecoclimapI_covers_param.bin
lrwxrwxrwx 1 marguina mrpm        66 Jul 17 09:00 baran_ice_scattering_rrtm.nc -> /home/gmap/mrpm/marguina/gpupack/cy49/baran_ice_scattering_rrtm.nc
lrwxrwxrwx 1 marguina mrpm        41 Jul 17 09:00 arp -> /home/gmap/mrpm/marguina/gpupack/cy49/arp
lrwxrwxrwx 1 marguina mrpm        63 Jul 17 09:00 aerosol_ifs_rrtm_tegen.nc -> /home/gmap/mrpm/marguina/gpupack/cy49/aerosol_ifs_rrtm_tegen.nc
lrwxrwxrwx 1 marguina mrpm        57 Jul 17 09:00 aerosol_ifs_rrtm.nc -> /home/gmap/mrpm/marguina/gpupack/cy49/aerosol_ifs_rrtm.nc
lrwxrwxrwx 1 marguina mrpm        60 Jul 17 09:00 aerosol_ifs_rrtm_AB.nc -> /home/gmap/mrpm/marguina/gpupack/cy49/aerosol_ifs_rrtm_AB.nc
lrwxrwxrwx 1 marguina mrpm        73 Jul 17 09:00 aerosol_ifs_rrtm_46R1_with_NI_AM.nc -> /home/gmap/mrpm/marguina/gpupack/cy49/aerosol_ifs_rrtm_46R1_with_NI_AM.nc
lrwxrwxrwx 1 marguina mrpm        71 Jul 17 09:00 aerosol_cams_climatology_43R3a.nc -> /home/gmap/mrpm/marguina/gpupack/cy49/aerosol_cams_climatology_43R3a.nc
-rw-r--r-- 1 marguina mrpm        24 Jul 17 09:00 openacc_bind.txt
-rw-r--r-- 1 marguina mrpm     15817 Jul 17 09:00 lparallelmethod.txt
-rw-r--r-- 1 marguina mrpm 603955200 Jul 17 09:00 ICMSHFCSTINIT
-rw-r--r-- 1 marguina mrpm     27231 Jul 17 09:00 fort.4
-rwxr-xr-x 1 marguina mrpm       448 Jul 17 09:00 fixpgienv.sh
-rw-r--r-- 1 marguina mrpm     49536 Jul 17 09:00 linux_bind.txt
-rw-r--r-- 1 marguina mrpm  17864627 Jul 17 09:00 YDMODEL.CNT4.012.txt
-rw-r--r-- 1 marguina mrpm  17864627 Jul 17 09:00 YDMODEL.CNT4.011.txt
-rw-r--r-- 1 marguina mrpm  17864627 Jul 17 09:00 YDMODEL.CNT4.010.txt
-rw-r--r-- 1 marguina mrpm  17864627 Jul 17 09:00 YDMODEL.CNT4.009.txt
-rw-r--r-- 1 marguina mrpm  17864627 Jul 17 09:00 YDMODEL.CNT4.008.txt
-rw-r--r-- 1 marguina mrpm  17864627 Jul 17 09:00 YDMODEL.CNT4.007.txt
-rw-r--r-- 1 marguina mrpm  17864627 Jul 17 09:00 YDMODEL.CNT4.006.txt
-rw-r--r-- 1 marguina mrpm  17864627 Jul 17 09:00 YDMODEL.CNT4.005.txt
-rw-r--r-- 1 marguina mrpm  17864627 Jul 17 09:00 YDMODEL.CNT4.004.txt
-rw-r--r-- 1 marguina mrpm  17864627 Jul 17 09:00 YDMODEL.CNT4.003.txt
-rw-r--r-- 1 marguina mrpm  17864627 Jul 17 09:00 YDMODEL.CNT4.002.txt
-rw-r--r-- 1 marguina mrpm  17864627 Jul 17 09:00 YDMODEL.CNT4.001.txt
-rw-r--r-- 1 marguina mrpm     14439 Jul 17 09:00 stdeo.9
-rw-r--r-- 1 marguina mrpm     14439 Jul 17 09:00 stdeo.8
-rw-r--r-- 1 marguina mrpm     14439 Jul 17 09:00 stdeo.7
-rw-r--r-- 1 marguina mrpm     14439 Jul 17 09:00 stdeo.6
-rw-r--r-- 1 marguina mrpm     14439 Jul 17 09:00 stdeo.5
-rw-r--r-- 1 marguina mrpm     14439 Jul 17 09:00 stdeo.3
-rw-r--r-- 1 marguina mrpm     15182 Jul 17 09:00 stdeo.2
-rw-r--r-- 1 marguina mrpm     14439 Jul 17 09:00 stdeo.11
-rw-r--r-- 1 marguina mrpm     14439 Jul 17 09:00 stdeo.10
-rw-r--r-- 1 marguina mrpm         0 Jul 17 09:00 lsynchost.txt
-rw-r--r-- 1 marguina mrpm     15546 Jul 17 09:05 stdeo.1
-rw-r--r-- 1 marguina mrpm     14821 Jul 17 09:17 stdeo.4
-rw-r--r-- 1 marguina mrpm     50581 Jul 17 09:22 stdeo.0
-rw-r--r-- 1 marguina mrpm   1275188 Jul 17 09:22 NODE.001_01
-rw-r--r-- 1 marguina mrpm     10335 Jul 17 09:22 meminfo.txt
-rw-r--r-- 1 marguina mrpm    241340 Jul 17 09:22 drhook.prof.9
-rw-r--r-- 1 marguina mrpm    241558 Jul 17 09:22 drhook.prof.8
-rw-r--r-- 1 marguina mrpm    241340 Jul 17 09:22 drhook.prof.7
-rw-r--r-- 1 marguina mrpm    241340 Jul 17 09:22 drhook.prof.6
-rw-r--r-- 1 marguina mrpm    241340 Jul 17 09:22 drhook.prof.5
-rw-r--r-- 1 marguina mrpm    241340 Jul 17 09:22 drhook.prof.4
-rw-r--r-- 1 marguina mrpm    241552 Jul 17 09:22 drhook.prof.3
-rw-r--r-- 1 marguina mrpm    241444 Jul 17 09:22 drhook.prof.2
-rw-r--r-- 1 marguina mrpm    241342 Jul 17 09:22 drhook.prof.12
-rw-r--r-- 1 marguina mrpm    241342 Jul 17 09:22 drhook.prof.11
-rw-r--r-- 1 marguina mrpm    241342 Jul 17 09:22 drhook.prof.10
-rw-r--r-- 1 marguina mrpm    241891 Jul 17 09:22 drhook.prof.1
++ basename /home/gmap/mrpm/marguina/gpupack/pack/49t2_openacc-bench-notransfer.01.INTEL2302.2d
+ pack=49t2_openacc-bench-notransfer.01.INTEL2302.2d
+ ref=/home/gmap/mrpm/marguina/gpupack/cy49/arp/t0798/ref/49t2_openacc-bench-notransfer.01.INTEL2302.2d/openmpsinglecolumn/NODE.001_01
+ '[' '!' -f /home/gmap/mrpm/marguina/gpupack/cy49/arp/t0798/ref/49t2_openacc-bench-notransfer.01.INTEL2302.2d/openmpsinglecolumn/NODE.001_01 ']'
++ dirname /home/gmap/mrpm/marguina/gpupack/cy49/arp/t0798/ref/49t2_openacc-bench-notransfer.01.INTEL2302.2d/openmpsinglecolumn/NODE.001_01
+ dir=/home/gmap/mrpm/marguina/gpupack/cy49/arp/t0798/ref/49t2_openacc-bench-notransfer.01.INTEL2302.2d/openmpsinglecolumn
+ mkdir -p /home/gmap/mrpm/marguina/gpupack/cy49/arp/t0798/ref/49t2_openacc-bench-notransfer.01.INTEL2302.2d/openmpsinglecolumn
+ cp drhook.prof.1 /home/gmap/mrpm/marguina/gpupack/cy49/arp/t0798/ref/49t2_openacc-bench-notransfer.01.INTEL2302.2d/openmpsinglecolumn/drhook.prof.1
+ cp NODE.001_01 /home/gmap/mrpm/marguina/gpupack/cy49/arp/t0798/ref/49t2_openacc-bench-notransfer.01.INTEL2302.2d/openmpsinglecolumn/NODE.001_01
+ cd ..
+ for method in nominal openmp openmpsinglecolumn openaccsinglecolumn
+ mkdir -p openaccsinglecolumn
+ cd openaccsinglecolumn
+ for f in '$DATADIR/*'
++ basename /home/gmap/mrpm/marguina/gpupack/cy49/aerosol_cams_climatology_43R3a.nc
+ rm -f aerosol_cams_climatology_43R3a.nc
+ ln -s /home/gmap/mrpm/marguina/gpupack/cy49/aerosol_cams_climatology_43R3a.nc .
+ for f in '$DATADIR/*'
++ basename /home/gmap/mrpm/marguina/gpupack/cy49/aerosol_ifs_rrtm_46R1_with_NI_AM.nc
+ rm -f aerosol_ifs_rrtm_46R1_with_NI_AM.nc
+ ln -s /home/gmap/mrpm/marguina/gpupack/cy49/aerosol_ifs_rrtm_46R1_with_NI_AM.nc .
+ for f in '$DATADIR/*'
++ basename /home/gmap/mrpm/marguina/gpupack/cy49/aerosol_ifs_rrtm_AB.nc
+ rm -f aerosol_ifs_rrtm_AB.nc
+ ln -s /home/gmap/mrpm/marguina/gpupack/cy49/aerosol_ifs_rrtm_AB.nc .
+ for f in '$DATADIR/*'
++ basename /home/gmap/mrpm/marguina/gpupack/cy49/aerosol_ifs_rrtm.nc
+ rm -f aerosol_ifs_rrtm.nc
+ ln -s /home/gmap/mrpm/marguina/gpupack/cy49/aerosol_ifs_rrtm.nc .
+ for f in '$DATADIR/*'
++ basename /home/gmap/mrpm/marguina/gpupack/cy49/aerosol_ifs_rrtm_tegen.nc
+ rm -f aerosol_ifs_rrtm_tegen.nc
+ ln -s /home/gmap/mrpm/marguina/gpupack/cy49/aerosol_ifs_rrtm_tegen.nc .
+ for f in '$DATADIR/*'
++ basename /home/gmap/mrpm/marguina/gpupack/cy49/arp
+ rm -f arp
+ ln -s /home/gmap/mrpm/marguina/gpupack/cy49/arp .
+ for f in '$DATADIR/*'
++ basename /home/gmap/mrpm/marguina/gpupack/cy49/baran_ice_scattering_rrtm.nc
+ rm -f baran_ice_scattering_rrtm.nc
+ ln -s /home/gmap/mrpm/marguina/gpupack/cy49/baran_ice_scattering_rrtm.nc .
+ for f in '$DATADIR/*'
++ basename /home/gmap/mrpm/marguina/gpupack/cy49/ecoclimapI_covers_param.bin
+ rm -f ecoclimapI_covers_param.bin
+ ln -s /home/gmap/mrpm/marguina/gpupack/cy49/ecoclimapI_covers_param.bin .
+ for f in '$DATADIR/*'
++ basename /home/gmap/mrpm/marguina/gpupack/cy49/ecoclimapII_af_covers_param.bin
+ rm -f ecoclimapII_af_covers_param.bin
+ ln -s /home/gmap/mrpm/marguina/gpupack/cy49/ecoclimapII_af_covers_param.bin .
+ for f in '$DATADIR/*'
++ basename /home/gmap/mrpm/marguina/gpupack/cy49/ecoclimapII_eu_covers_param.bin
+ rm -f ecoclimapII_eu_covers_param.bin
+ ln -s /home/gmap/mrpm/marguina/gpupack/cy49/ecoclimapII_eu_covers_param.bin .
+ for f in '$DATADIR/*'
++ basename /home/gmap/mrpm/marguina/gpupack/cy49/ECOZC
+ rm -f ECOZC
+ ln -s /home/gmap/mrpm/marguina/gpupack/cy49/ECOZC .
+ for f in '$DATADIR/*'
++ basename /home/gmap/mrpm/marguina/gpupack/cy49/es_droplet_scattering_rrtm.nc
+ rm -f es_droplet_scattering_rrtm.nc
+ ln -s /home/gmap/mrpm/marguina/gpupack/cy49/es_droplet_scattering_rrtm.nc .
+ for f in '$DATADIR/*'
++ basename /home/gmap/mrpm/marguina/gpupack/cy49/fu_ice_scattering_rrtm.nc
+ rm -f fu_ice_scattering_rrtm.nc
+ ln -s /home/gmap/mrpm/marguina/gpupack/cy49/fu_ice_scattering_rrtm.nc .
+ for f in '$DATADIR/*'
++ basename /home/gmap/mrpm/marguina/gpupack/cy49/greenhouse_gas_climatology_46r1.nc
+ rm -f greenhouse_gas_climatology_46r1.nc
+ ln -s /home/gmap/mrpm/marguina/gpupack/cy49/greenhouse_gas_climatology_46r1.nc .
+ for f in '$DATADIR/*'
++ basename /home/gmap/mrpm/marguina/gpupack/cy49/greenhouse_gas_climatology_48r1.nc
+ rm -f greenhouse_gas_climatology_48r1.nc
+ ln -s /home/gmap/mrpm/marguina/gpupack/cy49/greenhouse_gas_climatology_48r1.nc .
+ for f in '$DATADIR/*'
++ basename /home/gmap/mrpm/marguina/gpupack/cy49/greenhouse_gas_timeseries_CMIP6_SSP370_CFC11equiv_47r1.nc
+ rm -f greenhouse_gas_timeseries_CMIP6_SSP370_CFC11equiv_47r1.nc
+ ln -s /home/gmap/mrpm/marguina/gpupack/cy49/greenhouse_gas_timeseries_CMIP6_SSP370_CFC11equiv_47r1.nc .
+ for f in '$DATADIR/*'
++ basename /home/gmap/mrpm/marguina/gpupack/cy49/MCICA
+ rm -f MCICA
+ ln -s /home/gmap/mrpm/marguina/gpupack/cy49/MCICA .
+ for f in '$DATADIR/*'
++ basename /home/gmap/mrpm/marguina/gpupack/cy49/mcica_gamma.nc
+ rm -f mcica_gamma.nc
+ ln -s /home/gmap/mrpm/marguina/gpupack/cy49/mcica_gamma.nc .
+ for f in '$DATADIR/*'
++ basename /home/gmap/mrpm/marguina/gpupack/cy49/mcica_lognormal.nc
+ rm -f mcica_lognormal.nc
+ ln -s /home/gmap/mrpm/marguina/gpupack/cy49/mcica_lognormal.nc .
+ for f in '$DATADIR/*'
++ basename /home/gmap/mrpm/marguina/gpupack/cy49/RADRRTM
+ rm -f RADRRTM
+ ln -s /home/gmap/mrpm/marguina/gpupack/cy49/RADRRTM .
+ for f in '$DATADIR/*'
++ basename /home/gmap/mrpm/marguina/gpupack/cy49/RADSRTM
+ rm -f RADSRTM
+ ln -s /home/gmap/mrpm/marguina/gpupack/cy49/RADSRTM .
+ for f in '$DATADIR/*'
++ basename /home/gmap/mrpm/marguina/gpupack/cy49/slingo_droplet_scattering_rrtm.nc
+ rm -f slingo_droplet_scattering_rrtm.nc
+ ln -s /home/gmap/mrpm/marguina/gpupack/cy49/slingo_droplet_scattering_rrtm.nc .
+ for f in '$DATADIR/*'
++ basename /home/gmap/mrpm/marguina/gpupack/cy49/socrates_droplet_scattering_rrtm.nc
+ rm -f socrates_droplet_scattering_rrtm.nc
+ ln -s /home/gmap/mrpm/marguina/gpupack/cy49/socrates_droplet_scattering_rrtm.nc .
+ for f in '$DATADIR/*'
++ basename /home/gmap/mrpm/marguina/gpupack/cy49/total_solar_irradiance_CMIP6_47r1.nc
+ rm -f total_solar_irradiance_CMIP6_47r1.nc
+ ln -s /home/gmap/mrpm/marguina/gpupack/cy49/total_solar_irradiance_CMIP6_47r1.nc .
+ cat arp/t0798/ICMSHFCSTINIT.000 arp/t0798/ICMSHFCSTINIT.001 arp/t0798/ICMSHFCSTINIT.002 arp/t0798/ICMSHFCSTINIT.003 arp/t0798/ICMSHFCSTINIT.004 arp/t0798/ICMSHFCSTINIT.005 arp/t0798/ICMSHFCSTINIT.006 arp/t0798/ICMSHFCSTINIT.007 arp/t0798/ICMSHFCSTINIT.008 arp/t0798/ICMSHFCSTINIT.009 arp/t0798/ICMSHFCSTINIT.010 arp/t0798/ICMSHFCSTINIT.011 arp/t0798/ICMSHFCSTINIT.012 arp/t0798/ICMSHFCSTINIT.013 arp/t0798/ICMSHFCSTINIT.014 arp/t0798/ICMSHFCSTINIT.015 arp/t0798/ICMSHFCSTINIT.016 arp/t0798/ICMSHFCSTINIT.017 arp/t0798/ICMSHFCSTINIT.018 arp/t0798/ICMSHFCSTINIT.019
+ cp arp/fort.4 .
+ chmod 644 fort.4
+ NNODE_FC=3
+ NTASK_FC=4
+ NOPMP_FC=32
+ NNODE_IO=0
+ NTASK_IO=8
+ NOPMP_IO=4
+ set +e
+ let 'NPROC_FC=3*4'
+ let 'NPROC_IO=0*8'
+ set -e
+ STOP=6
+ openaccsinglecolumn_setup /home/gmap/mrpm/marguina/gpupack/pack/49t2_openacc-bench-notransfer.01.INTEL2302.2d
+ pack=/home/gmap/mrpm/marguina/gpupack/pack/49t2_openacc-bench-notransfer.01.INTEL2302.2d
+ rm -f lparallelmethod.txt lsynchost.txt
+ export INPART=1
+ INPART=1
+ export PERSISTENT=1
+ PERSISTENT=1
+ export PARALLEL=1
+ PARALLEL=1
+ export LPARALLELMETHOD_VERBOSE=1
+ LPARALLELMETHOD_VERBOSE=1
+ export SLCOMMACC=1
+ SLCOMMACC=1
+ export SLEXTPOLACC=1
+ SLEXTPOLACC=1
+ export CLLEGACY_SCAN2M=1
+ CLLEGACY_SCAN2M=1
+ export CNT4_COPY=1
+ CNT4_COPY=1
+ setup_stack /home/gmap/mrpm/marguina/gpupack/pack/49t2_openacc-bench-notransfer.01.INTEL2302.2d
+ clean_stack
+ unset CLSTACKSIZE
+ unset CLSTACKSIZE4
+ unset CLSTACKSIZE8
++ perl -e ' print substr ($ARGV[0], -1, 1) ' /home/gmap/mrpm/marguina/gpupack/pack/49t2_openacc-bench-notransfer.01.INTEL2302.2d
+ PREC=d
+ '[' d = s ']'
+ export CLSTACKSIZE=0
+ CLSTACKSIZE=0
+ export CLSTACKSIZE4=10
+ CLSTACKSIZE4=10
+ export CLSTACKSIZE8=70
+ CLSTACKSIZE8=70
+ export LLSIMPLE_DGEMM=1
+ LLSIMPLE_DGEMM=1
+ cp /home/gmap/mrpm/marguina/gpupack/pack/49t2_openacc-bench-notransfer.01.INTEL2302.2d/lparallelmethod.txt.OPENACCSINGLECOLUMN lparallelmethod.txt
+ LECRADACC=.TRUE.
+ ECRADSOLVER='McICA ACC'
+ ECRADARCH=GPU
+ xpnam '--delta=
  &NAMRIP
    CSTOP='\''h6'\'',
  /
  ' --inplace fort.4
++ square 12
+ xpnam '--delta=
  &NAMIO_SERV
    NPROC_IO=0,
  /
  &NAMPAR0
    NPROC=12,
    
NPRGPNS=4,
NPRGPEW=3,
NPRTRW=4,
NPRTRV=3,
  /
  &NAMPAR1
    NSTRIN=12,
  /
  ' --inplace fort.4
+ xpnam '--delta=
  &NAMDIM
    NPROMA=-32,
  /
  ' --inplace fort.4
+ xpnam '--delta=
  &NAMCT1
    N1HIS=0,
  /
  ' --inplace fort.4
+ NECRADLEN=1024
+ xpnam '--delta=
  &NAERAD
    CECRADARCH='\''GPU'\'',
    NECRADLEN=1024,
    LECRADACC=.TRUE.,
  /
  &RADIATION
    SW_SOLVER_NAME='\''McICA ACC'\'',
    LW_SOLVER_NAME='\''McICA ACC'\'',
  /
  ' --inplace fort.4
+ ls -lrt
total 573521
lrwxrwxrwx 1 marguina mrpm        74 Jul 17 09:22 total_solar_irradiance_CMIP6_47r1.nc -> /home/gmap/mrpm/marguina/gpupack/cy49/total_solar_irradiance_CMIP6_47r1.nc
lrwxrwxrwx 1 marguina mrpm        73 Jul 17 09:22 socrates_droplet_scattering_rrtm.nc -> /home/gmap/mrpm/marguina/gpupack/cy49/socrates_droplet_scattering_rrtm.nc
lrwxrwxrwx 1 marguina mrpm        71 Jul 17 09:22 slingo_droplet_scattering_rrtm.nc -> /home/gmap/mrpm/marguina/gpupack/cy49/slingo_droplet_scattering_rrtm.nc
lrwxrwxrwx 1 marguina mrpm        45 Jul 17 09:22 RADSRTM -> /home/gmap/mrpm/marguina/gpupack/cy49/RADSRTM
lrwxrwxrwx 1 marguina mrpm        45 Jul 17 09:22 RADRRTM -> /home/gmap/mrpm/marguina/gpupack/cy49/RADRRTM
lrwxrwxrwx 1 marguina mrpm        56 Jul 17 09:22 mcica_lognormal.nc -> /home/gmap/mrpm/marguina/gpupack/cy49/mcica_lognormal.nc
lrwxrwxrwx 1 marguina mrpm        52 Jul 17 09:22 mcica_gamma.nc -> /home/gmap/mrpm/marguina/gpupack/cy49/mcica_gamma.nc
lrwxrwxrwx 1 marguina mrpm        43 Jul 17 09:22 MCICA -> /home/gmap/mrpm/marguina/gpupack/cy49/MCICA
lrwxrwxrwx 1 marguina mrpm        95 Jul 17 09:22 greenhouse_gas_timeseries_CMIP6_SSP370_CFC11equiv_47r1.nc -> /home/gmap/mrpm/marguina/gpupack/cy49/greenhouse_gas_timeseries_CMIP6_SSP370_CFC11equiv_47r1.nc
lrwxrwxrwx 1 marguina mrpm        72 Jul 17 09:22 greenhouse_gas_climatology_48r1.nc -> /home/gmap/mrpm/marguina/gpupack/cy49/greenhouse_gas_climatology_48r1.nc
lrwxrwxrwx 1 marguina mrpm        72 Jul 17 09:22 greenhouse_gas_climatology_46r1.nc -> /home/gmap/mrpm/marguina/gpupack/cy49/greenhouse_gas_climatology_46r1.nc
lrwxrwxrwx 1 marguina mrpm        63 Jul 17 09:22 fu_ice_scattering_rrtm.nc -> /home/gmap/mrpm/marguina/gpupack/cy49/fu_ice_scattering_rrtm.nc
lrwxrwxrwx 1 marguina mrpm        67 Jul 17 09:22 es_droplet_scattering_rrtm.nc -> /home/gmap/mrpm/marguina/gpupack/cy49/es_droplet_scattering_rrtm.nc
lrwxrwxrwx 1 marguina mrpm        43 Jul 17 09:22 ECOZC -> /home/gmap/mrpm/marguina/gpupack/cy49/ECOZC
lrwxrwxrwx 1 marguina mrpm        69 Jul 17 09:22 ecoclimapII_eu_covers_param.bin -> /home/gmap/mrpm/marguina/gpupack/cy49/ecoclimapII_eu_covers_param.bin
lrwxrwxrwx 1 marguina mrpm        69 Jul 17 09:22 ecoclimapII_af_covers_param.bin -> /home/gmap/mrpm/marguina/gpupack/cy49/ecoclimapII_af_covers_param.bin
lrwxrwxrwx 1 marguina mrpm        65 Jul 17 09:22 ecoclimapI_covers_param.bin -> /home/gmap/mrpm/marguina/gpupack/cy49/ecoclimapI_covers_param.bin
lrwxrwxrwx 1 marguina mrpm        66 Jul 17 09:22 baran_ice_scattering_rrtm.nc -> /home/gmap/mrpm/marguina/gpupack/cy49/baran_ice_scattering_rrtm.nc
lrwxrwxrwx 1 marguina mrpm        41 Jul 17 09:22 arp -> /home/gmap/mrpm/marguina/gpupack/cy49/arp
lrwxrwxrwx 1 marguina mrpm        63 Jul 17 09:22 aerosol_ifs_rrtm_tegen.nc -> /home/gmap/mrpm/marguina/gpupack/cy49/aerosol_ifs_rrtm_tegen.nc
lrwxrwxrwx 1 marguina mrpm        57 Jul 17 09:22 aerosol_ifs_rrtm.nc -> /home/gmap/mrpm/marguina/gpupack/cy49/aerosol_ifs_rrtm.nc
lrwxrwxrwx 1 marguina mrpm        60 Jul 17 09:22 aerosol_ifs_rrtm_AB.nc -> /home/gmap/mrpm/marguina/gpupack/cy49/aerosol_ifs_rrtm_AB.nc
lrwxrwxrwx 1 marguina mrpm        73 Jul 17 09:22 aerosol_ifs_rrtm_46R1_with_NI_AM.nc -> /home/gmap/mrpm/marguina/gpupack/cy49/aerosol_ifs_rrtm_46R1_with_NI_AM.nc
lrwxrwxrwx 1 marguina mrpm        71 Jul 17 09:22 aerosol_cams_climatology_43R3a.nc -> /home/gmap/mrpm/marguina/gpupack/cy49/aerosol_cams_climatology_43R3a.nc
-rw-r--r-- 1 marguina mrpm     15817 Jul 17 09:22 lparallelmethod.txt
-rw-r--r-- 1 marguina mrpm 603955200 Jul 17 09:22 ICMSHFCSTINIT
-rw-r--r-- 1 marguina mrpm     27230 Jul 17 09:22 fort.4
+ cat fort.4
 &NACIETEO
 /
 &NACOBS
 /
 &NACTAN
 /
 &NACTEX
 /
 &NACVEG
 /
 &NADOCK
 /
 &NAEAEM7
 /
 &NAEAER
 /
 &NAECOAPHY
 /
 &NAEPHLI
 /
 &NAEPHY
 /
 &NAERAD
   LRRTM=.TRUE.,
   LSRTM=.TRUE.,
   NMCICA=1,
   NRADFR=-1,
   NSW=6,
   RLWINHF=0.9,
   LUSEPRE2017RAD=.FALSE.,
   NHINCSOL=0,
   NOVLP=1,
   NRADIP=2,
   NRADLP=2,
   STBKG=0.045,
   TRBKG=0.03,
   CECRADARCH='GPU',
   NECRADLEN=1024,
   LECRADACC=.TRUE.,
 /
 &NAERCLI
 /
 &NAETLDIAG
 /
 &NAEVOL
 /
 &NAIMPO
 /
 &NALORI
 /
 &NAMACV
 /
 &NAMAERDET
 /
 &NAMAFN
   GFP_ST%CLNAME='SURFTEMPERATURE',
   GFP_ST%IANO=0,
   GFP_ST%IBITS=12,
   GFP_DST%IBITS=12,
   GFP_SD%IBITS=16,
   GFP_X10U%IBITS=12,
   GFP_X10U%IANO=0,
   GFP_X10V%IBITS=12,
   GFP_X10V%IANO=0,
   GFP_X2RH%IBITS=12,
   GFP_X2RH%IANO=0,
   GFP_X2T%IBITS=12,
   GFP_X2T%IANO=1,
   GFP_XUGST%IBITS=12,
   GFP_XUGST%IANO=0,
   GFP_XVGST%IBITS=12,
   GFP_XVGST%IANO=0,
   GFP_XCCC%IBITS=8,
   GFP_XCLPH%LLMON=.TRUE.,
   GFP_XHCC%IBITS=8,
   GFP_XLCC%IBITS=8,
   GFP_XMCC%IBITS=8,
   GFP_XTCC%IBITS=8,
   TFP_HU%IBITS=12,
   TFP_MSL%IBITS=12,
   TFP_T%IBITS=12,
   TFP_TH%IBITS=12,
   TFP_THPW%IBITS=12,
   TFP_TWV%IBITS=12,
   TFP_U%IBITS=12,
   TFP_V%IBITS=12,
   TFP_CAPE%CLNAME='SURFCAPE.POS.F00',
   TFP_CAPE%IBITS=16,
   TFP_I%LLGP=.TRUE.,
   TFP_L%LLGP=.TRUE.,
   TFP_HTB%IBITS=16,
   TFP_HTB%LLGP=.TRUE.,
   TFP_TKE%IBITS=16,
   TFP_EDR%IBITS=16,
   GFP_DST%IANO=0,
   GFP_SD%IANO=0,
   GFP_SSW%IANO=0,
   GFP_DSW%IANO=0,
   GFP_FSSW%IANO=0,
   GFP_FDSW%IANO=0,
   GFP_XUGST2%IBITS=12,
   GFP_XUGST2%IANO=0,
   GFP_XVGST2%IBITS=12,
   GFP_XVGST2%IANO=0,
   GFP_SFIS%IBITS=16,
   GFP_XPTYPE%IBITS=16,
   GFP_XPTYPESEV%IBITS=16,
   GFP_XPTYPE2%IBITS=16,
   GFP_XPTYPESEV2%IBITS=16,
 /
 &NAMARG
   CNMEXP='FCST',
   LECMWF=.FALSE.,
   NCONF=1,
   NSUPERSEDE=1,
 /
 &NAMARPHY
   CCOUPLING='I',
   LMSE=.FALSE.,
 /
 &NAMCA
 /
 &NAMCAPE
   GCAPEPSD=0.5,
   LADAE=.TRUE.,
   LMCAPEA=.TRUE.,
 /
 &NAMCFU
   LCUMFU=.TRUE.,
   LFDUTP=.TRUE.,
   LFPLC=.TRUE.,
   LFPLS=.TRUE.,
   LFR=.TRUE.,
   LFRRC=.TRUE.,
   LFSF=.TRUE.,
   LFSOIL=.TRUE.,
   LMOON=.TRUE.,
   LNEBPAR=.TRUE.,
   LRAYD=.TRUE.,
   LSTRD=.TRUE.,
   LSTRT=.TRUE.,
 /
 &NAMCHEM
 /
 &NAMCHET
 /
 &NAMCHK
 /
 &NAMCLA
 /
 &NAMCLDP
 /
 &NAMCLI
 /
 &NAMCLOP15
 /
 &NAMCLTC
 /
 &NAMCMEM_MW
 /
 &NAMCOK
 /
 &NAMCOM
 /
 &NAMCOMPO
 /
 &NAMCOSJO
 /
 &NAMCOUPLO4
 /
 &NAMCT0
   CFPNCF='ECHFP',
   LFBDAP=.TRUE.,
   LFDBOP=.FALSE.,
   LOLDPP=.FALSE.,
   NDHFDTS(0)=-78,
   NDHFDTS(1)=-1,
   NDHFDTS(2)=-2,
   NDHFDTS(3)=-3,
   NDHFDTS(4)=-4,
   NDHFDTS(5)=-5,
   NDHFDTS(6)=-6,
   NDHFDTS(7)=-7,
   NDHFDTS(8)=-8,
   NDHFDTS(9)=-9,
   NDHFDTS(10)=-10,
   NDHFDTS(11)=-11,
   NDHFDTS(12)=-12,
   NDHFDTS(13)=-13,
   NDHFDTS(14)=-14,
   NDHFDTS(15)=-15,
   NDHFDTS(16)=-16,
   NDHFDTS(17)=-17,
   NDHFDTS(18)=-18,
   NDHFDTS(19)=-19,
   NDHFDTS(20)=-20,
   NDHFDTS(21)=-21,
   NDHFDTS(22)=-22,
   NDHFDTS(23)=-23,
   NDHFDTS(24)=-24,
   NDHFDTS(25)=-25,
   NDHFDTS(26)=-26,
   NDHFDTS(27)=-27,
   NDHFDTS(28)=-28,
   NDHFDTS(29)=-29,
   NDHFDTS(30)=-30,
   NDHFDTS(31)=-31,
   NDHFDTS(32)=-32,
   NDHFDTS(33)=-33,
   NDHFDTS(34)=-34,
   NDHFDTS(35)=-35,
   NDHFDTS(36)=-36,
   NDHFDTS(37)=-37,
   NDHFDTS(38)=-38,
   NDHFDTS(39)=-39,
   NDHFDTS(40)=-40,
   NDHFDTS(41)=-41,
   NDHFDTS(42)=-42,
   NDHFDTS(43)=-43,
   NDHFDTS(44)=-44,
   NDHFDTS(45)=-45,
   NDHFDTS(46)=-46,
   NDHFDTS(47)=-47,
   NDHFDTS(48)=-48,
   NDHFDTS(49)=-49,
   NDHFDTS(50)=-50,
   NDHFDTS(51)=-51,
   NDHFDTS(52)=-52,
   NDHFDTS(53)=-53,
   NDHFDTS(54)=-54,
   NDHFDTS(55)=-55,
   NDHFDTS(56)=-56,
   NDHFDTS(57)=-57,
   NDHFDTS(58)=-58,
   NDHFDTS(59)=-59,
   NDHFDTS(60)=-60,
   NDHFDTS(61)=-61,
   NDHFDTS(62)=-62,
   NDHFDTS(63)=-63,
   NDHFDTS(64)=-64,
   NDHFDTS(65)=-65,
   NDHFDTS(66)=-66,
   NDHFDTS(67)=-67,
   NDHFDTS(68)=-68,
   NDHFDTS(69)=-69,
   NDHFDTS(70)=-70,
   NDHFDTS(71)=-71,
   NDHFDTS(72)=-72,
   NDHFDTS(73)=-73,
   NDHFDTS(74)=-74,
   NDHFDTS(75)=-75,
   NDHFDTS(76)=-76,
   NDHFDTS(77)=-77,
   NDHFDTS(78)=-78,
   NDHFZTS(0)=-35,
   NDHFZTS(1)=0,
   NDHFZTS(2)=-3,
   NDHFZTS(3)=-6,
   NDHFZTS(4)=-9,
   NDHFZTS(5)=-12,
   NDHFZTS(6)=-15,
   NDHFZTS(7)=-18,
   NDHFZTS(8)=-21,
   NDHFZTS(9)=-24,
   NFPOS=0,
   NFRDHFD=1,
   NFRDHFZ=1,
   NFRGDI=1,
   NFRHIS=1,
   NFRPOS=1,
   NFRSDI=1,
   NGDITS(0)=-1,
   NGDITS(1)=0,
   NHISTS(0)=-9,
   NHISTS(1)=0,
   NHISTS(2)=-6,
   NHISTS(3)=-12,
   NHISTS(4)=-18,
   NHISTS(5)=-24,
   NHISTS(6)=-30,
   NHISTS(7)=-36,
   NHISTS(8)=-42,
   NHISTS(9)=-48,
   NHISTS(10)=-9,
   NHISTS(11)=-10,
   NHISTS(12)=-11,
   NHISTS(13)=-12,
   NHISTS(14)=-13,
   NHISTS(15)=-14,
   NHISTS(16)=-15,
   NHISTS(17)=-16,
   NHISTS(18)=-17,
   NHISTS(19)=-18,
   NHISTS(20)=-19,
   NHISTS(21)=-20,
   NHISTS(22)=-21,
   NHISTS(23)=-22,
   NHISTS(24)=-23,
   NHISTS(25)=-24,
   NHISTS(26)=-25,
   NHISTS(27)=-26,
   NHISTS(28)=-27,
   NHISTS(29)=-28,
   NHISTS(30)=-29,
   NHISTS(31)=-30,
   NHISTS(32)=-31,
   NHISTS(33)=-32,
   NHISTS(34)=-33,
   NHISTS(35)=-34,
   NHISTS(36)=-35,
   NHISTS(37)=-36,
   NHISTS(38)=-37,
   NHISTS(39)=-38,
   NHISTS(40)=-39,
   NHISTS(41)=-40,
   NHISTS(42)=-41,
   NHISTS(43)=-42,
   NHISTS(44)=-43,
   NHISTS(45)=-44,
   NHISTS(46)=-45,
   NHISTS(47)=-46,
   NHISTS(48)=-47,
   NHISTS(49)=-48,
   NHISTS(50)=-49,
   NHISTS(51)=-50,
   NHISTS(52)=-51,
   NHISTS(53)=-52,
   NHISTS(54)=-53,
   NHISTS(55)=-54,
   NHISTS(56)=-55,
   NHISTS(57)=-56,
   NHISTS(58)=-57,
   NHISTS(59)=-58,
   NHISTS(60)=-59,
   NHISTS(61)=-60,
   NHISTS(62)=-61,
   NHISTS(63)=-62,
   NHISTS(64)=-63,
   NHISTS(65)=-64,
   NHISTS(66)=-65,
   NHISTS(67)=-66,
   NHISTS(68)=-67,
   NHISTS(69)=-68,
   NHISTS(70)=-69,
   NHISTS(71)=-70,
   NHISTS(72)=-71,
   NHISTS(73)=-72,
   NHISTS(74)=-73,
   NHISTS(75)=-74,
   NHISTS(76)=-75,
   NHISTS(77)=-76,
   NHISTS(78)=-77,
   NHISTS(79)=-78,
   NHISTS(80)=-79,
   NHISTS(81)=-80,
   NHISTS(82)=-81,
   NHISTS(83)=-82,
   NHISTS(84)=-83,
   NHISTS(85)=-84,
   NHISTS(86)=-85,
   NHISTS(87)=-86,
   NHISTS(88)=-87,
   NHISTS(89)=-88,
   NHISTS(90)=-89,
   NHISTS(91)=-90,
   NHISTS(92)=-91,
   NHISTS(93)=-92,
   NHISTS(94)=-93,
   NHISTS(95)=-94,
   NHISTS(96)=-95,
   NHISTS(97)=-96,
   NHISTS(98)=-97,
   NHISTS(99)=-98,
   NHISTS(100)=-99,
   NHISTS(101)=-100,
   NHISTS(102)=-101,
   NHISTS(103)=-102,
   NHISTS(104)=-108,
   NHISTS(105)=-114,
   NPOSTS(0)=-9,
   NPOSTS(1)=0,
   NPOSTS(2)=-6,
   NPOSTS(3)=-12,
   NPOSTS(4)=-18,
   NPOSTS(5)=-24,
   NPOSTS(6)=-30,
   NPOSTS(7)=-36,
   NPOSTS(8)=-42,
   NPOSTS(9)=-48,
   NPOSTS(10)=-9,
   NPOSTS(11)=-10,
   NPOSTS(12)=-11,
   NPOSTS(13)=-12,
   NPOSTS(14)=-13,
   NPOSTS(15)=-14,
   NPOSTS(16)=-15,
   NPOSTS(17)=-16,
   NPOSTS(18)=-17,
   NPOSTS(19)=-18,
   NPOSTS(20)=-19,
   NPOSTS(21)=-20,
   NPOSTS(22)=-21,
   NPOSTS(23)=-22,
   NPOSTS(24)=-23,
   NPOSTS(25)=-24,
   NPOSTS(26)=-25,
   NPOSTS(27)=-26,
   NPOSTS(28)=-27,
   NPOSTS(29)=-28,
   NPOSTS(30)=-29,
   NPOSTS(31)=-30,
   NPOSTS(32)=-31,
   NPOSTS(33)=-32,
   NPOSTS(34)=-33,
   NPOSTS(35)=-34,
   NPOSTS(36)=-35,
   NPOSTS(37)=-36,
   NPOSTS(38)=-37,
   NPOSTS(39)=-38,
   NPOSTS(40)=-39,
   NPOSTS(41)=-40,
   NPOSTS(42)=-41,
   NPOSTS(43)=-42,
   NPOSTS(44)=-43,
   NPOSTS(45)=-44,
   NPOSTS(46)=-45,
   NPOSTS(47)=-46,
   NPOSTS(48)=-47,
   NPOSTS(49)=-48,
   NPOSTS(50)=-49,
   NPOSTS(51)=-50,
   NPOSTS(52)=-51,
   NPOSTS(53)=-52,
   NPOSTS(54)=-53,
   NPOSTS(55)=-54,
   NPOSTS(56)=-55,
   NPOSTS(57)=-56,
   NPOSTS(58)=-57,
   NPOSTS(59)=-58,
   NPOSTS(60)=-59,
   NPOSTS(61)=-60,
   NPOSTS(62)=-61,
   NPOSTS(63)=-62,
   NPOSTS(64)=-63,
   NPOSTS(65)=-64,
   NPOSTS(66)=-65,
   NPOSTS(67)=-66,
   NPOSTS(68)=-67,
   NPOSTS(69)=-68,
   NPOSTS(70)=-69,
   NPOSTS(71)=-70,
   NPOSTS(72)=-71,
   NPOSTS(73)=-72,
   NPOSTS(74)=-73,
   NPOSTS(75)=-74,
   NPOSTS(76)=-75,
   NPOSTS(77)=-76,
   NPOSTS(78)=-77,
   NPOSTS(79)=-78,
   NPOSTS(80)=-79,
   NPOSTS(81)=-80,
   NPOSTS(82)=-81,
   NPOSTS(83)=-82,
   NPOSTS(84)=-83,
   NPOSTS(85)=-84,
   NPOSTS(86)=-85,
   NPOSTS(87)=-86,
   NPOSTS(88)=-87,
   NPOSTS(89)=-88,
   NPOSTS(90)=-89,
   NPOSTS(91)=-90,
   NPOSTS(92)=-91,
   NPOSTS(93)=-92,
   NPOSTS(94)=-93,
   NPOSTS(95)=-94,
   NPOSTS(96)=-95,
   NPOSTS(97)=-96,
   NPOSTS(98)=-97,
   NPOSTS(99)=-98,
   NPOSTS(100)=-99,
   NPOSTS(101)=-100,
   NPOSTS(102)=-101,
   NPOSTS(103)=-102,
   NPOSTS(104)=-103,
   NPOSTS(105)=-104,
   NPOSTS(106)=-105,
   NPOSTS(107)=-106,
   NPOSTS(108)=-107,
   NPOSTS(109)=-108,
   NPOSTS(110)=-109,
   NPOSTS(111)=-110,
   NPOSTS(112)=-111,
   NPOSTS(113)=-112,
   NPOSTS(114)=-113,
   NPOSTS(115)=-114,
   NSFXHISTS(0)=-3,
   NSFXHISTS(1)=0,
   NSFXHISTS(2)=-3,
   NSFXHISTS(3)=-6,
   NSFXHISTS(4)=-9,
   NSFXHISTS(5)=-12,
   NSFXHISTS(6)=-15,
   NSFXHISTS(7)=-18,
   NSFXHISTS(8)=-21,
   NSFXHISTS(9)=-24,
   NSFXHISTS(10)=-48,
   NSFXHISTS(11)=-72,
   NSFXHISTS(12)=-96,
   NSPPR=1,
   NSDITS(0)=50,
   NSDITS(1)= 0,
   NSDITS(2)= 1,
   NSDITS(3)= 2,
   NSDITS(4)= 3,
   NSDITS(5)= 4,
   NSDITS(6)= 5,
   NSDITS(7)= 6,
   NSDITS(8)= 7,
   NSDITS(9)= 8,
   NSDITS(10)= 9,
   NSDITS(11)=10,
   NSDITS(12)=11,
   NSDITS(13)=12,
   NSDITS(14)=13,
   NSDITS(15)=14,
   NSDITS(16)=15,
   NSDITS(17)=16,
   NSDITS(18)=17,
   NSDITS(19)=18,
   NSDITS(20)=19,
   NSDITS(21)=20,
   NSDITS(22)=21,
   NSDITS(23)=22,
   NSDITS(24)=23,
   NSDITS(25)=24,
   NSDITS(26)=25,
   NSDITS(27)=26,
   NSDITS(28)=27,
   NSDITS(29)=28,
   NSDITS(30)=29,
   NSDITS(31)=30,
   NSDITS(32)=31,
   NSDITS(33)=32,
   NSDITS(34)=33,
   NSDITS(35)=34,
   NSDITS(36)=35,
   NSDITS(37)=36,
   NSDITS(38)=37,
   NSDITS(39)=38,
   NSDITS(40)=39,
   NSDITS(41)=40,
   NSDITS(42)=41,
   NSDITS(43)=42,
   NSDITS(44)=43,
   NSDITS(45)=44,
   NSDITS(46)=45,
   NSDITS(47)=46,
   NSDITS(48)=47,
   NSDITS(49)=48,
   NSDITS(50)=49,
   NDHFZTS(10)=-27,
   NDHFZTS(11)=-30,
   NDHFZTS(12)=-33,
   NDHFZTS(13)=-36,
   NDHFZTS(14)=-39,
   NDHFZTS(15)=-42,
   NDHFZTS(16)=-45,
   NDHFZTS(17)=-48,
   NDHFZTS(18)=-51,
   NDHFZTS(19)=-54,
   NDHFZTS(20)=-57,
   NDHFZTS(21)=-60,
   NDHFZTS(22)=-63,
   NDHFZTS(23)=-66,
   NDHFZTS(24)=-69,
   NDHFZTS(25)=-72,
   NDHFZTS(26)=-75,
   NDHFZTS(27)=-78,
   NDHFZTS(28)=-81,
   NDHFZTS(29)=-84,
   NDHFZTS(30)=-87,
   NDHFZTS(31)=-90,
   NDHFZTS(32)=-93,
   NDHFZTS(33)=-96,
   NDHFZTS(34)=-99,
   NDHFZTS(35)=-102,
   LGRIB_API=.FALSE.,
 /
 &NAMCT1
   LRFILAF=.FALSE.,
   N1POS=1,
   N1RES=0,
   N1SFXHIS=1,
   N1SDI=1,
   N1HIS=0,
 /
 &NAMCUMF
   RMFDEPS=0.15,
   RPRCON=0.004,
 /
 &NAMCUMFS
 /
 &NAMCVER
   LVERTFE=.TRUE.,
   NVFE_TYPE=3,
   NDLNPR=0,
   LAPRXPK=.TRUE.,
   LREGETA=.FALSE.,
 /
 &NAMCVMNH
   LSMOOTH=.FALSE.,
   OTADJS=10800.,
   XATPERT=500.,
   XAW=1.,
   XBTPERT=0.5,
   XBW=0.5,
   XCDEPTH=1.,
   XCDEPTH_D=4000.,
   XDTPERT=0.3,
   XENTR=0.01,
 /
 &NAMDDH
   BDEDDH(1,1)=4.,
   BDEDDH(1,2)=4.,
   BDEDDH(1,3)=4.,
   BDEDDH(1,4)=4.,
   BDEDDH(1,5)=4.,
   BDEDDH(1,6)=4.,
   BDEDDH(1,7)=4.,
   BDEDDH(1,8)=4.,
   BDEDDH(1,9)=4.,
   BDEDDH(1,10)=4.,
   BDEDDH(1,11)=4.,
   BDEDDH(1,12)=4.,
   BDEDDH(1,13)=4.,
   BDEDDH(1,14)=4.,
   BDEDDH(1,15)=4.,
   BDEDDH(1,16)=4.,
   BDEDDH(1,17)=4.,
   BDEDDH(1,18)=4.,
   BDEDDH(1,19)=4.,
   BDEDDH(1,20)=4.,
   BDEDDH(1,21)=4.,
   BDEDDH(1,22)=4.,
   BDEDDH(1,23)=4.,
   BDEDDH(1,24)=4.,
   BDEDDH(1,25)=4.,
   BDEDDH(2,1)=1.,
   BDEDDH(2,2)=1.,
   BDEDDH(2,3)=1.,
   BDEDDH(2,4)=1.,
   BDEDDH(2,5)=1.,
   BDEDDH(2,6)=1.,
   BDEDDH(2,7)=1.,
   BDEDDH(2,8)=1.,
   BDEDDH(2,9)=1.,
   BDEDDH(2,10)=1.,
   BDEDDH(2,11)=1.,
   BDEDDH(2,12)=1.,
   BDEDDH(2,13)=1.,
   BDEDDH(2,14)=1.,
   BDEDDH(2,15)=1.,
   BDEDDH(2,16)=1.,
   BDEDDH(2,17)=1.,
   BDEDDH(2,18)=1.,
   BDEDDH(2,19)=1.,
   BDEDDH(2,20)=1.,
   BDEDDH(2,21)=1.,
   BDEDDH(2,22)=1.,
   BDEDDH(2,23)=1.,
   BDEDDH(2,24)=1.,
   BDEDDH(2,25)=1.,
   BDEDDH(3,1)=-85.94,
   BDEDDH(3,2)=-156.616,
   BDEDDH(3,3)=26.65,
   BDEDDH(3,4)=14.124,
   BDEDDH(3,5)=4.927,
   BDEDDH(3,6)=-1.437,
   BDEDDH(3,7)=2.208,
   BDEDDH(3,8)=-0.692,
   BDEDDH(3,9)=4.407,
   BDEDDH(3,10)=1.374,
   BDEDDH(3,11)=0.37,
   BDEDDH(3,12)=15.75,
   BDEDDH(3,13)=-97.5,
   BDEDDH(3,14)=2.176,
   BDEDDH(3,15)=166.916,
   BDEDDH(3,16)=147.425,
   BDEDDH(3,17)=130.891,
   BDEDDH(3,18)=-5.783,
   BDEDDH(3,19)=24.65,
   BDEDDH(3,20)=27.5,
   BDEDDH(3,21)=25.566,
   BDEDDH(3,22)=123.34,
   BDEDDH(3,23)=127.21,
   BDEDDH(3,24)=140.01,
   BDEDDH(3,25)=-26.65,
   BDEDDH(4,1)=79.99,
   BDEDDH(4,2)=71.322,
   BDEDDH(4,3)=67.37,
   BDEDDH(4,4)=52.167,
   BDEDDH(4,5)=51.971,
   BDEDDH(4,6)=51.145,
   BDEDDH(4,7)=48.713,
   BDEDDH(4,8)=44.832,
   BDEDDH(4,9)=43.858,
   BDEDDH(4,10)=43.575,
   BDEDDH(4,11)=43.128,
   BDEDDH(4,12)=40.59,
   BDEDDH(4,13)=36.617,
   BDEDDH(4,14)=13.477,
   BDEDDH(4,15)=-0.521,
   BDEDDH(4,16)=-2.006,
   BDEDDH(4,17)=-12.425,
   BDEDDH(4,18)=41.816,
   BDEDDH(4,19)=60.183,
   BDEDDH(4,20)=62.666,
   BDEDDH(4,21)=66.55,
   BDEDDH(4,22)=-75.08,
   BDEDDH(4,23)=34.76,
   BDEDDH(4,24)=-66.66,
   BDEDDH(4,25)=-75.58,
   LHDDOP=.FALSE.,
   LHDEFD=.FALSE.,
   LHDEFZ=.FALSE.,
   LHDHKS=.FALSE.,
   LHDZON=.FALSE.,
   NDHKD=30,
   LHDGLB=.FALSE.,
   LHDMCI=.FALSE.,
   LHDENT=.FALSE.,
   LHDEFG=.FALSE.,
   LHDPRG=.FALSE.,
   LHDPRZ=.FALSE.,
   LHDPRD=.FALSE.,
   LHDFIL=.FALSE.,
 /
 &NAMDFI
 /
 &NAMDIM
   NPROMA=-32,
 /
 &NAMDIMO
 /
 &NAMDIM_TRAJ
 /
 &NAMDPHY
 /
 &NAMDPRECIPS
 /
 &NAMDVISI
   HVISI=10.,
 /
 &NAMDWET
 /
 &NAMDYN
   LADVF=.TRUE.,
   NTLAG=3,
   NVLAG=3,
   NWLAG=3,
   RCMSLP0=1.,
   REPS1=0.,
   REPS2=0.,
   REPSM1=0.,
   REPSM2=0.,
   REPSP1=0.,
   RW2TLFF=1.,
   SIPR=100000.,
   SITR=350.,
   VESL=0.,
   XIDT=0.,
   RDAMPDIV=4.,
   RDAMPQ=0.,
   RDAMPT=0.,
   RDAMPVOR=50.,
   SLEVDH1=0.15,
   SLEVDH2=0.08,
   NITMP=4,
   RATIO_HDI_TOP=20.,
   CLAITRI_TYPE='VECTOR',
   CLAITRI_WENO_TYPE='VECTOR',
 /
 &NAMDYNA
   LSETTLS=.TRUE.,
   LSETTLST=.TRUE.,
   LSETTLSV=.TRUE.,
   LSLAG=.TRUE.,
   LTWOTL=.TRUE.,
   LSPRT=.TRUE.,
 /
 &NAMDYNA_STATIC
 /
 &NAMDYNCORE
 /
 &NAMEMIS_CONF
 /
 &NAMENKF
 /
 &NAMFA
   NBITCS=-1,
   NBITPG=-1,
   NSTRON=-1,
   LSUPPDATE=.FALSE.,
   YFAIRAD%NBITS=12,
   YFALRAD%NBITS=12,
   YFATKE%NBITS=16,
   YFACLF%NBITS=6,
   YFA_XUGST%CLNAME='CLSU.RAF60M.XFU',
   YFA_XVGST%CLNAME='CLSV.RAF60M.XFU',
   YFA_MXCLWC%CLNAME='CLD_WX_60M',
   YFA_XPTYPE%CLNAME='CLSPTYPE_60M',
   YFA_XPTYPESEV%CLNAME='CLSPTYPESEV_60M',
   YFA_VISICLD%CLNAME='CLSVISIN_60',
   YFA_VISIHYD%CLNAME='CLSVISIHYDN60',
   YFA_XUGST2%CLNAME='CLSU.RAF180M.XFU',
   YFA_XVGST2%CLNAME='CLSV.RAF180M.XFU',
   YFA_MXCLWC2%CLNAME='CLD_WX_180M',
   YFA_XPTYPE2%CLNAME='CLSPTYPE_180M',
   YFA_XPTYPESEV2%CLNAME='CLSPTYPESEV_180M',
   YFA_VISICLD2%CLNAME='CLSVISIN_180',
   YFA_VISIHYD2%CLNAME='CLSVISIHYDN180',
   CMODEL='arpege-4dvarfr-production-oper-fc',
   LEXTERN=.TRUE.,
   NVGRIB=123,
 /
 &NAMFAINIT
   JPXTRO=2000,
 /
 &NAMFPC
   CFPFMT='LALON',
   NFITI=1,
   NFITV=1,
   LFPMOIS=.TRUE.,
   NFPCLI=1,
   NFPGRIB=141,
   RFPVCAP=7000.,
   NFPCAPE=5,
   RENTRA=0.0001,
   LFPPACKING=.FALSE.,
   NITERPV=8,
   LCRITSNOWTEMP=.FALSE.,
   LFPCAPEX=.TRUE.,
   NFPINPHY=4,
   CFPDOM(1)='EURAT01',
   CFPDOM(2)='ATOURX01',
   CFPDOM(3)='GLOB025',
   CFPDOM(4)='GLOB01',
   CFPDOM(5)='EURAT1S20',
   CFP2DF(1)='SURFPRESSION',
   CFP2DF(2)='MSLPRESSURE',
   CFP2DF(3)='SURFTOT.WAT.VAPO',
   CFP2DF(4)='SURFISOTPW0.MALT',
   CFP2DF(5)='SURFCAPE.POS.F00',
   CFP3DF(1)='GEOPOTENTIEL',
   CFP3DF(2)='TEMPERATURE',
   CFP3DF(3)='VENT_ZONAL',
   CFP3DF(4)='VENT_MERIDIEN',
   CFP3DF(5)='HUMI_RELATIVE',
   CFP3DF(6)='THETA_PRIM_W',
   CFP3DF(7)='PRESSURE',
   CFP3DF(8)='ABS_VORTICITY',
   CFP3DF(9)='VITESSE_VERTICALE',
   CFP3DF(10)='DIVERGENCE',
   CFP3DF(11)='POT_VORTICIT',
   CFP3DF(12)='TEMPE_POTENT',
   CFP3DF(13)='RAD_LIQUID_WATER',
   CFP3DF(14)='RAD_SOLID_WATER',
   CFP3DF(15)='CLOUD_FRACTI',
   CFP3DF(16)='TKE',
   CFP3DF(17)='ISOT_ALTIT',
   CFP3DF(18)='EDR',
   CFPPHY(1)='SURFTEMPERATURE',
   CFPPHY(2)='PROFTEMPERATURE',
   CFPPHY(3)='SURFRESERV.EAU',
   CFPPHY(4)='PROFRESERV.EAU',
   CFPPHY(5)='SURFRESERV.GLACE',
   CFPPHY(6)='PROFRESERV.GLACE',
   CFPPHY(7)='SURFRESERV.NEIGE',
   CFPPHY(8)='INTSURFGEOPOTENT',
   CFPXFU(1)='SURFNEBUL.TOTALE',
   CFPXFU(2)='SURFNEBUL.CONVEC',
   CFPXFU(3)='SURFNEBUL.HAUTE',
   CFPXFU(4)='SURFNEBUL.MOYENN',
   CFPXFU(5)='SURFNEBUL.BASSE',
   CFPXFU(6)='SURFCAPE.MOD.XFU',
   CFPXFU(7)='CLPMOCON.MOD.XFU',
   CFPXFU(8)='CLPMHAUT.MOD.XFU',
   CFPXFU(9)='CLSU.RAF60M.XFU',
   CFPXFU(10)='CLSV.RAF60M.XFU',
   CFPXFU(11)='CLSTEMPERATURE',
   CFPXFU(12)='CLSHUMI.RELATIVE',
   CFPXFU(13)='CLSVENT.ZONAL',
   CFPXFU(14)='CLSVENT.MERIDIEN',
   CFPXFU(15)='CLSMAXI.TEMPERAT',
   CFPXFU(16)='CLSMINI.TEMPERAT',
   CFPXFU(17)='CLSU.RAF180M.XFU',
   CFPXFU(18)='CLSV.RAF180M.XFU',
   CFPXFU(19)='CLPTOPCONV.MOD.XFU',
   CFPXFU(20)='CLSVISIN_60',
   CFPXFU(21)='CLSVISIHYDN60',
   CFPXFU(22)='CLD_WX_60M',
   CFPXFU(23)='CLSVISIN_180',
   CFPXFU(24)='CLSVISIHYDN180',
   CFPXFU(25)='CLD_WX_180M',
   CFPCFU(1)='SURFTENS.TOTA.ZO',
   CFPCFU(2)='SURFTENS.TOTA.ME',
   CFPCFU(3)='SURFPREC.EAU.CON',
   CFPCFU(4)='SURFPREC.NEI.CON',
   CFPCFU(5)='SURFPREC.EAU.GEC',
   CFPCFU(6)='SURFPREC.NEI.GEC',
   CFPCFU(7)='SOMMFLU.RAY.SOLA',
   CFPCFU(8)='SURFFLU.RAY.SOLA',
   CFPCFU(9)='SOMMFLU.RAY.THER',
   CFPCFU(10)='SURFFLU.RAY.THER',
   CFPCFU(11)='SURFFLU.LAT.MTOT',
   CFPCFU(12)='SURFFLU.MTOTA.NE',
   CFPCFU(13)='SURFFLU.CHA.SENS',
   CFPCFU(14)='SURFRAYT.LUNE.DE',
   CFPCFU(15)='SURFRAYT SOL CL',
   CFPCFU(16)='SURFRAYT THER CL',
   CFPCFU(17)='SURFRAYT SOLA DE',
   CFPCFU(18)='SURFRAYT THER DE',
   CFPCFU(19)='SURFRAYT DIR SUR',
   RFP3H(1)=10.,
   RFP3H(2)=20.,
   RFP3H(3)=35.,
   RFP3H(4)=50.,
   RFP3H(5)=75.,
   RFP3H(6)=100.,
   RFP3H(7)=150.,
   RFP3H(8)=200.,
   RFP3H(9)=250.,
   RFP3H(10)=375.,
   RFP3H(11)=500.,
   RFP3H(12)=625.,
   RFP3H(13)=750.,
   RFP3H(14)=875.,
   RFP3H(15)=1000.,
   RFP3H(16)=1125.,
   RFP3H(17)=1250.,
   RFP3H(18)=1375.,
   RFP3H(19)=1500.,
   RFP3H(20)=1750.,
   RFP3H(21)=2000.,
   RFP3H(22)=2250.,
   RFP3H(23)=2500.,
   RFP3H(24)=2750.,
   RFP3H(25)=3000.,
   RFP3P(1)=100.,
   RFP3P(2)=200.,
   RFP3P(3)=300.,
   RFP3P(4)=500.,
   RFP3P(5)=700.,
   RFP3P(6)=1000.,
   RFP3P(7)=2000.,
   RFP3P(8)=3000.,
   RFP3P(9)=5000.,
   RFP3P(10)=7000.,
   RFP3P(11)=10000.,
   RFP3P(12)=12500.,
   RFP3P(13)=15000.,
   RFP3P(14)=17500.,
   RFP3P(15)=20000.,
   RFP3P(16)=22500.,
   RFP3P(17)=25000.,
   RFP3P(18)=27500.,
   RFP3P(19)=30000.,
   RFP3P(20)=35000.,
   RFP3P(21)=40000.,
   RFP3P(22)=45000.,
   RFP3P(23)=50000.,
   RFP3P(24)=55000.,
   RFP3P(25)=60000.,
   RFP3P(26)=65000.,
   RFP3P(27)=70000.,
   RFP3P(28)=75000.,
   RFP3P(29)=80000.,
   RFP3P(30)=85000.,
   RFP3P(31)=90000.,
   RFP3P(32)=92500.,
   RFP3P(33)=95000.,
   RFP3P(34)=100000.,
   RFP3PV(1)=0.0000015,
   RFP3PV(2)=0.000002,
   RFP3PV(3)=7.0D-7,
   RFP3I(1)=-273.15,
   RFP3I(2)=-263.15,
   RFP3I(3)=-261.15,
   RFP3I(4)=-253.15,
 /
 &NAMFPD
 /
 &NAMFPDY2
 /
 &NAMFPDYF
 /
 &NAMFPDYH
 /
 &NAMFPDYI
 /
 &NAMFPDYP
 /
 &NAMFPDYS
 /
 &NAMFPDYT
 /
 &NAMFPDYV
 /
 &NAMFPF
   LFPRDFIL=.FALSE.,
   NFMAX(1)=450,
   NFMAX(2)=450,
   NFMAX(3)=210,
   NFMAX(4)=350,
   NFMAX(5)=350,
   NFPCMAX=4049,
 /
 &NAMFPG
 /
 &NAMFPIOS
   NFPXFLD=128,
 /
 &NAMFPMOVE
 /
 &NAMFPPHY
 /
 &NAMFPSC2
   NFPROMA=-48,
 /
 &NAMFPSC2_DEP
   NFPROMA_DEP=-48,
 /
 &NAMGEM
 /
 &NAMGFL
   YA_NL%LGP=.TRUE.,
   YA_NL%LREQOUT=.TRUE.,
   YA_NL%NREQIN=0,
   YIRAD_NL%LGP=.TRUE.,
   YIRAD_NL%LREQOUT=.TRUE.,
   YIRAD_NL%NREQIN=0,
   YI_NL%LADV=.TRUE.,
   YI_NL%LGP=.TRUE.,
   YI_NL%LGPINGP=.TRUE.,
   YI_NL%LPHY=.FALSE.,
   YI_NL%LQM=.TRUE.,
   YI_NL%LREQOUT=.TRUE.,
   YI_NL%LT1=.TRUE.,
   YI_NL%NREQIN=0,
   YLRAD_NL%LGP=.TRUE.,
   YLRAD_NL%LREQOUT=.TRUE.,
   YLRAD_NL%NREQIN=0,
   YL_NL%LADV=.TRUE.,
   YL_NL%LGP=.TRUE.,
   YL_NL%LGPINGP=.TRUE.,
   YL_NL%LPHY=.FALSE.,
   YL_NL%LQM=.TRUE.,
   YL_NL%LREQOUT=.TRUE.,
   YL_NL%LT1=.TRUE.,
   YL_NL%NREQIN=0,
   YR_NL%LADV=.TRUE.,
   YR_NL%LGP=.TRUE.,
   YR_NL%LGPINGP=.TRUE.,
   YR_NL%LPHY=.FALSE.,
   YR_NL%LQM=.TRUE.,
   YR_NL%LREQOUT=.TRUE.,
   YR_NL%LT1=.TRUE.,
   YR_NL%NREQIN=0,
   YS_NL%LADV=.TRUE.,
   YS_NL%LGP=.TRUE.,
   YS_NL%LGPINGP=.TRUE.,
   YS_NL%LPHY=.FALSE.,
   YS_NL%LQM=.TRUE.,
   YS_NL%LREQOUT=.TRUE.,
   YS_NL%LT1=.TRUE.,
   YS_NL%NREQIN=0,
   YTKE_NL%LADV=.TRUE.,
   YTKE_NL%LGP=.TRUE.,
   YTKE_NL%LGPINGP=.TRUE.,
   YTKE_NL%LQM=.TRUE.,
   YTKE_NL%LREQOUT=.TRUE.,
   YTKE_NL%LT1=.TRUE.,
   YTKE_NL%NCOUPLING=0,
   YTKE_NL%NREQIN=0,
   YSCONV_NL%NREQIN=0,
   YLCONV_NL%NREQIN=0,
   YRCONV_NL%NREQIN=0,
   YICONV_NL%NREQIN=0,
   YUAL_NL%NREQIN=0,
   YUOM_NL%NREQIN=0,
   LTRCMFBC=.FALSE.,
 /
 &NAMGRIB
   NCYCLE=48,
 /
 &NAMGWD
 /
 &NAMGWDIAG
 /
 &NAMGWWMS
 /
 &NAMIAU
 /
 &NAMICE
 /
 &NAMINI
 /
 &NAMINTFLEX
 /
 &NAMIOMI
 /
 &NAMIOS
 /
 &NAMIO_SERV
   NPROC_IO=0,
   NIO_SERV_METHOD=2,
   NMSG_LEVEL_SERVER=1,
   NMSG_LEVEL_CLIENT=1,
   NIO_SERV_BUF_MAXSIZE=20,
   NPROCESS_LEVEL=5,
 /
 &NAMJBCODES
 /
 &NAMJG
 /
 &NAMLCZ
 /
 &NAMLIMA
 /
 &NAMLSFORC
 /
 &NAMMARS
 /
 &NAMMCC
 /
 &NAMMCUF
   LMCUF=.TRUE.,
   NCUFNR=2,
   RMCUFI(1)=10800.,
   RMCUFI(2)=21600.,
 /
 &NAMMETHOX
 /
 &NAMMKODB
 /
 &NAMMODERR
 /
 &NAMMTS
   LISP_HYBRID=.TRUE.,
   LUBIQUITAIRE=.FALSE.,
 /
 &NAMMWAVE
 /
 &NAMNORGWD
 /
 &NAMNPROF
 /
 &NAMNUD
 /
 &NAMNUDGLH
 /
 &NAMOBS
 /
 &NAMONEDVAR
 /
 &NAMOOPS
 /
 &NAMOPH
   CFNHWF='ECHIS',
   LINC=.TRUE.,
   NTIMEFMT=1,
 /
 &NAMOPTCMEM
 /
 &NAMPAR0
   MBX_SIZE=2048000000,
   MP_TYPE=2,
   NOUTPUT=1,
   NPROC=12,
   NSPECRESMIN=1199,
   NPRGPNS=4,
   NPRGPEW=3,
   NPRTRW=4,
   NPRTRV=3,
   NPRINTLEV=1,
 /
 &NAMPAR1
   LEQ_REGIONS=.TRUE.,
   LSLONDEM=.TRUE.,
   LSPLIT=.TRUE.,
   NCOMBFLEN=1638400,
   NSTRIN=12,
   NSTROUT=12,
 /
 &NAMPARAR
 /
 &NAMPERTPAR
 /
 &NAMPHMSE
   LPGDFWR=.FALSE.,
 /
 &NAMPHY
   CGMIXLEN='AY',
   LAERODES=.TRUE.,
   LAEROLAN=.TRUE.,
   LAEROSEA=.TRUE.,
   LAEROSOO=.TRUE.,
   LCONDWT=.TRUE.,
   LDIFCONS=.TRUE.,
   LFPCOR=.TRUE.,
   LNEWD=.TRUE.,
   LNOIAS=.TRUE.,
   LO3ABC=.TRUE.,
   LPROCLD=.TRUE.,
   LRAY=.FALSE.,
   LRAYFM=.TRUE.,
   LRAYLU=.TRUE.,
   LRNUMX=.TRUE.,
   LSSD=.TRUE.,
   LSTRA=.FALSE.,
   LVGSN=.FALSE.,
   LCVPPKF=.TRUE.,
   LECDEEP=.TRUE.,
   LECSHAL=.TRUE.,
   LECT=.TRUE.,
   LFLUSO=.TRUE.,
   LNEBECT=.FALSE.,
   LSMITH_CDEV=.TRUE.,
   LO3FL=.TRUE.,
   LECTFL=.TRUE.,
   LZ0HSREL=.TRUE.,
   LADJCLD=.TRUE.,
   NCALLRAD=2,
   LECTFL0=.TRUE.,
   LGLACIERS=.TRUE.,
   LDAYD=.TRUE.,
   LEDR=.TRUE.,
   LCVRA=.FALSE.,
   LEDMFI=.FALSE.,
   LGPCMT=.FALSE.,
   LNCVPGY=.FALSE.,
   LPTOPC=.TRUE.,
   LDPRECIPS=.TRUE.,
   LDPRECIPS2=.TRUE.,
   NDPRECPERIOD2=3600,
   LCVTDK=.TRUE.,
   LAPL_ARPEGE=.TRUE.,
   LSOLV=.TRUE.,
   LFGEL=.TRUE.,
   LGCHECKMV=.FALSE.,
 /
 &NAMPHY0
   EDD=1.,
   EDK=1.,
   GWDCD=5.4,
   GWDSE=0.005,
   GWDVALI=0.5,
   REVASX=2.0D-7,
   RICRLM=0.5,
   TDDGP=0.6,
   TUDGP=0.6,
   USURIC=0.175,
   USURICL=1.,
   USURID=0.1,
   VZ0CM=0.0001,
   XBLM=8.5,
   XMAXLM=5000.,
   XMINLM=10.,
   ALMAVX=1000.,
   RFACNSM=1.2,
   RFLCHCE=0.25,
   RKFBTAU=7200.,
   RPRTH=1.,
   RQICRT2=0.,
   RQICVMIN=0.00001,
   SXNBCO=1.,
   ALMAVE=0.,
   RQCRNS=0.,
   RQICRSN=1.,
   TFVI=0.08,
   TFVL=0.02,
   TFVS=1.5,
   ECTMAX=35.,
   AECLS4=3.,
   GCVNU=0.00005,
   GCVPSI=1.,
   GCVPSIE=1.,
   QSNEBC=-1.,
   QSSUSC=5.,
   RCVEVAP=0.25,
   GCVHMIN=30000.,
   GCVOMGE=1.,
   GDDEVA=0.2,
   GCVOMGQ=0.,
   REFLKUO=5000.,
   GCVOMDPS=2000.,
   GCVOMGSX=0.5,
   GCVOMCA=-1.918,
   GCVOMCC=1.35,
   GCVRHMIN=0.5,
   GCVRHMAX=1.,
   GCVOMGS=1.,
 /
 &NAMPHY1
   ALBMIN=0.65,
   ALCRIN=0.81,
   EMMGLA=0.98,
   EMMMER=0.99,
   ALRCN1=0.01,
 /
 &NAMPHY2
   FACRAF=4.,
   XMULAF=0.,
   LRAFTKE=.TRUE.,
   HTKERAF=20.,
   FACRAFCV=0.5,
 /
 &NAMPHY3
 /
 &NAMPHYDS
 /
 &NAMPPC
 /
 &NAMPPVI
 /
 &NAMPRE
 /
 &NAMRAD15
 /
 &NAMRADCMEM
 /
 &NAMRCF
 /
 &NAMRCOEF
 /
 &NAMRES
 /
 &NAMRGRI
 /
 &NAMRINC
 /
 &NAMRIP
   CSTOP='h6',
   TSTEP=600,
 /
 &NAMRIP0
 /
 &NAMRLX
 /
 &NAMSATS
   LPARTIAL_COEF_FILES=.TRUE.,
 /
 &NAMSATSIM
 /
 &NAMSCC
 /
 &NAMSCEN
 /
 &NAMSCM
 /
 &NAMSEKF
 /
 &NAMSENS
 /
 &NAMSFXCMP
   CFLDNAME(1)='????????????????',
   NBBITS(1)=24,
   NVGRIBSFX=123,
 /
 &NAMSIMPHL
 /
 &NAMSPNG
 /
 &NAMSPP
 /
 &NAMSPSDT
 /
 &NAMSTA
 /
 &NAMSTOPH
 /
 &NAMSWE
 /
 &NAMTESTVAR
 /
 &NAMTHLIM
 /
 &NAMTOPH
   ETCVIM=1000.,
   ETNEBU=1000.,
   ETPLUI=1000.,
   XDRMTK=2.0D-8,
   XDRMTP=800.,
   XDRMTX=4.0D-7,
   XDRMUK=1.0D-7,
   XDRMUP=800.,
   XDRMUX=0.000002,
 /
 &NAMTRAJ
 /
 &NAMTRAJP
 /
 &NAMTRANS
   LFFTW=.TRUE.,
 /
 &NAMTRANS0
 /
 &NAMTS
 /
 &NAMVAR
 /
 &NAMVARBC
 /
 &NAMVARBC_AIREP
 /
 &NAMVARBC_ALLSKY
 /
 &NAMVARBC_GBRAD
 /
 &NAMVARBC_MODES
 /
 &NAMVARBC_RAD
 /
 &NAMVARBC_RSONDE
 /
 &NAMVARBC_SFCOBS
 /
 &NAMVARBC_TCWV
 /
 &NAMVARBC_TO3
 /
 &NAMVAREPS
 /
 &NAMVDF
 /
 &NAMVDOZ
 /
 &NAMVOLCANO
 /
 &NAMVRTL
 /
 &NAMVV0
 /
 &NAMVV1
 /
 &NAMVWRK
 /
 &NAMWAVELETJB
 /
 &NAMXFU
   LXCLP=.TRUE.,
   LXCLS=.TRUE.,
   LXFU=.TRUE.,
   LXHHCLS=.TRUE.,
   LXICV=.TRUE.,
   LXNEBPA=.TRUE.,
   LXNEBTT=.TRUE.,
   LXQCLS=.TRUE.,
   LXSOIL=.TRUE.,
   LXTGST=.TRUE.,
   LXTTCLS=.TRUE.,
   LXXGST=.TRUE.,
   LXXGST2=.TRUE.,
   LXNUVCLS=.TRUE.,
   NXGSTPERIOD2=10800,
   LXCTOP=.TRUE.,
   LXVISI=.TRUE.,
   LXVISI2=.TRUE.,
   NVISIPERIOD2=10800,
   NRAZTS(1)=0,
   NRAZTS(2)=-3,
   NRAZTS(3)=-6,
   NRAZTS(4)=-9,
   NRAZTS(5)=-12,
   NRAZTS(6)=-15,
   NRAZTS(7)=-18,
   NRAZTS(8)=-21,
   NRAZTS(9)=-24,
   NRAZTS(10)=-27,
   NRAZTS(11)=-30,
   NRAZTS(12)=-33,
   NRAZTS(13)=-36,
   NRAZTS(14)=-39,
   NRAZTS(15)=-42,
   NRAZTS(16)=-45,
   NRAZTS(17)=-48,
   NRAZTS(18)=-51,
   NRAZTS(19)=-54,
   NRAZTS(20)=-57,
   NRAZTS(21)=-60,
   NRAZTS(22)=-63,
   NRAZTS(23)=-66,
   NRAZTS(24)=-69,
   NRAZTS(25)=-72,
   NRAZTS(26)=-75,
   NRAZTS(27)=-78,
   NRAZTS(28)=-81,
   NRAZTS(29)=-84,
   NRAZTS(30)=-87,
   NRAZTS(31)=-90,
   NRAZTS(32)=-93,
   NRAZTS(33)=-96,
   NRAZTS(34)=-99,
   NRAZTS(35)=-102,
 /
 &NAM_CANAPE
 /
 &NAM_DISTRIBUTED_VECTORS
 /
 &NAM_NEBN
 /
 &NAM_PARAM_ICEN
 /
 &NAM_TURBN
 /
 &NAPHLC
 /
 &NEMCT0
 /
 &NEMDIM
 /
 &NEMDYN
 /
 &NEMELBC0A
 /
 &NEMELBC0B
 /
 &NEMFPEZO
 /
 &NEMGEO
 /
 &NEMJK
 /
 &NEMVAR
 /
 &NEMWAVELET
 /
 &RADIATION
   CLOUD_FRACTION_THRESHOLD=0.000001,
   CLOUD_INHOM_DECORR_SCALING=0.5,
   CLOUD_MIXING_RATIO_THRESHOLD=1.00D-9,
   DIRECTORY_NAME='.',
   DO_CLEAR=.TRUE.,
   DO_FU_LW_ICE_OPTICS_BUG=.FALSE.,
   DO_LW_AEROSOL_SCATTERING=.FALSE.,
   DO_LW_CLOUD_SCATTERING=.FALSE.,
   DO_LW_DERIVATIVES=.TRUE.,
   DO_SAVE_GPOINT_FLUX=.FALSE.,
   DO_SAVE_RADIATIVE_PROPERTIES=.FALSE.,
   DO_SAVE_SPECTRAL_FLUX=.FALSE.,
   DO_SURFACE_SW_SPECTRAL_FLUX=.TRUE.,
   DO_SW_DELTA_SCALING_WITH_GASES=.TRUE.,
   GAS_MODEL_NAME='RRTMG-IFS',
   ICE_MODEL_NAME='Fu-IFS',
   IVERBOSE=1,
   IVERBOSESETUP=2,
   LIQUID_MODEL_NAME='SOCRATES',
   LW_SOLVER_NAME='McICA ACC',
   OVERLAP_SCHEME_NAME='Exp-Ran',
   SW_SOLVER_NAME='McICA ACC',
   USE_AEROSOLS=.TRUE.,
   USE_BETA_OVERLAP=.FALSE.,
   DO_SW=.TRUE.,
   DO_LW=.TRUE.,
   DO_SW_DIRECT=.TRUE.,
   USE_GENERAL_CLOUD_OPTICS=.FALSE.,
   USE_GENERAL_AEROSOL_OPTICS=.FALSE.,
   USE_VECTORIZABLE_GENERATOR=.FALSE.,
   DO_3D_EFFECTS=.FALSE.,
   SW_ENTRAPMENT_NAME='Explicit',
   DO_CANOPY_FLUXES_LW=.TRUE.,
   DO_CANOPY_FLUXES_SW=.TRUE.,
   DO_NEAREST_SPECTRAL_SW_ALBEDO=.FALSE.,
   SW_ALBEDO_WAVELENGTH_BOUND(1:5)=2.5D-7,4.4D-7,6.9D-7,0.00000119,0.00000238,
   I_SW_ALBEDO_INDEX(1:6)=1,2,3,4,5,6,
   DO_NEAREST_SPECTRAL_LW_EMISS=.TRUE.,
   LW_EMISS_WAVELENGTH_BOUND(1:2)=0.000008,0.000013,
   I_LW_EMISS_INDEX(1:3)=1,2,1,
   DO_WEIGHTED_SURFACE_MAPPING=.FALSE.,
   N_AEROSOL_TYPES=6,
 /
+ BIN=/home/gmap/mrpm/marguina/gpupack/pack/49t2_openacc-bench-notransfer.01.INTEL2302.2d/bin/MASTERODB
+ grib_api_setup /home/gmap/mrpm/marguina/gpupack/pack/49t2_openacc-bench-notransfer.01.INTEL2302.2d/bin/MASTERODB
+ bin=/home/gmap/mrpm/marguina/gpupack/pack/49t2_openacc-bench-notransfer.01.INTEL2302.2d/bin/MASTERODB
++ ldd /home/gmap/mrpm/marguina/gpupack/pack/49t2_openacc-bench-notransfer.01.INTEL2302.2d/bin/MASTERODB
++ perl -ne ' 
   next unless (m/libeccodes_f90/o); 
   my ($path) = (m/=>\s+(\S+)/o); 
   use File::Basename; 
   print &dirname (&dirname ($path)), "\n" '
+ grib_api_prefix=/home/gmap/mrpm/marguina/gpupack/install/INTEL2302
+ export GRIB_DEFINITION_PATH=/scratch/work/marguina/tmp/arp.65632733/openaccsinglecolumn/extra_grib_defs:/home/gmap/mrpm/marguina/gpupack/install/INTEL2302/share/definitions:/home/gmap/mrpm/marguina/gpupack/install/INTEL2302/share/eccodes/definitions
+ GRIB_DEFINITION_PATH=/scratch/work/marguina/tmp/arp.65632733/openaccsinglecolumn/extra_grib_defs:/home/gmap/mrpm/marguina/gpupack/install/INTEL2302/share/definitions:/home/gmap/mrpm/marguina/gpupack/install/INTEL2302/share/eccodes/definitions
+ export GRIB_SAMPLES_PATH=/home/gmap/mrpm/marguina/gpupack/install/INTEL2302/ifs_samples/grib1:/home/gmap/mrpm/marguina/gpupack/install/INTEL2302/share/eccodes/ifs_samples/grib1
+ GRIB_SAMPLES_PATH=/home/gmap/mrpm/marguina/gpupack/install/INTEL2302/ifs_samples/grib1:/home/gmap/mrpm/marguina/gpupack/install/INTEL2302/share/eccodes/ifs_samples/grib1
+ openacc-bind --nn 3 --nnp 4 --np 12
+ cat openacc_bind.txt
0
0
0
0
0
0
0
0
0
0
0
0
+ set +e
+ meteo_mpirun --verbose --wrap --wrap-stdeo --nnp 4 --nn 3 --openmp 32 -- /home/gmap/mrpm/marguina/gpupack/pack/49t2_openacc-bench-notransfer.01.INTEL2302.2d/bin/MASTERODB -- --nnp 8 --nn 0 --openmp 4 -- /home/gmap/mrpm/marguina/gpupack/pack/49t2_openacc-bench-notransfer.01.INTEL2302.2d/bin/MASTERODB
+ export MPIAUTOCONFIG=/home/gmap/mrpm/marguina/.mpiautorc/mpiauto.PGI.conf
+ MPIAUTOCONFIG=/home/gmap/mrpm/marguina/.mpiautorc/mpiauto.PGI.conf
+ /home/gmap/mrpm/marguina/SAVE/mpiauto/mpiauto --nouse-slurm-mpi --verbose --wrap --wrap-stdeo --nnp 4 --nn 3 --openmp 32 -- /home/gmap/mrpm/marguina/gpupack/pack/49t2_openacc-bench-notransfer.01.INTEL2302.2d/bin/MASTERODB -- --nnp 8 --nn 0 --openmp 4 -- /home/gmap/mrpm/marguina/gpupack/pack/49t2_openacc-bench-notransfer.01.INTEL2302.2d/bin/MASTERODB
Version         : d5a7ed8ff763eca2aff8abaf4ec5f53a1efa29bc
Arch            : ARCH::Linux
Scheduler       : Scheduler::SLURM
MPI             : MPI::IntelMPI
Binary          : /home/gmap/mrpm/marguina/gpupack/pack/49t2_openacc-bench-notransfer.01.INTEL2302.2d/bin/MASTERODB
Args            : 
Config          : 
      - /home/gmap/mrpm/marguina/SAVE/mpiauto/mpiauto.conf
      - /home/gmap/mrpm/marguina/SAVE/mpiauto/mpiauto.mf-bull4.conf
      - /home/gmap/mrpm/marguina/SAVE/mpiauto/mpiauto.mf-bull4.IntelMPI.conf
      - /home/gmap/mrpm/marguina/SAVE/mpiauto/mpiauto.mf-bull4.IntelMPI.2021.conf
      - /home/gmap/mrpm/marguina/.mpiautorc/mpiauto.PGI.conf
Options         : 
      --nn                           : 3
      --np                           : 12
      --nnp                          : 4
      --openmp                       : 32
      --distribution                 : block
      --proc                         : Rome-2x64
      --mpi-allow-odd-dist           : false
      --serial                       : false
      --serial-mpi                   : false
      --dryrun                       : false
      --help                         : false
      --verbose                      : true
      --prefix-command               : []
      --prefix-mpirun                : ['./fixpgienv.sh']
      --mpirun-name                  : {'IntelMPI' => 'mpirun'}
      --mpi-special-opts             : {'OpenMPI' => '--mca btl ^smcuda'}
      --mpi-special-env              : {'IntelMPI' => 'I_MPI_DEBUG=1,I_MPI_DYNAMIC_CONNECTION=1,I_MPI_EXTRA_FILESYSTEM=on,I_MPI_FABRICS=shm:ofi,I_MPI_HYDRA_BOOTSTRAP=slurm,I_MPI_HYDRA_IFACE=ib0,I_MPI_HYDRA_PMI_CONNECT=alltoall,I_MPI_LARGE_SCALE_THRESHOLD=8192,I_MPI_LIBRARY_KIND=release_mt,I_MPI_PLATFORM=uniform,I_MPI_SHM_SPIN_COUNT=300,I_MPI_OFFLOAD_DEVICES=disable,I_MPI_SHM_EAGER_THRESHOLD=65536,I_MPI_EXTRA_FILESYSTEM=lustre,I_MPI_SHM_SEND_SPIN_COUNT=300,I_MPI_SHM_RECV_SPIN_COUNT=300,I_MPI_EXTRA_FILESYSTEM_FORCE=lustre,I_MPI_EXTRA_FILESYSTEM=on,UCX_IB_PCI_RELAXED_ORDERING=off,PMI_TIME=10'}
      --use-mpi-machinefile          : true
      --mpi-stdin-null               : true
      --use-session                  : false
      --init-timeout                 : 90
      --init-timeout-restart         : 0
      --init-timeout-control         : false
      --mpi-alloc                    : 
      --debug                        : false
      --debugger-x11-proxy           : true
      --debug-try-gmkpack            : true
      --debugger-path                : /opt/softs/arm/20.0.2/forge/bin/ddt
      --debugger-break               : 0
      --debugger-options             : 
      --x11-display                  : 
      --x11-direct                   : false
      --x11-proxy                    : false
      --x11-f-proxy                  : []
      --x11-b-proxy                  : []
      --config                       : 
      --site                         : mf-bull4
      --wrap                         : true
      --wrap-stdeo                   : true
      --wrap-stdeo-pack              : false
      --wrap-stdeo-silent            : false
      --wrap-verbose                 : false
      --wrap-output-format           : $STDEO.$MPIRANK
      --wrap-directory               : .
      --wrap-env                     : {}
      --use-slurm-mpi                : false
      --fix-slurm-env                : true
      --fix-slurm-env-nodes          : true
      --setup-grib_api-env           : true
      --use-slurm-bind               : false
      --use-arch-bind                : true
      --arch-bind-verbose            : false
      --use-openmpi-bind             : false
      --use-intelmpi-bind            : false
      --umpi-mpi-label               : 
      --umpi-verbose                 : false
Remark          : MPI environment was modified
      I_MPI_DEBUG                    : '1'
      I_MPI_DYNAMIC_CONNECTION       : '1'
      I_MPI_EXTRA_FILESYSTEM         : 'on'
      I_MPI_EXTRA_FILESYSTEM_FORCE   : 'lustre'
      I_MPI_FABRICS                  : 'shm:ofi'
      I_MPI_HYDRA_BOOTSTRAP          : 'slurm'
      I_MPI_HYDRA_IFACE              : 'ib0'
      I_MPI_HYDRA_PMI_CONNECT        : 'alltoall'
      I_MPI_LARGE_SCALE_THRESHOLD    : '8192'
      I_MPI_LIBRARY_KIND             : 'release_mt'
      I_MPI_OFFLOAD_DEVICES          : 'disable'
      I_MPI_PLATFORM                 : 'uniform'
      I_MPI_SHM_EAGER_THRESHOLD      : '65536'
      I_MPI_SHM_RECV_SPIN_COUNT      : '300'
      I_MPI_SHM_SEND_SPIN_COUNT      : '300'
      I_MPI_SHM_SPIN_COUNT           : '300'
      PMI_TIME                       : '10'
      UCX_IB_PCI_RELAXED_ORDERING    : 'off'
MPI command     : ./fixpgienv.sh /opt/softs/intel/oneapi/2023.2/mpi/2021.10.0/lib/../bin/mpirun -machinefile ./.mpiauto.machinefileL9mL0 /home/gmap/mrpm/marguina/SAVE/mpiauto/mpiautowrap --stdeo -- /home/gmap/mrpm/marguina/gpupack/pack/49t2_openacc-bench-notransfer.01.INTEL2302.2d/bin/MASTERODB < /dev/null
Warning         : Slurm environment was modified
      SLURM_NTASKS          = undef                    -> 12                      

      SLURM_NPROCS          = undef                    -> 12                      

      SLURM_TASKS_PER_NODE  = 128(x3)                  -> 4(x3)                   

+ export SLURM_EXPORT_ENV=ALL
+ SLURM_EXPORT_ENV=ALL
+ exec /opt/softs/intel/oneapi/2023.2/mpi/2021.10.0/lib/../bin/mpirun -machinefile ./.mpiauto.machinefileL9mL0 /home/gmap/mrpm/marguina/SAVE/mpiauto/mpiautowrap --stdeo -- /home/gmap/mrpm/marguina/gpupack/pack/49t2_openacc-bench-notransfer.01.INTEL2302.2d/bin/MASTERODB
