Profiling information for program='/home/gmap/mrpm/marguina/gpupack/pack/49t2_openacc-bench.01.INTEL2302.2d/bin/MASTERODB', proc#1:
	No. of instrumented routines called : 1645
	Instrumentation started : 20240830 132430
	Instrumentation   ended : 20240830 135010
	Instrumentation overhead: 0.01%
	Memory usage : 75149 MB (heap), 19890 MB (rss), 938 MB (stack), 219302 MB (vmpeak), 0 (paging)
	Wall-time is 1539.62 sec on proc#1 (8 procs, 32 threads)
	Thread#1:     1539.14 sec (99.97%) -- Cycles: 3463234582433 (3464017643992)
	Thread#2:        2.53 sec (0.16%) -- Cycles: 5698423740 (3464017653420)
	Thread#3:        2.53 sec (0.16%) -- Cycles: 5686908252 (3464017644623)
	Thread#4:        2.51 sec (0.16%) -- Cycles: 5646832541 (3464017644420)
	Thread#5:        2.43 sec (0.16%) -- Cycles: 5466291565 (3464017653892)
	Thread#6:        2.41 sec (0.16%) -- Cycles: 5428585431 (3464017662353)
	Thread#7:        2.48 sec (0.16%) -- Cycles: 5578207165 (3464017661003)
	Thread#8:        2.46 sec (0.16%) -- Cycles: 5531234058 (3464017651282)
	Thread#9:        2.48 sec (0.16%) -- Cycles: 5586490588 (3464017646737)
	Thread#10:        2.43 sec (0.16%) -- Cycles: 5479083317 (3464017655603)
	Thread#11:        2.37 sec (0.15%) -- Cycles: 5331930066 (3464017651463)
	Thread#12:        2.32 sec (0.15%) -- Cycles: 5226233944 (3464017648538)
	Thread#13:        2.34 sec (0.15%) -- Cycles: 5272187048 (3464017639110)
	Thread#14:        2.37 sec (0.15%) -- Cycles: 5331397108 (3464017646197)
	Thread#15:        2.31 sec (0.15%) -- Cycles: 5206609800 (3464017641203)
	Thread#16:        2.30 sec (0.15%) -- Cycles: 5178413136 (3464017635825)
	Thread#17:        2.47 sec (0.16%) -- Cycles: 5552146737 (3464017648470)
	Thread#18:        2.42 sec (0.16%) -- Cycles: 5438459851 (3464017656210)
	Thread#19:        2.37 sec (0.15%) -- Cycles: 5342783815 (3464017649280)
	Thread#20:        2.37 sec (0.15%) -- Cycles: 5325080326 (3464017648290)
	Thread#21:        2.31 sec (0.15%) -- Cycles: 5200769912 (3464017658910)
	Thread#22:        2.32 sec (0.15%) -- Cycles: 5232835655 (3464017666155)
	Thread#23:        2.39 sec (0.16%) -- Cycles: 5376935544 (3464017659203)
	Thread#24:        2.45 sec (0.16%) -- Cycles: 5506130266 (3464017660395)
	Thread#25:        2.49 sec (0.16%) -- Cycles: 5609119857 (3464017645343)
	Thread#26:        2.44 sec (0.16%) -- Cycles: 5498550662 (3464017653083)
	Thread#27:        2.42 sec (0.16%) -- Cycles: 5454438028 (3464017646962)
	Thread#28:        2.46 sec (0.16%) -- Cycles: 5532322629 (3464017641698)
	Thread#29:        2.40 sec (0.16%) -- Cycles: 5409559363 (3464017657425)
	Thread#30:        2.39 sec (0.15%) -- Cycles: 5369140910 (3464017664805)
	Thread#31:        2.33 sec (0.15%) -- Cycles: 5251152209 (3464017662150)
	Thread#32:        2.34 sec (0.15%) -- Cycles: 5260301569 (3464017657920)

    #  % Time         Cumul         Self        Total     # of calls        Self       Total    Routine@<thread-id>
                                                                             (Size; Size/sec; Size/call; MinSize; MaxSize)
        (self)        (sec)        (sec)        (sec)                    ms/call     ms/call

    1    25.68      395.416      395.416      467.039            343     1152.82     1361.63    radiation_ifs_rrtm:gas_optics_rrtm_GPU@1
    2     4.74      468.378       72.962       72.964            343      212.72      212.72    radiation_mcica_acc_sw:solver_mcica_acc_sw_GPU@1
    3     4.15      532.280       63.902       63.903             74      863.54      863.55    SLCOMM3:SLCOMM3_INT@1
    4     3.57      587.211       54.930       54.931             37     1484.60     1484.61    APL_ARPEGE_SHALLOW_CONVECTION_AND_TURBULENCE_PARALLEL:ACTKE:COMPUTE@1
    5     3.52      641.474       54.264       54.264             37     1466.58     1466.59    APL_ARPEGE_DEEP_CONVECTION_PARALLEL:CUCALLN_MF:COMPUTE@1
    6     3.36      693.228       51.753       51.755            343      150.88      150.89    radiation_mcica_acc_lw:solver_mcica_acc_lw_GPU@1
    7     3.34      744.647       51.420       51.420             37     1389.73     1389.73    LARMES_PARALLEL:LARMES:COMPUTE@1
    8     3.34      796.022       51.374       51.374             37     1388.49     1388.50    APL_ARPEGE_DPRECIPS_PARALLEL:0:COMPUTE@1
    9     2.99      842.104       46.082       46.082             37     1245.46     1245.47    APL_ARPEGE_PRECIPITATION_PARALLEL:ACUPTQ:COMPUTE@1
   10     2.08      874.052       31.948       31.949             37      863.47      863.48    CPG_GP_HYD_PARALLEL:2:COMPUTE@1
   11     1.98      904.569       30.517       30.517             37      824.78      824.78    ACVPPKF_PARALLEL:PART1:COMPUTE@1
   12     1.94      934.363       29.794       29.794             37      805.25      805.25    APL_ARPEGE_ATMOSPHERE_UPDATE_PARALLEL:CPTEND_NEW:COMPUTE@1
   13     1.92      963.968       29.605       29.605             37      800.13      800.13    ACVPPKF_PARALLEL:PART2:COMPUTE@1
   14     1.67      989.679       25.711       25.712            222      115.81      115.82    LARCINB_PARALLEL:LAITRE_GFL:COMPUTE@1
   15     1.58     1014.060       24.382       24.382             37      658.97      658.97    MF_PHYS_INIT_PARALLEL:ZERO:COMPUTE@1
   16     1.46     1036.603       22.542       22.543             37      609.25      609.26    LARCINB_PARALLEL:LRHS_CURV_F:COMPUTE@1
   17     1.34     1057.212       20.609       20.609             37      557.00      557.00    LAPINEA_PARALLEL:LARCINA:COMPUTE@1
   18     1.33     1077.638       20.426       20.426             37      552.06      552.07    ACVPPKF_PARALLEL:PART3:COMPUTE@1
   19     1.21     1096.293       18.655       18.656             37      504.20      504.21    APL_ARPEGE_INIT_PARALLEL:3:COMPUTE@1
   20     1.16     1114.226       17.932       17.934            343       52.28       52.29    radiation_ifs_rrtm:planck_function_atmos_GPU@1
   21     1.14     1131.704       17.478       17.478             37      472.38      472.38    ACVPPKF_PARALLEL:PART0:COMPUTE@1
   22     1.06     1147.963       16.259       16.259             37      439.44      439.45    APL_ARPEGE_CLOUDINESS_PARALLEL:ACNEBCOND:COMPUTE@1
   23     1.03     1163.770       15.807       15.807             37      427.21      427.22    APL_ARPEGE_SURFACE_PARALLEL:ACDIFV1:COMPUTE@1
   24     0.91     1177.849       14.079       14.080            343       41.05       41.05    radiation_aerosol_optics:add_aerosol_optics_GPU@1
   25     0.87     1191.202       13.353       13.353             37      360.90      360.90    LATTEX_PARALLEL:MAIN:COMPUTE@1
   26     0.80     1203.551       12.349       12.349             37      333.74      333.75    APL_ARPEGE_PARALLEL:ACTQSAT:COMPUTE@1
   27     0.73     1214.822       11.271       11.271             37      304.62      304.62    LASSIE_PARALLEL:SITNU:COMPUTE@1
   28     0.70     1225.577       10.755       10.755             37      290.68      290.68    APL_ARPEGE_PARALLEL:QNGCOR:COMPUTE@1
   29     0.64     1235.388        9.812        9.812             37      265.18      265.19    APL_ARPEGE_PARALLEL:ACCLPH:COMPUTE@1
   30     0.63     1245.156        9.767        9.767             37      263.98      263.98    LAPINEB_PARALLEL:LARCHE:COMPUTE@1
   31     0.54     1253.462        8.306        8.307             38      218.59      218.60    SCAN2M_LEGACY_F2L@1
   32     0.53     1261.668        8.206        8.206              7     1172.31     1172.31    RECMWF_PARALLEL:FINISH:COMPUTE@1
   33     0.53     1269.867        8.199        8.199             37      221.59      221.59    APL_ARPEGE_SURFACE_PARALLEL:LMSE_F:COMPUTE@1
   34     0.53     1278.054        8.187       72.089             74      110.63      974.18    SLCOMM3@1
   35     0.49     1285.582        7.529        7.529             37      203.47      203.48    CPG_GP_HYD_PARALLEL:1:COMPUTE@1
   36     0.47     1292.844        7.262        7.262             36      201.72      201.72    SPCHOR_TOT@1
   37     0.47     1300.090        7.246        7.246             37      195.83      195.84    TRLTOM@1
   38     0.44     1306.830        6.741        6.742            343       19.65       19.66    RRTM_SETCOEF_140GP_GPU@1
   39     0.44     1313.562        6.732        6.732             37      181.94      181.95    APL_ARPEGE_PARALLEL:ACDRAG:COMPUTE@1
   40     0.41     1319.934        6.373        6.373             37      172.23      172.24    APL_ARPEGE_INIT_PARALLEL:4:COMPUTE@1
   41     0.39     1325.987        6.053       24.904            343       17.65       72.61    RRTM_GAS_OPTICAL_DEPTH_GPU@1
   42     0.35     1331.397        5.410        5.410             57       94.92       94.92    TRGTOL@1
   43     0.33     1336.523        5.126        5.126             37      138.54      138.54    CPG_SL1B_TYPE_SHUFFLE_DEVICE_PARALLEL@1
   44     0.32     1341.523        5.000        5.000              7      714.29      714.30    RECMWF_PARALLEL:ECRAD_GPU:GET_DATA@1
   45     0.31     1346.332        4.808        4.808             37      129.95      129.96    LAVENT_PARALLEL:0:COMPUTE@1
   46     0.30     1350.995        4.664       18.976            343       13.60       55.32    SRTM_GAS_OPTICAL_DEPTH_GPU@1
   47     0.28     1355.290        4.294        4.294             37      116.06      116.07    APL_ARPEGE_PARALLEL:ZBAY_QRCONV:COMPUTE@1
   48     0.27     1359.446        4.156        4.156             36      115.45      115.45    SCAN2M_LEGACY_L2F@1
   49     0.26     1363.391        3.945        3.945             37      106.62      106.62    LARCINB_PARALLEL:LAITRE_GMV:COMPUTE@1
   50     0.25     1367.230        3.839        3.839             37      103.76      103.77    APL_ARPEGE_PARALLEL:ACDRME:COMPUTE@1
   51     0.24     1370.983        3.753        3.755            555        6.76        6.77    GPRCP_EXPL_PARALLEL:1:COMPUTE@1
   52     0.24     1374.699        3.716        3.716              7      530.85      530.85    RECMWF_PARALLEL:PREPARE:COMPUTE@1
   53     0.23     1378.282        3.583        3.583             37       96.83       96.83    CPG_GP_HYD_PARALLEL:0:COMPUTE@1
   54     0.22     1381.742        3.460        3.461             37       93.52       93.53    APL_ARPEGE_DEEP_CONVECTION_PARALLEL:COPY:COMPUTE@1
   55     0.21     1384.963        3.221        3.221             37       87.06       87.07    APL_ARPEGE_DEEP_CONVECTION_PARALLEL:ZERO:COMPUTE@1
   56     0.21     1388.168        3.205        3.205             37       86.62       86.62    APL_ARPEGE_SURFACE_PARALLEL:ACDIFV2:COMPUTE@1
   57     0.21     1391.352        3.184        3.184             37       86.06       86.06    MF_PHYS_PREP_PARALLEL:PREP:COMPUTE@1
   58     0.20     1394.366        3.014        3.014             37       81.46       81.47    LATTES_PARALLEL:0:COMPUTE@1
   59     0.19     1397.335        2.969        2.969             37       80.24       80.25    CPG_DIA_FLU_PARALLEL:0:COMPUTE@1
   60     0.19     1400.264        2.929        2.929             37       79.16       79.16    APL_ARPEGE_DEEP_CONVECTION_PARALLEL:INIT:COMPUTE@1
   61     0.19     1403.178        2.914        2.915            222       13.13       13.13    LAPINEB_PARALLEL:CVGQ:COMPUTE@1
   62     0.19     1406.032        2.854        2.854             41       69.60       69.61    TRLTOG@1
   63     0.17     1408.635        2.602        2.603             37       70.34       70.34    CPUTQY_APLPAR_EXPL_PARALLEL:ZDEC:COMPUTE@1
   64     0.17     1411.209        2.574        2.575            343        7.50        7.51    SRTM_TAUMOL17_GPU@1
   65     0.16     1413.742        2.533        2.534             37       68.47       68.48    APL_ARPEGE_INIT_PARALLEL:5:COMPUTE@1
   66     0.16     1416.264        2.522        2.522             37       68.15       68.16    CPG_SL1B_TYPE_SET_DEVICE_PARALLEL@1
   67     0.16     1418.760        2.497        2.497            343        7.28        7.28    SRTM_TAUMOL29_GPU@1
   68     0.16     1421.255        2.495        2.496            343        7.27        7.28    RRTM_TAUMOL3_GPU@1
   69     0.15     1423.603        2.347        2.348            343        6.84        6.85    RRTM_TAUMOL5_GPU@1
   70     0.15     1425.880        2.278        2.278             37       61.56       61.56    LARCINB_PARALLEL:LCOMAD_SP:COMPUTE@1
   71     0.15     1428.126        2.246        2.246             74       30.35       30.35    GPMPFC_EXPL_PARALLEL:1:COMPUTE@1
   72     0.14     1430.271        2.144        2.145             37       57.96       57.96    APL_ARPEGE_PARALLEL:DIFTQ:COMPUTE@1
   73     0.14     1432.381        2.111        2.111             37       57.05       57.06    APL_ARPEGE_PARALLEL:APLPAR_INIT:COMPUTE@1
   74     0.13     1434.321        1.939        1.940            222        8.74        8.74    LAPINEB_PARALLEL:ZERO_GMV9:COMPUTE@1
   75     0.13     1436.254        1.933        1.933             37       52.25       52.25    APL_ARPEGE_RADIATION_PARALLEL:ACDAYD:COMPUTE@1
   76     0.12     1438.147        1.893        1.894            333        5.68        5.69    CPUTQY0_PARALLEL:PVAR:COMPUTE@1
   77     0.12     1440.037        1.890        1.891            343        5.51        5.51    RRTM_TAUMOL4_GPU@1
   78     0.12     1441.858        1.821        1.821            343        5.31        5.31    SRTM_SETCOEF_GPU@1
   79     0.12     1443.659        1.801        1.801             37       48.68       48.69    LAPINEB_PARALLEL:LACONE:COMPUTE@1
   80     0.12     1445.436        1.777        1.778            324        5.48        5.49    SCAN2M_TS_PARALLEL:0:COMPUTE@1
   81     0.11     1447.184        1.748        1.748             37       47.23       47.24    APL_ARPEGE_PARALLEL:CPPHINP:COMPUTE@1
   82     0.11     1448.909        1.726        1.726             74       23.32       23.32    LAPINEB_PARALLEL:ROTUVGEO:COMPUTE@1
   83     0.11     1450.627        1.717        1.718            343        5.01        5.01    SRTM_TAUMOL21_GPU@1
   84     0.11     1452.305        1.679        1.680            343        4.89        4.90    radiation_cloud_optics:cloud_optics_GPU@1
   85     0.11     1453.970        1.665        1.665             37       45.00       45.00    CPG_GP_PARALLEL:GPINISLB_PART1_EXPL:COMPUTE@1
   86     0.11     1455.624        1.654        1.654             37       44.70       44.71    APL_ARPEGE_OCEANIC_FLUXES_PARALLEL:ACFLUSO:COMPUTE@1
   87     0.11     1457.241        1.617        1.617             37       43.70       43.71    APL_ARPEGE_DEEP_CONVECTION_PARALLEL:ACUPTQ:COMPUTE@1
   88     0.10     1458.845        1.603        1.604            343        4.67        4.68    RRTM_TAUMOL9_GPU@1
   89     0.10     1460.369        1.524        1.525            343        4.44        4.45    RRTM_TAUMOL7_GPU@1
   90     0.10     1461.872        1.504        1.504             37       40.64       40.64    APL_ARPEGE_RADIATION_PARALLEL:RADHEAT:COMPUTE@1
   91     0.10     1463.348        1.475        1.476             37       39.88       39.88    APL_ARPEGE_PARALLEL:ZDE2MR:COMPUTE@1
   92     0.09     1464.793        1.445        1.445             37       39.06       39.07    APL_ARPEGE_PARALLEL:ACHMT:COMPUTE@1
   93     0.09     1466.220        1.427        1.427             37       38.57       38.57    APL_ARPEGE_INIT_PARALLEL:1:COMPUTE@1
   94     0.09     1467.624        1.404        1.404             37       37.95       37.96    APL_ARPEGE_SURFACE_UPDATE_PARALLEL:LMSE_F:COMPUTE@1
   95     0.09     1468.997        1.373        1.373             37       37.11       37.11    LARCINB_PARALLEL:NVLAG_3:COMPUTE@1
   96     0.09     1470.338        1.341        1.341             36       37.24       37.24    SPCSIDG_PART1ACC6@1
   97     0.09     1471.665        1.327        1.328             37       35.88       35.88    CPG_DIA_FLU_PARALLEL:2:COMPUTE@1
   98     0.09     1472.992        1.327        1.327             37       35.87       35.87    LARCINB_PARALLEL:NTLAG_3:COMPUTE@1
   99     0.08     1474.272        1.280        2.105             72       17.78       29.24    EXCHANGE_MS:EXCHANGE@1
  100     0.08     1475.527        1.255        1.255             37       33.92       33.92    CPGLAG_PARALLEL:0:COMPUTE@1
  101     0.08     1476.781        1.254        1.254            343        3.66        3.66    RRTM_TAUMOL10_GPU@1
  102     0.08     1478.027        1.247        1.247             37       33.69       33.69    LAPINEB_PARALLEL:NVLAG3:COMPUTE@1
  103     0.08     1479.246        1.219        1.219             37       32.94       32.95    APL_ARPEGE_INIT_PARALLEL:2:COMPUTE@1
  104     0.08     1480.454        1.207        1.207             37       32.63       32.63    APL_ARPEGE_PARALLEL:ACVISIH:COMPUTE@1
  105     0.08     1481.640        1.187        1.188            343        3.46        3.46    RRTM_PREPARE_GASES_GPU@1
  106     0.08     1482.825        1.185        1.185             37       32.02       32.02    ACVPPKF_PARALLEL:PART2:GET_DATA@1
  107     0.07     1483.973        1.148        1.149            222        5.17        5.18    LATTEX_EXPL_2TL_PARALLEL:3:COMPUTE@1
  108     0.07     1485.020        1.047       13.980             36       29.08      388.32    SPCMNEW_horsmodele@1
  109     0.07     1486.053        1.033        1.034            343        3.01        3.01    SRTM_TAUMOL24_GPU@1
  110     0.07     1487.063        1.010        1.011            343        2.94        2.95    SRTM_TAUMOL18_GPU@1
  111     0.07     1488.064        1.002        1.002             37       27.07       27.07    CPG_SL2_TYPE_SET_DEVICE_PARALLEL@1
  112     0.06     1489.054        0.990        0.990            343        2.89        2.89    RRTM_TAUMOL8_GPU@1
  113     0.06     1490.040        0.986        0.987            343        2.87        2.88    SRTM_TAUMOL19_GPU@1
  114     0.06     1491.006        0.967        0.968            343        2.82        2.82    RRTM_TAUMOL1_GPU@1
  115     0.06     1491.932        0.926        0.926             37       25.02       25.03    APL_ARPEGE_PARALLEL:PPWETPOINT:COMPUTE@1
  116     0.06     1492.855        0.923        0.924            343        2.69        2.69    SRTM_TAUMOL20_GPU@1
  117     0.06     1493.776        0.921        0.921            185        4.98        4.98    GPRCP_EXPL_PARALLEL:2:COMPUTE@1
  118     0.06     1494.674        0.899        0.899            343        2.62        2.62    RRTM_TAUMOL13_GPU@1
  119     0.06     1495.566        0.891        0.892            185        4.82        4.82    ACCTND0_PARALLEL:PACC:COMPUTE@1
  120     0.05     1496.410        0.844        0.844            343        2.46        2.46    RRTM_TAUMOL12_GPU@1
  121     0.05     1497.253        0.843        0.844            343        2.46        2.46    RRTM_TAUMOL2_GPU@1
  122     0.05     1498.079        0.825        0.826             72       11.46       11.47    VERINT_DGEMM_1@1
  123     0.05     1498.894        0.816        0.816              7      116.54      116.55    APL_ARPEGE_AEROSOLS_FOR_RADIATION_PARALLEL:RADAER:COMPUTE@1
  124     0.05     1499.692        0.798        0.798             37       21.57       21.57    LAPINEB_PARALLEL:ROTUV:COMPUTE@1
  125     0.05     1500.479        0.787        0.787             37       21.26       21.26    APL_ARPEGE_PARALLEL:ZRDG_LCVQ:COMPUTE@1
  126     0.05     1501.260        0.781        0.782            222        3.52        3.52    GPINISLB_PART2_EXPL_PARALLEL:0:COMPUTE@1
  127     0.05     1502.039        0.779        0.779            343        2.27        2.27    RRTM_TAUMOL15_GPU@1
  128     0.05     1502.818        0.779        0.779             41       19.00       19.01    TRMTOL@1
  129     0.05     1503.594        0.776        0.776             37       20.96       20.97    APL_ARPEGE_PARALLEL:ACEVADCAPE:COMPUTE@1
  130     0.05     1504.368        0.774      609.752            343        2.26     1777.70    RADIATION_SCHEME_GPU@1
  131     0.05     1505.112        0.744        0.745            343        2.17        2.17    RRTM_TAUMOL11_GPU@1
  132     0.05     1505.836        0.724        5.689             41       17.65      138.75    INV_TRANS@1
  133     0.05     1506.550        0.714        0.715            343        2.08        2.08    SRTM_TAUMOL16_GPU@1
  134     0.05     1507.250        0.700        0.701             39       17.95       17.98    COMMSPNORM@1
  135     0.04     1507.935        0.684        0.685            343        1.99        2.00    RRTM_TAUMOL6_GPU@1
  136     0.04     1508.616        0.682        0.682            343        1.99        1.99    RRTM_TAUMOL16_GPU@1
  137     0.04     1509.295        0.679        0.680            343        1.98        1.98    SRTM_TAUMOL23_GPU@1
  138     0.04     1509.974        0.679        0.679            148        4.59        4.59    GPINISLB_PART2_EXPL_PARALLEL:1:COMPUTE@1
  139     0.04     1510.624        0.650        0.650            148        4.39        4.39    GPRCP_EXPL_PARALLEL:0:COMPUTE@1
  140     0.04     1511.258        0.635       14.125             37       17.15      381.76    DIR_TRANS@1
  141     0.04     1511.891        0.633        0.633             37       17.10       17.11    APL_WIND_GUST_PARALLEL:ACCLDIA:COMPUTE@1
  142     0.04     1512.519        0.628        0.628             37       16.97       16.97    CPXFU_PARALLEL:4:COMPUTE@1
  143     0.04     1513.140        0.621        0.622            148        4.20        4.20    GPRCP_EXPL_PARALLEL:4:COMPUTE@1
  144     0.04     1513.756        0.616        0.616             37       16.64       16.65    APL_ARPEGE_PARALLEL:ACSOL:COMPUTE@1
  145     0.04     1514.365        0.609        0.609             37       16.45       16.45    APL_ARPEGE_HYDRO_BUDGET_PARALLEL:ACDROV:COMPUTE@1
  146     0.04     1514.957        0.593        0.593            222        2.67        2.67    LARCINB_PARALLEL:RRINTOPT:COMPUTE@1
  147     0.04     1515.540        0.583        0.583            343        1.70        1.70    SRTM_TAUMOL28_GPU@1
  148     0.04     1516.110        0.570      615.329              7       81.36    87904.10    RECMWF_PARALLEL:ECRAD_GPU@1
  149     0.04     1516.667        0.557        0.557             37       15.06       15.06    MF_PHYS_MOCON_PARALLEL:PPWETPOINT:COMPUTE@1
  150     0.04     1517.209        0.542        0.543             74        7.33        7.33    GPMPFC_EXPL_PART2_PARALLEL:0:COMPUTE@1
  151     0.03     1517.711        0.502        0.502             37       13.56       13.56    APL_ARPEGE_PARALLEL:EDR:COMPUTE@1
  152     0.03     1518.212        0.501        0.502            343        1.46        1.46    SRTM_TAUMOL27_GPU@1
  153     0.03     1518.704        0.492        0.492             37       13.29       13.30    GPTF1_YDVARS_PARALLEL:LTWOTL:COMPUTE@1
  154     0.03     1519.192        0.488        0.488             37       13.19       13.19    CPXFU_PARALLEL:2:COMPUTE@1
  155     0.03     1519.677        0.485        0.486            228        2.13        2.13   *FFT992@4
  156     0.03     1520.160        0.482        0.483             37       13.04       13.04    LAPINEB_PARALLEL:L_RDRY_VD:COMPUTE@1
  157     0.03     1520.160        0.482        0.483            240        2.01        2.01    FFT992@3
  158     0.03     1520.160        0.480        0.480            260        1.84        1.85    FFT992@2
  159     0.03     1520.160        0.475        0.476            246        1.93        1.93    FFT992@1
  160     0.03     1520.625        0.465        0.790            179        2.60        4.41   *LTDIR_MOD@23
  161     0.03     1520.625        0.465        0.792            186        2.50        4.26    LTDIR_MOD@25
  162     0.03     1520.625        0.464        0.465            252        1.84        1.84    FFT992@5
  163     0.03     1520.625        0.463        0.785            188        2.46        4.18    LTDIR_MOD@26
  164     0.03     1520.625        0.462        0.792            180        2.57        4.40    LTDIR_MOD@24
  165     0.03     1521.086        0.461        0.461             37       12.47       12.47    LAPINEB_PARALLEL:TEMP_EQ:COMPUTE@1
  166     0.03     1521.086        0.461        0.791            181        2.55        4.37    LTDIR_MOD@22
  167     0.03     1521.086        0.460        0.460            263        1.75        1.75    FFT992@6
  168     0.03     1521.546        0.460        0.460             37       12.43       12.43    CPUTQY_APLPAR_EXPL_PARALLEL:PFDIS:COMPUTE@1
  169     0.03     1521.546        0.456        0.784            195        2.34        4.02    LTDIR_MOD@28
  170     0.03     1521.546        0.453        0.774            190        2.39        4.07    LTDIR_MOD@27
  171     0.03     1521.546        0.453        0.787            205        2.21        3.84    LTDIR_MOD@29
  172     0.03     1521.998        0.452        0.452            117        3.86        3.87   *LEINV_DGEMM_1@8
  173     0.03     1521.998        0.448        0.773            170        2.64        4.55    LTDIR_MOD@21
  174     0.03     1521.998        0.448        0.449            598        0.75        0.75    FFT992@28
  175     0.03     1521.998        0.447        0.447            115        3.89        3.89    LEINV_DGEMM_1@7
  176     0.03     1521.998        0.445        0.446            252        1.77        1.77    FFT992@7
  177     0.03     1521.998        0.438        0.759            165        2.65        4.60    LTDIR_MOD@20
  178     0.03     1521.998        0.435        0.435            309        1.41        1.41    FFT992@12
  179     0.03     1521.998        0.434        0.435            547        0.79        0.79    FFT992@25
  180     0.03     1521.998        0.432        0.793            214        2.02        3.71    LTDIR_MOD@30
  181     0.03     1521.998        0.431        0.754            163        2.64        4.62    LTDIR_MOD@19
  182     0.03     1522.428        0.429        0.429              1      429.41      429.42    SETUP_TRANS@1
  183     0.03     1522.428        0.428        0.429             78        5.49        5.49    LEINV_DGEMM_1@4
  184     0.03     1522.428        0.428        0.428             78        5.48        5.49    LEINV_DGEMM_1@3
  185     0.03     1522.428        0.428        0.428            117        3.65        3.66    LEINV_DGEMM_1@9
  186     0.03     1522.428        0.427        0.428            275        1.55        1.56    FFT992@8
  187     0.03     1522.428        0.427        0.428            555        0.77        0.77    FFT992@26
  188     0.03     1522.428        0.426        0.770            168        2.53        4.58    LTDIR_MOD@18
  189     0.03     1522.853        0.425       31.215             37       11.49      843.65    ACVPPKF_PARALLEL:PART2@1
  190     0.03     1522.853        0.425        0.425            308        1.38        1.38    FFT992@11
  191     0.03     1522.853        0.424        0.424            516        0.82        0.82    FFT992@23
  192     0.03     1522.853        0.422        0.423            451        0.94        0.94    FFT992@17
  193     0.03     1522.853        0.422        0.422            234        1.80        1.80    LEINV_DGEMM_1@30
  194     0.03     1522.853        0.420        0.420             78        5.38        5.38    LEINV_DGEMM_1@2
  195     0.03     1523.272        0.419        0.419             37       11.32       11.33    CPG_GP_PARALLEL:GPINISLB_PART3_EXPL:COMPUTE@1
  196     0.03     1523.691        0.419        0.419            343        1.22        1.22    SRTM_TAUMOL22_GPU@1
  197     0.03     1523.691        0.418        0.419            499        0.84        0.84    FFT992@22
  198     0.03     1523.691        0.418        0.419            117        3.58        3.58    LEINV_DGEMM_1@10
  199     0.03     1523.691        0.418        0.419            234        1.79        1.79    LEINV_DGEMM_1@25
  200     0.03     1524.109        0.418        0.419            144        2.90        2.91    EXCHANGE_MS:MESSAGE_M@1
  201     0.03     1524.109        0.416        0.417            486        0.86        0.86    FFT992@18
  202     0.03     1524.109        0.416        0.416            194        2.14        2.15    LEINV_DGEMM_1@17
  203     0.03     1524.109        0.415        0.416            302        1.37        1.38    FFT992@10
  204     0.03     1524.109        0.413        0.414            619        0.67        0.67    FFT992@32
  205     0.03     1524.109        0.412        0.412            415        0.99        0.99    FFT992@16
  206     0.03     1524.520        0.411        0.412            144        2.86        2.86    EXCHANGE_MS:MESSAGE_S@1
  207     0.03     1524.520        0.411        0.411            234        1.76        1.76    LEINV_DGEMM_1@32
  208     0.03     1524.520        0.410        0.411            230        1.78        1.79    LEINV_DGEMM_1@24
  209     0.03     1524.520        0.410        0.411            479        0.86        0.86    FFT992@20
  210     0.03     1524.520        0.410        0.411            587        0.70        0.70    FFT992@29
  211     0.03     1524.520        0.409        0.409            233        1.75        1.76    LEINV_DGEMM_1@31
  212     0.03     1524.520        0.408        0.409            554        0.74        0.74    FFT992@27
  213     0.03     1524.520        0.408        0.408            536        0.76        0.76    FFT992@24
  214     0.03     1524.520        0.407        0.408            490        0.83        0.83    FFT992@19
  215     0.03     1524.520        0.407        0.407            232        1.75        1.75    LEINV_DGEMM_1@26
  216     0.03     1524.520        0.406        0.406            341        1.19        1.19    FFT992@13
  217     0.03     1524.520        0.406        0.770            174        2.33        4.43    LTDIR_MOD@17
  218     0.03     1524.520        0.405        0.405            243        1.67        1.67    LEINV_DGEMM_1@28
  219     0.03     1524.520        0.405        0.405            272        1.49        1.49    FFT992@9
  220     0.03     1524.924        0.404        1.159            194        2.08        5.97   *LTINV_MOD@17
  221     0.03     1524.924        0.402        0.403            624        0.64        0.65    FFT992@31
  222     0.03     1524.924        0.402        1.101            156        2.58        7.06    LTINV_MOD@14
  223     0.03     1524.924        0.402        0.402             78        5.15        5.16    LEINV_DGEMM_1@5
  224     0.03     1524.924        0.402        1.164            117        3.43        9.94    LTINV_MOD@9
  225     0.03     1524.924        0.402        0.402            607        0.66        0.66    FFT992@30
  226     0.03     1524.924        0.401        0.401            195        2.05        2.06    LEINV_DGEMM_1@18
  227     0.03     1524.924        0.400        0.401            230        1.74        1.74    LEINV_DGEMM_1@27
  228     0.03     1524.924        0.397        0.769            217        1.83        3.54    LTDIR_MOD@31
  229     0.03     1525.321        0.397        0.397             37       10.73       10.73    CPGLAG_PARALLEL:STR:COMPUTE@1
  230     0.03     1525.321        0.395        0.396            117        3.38        3.38    LEINV_DGEMM_1@11
  231     0.03     1525.321        0.394        0.394             92        4.28        4.29    LEINV_DGEMM_1@6
  232     0.03     1525.321        0.394        0.394            156        2.53        2.53    LEINV_DGEMM_1@14
  233     0.03     1525.321        0.392        1.060            138        2.84        7.68    LTINV_MOD@13
  234     0.03     1525.321        0.391        0.392            467        0.84        0.84    FFT992@21
  235     0.03     1525.321        0.390        0.390            219        1.78        1.78    LEINV_DGEMM_1@29
  236     0.03     1525.321        0.389        0.390            410        0.95        0.95    FFT992@15
  237     0.03     1525.321        0.389        0.389            195        1.99        1.99    LEINV_DGEMM_1@19
  238     0.03     1525.708        0.387        0.388            343        1.13        1.13    radiation_flux:calc_surface_spectral_GPU@1
  239     0.03     1525.708        0.387        1.129             78        4.96       14.47    LTINV_MOD@2
  240     0.03     1525.708        0.385        0.765            222        1.74        3.45    LTDIR_MOD@32
  241     0.02     1525.708        0.385        0.385            195        1.97        1.97    LEINV_DGEMM_1@20
  242     0.02     1525.708        0.383        1.125            195        1.97        5.77    LTINV_MOD@18
  243     0.02     1525.708        0.383        1.130            230        1.66        4.91    LTINV_MOD@27
  244     0.02     1525.708        0.382        1.044            157        2.43        6.65    LTINV_MOD@15
  245     0.02     1526.088        0.380        0.380             37       10.28       10.28    LAPINEB_PARALLEL:ZVWEI:COMPUTE@1
  246     0.02     1526.088        0.380        0.380            212        1.79        1.79    LEINV_DGEMM_1@23
  247     0.02     1526.088        0.380        1.102            195        1.95        5.65    LTINV_MOD@19
  248     0.02     1526.088        0.379        0.379            195        1.94        1.95    LEINV_DGEMM_1@21
  249     0.02     1526.088        0.378        1.093            219        1.72        4.99    LTINV_MOD@29
  250     0.02     1526.088        0.377        0.377            388        0.97        0.97    FFT992@14
  251     0.02     1526.088        0.376        0.376            138        2.72        2.72    LEINV_DGEMM_1@13
  252     0.02     1526.088        0.375        0.375            157        2.39        2.39    LEINV_DGEMM_1@15
  253     0.02     1526.088        0.373        1.119             78        4.79       14.35    LTINV_MOD@3
  254     0.02     1526.088        0.372        1.160            115        3.24       10.09    LTINV_MOD@7
  255     0.02     1526.459        0.371        0.371            234        1.59        1.59   *LEINV_DGEMM_2@25
  256     0.02     1526.459        0.371        0.371            159        2.33        2.33    LEINV_DGEMM_1@16
  257     0.02     1526.830        0.371        0.371            343        1.08        1.08    SRTM_TAUMOL26_GPU@1
  258     0.02     1526.830        0.370        1.125            232        1.60        4.85    LTINV_MOD@26
  259     0.02     1526.830        0.367        1.083            195        1.88        5.56    LTINV_MOD@20
  260     0.02     1526.830        0.366        1.132            230        1.59        4.92    LTINV_MOD@24
  261     0.02     1526.830        0.362        0.363            119        3.04        3.05    LEINV_DGEMM_1@12
  262     0.02     1526.830        0.362        1.027            159        2.27        6.46    LTINV_MOD@16
  263     0.02     1526.830        0.360        1.150            234        1.54        4.92    LTINV_MOD@25
  264     0.02     1526.830        0.358        1.104            117        3.06        9.43    LTINV_MOD@10
  265     0.02     1526.830        0.358        1.013            119        3.01        8.51    LTINV_MOD@12
  266     0.02     1526.830        0.358        1.163            117        3.06        9.94    LTINV_MOD@8
  267     0.02     1526.830        0.356        0.999             79        4.51       12.64    LTINV_MOD@1
  268     0.02     1526.830        0.356        0.356            230        1.55        1.55    LEINV_DGEMM_2@24
  269     0.02     1527.185        0.355        0.355             37        9.60        9.60    CPG_GP_HYD_PARALLEL:3:COMPUTE@1
  270     0.02     1527.185        0.355        0.355            243        1.46        1.46    LEINV_DGEMM_2@28
  271     0.02     1527.185        0.355        0.355            195        1.82        1.82    LEINV_DGEMM_1@22
  272     0.02     1527.185        0.353        1.113            243        1.45        4.58    LTINV_MOD@28
  273     0.02     1527.185        0.352        0.353            117        3.01        3.01    LEINV_DGEMM_2@8
  274     0.02     1527.185        0.352        1.058            117        3.01        9.04    LTINV_MOD@11
  275     0.02     1527.185        0.348        0.348            232        1.50        1.50    LEINV_DGEMM_2@26
  276     0.02     1527.185        0.346        1.061             92        3.77       11.54    LTINV_MOD@6
  277     0.02     1527.185        0.346        1.062            212        1.63        5.01    LTINV_MOD@23
  278     0.02     1527.185        0.346        0.346            230        1.50        1.50    LEINV_DGEMM_2@27
  279     0.02     1527.185        0.344        1.054             78        4.41       13.51    LTINV_MOD@5
  280     0.02     1527.185        0.342        0.342            234        1.46        1.46    LEINV_DGEMM_2@30
  281     0.02     1527.185        0.340        0.340            115        2.96        2.96    LEINV_DGEMM_2@7
  282     0.02     1527.185        0.340        0.341             79        4.31        4.31    LEINV_DGEMM_1@1
  283     0.02     1527.185        0.340        0.340            195        1.74        1.75    LEINV_DGEMM_2@18
  284     0.02     1527.525        0.340        0.340             36        9.45        9.45    CPCFU_PARALLEL:1:COMPUTE@1
  285     0.02     1527.525        0.339        0.339            194        1.75        1.75    LEINV_DGEMM_2@17
  286     0.02     1527.525        0.337        1.088             78        4.31       13.94    LTINV_MOD@4
  287     0.02     1527.862        0.336        0.336             37        9.09        9.09    GPRCP_EXPL_PARALLEL:5:COMPUTE@1
  288     0.02     1527.862        0.336        0.336            212        1.58        1.58    LEINV_DGEMM_2@23
  289     0.02     1527.862        0.335        1.029            195        1.72        5.28    LTINV_MOD@21
  290     0.02     1527.862        0.334        0.334            117        2.85        2.85    LEINV_DGEMM_2@9
  291     0.02     1527.862        0.333        0.333            195        1.71        1.71    LEINV_DGEMM_2@19
  292     0.02     1527.862        0.331        0.331            195        1.70        1.70    LEINV_DGEMM_2@20
  293     0.02     1527.862        0.328        0.328            234        1.40        1.40    LEINV_DGEMM_2@32
  294     0.02     1527.862        0.327        0.327            117        2.79        2.79    LEINV_DGEMM_2@10
  295     0.02     1527.862        0.326        0.326            195        1.67        1.67    LEINV_DGEMM_2@22
  296     0.02     1527.862        0.324        0.325            219        1.48        1.48    LEINV_DGEMM_2@29
  297     0.02     1527.862        0.323        0.323            233        1.39        1.39    LEINV_DGEMM_2@31
  298     0.02     1527.862        0.322        0.322             78        4.13        4.13    LEINV_DGEMM_2@4
  299     0.02     1527.862        0.322        0.322             78        4.12        4.12    LEINV_DGEMM_2@2
  300     0.02     1527.862        0.321        1.002            195        1.64        5.14    LTINV_MOD@22
  301     0.02     1527.862        0.320        0.320             92        3.48        3.48    LEINV_DGEMM_2@6
  302     0.02     1527.862        0.318        0.318             78        4.07        4.08    LEINV_DGEMM_2@3
  303     0.02     1527.862        0.316        1.049            233        1.36        4.50    LTINV_MOD@31
  304     0.02     1527.862        0.315        0.315            195        1.61        1.62    LEINV_DGEMM_2@21
  305     0.02     1527.862        0.314        0.820             87        3.61        9.42    LTDIR_MOD@2
  306     0.02     1527.862        0.314        1.078            234        1.34        4.61    LTINV_MOD@30
  307     0.02     1527.862        0.313        0.829             90        3.48        9.22    LTDIR_MOD@4
  308     0.02     1527.862        0.311        0.821             88        3.53        9.33    LTDIR_MOD@3
  309     0.02     1527.862        0.310        0.822            139        2.23        5.92    LTDIR_MOD@10
  310     0.02     1527.862        0.310        0.310            117        2.65        2.65    LEINV_DGEMM_2@11
  311     0.02     1527.862        0.309        0.801             89        3.47        9.00    LTDIR_MOD@5
  312     0.02     1527.862        0.308        0.788            141        2.18        5.59    LTDIR_MOD@11
  313     0.02     1527.862        0.307        0.307             78        3.94        3.94    LEINV_DGEMM_2@5
  314     0.02     1527.862        0.307        1.046            234        1.31        4.47    LTINV_MOD@32
  315     0.02     1527.862        0.306        0.785             89        3.44        8.82    LTDIR_MOD@6
  316     0.02     1527.862        0.305        0.780            178        1.71        4.38    LTDIR_MOD@14
  317     0.02     1527.862        0.304        0.764            152        2.00        5.03    LTDIR_MOD@13
  318     0.02     1527.862        0.304        0.304            156        1.95        1.95    LEINV_DGEMM_2@14
  319     0.02     1527.862        0.303        0.751            190        1.59        3.95    LTDIR_MOD@16
  320     0.02     1527.862        0.302        0.302             79        3.82        3.82    LEINV_DGEMM_2@1
  321     0.02     1527.862        0.302        0.807            130        2.32        6.21    LTDIR_MOD@9
  322     0.02     1527.862        0.300        0.770            141        2.13        5.46    LTDIR_MOD@12
  323     0.02     1527.862        0.300        0.768            185        1.62        4.15    LTDIR_MOD@15
  324     0.02     1528.159        0.297        0.298            343        0.87        0.87    SRTM_TAUMOL25_GPU@1
  325     0.02     1528.455        0.296        0.296             90        3.29        3.29   *LEDIR_DGEMM_1@4
  326     0.02     1528.751        0.295        0.295              1      295.49      295.50    FAIXLA_MT@1
  327     0.02     1528.751        0.293        0.294            159        1.85        1.85    LEINV_DGEMM_2@16
  328     0.02     1529.044        0.293        0.293            343        0.85        0.86    RRTM_TAUMOL14_GPU@1
  329     0.02     1529.044        0.292        0.292            119        2.46        2.46    LEINV_DGEMM_2@12
  330     0.02     1529.044        0.292        0.292            138        2.11        2.11    LEINV_DGEMM_2@13
  331     0.02     1529.044        0.291        0.766             93        3.13        8.24    LTDIR_MOD@7
  332     0.02     1529.044        0.290        0.290             87        3.34        3.34    LEDIR_DGEMM_1@2
  333     0.02     1529.044        0.290        0.290             88        3.30        3.30    LEDIR_DGEMM_1@3
  334     0.02     1529.044        0.289        0.289            139        2.08        2.08    LEDIR_DGEMM_1@10
  335     0.02     1529.044        0.287        0.287            157        1.83        1.83    LEINV_DGEMM_2@15
  336     0.02     1529.044        0.286        0.286            130        2.20        2.20    LEDIR_DGEMM_1@9
  337     0.02     1529.044        0.285        0.759            110        2.59        6.90    LTDIR_MOD@8
  338     0.02     1529.044        0.282        0.283             89        3.17        3.17    LEDIR_DGEMM_1@5
  339     0.02     1529.044        0.281        0.773             96        2.93        8.05    LTDIR_MOD@1
  340     0.02     1529.044        0.275        0.275             89        3.09        3.10    LEDIR_DGEMM_1@6
  341     0.02     1529.044        0.271        0.271             96        2.83        2.83    LEDIR_DGEMM_1@1
  342     0.02     1529.044        0.269        0.269             93        2.89        2.89    LEDIR_DGEMM_1@7
  343     0.02     1529.044        0.268        0.269            141        1.90        1.90    LEDIR_DGEMM_1@11
  344     0.02     1529.311        0.268        0.268            343        0.78        0.78    LIQUID_EFFECTIVE_RADIUS_GPU@1
  345     0.02     1529.576        0.265        0.265             36        7.35        7.36    MXPTMAACC@1
  346     0.02     1529.576        0.264        0.264            110        2.40        2.40    LEDIR_DGEMM_1@8
  347     0.02     1529.576        0.263        0.263            178        1.48        1.48    LEDIR_DGEMM_1@14
  348     0.02     1529.839        0.263        0.263             37        7.12        7.12    APL_ARPEGE_ALBEDO_COMPUTATION_PARALLEL:0:COMPUTE@1
  349     0.02     1529.839        0.261        0.261            141        1.85        1.85    LEDIR_DGEMM_1@12
  350     0.02     1530.098        0.259        0.259             37        7.00        7.00    CTVTOT_EXPL_PARALLEL:0:COMPUTE@1
  351     0.02     1530.098        0.257        0.257            185        1.39        1.39    LEDIR_DGEMM_1@15
  352     0.02     1530.098        0.256        0.256            152        1.68        1.68    LEDIR_DGEMM_1@13
  353     0.02     1530.347        0.248        0.248             36        6.90        6.90    SPCMNEW_PARALLEL_LEGACY_F2L@1
  354     0.02     1530.593        0.247        0.247             37        6.67        6.67    APL_ARPEGE_SOIL_HYDRO_PARALLEL:ACVEG:COMPUTE@1
  355     0.02     1530.840        0.246        0.246             37        6.65        6.66    LASSIE_PARALLEL:GPRCP:COMPUTE@1
  356     0.02     1530.840        0.244        0.245            190        1.29        1.29    LEDIR_DGEMM_1@16
  357     0.02     1531.079        0.240        0.240              1      239.92      239.92    DIST_SPEC@1
  358     0.01     1531.302        0.223        0.223            139        1.60        1.60   *LEDIR_DGEMM_2@10
  359     0.01     1531.524        0.222        0.222             36        6.17        6.17    SPCSIDG_PART0ACC2@1
  360     0.01     1531.745        0.221        0.221             37        5.96        5.97    MF_PHYS_FPL_PART2_PARALLEL:PART2:COMPUTE@1
  361     0.01     1531.745        0.220        0.220             90        2.44        2.45    LEDIR_DGEMM_2@4
  362     0.01     1531.745        0.220        0.220             96        2.29        2.29    LEDIR_DGEMM_2@1
  363     0.01     1531.745        0.220        0.220            130        1.69        1.69    LEDIR_DGEMM_2@9
  364     0.01     1531.745        0.220        0.220             88        2.50        2.50    LEDIR_DGEMM_2@3
  365     0.01     1531.745        0.215        0.215             87        2.47        2.47    LEDIR_DGEMM_2@2
  366     0.01     1531.745        0.212        0.212            178        1.19        1.19    LEDIR_DGEMM_2@14
  367     0.01     1531.745        0.212        0.212            141        1.50        1.50    LEDIR_DGEMM_2@11
  368     0.01     1531.745        0.211        0.211            222        0.95        0.95    LEDIR_DGEMM_1@32
  369     0.01     1531.745        0.211        0.211            185        1.14        1.14    LEDIR_DGEMM_2@15
  370     0.01     1531.955        0.210        0.210             37        5.67        5.67    MF_PHYS_FPL_PART1_PARALLEL:PART1:COMPUTE@1
  371     0.01     1531.955        0.210        0.210            110        1.91        1.91    LEDIR_DGEMM_2@8
  372     0.01     1531.955        0.209        0.209             89        2.35        2.35    LEDIR_DGEMM_2@5
  373     0.01     1531.955        0.208        0.209            217        0.96        0.96    LEDIR_DGEMM_1@31
  374     0.01     1531.955        0.208        0.208            141        1.48        1.48    LEDIR_DGEMM_2@12
  375     0.01     1531.955        0.205        0.206             93        2.21        2.21    LEDIR_DGEMM_2@7
  376     0.01     1531.955        0.204        0.204            152        1.34        1.34    LEDIR_DGEMM_2@13
  377     0.01     1531.955        0.203        0.203             89        2.28        2.29    LEDIR_DGEMM_2@6
  378     0.01     1531.955        0.203        0.203            190        1.07        1.07    LEDIR_DGEMM_2@16
  379     0.01     1532.158        0.203        0.204           3087        0.07        0.07    radiation_gas:put_gas_GPU@1
  380     0.01     1532.158        0.202        0.202            214        0.94        0.95    LEDIR_DGEMM_1@30
  381     0.01     1532.357        0.199        0.199             37        5.38        5.39    CPXFU_PARALLEL:3:COMPUTE@1
  382     0.01     1532.357        0.194        0.194            174        1.12        1.12    LEDIR_DGEMM_1@17
  383     0.01     1532.543        0.186        0.186             37        5.03        5.03    CPGLAG_PARALLEL:1:COMPUTE@1
  384     0.01     1532.543        0.184        0.184            205        0.90        0.90    LEDIR_DGEMM_1@29
  385     0.01     1532.543        0.182        0.182            168        1.08        1.08    LEDIR_DGEMM_1@18
  386     0.01     1532.722        0.179        0.180            343        0.52        0.52    radiation_thermodynamics:get_layer_mass_GPU@1
  387     0.01     1532.722        0.179        0.179            180        0.99        1.00    LEDIR_DGEMM_1@24
  388     0.01     1532.901        0.178        0.178             36        4.96        4.96    CPCFU_PARALLEL:2:COMPUTE@1
  389     0.01     1532.901        0.177        0.178            181        0.98        0.98    LEDIR_DGEMM_1@22
  390     0.01     1532.901        0.177        0.177            195        0.91        0.91    LEDIR_DGEMM_1@28
  391     0.01     1532.901        0.175        0.175            179        0.98        0.98    LEDIR_DGEMM_1@23
  392     0.01     1532.901        0.175        0.175            170        1.03        1.03    LEDIR_DGEMM_1@21
  393     0.01     1532.901        0.174        0.174            186        0.94        0.94    LEDIR_DGEMM_1@25
  394     0.01     1532.901        0.172        0.172            165        1.04        1.04    LEDIR_DGEMM_1@20
  395     0.01     1532.901        0.172        0.172            163        1.05        1.05    LEDIR_DGEMM_1@19
  396     0.01     1532.901        0.170        0.171            188        0.91        0.91    LEDIR_DGEMM_1@26
  397     0.01     1532.901        0.170        0.170            190        0.89        0.90    LEDIR_DGEMM_1@27
  398     0.01     1532.901        0.170        0.170            174        0.97        0.98    LEDIR_DGEMM_2@17
  399     0.01     1532.901        0.168        0.168            222        0.76        0.76    LEDIR_DGEMM_2@32
  400     0.01     1533.065        0.164        0.164             37        4.43        4.43    CPUTQY_APLPAR_EXPL_PARALLEL:ZTDCP:COMPUTE@1
  401     0.01     1533.065        0.163        0.163            217        0.75        0.75    LEDIR_DGEMM_2@31
  402     0.01     1533.065        0.162        0.162            168        0.96        0.96    LEDIR_DGEMM_2@18
  403     0.01     1533.065        0.158        0.158            214        0.74        0.74    LEDIR_DGEMM_2@30
  404     0.01     1533.065        0.153        0.153            186        0.82        0.82    LEDIR_DGEMM_2@25
  405     0.01     1533.065        0.152        0.152            181        0.84        0.84    LEDIR_DGEMM_2@22
  406     0.01     1533.065        0.151        0.151            163        0.93        0.93    LEDIR_DGEMM_2@19
  407     0.01     1533.065        0.151        0.151            188        0.80        0.80    LEDIR_DGEMM_2@26
  408     0.01     1533.065        0.151        0.151            180        0.84        0.84    LEDIR_DGEMM_2@24
  409     0.01     1533.065        0.150        0.151            195        0.77        0.77    LEDIR_DGEMM_2@28
  410     0.01     1533.065        0.150        0.151            190        0.79        0.79    LEDIR_DGEMM_2@27
  411     0.01     1533.065        0.150        0.150            170        0.88        0.88    LEDIR_DGEMM_2@21
  412     0.01     1533.065        0.149        0.150            205        0.73        0.73    LEDIR_DGEMM_2@29
  413     0.01     1533.065        0.149        0.149            165        0.90        0.90    LEDIR_DGEMM_2@20
  414     0.01     1533.065        0.149        0.149            179        0.83        0.83    LEDIR_DGEMM_2@23
  415     0.01     1533.208        0.144        1.692             37        3.88       45.73    SCAN2M_CTVTOT_DRV@1
  416     0.01     1533.350        0.142        0.142             37        3.83        3.83    CPG_GP_PARALLEL:GP_SPV:COMPUTE@1
  417     0.01     1533.490        0.140        0.616             36        3.89       17.12    SIGAM_GP_ACC@1
  418     0.01     1533.628        0.138        0.592             36        3.84       16.44    SITNU_GP_ACC@1
  419     0.01     1533.762        0.133        0.725             36        3.71       20.14    SPCSINEW_PAR_fin@1
  420     0.01     1533.891        0.129        0.129             37        3.48        3.49    LACDYN_PARALLEL:ZMIXNL:COMPUTE@1
  421     0.01     1534.017        0.127        0.127             37        3.42        3.42    CPG_GP_PARALLEL:GPTF2_EXPL_2TL:COMPUTE@1
  422     0.01     1534.139        0.122        0.122             74        1.65        1.65    SLEXTPOL3@1
  423     0.01     1534.260        0.121        0.122           3300        0.04        0.04    DELETE_TEMPORARIES@1
  424     0.01     1534.379        0.120        0.120            343        0.35        0.35    SATUR_GPU@1
  425     0.01     1534.494        0.114        0.114             72        1.58        1.58   *SGEMMX@21
  426     0.01     1534.494        0.113        0.114             72        1.58        1.58    SGEMMX@25
  427     0.01     1534.494        0.113        0.113             72        1.57        1.57    SGEMMX@17
  428     0.01     1534.606        0.113        0.113             37        3.05        3.05    APL_ARPEGE_INIT_PARALLEL:6:COMPUTE@1
  429     0.01     1534.606        0.112        0.112             72        1.55        1.55    SGEMMX@29
  430     0.01     1534.606        0.111        0.111             72        1.55        1.55    SGEMMX@24
  431     0.01     1534.606        0.111        0.111             72        1.54        1.54    SGEMMX@23
  432     0.01     1534.606        0.111        0.111             72        1.54        1.54    SGEMMX@20
  433     0.01     1534.606        0.111        0.111             72        1.54        1.54    SGEMMX@22
  434     0.01     1534.606        0.110        0.110             72        1.53        1.53    SGEMMX@31
  435     0.01     1534.606        0.110        0.110             72        1.53        1.53    SGEMMX@13
  436     0.01     1534.606        0.110        0.110             72        1.53        1.53    SGEMMX@28
  437     0.01     1534.606        0.110        0.110             72        1.52        1.53    SGEMMX@30
  438     0.01     1534.606        0.110        0.110             72        1.52        1.53    SGEMMX@32
  439     0.01     1534.715        0.109        0.109             37        2.95        2.95    APL_ARPEGE_PARALLEL:PRECIPS:COMPUTE@1
  440     0.01     1534.715        0.109        0.109             72        1.51        1.52    SGEMMX@16
  441     0.01     1534.824        0.109        0.109            234        0.46        0.47    SPNORMB@1
  442     0.01     1534.824        0.109        0.109             72        1.51        1.51    SGEMMX@15
  443     0.01     1534.824        0.109        0.109             72        1.51        1.51    SGEMMX@27
  444     0.01     1534.824        0.108        0.108             72        1.50        1.50    SGEMMX@14
  445     0.01     1534.824        0.108        0.108             72        1.50        1.50    SGEMMX@19
  446     0.01     1534.824        0.108        0.108             72        1.50        1.50    SGEMMX@5
  447     0.01     1534.824        0.106        0.106             72        1.47        1.47    SGEMMX@8
  448     0.01     1534.929        0.105        0.105             37        2.84        2.84    CPG_GP_PARALLEL:MAP_FACTOR:COMPUTE@1
  449     0.01     1534.929        0.104        0.104             72        1.45        1.45    SGEMMX@7
  450     0.01     1534.929        0.104        0.104             72        1.44        1.44    SGEMMX@9
  451     0.01     1534.929        0.104        0.104             72        1.44        1.44    SGEMMX@4
  452     0.01     1534.929        0.103        0.103             72        1.43        1.43    SGEMMX@18
  453     0.01     1534.929        0.103        0.103             72        1.43        1.43    SGEMMX@6
  454     0.01     1534.929        0.103        0.103             72        1.43        1.43    SGEMMX@26
  455     0.01     1535.031        0.102        0.102             37        2.77        2.77    APL_ARPEGE_PARALLEL:FRSOPT:COMPUTE@1
  456     0.01     1535.031        0.102        0.102             72        1.42        1.42    SGEMMX@3
  457     0.01     1535.133        0.102        0.102             37        2.75        2.75    CPXFU_PARALLEL:0:COMPUTE@1
  458     0.01     1535.133        0.102        0.102             72        1.41        1.41    SGEMMX@12
  459     0.01     1535.133        0.101        0.101             72        1.41        1.41    SGEMMX@2
  460     0.01     1535.235        0.101        0.101             36        2.81        2.81    CPCFU_PARALLEL:0:COMPUTE@1
  461     0.01     1535.335        0.101        0.101             37        2.72        2.72    APL_ARPEGE_RADIATION_PARALLEL:DIRECT:COMPUTE@1
  462     0.01     1535.436        0.100        0.100             37        2.71        2.72    APL_ARPEGE_PARALLEL:ZDPHIV:COMPUTE@1
  463     0.01     1535.536        0.100        0.100             37        2.71        2.71    APL_ARPEGE_INIT_PARALLEL:0:COMPUTE@1
  464     0.01     1535.636        0.100        0.100             37        2.69        2.69    LACDYN_PARALLEL:LASURE:COMPUTE@1
  465     0.01     1535.735        0.099        0.100            343        0.29        0.29    radiation_single_level:get_albedos_GPU@1
  466     0.01     1535.834        0.099        0.099             37        2.68        2.68    APL_ARPEGE_PARALLEL:BAYRAD:COMPUTE@1
  467     0.01     1535.933        0.099        0.099             37        2.68        2.68    GPMPFC_EXPL_PARALLEL:0:COMPUTE@1
  468     0.01     1536.033        0.099        0.099             37        2.68        2.68    CPXFU_PARALLEL:1:COMPUTE@1
  469     0.01     1536.129        0.097        0.097            343        0.28        0.28    radiation_cloud:set_overlap_param_var_GPU@1
  470     0.01     1536.226        0.096        0.096             36        2.67        2.67    APL_ARPEGE_RADIATION_PARALLEL:SUNSHINE:COMPUTE@1
  471     0.01     1536.226        0.096        0.096             72        1.33        1.33    SGEMMX@11
  472     0.01     1536.321        0.096        0.096            116        0.82        0.83    "lfilec_alts"@1:lfi_alts.c
  473     0.01     1536.415        0.094        0.175             20        4.69        8.75    GPNORM_TRANS_CTL@1
  474     0.01     1536.508        0.093        0.093             37        2.50        2.51    APL_ARPEGE_RADIATION_PARALLEL:LMSE_F:COMPUTE@1
  475     0.01     1536.508        0.091        0.091             72        1.26        1.26    SGEMMX@10
  476     0.01     1536.594        0.087        0.087             37        2.34        2.34    CPG_PARALLEL:ISETTLOFF:COMPUTE@1
  477     0.01     1536.594        0.084        0.084             72        1.17        1.17    SGEMMX@1
  478     0.01     1536.677        0.083        0.083              6       13.84       13.84    GRIB_API:IGRIB_NEW_FROM_SAMPLES@1
  479     0.01     1536.759        0.081        0.081             36        2.26        2.26    CPCFU_PARALLEL:3:COMPUTE@1
  480     0.01     1536.839        0.081        0.081             30        2.69        2.69    APL_ARPEGE_RADIATION_PARALLEL:CALLRAD_F:COMPUTE@1
  481     0.00     1536.915        0.075        0.076           3300        0.02        0.02    CREATE_TEMPORARIES@1
  482     0.00     1536.980        0.065        0.066             42        1.56        1.56    GSBITE_MF@1
  483     0.00     1537.043        0.063        0.063             37        1.71        1.71    LOGDIS@1
  484     0.00     1537.106        0.063        0.063             37        1.70        1.70    CPG_DIA_FLU_PARALLEL:4:COMPUTE@1
  485     0.00     1537.168        0.062        0.062             37        1.68        1.68    LAVABO_PARALLEL:0:COMPUTE@1
  486     0.00     1537.228        0.059        0.059             37        1.60        1.60    CPG_DIA_FLU_PARALLEL:1:COMPUTE@1
  487     0.00     1537.286        0.058        0.058              1       58.08       58.09    SUGRIDUA_FIXUP@1
  488     0.00     1537.342        0.056        0.056            343        0.16        0.16    radiation_ifs_rrtm:planck_function_surf_GPU@1
  489     0.00     1537.397        0.055        0.055             72        0.76        0.76    VERINTSACC@1
  490     0.00     1537.451        0.054        0.318              1       53.89      318.11    SU0YOMB@1
  491     0.00     1537.503        0.052     1258.963             37        1.40    34026.03    CPG_DRV@1
  492     0.00     1537.553        0.051        0.051              1       50.98       50.98    DIST_GRID@1
  493     0.00     1537.603        0.050        0.050             37        1.34        1.34    APL_ARPEGE_PARALLEL:PLSM:COMPUTE@1
  494     0.00     1537.651        0.048        0.874             72        0.67       12.13    VERINTACC@1
  495     0.00     1537.697        0.045        0.045            106        0.43        0.43    POSNAME@1
  496     0.00     1537.741        0.044     1486.260             37        1.19    40169.20    GP_MODEL@1
  497     0.00     1537.783        0.043        0.043              1       42.55       42.68    IOSPECA_MOD:IOSPECA_SELECTFY@1
  498     0.00     1537.823        0.040        0.040            555        0.07        0.07    GPRCP_EXPL_PARALLEL:1:GET_DATA@1
  499     0.00     1537.861        0.038        0.038            343        0.11        0.11    radiation_cloud:crop_cloud_fraction_GPU@1
  500     0.00     1537.899        0.037        0.040             38        0.98        1.06    SUHEG@1
  501     0.00     1537.932        0.033        3.830            555        0.06        6.90    GPRCP_EXPL_PARALLEL:1@1
  502     0.00     1537.965        0.033        0.117             72        0.46        1.63    MXMAOP@1
  503     0.00     1537.998        0.033        0.033            222        0.15        0.15    LAVABO_EXPL_LAITVSPCQM_PART1_PARALLEL:0:COMPUTE@1
  504     0.00     1538.028        0.030        0.057             38        0.79        1.51    SUHDU@1
  505     0.00     1538.057        0.028        0.029             37        0.77        0.77    LAVABO_PARALLEL:2:COMPUTE@1
  506     0.00     1538.085        0.028     1537.032              1       28.09  1537032.21    CNT4@1
  507     0.00     1538.112        0.027        0.027            135        0.20        0.20    SUHERT@1
  508     0.00     1538.138        0.027        0.027             37        0.72        0.72    CPG_GP_PARALLEL:SETZERO:COMPUTE@1
  509     0.00     1538.165        0.026        0.026             37        0.71        0.71    CPG_GP_PARALLEL:SET1TO0:COMPUTE@1
  510     0.00     1538.191        0.026     1539.233              1       26.13  1539233.09    MASTER@1
  511     0.00     1538.215        0.025        0.025              2       12.27       12.27    DEALXMO@1
  512     0.00     1538.240        0.025        0.025             31        0.79        0.79    FAREOR_MT64@1
  513     0.00     1538.264        0.024        1.804            324        0.08        5.57    SCAN2M_TS_PARALLEL:0@1
  514     0.00     1538.288        0.024        0.024              1       23.85       24.29    IOGRID_MOD:IOGRID_SELECTFY@1
  515     0.00     1538.310        0.022        0.836             39        0.57       21.42    SPNORM@1
  516     0.00     1538.332        0.022        0.022             13        1.67        1.67    GRIB_API:IGRIB_SET_CHAR@1
  517     0.00     1538.353        0.021        0.746              1       21.07      745.96    SUSPECA@1
  518     0.00     1538.374        0.021        0.021              7        3.00        3.00    RECMWF_PARALLEL:FINISH:GET_DATA@1
  519     0.00     1538.395        0.021        0.021             36        0.58        0.58    CPG_END_SFC_PARALLEL:SET0TO1:COMPUTE@1
  520     0.00     1538.415        0.020        0.020              1       20.18       20.18    KPP_WSCALE_MOD:KPP_WSCALE@1
  521     0.00     1538.434        0.019        0.019              1       19.09       19.11    SPECTRAL_FIELDS_MOD:CREATE_SPEC@1
  522     0.00     1538.453        0.019        0.019              7        2.71        2.71    RECMWF_PARALLEL:ECRAD_POST:COMPUTE@1
  523     0.00     1538.472        0.019        0.019              7        2.68        2.68    RECMWF_PARALLEL:2:COMPUTE@1
  524     0.00     1538.490        0.019        0.019              7        2.67        2.67    RECMWF_PARALLEL:1:COMPUTE@1
  525     0.00     1538.509        0.019        1.915            333        0.06        5.75    CPUTQY0_PARALLEL:PVAR@1
  526     0.00     1538.526        0.017        0.017             37        0.45        0.45    CPG_DIA_FLU_PARALLEL:3:COMPUTE@1
  527     0.00     1538.542        0.016        1.822             36        0.45       50.60    SCAN2M_TS_DRV@1
  528     0.00     1538.558        0.016        0.611            222        0.07        2.75    LARCINB_PARALLEL:RRINTOPT@1
  529     0.00     1538.574        0.016        1.167            222        0.07        5.26    LATTEX_EXPL_2TL_PARALLEL:3@1
  530     0.00     1538.589        0.015        0.015             37        0.39        0.39    SCAN2M_INIT_T1@1
  531     0.00     1538.603        0.014        1.956            222        0.06        8.81    LAPINEB_PARALLEL:ZERO_GMV9@1
  532     0.00     1538.617        0.014        2.931            222        0.06       13.20    LAPINEB_PARALLEL:CVGQ@1
  533     0.00     1538.631        0.014        0.014              1       14.10       14.10    YOMCLIM:READ_GHG_CLIMATOLOGY@1
  534     0.00     1538.645        0.014        0.797            222        0.06        3.59    GPINISLB_PART2_EXPL_PARALLEL:0@1
  535     0.00     1538.658        0.013        0.020              1       13.44       20.14    FIELDS_MOD:FIELDS_DELETE@1
  536     0.00     1538.671        0.012        0.013            343        0.04        0.04    ICE_EFFECTIVE_RADIUS_GPU@1
  537     0.00     1538.683        0.012        0.015           7800        0.00        0.00    SURFACE_FIELDS_MIX:GPOPER_3@1
  538     0.00     1538.695        0.012       79.422             37        0.33     2146.53    LAPINEB_DRV@1
  539     0.00     1538.707        0.012        0.663            148        0.08        4.48    GPRCP_EXPL_PARALLEL:0@1
  540     0.00     1538.719        0.011        0.012            343        0.03        0.03    radiation_cloud:create_fractional_std_GPU@1
  541     0.00     1538.730        0.011        0.011            343        0.03        0.03    radiation_gas:put_well_mixed_gas_GPU@1
  542     0.00     1538.741        0.011        0.933            185        0.06        5.05    GPRCP_EXPL_PARALLEL:2@1
  543     0.00     1538.751        0.010        0.010              6        1.73        1.73    MINV_8:GECO@1
  544     0.00     1538.761        0.010        0.043            222        0.05        0.20    LAVABO_EXPL_LAITVSPCQM_PART1_PARALLEL:0@1
  545     0.00     1538.771        0.010       13.989             36        0.27      388.59    SPCMNEW_PARALLEL@1
  546     0.00     1538.780        0.010        0.160              1        9.52      159.78    GPNORM_GFL@1
  547     0.00     1538.790        0.009        0.009             37        0.25        0.25    MF_PHYS_TRANSFER_PARALLEL:ALL:COMPUTE@1
  548     0.00     1538.799        0.009        0.632            148        0.06        4.27    GPRCP_EXPL_PARALLEL:4@1
  549     0.00     1538.808        0.009       25.723            222        0.04      115.87    LARCINB_PARALLEL:LAITRE_GFL@1
  550     0.00     1538.817        0.009        0.689            148        0.06        4.66    GPINISLB_PART2_EXPL_PARALLEL:1@1
  551     0.00     1538.826        0.009     1414.586             37        0.24    38232.05    STEPO@1
  552     0.00     1538.834        0.008      121.346              1        8.14   121346.17    STEPX@1
  553     0.00     1538.842        0.008        0.008             37        0.22        0.22    CTVTOT_EXPL_PARALLEL:0:GET_DATA@1
  554     0.00     1538.850        0.008        0.008              1        8.02        8.02    SUGEM2_YRGSGEOM@1
  555     0.00     1538.858        0.008        0.011           9360        0.00        0.00    SURFACE_FIELDS_MIX:GPOPER_2@1
  556     0.00     1538.866        0.008      223.698             37        0.22     6045.88    CALL_SL@1
  557     0.00     1538.873        0.008        0.008              1        7.56        7.56    INI_TIWMX@1
  558     0.00     1538.881        0.008        0.008             37        0.20        0.20    APL_ARPEGE_PARALLEL:EDR:GET_DATA@1
  559     0.00     1538.888        0.007        0.303             31        0.24        9.77    FARCIS_MT@1
  560     0.00     1538.895        0.007        0.033           1560        0.00        0.02    SURFACE_FIELDS_MIX:GPOPER@1
  561     0.00     1538.902        0.007      609.759              7        0.98    87108.43    RECMWF_PARALLEL:ECRAD_GPU:COMPUTE@1
  562     0.00     1538.909        0.007        0.007              2        3.43        3.43    TCFU_TYPE_FINAL@1
  563     0.00     1538.916        0.007        0.007             37        0.18        0.19    LARMES_PARALLEL:LARMES:GET_DATA@1
  564     0.00     1538.923        0.007        0.007              2        3.40        3.40    TXFU_TYPE_FINAL@1
  565     0.00     1538.930        0.007     1380.942             37        0.18    37322.75    SCAN2M@1
  566     0.00     1538.936        0.007      608.050            343        0.02     1772.74    radiation_interface_GPU:radiation_GPU@1
  567     0.00     1538.943        0.006        1.733             74        0.09       23.42    LAPINEB_PARALLEL:ROTUVGEO@1
  568     0.00     1538.949        0.006        0.006             37        0.17        0.17    SCAN2M:COPY@1
  569     0.00     1538.955        0.006        0.006             37        0.17        0.17    SCAN2M:WIPE@1
  570     0.00     1538.961        0.006        0.006              1        6.15        6.17    SUECOZC@1
  571     0.00     1538.967        0.006        0.899            185        0.03        4.86    ACCTND0_PARALLEL:PACC@1
  572     0.00     1538.973        0.005        0.005             36        0.15        0.15    CPCFU_PARALLEL:5:COMPUTE@1
  573     0.00     1538.978        0.005        3.555             37        0.14       96.08    CPGLAG_DRV@1
  574     0.00     1538.983        0.005        0.015              1        5.00       14.82    SUGEM2@1
  575     0.00     1538.988        0.005        0.548             74        0.07        7.41    GPMPFC_EXPL_PART2_PARALLEL:0@1
  576     0.00     1538.993        0.005        0.008          12600        0.00        0.00    FIELD_GFL_WRAPPER:GFL_MAP@1
  577     0.00     1538.997        0.005     1486.265             37        0.13    40169.33    GP_MODEL_DRV@1
  578     0.00     1539.002        0.005        0.007              3        1.59        2.39    FIELD_DEFINITIONS:MAIN_FIELD_SET_METADATA@1
  579     0.00     1539.007        0.005        0.005              1        4.75        4.75    SLRSET@1
  580     0.00     1539.012        0.005        0.005             42        0.11        0.11    UNPAGB@1
  581     0.00     1539.016        0.005        3.295             36        0.13       91.54    SPCSINEW_PARALLEL@1
  582     0.00     1539.021        0.005       72.057             37        0.12     1947.47    LAPINEA_DRV@1
  583     0.00     1539.025        0.004        0.007              1        4.50        7.26    SUMPINI@1
  584     0.00     1539.030        0.004        0.013              3        1.47        4.27    FIELD_GFL_WRAPPER:GFL_FID_SETUP@1
  585     0.00     1539.034        0.004        0.682              1        4.33      682.00    RDFA2SP@1
  586     0.00     1539.038        0.004        0.004            343        0.01        0.01    radiation_flux:deallocate_flux_type_GPU@1
  587     0.00     1539.042        0.004        0.004            343        0.01        0.01    radiation_flux:allocate_flux_type_GPU@1
  588     0.00     1539.046        0.004       20.614             37        0.11      557.13    LAPINEA_PARALLEL:LARCINA@1
  589     0.00     1539.050        0.004        0.004             36        0.11        0.11    SPCHORmval@1
  590     0.00     1539.054        0.004        0.562             37        0.11       15.18    MF_PHYS_MOCON_PARALLEL:PPWETPOINT@1
  591     0.00     1539.058        0.004        0.004              1        3.94        3.94    ALLOCATE_EMPTY_TRAJECTORY@1
  592     0.00     1539.062        0.004        0.004             48        0.08        0.08   *GPRCP_PGFL@30
  593     0.00     1539.062        0.004        0.004             49        0.08        0.08    GPRCP_PGFL@19
  594     0.00     1539.062        0.004        0.004             48        0.08        0.08    GPRCP_PGFL@29
  595     0.00     1539.066        0.004        0.747             36        0.10       20.76    TRSTOMNEW@1
  596     0.00     1539.070        0.004        0.004             37        0.10        0.10    CPXFU_PARALLEL:2:GET_DATA@1
  597     0.00     1539.070        0.004        0.004             49        0.08        0.08    GPRCP_PGFL@22
  598     0.00     1539.070        0.004        0.004             48        0.08        0.08    GPRCP_PGFL@27
  599     0.00     1539.070        0.004        0.004             49        0.08        0.08    GPRCP_PGFL@16
  600     0.00     1539.070        0.004        0.004             48        0.08        0.08    GPRCP_PGFL@32
  601     0.00     1539.070        0.004        0.004             49        0.08        0.08    GPRCP_PGFL@13
  602     0.00     1539.070        0.004        0.004             49        0.08        0.08    GPRCP_PGFL@15
  603     0.00     1539.070        0.004        0.004             49        0.08        0.08    GPRCP_PGFL@20
  604     0.00     1539.070        0.004        0.004             48        0.08        0.08    GPRCP_PGFL@28
  605     0.00     1539.070        0.004        0.004             49        0.07        0.08    GPRCP_PGFL@18
  606     0.00     1539.070        0.004        0.004             49        0.07        0.08    GPRCP_PGFL@14
  607     0.00     1539.073        0.004       10.760             37        0.10      290.80    APL_ARPEGE_PARALLEL:QNGCOR@1
  608     0.00     1539.073        0.004        0.004             48        0.08        0.08    GPRCP_PGFL@31
  609     0.00     1539.073        0.004        0.004             48        0.08        0.08    GPRCP_PGFL@26
  610     0.00     1539.073        0.004        0.004             49        0.07        0.08    GPRCP_PGFL@23
  611     0.00     1539.073        0.004        0.004             49        0.07        0.08    GPRCP_PGFL@21
  612     0.00     1539.073        0.004        0.004             49        0.07        0.08    GPRCP_PGFL@17
  613     0.00     1539.077        0.004        0.004             11        0.33        0.33    GRIB_API:IGRIB_SET_INT@1
  614     0.00     1539.077        0.004        0.004             49        0.07        0.08    GPRCP_PGFL@24
  615     0.00     1539.077        0.004        0.004             49        0.07        0.07    GPRCP_PGFL@12
  616     0.00     1539.077        0.004        0.004             49        0.07        0.07    GPRCP_PGFL@8
  617     0.00     1539.077        0.004        0.004             49        0.07        0.07    GPRCP_PGFL@10
  618     0.00     1539.077        0.004        0.004             49        0.07        0.07    GPRCP_PGFL@11
  619     0.00     1539.077        0.004        0.004             49        0.07        0.07    GPRCP_PGFL@7
  620     0.00     1539.077        0.004        0.004             49        0.07        0.07    GPRCP_PGFL@5
  621     0.00     1539.077        0.004        0.004             49        0.07        0.07    GPRCP_PGFL@6
  622     0.00     1539.080        0.004        0.004              8        0.44        0.44    UPDECAEC@1
  623     0.00     1539.080        0.004        0.004             49        0.07        0.07    GPRCP_PGFL@9
  624     0.00     1539.080        0.003        0.004             48        0.07        0.08    GPRCP_PGFL@25
  625     0.00     1539.084        0.003        0.003              1        3.48        3.48    RRTM_KGB1@1
  626     0.00     1539.087        0.003        6.405            148        0.02       43.28    GPRCP_EXPL_PARALLEL@1
  627     0.00     1539.091        0.003        0.003              1        3.46        3.46    SPECTRAL_FIELDS_MOD:DEALLOCATE_SPEC@1
  628     0.00     1539.094        0.003        0.066             37        0.09        1.78    LAVABO_PARALLEL:0@1
  629     0.00     1539.098        0.003        1.371             36        0.09       38.08    TRMTOSNEW@1
  630     0.00     1539.098        0.003        0.003             49        0.07        0.07    GPRCP_PGFL@4
  631     0.00     1539.101        0.003        0.003             37        0.09        0.09    CPG_PARALLEL:LSMTSOL:COMPUTE@1
  632     0.00     1539.104        0.003       54.935             37        0.09     1484.73    APL_ARPEGE_SHALLOW_CONVECTION_AND_TURBULENCE_PARALLEL:ACTKE@1
  633     0.00     1539.107        0.003        0.359             37        0.09        9.70    CPG_GP_HYD_PARALLEL:3@1
  634     0.00     1539.111        0.003        0.224             37        0.09        6.06    MF_PHYS_FPL_PART2_PARALLEL:PART2@1
  635     0.00     1539.111        0.003        0.003             49        0.07        0.07    GPRCP_PGFL@3
  636     0.00     1539.111        0.003        0.003             49        0.07        0.07    GPRCP_PGFL@2
  637     0.00     1539.114        0.003        7.269             36        0.09      201.92    SPCHORNEW_PARALLEL3@1
  638     0.00     1539.117        0.003        1.920            666        0.00        2.88    CPUTQY0_PARALLEL@1
  639     0.00     1539.117        0.003        0.003             49        0.06        0.06    GPRCP_PGFL@1
  640     0.00     1539.120        0.003     1127.303             37        0.08    30467.65    APL_ARPEGE_PARALLEL@1
  641     0.00     1539.123        0.003       22.547             37        0.08      609.37    LARCINB_PARALLEL:LRHS_CURV_F@1
  642     0.00     1539.126        0.003        3.018             37        0.08       81.57    LATTES_PARALLEL:0@1
  643     0.00     1539.129        0.003        4.813             37        0.08      130.07    LAVENT_PARALLEL:0@1
  644     0.00     1539.132        0.003        0.213             37        0.08        5.77    MF_PHYS_FPL_PART1_PARALLEL:PART1@1
  645     0.00     1539.135        0.003        3.949             37        0.08      106.72    LARCINB_PARALLEL:LAITRE_GMV@1
  646     0.00     1539.138        0.003        0.013             37        0.08        0.34    MF_PHYS_TRANSFER_PARALLEL:ALL@1
  647     0.00     1539.141        0.003        3.188             37        0.08       86.16    MF_PHYS_PREP_PARALLEL:PREP@1
  648     0.00     1539.144        0.003        0.003            686        0.00        0.00    radiation_single_level:deallocate_single_level_GPU@1
  649     0.00     1539.147        0.003        0.003              5        0.57        0.58    FIELD_CONTAINER_GP_MOD:FIELD_DESTROY@1
  650     0.00     1539.149        0.003        2.281             37        0.08       61.65    LARCINB_PARALLEL:LCOMAD_SP@1
  651     0.00     1539.152        0.003        0.008              1        2.82        7.57    SLCSET@1
  652     0.00     1539.155        0.003       13.358             37        0.08      361.03    LATTEX_PARALLEL:MAIN@1
  653     0.00     1539.158        0.003        0.132             37        0.08        3.57    LACDYN_PARALLEL:ZMIXNL@1
  654     0.00     1539.161        0.003        1.250             37        0.08       33.79    LAPINEB_PARALLEL:NVLAG3@1
  655     0.00     1539.164        0.003        0.003            134        0.02        0.02    SUHES@1
  656     0.00     1539.166        0.003        0.167             37        0.08        4.52    CPUTQY_APLPAR_EXPL_PARALLEL:ZTDCP@1
  657     0.00     1539.169        0.003        0.267             37        0.08        7.22    APL_ARPEGE_ALBEDO_COMPUTATION_PARALLEL:0@1
  658     0.00     1539.172        0.003       24.388             37        0.07      659.12    MF_PHYS_INIT_PARALLEL:ZERO@1
  659     0.00     1539.175        0.003        1.752             37        0.07       47.34    APL_ARPEGE_PARALLEL:CPPHINP@1
  660     0.00     1539.177        0.003        0.801             37        0.07       21.66    LAPINEB_PARALLEL:ROTUV@1
  661     0.00     1539.180        0.003        0.003             37        0.07        0.07    CPXFU_PARALLEL:0:GET_DATA@1
  662     0.00     1539.183        0.003        1.330             37        0.07       35.96    LARCINB_PARALLEL:NTLAG_3@1
  663     0.00     1539.185        0.003        9.771             37        0.07      264.07    LAPINEB_PARALLEL:LARCHE@1
  664     0.00     1539.188        0.003        0.464             37        0.07       12.55    LAPINEB_PARALLEL:TEMP_EQ@1
  665     0.00     1539.190        0.003        0.003             14        0.19        0.19    GRIB_API:IGRIB_GET_INT8@1
  666     0.00     1539.193        0.003        0.383             37        0.07       10.36    LAPINEB_PARALLEL:ZVWEI@1
  667     0.00     1539.196        0.003        0.003             37        0.07        0.07    MF_PHYS_INIT_PARALLEL:ZERO:GET_DATA@1
  668     0.00     1539.198        0.003        2.606             37        0.07       70.42    CPUTQY_APLPAR_EXPL_PARALLEL:ZDEC@1
  669     0.00     1539.201        0.003        0.486             37        0.07       13.12    LAPINEB_PARALLEL:L_RDRY_VD@1
  670     0.00     1539.203        0.003        2.249             74        0.03       30.39    GPMPFC_EXPL_PARALLEL:1@1
  671     0.00     1539.206        0.002        1.804             37        0.07       48.77    LAPINEB_PARALLEL:LACONE@1
  672     0.00     1539.208        0.002        3.463             37        0.07       93.61    APL_ARPEGE_DEEP_CONVECTION_PARALLEL:COPY@1
  673     0.00     1539.211        0.002        8.202             37        0.07      221.69    APL_ARPEGE_SURFACE_PARALLEL:LMSE_F@1
  674     0.00     1539.213        0.002        0.002              1        2.41        2.41    radiation_pdf_sampler:setup_pdf_sampler_GPU@1
  675     0.00     1539.215        0.002        0.002            343        0.01        0.01    CLOUD_OVERLAP_DECORR_LEN_GPU@1
  676     0.00     1539.218        0.002        0.463             37        0.06       12.51    CPUTQY_APLPAR_EXPL_PARALLEL:PFDIS@1
  677     0.00     1539.220        0.002       51.429             37        0.06     1389.98    LARMES_PARALLEL:LARMES@1
  678     0.00     1539.222        0.002        0.249             37        0.06        6.73    LASSIE_PARALLEL:GPRCP@1
  679     0.00     1539.225        0.002        0.089             37        0.06        2.42    CPG_PARALLEL:ISETTLOFF@1
  680     0.00     1539.227        0.002        0.023             36        0.06        0.64    CPG_END_SFC_PARALLEL:SET0TO1@1
  681     0.00     1539.229        0.002        0.339             37        0.06        9.17    GPRCP_EXPL_PARALLEL:5@1
  682     0.00     1539.232        0.002        1.668             37        0.06       45.08    CPG_GP_PARALLEL:GPINISLB_PART1_EXPL@1
  683     0.00     1539.234        0.002        0.002              1        2.28        2.28    SUVSLETA@1
  684     0.00     1539.236        0.002        0.002              1        2.27        2.27    radiation_cloud_optics_data:setup_cloud_optics_data_GPU@1
  685     0.00     1539.238        0.002        3.208             37        0.06       86.70    APL_ARPEGE_SURFACE_PARALLEL:ACDIFV2@1
  686     0.00     1539.240        0.002        1.478             37        0.06       39.95    APL_ARPEGE_PARALLEL:ZDE2MR@1
  687     0.00     1539.243        0.002        0.422             37        0.06       11.40    CPG_GP_PARALLEL:GPINISLB_PART3_EXPL@1
  688     0.00     1539.245        0.002        0.003            343        0.01        0.01    radiation_single_level:allocate_single_level_GPU@1
  689     0.00     1539.247        0.002        0.002             75        0.03        0.03    SCAN2M_ALLOCATE_VARIABLES@1
  690     0.00     1539.249        0.002        0.029             37        0.06        0.77    CPG_GP_PARALLEL:SET1TO0@1
  691     0.00     1539.251        0.002        6.375             37        0.06      172.31    APL_ARPEGE_INIT_PARALLEL:4@1
  692     0.00     1539.253        0.002       46.085             37        0.06     1245.54    APL_ARPEGE_PRECIPITATION_PARALLEL:ACUPTQ@1
  693     0.00     1539.256        0.002       31.952             37        0.06      863.58    CPG_GP_HYD_PARALLEL:2@1
  694     0.00     1539.258        0.002        0.019             37        0.06        0.51    CPG_DIA_FLU_PARALLEL:3@1
  695     0.00     1539.260        0.002        0.003              1        2.14        2.52    SUMP@1
  696     0.00     1539.262        0.002        0.145             37        0.06        3.91    CPG_GP_PARALLEL:GP_SPV@1
  697     0.00     1539.264        0.002        1.187              1        2.11     1186.98    SUINIF@1
  698     0.00     1539.266        0.002        0.005              3        0.70        1.69    FAITOU_MT@1
  699     0.00     1539.268        0.002        0.002              8        0.26        0.26    UPD_GHGCLIM@1
  700     0.00     1539.270        0.002       20.429             37        0.06      552.14    ACVPPKF_PARALLEL:PART3@1
  701     0.00     1539.273        0.002        2.147             37        0.06       58.03    APL_ARPEGE_PARALLEL:DIFTQ@1
  702     0.00     1539.275        0.002        0.399             37        0.06       10.80    CPGLAG_PARALLEL:STR@1
  703     0.00     1539.277        0.002        0.002             37        0.06        0.06    CPXFU_PARALLEL:3:GET_DATA@1
  704     0.00     1539.279        0.002        4.297             37        0.05      116.13    APL_ARPEGE_PARALLEL:ZBAY_QRCONV@1
  705     0.00     1539.281        0.002        0.083             30        0.07        2.76    APL_ARPEGE_RADIATION_PARALLEL:CALLRAD_F@1
  706     0.00     1539.283        0.002        1.258             37        0.05       33.99    CPGLAG_PARALLEL:0@1
  707     0.00     1539.285        0.002        1.936             37        0.05       52.32    APL_ARPEGE_RADIATION_PARALLEL:ACDAYD@1
  708     0.00     1539.287        0.002        0.778             37        0.05       21.04    APL_ARPEGE_PARALLEL:ACEVADCAPE@1
  709     0.00     1539.289        0.002        0.619             37        0.05       16.73    APL_ARPEGE_PARALLEL:ACSOL@1
  710     0.00     1539.291        0.002        0.269             37        0.05        7.28    CTVTOT_EXPL_PARALLEL:0@1
  711     0.00     1539.292        0.002        0.611             37        0.05       16.52    APL_ARPEGE_HYDRO_BUDGET_PARALLEL:ACDROV@1
  712     0.00     1539.294        0.002        7.531             37        0.05      203.55    CPG_GP_HYD_PARALLEL:1@1
  713     0.00     1539.296        0.002        0.062             37        0.05        1.66    CPG_DIA_FLU_PARALLEL:1@1
  714     0.00     1539.298        0.002        0.095             37        0.05        2.57    APL_ARPEGE_RADIATION_PARALLEL:LMSE_F@1
  715     0.00     1539.300        0.002        0.789             37        0.05       21.33    APL_ARPEGE_PARALLEL:ZRDG_LCVQ@1
  716     0.00     1539.302        0.002        0.105             37        0.05        2.83    APL_ARPEGE_PARALLEL:FRSOPT@1
  717     0.00     1539.304        0.002        0.052             37        0.05        1.41    APL_ARPEGE_PARALLEL:PLSM@1
  718     0.00     1539.306        0.002        0.025              1        1.88       24.78    IFS_INIT@1
  719     0.00     1539.308        0.002        0.002            235        0.01        0.01    SPNORMAVE@1
  720     0.00     1539.310        0.002        0.002              1        1.87        2.23    YOEAERC:SUECAEC@1
  721     0.00     1539.311        0.002        0.902            333        0.01        2.71    ACCTND0_PARALLEL@1
  722     0.00     1539.313        0.002        1.657             37        0.05       44.77    APL_ARPEGE_OCEANIC_FLUXES_PARALLEL:ACFLUSO@1
  723     0.00     1539.315        0.002       30.520             37        0.05      824.86    ACVPPKF_PARALLEL:PART1@1
  724     0.00     1539.317        0.002        0.002             37        0.05        0.05    APL_ARPEGE_PARALLEL:PRECIPS:GET_DATA@1
  725     0.00     1539.319        0.002        0.101             37        0.05        2.74    APL_ARPEGE_PARALLEL:BAYRAD@1
  726     0.00     1539.321        0.002        0.113             37        0.05        3.05    APL_ARPEGE_PARALLEL:PRECIPS@1
  727     0.00     1539.322        0.002        0.002              1        1.79        1.79    SUGEM2_YRCSGEOM@1
  728     0.00     1539.324        0.002        1.004             37        0.05       27.13    CPG_PARALLEL:ZEROPB2@1
  729     0.00     1539.326        0.002        1.210             37        0.05       32.69    APL_ARPEGE_PARALLEL:ACVISIH@1
  730     0.00     1539.328        0.002        2.114             37        0.05       57.13    APL_ARPEGE_PARALLEL:APLPAR_INIT@1
  731     0.00     1539.329        0.002        0.004              1        1.74        4.35    SUARG@1
  732     0.00     1539.331        0.002        0.928             37        0.05       25.08    APL_ARPEGE_PARALLEL:PPWETPOINT@1
  733     0.00     1539.333        0.002        0.002             37        0.05        0.05    LATTEX_PARALLEL:MAIN:GET_DATA@1
  734     0.00     1539.335        0.002        0.203             37        0.05        5.49    CPXFU_PARALLEL:3@1
  735     0.00     1539.336        0.002        2.536             37        0.05       68.55    APL_ARPEGE_INIT_PARALLEL:5@1
  736     0.00     1539.338        0.002        0.002             36        0.05        0.05    CPCFU_PARALLEL:2:GET_DATA@1
  737     0.00     1539.340        0.002        0.635             37        0.05       17.16    APL_WIND_GUST_PARALLEL:ACCLDIA@1
  738     0.00     1539.341        0.002       11.273             37        0.05      304.68    LASSIE_PARALLEL:SITNU@1
  739     0.00     1539.343        0.002        0.115             37        0.05        3.10    APL_ARPEGE_INIT_PARALLEL:6@1
  740     0.00     1539.345        0.002        0.494             37        0.05       13.35    GPTF1_YDVARS_PARALLEL:LTWOTL@1
  741     0.00     1539.346        0.002        0.002            343        0.00        0.01    radiation_cloud:deallocate_cloud_arrays_GPU@1
  742     0.00     1539.348        0.002        0.002             36        0.05        0.05    CPCFU_PARALLEL:1:GET_DATA@1
  743     0.00     1539.350        0.002        0.134              1        1.67      133.64    SPECRT@1
  744     0.00     1539.351        0.002        0.002              1        1.66        1.82    SUHDF@1
  745     0.00     1539.353        0.002       29.798             37        0.04      805.34    APL_ARPEGE_ATMOSPHERE_UPDATE_PARALLEL:CPTEND_NEW@1
  746     0.00     1539.355        0.002        2.931             37        0.04       79.23    APL_ARPEGE_DEEP_CONVECTION_PARALLEL:INIT@1
  747     0.00     1539.356        0.002        3.842             37        0.04      103.82    APL_ARPEGE_PARALLEL:ACDRME@1
  748     0.00     1539.358        0.002        1.375             37        0.04       37.16    LARCINB_PARALLEL:NVLAG_3@1
  749     0.00     1539.359        0.002        0.003              3        0.52        0.93    "lfiouv_alts_ext"@1:lfi_alts.c
  750     0.00     1539.361        0.002       17.481             37        0.04      472.46    ACVPPKF_PARALLEL:PART0@1
  751     0.00     1539.362        0.002        0.002            222        0.01        0.01    LARCINB_PARALLEL:RRINTOPT:GET_DATA@1
  752     0.00     1539.364        0.002        1.619             37        0.04       43.76    APL_ARPEGE_DEEP_CONVECTION_PARALLEL:ACUPTQ@1
  753     0.00     1539.366        0.002       18.659             37        0.04      504.29    APL_ARPEGE_INIT_PARALLEL:3@1
  754     0.00     1539.367        0.002        9.814             37        0.04      265.25    APL_ARPEGE_PARALLEL:ACCLPH@1
  755     0.00     1539.369        0.002     1258.910             37        0.04    34024.59    CPG_PARALLEL@1
  756     0.00     1539.370        0.001        0.002             37        0.04        0.04    CPG_GP_HYD_PARALLEL:2:GET_DATA@1
  757     0.00     1539.372        0.001        0.182             36        0.04        5.05    CPCFU_PARALLEL:2@1
  758     0.00     1539.373        0.001        0.002           3204        0.00        0.00    FIELD_DEFINITIONS_BASE:SET_FVAR@1
  759     0.00     1539.374        0.001        0.003             37        0.04        0.07    LAVABO_PARALLEL:1@1
  760     0.00     1539.376        0.001       54.267             37        0.04     1466.67    APL_ARPEGE_DEEP_CONVECTION_PARALLEL:CUCALLN_MF@1
  761     0.00     1539.377        0.001        3.223             37        0.04       87.12    APL_ARPEGE_DEEP_CONVECTION_PARALLEL:ZERO@1
  762     0.00     1539.379        0.001       79.410             37        0.04     2146.21    LAPINEB_PARALLEL@1
  763     0.00     1539.380        0.001        0.128             37        0.04        3.46    CPG_GP_PARALLEL:GPTF2_EXPL_2TL@1
  764     0.00     1539.382        0.001        0.188             37        0.04        5.08    CPGLAG_PARALLEL:1@1
  765     0.00     1539.383        0.001        0.001              1        1.43        1.43    SUHSLMER@1
  766     0.00     1539.385        0.001        0.001             37        0.04        0.04    APL_ARPEGE_ATMOSPHERE_UPDATE_PARALLEL:CPTEND_NEW:GET_DATA@1
  767     0.00     1539.386        0.001        0.101             37        0.04        2.74    LACDYN_PARALLEL:LASURE@1
  768     0.00     1539.387        0.001        0.002              1        1.42        1.88    SUMCUF@1
  769     0.00     1539.389        0.001        0.030             37        0.04        0.81    LAVABO_PARALLEL:2@1
  770     0.00     1539.390        0.001       57.822             37        0.04     1562.74    LARCINB_PARALLEL@1
  771     0.00     1539.392        0.001        0.005             37        0.04        0.14    CPG_PARALLEL:LSMTSOL@1
  772     0.00     1539.393        0.001        0.001              1        1.37        1.38    SUMPOUT@1
  773     0.00     1539.394        0.001        0.001             37        0.04        0.04    CPG_GP_PARALLEL:MAP_FACTOR:GET_DATA@1
  774     0.00     1539.396        0.001        0.001             37        0.04        0.04    APL_ARPEGE_PARALLEL:ACDRAG:GET_DATA@1
  775     0.00     1539.397        0.001        0.266             36        0.04        7.39    SPCSIDG_PART2ACC@1
  776     0.00     1539.398        0.001        0.001             37        0.04        0.04    APL_ARPEGE_INIT_PARALLEL:3:GET_DATA@1
  777     0.00     1539.400        0.001        0.101             37        0.04        2.73    GPMPFC_EXPL_PARALLEL:0@1
  778     0.00     1539.401        0.001        0.001              1        1.33        1.33    SURFACE_FIELDS_MIX:ALLO_SURF@1
  779     0.00     1539.402        0.001        0.001            222        0.01        0.01    LARCINB_PARALLEL:LAITRE_GFL:GET_DATA@1
  780     0.00     1539.404        0.001        6.063             37        0.04      163.86    CPUTQY_APLPAR_EXPL_PARALLEL@1
  781     0.00     1539.405        0.001        0.106             37        0.03        2.86    CPXFU_PARALLEL:0@1
  782     0.00     1539.406        0.001        0.001             36        0.04        0.04    CPCFU_PARALLEL:3:GET_DATA@1
  783     0.00     1539.408        0.001        5.128             37        0.03      138.58    CPG_PARALLEL:SHUFFLESL1@1
  784     0.00     1539.409        0.001        0.001            343        0.00        0.00    radiation_gas:deallocate_gas_GPU@1
  785     0.00     1539.410        0.001        2.971             37        0.03       80.29    CPG_DIA_FLU_PARALLEL:0@1
  786     0.00     1539.411        0.001        0.001             37        0.03        0.03    ACVPPKF_PARALLEL:PART0:GET_DATA@1
  787     0.00     1539.412        0.001        2.523             37        0.03       68.20    CPG_PARALLEL:ZEROSL1@1
  788     0.00     1539.414        0.001        0.001            343        0.00        0.00    radiation_cloud:allocate_cloud_arrays_GPU@1
  789     0.00     1539.415        0.001        0.001              4        0.29        0.29    GRIB_API:IGRIB_SET_REAL8_ARRAY@1
  790     0.00     1539.416        0.001        0.001             37        0.03        0.03    APL_ARPEGE_PARALLEL:ACSOL:GET_DATA@1
  791     0.00     1539.417        0.001        0.001              1        1.14        1.14    radiation_aerosol_optics_data:setup_aerosol_optics_data_GPU@1
  792     0.00     1539.418        0.001        0.028             37        0.03        0.75    CPG_GP_PARALLEL:SETZERO@1
  793     0.00     1539.419        0.001        0.466              1        1.13      465.74    SUGEOMETRY@1
  794     0.00     1539.421        0.001        3.585             37        0.03       96.88    CPG_GP_HYD_PARALLEL:0@1
  795     0.00     1539.422        0.001        0.007             38        0.03        0.19    UPDTIM@1
  796     0.00     1539.423        0.001        0.001             37        0.03        0.03    APL_ARPEGE_DEEP_CONVECTION_PARALLEL:CUCALLN_MF:GET_DATA@1
  797     0.00     1539.424        0.001        0.001             37        0.03        0.03    LAVENT_PARALLEL:0:GET_DATA@1
  798     0.00     1539.425        0.001       16.261             37        0.03      439.49    APL_ARPEGE_CLOUDINESS_PARALLEL:ACNEBCOND@1
  799     0.00     1539.426        0.001        0.930             72        0.02       12.91    VERDISINTACC@1
  800     0.00     1539.427        0.001        0.001             36        0.03        0.03    CPCFU_PARALLEL:0:GET_DATA@1
  801     0.00     1539.428        0.001        0.001             37        0.03        0.03    APL_ARPEGE_SURFACE_PARALLEL:LMSE_F:GET_DATA@1
  802     0.00     1539.429        0.001        0.630             37        0.03       17.02    CPXFU_PARALLEL:4@1
  803     0.00     1539.430        0.001        0.549             74        0.01        7.42    GPMPFC_EXPL_PART2_PARALLEL@1
  804     0.00     1539.431        0.001        0.101             37        0.03        2.72    CPXFU_PARALLEL:1@1
  805     0.00     1539.432        0.001        0.001            222        0.00        0.01    LAPINEB_PARALLEL:ZERO_GMV9:GET_DATA@1
  806     0.00     1539.433        0.001        0.001              2        0.52        0.53    YOE_SPECTRAL_PLANCK:INIT@1
  807     0.00     1539.435        0.001        1.406             37        0.03       38.01    APL_ARPEGE_SURFACE_UPDATE_PARALLEL:LMSE_F@1
  808     0.00     1539.436        0.001        1.487             37        0.03       40.18    GPINISLB_PART2_EXPL_PARALLEL@1
  809     0.00     1539.437        0.001        0.103             36        0.03        2.87    CPCFU_PARALLEL:0@1
  810     0.00     1539.438        0.001        0.001             36        0.03        0.03    SPCSINEW_PAR_dataout2@1
  811     0.00     1539.439        0.001        0.001            555        0.00        0.00    GPRCP_EXPL_PARALLEL:1:NULLIFY@1
  812     0.00     1539.440        0.001        0.001             37        0.03        0.03    APL_ARPEGE_PARALLEL:APLPAR_INIT:GET_DATA@1
  813     0.00     1539.441        0.001        0.042              1        1.03       41.70    SUOROG@1
  814     0.00     1539.442        0.001        1.329             37        0.03       35.92    CPG_DIA_FLU_PARALLEL:2@1
  815     0.00     1539.443        0.001        0.001              3        0.34        0.34    GRIB_API:IGRIB_CLONE@1
  816     0.00     1539.444        0.001       12.684             36        0.03      352.34    SPCMNEW_PAR_horsmem@1
  817     0.00     1539.445        0.001        0.001             37        0.03        0.03    LAVABO_PARALLEL:1:COMPUTE@1
  818     0.00     1539.446        0.001        1.505             37        0.03       40.69    APL_ARPEGE_RADIATION_PARALLEL:RADHEAT@1
  819     0.00     1539.447        0.001        0.001            333        0.00        0.00    CPUTQY0_PARALLEL:PVAR:GET_DATA@1
  820     0.00     1539.448        0.001        0.107             37        0.03        2.90    CPG_GP_PARALLEL:MAP_FACTOR@1
  821     0.00     1539.449        0.001       15.809             37        0.03      427.26    APL_ARPEGE_SURFACE_PARALLEL:ACDIFV1@1
  822     0.00     1539.450        0.001        0.084             36        0.03        2.33    CPCFU_PARALLEL:3@1
  823     0.00     1539.451        0.001        0.097             36        0.03        2.71    APL_ARPEGE_RADIATION_PARALLEL:SUNSHINE@1
  824     0.00     1539.452        0.001        0.001              3        0.32        0.32    "lfiouv_alts_ext:read"@1:lfi_alts.c
  825     0.00     1539.453        0.001        0.102             37        0.03        2.75    APL_ARPEGE_PARALLEL:ZDPHIV@1
  826     0.00     1539.454        0.001       51.574             37        0.03     1393.90    CPG_GP_PARALLEL@1
  827     0.00     1539.454        0.001        0.493             37        0.03       13.32    CPXFU_PARALLEL:2@1
  828     0.00     1539.455        0.001        0.001             37        0.03        0.03    APL_ARPEGE_PARALLEL:CPPHINP:GET_DATA@1
  829     0.00     1539.456        0.001        0.064             37        0.03        1.73    CPG_DIA_FLU_PARALLEL:4@1
  830     0.00     1539.457        0.001        0.343             36        0.03        9.52    CPCFU_PARALLEL:1@1
  831     0.00     1539.458        0.001        0.001             37        0.03        0.03    APL_ARPEGE_ALBEDO_COMPUTATION_PARALLEL:0:GET_DATA@1
  832     0.00     1539.459        0.001        0.007             36        0.03        0.18    CPCFU_PARALLEL:5@1
  833     0.00     1539.460        0.001        0.001             37        0.02        0.02    APL_ARPEGE_INIT_PARALLEL:1:GET_DATA@1
  834     0.00     1539.461        0.001        0.001              1        0.91        1.16    SUVERTFE3D@1
  835     0.00     1539.462        0.001     1154.883             37        0.02    31213.06    MF_PHYS_PARALLEL@1
  836     0.00     1539.463        0.001        0.001             37        0.02        0.02    ACVPPKF_PARALLEL:PART1:GET_DATA@1
  837     0.00     1539.464        0.001        0.001             37        0.02        0.02    APL_ARPEGE_SHALLOW_CONVECTION_AND_TURBULENCE_PARALLEL:ACTKE:GET_DATA@1
  838     0.00     1539.465        0.001     1539.207              1        0.88  1539206.92    CNT0@1
  839     0.00     1539.465        0.001        0.375             43        0.02        8.73    FADECI_MT@1
  840     0.00     1539.466        0.001        0.001             36        0.02        0.02    SPCSINEW_PAR_datain2@1
  841     0.00     1539.467        0.001        0.001           2163        0.00        0.00    GFL_SUBS_MOD:FALSIFY_GFL_COMP@1
  842     0.00     1539.468        0.001        0.001             37        0.02        0.02    APL_ARPEGE_INIT_PARALLEL:5:GET_DATA@1
  843     0.00     1539.469        0.001        1.168             37        0.02       31.56    LATTEX_EXPL_2TL_PARALLEL@1
  844     0.00     1539.470        0.001        0.001            148        0.01        0.01    GPRCP_EXPL_PARALLEL:0:GET_DATA@1
  845     0.00     1539.470        0.001        0.001             37        0.02        0.02    APL_ARPEGE_SURFACE_UPDATE_PARALLEL:LMSE_F:GET_DATA@1
  846     0.00     1539.471        0.001       12.350             37        0.02      333.78    APL_ARPEGE_PARALLEL:ACTQSAT@1
  847     0.00     1539.472        0.001        0.002              1        0.79        2.32    SUGFL2@1
  848     0.00     1539.473        0.001        0.248             37        0.02        6.71    APL_ARPEGE_SOIL_HYDRO_PARALLEL:ACVEG@1
  849     0.00     1539.474        0.001        1.805             36        0.02       50.15    SCAN2M_TS_PARALLEL@1
  850     0.00     1539.474        0.001        0.001             37        0.02        0.02    APL_ARPEGE_SURFACE_PARALLEL:ACDIFV2:GET_DATA@1
  851     0.00     1539.475        0.001        0.001             37        0.02        0.02    LARCINB_PARALLEL:LRHS_CURV_F:GET_DATA@1
  852     0.00     1539.476        0.001        0.001              1        0.76        0.76    SULAP@1
  853     0.00     1539.477        0.001        0.001             74        0.01        0.01    LAPINEB_PARALLEL:ROTUVGEO:GET_DATA@1
  854     0.00     1539.477        0.001        0.001              2        0.37        0.37    GRIB_API:IGRIB_GET_CHAR@1
  855     0.00     1539.478        0.001        3.717              7        0.11      530.99    RECMWF_PARALLEL:PREPARE@1
  856     0.00     1539.479        0.001        0.001             37        0.02        0.02    APL_ARPEGE_SOIL_HYDRO_PARALLEL:ACVEG:GET_DATA@1
  857     0.00     1539.480        0.001        0.001            343        0.00        0.00    radiation_thermodynamics:deallocate_thermodynamics_arrays_GPU@1
  858     0.00     1539.480        0.001        0.001              1        0.73        0.73    SUDEFO_GFLATTR@1
  859     0.00     1539.481        0.001        0.102             37        0.02        2.74    APL_ARPEGE_RADIATION_PARALLEL:DIRECT@1
  860     0.00     1539.482        0.001        0.001              1        0.72        0.80    SUCT0@1
  861     0.00     1539.482        0.001        0.009             39        0.02        0.22    SPNORMBE@1
  862     0.00     1539.483        0.001        6.734             37        0.02      182.01    APL_ARPEGE_PARALLEL:ACDRAG@1
  863     0.00     1539.484        0.001        0.001              1        0.69        0.69    SRTM_KGB16@1
  864     0.00     1539.485        0.001        0.001            324        0.00        0.00    SCAN2M_TS_PARALLEL:0:GET_DATA@1
  865     0.00     1539.485        0.001        6.703             37        0.02      181.15    CPG_DIA_FLU_PARALLEL@1
  866     0.00     1539.486        0.001        0.001            309        0.00        0.00    SET2PE@1
  867     0.00     1539.487        0.001        0.001            324        0.00        0.00    SCAN2M_TS_PARALLEL:0:NULLIFY@1
  868     0.00     1539.487        0.001       51.376             37        0.02     1388.53    APL_ARPEGE_DPRECIPS_PARALLEL:0@1
  869     0.00     1539.488        0.001       65.521             37        0.02     1770.84    APL_ARPEGE_DEEP_CONVECTION_PARALLEL@1
  870     0.00     1539.489        0.001        0.001              1        0.67        0.67    MF_PHYS_SAVE_PHSURF_PART1_PARALLEL:PART1:COMPUTE@1
  871     0.00     1539.489        0.001       35.485             37        0.02      959.06    LACDYN_PARALLEL@1
  872     0.00     1539.490        0.001        0.200              1        0.65      199.84    SUGRIDF@1
  873     0.00     1539.491        0.001        0.019              7        0.09        2.77    RECMWF_PARALLEL:1@1
  874     0.00     1539.491        0.001        0.001            343        0.00        0.00    radiation_aerosol:deallocate_aerosol_arrays_GPU@1
  875     0.00     1539.492        0.001        0.001            222        0.00        0.00    LATTEX_EXPL_2TL_PARALLEL:3:GET_DATA@1
  876     0.00     1539.493        0.001        0.001            664        0.00        0.00    PE2SET@1
  877     0.00     1539.493        0.001        0.001             37        0.02        0.02    APL_ARPEGE_DEEP_CONVECTION_PARALLEL:INIT:GET_DATA@1
  878     0.00     1539.494        0.001        0.001            222        0.00        0.00    LAPINEB_PARALLEL:CVGQ:GET_DATA@1
  879     0.00     1539.494        0.001        0.510             37        0.02       13.79    APL_ARPEGE_PARALLEL:EDR@1
  880     0.00     1539.495        0.001        0.001            343        0.00        0.00    radiation_gas:allocate_gas_GPU@1
  881     0.00     1539.496        0.001        0.001             37        0.02        0.02    CPXFU_PARALLEL:4:GET_DATA@1
  882     0.00     1539.496        0.001      154.603             37        0.02     4178.47    APL_ARPEGE_SHALLOW_CONVECTION_AND_TURBULENCE_PARALLEL@1
  883     0.00     1539.497        0.001        0.011              1        0.62       10.82    SUVERTFE3@1
  884     0.00     1539.498        0.001        0.001            333        0.00        0.00    CPUTQY0_PARALLEL:PVAR:NULLIFY@1
  885     0.00     1539.498        0.001        0.020              7        0.09        2.81    RECMWF_PARALLEL:ECRAD_POST@1
  886     0.00     1539.499        0.001        0.001              7        0.09        0.09    APL_ARPEGE_AEROSOLS_FOR_RADIATION_PARALLEL:RADAER:GET_DATA@1
  887     0.00     1539.499        0.001        0.001             37        0.02        0.02    ACVPPKF_PARALLEL:PART3:GET_DATA@1
  888     0.00     1539.500        0.001        0.001             37        0.02        0.02    CPG_GP_HYD_PARALLEL:1:GET_DATA@1
  889     0.00     1539.501        0.001        0.001            343        0.00        0.00    radiation_thermodynamics:allocate_thermodynamics_arrays_GPU@1
  890     0.00     1539.501        0.001        0.001             37        0.02        0.02    LAPINEA_PARALLEL:LARCINA:GET_DATA@1
  891     0.00     1539.502        0.001        0.001             37        0.02        0.02    LATTES_PARALLEL:0:GET_DATA@1
  892     0.00     1539.502        0.001        0.001              1        0.60        1.20    SUFA@1
  893     0.00     1539.503        0.001        0.002              1        0.59        2.23    SU_SURF_FLDS@1
  894     0.00     1539.504        0.001        3.550             37        0.02       95.95    CPGLAG_PARALLEL@1
  895     0.00     1539.504        0.001        0.001             37        0.02        0.02    APL_ARPEGE_RADIATION_PARALLEL:RADHEAT:GET_DATA@1
  896     0.00     1539.505        0.001        0.001              1        0.58        0.58    MF_PHYS_SAVE_PHSURF_PART2_PARALLEL:PART2:COMPUTE@1
  897     0.00     1539.505        0.001        1.220             37        0.02       32.97    APL_ARPEGE_INIT_PARALLEL:2@1
  898     0.00     1539.506        0.001        0.020              5        0.11        3.92    GPNORM2@1
  899     0.00     1539.506        0.001       46.145             37        0.02     1247.17    CPG_GP_HYD_PARALLEL@1
  900     0.00     1539.507        0.001        0.001             37        0.02        0.02    APL_ARPEGE_PARALLEL:ACHMT:GET_DATA@1
  901     0.00     1539.508        0.001        0.001              1        0.56        0.56    MF_PHYS_SAVE_PHSURF_PART1_PARALLEL:PART1:GET_DATA@1
  902     0.00     1539.508        0.001        0.001             37        0.02        0.02    APL_ARPEGE_PRECIPITATION_PARALLEL:ACUPTQ:GET_DATA@1
  903     0.00     1539.509        0.001        0.002              1        0.55        1.79    SUGFL1@1
  904     0.00     1539.509        0.001        0.001             37        0.01        0.02    CPG_DRV:EXIT@1
  905     0.00     1539.510        0.001       30.438             37        0.01      822.64    APL_ARPEGE_INIT_PARALLEL@1
  906     0.00     1539.510        0.001        0.720             36        0.02       19.99    CPCFU_PARALLEL@1
  907     0.00     1539.511        0.001        0.001             37        0.01        0.02    CPG_DRV:INIT@1
  908     0.00     1539.511        0.001       72.052             37        0.01     1947.35    LAPINEA_PARALLEL@1
  909     0.00     1539.512        0.001        0.001             37        0.01        0.01    APL_ARPEGE_PARALLEL:QNGCOR:GET_DATA@1
  910     0.00     1539.513        0.001      631.157             37        0.01    17058.30    APL_ARPEGE_RADIATION_PARALLEL@1
  911     0.00     1539.513        0.001        0.001              1        0.53        1.05    SUPHY0@1
  912     0.00     1539.514        0.001        0.043            100        0.01        0.43    POSNAM@1
  913     0.00     1539.514        0.001        0.001              1        0.53        0.53    SUGEM1A@1
  914     0.00     1539.515        0.001        2.901             74        0.01       39.20    GPMPFC_EXPL_PARALLEL@1
  915     0.00     1539.515        0.001        0.001             37        0.01        0.01    APL_ARPEGE_SURFACE_PARALLEL:ACDIFV1:GET_DATA@1
  916     0.00     1539.516        0.001        0.101             37        0.01        2.73    APL_ARPEGE_INIT_PARALLEL:0@1
  917     0.00     1539.516        0.001        0.001              1        0.53        0.53    YOMGSGEOM:DEALLO_TGSGEOM@1
  918     0.00     1539.517        0.001        0.001            222        0.00        0.00    LARCINB_PARALLEL:LAITRE_GFL:NULLIFY@1
  919     0.00     1539.517        0.001        0.001             37        0.01        0.01    APL_ARPEGE_PARALLEL:ACCLPH:GET_DATA@1
  920     0.00     1539.518        0.001        1.447             37        0.01       39.10    APL_ARPEGE_PARALLEL:ACHMT@1
  921     0.00     1539.518        0.001        0.001            222        0.00        0.00    LATTEX_EXPL_2TL_PARALLEL:3:NULLIFY@1
  922     0.00     1539.519        0.000        0.612             37        0.01       16.54    APL_ARPEGE_HYDRO_BUDGET_PARALLEL@1
  923     0.00     1539.519        0.000       99.662             37        0.01     2693.58    ACVPPKF_PARALLEL@1
  924     0.00     1539.520        0.000        0.001             37        0.01        0.01    CPG_GP_PARALLEL:GPINISLB_PART1_EXPL:GET_DATA@1
  925     0.00     1539.520        0.000        0.000             37        0.01        0.01    APL_ARPEGE_CLOUDINESS_PARALLEL:ACNEBCOND:GET_DATA@1
  926     0.00     1539.521        0.000        0.072             42        0.01        1.71    DECOGA@1
  927     0.00     1539.521        0.000        0.214             37        0.01        5.78    MF_PHYS_FPL_PART1_PARALLEL@1
  928     0.00     1539.522        0.000        0.001            222        0.00        0.00    LAPINEB_PARALLEL:CVGQ:NULLIFY@1
  929     0.00     1539.522        0.000       51.381             37        0.01     1388.66    APL_ARPEGE_DPRECIPS_PARALLEL@1
  930     0.00     1539.523        0.000        0.001            185        0.00        0.00    ACCTND0_PARALLEL:PACC:GET_DATA@1
  931     0.00     1539.523        0.000        0.470             43        0.01       10.94    FACIL1_MT@1
  932     0.00     1539.524        0.000        0.000             37        0.01        0.01    LAPINEB_PARALLEL:LARCHE:GET_DATA@1
  933     0.00     1539.524        0.000        0.001            185        0.00        0.00    GPRCP_EXPL_PARALLEL:2:GET_DATA@1
  934     0.00     1539.525        0.000        0.000             37        0.01        0.01    MF_PHYS_PARALLEL:MF_PHYS_NEXT_STATE%INIT@1
  935     0.00     1539.525        0.000        1.658             37        0.01       44.82    APL_ARPEGE_OCEANIC_FLUXES_PARALLEL@1
  936     0.00     1539.525        0.000        0.000             37        0.01        0.01    APL_ARPEGE_HYDRO_BUDGET_PARALLEL:ACDROV:GET_DATA@1
  937     0.00     1539.526        0.000        0.000             37        0.01        0.01    LARCINB_PARALLEL:LAITRE_GMV:GET_DATA@1
  938     0.00     1539.526        0.000        0.001            222        0.00        0.00    GPINISLB_PART2_EXPL_PARALLEL:0:GET_DATA@1
  939     0.00     1539.527        0.000        0.000             37        0.01        0.01    APL_ARPEGE_INIT_PARALLEL:4:GET_DATA@1
  940     0.00     1539.527        0.000        0.001            222        0.00        0.00    LAPINEB_PARALLEL:ZERO_GMV9:NULLIFY@1
  941     0.00     1539.528        0.000        0.000             37        0.01        0.01    LAPINEB_PARALLEL:NVLAG3:GET_DATA@1
  942     0.00     1539.528        0.000       14.531             37        0.01      392.73    LATTEX_PARALLEL@1
  943     0.00     1539.529        0.000        0.000             37        0.01        0.01    APL_ARPEGE_PARALLEL:ACEVADCAPE:GET_DATA@1
  944     0.00     1539.529        0.000        0.000             37        0.01        0.01    APL_ARPEGE_OCEANIC_FLUXES_PARALLEL:ACFLUSO:GET_DATA@1
  945     0.00     1539.529        0.000        0.000             37        0.01        0.01    CPG_GP_PARALLEL:GP_SPV:GET_DATA@1
  946     0.00     1539.530        0.000        0.012              1        0.43       12.05    SUPHMPA@1
  947     0.00     1539.530        0.000        0.004              2        0.22        2.10    OPENFA@1
  948     0.00     1539.531        0.000       27.227             37        0.01      735.87    APL_ARPEGE_SURFACE_PARALLEL@1
  949     0.00     1539.531        0.000        0.001            343        0.00        0.00    radiation_aerosol:allocate_aerosol_arrays_GPU@1
  950     0.00     1539.532        0.000      223.698             37        0.01     6045.89    CALL_SL_DRV@1
  951     0.00     1539.532        0.000        0.000             37        0.01        0.01    MF_PHYS_PREP_PARALLEL:PREP:GET_DATA@1
  952     0.00     1539.532        0.000        1.549             37        0.01       41.85    CTVTOT_EXPL_PARALLEL@1
  953     0.00     1539.533        0.000       12.737             37        0.01      344.25    LASSIE_PARALLEL@1
  954     0.00     1539.533        0.000        0.000             37        0.01        0.01    CPG_GP_HYD_PARALLEL:0:GET_DATA@1
  955     0.00     1539.534        0.000        0.000            185        0.00        0.00    ACCTND0_PARALLEL:PACC:NULLIFY@1
  956     0.00     1539.534        0.000        0.000             37        0.01        0.01    APL_ARPEGE_PARALLEL:ACVISIH:GET_DATA@1
  957     0.00     1539.535        0.000        0.046              1        0.41       46.45    SUECRAD@1
  958     0.00     1539.535        0.000        0.000             38        0.01        0.01    UPDMOON@1
  959     0.00     1539.535        0.000        0.000              1        0.40        0.40    HQR2@1
  960     0.00     1539.536        0.000        0.000            148        0.00        0.00    GPINISLB_PART2_EXPL_PARALLEL:1:GET_DATA@1
  961     0.00     1539.536        0.000        0.000            148        0.00        0.00    GPRCP_EXPL_PARALLEL:4:GET_DATA@1
  962     0.00     1539.537        0.000        0.044             37        0.01        1.18    LAVABO_EXPL_LAITVSPCQM_PART1_PARALLEL@1
  963     0.00     1539.537        0.000        0.008              1        0.39        7.98    SUSC2B@1
  964     0.00     1539.537        0.000        0.000            222        0.00        0.00    GPINISLB_PART2_EXPL_PARALLEL:0:NULLIFY@1
  965     0.00     1539.538        0.000        0.000             38        0.01        0.01    STEPO_UPDATE_MODEL@1
  966     0.00     1539.538        0.000        0.005              1        0.38        4.85    SU0PHY@1
  967     0.00     1539.538        0.000        0.000             37        0.01        0.01    CPG_DIA_FLU_PARALLEL:1:GET_DATA@1
  968     0.00     1539.539        0.000        0.000              1        0.38        0.38    RRTM_KGB3@1
  969     0.00     1539.539        0.000        0.000             37        0.01        0.01    LARCINB_PARALLEL:NTLAG_3:GET_DATA@1
  970     0.00     1539.540        0.000        0.001              1        0.37        0.99    SUECAESU@1
  971     0.00     1539.540        0.000        1.534             37        0.01       41.45    CPXFU_PARALLEL@1
  972     0.00     1539.540        0.000        0.042              1        0.37       41.96    SUSI@1
  973     0.00     1539.541        0.000        0.000             41        0.01        0.01    GRIB_API:IGRIB_SET_INT8@1
  974     0.00     1539.541        0.000        0.001              1        0.37        0.96    SUECAESS@1
  975     0.00     1539.541        0.000        0.000              1        0.37        0.37    SURFACE_FIELDS_MIX:DEALLO_SURF@1
  976     0.00     1539.542        0.000        0.000              1        0.37        0.37    RRTM_KGB5@1
  977     0.00     1539.542        0.000        0.000             37        0.01        0.01    APL_ARPEGE_DEEP_CONVECTION_PARALLEL:ZERO:GET_DATA@1
  978     0.00     1539.542        0.000       24.388             37        0.01      659.14    MF_PHYS_INIT_PARALLEL@1
  979     0.00     1539.543        0.000        0.102              1        0.36      102.20    SUDYN@1
  980     0.00     1539.543        0.000        1.429             37        0.01       38.61    APL_ARPEGE_INIT_PARALLEL:1@1
  981     0.00     1539.544        0.000        0.002              1        0.36        1.79    INI_RAIN_ICE@1
  982     0.00     1539.544        0.000        0.000             37        0.01        0.01    CPUTQY_APLPAR_EXPL_PARALLEL:ZDEC:GET_DATA@1
  983     0.00     1539.544        0.000        0.001              1        0.36        1.05    SUECAESD@1
  984     0.00     1539.545        0.000       46.089             37        0.01     1245.65    APL_ARPEGE_PRECIPITATION_PARALLEL@1
  985     0.00     1539.545        0.000        0.001            202        0.00        0.00    SUCLDP:BETAI@1
  986     0.00     1539.545        0.000        0.000              6        0.06        0.06    MINV_8:GEDI@1
  987     0.00     1539.546        0.000        2.111             72        0.00       29.31    EXCHANGE_MS@1
  988     0.00     1539.546        0.000        0.000             37        0.01        0.01    LATTEX_EXPL_VSPLTRANS_PARALLEL@1
  989     0.00     1539.546        0.000        0.000              7        0.05        0.05    VERINT@1
  990     0.00     1539.547        0.000        0.000             37        0.01        0.01    APL_ARPEGE_PARALLEL:ZRDG_LCVQ:GET_DATA@1
  991     0.00     1539.547        0.000        0.000              1        0.34        0.34    SRTM_KGB21@1
  992     0.00     1539.547        0.000        0.109            234        0.00        0.47    SPNORMBM@1
  993     0.00     1539.548        0.000        0.000              1        0.34        0.34    SRTM_KGB28@1
  994     0.00     1539.548        0.000        0.000             37        0.01        0.01    APL_ARPEGE_RADIATION_PARALLEL:LMSE_F:GET_DATA@1
  995     0.00     1539.548        0.000        0.000            185        0.00        0.00    GPRCP_EXPL_PARALLEL:2:NULLIFY@1
  996     0.00     1539.549        0.000        0.562             37        0.01       15.19    MF_PHYS_MOCON_PARALLEL@1
  997     0.00     1539.549        0.000        0.000              1        0.34        0.34    SPGEOM_MOD:SUGMRE@1
  998     0.00     1539.549        0.000        0.000             37        0.01        0.01    GPRCP_EXPL_PARALLEL:5:GET_DATA@1
  999     0.00     1539.550        0.000       35.867             37        0.01      969.38    APL_ARPEGE_ATMOSPHERE_UPDATE_PARALLEL@1
 1000     0.00     1539.550        0.000        5.554             37        0.01      150.10    TRANSINVH@1
 1001     0.00     1539.550        0.000        0.000              1        0.33        0.33    IOGRID_MOD:INI_INDSEL@1
 1002     0.00     1539.551        0.000        0.000              1        0.33        0.33    SRTM_KGB17@1
 1003     0.00     1539.551        0.000       16.265             37        0.01      439.59    APL_ARPEGE_CLOUDINESS_PARALLEL@1
 1004     0.00     1539.551        0.000        0.001              1        0.33        0.95    SUSTA@1
 1005     0.00     1539.552        0.000        3.021             37        0.01       81.66    LATTES_PARALLEL@1
 1006     0.00     1539.552        0.000        0.225             37        0.01        6.08    MF_PHYS_FPL_PART2_PARALLEL@1
 1007     0.00     1539.552        0.000        0.000             37        0.01        0.01    CPG_GP_PARALLEL:GPINISLB_PART3_EXPL:GET_DATA@1
 1008     0.00     1539.553        0.000        0.000             37        0.01        0.01    LARCINB_PARALLEL:LCOMAD_SP:GET_DATA@1
 1009     0.00     1539.553        0.000        0.000             37        0.01        0.01    APL_ARPEGE_DEEP_CONVECTION_PARALLEL:ACUPTQ:GET_DATA@1
 1010     0.00     1539.553        0.000        0.000             37        0.01        0.01    CPXFU_PARALLEL:1:GET_DATA@1
 1011     0.00     1539.554        0.000        0.000              1        0.32        0.32    RRTM_KGB4@1
 1012     0.00     1539.554        0.000        1.410             37        0.01       38.10    APL_ARPEGE_SURFACE_UPDATE_PARALLEL@1
 1013     0.00     1539.554        0.000        0.494             37        0.01       13.36    GPTF1_YDVARS_PARALLEL@1
 1014     0.00     1539.555        0.000        0.002              2        0.16        0.96    SUFPC@1
 1015     0.00     1539.555        0.000        0.497             43        0.01       11.55    FACILO_MT@1
 1016     0.00     1539.555        0.000        8.228              7        0.05     1175.36    RECMWF_PARALLEL:FINISH@1
 1017     0.00     1539.556        0.000        0.000             74        0.00        0.00    GPMPFC_EXPL_PARALLEL:1:GET_DATA@1
 1018     0.00     1539.556        0.000        0.000             37        0.01        0.01    APL_ARPEGE_PARALLEL:ACDRME:GET_DATA@1
 1019     0.00     1539.556        0.000        0.000             37        0.01        0.01    APL_ARPEGE_PARALLEL:PLSM:GET_DATA@1
 1020     0.00     1539.557        0.000        4.814             37        0.01      130.11    LAVENT_PARALLEL@1
 1021     0.00     1539.557        0.000        5.553             37        0.01      150.09    TRANSINV_MDL@1
 1022     0.00     1539.557        0.000        0.000             37        0.01        0.01    APL_ARPEGE_DPRECIPS_PARALLEL:0:GET_DATA@1
 1023     0.00     1539.557        0.000        0.000             37        0.01        0.01    APL_ARPEGE_PARALLEL:PPWETPOINT:GET_DATA@1
 1024     0.00     1539.558        0.000        0.839             36        0.01       23.30    SPCSINEW_PAR_kern1@1
 1025     0.00     1539.558        0.000        0.000              1        0.31        0.31    FINAL_STATS@1
 1026     0.00     1539.558        0.000        0.000            343        0.00        0.00    radiation_flux:calc_toa_spectral_GPU@1
 1027     0.00     1539.559        0.000        0.000            145        0.00        0.00    FANFAR_MT@1
 1028     0.00     1539.559        0.000        0.000             37        0.01        0.01    CPG_PARALLEL:ISETTLOFF:GET_DATA@1
 1029     0.00     1539.559        0.000       51.436             37        0.01     1390.17    LARMES_PARALLEL@1
 1030     0.00     1539.560        0.000        0.000              2        0.15        0.15    READ_XKER_RACCS@1
 1031     0.00     1539.560        0.000        0.001              1        0.30        0.94    SUECAEOR@1
 1032     0.00     1539.560        0.000        0.635             37        0.01       17.17    APL_WIND_GUST_PARALLEL@1
 1033     0.00     1539.560        0.000        0.000              3        0.10        0.10    FIELD_GFL_WRAPPER:GFL_MAPPING_SETUP@1
 1034     0.00     1539.561        0.000        0.000            148        0.00        0.00    GPRCP_EXPL_PARALLEL:0:NULLIFY@1
 1035     0.00     1539.561        0.000        0.000              1        0.29        0.29    SUALMP2@1
 1036     0.00     1539.561        0.000        0.000             37        0.01        0.01    CPG_DIA_FLU_PARALLEL:0:GET_DATA@1
 1037     0.00     1539.562        0.000        0.024             37        0.01        0.64    CPG_END_SFC_PARALLEL@1
 1038     0.00     1539.562        0.000        0.143             37        0.01        3.86    LAVABO_PARALLEL@1
 1039     0.00     1539.562        0.000        0.000              3        0.10        0.10    "lfiouv_alts_ext:read1"@1:lfi_alts.c
 1040     0.00     1539.562        0.000        3.188             37        0.01       86.17    MF_PHYS_PREP_PARALLEL@1
 1041     0.00     1539.563        0.000        0.019              7        0.04        2.73    RECMWF_PARALLEL:2@1
 1042     0.00     1539.563        0.000        0.021              3        0.10        6.88    FIELD_CONTAINER_GP_MOD:FIELD_CREATE@1
 1043     0.00     1539.563        0.000        0.000             12        0.02        0.02    SURFACE_FIELDS_MIX:FINALISE_SFLP3@1
 1044     0.00     1539.564        0.000        0.000            148        0.00        0.00    GPRCP_EXPL_PARALLEL:4:NULLIFY@1
 1045     0.00     1539.564        0.000        0.000             37        0.01        0.01    LACDYN_PARALLEL:LASURE:GET_DATA@1
 1046     0.00     1539.564        0.000        0.000             36        0.01        0.01    APL_ARPEGE_RADIATION_PARALLEL:SUNSHINE:GET_DATA@1
 1047     0.00     1539.564        0.000        0.000              1        0.27        0.27    GFL_SUBS_MOD:PRINT_GFL@1
 1048     0.00     1539.565        0.000        0.001              1        0.27        0.78    SUECAEBC@1
 1049     0.00     1539.565        0.000        0.000             37        0.01        0.01    LAPINEB_PARALLEL:L_RDRY_VD:GET_DATA@1
 1050     0.00     1539.565        0.000        0.000             37        0.01        0.01    APL_ARPEGE_PARALLEL:ZDE2MR:GET_DATA@1
 1051     0.00     1539.566        0.000        0.000            148        0.00        0.00    GPINISLB_PART2_EXPL_PARALLEL:1:NULLIFY@1
 1052     0.00     1539.566        0.000        0.025             10        0.03        2.51    GPNORM1@1
 1053     0.00     1539.566        0.000        0.000             37        0.01        0.01    APL_ARPEGE_DEEP_CONVECTION_PARALLEL:COPY:GET_DATA@1
 1054     0.00     1539.566        0.000        0.000             37        0.01        0.01    MF_PHYS_FPL_PART1_PARALLEL:PART1:GET_DATA@1
 1055     0.00     1539.567        0.000        0.000             37        0.01        0.01    APL_ARPEGE_PARALLEL:ZBAY_QRCONV:GET_DATA@1
 1056     0.00     1539.567        0.000        0.000             37        0.01        0.01    APL_WIND_GUST_PARALLEL:ACCLDIA:GET_DATA@1
 1057     0.00     1539.567        0.000        0.000              1        0.26        0.26    SURCORDI@1
 1058     0.00     1539.567        0.000        0.000             37        0.01        0.01    APL_ARPEGE_PARALLEL:ACTQSAT:GET_DATA@1
 1059     0.00     1539.568        0.000        0.000              3        0.09        0.09    "lfifer_alts"@1:lfi_alts.c
 1060     0.00     1539.568        0.000        0.000             37        0.01        0.01    APL_ARPEGE_PARALLEL:FRSOPT:GET_DATA@1
 1061     0.00     1539.568        0.000        0.000             37        0.01        0.01    APL_ARPEGE_INIT_SURFEX_PARALLEL@1
 1062     0.00     1539.568        0.000        0.001              1        0.25        0.62    SUDYNA@1
 1063     0.00     1539.569        0.000       35.486             37        0.01      959.07    CPG_DYN_SLG_PARALLEL@1
 1064     0.00     1539.569        0.000        0.000              1        0.25        0.25    SUALDYN_DDH@1
 1065     0.00     1539.569        0.000       14.092             36        0.01      391.44    TRANSDIR_MDL@1
 1066     0.00     1539.569        0.000        0.000             37        0.01        0.01    LAPINEB_PARALLEL:ROTUV:GET_DATA@1
 1067     0.00     1539.570        0.000        0.001              1        0.25        0.89    SUTOPH@1
 1068     0.00     1539.570        0.000        0.000             37        0.01        0.01    MF_PHYS_PARALLEL:MF_PHYS_BASE_STATE%INIT@1
 1069     0.00     1539.570        0.000        0.000             37        0.01        0.01    LAPINEB_PARALLEL:LACONE:GET_DATA@1
 1070     0.00     1539.570        0.000        0.000             37        0.01        0.01    CPG_PARALLEL:LSMTSOL:GET_DATA@1
 1071     0.00     1539.571        0.000        0.000             37        0.01        0.01    CPUTQY_APLPAR_EXPL_PARALLEL:PFDIS:GET_DATA@1
 1072     0.00     1539.571        0.000        0.788              1        0.24      787.90    SUSPEC@1
 1073     0.00     1539.571        0.000        0.000             37        0.01        0.01    CPGLAG_PARALLEL:0:GET_DATA@1
 1074     0.00     1539.571        0.000        0.000             37        0.01        0.01    LARCINB_PARALLEL:NVLAG_3:GET_DATA@1
 1075     0.00     1539.572        0.000        0.000             74        0.00        0.00    GPMPFC_EXPL_PART2_PARALLEL:0:GET_DATA@1
 1076     0.00     1539.572        0.000        0.000            594        0.00        0.00    SUCLDP:GAMMLN@1
 1077     0.00     1539.572        0.000        0.000             37        0.01        0.01    CPG_DIA_FLU_PARALLEL:4:GET_DATA@1
 1078     0.00     1539.572        0.000        0.001              1        0.23        1.01    SUXFU@1
 1079     0.00     1539.572        0.000        0.000              1        0.23        0.23    SPGEOM_MOD:SUSPGM@1
 1080     0.00     1539.573        0.000        0.000             37        0.01        0.01    MF_PHYS_MOCON_PARALLEL:PPWETPOINT:GET_DATA@1
 1081     0.00     1539.573        0.000        0.268             37        0.01        7.25    APL_ARPEGE_ALBEDO_COMPUTATION_PARALLEL@1
 1082     0.00     1539.573        0.000        0.000             37        0.01        0.01    CPUTQY_APLPAR_EXPL_PARALLEL:ZTDCP:GET_DATA@1
 1083     0.00     1539.573        0.000        0.000             37        0.01        0.01    APL_ARPEGE_INIT_PARALLEL:0:GET_DATA@1
 1084     0.00     1539.574        0.000        0.000             37        0.01        0.01    APL_ARPEGE_SHALLOW_CONVECTION_AND_TURBULENCE_PARALLEL:ACTKE:NULLIFY@1
 1085     0.00     1539.574        0.000        0.001              1        0.22        0.61    SUGEM_NAML@1
 1086     0.00     1539.574        0.000        3.296             36        0.01       91.55    SPCSI_TOT@1
 1087     0.00     1539.574        0.000        0.000             37        0.01        0.01    MF_PHYS_TRANSFER_PARALLEL:ALL:GET_DATA@1
 1088     0.00     1539.574        0.000        0.000             37        0.01        0.01    APL_ARPEGE_RADIATION_PARALLEL:ACDAYD:GET_DATA@1
 1089     0.00     1539.575        0.000        0.000             37        0.01        0.01    LAPINEB_PARALLEL:ZVWEI:GET_DATA@1
 1090     0.00     1539.575        0.000        0.000             48        0.00        0.00    MONIO_T@1
 1091     0.00     1539.575        0.000        0.000             74        0.00        0.00    LAPINEB_PARALLEL:ROTUVGEO:NULLIFY@1
 1092     0.00     1539.575        0.000        0.002             55        0.00        0.03    FANION_MT@1
 1093     0.00     1539.576        0.000        0.000            144        0.00        0.00    EXCHANGE_MS:ADD3DF@1
 1094     0.00     1539.576        0.000        0.000              1        0.21        0.21    RRTM_KGB7@1
 1095     0.00     1539.576        0.000        0.140              1        0.21      140.45    SUGRIDA@1
 1096     0.00     1539.576        0.000        0.000             41        0.01        0.01    TRMTOL_BAR2@1
 1097     0.00     1539.576        0.000        0.000             37        0.01        0.01    APL_ARPEGE_PARALLEL:DIFTQ:GET_DATA@1
 1098     0.00     1539.577        0.000        0.000             37        0.01        0.01    ACVPPKF_PARALLEL:PART2:NULLIFY@1
 1099     0.00     1539.577        0.000        0.012              1        0.21       12.48    SUVERT@1
 1100     0.00     1539.577        0.000        0.002              1        0.20        2.31    YOMVAR:SETUP_VAR@1
 1101     0.00     1539.577        0.000        0.000              1        0.20        0.20    RRTM_KGB13@1
 1102     0.00     1539.577        0.000        0.000              1        0.20        0.20    RRTM_KGB9@1
 1103     0.00     1539.578        0.000        0.000              1        0.20        0.46    SUNDDH@1
 1104     0.00     1539.578        0.000        0.000            222        0.00        0.00    LAVABO_EXPL_LAITVSPCQM_PART1_PARALLEL:0:GET_DATA@1
 1105     0.00     1539.578        0.000        0.000            469        0.00        0.00    OFFSET_MF@1
 1106     0.00     1539.578        0.000        0.000             37        0.01        0.01    GPMPFC_EXPL_PARALLEL:0:GET_DATA@1
 1107     0.00     1539.578        0.000        0.008              1        0.20        7.57    RADIATION_SETUP:SETUP_RADIATION_SCHEME_GPU@1
 1108     0.00     1539.579        0.000        0.001              1        0.20        1.26    SUCLDP@1
 1109     0.00     1539.579        0.000        0.000             37        0.01        0.01    CPG_DIA_FLU_PARALLEL:3:GET_DATA@1
 1110     0.00     1539.579        0.000        0.000              1        0.19        0.19    SRTM_KGB22@1
 1111     0.00     1539.579        0.000        1.341             36        0.01       37.24    SPCSINEW_PAR_sidg1@1
 1112     0.00     1539.579        0.000        0.000            240        0.00        0.00    GAMMA_INC@1
 1113     0.00     1539.580        0.000        0.000             37        0.01        0.01    LAVABO_PARALLEL:0:GET_DATA@1
 1114     0.00     1539.580        0.000        0.000              7        0.03        0.03    RECMWF_PARALLEL:PREPARE:GET_DATA@1
 1115     0.00     1539.580        0.000        0.000             37        0.01        0.01    LACDYN_PARALLEL:ZMIXNL:GET_DATA@1
 1116     0.00     1539.580        0.000        0.000              1        0.19        0.28    SUVERT:SUVFE_ADJUST_AB@1
 1117     0.00     1539.580        0.000        1.490             37        0.01       40.27    CPG_END_MAP_PARALLEL@1
 1118     0.00     1539.580        0.000        0.000              1        0.19        0.19    SCAN2M_OOPS:WIPE@1
 1119     0.00     1539.581        0.000        0.115            187        0.00        0.62    FASGRA_MT@1
 1120     0.00     1539.581        0.000        0.000             37        0.00        0.01    APL_ARPEGE_DEEP_CONVECTION_PARALLEL:CUCALLN_MF:NULLIFY@1
 1121     0.00     1539.581        0.000        0.000             37        0.00        0.01    APL_ARPEGE_CLOUDINESS_PARALLEL:ACNEBCOND:NULLIFY@1
 1122     0.00     1539.581        0.000        0.000              1        0.18        0.18    SRTM_KGB24@1
 1123     0.00     1539.581        0.000        0.000            394        0.00        0.00    GAMMA_X0D@1
 1124     0.00     1539.582        0.000        0.000              1        0.18        0.18    RRTM_KGB16@1
 1125     0.00     1539.582        0.000        0.249             37        0.00        6.72    APL_ARPEGE_SOIL_HYDRO_PARALLEL@1
 1126     0.00     1539.582        0.000        0.000              1        0.18        0.18    SCAN2M_OOPS:COPY@1
 1127     0.00     1539.582        0.000        0.000              1        0.18        0.19    GMV_SUBS_MOD:SETUP_GMV@1
 1128     0.00     1539.582        0.000        0.000              2        0.09        0.09    READ_XKER_SDRYG@1
 1129     0.00     1539.582        0.000        0.066            210        0.00        0.31    GSBYTE_MF@1
 1130     0.00     1539.583        0.000        0.000             37        0.00        0.01    TRLTOM_BAR2@1
 1131     0.00     1539.583        0.000        0.000             37        0.00        0.01    APL_ARPEGE_ATMOSPHERE_UPDATE_PARALLEL:CPTEND_NEW:NULLIFY@1
 1132     0.00     1539.583        0.000        0.000              1        0.17        0.17    SRTM_KGB18@1
 1133     0.00     1539.583        0.000        0.817              7        0.02      116.67    APL_ARPEGE_AEROSOLS_FOR_RADIATION_PARALLEL:RADAER@1
 1134     0.00     1539.583        0.000        0.000             37        0.00        0.00    MF_PHYS_INIT_PARALLEL:ZERO:NULLIFY@1
 1135     0.00     1539.584        0.000        0.266             36        0.00        7.40    SPCSINEW_PAR_sidg2@1
 1136     0.00     1539.584        0.000        0.000              1        0.17        0.17    SRTM_KGB19@1
 1137     0.00     1539.584        0.000        0.000             74        0.00        0.00    GPMPFC_EXPL_PART2_PARALLEL:0:NULLIFY@1
 1138     0.00     1539.584        0.000       14.092             36        0.00      391.44    TRANSDIRH@1
 1139     0.00     1539.584        0.000        0.000             30        0.01        0.01    DEALLOCATE_IF_ASSOCIATED_MOD:DEALLOCATE_IF_ASSOCIATED_REAL_1D@1
 1140     0.00     1539.584        0.000        0.000             37        0.00        0.00    LATTEX_PARALLEL:MAIN:NULLIFY@1
 1141     0.00     1539.585        0.000        0.000             37        0.00        0.00    APL_ARPEGE_PRECIPITATION_PARALLEL:ACUPTQ:NULLIFY@1
 1142     0.00     1539.585        0.000        0.000              2        0.08        0.08    READ_XKER_SWETH@1
 1143     0.00     1539.585        0.000        0.000              1        0.17        0.34    SUCFU@1
 1144     0.00     1539.585        0.000        0.000            222        0.00        0.00    LARCINB_PARALLEL:RRINTOPT:NULLIFY@1
 1145     0.00     1539.585        0.000        0.000             37        0.00        0.00    APL_ARPEGE_SURFACE_PARALLEL:LMSE_F:NULLIFY@1
 1146     0.00     1539.585        0.000        0.000              1        0.16        0.16    RRTM_CMBGB5_GPU@1
 1147     0.00     1539.586        0.000        0.000             37        0.00        0.00    LASSIE_PARALLEL:SITNU:GET_DATA@1
 1148     0.00     1539.586        0.000        0.000              1        0.16        0.16    RRTM_CMBGB3_GPU@1
 1149     0.00     1539.586        0.000        0.000            407        0.00        0.00    GBYTE_MF@1
 1150     0.00     1539.586        0.000        0.000             74        0.00        0.00    GPMPFC_EXPL_PARALLEL:1:NULLIFY@1
 1151     0.00     1539.586        0.000        0.000             37        0.00        0.00    CPGLAG_PARALLEL:1:GET_DATA@1
 1152     0.00     1539.586        0.000        0.060             36        0.00        1.66    SPCSINEW_PAR_mult1@1
 1153     0.00     1539.586        0.000        0.115              1        0.16      115.34    RDFA2GP@1
 1154     0.00     1539.587        0.000        0.000              1        0.16        0.16    RRTM_KGB15@1
 1155     0.00     1539.587        0.000        0.006              5        0.03        1.25    GPNORM3@1
 1156     0.00     1539.587        0.000        0.000             37        0.00        0.00    LAPINEA_PARALLEL:LARCINA:NULLIFY@1
 1157     0.00     1539.587        0.000        0.818             37        0.00       22.10    APL_ARPEGE_AEROSOLS_FOR_RADIATION_PARALLEL@1
 1158     0.00     1539.587        0.000        0.000             37        0.00        0.00    LARCINB_PARALLEL:LRHS_CURV_F:NULLIFY@1
 1159     0.00     1539.587        0.000        0.000             37        0.00        0.00    APL_ARPEGE_SURFACE_PARALLEL:ACDIFV1:NULLIFY@1
 1160     0.00     1539.588        0.000        0.001            184        0.00        0.00    IOGRIDA_MOD:ACPY@1
 1161     0.00     1539.588        0.000        0.000             22        0.01        0.01    SURFACE_FIELDS_MIX:FINALISE_SFLP2@1
 1162     0.00     1539.588        0.000        0.001              1        0.15        0.65    YOMCST:SETUP_CONSTANTS@1
 1163     0.00     1539.588        0.000        0.117             72        0.00        1.63    MXMAOPDRV@1
 1164     0.00     1539.588        0.000        0.000             37        0.00        0.00    LAPINEB_PARALLEL:LARCHE:NULLIFY@1
 1165     0.00     1539.588        0.000        0.000             37        0.00        0.00    CPG_GP_PARALLEL:GPINISLB_PART1_EXPL:NULLIFY@1
 1166     0.00     1539.588        0.000        0.000             37        0.00        0.00    LAPINEB_PARALLEL:TEMP_EQ:GET_DATA@1
 1167     0.00     1539.589        0.000        0.000             37        0.00        0.00    APL_ARPEGE_DPRECIPS_PARALLEL:0:NULLIFY@1
 1168     0.00     1539.589        0.000        0.000              1        0.14        0.14    RRTM_CMBGB4_GPU@1
 1169     0.00     1539.589        0.000        0.000             37        0.00        0.00    CPGLAG_PARALLEL:STR:NULLIFY@1
 1170     0.00     1539.589        0.000        0.000             37        0.00        0.00    CPG_DIA_FLU_PARALLEL:2:GET_DATA@1
 1171     0.00     1539.589        0.000        0.000             36        0.00        0.00    CPCFU_PARALLEL:5:GET_DATA@1
 1172     0.00     1539.589        0.000        0.000             37        0.00        0.00    APL_ARPEGE_PARALLEL:ZDE2MR:NULLIFY@1
 1173     0.00     1539.589        0.000        0.000             37        0.00        0.00    CPG_GP_HYD_PARALLEL:3:GET_DATA@1
 1174     0.00     1539.590        0.000        0.000             37        0.00        0.00    APL_ARPEGE_SURFACE_UPDATE_PARALLEL:LMSE_F:NULLIFY@1
 1175     0.00     1539.590        0.000        0.000             37        0.00        0.00    LAVENT_PARALLEL:0:NULLIFY@1
 1176     0.00     1539.590        0.000        0.000             37        0.00        0.00    LASSIE_PARALLEL:SITNU:NULLIFY@1
 1177     0.00     1539.590        0.000        0.001              1        0.14        0.61    SUNUD@1
 1178     0.00     1539.590        0.000        0.000             37        0.00        0.00    ACVPPKF_PARALLEL:PART0:NULLIFY@1
 1179     0.00     1539.590        0.000        0.000             37        0.00        0.00    CPG_GP_PARALLEL:GPINISLB_PART3_EXPL:NULLIFY@1
 1180     0.00     1539.590        0.000        0.000            222        0.00        0.00    LAVABO_EXPL_LAITVSPCQM_PART1_PARALLEL:0:NULLIFY@1
 1181     0.00     1539.590        0.000        0.000             37        0.00        0.00    APL_ARPEGE_DEEP_CONVECTION_PARALLEL:ACUPTQ:NULLIFY@1
 1182     0.00     1539.591        0.000        0.000             37        0.00        0.00    LARCINB_PARALLEL:NVLAG_3:NULLIFY@1
 1183     0.00     1539.591        0.000        0.000             37        0.00        0.00    LAPINEB_PARALLEL:LACONE:NULLIFY@1
 1184     0.00     1539.591        0.000        0.000              1        0.13        0.13    SUGEM1B@1
 1185     0.00     1539.591        0.000        0.000              1        0.13        0.13    SUHDVP@1
 1186     0.00     1539.591        0.000        0.001              1        0.13        1.25    SUPHY1@1
 1187     0.00     1539.591        0.000        0.000             37        0.00        0.00    APL_ARPEGE_PARALLEL:QNGCOR:NULLIFY@1
 1188     0.00     1539.591        0.000        0.007              1        0.13        7.05    RRTM_INIT_140GP_GPU@1
 1189     0.00     1539.592        0.000        0.000            212        0.00        0.00    IOMULTIBUF_MOD:IOMULTIBUF_INCR_IDX@1
 1190     0.00     1539.592        0.000        0.000             37        0.00        0.00    APL_ARPEGE_PARALLEL:ZDPHIV:GET_DATA@1
 1191     0.00     1539.592        0.000        0.000             37        0.00        0.00    LAPINEB_PARALLEL:TEMP_EQ:NULLIFY@1
 1192     0.00     1539.592        0.000        0.000             37        0.00        0.00    APL_ARPEGE_DEEP_CONVECTION_PARALLEL:INIT:NULLIFY@1
 1193     0.00     1539.592        0.000        0.000             37        0.00        0.00    CTVTOT_EXPL_PARALLEL:0:NULLIFY@1
 1194     0.00     1539.592        0.000        0.000              1        0.13        0.13    SRTM_CMBGB17_GPU@1
 1195     0.00     1539.592        0.000        0.000             37        0.00        0.00    LARCINB_PARALLEL:NTLAG_3:NULLIFY@1
 1196     0.00     1539.592        0.000        0.596              1        0.13      595.77    SU0YOMA@1
 1197     0.00     1539.593        0.000        0.000             37        0.00        0.00    LARCINB_PARALLEL:LAITRE_GMV:NULLIFY@1
 1198     0.00     1539.593        0.000        0.000             37        0.00        0.00    APL_ARPEGE_PARALLEL:ZBAY_QRCONV:NULLIFY@1
 1199     0.00     1539.593        0.000        0.000             38        0.00        0.00    SCAN2M_ALLOCATE_T1@1
 1200     0.00     1539.593        0.000        0.000             37        0.00        0.00    CPGLAG_PARALLEL:STR:GET_DATA@1
 1201     0.00     1539.593        0.000        0.000             37        0.00        0.00    APL_ARPEGE_INIT_PARALLEL:2:NULLIFY@1
 1202     0.00     1539.593        0.000        0.000             37        0.00        0.00    MF_PHYS_FPL_PART2_PARALLEL:PART2:GET_DATA@1
 1203     0.00     1539.593        0.000        0.000             37        0.00        0.00    CPG_PARALLEL:ZEROSL1:NULLIFY@1
 1204     0.00     1539.593        0.000        0.000             37        0.00        0.00    APL_ARPEGE_DEEP_CONVECTION_PARALLEL:ZERO:NULLIFY@1
 1205     0.00     1539.594        0.000        2.536             37        0.00       68.55    APL_ARPEGE_INIT_PARALLEL:PART6@1
 1206     0.00     1539.594        0.000        0.000             37        0.00        0.00    CPGLAG_PARALLEL:0:NULLIFY@1
 1207     0.00     1539.594        0.000        0.000             37        0.00        0.00    LAPINEB_PARALLEL:NVLAG3:NULLIFY@1
 1208     0.00     1539.594        0.000        0.000             37        0.00        0.00    LARCINB_PARALLEL:LCOMAD_SP:NULLIFY@1
 1209     0.00     1539.594        0.000        0.000             37        0.00        0.00    CPGLAG_PARALLEL:1:NULLIFY@1
 1210     0.00     1539.594        0.000        0.000             37        0.00        0.00    APL_ARPEGE_PARALLEL:ACDRME:NULLIFY@1
 1211     0.00     1539.594        0.000        0.000             37        0.00        0.00    APL_ARPEGE_INIT_PARALLEL:2:GET_DATA@1
 1212     0.00     1539.594        0.000        0.000             37        0.00        0.00    LAPINEB_PARALLEL:L_RDRY_VD:NULLIFY@1
 1213     0.00     1539.595        0.000        0.000             37        0.00        0.00    CPG_PARALLEL:SHUFFLESL1:NULLIFY@1
 1214     0.00     1539.595        0.000        0.000             37        0.00        0.00    CPG_GP_HYD_PARALLEL:0:NULLIFY@1
 1215     0.00     1539.595        0.000        0.000             37        0.00        0.00    APL_ARPEGE_PARALLEL:ZRDG_LCVQ:NULLIFY@1
 1216     0.00     1539.595        0.000        0.000             37        0.00        0.00    MF_PHYS_FPL_PART1_PARALLEL:PART1:NULLIFY@1
 1217     0.00     1539.595        0.000        0.000             37        0.00        0.00    APL_ARPEGE_PARALLEL:ACDRAG:NULLIFY@1
 1218     0.00     1539.595        0.000        0.000             37        0.00        0.00    APL_ARPEGE_RADIATION_PARALLEL:RADHEAT:NULLIFY@1
 1219     0.00     1539.595        0.000        0.000             37        0.00        0.00    LAPINEB_PARALLEL:ROTUV:NULLIFY@1
 1220     0.00     1539.595        0.000        0.000             37        0.00        0.00    APL_ARPEGE_DEEP_CONVECTION_PARALLEL:COPY:NULLIFY@1
 1221     0.00     1539.596        0.000        0.013             37        0.00        0.34    MF_PHYS_TRANSFER_PARALLEL@1
 1222     0.00     1539.596        0.000      627.335              7        0.02    89619.22    RECMWF_PARALLEL@1
 1223     0.00     1539.596        0.000        0.000              1        0.12        0.12    RRTM_KGB12@1
 1224     0.00     1539.596        0.000        0.000             37        0.00        0.00    APL_ARPEGE_PARALLEL:ACEVADCAPE:NULLIFY@1
 1225     0.00     1539.596        0.000        0.000            144        0.00        0.00    MYRECVSET@1
 1226     0.00     1539.596        0.000        0.000             37        0.00        0.00    APL_WIND_GUST_PARALLEL:ACCLDIA:NULLIFY@1
 1227     0.00     1539.596        0.000        0.000             37        0.00        0.00    APL_ARPEGE_PARALLEL:CPPHINP:NULLIFY@1
 1228     0.00     1539.596        0.000        0.000              1        0.12        0.12    YOMCSGEOM:DEALLO_TCSGEOM@1
 1229     0.00     1539.597        0.000        0.000             37        0.00        0.00    APL_ARPEGE_PARALLEL:ACVISIH:NULLIFY@1
 1230     0.00     1539.597        0.000        0.027              2        0.06       13.33    FACGRM_MT@1
 1231     0.00     1539.597        0.000        0.000             37        0.00        0.00    APL_ARPEGE_PARALLEL:DIFTQ:NULLIFY@1
 1232     0.00     1539.597        0.000        0.000              1        0.12        0.12    SUALDYNB@1
 1233     0.00     1539.597        0.000        0.000             37        0.00        0.00    LASSIE_PARALLEL:GPRCP:NULLIFY@1
 1234     0.00     1539.597        0.000        0.000             37        0.00        0.00    APL_ARPEGE_PARALLEL:EDR:NULLIFY@1
 1235     0.00     1539.597        0.000        0.000             39        0.00        0.00    SUMETRIC@1
 1236     0.00     1539.597        0.000        0.000             37        0.00        0.00    MF_PHYS_MOCON_PARALLEL:PPWETPOINT:NULLIFY@1
 1237     0.00     1539.598        0.000        0.000             37        0.00        0.00    APL_ARPEGE_PARALLEL:APLPAR_INIT:NULLIFY@1
 1238     0.00     1539.598        0.000        0.000              1        0.12        0.12    RRTM_KGB8@1
 1239     0.00     1539.598        0.000        0.000             37        0.00        0.00    APL_ARPEGE_INIT_PARALLEL:3:NULLIFY@1
 1240     0.00     1539.598        0.000        0.000             37        0.00        0.00    CPG_DIA_FLU_PARALLEL:0:NULLIFY@1
 1241     0.00     1539.598        0.000        0.000             37        0.00        0.00    GPTF1_YDVARS_PARALLEL:LTWOTL:NULLIFY@1
 1242     0.00     1539.598        0.000        0.000             37        0.00        0.00    LATTES_PARALLEL:0:NULLIFY@1
 1243     0.00     1539.598        0.000        0.000              8        0.01        0.01    UPDECOZC@1
 1244     0.00     1539.598        0.000        0.000             37        0.00        0.00    CPG_GP_HYD_PARALLEL:2:NULLIFY@1
 1245     0.00     1539.598        0.000        0.058             36        0.00        1.60    SPCSINEW_PAR_mult2@1
 1246     0.00     1539.599        0.000        0.000            285        0.00        0.00    TYPE_FADS:YSUFAD@1
 1247     0.00     1539.599        0.000        0.000             37        0.00        0.00    LARMES_PARALLEL:LARMES:NULLIFY@1
 1248     0.00     1539.599        0.000        0.006              1        0.11        6.02    radiation_interface_GPU:setup_radiation_GPU@1
 1249     0.00     1539.599        0.000        0.000             37        0.00        0.00    APL_ARPEGE_PARALLEL:BAYRAD:GET_DATA@1
 1250     0.00     1539.599        0.000        0.000             37        0.00        0.00    CPUTQY_APLPAR_EXPL_PARALLEL:PFDIS:NULLIFY@1
 1251     0.00     1539.599        0.000        0.001              1        0.11        0.65    SUPHY3@1
 1252     0.00     1539.599        0.000        0.000             37        0.00        0.00    CPUTQY_APLPAR_EXPL_PARALLEL:ZDEC:NULLIFY@1
 1253     0.00     1539.599        0.000        5.126             37        0.00      138.55    CPG_PARALLEL:SHUFFLESL1:COMPUTE@1
 1254     0.00     1539.599        0.000        0.000             37        0.00        0.00    CPG_PARALLEL:ZEROPB2:NULLIFY@1
 1255     0.00     1539.600        0.000        0.000             37        0.00        0.00    ACVPPKF_PARALLEL:PART1:NULLIFY@1
 1256     0.00     1539.600        0.000        0.000            144        0.00        0.00    MYSENDSET@1
 1257     0.00     1539.600        0.000        0.000             37        0.00        0.00    APL_ARPEGE_RADIATION_PARALLEL:ACDAYD:NULLIFY@1
 1258     0.00     1539.600        0.000        0.000             37        0.00        0.00    APL_ARPEGE_PARALLEL:ACHMT:NULLIFY@1
 1259     0.00     1539.600        0.000        0.000              3        0.04        0.04    GRIB_API:IGRIB_RELEASE@1
 1260     0.00     1539.600        0.000        0.000              1        0.10        0.11    SRTM_CMBGB21_GPU@1
 1261     0.00     1539.600        0.000        0.000             37        0.00        0.00    LACDYN_PARALLEL:ZMIXNL:NULLIFY@1
 1262     0.00     1539.600        0.000        0.000            241        0.00        0.00    FANUMU_MT@1
 1263     0.00     1539.600        0.000        0.000              1        0.10        0.10    IOSPECA_MOD:IOSPECA_FLDSORT@1
 1264     0.00     1539.600        0.000      121.337              1        0.10   121336.73    SCAN2M_OOPS@1
 1265     0.00     1539.601        0.000        0.000             37        0.00        0.00    APL_ARPEGE_HYDRO_BUDGET_PARALLEL:ACDROV:NULLIFY@1
 1266     0.00     1539.601        0.000        1.002             37        0.00       27.08    CPG_PARALLEL:ZEROPB2:COMPUTE@1
 1267     0.00     1539.601        0.000        0.000              1        0.10        0.10    FIELD_DEFINITIONS:READ_DYNAMIC_NAMESPACE@1
 1268     0.00     1539.601        0.000        0.000              1        0.10        0.10    RRTM_KGB2@1
 1269     0.00     1539.601        0.000        0.000             37        0.00        0.00    CPUTQY_APLPAR_EXPL_PARALLEL:ZTDCP:NULLIFY@1
 1270     0.00     1539.601        0.000        2.522             37        0.00       68.16    CPG_PARALLEL:ZEROSL1:COMPUTE@1
 1271     0.00     1539.601        0.000        0.000              1        0.10        0.10    FAICOR_MT@1
 1272     0.00     1539.601        0.000        0.000              1        0.10        0.10    radiation_config:read_config_from_namelist_GPU@1
 1273     0.00     1539.601        0.000        0.000             37        0.00        0.00    LASSIE_PARALLEL:GPRCP:GET_DATA@1
 1274     0.00     1539.601        0.000        0.000             41        0.00        0.00    TRLTOG_BAR@1
 1275     0.00     1539.602        0.000        0.000             30        0.00        0.00    APL_ARPEGE_RADIATION_PARALLEL:CALLRAD_F:GET_DATA@1
 1276     0.00     1539.602        0.000        0.000              1        0.10        0.10    GSTATS_LABEL_IFS@1
 1277     0.00     1539.602        0.000        0.000             37        0.00        0.00    LAVABO_PARALLEL:2:GET_DATA@1
 1278     0.00     1539.602        0.000        0.001              1        0.09        0.69    MF_PHYS_SAVE_PHSURF_PART2_PARALLEL:PART2@1
 1279     0.00     1539.602        0.000        0.000             37        0.00        0.01    TXFU_TYPE_RESET@1
 1280     0.00     1539.602        0.000        0.003              1        0.09        3.39    SRTM_INIT_GPU@1
 1281     0.00     1539.602        0.000        0.000             37        0.00        0.00    GPTF1_YDVARS_PARALLEL:LTWOTL:GET_DATA@1
 1282     0.00     1539.602        0.000        0.000             72        0.00        0.00    EXCHANGE_MS:ADD3DFL@1
 1283     0.00     1539.602        0.000        0.000             37        0.00        0.00    MF_PHYS_PREP_PARALLEL:PREP:NULLIFY@1
 1284     0.00     1539.602        0.000        0.000            203        0.00        0.00    FANUCA_MT@1
 1285     0.00     1539.602        0.000        0.000              1        0.09        0.24    SITNU_SP_OPENMP@1
 1286     0.00     1539.603        0.000        0.000              1        0.09        0.09    IOSTREAM_MIX:IOSTREAM_STATS@1
 1287     0.00     1539.603        0.000        0.000             39        0.00        0.00    SUECOZO@1
 1288     0.00     1539.603        0.000        0.000             37        0.00        0.00    MF_PHYS_FPL_PART2_PARALLEL:PART2:NULLIFY@1
 1289     0.00     1539.603        0.000        0.000              1        0.09        0.09    SRTM_KGB20@1
 1290     0.00     1539.603        0.000        0.000             37        0.00        0.00    APL_ARPEGE_INIT_PARALLEL:6:GET_DATA@1
 1291     0.00     1539.603        0.000        0.000             37        0.00        0.00    CPXFU_PARALLEL:2:NULLIFY@1
 1292     0.00     1539.603        0.000        0.001              1        0.09        1.32    MF_PHYS_SAVE_PHSURF_PART1_PARALLEL:PART1@1
 1293     0.00     1539.603        0.000        0.000              2        0.04        0.04    READ_XKER_RDRYG@1
 1294     0.00     1539.603        0.000        0.000              2        0.04        0.04    READ_XKER_GWETH@1
 1295     0.00     1539.603        0.000        0.000             11        0.01        0.01    FACADI_MT@1
 1296     0.00     1539.603        0.000        0.000              1        0.08        0.08    SRTM_CMBGB28_GPU@1
 1297     0.00     1539.604        0.000        0.000             37        0.00        0.00    APL_ARPEGE_SURFACE_PARALLEL:ACDIFV2:NULLIFY@1
 1298     0.00     1539.604        0.000        0.000             37        0.00        0.00    APL_ARPEGE_OCEANIC_FLUXES_PARALLEL:ACFLUSO:NULLIFY@1
 1299     0.00     1539.604        0.000        0.000              1        0.08        0.08    RRTM_KGB14@1
 1300     0.00     1539.604        0.000        0.000             37        0.00        0.00    APL_ARPEGE_INIT_PARALLEL:5:NULLIFY@1
 1301     0.00     1539.604        0.000        0.000             22        0.00        0.00    SURFACE_FIELDS_MIX:INI_SFLP2@1
 1302     0.00     1539.604        0.000        0.000             37        0.00        0.00    TRLTOM_BAR@1
 1303     0.00     1539.604        0.000        0.000            202        0.00        0.00    SUCLDP:BETACF@1
 1304     0.00     1539.604        0.000        0.000              1        0.08        0.08    SUHER@1
 1305     0.00     1539.604        0.000        0.000             37        0.00        0.00    ACVPPKF_PARALLEL:PART3:NULLIFY@1
 1306     0.00     1539.604        0.000        0.000             10        0.01        0.01    GFL_SUBS_MOD:DEFINE_GFL_COMP@1
 1307     0.00     1539.604        0.000        0.000              1        0.08        0.08    SRTM_KGB29@1
 1308     0.00     1539.604        0.000        0.000             37        0.00        0.00    APL_ARPEGE_INIT_PARALLEL:4:NULLIFY@1
 1309     0.00     1539.605        0.000        0.000             37        0.00        0.00    CPG_GP_HYD_PARALLEL:1:NULLIFY@1
 1310     0.00     1539.605        0.000        0.000              1        0.08        0.08    RRTM_KGB11@1
 1311     0.00     1539.605        0.000        0.000             37        0.00        0.00    LAPINEB_PARALLEL:ZVWEI:NULLIFY@1
 1312     0.00     1539.605        0.000        0.000              1        0.08        0.08    ELMHES@1
 1313     0.00     1539.605        0.000        0.000             57        0.00        0.00    TRGTOL_BAR@1
 1314     0.00     1539.605        0.000        0.000            168        0.00        0.00    GBYTES_MF@1
 1315     0.00     1539.605        0.000        0.000              1        0.08        0.08    RRTM_KGB10@1
 1316     0.00     1539.605        0.000        0.000              1        0.08        0.08    SRTM_KGB27@1
 1317     0.00     1539.605        0.000        0.000              1        0.08        0.08    SUNRTAER@1
 1318     0.00     1539.605        0.000        0.000             37        0.00        0.00    APL_ARPEGE_ALBEDO_COMPUTATION_PARALLEL:0:NULLIFY@1
 1319     0.00     1539.605        0.000        0.000             37        0.00        0.00    APL_ARPEGE_PARALLEL:ACTQSAT:NULLIFY@1
 1320     0.00     1539.605        0.000        0.000             72        0.00        0.00    EXCHANGE_MS:ADD2DF@1
 1321     0.00     1539.605        0.000        0.071              1        0.08       70.83    SUPHEC@1
 1322     0.00     1539.606        0.000        0.000             37        0.00        0.00    CPG_GP_PARALLEL:GPTF2_EXPL_2TL:GET_DATA@1
 1323     0.00     1539.606        0.000        0.000             37        0.00        0.00    CPG_GP_PARALLEL:SETZERO:GET_DATA@1
 1324     0.00     1539.606        0.000        0.001              1        0.08        0.61    SUTRANS0@1
 1325     0.00     1539.606        0.000        0.007              3        0.02        2.42    FIELD_CONTAINER_BASE_MOD:FIELD_CREATE_BASE@1
 1326     0.00     1539.606        0.000        0.000             47        0.00        0.01    FANFAN_MT@1
 1327     0.00     1539.606        0.000        0.000             37        0.00        0.00    APL_ARPEGE_RADIATION_PARALLEL:DIRECT:GET_DATA@1
 1328     0.00     1539.606        0.000        0.001              2        0.04        0.29    IOGRIDA_MOD:IOGRIDA_SELECT_WH@1
 1329     0.00     1539.606        0.000        0.000             37        0.00        0.00    APL_ARPEGE_PARALLEL:ACCLPH:NULLIFY@1
 1330     0.00     1539.606        0.000        0.000             37        0.00        0.00    CPG_DIA_FLU_PARALLEL:2:NULLIFY@1
 1331     0.00     1539.606        0.000        0.000              1        0.07        0.07    RERESF_PART1@1
 1332     0.00     1539.606        0.000        0.000              1        0.07        0.07    SUCTRL_GFLATTR@1
 1333     0.00     1539.606        0.000     1538.221              1        0.07  1538221.28    CNT3@1
 1334     0.00     1539.606        0.000        0.000              2        0.04        0.04    TCFU_TYPE_INIT@1
 1335     0.00     1539.606        0.000        0.001              1        0.07        0.67    SURLX@1
 1336     0.00     1539.607        0.000        0.000             37        0.00        0.00    APL_ARPEGE_RADIATION_PARALLEL:LMSE_F:NULLIFY@1
 1337     0.00     1539.607        0.000        0.000             37        0.00        0.00    LAVABO_PARALLEL:0:NULLIFY@1
 1338     0.00     1539.607        0.000        0.000             37        0.00        0.00    GPRCP_EXPL_PARALLEL:5:NULLIFY@1
 1339     0.00     1539.607        0.000        0.000             12        0.01        0.01    GRIB_API:IGRIB_SET_REAL8@1
 1340     0.00     1539.607        0.000        0.000             36        0.00        0.00    CPCFU_PARALLEL:1:NULLIFY@1
 1341     0.00     1539.607        0.000        0.000             37        0.00        0.00    LAVABO_PARALLEL:1:GET_DATA@1
 1342     0.00     1539.607        0.000        0.000              1        0.06        0.06    RRTM_CMBGB9_GPU@1
 1343     0.00     1539.607        0.000        0.000              1        0.06        0.06    RRTM_CMBGB7_GPU@1
 1344     0.00     1539.607        0.000        0.000              1        0.06        0.06    SUALDYN@1
 1345     0.00     1539.607        0.000        0.000              2        0.03        0.03    READ_XKER_RWETH@1
 1346     0.00     1539.607        0.000        0.000             37        0.00        0.00    CPG_GP_HYD_PARALLEL:3:NULLIFY@1
 1347     0.00     1539.607        0.000        0.000             36        0.00        0.00    UPDATE_CALENDAR@1
 1348     0.00     1539.607        0.000        0.000             41        0.00        0.00    TRMTOL_BAR@1
 1349     0.00     1539.607        0.000        0.000              7        0.01        0.01    RECMWF_PARALLEL:ECRAD_GPU:NULLIFY@1
 1350     0.00     1539.607        0.000        0.000             72        0.00        0.00    EXCHANGE_MS:ADD2DFL@1
 1351     0.00     1539.607        0.000        0.000              1        0.06        0.06    SUALMP1@1
 1352     0.00     1539.608        0.000        0.000              1        0.06        0.06    YOEAERC:PART4@1
 1353     0.00     1539.608        0.000        0.000             37        0.00        0.00    CPG_GP_PARALLEL:GPTF2_EXPL_2TL:NULLIFY@1
 1354     0.00     1539.608        0.000        0.000             37        0.00        0.00    CPG_GP_PARALLEL:GP_SPV:NULLIFY@1
 1355     0.00     1539.608        0.000        0.000              7        0.01        0.01    RECMWF_PARALLEL:PREPARE:NULLIFY@1
 1356     0.00     1539.608        0.000        0.000              1        0.06        0.06    SUMPINI_PRT@1
 1357     0.00     1539.608        0.000        0.002              1        0.06        1.63    SUVAREPS@1
 1358     0.00     1539.608        0.000        0.000             37        0.00        0.00    APL_ARPEGE_PARALLEL:ACSOL:NULLIFY@1
 1359     0.00     1539.608        0.000        0.175             20        0.00        8.76    GPNORM_TRANS@1
 1360     0.00     1539.608        0.000        0.000              1        0.06        0.06    YOEAERC:PART6@1
 1361     0.00     1539.608        0.000        0.000             37        0.00        0.00    CPG_PARALLEL:ISETTLOFF:NULLIFY@1
 1362     0.00     1539.608        0.000        0.000            131        0.00        0.00    "lfinfo_alts"@1:lfi_alts.c
 1363     0.00     1539.608        0.000       18.659             37        0.00      504.29    APL_ARPEGE_INIT_PARALLEL:PART4@1
 1364     0.00     1539.608        0.000        0.000              7        0.01        0.01    RECMWF_PARALLEL:FINISH:NULLIFY@1
 1365     0.00     1539.608        0.000        6.375             37        0.00      172.31    APL_ARPEGE_INIT_PARALLEL:PART5@1
 1366     0.00     1539.608        0.000        0.000              1        0.05        0.05    YOEAERC:PART3@1
 1367     0.00     1539.608        0.000        0.000             37        0.00        0.00    SPMCUF@1
 1368     0.00     1539.608        0.000        0.000              1        0.05        0.05    YOEAERC:PART2@1
 1369     0.00     1539.608        0.000        0.101             37        0.00        2.73    APL_ARPEGE_INIT_PARALLEL:PART1@1
 1370     0.00     1539.609        0.000        0.001              1        0.05        0.64    SURIP@1
 1371     0.00     1539.609        0.000        0.000             37        0.00        0.00    CPG_DRV_SETTLOFF@1
 1372     0.00     1539.609        0.000        0.000              1        0.05        0.05    YOEAERC:PART5@1
 1373     0.00     1539.609        0.000        0.115             37        0.00        3.10    APL_ARPEGE_INIT_PARALLEL:PART7@1
 1374     0.00     1539.609        0.000        0.000              7        0.01        0.01    RECMWF_PARALLEL:1:GET_DATA@1
 1375     0.00     1539.609        0.000        0.000             37        0.00        0.00    CPG_GP_PARALLEL:SET1TO0:GET_DATA@1
 1376     0.00     1539.609        0.000        0.000             36        0.00        0.00    CPCFU_PARALLEL:0:NULLIFY@1
 1377     0.00     1539.609        0.000        0.000              1        0.05        0.05    YOEAERC:PART1@1
 1378     0.00     1539.609        0.000        0.001              1        0.05        0.55    SATS_MIX:SUSATS@1
 1379     0.00     1539.609        0.000        0.007              1        0.05        7.00    YOEAERC:SETUP_TEGEN@1
 1380     0.00     1539.609        0.000        0.000              1        0.05        0.05    SUSRTAB@1
 1381     0.00     1539.609        0.000        0.000             90        0.00        0.00    SUXFU:NEXTYPE1@1
 1382     0.00     1539.609        0.000        0.000            110        0.00        0.00    "lfierf_alts"@1:lfi_alts.c
 1383     0.00     1539.609        0.000        0.000              1        0.05        0.06    RIEN@1
 1384     0.00     1539.609        0.000        0.000             37        0.00        0.00    APL_ARPEGE_PARALLEL:FRSOPT:NULLIFY@1
 1385     0.00     1539.609        0.000        0.000             37        0.00        0.00    APL_ARPEGE_PARALLEL:PPWETPOINT:NULLIFY@1
 1386     0.00     1539.609        0.000        0.000              1        0.05        0.05    SUALLO@1
 1387     0.00     1539.609        0.000        0.000              2        0.02        0.03    CHIEN@1
 1388     0.00     1539.609        0.000        0.001              1        0.04        0.53    SUPARAR@1
 1389     0.00     1539.609        0.000        1.220             37        0.00       32.97    APL_ARPEGE_INIT_PARALLEL:PART3@1
 1390     0.00     1539.609        0.000        0.000              2        0.02        0.02    SUMPIOH@1
 1391     0.00     1539.610        0.000        0.000             37        0.00        0.00    APL_ARPEGE_PARALLEL:PLSM:NULLIFY@1
 1392     0.00     1539.610        0.000        0.000              1        0.04        0.33    SUDIM@1
 1393     0.00     1539.610        0.000        0.000             32        0.00        0.00    DEALLOCATE_IF_ASSOCIATED_MOD:DEALLOCATE_IF_ASSOCIATED_REAL_2D@1
 1394     0.00     1539.610        0.000        0.000             37        0.00        0.00    CPG_PARALLEL:LSMTSOL:NULLIFY@1
 1395     0.00     1539.610        0.000        0.000             37        0.00        0.00    CPG_GP_PARALLEL:SET1TO0:NULLIFY@1
 1396     0.00     1539.610        0.000        0.000             36        0.00        0.00    CPG_END_SFC_PARALLEL:SET0TO1:GET_DATA@1
 1397     0.00     1539.610        0.000        0.000              2        0.02        0.02    TXFU_TYPE_INIT@1
 1398     0.00     1539.610        0.000        0.018              1        0.04       17.81    SUPHMF@1
 1399     0.00     1539.610        0.000        0.000             37        0.00        0.00    CPG_PARALLEL:ZEROPB2:GET_DATA@1
 1400     0.00     1539.610        0.000        0.000              7        0.01        0.01    APL_ARPEGE_AEROSOLS_FOR_RADIATION_PARALLEL:RADAER:NULLIFY@1
 1401     0.00     1539.610        0.000        0.000              1        0.04        0.50    SUMP0@1
 1402     0.00     1539.610        0.000        0.000             37        0.00        0.00    APL_ARPEGE_SOIL_HYDRO_PARALLEL:ACVEG:NULLIFY@1
 1403     0.00     1539.610        0.000        0.000              1        0.04        0.04    SRTM_CMBGB24_GPU@1
 1404     0.00     1539.610        0.000        0.000              1        0.04        0.04    SUECAESD:PART18@1
 1405     0.00     1539.610        0.000        0.000             37        0.00        0.00    CPG_GP_PARALLEL:MAP_FACTOR:NULLIFY@1
 1406     0.00     1539.610        0.000        0.000              1        0.04        0.04    SUECAEOR:PART1@1
 1407     0.00     1539.610        0.000        0.000             36        0.00        0.00    CPCFU_PARALLEL:2:NULLIFY@1
 1408     0.00     1539.610        0.000        0.001              1        0.04        0.55    SUNORGWD@1
 1409     0.00     1539.610        0.000        0.000             37        0.00        0.00    APL_ARPEGE_PARALLEL:ZDPHIV:NULLIFY@1
 1410     0.00     1539.610        0.000        0.000              1        0.04        0.04    SRTM_CMBGB18_GPU@1
 1411     0.00     1539.610        0.000        0.000              2        0.02        0.02    OPENFAINFO@1
 1412     0.00     1539.610        0.000        0.000              1        0.04        0.04    SURRTAB@1
 1413     0.00     1539.610        0.000        0.088              3        0.01       29.33    FAIGRA_MT@1
 1414     0.00     1539.610        0.000        0.000             36        0.00        0.00    SPCSINEW_cp1@1
 1415     0.00     1539.611        0.000        0.000             37        0.00        0.00    APL_ARPEGE_INIT_PARALLEL:0:NULLIFY@1
 1416     0.00     1539.611        0.000        0.011              6        0.01        1.80    MINV_8@1
 1417     0.00     1539.611        0.000        0.000             37        0.00        0.00    APL_ARPEGE_RADIATION_PARALLEL:DIRECT:NULLIFY@1
 1418     0.00     1539.611        0.000        1.429             37        0.00       38.61    APL_ARPEGE_INIT_PARALLEL:PART2@1
 1419     0.00     1539.611        0.000        0.000              2        0.02        0.05    SUCFU:SETUP_DESCRIPTORS@1
 1420     0.00     1539.611        0.000        0.015              1        0.04       14.81    SPEUV@1
 1421     0.00     1539.611        0.000        0.000              1        0.04        0.04    SRTM_CMBGB19_GPU@1
 1422     0.00     1539.611        0.000        0.000              1        0.04        0.04    SUTIM@1
 1423     0.00     1539.611        0.000        0.000              2        0.02        0.06    SUXFU:SETUP_DESCRIPTORS@1
 1424     0.00     1539.611        0.000        0.000              1        0.04        0.04    SUECAEBC:PART1@1
 1425     0.00     1539.611        0.000        0.000             36        0.00        0.00    CPG_END_SFC_PARALLEL:SET0TO1:NULLIFY@1
 1426     0.00     1539.611        0.000        0.001              1        0.04        0.59    SUPP@1
 1427     0.00     1539.611        0.000        0.000              7        0.01        0.01    RECMWF_PARALLEL:ECRAD_POST:GET_DATA@1
 1428     0.00     1539.611        0.000        0.001              1        0.04        0.98    SUFP_CTL@1
 1429     0.00     1539.611        0.000        0.000             37        0.00        0.00    CPG_PARALLEL:ZEROSL1:GET_DATA@1
 1430     0.00     1539.611        0.000        0.000             37        0.00        0.00    CPXFU_PARALLEL:0:NULLIFY@1
 1431     0.00     1539.611        0.000        0.000             37        0.00        0.00    CPXFU_PARALLEL:3:NULLIFY@1
 1432     0.00     1539.611        0.000        0.000              1        0.04        0.04    SUECAESD:PART1@1
 1433     0.00     1539.611        0.000        0.000             12        0.00        0.00    SURFACE_FIELDS_MIX:INI_SFLP3@1
 1434     0.00     1539.611        0.000        0.001              1        0.04        0.51    SUOPH0@1
 1435     0.00     1539.611        0.000        0.000              1        0.04        0.04    SUECAESU:PART22@1
 1436     0.00     1539.611        0.000        0.000             38        0.00        0.00    GP_DERIVATIVES@1
 1437     0.00     1539.611        0.000        0.000              1        0.04        0.04    SULSFORC@1
 1438     0.00     1539.611        0.000        0.000             30        0.00        0.00    APL_ARPEGE_RADIATION_PARALLEL:CALLRAD_F:NULLIFY@1
 1439     0.00     1539.611        0.000        0.001              1        0.04        1.41    SULUN@1
 1440     0.00     1539.611        0.000        0.000             37        0.00        0.00    CPG_PARALLEL:SHUFFLESL1:GET_DATA@1
 1441     0.00     1539.612        0.000        0.000              2        0.02        0.19    MINV_CALLER@1
 1442     0.00     1539.612        0.000        0.000              1        0.04        0.04    YOEAERC:PART7@1
 1443     0.00     1539.612        0.000        0.000              1        0.04        0.04    YOMCVER:PRT_CVER_GEOM@1
 1444     0.00     1539.612        0.000        0.000              1        0.04        0.04    SUOPTSURF@1
 1445     0.00     1539.612        0.000        0.000              9        0.00        0.02    FARINE_MT@1
 1446     0.00     1539.612        0.000        0.000              3        0.01        0.11    FAIRME_MT@1
 1447     0.00     1539.612        0.000        0.000              1        0.04        0.04    SUECAESU:PART1@1
 1448     0.00     1539.612        0.000        0.000              1        0.04        0.04    SRTM_CMBGB16_GPU@1
 1449     0.00     1539.612        0.000        0.000             36        0.00        0.00    APL_ARPEGE_RADIATION_PARALLEL:SUNSHINE:NULLIFY@1
 1450     0.00     1539.612        0.000        0.000              1        0.04        0.04    SUECAESS:PART12@1
 1451     0.00     1539.612        0.000        0.000              1        0.04        0.04    SRTM_KGB23@1
 1452     0.00     1539.612        0.000        0.000             37        0.00        0.00    LACDYN_PARALLEL:LASURE:NULLIFY@1
 1453     0.00     1539.612        0.000        0.000             37        0.00        0.00    APL_ARPEGE_PARALLEL:BAYRAD:NULLIFY@1
 1454     0.00     1539.612        0.000        0.000              1        0.03        0.03    FA_COM:NEW_FA@1
 1455     0.00     1539.612        0.000        0.000              1        0.03        0.05    SUECV@1
 1456     0.00     1539.612        0.000        0.000             37        0.00        0.00    CPG_DIA_FLU_PARALLEL:4:NULLIFY@1
 1457     0.00     1539.612        0.000        0.000             37        0.00        0.00    CPG_GP_PARALLEL:SETZERO:NULLIFY@1
 1458     0.00     1539.612        0.000        0.000             37        0.00        0.00    MF_PHYS_TRANSFER_PARALLEL:ALL:NULLIFY@1
 1459     0.00     1539.612        0.000        0.000             37        0.00        0.00    APL_ARPEGE_PARALLEL:PRECIPS:NULLIFY@1
 1460     0.00     1539.612        0.000        0.000             36        0.00        0.00    CPCFU_PARALLEL:5:NULLIFY@1
 1461     0.00     1539.612        0.000        0.000              1        0.03        0.10    IOMULTIBUF_MOD:IOMULTIBUF_COMP_IDX@1
 1462     0.00     1539.612        0.000        0.000             36        0.00        0.00    SPCMNEW_PARALLEL_LEGACY_L2F@1
 1463     0.00     1539.612        0.000        0.000              1        0.03        0.03    SUECAESU:PART21@1
 1464     0.00     1539.612        0.000        0.020              1        0.03       20.34    SUSURF@1
 1465     0.00     1539.612        0.000        0.000             37        0.00        0.00    APL_ARPEGE_INIT_PARALLEL:6:NULLIFY@1
 1466     0.00     1539.612        0.000        0.000              1        0.03        0.03    RRTM_CMBGB13_GPU@1
 1467     0.00     1539.612        0.000        0.000              1        0.03        0.03    VAL923@1
 1468     0.00     1539.612        0.000        0.002              1        0.03        1.55    SUSC2C@1
 1469     0.00     1539.612        0.000        0.000             37        0.00        0.00    APL_ARPEGE_INIT_PARALLEL:1:NULLIFY@1
 1470     0.00     1539.612        0.000        0.000             37        0.00        0.00    GPMPFC_EXPL_PARALLEL:0:NULLIFY@1
 1471     0.00     1539.613        0.000        0.000              4        0.01        0.01    FACTUI_MT@1
 1472     0.00     1539.613        0.000        0.000              1        0.03        0.03    SUECAEOR:PART18@1
 1473     0.00     1539.613        0.000        0.000              1        0.03        0.03    SUECAEOR:PART15@1
 1474     0.00     1539.613        0.000        1.189              1        0.03     1188.99    CNT3_GLO@1
 1475     0.00     1539.613        0.000        0.000              2        0.02        0.02    SUCLOPN@1
 1476     0.00     1539.613        0.000        0.000              1        0.03        0.03    SUECAESD:PART2@1
 1477     0.00     1539.613        0.000        0.000              1        0.03        0.03    SURIP0@1
 1478     0.00     1539.613        0.000        0.000              1        0.03        0.03    RRTM_CMBGB12_GPU@1
 1479     0.00     1539.613        0.000        0.000             37        0.00        0.00    CPXFU_PARALLEL:4:NULLIFY@1
 1480     0.00     1539.613        0.000        0.000              1        0.03        0.03    RRTM_CMBGB16_GPU@1
 1481     0.00     1539.613        0.000        0.000              1        0.03        0.05    YOMCLMICST:SETUP_CLMICST@1
 1482     0.00     1539.613        0.000        0.000              1        0.03        0.03    SUECAESD:PART11@1
 1483     0.00     1539.613        0.000        0.000             36        0.00        0.00    CPCFU_PARALLEL:3:NULLIFY@1
 1484     0.00     1539.613        0.000        0.000              1        0.03        0.03    SUECAESD:PART15@1
 1485     0.00     1539.613        0.000        0.001              1        0.03        0.63    TESTVAR_MIX:SETUP_TESTVAR@1
 1486     0.00     1539.613        0.000        0.000              1        0.03        0.03    SUECAESD:PART3@1
 1487     0.00     1539.613        0.000        0.000              2        0.01        0.02    FAQUIN_MT@1
 1488     0.00     1539.613        0.000        0.000              1        0.03        0.03    SUECAEOR:PART2@1
 1489     0.00     1539.613        0.000        0.001              1        0.03        0.64    SUSPSDT@1
 1490     0.00     1539.613        0.000        0.000              1        0.03        0.03    SUECAESS:PART1@1
 1491     0.00     1539.613        0.000        0.000              1        0.03        0.03    SUGEM3@1
 1492     0.00     1539.613        0.000        0.000              1        0.03        0.28    SUCVMNH@1
 1493     0.00     1539.613        0.000        0.000              1        0.03        0.03    SUECAESD:PART16@1
 1494     0.00     1539.613        0.000        0.000              1        0.03        0.03    SUECAESS:PART20@1
 1495     0.00     1539.613        0.000        0.000              1        0.03        0.03    SUECAESD:PART9@1
 1496     0.00     1539.613        0.000        0.000              1        0.03        0.03    SUECAESS:PART9@1
 1497     0.00     1539.613        0.000        0.000              1        0.03        0.03    SULEGA@1
 1498     0.00     1539.613        0.000        0.000              1        0.03        0.03    SUECAESD:PART8@1
 1499     0.00     1539.613        0.000        0.000              1        0.03        0.04    SUSSOIL_MOD:SUSSOIL@1
 1500     0.00     1539.613        0.000        0.000              1        0.03        0.49    SUMCC@1
 1501     0.00     1539.613        0.000        0.000              1        0.03        0.03    SUECAESD:PART12@1
 1502     0.00     1539.613        0.000        0.027              2        0.01       13.39    FACGRA_MT@1
 1503     0.00     1539.613        0.000        0.001              1        0.03        1.18    radiation_aerosol_optics:setup_aerosol_optics_GPU@1
 1504     0.00     1539.614        0.000        0.000              1        0.03        0.03    SUECAEOR:PART9@1
 1505     0.00     1539.614        0.000        0.000              1        0.03        0.03    SUECAESS:PART2@1
 1506     0.00     1539.614        0.000        0.000              1        0.03        0.03    SUECAEOR:PART8@1
 1507     0.00     1539.614        0.000        0.001              1        0.03        0.58    SUVV1@1
 1508     0.00     1539.614        0.000        0.000              1        0.03        0.03    SUECAEOR:PART10@1
 1509     0.00     1539.614        0.000        0.000              1        0.03        0.03    SUVSPLIP@1
 1510     0.00     1539.614        0.000        0.000              1        0.03        0.49    SUGRIB@1
 1511     0.00     1539.614        0.000        0.000              1        0.03        0.03    SUECAESU:PART20@1
 1512     0.00     1539.614        0.000        0.000              2        0.01        0.02    SUPERGOM_CLASS:SUPERGOM_DESTROY@1
 1513     0.00     1539.614        0.000        0.000              1        0.03        0.03    SUECAESD:PART23@1
 1514     0.00     1539.614        0.000        0.000              1        0.03        0.03    SUHDVPN@1
 1515     0.00     1539.614        0.000        0.000              1        0.03        0.03    SUECAESS:PART22@1
 1516     0.00     1539.614        0.000        0.000              1        0.03        0.03    SUECAESD:PART17@1
 1517     0.00     1539.614        0.000        0.000              1        0.03        0.03    SUECAESD:PART5@1
 1518     0.00     1539.614        0.000        0.000              1        0.03        0.03    SUECAESD:PART6@1
 1519     0.00     1539.614        0.000        0.000              1        0.03        0.03    SUECAESD:PART4@1
 1520     0.00     1539.614        0.000        0.000              1        0.03        0.03    SUDIMO@1
 1521     0.00     1539.614        0.000        0.000              1        0.03        0.31    SUGFL3@1
 1522     0.00     1539.614        0.000        0.000             50        0.00        0.00    SUCFU:NEXTYPE1@1
 1523     0.00     1539.614        0.000        0.000              8        0.00        0.05    VERDISINT@1
 1524     0.00     1539.614        0.000        0.000              1        0.03        0.03    SUECAEOR:PART12@1
 1525     0.00     1539.614        0.000        0.020              1        0.03       20.21    SUSOCEAN_ML_MOD:SUSOCEAN_ML@1
 1526     0.00     1539.614        0.000        0.000              1        0.03        0.03    SUECAESD:PART20@1
 1527     0.00     1539.614        0.000        0.000              1        0.03        0.03    SUECAEOR:PART17@1
 1528     0.00     1539.614        0.000        0.000              1        0.03        0.03    SUECAESU:PART18@1
 1529     0.00     1539.614        0.000        0.000              1        0.03        0.03    SUECAESD:PART14@1
 1530     0.00     1539.614        0.000        0.000             37        0.00        0.00    CPXFU_PARALLEL:1:NULLIFY@1
 1531     0.00     1539.614        0.000        0.000              1        0.03        0.03    SUECAESU:PART3@1
 1532     0.00     1539.614        0.000        0.000              1        0.03        0.03    SUECAESS:PART7@1
 1533     0.00     1539.614        0.000        0.000              1        0.03        0.03    SUECAESD:PART22@1
 1534     0.00     1539.614        0.000        0.000              1        0.03        0.03    SUECAEOR:PART22@1
 1535     0.00     1539.614        0.000        0.000              1        0.03        0.03    SUECAEBC:PART2@1
 1536     0.00     1539.614        0.000        0.000             37        0.00        0.00    CPG_DIA_FLU_PARALLEL:3:NULLIFY@1
 1537     0.00     1539.614        0.000        0.000              1        0.02        0.03    SUECAESD:PART7@1
 1538     0.00     1539.614        0.000        0.000              1        0.02        0.03    SUECAEOR:PART14@1
 1539     0.00     1539.614        0.000        0.000              1        0.02        0.03    SUECAESD:PART24@1
 1540     0.00     1539.614        0.000        0.020              1        0.02       20.30    SUSURF_CTL_MOD:SUSURF_CTL@1
 1541     0.00     1539.614        0.000        0.000              1        0.02        0.02    SUECAEOR:PART23@1
 1542     0.00     1539.614        0.000        0.000              1        0.02        0.02    SUECAEOR:PART11@1
 1543     0.00     1539.615        0.000        0.000              4        0.01        0.01    IOSTREAM_MIX:INI_IOSTREAM@1
 1544     0.00     1539.615        0.000        0.000              1        0.02        0.02    SUECAESS:PART5@1
 1545     0.00     1539.615        0.000        0.000              1        0.02        0.02    SUECAEOR:PART16@1
 1546     0.00     1539.615        0.000        0.000              1        0.02        0.02    SUECAESD:PART10@1
 1547     0.00     1539.615        0.000        0.000              1        0.02        0.02    SUECAESU:PART11@1
 1548     0.00     1539.615        0.000        0.000              1        0.02        0.02    SUECAESU:PART19@1
 1549     0.00     1539.615        0.000        0.000              2        0.01        0.02    STACK_MIX:INIT_STACK@1
 1550     0.00     1539.615        0.000        0.000              1        0.02        0.02    SUECAESU:PART12@1
 1551     0.00     1539.615        0.000        0.000              1        0.02        0.02    SUECAESS:PART10@1
 1552     0.00     1539.615        0.000        0.000              1        0.02        0.02    SUECAESU:PART23@1
 1553     0.00     1539.615        0.000        0.000              1        0.02        0.02    SUECAESS:PART8@1
 1554     0.00     1539.615        0.000        0.000              1        0.02        0.02    SUECAESU:PART2@1
 1555     0.00     1539.615        0.000        0.000              1        0.02        0.02    SUECAESS:PART11@1
 1556     0.00     1539.615        0.000        0.000              8        0.00        0.00    VERINTS@1
 1557     0.00     1539.615        0.000        0.000              1        0.02        0.02    SUECAEOR:PART3@1
 1558     0.00     1539.615        0.000        0.000              1        0.02        0.02    SUECAESU:PART10@1
 1559     0.00     1539.615        0.000        0.000              1        0.02        0.02    SUECAEOR:PART19@1
 1560     0.00     1539.615        0.000        0.000              1        0.02        0.02    SUECAEOR:PART20@1
 1561     0.00     1539.615        0.000        0.000              1        0.02        0.02    SRTM_CMBGB22_GPU@1
 1562     0.00     1539.615        0.000        0.000              1        0.02        0.02    SUECAESD:PART19@1
 1563     0.00     1539.615        0.000        0.000              1        0.02        0.02    SUECAEOR:PART7@1
 1564     0.00     1539.615        0.000        0.000              1        0.02        0.02    SUECAEOR:PART6@1
 1565     0.00     1539.615        0.000        0.000              1        0.02        0.02    SUECAEOR:PART24@1
 1566     0.00     1539.615        0.000        0.000              1        0.02        0.02    SUECAESD:PART21@1
 1567     0.00     1539.615        0.000        0.000              1        0.02        0.02    SUECAESU:PART15@1
 1568     0.00     1539.615        0.000        0.000              1        0.02        0.36    SUDIMF1@1
 1569     0.00     1539.615        0.000        0.000              1        0.02        0.02    SUECAEOR:PART21@1
 1570     0.00     1539.615        0.000        0.000              1        0.02        0.02    SUECAESD:PART13@1
 1571     0.00     1539.615        0.000        0.000              1        0.02        0.02    SUECAESU:PART9@1
 1572     0.00     1539.615        0.000        0.000              1        0.02        0.02    SUECAEBC:PART12@1
 1573     0.00     1539.615        0.000        0.000              1        0.02        0.02    SUECAESS:PART3@1
 1574     0.00     1539.615        0.000        0.000              1        0.02        0.02    SUECAESU:PART7@1
 1575     0.00     1539.615        0.000        0.000             39        0.00        0.00    FCGENERALIZED_GAMMA@1
 1576     0.00     1539.615        0.000        0.001              1        0.02        0.52    SURINC@1
 1577     0.00     1539.615        0.000        0.000              1        0.02        0.02    SUECAESS:PART6@1
 1578     0.00     1539.615        0.000        0.000              1        0.02        0.02    SUECAESS:PART15@1
 1579     0.00     1539.615        0.000        0.000              1        0.02        0.27    SUCUMF@1
 1580     0.00     1539.615        0.000        0.000             37        0.00        0.00    LAVABO_PARALLEL:2:NULLIFY@1
 1581     0.00     1539.615        0.000        0.000              1        0.02        0.02    SUECAEOR:PART4@1
 1582     0.00     1539.615        0.000        0.000              1        0.02        0.02    SUECAESU:PART5@1
 1583     0.00     1539.615        0.000        0.000              1        0.02        0.02    SUECAESU:PART24@1
 1584     0.00     1539.615        0.000        0.000              1        0.02        0.02    SUECAESS:PART13@1
 1585     0.00     1539.615        0.000        0.000              1        0.02        0.18    SIGAM_SP_OPENMP@1
 1586     0.00     1539.616        0.000        0.001              1        0.02        0.56    SUPHY2@1
 1587     0.00     1539.616        0.000        0.000              1        0.02        0.02    SUECAEOR:PART13@1
 1588     0.00     1539.616        0.000        0.000              1        0.02        0.02    SUECAESU:PART8@1
 1589     0.00     1539.616        0.000        0.000              1        0.02        0.02    SRTM_KGB25@1
 1590     0.00     1539.616        0.000        0.000              1        0.02        0.02    SUSLB@1
 1591     0.00     1539.616        0.000        0.000              1        0.02        0.02    SUECAESU:PART6@1
 1592     0.00     1539.616        0.000        0.000              1        0.02        0.02    SUECAESU:PART13@1
 1593     0.00     1539.616        0.000        0.000             37        0.00        0.00    CPG_DIA_FLU_PARALLEL:1:NULLIFY@1
 1594     0.00     1539.616        0.000        0.000              1        0.02        0.02    SUECAESS:PART18@1
 1595     0.00     1539.616        0.000        0.000              1        0.02        0.02    SUECAEBC:PART22@1
 1596     0.00     1539.616        0.000        0.000              1        0.02        0.02    SUECAEOR:PART5@1
 1597     0.00     1539.616        0.000        0.000              1        0.02        0.32    SUDIM_TRAJ@1
 1598     0.00     1539.616        0.000        0.000              1        0.02        0.02    SUECAESU:PART17@1
 1599     0.00     1539.616        0.000        0.000              1        0.02        0.02    SUECAESU:PART25@1
 1600     0.00     1539.616        0.000        0.000              1        0.02        0.27    SUCUMF2@1
 1601     0.00     1539.616        0.000        0.000              1        0.02        0.02    SUECAESS:PART4@1
 1602     0.00     1539.616        0.000        0.000              1        0.02        0.02    SUECAESU:PART16@1
 1603     0.00     1539.616        0.000        0.000              1        0.02        0.02    SUECAEBC:PART23@1
 1604     0.00     1539.616        0.000        0.000              1        0.02        0.02    SUECAEBC:PART19@1
 1605     0.00     1539.616        0.000        0.000              1        0.02        0.02    RRTM_KGB6@1
 1606     0.00     1539.616        0.000        0.000              1        0.02        0.02    SUECAESU:PART14@1
 1607     0.00     1539.616        0.000        0.000              1        0.02        0.02    SUECAEBC:PART21@1
 1608     0.00     1539.616        0.000        0.000              1        0.02        0.02    SUECAESU:PART4@1
 1609     0.00     1539.616        0.000        0.000              1        0.02        0.02    YOERADGHG:INIT_RAD_GHG@1
 1610     0.00     1539.616        0.000        0.000              1        0.02        0.02    SRTM_CMBGB29_GPU@1
 1611     0.00     1539.616        0.000        0.000              1        0.02        0.02    SUECAESS:PART23@1
 1612     0.00     1539.616        0.000        0.000              1        0.02        0.02    SUECAEBC:PART3@1
 1613     0.00     1539.616        0.000        0.000              1        0.02        0.09    SUCHET@1
 1614     0.00     1539.616        0.000        0.000              1        0.02        0.02    SUECAEBC:PART16@1
 1615     0.00     1539.616        0.000        0.058              1        0.02       58.12    SUGRIDUA@1
 1616     0.00     1539.616        0.000        0.000              1        0.02        0.02    SUECAESS:PART21@1
 1617     0.00     1539.616        0.000        0.000              1        0.02        0.02    SUECAEBC:PART6@1
 1618     0.00     1539.616        0.000        0.000              1        0.02        0.02    RRTM_CMBGB15_GPU@1
 1619     0.00     1539.616        0.000        0.000              1        0.02        0.02    SUECAEBC:PART5@1
 1620     0.00     1539.616        0.000        0.000              1        0.02        0.02    SUSWN@1
 1621     0.00     1539.616        0.000        0.000              1        0.02        0.02    SUECAESS:PART16@1
 1622     0.00     1539.616        0.000        0.000             30        0.00        0.00    TYPES_FPCAT:SUCATIND@1
 1623     0.00     1539.616        0.000        0.000              1        0.02        0.02    SUECAESS:PART14@1
 1624     0.00     1539.616        0.000        0.000              1        0.02        0.02    SUECAEBC:PART4@1
 1625     0.00     1539.616        0.000        0.000              1        0.02        0.02    SUECAEBC:PART18@1
 1626     0.00     1539.616        0.000        0.000              1        0.02        0.02    SUECAEBC:PART13@1
 1627     0.00     1539.616        0.000        0.000              1        0.02        0.02    SUECAEBC:PART15@1
 1628     0.00     1539.616        0.000        0.000              1        0.02        0.02    SUECAESS:PART17@1
 1629     0.00     1539.616        0.000        0.000              1        0.02        0.02    SUECAESS:PART19@1
 1630     0.00     1539.616        0.000        0.000              1        0.02        0.02    SUECAEBC:PART17@1
 1631     0.00     1539.616        0.000        0.001              1        0.02        0.57    SURES@1
 1632     0.00     1539.616        0.000        0.000              1        0.02        0.02    SUECAEBC:PART9@1
 1633     0.00     1539.616        0.000        0.000              1        0.02        0.02    SUECAEBC:PART14@1
 1634     0.00     1539.616        0.000        0.000              1        0.02        0.02    SUECAEBC:PART7@1
 1635     0.00     1539.617        0.000        0.000              1        0.02        0.02    SUECAEBC:PART20@1
 1636     0.00     1539.617        0.000        0.000              1        0.02        0.02    SUECAESS:PART24@1
 1637     0.00     1539.617        0.000        0.000              4        0.00        0.00    radiation_spectral_definition:calc_mapping_from_bands_GPU@1
 1638     0.00     1539.617        0.000        0.000              1        0.02        0.44    SUBMAT@1
 1639     0.00     1539.617        0.000        0.000              1        0.02        0.02    RRTM_CMBGB1_GPU@1
 1640     0.00     1539.617        0.000        0.000              1        0.02        0.31    SUDYNCORE@1
 1641     0.00     1539.617        0.000        0.000              1        0.02        0.02    SUECAEBC:PART8@1
 1642     0.00     1539.617        0.000        0.000              1        0.02        0.02    SUECAEBC:PART10@1
 1643     0.00     1539.617        0.000        0.000              1        0.02        0.02    SUECAEBC:PART24@1
 1644     0.00     1539.617        0.000        0.000              1        0.02        0.02    SUECAESD:PART25@1
 1645     0.00     1539.617        0.000        0.000              2        0.01        0.02    SUEDRD@1
 1646     0.00     1539.617        0.000        0.001              1        0.02        0.93    GEOMETRY_MOD:GEOMETRY_DELETE@1
 1647     0.00     1539.617        0.000        0.000              3        0.01        0.01    GRIDPOINT_FIELDS_MIX:ALLOCATE_GRID@1
 1648     0.00     1539.617        0.000        0.000             37        0.00        0.00    LAVABO_PARALLEL:1:NULLIFY@1
 1649     0.00     1539.617        0.000        0.000              1        0.02        0.02    MODEL_MOD:MODEL_SET@1
 1650     0.00     1539.617        0.000        0.001              1        0.02        0.59    SPGEOM_MOD:SUSPGEOM@1
 1651     0.00     1539.617        0.000        0.000              1        0.02        0.02    SUECAEBC:PART11@1
 1652     0.00     1539.617        0.000     1538.246              1        0.02  1538245.83    CNT1@1
 1653     0.00     1539.617        0.000        0.000              1        0.02        0.02    RRTM_CMBGB8_GPU@1
 1654     0.00     1539.617        0.000        0.000             32        0.00        0.00    SUCFU:NEXTYPE3@1
 1655     0.00     1539.617        0.000        0.004              1        0.02        4.44    SUGFL@1
 1656     0.00     1539.617        0.000        0.000              1        0.02        0.02    RRTM_CMBGB2_GPU@1
 1657     0.00     1539.617        0.000        0.000              1        0.02        0.02    SUECAEOR:PART25@1
 1658     0.00     1539.617        0.000        0.000              1        0.02        0.13    SU_COUP_COM@1
 1659     0.00     1539.617        0.000        0.000              1        0.02        0.02    radiation_ifs_rrtm:setup_gas_optics_rrtm_GPU@1
 1660     0.00     1539.617        0.000        0.000              1        0.02        0.02    RRTM_CMBGB11_GPU@1
 1661     0.00     1539.617        0.000        0.000              1        0.02        0.08    SUCAPE@1
 1662     0.00     1539.617        0.000        0.000              1        0.02        0.14    SUMCCLAG@1
 1663     0.00     1539.617        0.000        0.000              7        0.00        0.00    RECMWF_PARALLEL:2:GET_DATA@1
 1664     0.00     1539.617        0.000        0.000              1        0.02        0.02    SUECAEBC:PART25@1
 1665     0.00     1539.617        0.000        0.000              1        0.02        0.02    SRTM_CMBGB20_GPU@1
 1666     0.00     1539.617        0.000        0.000              1        0.02        0.02    SUECAESS:PART25@1
 1667     0.00     1539.617        0.000        0.000              1        0.01        0.24    SUCT1@1
 1668     0.00     1539.617        0.000        0.004              1        0.01        3.75    SUINTERPOLATOR@1
 1669     0.00     1539.617        0.000        0.000              1        0.01        0.01    SURRTPK_GPU@1
 1670     0.00     1539.617        0.000        0.000              1        0.01        0.08    YOE_CUCONVCA:INI_CUCONVCA@1
 1671     0.00     1539.617        0.000        0.000              8        0.00        0.00    UPDCAL@1
 1672     0.00     1539.617        0.000        0.000              1        0.01        0.36    SUDWET@1
 1673     0.00     1539.617        0.000        0.000             12        0.00        0.00    SPECTRAL_FIELDS_MOD:INTLOC@1
 1674     0.00     1539.617        0.000        0.000              1        0.01        0.01    SULWN@1
 1675     0.00     1539.617        0.000        0.000              1        0.01        0.12    IOSPECA_MOD:IOSPECA_SELECTD@1
 1676     0.00     1539.617        0.000        0.001              1        0.01        0.58    SURAND1@1
 1677     0.00     1539.617        0.000        0.000             28        0.00        0.00    SURFACE_FIELDS_MIX:SETUP_SFLP2@1
 1678     0.00     1539.617        0.000        0.000              4        0.00        0.00    GRIB_API:IGRIB_GET_REAL8@1
 1679     0.00     1539.617        0.000        0.000              1        0.01        0.01    MF_PHYS_SAVE_PHSURF_PART2_PARALLEL:PART2:GET_DATA@1
 1680     0.00     1539.617        0.000        0.000              1        0.01        0.32    SUDPRECIPS@1
 1681     0.00     1539.617        0.000        0.000              1        0.01        0.24    YOMCVER:SUCVER@1
 1682     0.00     1539.617        0.000        0.000              3        0.00        0.01    FACIES_MT@1
 1683     0.00     1539.617        0.000        0.000              2        0.01        0.08    FANMSG_MT@1
 1684     0.00     1539.617        0.000        0.000              1        0.01        0.01    YOMLUN:RESERVE_LUN@1
 1685     0.00     1539.617        0.000        0.000              1        0.01        0.49    SUGWD@1
 1686     0.00     1539.617        0.000        0.001              1        0.01        0.63    SUVDF@1
 1687     0.00     1539.617        0.000        0.000              3        0.00        0.01    GPHPRE_EXPL@1
 1688     0.00     1539.617        0.000        0.000              1        0.01        0.18    YOMGSGEOM:DEALLO_TGSGEOM_NB@1
 1689     0.00     1539.617        0.000        0.000              1        0.01        0.01    SUDIMF2@1
 1690     0.00     1539.617        0.000        0.001              1        0.01        0.53    TRAJ_SETUP@1
 1691     0.00     1539.617        0.000        0.000              1        0.01        0.01    SRTM_CMBGB27_GPU@1
 1692     0.00     1539.617        0.000        0.001              1        0.01        0.51    SUPPVI@1
 1693     0.00     1539.617        0.000        0.000              1        0.01        0.32    SUDVISI@1
 1694     0.00     1539.617        0.000        0.000              2        0.01        0.01    FANOUV_MT@1
 1695     0.00     1539.617        0.000        0.000              1        0.01        0.01    DISTRIBUTED_VECTORS_MIX:SETUP_DISTVEC@1
 1696     0.00     1539.617        0.000        0.000              2        0.01        0.01    INI_SPEC_DIST@1
 1697     0.00     1539.617        0.000        0.021              1        0.01       20.65    FIELDS_MOD:FIELDS_CONTAIN@1
 1698     0.00     1539.617        0.000        0.000              1        0.01        0.01    PPSTA@1
 1699     0.00     1539.617        0.000        0.000              1        0.01        0.01    RRTM_CMBGB10_GPU@1
 1700     0.00     1539.617        0.000        0.000              1        0.01        0.03    INTDYN_MOD:SUINTDYN@1
 1701     0.00     1539.617        0.000        0.000              7        0.00        0.00    RECMWF_PARALLEL:ECRAD_POST:NULLIFY@1
 1702     0.00     1539.617        0.000        0.000              1        0.01        0.06    YOMGSGEOM:DEALLO_TGSGEOM_B@1
 1703     0.00     1539.617        0.000        0.001              1        0.01        0.57    SUSCM@1
 1704     0.00     1539.617        0.000        0.012              1        0.01       11.99    SUVERTFE@1
 1705     0.00     1539.617        0.000        0.000              1        0.01        0.38    SUFAINIT@1
 1706     0.00     1539.618        0.000        0.000              7        0.00        0.00    RECMWF_PARALLEL:1:NULLIFY@1
 1707     0.00     1539.618        0.000        0.000              1        0.01        0.32    ENKF_MIX:SETUP_ENKF@1
 1708     0.00     1539.618        0.000        0.001              1        0.01        0.50    RG@1
 1709     0.00     1539.618        0.000        0.115              1        0.01      114.89    SUOPH@1
 1710     0.00     1539.618        0.000        0.000             24        0.00        0.00    INDEXFIND_MOD:INDINLOC@1
 1711     0.00     1539.618        0.000        0.430              1        0.01      429.95    SUTRANS@1
 1712     0.00     1539.618        0.000        0.000              8        0.00        0.00    SURFACE_FIELDS_MIX:SETUP_SFLP3@1
 1713     0.00     1539.618        0.000        0.000              1        0.01        0.01    LFICOM:NEW_LFI_DEFAULT@1
 1714     0.00     1539.618        0.000        0.000              1        0.01        0.47    SUGWWMS@1
 1715     0.00     1539.618        0.000        0.000              1        0.01        0.47    SUINTFLEX@1
 1716     0.00     1539.618        0.000        0.000              2        0.00        0.01    STACK_MIX:GETSTACKUSAGEX@1
 1717     0.00     1539.618        0.000        0.024              1        0.01       24.30    IOGRID_MOD:IOGRID_SELECTFX@1
 1718     0.00     1539.618        0.000        0.000              3        0.00        0.01    GPHPRE@1
 1719     0.00     1539.618        0.000        0.000              8        0.00        0.00    YOMCLMICST:MOMG@1
 1720     0.00     1539.618        0.000        0.000              2        0.00        0.00    IO_SERV_MAP_RECV_PART2@1
 1721     0.00     1539.618        0.000        0.000              1        0.01        0.01    SUALTDH@1
 1722     0.00     1539.618        0.000        0.043              1        0.01       42.69    IOSPECA_MOD:IOSPECA_SELECTFX@1
 1723     0.00     1539.618        0.000        0.001              1        0.01        0.54    SUPERTPAR@1
 1724     0.00     1539.618        0.000        0.000              2        0.00        0.00    GRIB_API:IGRIB_GET_INT@1
 1725     0.00     1539.618        0.000        0.000              1        0.01        0.01    AROINI_CONF@1
 1726     0.00     1539.618        0.000        0.000              1        0.01        0.01    XUTRII@1
 1727     0.00     1539.618        0.000        0.000              1        0.01        0.01    SUVDFS@1
 1728     0.00     1539.618        0.000        0.000              1        0.01        0.01    IOGRID_MOD:DEL_INDSEL@1
 1729     0.00     1539.618        0.000        0.000              1        0.01        0.03    SUETLDIAG@1
 1730     0.00     1539.618        0.000        0.001              1        0.01        0.58    GET_SPP_CONF@1
 1731     0.00     1539.618        0.000        0.003              3        0.00        0.94    "lfiouv_alts"@1:lfi_alts.c
 1732     0.00     1539.618        0.000        0.000              3        0.00        0.00    GPHPRE_EXPL_VERTFE1@1
 1733     0.00     1539.618        0.000        0.000              1        0.01        0.42    SUINI@1
 1734     0.00     1539.618        0.000        0.000              1        0.01        0.01    CPTAVE_MOD:CPTAVE@1
 1735     0.00     1539.618        0.000        0.000              1        0.01        0.01    IO_SERV_SUIOSCTMPL@1
 1736     0.00     1539.618        0.000        0.000              1        0.01        0.01    RERESF_PART2@1
 1737     0.00     1539.618        0.000        0.000              2        0.00        0.02    SUPERGOM_CLASS:SUPERGOM_FINAL@1
 1738     0.00     1539.618        0.000        0.000              1        0.01        0.01    SUWCOU@1
 1739     0.00     1539.618        0.000        0.000              1        0.01        0.48    SUMETHOX@1
 1740     0.00     1539.618        0.000        0.000              4        0.00        0.00    EINT_MOD:DEALLO_SL_STRUCT@1
 1741     0.00     1539.618        0.000        0.000              1        0.01        0.01    SUAPL_ARPEGE@1
 1742     0.00     1539.618        0.000        0.089              1        0.01       88.65    SUPHY@1
 1743     0.00     1539.618        0.000        0.001              1        0.01        0.55    SUVWRK@1
 1744     0.00     1539.618        0.000        0.000              1        0.01        0.01    RRTM_CMBGB14_GPU@1
 1745     0.00     1539.618        0.000        0.000              1        0.01        0.01    SUVEXCS_MOD:SUVEXCS@1
 1746     0.00     1539.618        0.000        0.000              1        0.01        0.48    SUIAU@1
 1747     0.00     1539.618        0.000        0.000              1        0.01        0.01    SUALNUD@1
 1748     0.00     1539.618        0.000        0.000              1        0.01        0.01    INI_CST@1
 1749     0.00     1539.618        0.000        0.000              1        0.01        0.04    SUFRAME@1
 1750     0.00     1539.618        0.000        0.000              1        0.01        0.01    SUMSC@1
 1751     0.00     1539.618        0.000        0.000              1        0.01        0.01    SUSVEG_MOD:SUSVEG@1
 1752     0.00     1539.618        0.000        0.001              1        0.01        0.58    SPNG_MOD:SUSPNG@1
 1753     0.00     1539.618        0.000        0.000              1        0.01        0.01    INTDYNSL_MOD:SUINTDYNSL@1
 1754     0.00     1539.618        0.000        0.000              1        0.01        0.01    SUOPTPROMA@1
 1755     0.00     1539.618        0.000        0.000              1        0.01        0.01    SUALMDH@1
 1756     0.00     1539.618        0.000        0.000              1        0.01        0.01    SUGRIDA_FIXUP@1
 1757     0.00     1539.618        0.000     1538.221              1        0.01  1538221.28    CNT2@1
 1758     0.00     1539.618        0.000        0.000              1        0.01        0.01    SCORDO@1
 1759     0.00     1539.618        0.000        0.000              1        0.01        0.01    SUJFH@1
 1760     0.00     1539.618        0.000        0.000              1        0.01        0.01    radiation_aerosol_optics_data:set_types_GPU@1
 1761     0.00     1539.618        0.000        0.000              1        0.01        0.01    BALANC@1
 1762     0.00     1539.618        0.000        0.000              1        0.01        0.01    RRTM_CMBGB6_GPU@1
 1763     0.00     1539.618        0.000        0.000              1        0.01        0.01    FIELD_CONTAINER_BASE_MOD:GET_ACTIVE_FIELDS@1
 1764     0.00     1539.618        0.000        0.002              1        0.01        2.28    radiation_cloud_optics:setup_cloud_optics_GPU@1
 1765     0.00     1539.618        0.000        0.000              3        0.00        0.00    FANDAI_MT@1
 1766     0.00     1539.618        0.000        0.000              1        0.01        0.48    SUNUDGLH@1
 1767     0.00     1539.618        0.000        0.000              1        0.01        0.01    FAGOTE_MT@1
 1768     0.00     1539.618        0.000        0.000              1        0.01        0.01    SRTM_CMBGB23_GPU@1
 1769     0.00     1539.618        0.000        0.000              1        0.01        0.03    FACADE_MT@1
 1770     0.00     1539.618        0.000        0.000              1        0.01        0.01    SUJBSKTECV@1
 1771     0.00     1539.618        0.000        0.000              3        0.00        0.00    SURF_INQ@1
 1772     0.00     1539.618        0.000        0.000              1        0.01        0.01    SURRTRF_GPU@1
 1773     0.00     1539.618        0.000        0.000              1        0.01        0.01    radiation_config:consolidate_config_GPU@1
 1774     0.00     1539.618        0.000        0.000             10        0.00        0.00    SEAPRE@1
 1775     0.00     1539.618        0.000        0.000              2        0.00        0.01    FAIRNO_MT@1
 1776     0.00     1539.618        0.000        0.000              1        0.01        0.01    SUSAVTEND@1
 1777     0.00     1539.618        0.000        0.000              1        0.01        0.01    YOMLUN:FREE_LUN@1
 1778     0.00     1539.618        0.000        0.000             10        0.00        0.00    GFL_SUBS_MOD:SET_GFL_ATTR@1
 1779     0.00     1539.618        0.000        0.000              2        0.00        0.00    radiation_spectral_definition:allocate_bands_only_GPU@1
 1780     0.00     1539.618        0.000        0.000              2        0.00        0.00    DEALLOCATE_IF_ASSOCIATED_MOD:DEALLOCATE_IF_ASSOCIATED_INTEGER_1D@1
 1781     0.00     1539.618        0.000        0.000              1        0.00        0.34    SPGEOM_MOD:SUSMAP@1
 1782     0.00     1539.618        0.000        0.000              1        0.00        0.01    ELTRAN@1
 1783     0.00     1539.618        0.000        0.058              1        0.00       58.12    SUGRIDU@1
 1784     0.00     1539.618        0.000        0.000              6        0.00        0.00    FAINOC_MT@1
 1785     0.00     1539.618        0.000        0.026              1        0.00       25.87    SPEREE@1
 1786     0.00     1539.618        0.000        0.000             10        0.00        0.00    SUCSLINT@1
 1787     0.00     1539.618        0.000        0.001              1        0.00        0.57    SUSATSIM@1
 1788     0.00     1539.618        0.000        0.000              1        0.00        0.45    YOMGWDIAG:SETUP_GWDIAG@1
 1789     0.00     1539.618        0.000        0.000              1        0.00        0.00    SURWN_MOD:SURWN@1
 1790     0.00     1539.618        0.000        0.000              2        0.00        0.00    GRIB_API:IGRIB_GET_MESSAGE_SIZE@1
 1791     0.00     1539.618        0.000        0.001              1        0.00        0.70    MF_PHYS_SAVE_PHSURF_PART2_PARALLEL@1
 1792     0.00     1539.618        0.000        0.000              1        0.00        0.00    SURRTFTR@1
 1793     0.00     1539.618        0.000        0.000              1        0.00        0.01    class_nvar%auto_finish@1
 1794     0.00     1539.618        0.000        0.000              3        0.00        0.00    FADIEX_MT@1
 1795     0.00     1539.618        0.000        0.000              1        0.00        0.02    YOMCSGEOM:DEALLO_TCSGEOM_NB@1
 1796     0.00     1539.618        0.000        0.000              1        0.00        0.00    SUAERV@1
 1797     0.00     1539.618        0.000        0.000              1        0.00        0.00    SUSRTM_GPU@1
 1798     0.00     1539.618        0.000        0.000              1        0.00        0.00    IOSPECA_MOD:IOSPECA_FINISH@1
 1799     0.00     1539.618        0.000        0.000              1        0.00        0.00    SLCSET:SLEXPOLSETUP@1
 1800     0.00     1539.618        0.000        0.000              1        0.00        0.01    MODEL_MOD:MODEL_DELETE@1
 1801     0.00     1539.618        0.000        0.000              7        0.00        0.00    RECMWF_PARALLEL:2:NULLIFY@1
 1802     0.00     1539.618        0.000        0.000              1        0.00        0.01    SUSPECA_MAP_PART2@1
 1803     0.00     1539.618        0.000        0.000              1        0.00        0.02    SUPHLI@1
 1804     0.00     1539.618        0.000        0.000              1        0.00        0.00    MONVAR@1
 1805     0.00     1539.618        0.000        0.000              1        0.00        0.00    SUCOND@1
 1806     0.00     1539.618        0.000        0.000              9        0.00        0.00    INTDYN_MOD:SUPTR_TXYB@1
 1807     0.00     1539.618        0.000        0.000              1        0.00        0.01    ECRADFR@1
 1808     0.00     1539.618        0.000        1.187              1        0.00     1186.98    CSTA@1
 1809     0.00     1539.618        0.000        0.001              1        0.00        1.32    MF_PHYS_SAVE_PHSURF_PART1_PARALLEL@1
 1810     0.00     1539.618        0.000        0.000              1        0.00        0.30    IOGRIDA_MOD:IOGRIDA_COUNT@1
 1811     0.00     1539.618        0.000        0.000              1        0.00        0.00    class_nvar%finish@1
 1812     0.00     1539.618        0.000        0.000              4        0.00        0.00    FALIMU_MT@1
 1813     0.00     1539.618        0.000        0.000              1        0.00        0.01    YOMCSGEOM:DEALLO_TCSGEOM_B@1
 1814     0.00     1539.618        0.000        0.000              1        0.00        0.06    SUSPECA_FIXUP@1
 1815     0.00     1539.618        0.000        0.000              1        0.00        0.00    SUJBALPHACV@1
 1816     0.00     1539.618        0.000        0.000              2        0.00        0.00    DEALLOCATE_IF_ASSOCIATED_MOD:DEALLOCATE_IF_ASSOCIATED_INTEGER_2D@1
 1817     0.00     1539.618        0.000        0.000              1        0.00        0.00    FALSIFY_SURF_FLDS@1
 1818     0.00     1539.618        0.000        0.000              1        0.00        0.00    SRTM_CMBGB25_GPU@1
 1819     0.00     1539.618        0.000        0.000              6        0.00        0.00    radiation_aerosol_optics_data:set_hydrophobic_type_GPU@1
 1820     0.00     1539.618        0.000        0.000              1        0.00        0.00    GMV_SUBS_MOD:SETUP_T9@1
 1821     0.00     1539.618        0.000        0.000              4        0.00        0.00    CPTAVE_MOD:AVECLA@1
 1822     0.00     1539.618        0.000        0.000              3        0.00        0.00    IOMULTIBUF_MOD:IOMULTIBUF_SIZE_IDX@1
 1823     0.00     1539.618        0.000        0.000              1        0.00        0.00    YOMVERT:ALLOC_INIT_TVAB@1
 1824     0.00     1539.618        0.000        0.000              1        0.00        0.01    IOGRIDUA_MOD:IOGRIDUA_SELECT_WH@1
 1825     0.00     1539.618        0.000        0.000              1        0.00        0.00    SUAERH@1
 1826     0.00     1539.618        0.000        0.000              1        0.00        0.47    SUIOS@1
 1827     0.00     1539.618        0.000        0.001              1        0.00        0.51    EIGSOL@1
 1828     0.00     1539.618        0.000        0.000              1        0.00        0.01    SUSRAD_MOD:SUSRAD@1
 1829     0.00     1539.618        0.000        0.000              1        0.00        0.07    SUECHK@1
 1830     0.00     1539.618        0.000        0.000              3        0.00        0.00    "lfiomg_alts"@1:lfi_alts.c
 1831     0.00     1539.618        0.000        0.000              3        0.00        0.00    "lficas_alts"@1:lfi_alts.c
 1832     0.00     1539.618        0.000        0.000              1        0.00        0.29    IOGRIDA_MOD:IOGRIDA_SELECTDP@1
 1833     0.00     1539.618        0.000        0.000              2        0.00        0.00    FALSIF_MT@1
 1834     0.00     1539.618        0.000        0.000              2        0.00        0.00    YOE_SPECTRAL_PLANCK:FREE_SPECTRAL_PLANCK@1
 1835     0.00     1539.618        0.000        0.000              1        0.00        0.00    SUSURB_MOD:SUSURB@1
 1836     0.00     1539.618        0.000        0.000              1        0.00        0.00    SRFROOTFR_MOD:SRFROOTFR@1
 1837     0.00     1539.618        0.000        0.000              6        0.00        0.00    INTDYN_MOD:SUPTR_THWIND@1
 1838     0.00     1539.618        0.000        0.000              2        0.00        0.00    FAVEUR_MT@1
 1839     0.00     1539.618        0.000        0.000              1        0.00        0.00    FAGIOT_MT@1
 1840     0.00     1539.618        0.000        0.000              1        0.00        0.00    SUSRTCOP@1
 1841     0.00     1539.618        0.000        0.000              1        0.00        0.00    SUALSPA@1
 1842     0.00     1539.618        0.000        0.000              1        0.00        0.00    SUSRTAER@1
 1843     0.00     1539.618        0.000        0.000              1        0.00        0.00    BALBAK@1
 1844     0.00     1539.618        0.000        0.000              4        0.00        0.00    SUCFU:NEXTYPE1B@1
 1845     0.00     1539.618        0.000        0.000              1        0.00        0.00    SPECTRAL_FIELDS_MOD:SETUP_SPEC@1
 1846     0.00     1539.618        0.000        0.000              5        0.00        0.00    INTDYN_MOD:SUPTR_TXYBDER@1
 1847     0.00     1539.618        0.000        0.000              1        0.00        0.00    SUCLD@1
 1848     0.00     1539.618        0.000        0.000              2        0.00        0.00    AROINI_BUDGET@1
 1849     0.00     1539.618        0.000        0.000              1        0.00        0.00    SUDEFO_VV1@1
 1850     0.00     1539.618        0.000        0.000              1        0.00        0.00    SUSTHF_MOD:SUSTHF@1
 1851     0.00     1539.618        0.000        0.000              1        0.00        0.00    MODEL_MOD:MODEL_UNSET@1
 1852     0.00     1539.618        0.000        0.000              1        0.00        0.00    SUGRIDUA_MAP_PART2@1
 1853     0.00     1539.618        0.000        0.000              1        0.00        0.00    MF_PHYS_SAVE_PHSURF_PART1_PARALLEL:PART1:NULLIFY@1
 1854     0.00     1539.618        0.000        0.000              1        0.00        0.00    FAREGI_MT@1
 1855     0.00     1539.618        0.000        0.000              2        0.00        0.00    INTDYNSL_MOD:SUPTR_TRSCAW@1
 1856     0.00     1539.618        0.000        0.000              2        0.00        0.00    FAVORI_MT@1
 1857     0.00     1539.618        0.000        0.000              2        0.00        0.00    MFIOOPTS_MOD:MFIOOPTS_GETOPTS@1
 1858     0.00     1539.618        0.000        0.000              2        0.00        0.00    "lfinmg_altm"@1:lfi_altm.c
 1859     0.00     1539.618        0.000        0.000              4        0.00        0.00    INTDYN_MOD:SUPTR_TRCP@1
 1860     0.00     1539.618        0.000        0.000              1        0.00        0.00    GSTATS_OUTPUT_IFS@1
 1861     0.00     1539.618        0.000        0.000              2        0.00        0.00    IOMULTIBUF_MOD:IOMULTIBUF_INIT_IDX@1
 1862     0.00     1539.618        0.000        0.000              3        0.00        0.00    GRIDPOINT_FIELDS_MIX:HUGIFY_ENDGRID@1
 1863     0.00     1539.618        0.000        0.000              4        0.00        0.00    INTDYN_MOD:SUPTR_TCTY@1
 1864     0.00     1539.618        0.000        0.000              1        0.00        0.01    IOGRIDUA_MOD:IOGRIDUA_COUNT@1
 1865     0.00     1539.618        0.000        0.000              1        0.00        0.00    IOSPECA_MOD:IOSPECA_VSETOFF@1
 1866     0.00     1539.618        0.000        0.000              3        0.00        0.00    DEALLOCATE_IF_ALLOCATED_MOD:DEALLOCATE_IF_ALLOCATED_REAL64_1D@1
 1867     0.00     1539.618        0.000        0.000              2        0.00        0.00    SU_CLOP550@1
 1868     0.00     1539.618        0.000        0.000              1        0.00        0.00    SUPTRGPPC@1
 1869     0.00     1539.618        0.000        0.000              1        0.00        0.00    YEMLBC_INIT:SUELBC_INIT@1
 1870     0.00     1539.618        0.000        0.000              2        0.00        0.00    "lfinmg_alts"@1:lfi_alts.c
 1871     0.00     1539.618        0.000        0.000              1        0.00        0.00    UPDTIER@1
 1872     0.00     1539.618        0.000        0.000              1        0.00        0.00    FAAUTO_MT@1
 1873     0.00     1539.618        0.000        0.000              1        0.00        0.00    IO_SERV_EXIT@1
 1874     0.00     1539.618        0.000        0.000              1        0.00        0.00    SUXIOS@1
 1875     0.00     1539.618        0.000        0.000              2        0.00        0.00    GMV_SUBS_MOD:SETUP_T0@1
 1876     0.00     1539.618        0.000        0.000              1        0.00        0.00    SUHDIR@1
 1877     0.00     1539.618        0.000        0.000              2        0.00        0.00    INTDYNSL_MOD:SUPTR_TLSCAW@1
 1878     0.00     1539.618        0.000        0.000              2        0.00        0.00    FX2T@1
 1879     0.00     1539.618        0.000        0.000              1        0.00        0.00    FP_SERV_EXIT@1
 1880     0.00     1539.618        0.000        0.000              1        0.00        0.00    SUGRIDA_FIX_TOZ@1
 1881     0.00     1539.618        0.000        0.000              1        0.00        0.00    SU3YOM@1
 1882     0.00     1539.618        0.000        0.000              1        0.00        0.00    SURAYFRIC@1
 1883     0.00     1539.618        0.000        0.000              1        0.00        0.00    INI_SPP@1
 1884     0.00     1539.618        0.000        0.000              2        0.00        0.00    IOGRIDA_MOD:ROZO@1
 1885     0.00     1539.618        0.000        0.000              2        0.00        0.00    DEALLOCATE_IF_ALLOCATED_MOD:DEALLOCATE_IF_ALLOCATED_INTEGER_1D@1
 1886     0.00     1539.618        0.000        0.000              1        0.00        0.00    MTRAJ_MOD:MTRAJ_DELETE@1
 1887     0.00     1539.618        0.000        0.000              1        0.00        0.00    MF_PHYS_SAVE_PHSURF_PART2_PARALLEL:PART2:NULLIFY@1
 1888     0.00     1539.618        0.000        0.000              1        0.00        0.00    INI_TURB@1
 1889     0.00     1539.618        0.000        0.001              1        0.00        0.65    SUFIELD_API@1
 1890     0.00     1539.618        0.000        0.000              1        0.00        0.00    SUJBECPHYSECV@1
 1891     0.00     1539.618        0.000        0.000              1        0.00        0.00    SUSPVARIABLES@1
 1892     0.00     1539.618        0.000        0.000              1        0.00        0.00    IOSPECA_MOD:IOSPECA_COUNT@1
 1893     0.00     1539.618        0.000        0.000              1        0.00        0.00    MODIFY_WV_CONTINUUM@1
 1894     0.00     1539.618        0.000        0.000              1        0.00        0.00    INTDYNSL_MOD:SUPTR_TSCO@1
 1895     0.00     1539.618        0.000        0.000              1        0.00        0.00    SUGRIDA_FIXUP:SUGRIDA_FIX_LSM@1
 1896     0.00     1539.618        0.000        0.000              1        0.00        0.00    SUGRIDA_FIXUP:SUGRIDA_FIX_SURFANALYSISMASK@1
 1897     0.00     1539.618        0.000        0.000              1        0.00        0.00    YOMCST:TCST_INIT@1
 1898     0.00     1539.618        0.000        0.000              1        0.00        0.00    SU1YOM@1
 1899     0.00     1539.618        0.000        0.000              1        0.00        0.00    INI_CONVPAR0@1
 1900     0.00     1539.618        0.000        0.000              1        0.00        0.00    LFICOM:NEW_LFI@1
 1901     0.00     1539.618        0.000        0.000              1        0.00        0.00    GMV_SUBS_MOD:SETUP_T1@1
 1902     0.00     1539.618        0.000        0.000              1        0.00        0.00    SUTRAJP@1
 1903     0.00     1539.618        0.000        0.000              1        0.00        0.00    SUDEFO_TSTEP@1
 1904     0.00     1539.618        0.000        0.000              1        0.00        0.00    SUAERL@1
 1905     0.00     1539.618        0.000        0.000              1        0.00        0.00    SUOVLP@1
 1906     0.00     1539.618        0.000        0.000              1        0.00        0.00    INTDYN_MOD:SUPTR_TTND@1
 1907     0.00     1539.618        0.000        0.000              1        0.00        0.00    SUSCST_MOD:SUSCST@1
 1908     0.00     1539.618        0.000        0.000              1        0.00        0.00    SU2YOM@1
 1909     0.00     1539.618        0.000        0.000              1        0.00        0.00    MODULE_RADTC_MIX:SUPTRTC@1
 1910     0.00     1539.618        0.000        0.000              1        0.00        0.00    SRTM_KGB26@1
 1911     0.00     1539.618        0.000        0.000              1        0.00        0.00    SUIOSTREAM@1
 1912     0.00     1539.618        0.000        0.000              1        0.00        0.00    TYPE_ECV:INITIALIZE_ECVDIM@1
 1913     0.00     1539.618        0.000        0.000              1        0.00        0.00    IOSPECA_MOD:IOSPECA_START@1
 1914     0.00     1539.618        0.000        0.000              1        0.00        0.00    SUSFLAKE_MOD:SUSFLAKE@1
 1915     0.00     1539.618        0.000        0.000              1        0.00        0.00    GMV_SUBS_MOD:SETUP_GP@1
 1916     0.00     1539.618        0.000        0.000              1        0.00        0.00    SUVEXC_MOD:SUVEXC@1
 1917     0.00     1539.618        0.000        0.000              1        0.00        0.00    SRTM_CMBGB26_GPU@1
 1918     0.00     1539.618        0.000        0.000              1        0.00        0.00    SUCST_IFSAUX@1
 1919     0.00     1539.618        0.000        0.000              1        0.00        0.00    SURDI@1
 1920     0.00     1539.618        0.000        0.000              1        0.00        0.00    INTDYN_MOD:SUPTR_TGFLT@1
 1921     0.00     1539.618        0.000        0.000              1        0.00        0.00    INTDYN_MOD:SUPTR_TGMVT@1
 1922     0.00     1539.618        0.000        0.000              1        0.00        0.00    GMV_SUBS_MOD:SETUP_PH9@1
 1923     0.00     1539.618        0.000        0.000              1        0.00        0.00    INTDYNSL_MOD:SUPTR_TCCO@1
 1924     0.00     1539.618        0.000        0.000              1        0.00        0.00    INI_CONVPAR1@1
